2.038776447802547853e+00 2.259751063563455731e-01 1.344755515384085998e+00 2.256472033477230354e+00
2.303709343761161765e+00 1.931412691749106736e-01 6.543299716874513283e-01 2.570128928218482045e+00
7.363630811379658914e-01 1.385919976476585880e-01 3.235554519048909894e-01 2.804377260288929197e+00
1.772370139330405325e-01 1.569329457856507126e+00 1.474500530900398454e+00 1.588904137526351956e+00
3.011122635360029776e+00 1.721808424622392586e+00 2.021122793721434885e+00 1.523096986222748805e+00
1.498975054205124335e+00 1.792492416027003710e+00 2.756002731642860581e+00 2.153912594618177412e+00
1.211308718013306557e-01 1.712245738175327325e+00 8.148994647481010434e-01 5.745947321492862470e-01
1.008913335685293955e+00 1.277855689837054332e+00 1.670224735727391829e+00 3.063886870097944026e+00
2.477835507645915314e+00 1.260557883139830526e+00 2.940003125550054719e-01 2.096268988845401804e+00
4.688319652266905724e-01 1.670739673491631105e+00 4.096536480697162141e-01 1.094485886468724023e-01
2.993454070943684098e+00 1.466783316213918109e+00 2.263232716278444023e+00 2.510932984408868140e+00
1.726637441823918540e+00 1.492128443034513197e+00 1.707121818046851036e+00 5.483977989877609760e-01
2.046280923750882774e+00 1.992380486002597983e+00 2.737938241618933510e+00 6.034927734899061536e-01
1.539969137884776851e+00 3.090688800830653449e+00 9.977023055646767891e-02 1.925460947655731614e+00
2.779565621317451551e+00 7.873842049980789293e-01 1.438021360869317977e+00 2.048516039736046901e-01
3.013312934852172553e+00 8.957906863851201607e-01 3.013681116823485162e+00 2.425936438285887675e+00
7.333616951129765527e-01 1.293129468171094532e+00 2.252452168513908948e+00 2.239521977982275036e+00
8.501211580827267023e-01 9.402848632090196057e-01 1.469990536259883296e+00 4.407847823916539176e-01
1.063037335160672336e+00 1.199786578900392975e+00 1.233936134021666797e+00 7.243460963564644084e-01
2.731407910726165067e+00 1.836213318808782580e+00 2.501405550387103993e+00 5.983631802596608429e-01
2.975600373503318741e-01 7.726650974370427583e-02 8.876355016327150960e-01 6.437164431267704268e-02
1.540059485368791004e+00 1.814958754776309358e-01 1.402262359841355721e+00 9.402982995026879509e-01
8.013002542481734158e-01 1.172485033238966690e+00 1.832034660212594313e+00 2.739985743773751814e-01
8.027792953495366257e-01 1.281976599420213248e+00 2.658614627274198838e+00 7.805234067561444000e-01
2.161127178878981425e+00 1.131169852157087208e+00 6.204248575632950735e-02 3.718345701718801521e-01
3.015546552677106917e-01 1.679999449882338736e+00 1.795094072804683805e+00 2.743110583604600361e+00
2.157049970001218231e+00 2.788385474351522397e+00 1.166742742762486573e+00 2.109446243211892114e+00
1.849078903701316223e+00 7.907506354036770713e-01 7.325452580569972172e-01 1.657895993807795287e+00
3.055475128696235387e+00 1.865704387943042830e+00 9.338579099622279500e-01 1.084838196419373624e+00
2.798051419247595373e+00 1.211692589474760551e+00 2.769552604121445771e+00 2.735623269272042357e+00
6.811677421998174609e-01 1.126231192719893831e-01 2.500421087937870102e+00 1.180242375984196457e+00
1.472990222436571850e+00 3.167271217812360207e-01 1.463160231172231818e+00 2.039857956247935977e+00
2.989268621442079610e+00 2.991583189905313578e+00 1.539622025704404429e+00 1.829379269026351063e+00
2.810821511861495647e+00 1.240627146211128323e-01 1.422294423748307057e+00 8.566726378098619143e-01
2.844930682660384846e+00 2.733016359428547482e+00 2.226882288206070815e+00 2.589590850055005333e+00
3.167397670507342555e-01 6.594728685001617352e-01 1.766394086934511609e+00 2.535406444036886420e+00
2.117110543747916740e+00 2.668344869738845659e+00 1.689714757460477834e+00 1.337850327014164398e+00
3.215684996414259200e-01 2.719595818637916551e+00 2.079661466616008703e+00 3.088840570905042604e+00
1.808991894635105790e+00 1.263805229341503189e+00 2.171223919247992740e+00 2.823123659166828059e+00
1.609064294430939401e-01 1.902726643602838497e+00 2.765422615976122600e+00 2.894023372223157420e+00
1.255861960080523865e+00 2.865968413259254888e+00 1.583173727778452333e+00 1.352558248925649353e+00
2.392836287586475486e+00 1.301698219914822152e+00 2.549812240474912617e+00 2.071687191701142350e+00
1.282535777802809696e+00 2.024854796419321090e+00 2.642586898088211012e+00 2.837959212813785825e+00
1.995559031264535044e+00 2.142152479968674417e+00 1.953926907853552830e+00 2.692249362979588057e+00
4.574425240966689676e-01 2.615236643976805997e+00 1.343913829544167271e+00 1.234722353936120287e+00
4.385774132422159965e-01 3.071361372317876537e+00 1.604001882969435355e+00 2.905342843307714862e+00
3.371583863512051527e-01 1.390972916614410693e+00 2.580549002381053558e+00 2.551547737515816650e+00
2.699445034626214657e+00 2.668152867897802594e+00 1.351784204405997780e+00 1.697658284750419133e+00
1.261128061611152873e+00 7.322530857842097785e-01 1.951270369088094814e+00 2.968960017195272805e+00
2.270475017901606163e-01 7.758103866938886872e-02 6.080018962097832880e-01 2.933741686997669795e+00
2.823844049704530512e+00 7.738968719207995894e-01 7.541381385870876697e-01 1.525981116600325205e+00
4.596464735075659336e-01 1.276450950117030969e-01 1.595157385838574360e+00 2.397134903197063682e+00
1.590111096587256911e+00 2.160345210779077263e+00 3.323245831330163269e-01 1.953103214050276426e+00
1.773914205426247337e+00 1.015412782592683749e+00 2.087135306244482180e+00 2.108918463178516056e+00
2.242144004347343067e+00 2.824629714374216505e+00 2.670063028981941144e+00 2.427036890379820733e+00
2.511554408772777247e+00 1.650737261727511562e+00 2.852522195944087624e+00 2.247217449550911628e+00
3.017673150765684209e+00 2.230133974407664699e+00 3.039391080318858851e+00 1.217118104669026035e+00
1.073735395382732660e+00 3.079948976761146096e+00 3.785199723525207727e-01 1.778647510254145025e+00
8.384518178184383608e-01 1.208971892347352473e+00 1.018287603546923048e+00 2.223737969802927594e+00
2.555572861624532788e+00 1.728343671667372128e+00 2.563218710742320106e+00 2.791540421841697928e+00
1.033496762940361524e+00 2.316756748995173698e+00 1.890036776126161611e+00 8.100550574755673860e-01
6.062533623511040526e-01 1.513859561491583294e+00 2.145081327062317023e+00 2.058251155104091179e+00
1.047251630062133509e+00 7.300336588615682354e-01 2.098534415864584002e+00 7.804487475032955146e-01
8.716734951916303986e-01 2.636561619216581498e+00 1.646874807192304946e+00 2.379266733210402052e+00
9.315204740327980015e-02 1.963837595013696369e+00 1.820031748085967349e+00 9.975535712592704662e-01
3.564914755691053760e-01 2.311975667943279245e+00 1.739728730107428095e-02 3.617537683998137688e-01
2.343018984118162784e+00 1.838164626961245940e+00 1.769311924408430992e+00 6.323202044294891078e-01
1.125287878865736391e-01 1.323083424205261371e+00 2.824327543367273208e+00 5.193919470583668874e-02
8.147994522314566668e-01 1.758307943495087233e+00 1.273580607386487706e+00 2.303209207746485188e+00
1.692591835235492059e+00 2.343146425262911059e+00 2.043568306706771143e+00 1.654020825259203964e-01
1.250329168565687432e+00 2.827889148760917237e+00 5.898599084456424002e-01 2.783081459695802007e+00
2.832575713873356271e+00 2.398124314822819514e+00 2.528719190463700528e+00 8.212035574248541803e-01
3.016738562504317045e+00 2.583482995448740827e+00 5.285428107396601405e-01 7.781844017348446552e-02
2.545285863288285544e+00 8.117660661179443293e-01 2.092316068013210018e+00 8.534179401637678186e-01
5.592520810509223894e-01 2.157420495772292668e+00 2.612360841275973122e+00 2.821378908551340547e+00
3.677062354593015892e-01 6.152609263463731937e-01 9.263914765026495246e-01 2.439549911257576476e+00
4.853166087100235226e-01 8.417463509030076452e-01 5.366148335148818171e-01 4.366602888461194876e-02
1.435606118730087810e-01 2.182660706878321033e+00 5.228175199357727454e-01 4.200344837916644147e-01
2.265485924880608071e+00 1.160118166632897879e-01 2.339670154120858658e+00 1.672104429104090961e+00
3.038149932703211320e+00 1.278189142744101447e+00 3.924303971234363031e-01 2.332696103810738997e+00
2.937551717534434115e+00 1.402014430409399326e+00 1.700532037095717541e+00 1.056500251892661835e+00
1.669894920447278164e+00 2.762913299077409235e+00 6.971762403843119182e-01 4.331818019640854001e-01
2.551005774200181708e+00 1.570176672333174483e-01 7.645453950204545990e-01 2.822193603619917113e+00
1.269831996139481722e+00 3.152266622995464895e-01 1.892800687642651747e+00 2.963130051084589933e+00
1.024256003581133501e-01 1.048549592659162144e+00 2.821803174621448473e+00 2.746378965514010950e+00
1.156034675870427852e+00 1.368382750382198365e+00 7.648292688041601339e-01 1.124553864823429672e+00
1.493979506769751886e+00 4.697026139186205596e-01 1.067248617421099555e+00 5.771517838280114665e-01
6.490610750499574699e-01 9.790891713925138351e-01 7.967527925012938272e-01 6.983117500285268564e-01
1.331209817333556478e+00 7.047421494560379696e-01 4.106842120070113289e-01 1.772089145847841607e+00
2.030064946976990914e+00 7.606620009490636658e-01 1.985400999084521390e+00 1.195771688835413959e+00
1.330782108667130537e+00 2.196482283490278853e+00 1.817994265659290010e+00 1.305984862760384502e+00
3.738989915549023046e-01 2.785660834364592997e+00 1.492532907879138504e+00 3.605293510990160710e-01
1.673430264829416814e+00 1.681525575396486838e+00 2.269209391755084848e+00 3.061564404311193588e+00
1.621775720676517762e+00 3.042312216109136713e+00 2.491692923662242265e+00 3.137232678280848841e+00
2.763596609343249799e+00 3.118180533105136210e+00 2.723699933276528373e+00 1.380259594888681329e+00
6.560517795695912646e-01 2.062640253084103925e+00 2.529163375602990982e+00 1.563609396825807796e+00
2.659993555319385639e+00 2.402620021887734492e+00 4.899867389641179294e-01 1.859825156116361011e+00
3.067816521670064578e+00 1.357261963677381056e+00 1.073174257754658578e+00 1.501752841742650113e-01
1.169895861143558369e-01 8.514474339184108231e-01 2.656151297313565696e+00 3.083396197587648491e+00
2.922190642748240030e+00 1.600412886619842601e+00 1.058335888640015154e+00 5.743585519701660536e-01
3.106897919437042965e+00 1.155044965190181960e+00 1.413666684496691861e+00 2.927834031947606608e+00
8.843849108681229865e-01 1.715251471912259795e+00 2.924487437623453090e+00 4.379907567741133101e-01
1.862956788068748537e+00 2.695481398711489174e+00 2.871872512846872727e+00 2.309994632048857355e+00
2.432375773656244800e+00 2.428352893683767721e+00 2.484417403628344623e+00 3.093252186464785058e+00
1.492011094511874747e+00 1.524989261574383859e+00 3.071147257301327649e+00 8.065708855081070716e-01
2.943061033174199537e+00 2.499829804009794654e-01 1.031641359342110986e+00 2.522089017408313261e+00
1.344428365376902024e+00 7.727864799507725424e-01 2.622109096104285886e+00 1.316808937769204713e+00
4.604682135654075692e-01 1.876281187450422605e+00 2.515641763347351567e+00 4.739448963759757549e-01
2.049669864198334412e+00 2.523207640702881172e+00 2.243787579155080092e+00 2.710031064768096964e+00
7.932324326539302861e-01 1.445300195269030530e+00 1.458582510799135978e-01 2.519712189608068975e+00
3.387423492412137693e-01 1.836328061785676535e+00 1.119366225575002760e+00 2.875310097549901855e-01
1.073503841909002610e+00 1.997641471068089203e+00 3.090900699781977679e-01 7.810228389964725126e-01
1.755759453435815631e+00 9.609647004931936021e-01 1.385089866842242223e+00 3.099248251164810952e+00
3.033415621813700724e+00 2.615136472643009302e+00 1.661315892698148167e+00 1.950261626423054895e-01
1.343346060303050482e+00 1.013475470217087171e+00 1.926532090756972737e+00 2.062380276688152492e+00
2.893988490492840793e+00 2.632827779150237468e+00 2.057483940570212777e+00 1.264460790825438496e-01
1.126576192341928850e+00 4.092822708860131553e-01 1.561862938199926609e-01 1.145266109167880186e+00
2.608390826844148691e+00 1.483235885504722296e+00 1.720884595829137442e+00 2.333581831734192313e+00
2.714028299563516988e+00 3.017195302712714966e+00 1.899311880560106358e+00 2.758205125409396441e+00
1.072935073785314719e+00 2.005117382457140440e+00 2.179990519321108045e-01 1.440400316398077751e-01
1.909148274751230279e+00 2.410264948182705869e+00 1.141278649261447953e+00 1.421003347992845223e+00
1.438419032927634511e+00 2.120321568732587370e+00 1.946331427484627508e+00 6.977660024682452722e-01
8.806254339372884266e-01 2.382548886099979057e+00 8.152618075517766849e-01 2.373111955220169378e+00
1.348502926732086715e+00 4.645570230363493813e-03 1.122531393190654203e+00 3.011492012248217609e+00
2.259032243174444510e+00 2.392616539147343513e+00 2.831038277064989117e+00 2.266256100675010376e+00
2.132507446897445647e+00 1.849487221109998414e+00 1.041398991461260248e+00 7.870879646378148298e-01
3.998299500902979808e-01 8.712831880726680522e-02 4.177589281461279724e-01 1.049600171224504663e+00
1.728882717623163146e+00 7.902983521315690707e-01 1.766982580397739921e+00 3.098361990880622585e+00
2.696870133188651320e+00 1.011244297518650193e+00 5.466947558340591318e-01 5.334168927845799324e-01
2.650355986785770668e+00 2.577407073230017165e+00 2.169842717949376887e+00 1.751409216820865034e+00
1.874514832768200856e+00 4.847053917351554220e-01 3.451938174597090625e-01 6.940907181355725486e-01
7.203196592128064957e-01 1.448661144908269804e+00 2.809509489388435810e+00 1.068023361584860220e+00
9.350571087504210288e-01 2.956232730796914510e+00 1.098532481795785110e+00 4.888349546694499836e-01
9.192827631577019654e-01 2.415827714773216339e+00 2.940792130622979617e+00 1.143086292789792680e+00
1.365076278482684202e+00 3.373803121861185805e-01 2.672598246677431622e+00 2.752367097698596776e+00
4.329806531431022454e-01 1.819971783011032462e+00 2.820740186606578881e+00 1.116392645683864648e+00
1.607506076417705376e+00 1.795542879679696169e+00 2.856901417872303117e+00 2.755924415041274056e+00
3.588976253493726953e-01 5.652792081147191006e-01 2.573638970337018161e+00 2.832864145774744102e+00
9.540242123713507105e-01 1.816838392187563045e+00 1.277218895609809834e+00 1.971868147839530350e+00
4.082194375827425392e-01 1.947162380144548122e+00 5.173277378570966256e-01 2.638409688684197452e+00
4.149805000628492002e-01 1.752143256609373312e+00 8.490802468463659602e-01 1.987085752020463003e+00
8.655746756640055883e-01 2.856682489284289250e+00 2.652080851033690401e+00 2.441873833821606166e+00
4.051282668517398600e-01 2.464575396702863852e+00 5.548570506774086475e-01 2.665575806957152682e+00
5.667354673382815067e-01 2.297138558047969958e+00 2.490912102466253941e+00 2.452475245577770760e-02
2.355415658441505578e+00 1.801465198463247042e+00 5.731755274109148757e-02 5.806797318461381918e-01
3.118339814632114848e+00 3.010317270056669603e+00 1.888021425541919651e+00 4.373452222902275421e-01
1.650313270675340727e+00 2.774389192975442953e+00 3.208781358578415843e-01 1.654058087732780180e+00
2.344298498381327089e+00 2.427800737880123183e+00 3.144169525162282541e-01 7.395909405066594111e-01
2.530439098027376765e+00 1.788197516063015913e+00 2.474729326462097312e+00 2.964947841801545358e+00
2.986452099616999867e+00 2.386444887842439133e+00 1.841434244515143259e+00 3.129291936922380835e+00
3.092911746795006800e-01 1.911910902285346436e+00 2.802317865838023447e+00 2.732745809672009418e+00
3.193287532730796907e-01 3.062585663287965776e+00 2.080127978389600951e+00 2.101852487183652585e+00
2.748337359855155704e+00 1.436533034655887553e+00 2.965447443101157265e+00 1.247950129865586399e+00
7.359243582817172058e-01 2.225250081664702950e+00 2.623428250988528276e+00 5.470035848016099322e-01
2.422794749193241337e+00 2.850625262581550245e+00 2.162528834845632186e+00 3.392781127378863282e-01
2.870076444617291500e+00 4.051531756263843653e-01 2.919360477483669225e+00 2.782564320311325723e+00
1.571248239150040638e+00 1.049112912797060426e+00 7.669706909125413308e-01 2.205350966957975167e+00
7.082059868158703253e-01 7.444684531669369942e-01 2.561198729886106307e+00 3.966501011723061465e-01
2.859438517683918768e+00 2.790880530269287174e+00 2.167997238531240989e-01 2.207779997146220641e+00
2.272276085786432809e+00 2.823858387364436062e+00 2.014907242523133579e+00 8.134572063773819472e-01
2.121616050124583097e+00 3.032200548993881029e+00 1.639381742719385304e+00 2.879723037294792398e+00
2.695376909373114138e+00 1.845757239857816145e+00 2.563927628561692540e+00 1.777854099366716234e+00
1.162382738240825830e+00 2.329211834995174701e+00 8.689418733073424050e-01 2.042364654507446975e+00
4.893123772613827693e-01 1.528240329306216116e+00 1.554062018132573053e+00 2.656232412617308913e+00
2.912797631819383781e+00 1.324769155013153954e+00 1.547737864368441851e+00 1.409291877904814694e+00
1.184041353311070743e+00 2.960503548332618085e+00 2.744308999758616530e+00 2.117677842394644905e-01
1.219024185924221015e+00 9.736583253202857335e-01 1.178940512810208396e+00 1.199037310971659664e+00
1.180988868378060885e-01 2.076127381708205544e+00 1.237061345766900633e+00 1.527300629118437669e+00
1.156611883758191794e+00 1.838902250852697540e+00 1.659722714626501228e+00 1.452055590043078714e+00
2.191530768788671590e+00 1.157316467466446230e+00 1.588407183654678478e+00 7.939897306613170613e-01
8.806624563169068720e-01 1.564895453466993658e+00 2.427198410909498172e+00 1.322218552286954951e+00
2.350891397898571267e-01 1.556413005774130776e+00 2.252723383088160336e+00 4.742796122430146810e-01
1.919909254125836462e+00 3.538803235297544730e-02 3.791666214222340070e-01 2.935878019852961263e+00
3.670145210718541717e-01 2.710245006586642802e+00 2.343307343279080524e+00 8.769837957436619202e-01
1.048232293632061163e+00 2.731340722894950002e+00 1.612723229720237406e+00 6.765236760013915163e-01
1.777062245882689573e-01 2.786977130059109076e+00 8.782587801590798771e-01 1.500185355408294674e+00
2.974569263997043134e+00 1.976534283139245618e+00 5.953426234987909682e-01 2.663265129168557177e+00
4.106935566184142794e-01 1.985482727753725030e+00 2.537372927438401593e+00 9.133376199311626920e-01
2.457055696044786686e+00 3.193155151694145044e-02 2.409203066130768622e+00 8.916098450388934560e-02
1.315523537844617730e+00 1.731465139989433855e+00 1.169319553833497588e-01 1.908583176601680975e+00
1.001969997122052369e+00 9.375815828482072511e-01 1.818060479497122683e+00 4.540234312160587593e-01
2.042970928143366116e+00 8.541962585071203318e-01 2.921632680658620806e+00 4.303491845650707082e-01
1.116306596849813815e+00 2.844926266343768440e+00 2.606811964077084376e+00 1.961807336772980026e+00
2.738853148451722674e+00 2.864962425264864443e+00 3.605925155915243874e-01 2.321623165704775449e+00
4.897231162245112568e-01 1.752547491514260924e+00 4.315171852299756194e-01 2.188940705916203822e+00
8.654242443375631533e-01 8.756308822243450418e-01 1.504094156500045631e+00 3.137014923440402558e+00
1.504343161515511174e-01 1.772125020425026287e+00 2.787842658362490234e+00 2.803681523010514542e+00
9.160815491165963387e-02 2.545983303053905189e+00 1.105166904886500268e+00 1.921167794651076122e+00
4.711727410018969053e-02 1.346594888913223542e+00 1.673674444709735587e+00 1.686223292977060417e+00
8.863477217573433320e-01 8.998627986006686452e-01 2.177724544888061331e+00 2.832084152803685306e+00
2.120372237832326867e+00 2.329446799734255169e+00 6.403937787270276294e-01 2.344299318174183633e-01
1.199129631460819495e-01 1.046828162119455730e+00 4.719978324256142721e-01 7.297094091964818618e-01
5.331001672875225195e-01 1.507209329577168022e+00 1.955942037379880594e+00 1.945678137030342647e+00
1.003052381036211971e+00 6.079852956846782952e-01 3.102621637645245123e+00 8.283577883690845800e-01
1.763549902591383667e+00 3.980307025260998444e-01 2.243229342560344008e+00 1.104498005671478600e+00
2.057374111552690454e+00 1.117645496858165277e+00 2.950777351693820272e+00 1.421792782955044299e+00
7.983713988691264474e-01 9.787767025234643814e-01 3.935830809803957386e-01 3.110899185149835211e-01
7.790976920155531227e-01 2.776376401828015705e-01 9.210519441964390985e-01 1.669801343634089053e+00
2.568257011940146217e+00 1.464813443785878633e+00 9.732704477572080848e-02 1.620577723042586848e+00
5.512434455725121474e-01 1.692769362423649504e+00 2.926195452527368346e+00 9.218943863285283813e-01
1.435613588645827443e+00 7.550195219895480259e-01 3.015955185893842039e+00 1.796946662080810109e+00
1.430341455865655531e+00 2.782476984230261241e+00 5.517198372305788245e-01 2.911802652497321731e+00
2.914211630876243131e+00 2.592921046270176610e+00 2.958109833449508175e-01 7.192397205632212742e-01
2.593552809240234236e+00 3.112884482070223058e+00 2.630666890420076065e+00 2.931370378622994100e+00
2.151996439655121662e+00 2.290124012850543456e-01 3.006821020217021356e+00 2.003177028476861299e-01
1.211565318717668260e+00 1.896666125802771719e+00 4.242351105812864343e-01 7.451273815006433932e-01
1.825117518270335415e+00 1.192166653751982608e+00 1.833649727123523698e+00 4.185965441140400700e-01
1.400065300744389285e+00 2.667211968493336194e+00 1.737613408674420379e+00 2.971224170575614831e+00
9.122132914814913562e-02 2.589239641721316598e+00 2.414640882262773403e+00 1.294246132827210904e-01
1.016183360493235543e+00 1.610305514137134297e+00 2.969001808065120152e+00 1.866860495118054519e+00
1.704790801040457771e+00 2.138422058236400858e+00 2.712130761701962545e+00 1.422801595048165613e+00
4.372815227552602213e-01 2.968680776572641733e+00 2.802705668878671119e+00 1.703413194743601755e+00
2.679373821473631345e+00 1.605568592995866961e+00 9.673205721502161625e-01 2.417318091977847860e+00
1.078772128536197084e+00 2.973809629020865319e+00 2.982187800713784309e+00 1.872063198469072542e+00
1.781746198063304254e+00 2.693421941747260462e+00 3.116074705861264338e+00 2.517721068040182697e+00
2.672240371335072862e+00 8.709905466029144172e-01 1.145804557998926887e+00 1.940116407032364654e+00
2.607336272175237446e-01 1.976319627514717014e+00 5.645449072308958982e-01 2.831195704767917931e+00
1.992869630434269457e+00 5.978627551545311336e-01 2.172794162739473123e-01 1.605831156861002862e+00
1.603894016379731946e+00 4.118425692093445889e-01 6.793797266840097271e-02 2.030571429747956458e+00
6.565341391463248577e-01 2.729335408433539722e+00 1.149624105164867460e+00 1.444966060621972304e+00
2.880767162597730024e+00 1.766694994763752691e+00 1.052325049459624240e-01 2.509140124313642417e-01
2.581633727850888071e+00 4.720131358408262701e-01 5.837125544356142059e-01 7.392070634349064973e-01
9.396690132288785247e-01 7.668711824085087114e-01 2.728314930968930518e+00 1.646356140253896649e+00
2.953436532243984836e+00 1.450149658037742650e+00 1.589030669978285459e+00 4.878301051102788555e-01
7.571688360797147466e-01 5.607349551336934246e-01 2.760356510255749907e+00 1.583800711325849431e+00
1.287303781507489697e+00 1.878136120266538978e+00 1.341987093963853184e+00 3.060363039572799870e+00
1.617533167001247385e+00 2.517931589521202884e+00 1.368945729416721990e+00 3.138359960521285963e+00
2.320725429311811805e+00 4.810094486656837365e-01 2.921393868985334930e+00 2.777994642672197312e+00
3.052197186038638765e+00 2.139078733507487673e+00 1.007202882454496240e-01 1.967065385482094531e+00
1.513499314505986348e-01 1.434039802525513663e+00 6.046057487111188289e-01 1.757193841309966920e-01
1.816993317449070000e+00 2.548890585521067731e+00 2.894877245668564747e+00 2.454683266156203469e+00
2.408481092292836134e+00 1.345616992615464580e-01 6.606898373520625478e-01 4.964700832099358530e-01
2.496643105314684252e+00 1.348434992646654562e+00 1.914001369935755870e+00 2.972911431809066585e+00
1.653830074276565920e+00 2.954954557707844209e+00 2.432565420645647514e+00 2.003645418071554385e+00
2.161580627290395462e+00 1.870607382633177274e+00 1.897732395226861213e+00 1.261564180641007171e+00
2.422483410144374183e+00 9.376972189532592483e-02 2.383992059769119098e+00 2.501768259030452857e+00
2.206556984008043898e+00 1.506203554132929723e+00 6.317635593108975600e-01 1.707706489669120087e+00
5.271834299970707960e-01 7.012592913769698511e-01 1.069296931957756325e+00 1.629381927321281953e+00
1.150587349614038635e+00 1.525698377908287773e+00 4.555207633800938405e-01 2.184925981898710567e+00
7.241262346484823587e-01 2.098823887388501230e+00 2.678355506280050147e+00 2.691081887276069562e+00
3.016481008343661507e+00 1.120285928932872599e+00 9.698616918247532359e-01 3.032659272825659613e+00
2.286598898442681715e+00 1.758548084643718479e+00 3.043006653524457317e+00 1.003475592847193454e+00
5.891789008814849460e-01 5.215654539271235013e-01 1.024713326731545582e-01 1.375659352910347799e+00
8.869789554050960811e-01 1.950925974519532424e+00 2.325300181684565981e+00 3.919822711188336029e-01
2.561798357437035101e+00 2.379878476917745012e+00 2.023932666916332668e+00 1.232987059895201520e+00
4.275623692321973701e-01 3.131642775535370848e+00 1.115472460765479790e+00 2.309291151431617450e+00
2.106613386021036760e+00 6.400191677936754864e-02 2.856523724381637042e+00 1.473935240262007840e+00
1.087496690742086214e+00 1.347973500391318469e+00 2.345681746119920863e+00 2.036717358865410610e+00
7.166110530527827205e-01 2.508439383384545529e+00 2.291552608118348378e+00 3.046273770896384292e+00
2.296866938200959218e+00 2.202820160387668480e+00 1.951113783121513956e+00 1.315235350720577179e+00
4.824324314784461110e-01 7.540665229870479047e-01 8.387650829116606310e-01 1.358598650995716639e+00
9.253225505598737799e-01 2.488108263587689994e-01 7.206616938938862349e-01 1.840198459617083282e+00
8.943571349516418745e-02 6.864678752401635053e-01 8.179108869699015516e-01 8.609396125118841392e-02
1.417353380165355725e+00 2.218197452538803738e+00 5.916268928945613709e-02 1.504563080667133512e+00
3.095078803447540050e+00 1.941851758810201778e+00 6.717048058510242114e-01 3.554085660955380033e-01
2.262587433914955426e+00 2.285602260499429050e+00 2.883335837157522619e+00 1.765738032488044229e-01
1.504849830402561262e+00 1.796285505421371997e+00 3.001081522776530175e+00 4.607362597380783020e-01
2.370577934731783021e+00 2.438985284443440538e+00 1.594706341522245802e-02 6.749117223118952236e-01
2.758503616288027760e-01 3.223072485868153647e-01 2.962935137251249795e+00 1.053780504855774014e+00
1.366211705082895911e+00 2.734144883463079712e+00 3.459068640212199508e-01 5.313606698879121959e-01
6.556491270237168045e-01 2.771342122036979383e+00 1.050179605620894296e+00 1.566238382240691784e+00
1.430648800261122400e+00 1.914517177219067889e+00 1.087701058161861578e+00 2.274132003129052837e+00
5.358134875942551778e-01 2.967322613286976996e+00 8.934027928641333771e-01 4.522504888601353579e-01
8.704629382956504680e-01 2.273655314506393132e+00 3.083700838956863755e-01 2.875522799661753837e+00
2.151497628269640749e+00 1.663756054816976526e+00 2.028930120752424848e+00 1.484114631266597595e+00
1.780504532735008416e+00 1.647323889008177833e+00 1.237609787838001463e+00 1.367991968420052773e+00
8.758800835083294101e-02 2.337227479196017033e+00 6.535342500261474841e-02 5.402903800765574971e-01
1.086128905102913267e-01 2.351690901948519485e+00 2.697816925003124755e+00 2.933206998161809853e+00
2.955417090228467547e+00 4.251939746914263907e-01 1.140735302063832890e+00 2.712720015130195339e+00
2.528571768175909007e+00 1.653263432629882290e+00 1.653807032343298955e+00 1.401094130923093983e+00
1.387644788014949171e+00 2.364653011920058390e+00 4.753853339993630578e-01 5.343572294230392039e-01
1.483590112407310757e+00 3.036253628025874507e-01 5.314168342636377274e-01 2.001290458984588128e+00
7.427281003479094812e-01 1.564953106340072786e+00 2.658435814847537770e+00 2.609573520128700697e+00
2.656316485861359156e-01 2.932550850672901444e+00 6.229590726272183909e-01 1.850092880172117538e-01
1.722700118568038397e+00 1.430565884262958998e-01 1.661495826188806868e+00 5.340653465091190766e-01
9.916405781991510793e-02 4.231596979156151267e-02 1.616779822413124235e+00 3.017158019424880600e+00
1.128370324007605952e+00 1.302763931586907509e+00 2.855471270017272190e+00 3.059166309316608601e+00
2.955605519652549251e+00 1.465703473696671866e+00 1.385865010842428080e-01 4.100930216960087527e-01
2.483959644026605851e+00 2.687991299066974094e+00 2.105672770757175960e-01 8.739220088713777201e-01
5.112918788772629480e-02 2.694196625727333316e+00 2.375499947043086646e+00 2.582371642654465393e+00
1.109876016997188186e+00 2.939137071773438858e+00 9.908641132700092280e-01 1.176851396703238573e+00
4.565531925470356911e-01 1.277364174928167673e+00 1.626046775197711458e+00 7.687538006132261792e-01
2.830511657539784842e+00 2.527878455062765983e+00 1.377234887708634892e+00 6.555493314628042523e-01
1.184399569442858180e+00 1.336829469361149991e+00 1.685857507145628320e+00 2.767899752671771463e+00
2.697943399750172278e-01 3.545920349096204349e-01 3.043266462099311620e-01 1.900863610865525022e+00
3.139881892898955140e+00 1.999507938348527025e+00 1.780087047401094580e+00 2.855563509891365204e+00
3.139682512608424680e+00 1.701976079430746136e+00 2.391639664838710821e+00 6.898742008826385108e-01
5.341065150422906749e-01 2.658038347425025982e+00 1.682203290786221661e+00 1.965921556997118902e+00
3.479717101039850879e-01 2.482896685031648509e+00 1.452152762359165905e+00 2.783056598359855194e+00
7.632259818474077528e-01 1.474692664969107891e+00 1.082618916458752745e+00 3.036550034140727217e+00
6.041515370209445956e-01 3.687673708329267663e-01 2.762073787602335795e+00 2.417467453620261719e-01
1.574000205073221803e+00 1.373538893771380609e+00 2.422283970557995936e+00 1.719806679210639677e+00
8.123825278753966650e-01 1.591756083482889217e+00 1.834812333060838352e+00 3.012100334732311868e+00
1.408974373275407033e-01 6.147442751246634529e-01 1.665919915913242288e+00 2.282929423088433385e+00
1.832272872430595001e+00 2.794673376052631220e+00 9.721739439931036120e-02 1.517435301552932714e+00
3.037159894145487815e+00 5.737892825894076454e-01 3.384906671503913889e-01 1.158112988451682535e+00
1.379211009643700914e+00 3.094413053721188689e+00 3.005836898135417989e+00 1.090403281820258918e+00
2.558800193119246558e+00 1.581825015893059350e+00 7.690767199714406699e-01 3.089046032093758498e-01
2.978000033790527024e+00 2.445295592824696662e+00 5.340343541633008062e-01 2.504424514158566373e-01
1.695165967183048128e+00 3.049191892881853327e+00 3.059390654096715068e+00 1.571075765055209406e+00
3.959056198721167541e-01 2.964341629510045095e+00 1.871856994202363067e+00 1.654014498705636882e+00
2.461094670185995259e+00 1.268452931241050408e+00 1.342209149795855261e+00 7.105397910501957126e-01
1.372325855122625837e+00 1.720311983913382914e+00 2.627465480207161086e+00 7.756537704142436596e-01
2.106811811310664861e+00 2.013354377535986617e-01 6.293427269074579611e-01 8.440715024097444896e-01
1.579488305960046191e+00 1.184904968796008706e+00 2.038593185493413340e-01 2.382877639301720585e+00
2.708505993681697976e+00 2.086599966090182612e+00 5.530639944420276954e-01 2.915974546850456317e+00
2.487416359919118580e+00 2.260383558064237519e+00 1.882719088952208020e-01 3.061788985008148334e+00
1.273574154028540129e+00 2.912779347958208476e+00 1.326958269522391154e+00 7.681866936186148020e-01
2.237666838497972766e+00 1.872986282558137816e+00 1.641024632615620149e+00 1.616476792691126985e+00
2.216844187769747787e+00 3.011420381289156900e+00 2.795513101072777840e+00 2.914721158256563083e+00
4.592641121586835684e-01 8.494059115171977981e-01 1.048706400892286172e+00 2.547017266835867599e-01
1.601964216520366691e+00 2.776551716938017389e+00 1.806834116909003418e+00 3.128291463352864010e+00
2.491505836852189848e+00 7.145344445820266399e-01 1.799862221670336104e-01 3.142438789872299965e-01
8.324119198139454667e-01 1.372820639985790070e+00 1.539099939597928568e+00 1.665664668361705347e+00
2.941701293585229138e+00 2.199527549103102775e+00 1.980786845652092953e+00 2.195536292765718045e+00
6.764771604978551123e-01 6.943272284956137907e-01 5.136616743224154541e-02 2.027368458034222609e+00
2.644371633278392419e+00 1.549034221976726355e+00 1.106309970263994025e+00 1.429424715756111519e+00
7.902971170313422000e-01 8.646144385737894456e-02 1.064712251904428530e+00 1.121543672321824864e-01
2.461074650066409575e+00 8.636938820480714041e-01 1.882745937123870839e+00 7.925536603082222742e-01
2.509294877148557923e+00 5.670888969427433368e-01 8.512397586705733321e-01 1.626274790343347432e+00
1.015048864138724083e+00 2.659329981186346892e+00 2.799338067868006430e+00 3.117427543691596359e+00
1.825653079801914158e+00 3.620953357394036676e-01 1.919839137000137752e+00 3.055895933259788588e+00
2.364891210235013919e-01 9.269883761434963843e-01 2.959153096947711337e+00 1.490453625984718089e+00
7.933946514647453041e-01 2.204976390665879471e+00 2.229795020938681649e+00 2.498486120652452236e+00
4.571283278714854403e-01 7.300479995354927087e-01 3.070511218095357098e+00 2.655629914845485384e-01
1.100367005705260137e+00 2.732601057693076374e+00 2.127205901349670913e+00 2.117237143012554945e+00
1.672657662878419771e+00 1.391077194872153422e+00 1.114669431076345862e+00 1.665882477469949663e+00
2.433102536388535686e+00 2.232066833614203549e+00 1.110514242071061197e+00 1.027990212858153951e+00
6.959402511873925556e-01 3.977022354418582317e-01 2.517760595935875756e+00 1.909558312521002277e+00
1.615168925971461444e+00 2.126198735066431311e+00 2.623682371333856178e+00 2.924039122622742681e+00
8.297397173128948644e-01 1.081983138761696273e+00 5.701602257603878288e-01 2.863854458746995846e+00
2.186089798669528683e+00 2.203853231719083983e+00 6.148452854133856088e-02 1.357580269721844424e+00
1.097699074311651479e+00 2.291524043155728219e+00 8.973333066413055059e-01 1.203200377076413530e-01
3.118379279540755888e+00 2.265901889410495418e+00 2.260529664195127797e+00 1.273600769725978799e+00
8.553075679427937228e-01 3.960747148559343178e-01 2.595515763922596530e+00 9.955717520800136944e-01
2.333090722965863950e+00 2.870879036053215927e+00 9.753627651236190799e-01 5.932503639579775889e-01
2.593623903493076810e+00 2.559548340524653742e+00 2.339705851004260317e+00 1.171552104411597295e+00
2.800367142739184967e+00 2.214635275429077677e+00 2.279304702509148128e-01 9.474152209015062054e-01
1.751730936424591434e+00 4.141267627052799827e-02 2.984656038790249877e+00 1.833611478348363244e+00
1.155455054983815844e+00 2.821633626503607051e+00 1.493248223118071927e+00 1.598369082213433323e+00
1.189163941854876727e+00 1.425548560481305849e+00 1.545767738366520483e+00 1.146367878048671018e+00
2.400301838051228209e+00 4.787709574762453180e-01 2.227549313351324223e+00 8.226340612333195024e-01
1.367225667623251484e+00 6.335348163501092200e-02 1.560563910621066031e+00 6.707003340978908712e-01
2.548856402861436443e+00 2.867866379167656188e+00 2.171092597513022859e+00 2.326464161658010621e+00
2.424313550530574624e+00 2.688565542468837499e+00 3.226600596853361202e-01 2.898111978356045171e+00
3.107101059803839771e+00 6.433039033368470605e-01 1.581882305987820647e+00 1.851423661552058730e+00
1.437151079248608410e+00 3.038611105269634738e+00 2.364195995536200190e+00 9.922376130219621171e-01
1.082306897234604354e-01 2.247216249688229528e+00 1.229175616885808120e-01 3.571793742661260596e-01
2.372788368403124792e+00 1.950987618800587908e+00 1.253012051639452951e+00 2.859577981722638995e+00
1.614894169435364013e+00 4.098600707817535993e-02 2.969833725088733445e+00 2.312370502217918844e+00
1.982337007715303967e+00 2.322378253471563347e+00 2.443517904115175998e+00 1.633384031058987329e+00
1.563253027681047458e+00 3.892802265326386624e-01 2.488009732032109012e-01 1.296999925699348355e-01
2.997157224163601530e+00 2.147610989211458321e+00 1.441379006211818359e+00 7.017870348550064863e-01
1.560460657161634401e+00 2.197094260081964290e+00 1.227478704768297346e+00 1.899040789682764352e+00
2.596678852374768809e+00 3.017043662077843802e+00 5.969187170008304344e-01 3.031848972995049518e+00
2.987869622459998209e-01 1.740083444399372903e+00 2.406086729013960923e+00 6.923227824341875447e-01
2.047357375764170762e+00 7.304473160768431006e-01 1.336248996033138958e+00 2.694989083178477074e+00
1.987358134686108890e+00 1.846193579952203789e+00 1.386222060898323116e+00 4.298703138948829494e-01
2.877732687385074595e+00 2.195440154070257055e+00 1.486730824657665373e+00 1.389314178215365070e+00
1.838020061614956679e+00 1.845713900935038732e-01 7.411609307752576870e-01 2.903658566064020174e+00
2.734267026263586864e+00 1.819016403571377838e+00 1.152415003121959325e+00 7.372628044072794262e-01
1.691680654270108164e+00 2.370887288211013910e+00 5.724961362320775127e-01 2.047645205269645441e+00
3.084768510038216061e+00 5.695154493597470724e-01 2.185060912004977318e+00 2.641226222115365729e+00
7.308843713757033900e-01 5.228748797855674313e-02 2.101532540164668728e+00 1.307540546537125092e-01
2.784273727794807751e+00 1.435850542670778385e+00 2.986727933285726166e+00 1.249357109701084712e-01
5.823251466681708122e-01 8.688046572670483636e-01 1.887399453010943029e+00 1.665093228330354780e+00
9.191483911401586715e-01 5.295159975704109012e-01 7.179092118868735106e-01 3.258329981671944098e-01
5.456856025453612480e-01 2.233993056408916988e+00 1.837904076675652032e+00 2.505225404303465186e+00
1.438581796450221661e+00 9.255534974797239300e-01 1.319889430624646476e+00 2.581768658306865749e+00
1.023942442063465741e+00 2.126235237835618186e+00 2.884869325069168600e+00 1.229890927685645563e+00
2.517477397171602238e+00 6.735191661833930254e-01 1.176123888400010253e+00 1.369709774607488884e+00
2.229601161174517454e+00 4.544691642825275935e-01 1.266571667473463059e+00 2.879675843236555899e+00
2.676900699782131632e+00 1.976511201770877246e+00 2.111957344355371191e+00 3.033479692564790664e+00
2.358336481905271231e+00 1.066785392606811822e+00 1.315477078499798669e+00 1.872686069812648846e+00
8.825830474327876762e-02 2.889943968031628341e+00 8.475446950284276637e-01 8.020060346548950336e-02
1.274605262053304378e+00 5.197389666890827042e-01 1.868443676804962372e+00 8.543036585294879748e-01
3.876267584434424096e-01 7.523081825463702188e-01 6.293287166934641297e-01 2.555945746490777104e+00
1.365943424234619341e+00 2.785883072237608893e+00 1.955019993492791430e-01 2.057720560507481977e+00
2.827277951501451447e+00 1.481761345179151812e+00 1.734320006455588370e+00 2.474380941746027851e+00
6.568518901127839982e-01 2.936965755871408845e+00 1.191427465828777121e+00 1.401234200845505873e+00
2.831575618524990734e+00 2.657952101198512551e+00 1.350500324533893404e-01 3.120218889780579818e+00
2.328678706844683255e+00 5.876381115069388011e-02 1.828394551632739118e+00 3.197662243455640652e-01
2.490689502738378802e-01 1.685879444336342070e+00 2.743161476161300794e+00 1.577281873943900292e+00
3.113789386514842050e+00 3.002043874570791804e+00 2.305828195426931515e+00 1.605336176493630251e+00
2.273600036386553835e-01 5.320690718740570535e-01 1.811179900781672847e-01 1.197371429008645960e-01
1.855051092016738457e+00 1.007639452036523942e+00 1.235846884815980706e+00 1.124862270297207534e+00
2.475114660623099372e+00 2.198214276233117381e+00 1.204422124381385462e-01 7.399712167268790441e-01
5.333558423636493018e-01 2.207932745276595110e+00 1.669121756944887125e-01 1.781485857488405378e+00
2.725634412683934027e+00 2.424875914915364028e+00 6.345288925497359900e-01 2.370837143607599451e+00
1.981497546219407768e+00 1.561105056126634638e+00 1.166035120812950743e-01 2.380068100166675471e+00
1.271024733012716013e+00 2.901245163788800596e+00 9.166995885179013426e-01 1.474071409591506177e+00
3.003639717818705090e+00 9.058817029985131164e-01 2.734002424921090135e+00 7.025926601594736365e-01
1.690128911520879795e-01 5.191893337681771081e-01 2.672795886208565008e+00 2.247021338971905813e+00
1.812348894364283147e+00 2.470061268311249059e+00 1.413518912285946394e+00 2.388972740197691458e+00
2.485405232127569253e+00 2.594617193464803240e+00 2.076962458430037795e-01 7.301747552156905297e-01
1.830553347865875757e+00 8.756877400546853041e-01 2.857784756362422129e+00 2.261992335593123293e+00
9.534140006644368226e-01 2.799269056696904734e+00 1.008091822890047951e+00 1.623307382629385121e+00
1.787718620070840370e+00 4.463866513864929164e-01 2.077153435527193004e+00 1.405350336721600535e-01
9.047191125286146995e-01 8.871074245681022097e-01 1.199031640320662007e+00 2.380280253814628377e+00
6.941313576710110844e-01 5.342677710748638953e-01 2.207036343700828240e+00 3.103825681892488753e+00
2.549419913538339078e+00 3.083783234562655906e+00 7.827237723416976545e-01 1.268815079091712095e+00
2.591083715479160166e+00 3.128310481909669871e+00 2.027417660105183650e+00 2.492712456439826418e+00
1.745561947605714259e+00 1.176866741521235049e+00 3.053216739482138564e+00 2.611956438683378234e+00
2.278576964546440653e+00 2.544543673788418392e+00 1.326583742237161578e+00 2.738559174932157170e+00
2.622063880036778816e+00 1.694884101795448295e-01 5.752740075577373879e-01 2.829513789631785681e+00
4.223658775878632449e-02 1.423301827221870930e+00 1.493894532172993950e+00 9.259187378203478369e-01
1.216012866097689216e+00 4.521889672388625936e-01 6.921080142209585784e-01 1.684358223010020694e+00
1.620670499864817593e+00 2.428265820557835131e+00 1.019422759698437597e-01 8.106338266681983873e-01
2.659955340326113582e+00 5.797473297527550029e-01 1.023681586373145658e+00 2.590769367587453798e-01
2.800916506573677189e+00 2.879249258840104631e+00 5.868933437017778143e-01 7.148938568756612044e-01
2.094813728796910690e-01 1.744041751629247683e+00 7.423185233629528978e-01 9.143013490070263094e-01
4.811207741940037308e-01 1.405989688296549245e+00 2.771760922263740490e+00 1.220620926844856458e+00
8.376923484078266924e-01 1.167406136818657014e+00 1.235902315571821841e-01 2.101394329561729890e+00
4.141563705417066199e-01 4.954154807330246602e-01 2.431673957126332386e+00 2.122765933930173876e+00
1.125073210289141867e+00 2.773476848995915844e+00 2.971554752794555831e+00 1.833385798583313742e+00
2.144159872831335190e-01 2.018505118311338276e+00 1.899437894549019568e+00 2.227130011899164153e+00
8.049463024382955689e-01 5.473164084070755164e-01 1.801894693766065147e+00 3.101109446782820189e+00
1.775863318508907440e+00 1.794854236717612794e+00 1.388875386361847208e-01 1.111137738404914588e+00
2.686468658623158312e+00 2.813738464933730032e+00 2.906385712066918425e-01 1.363067150735198574e+00
1.386312885252501292e+00 6.330393418745454692e-01 3.040407073677386496e+00 2.679101436796036406e+00
7.144812727266485197e-01 2.635030002657984483e+00 3.009557564525242146e+00 2.021001599410931160e+00
1.773862098032409906e-01 2.299495698806490740e+00 2.599600539629880025e+00 6.444292772820777726e-01
2.276134019419977506e+00 7.862238509881789295e-01 3.627674169031974705e-02 3.513617571605914258e-01
3.016656114315205972e-01 1.837596350650089194e+00 2.582737547610911566e+00 2.262566164236237132e+00
6.065201244663390723e-01 2.587630724466079446e+00 1.451404027341506753e+00 2.988463022836581121e-02
2.892980115791135454e+00 2.612578868467582360e+00 7.734416175536783511e-01 9.588990273562754130e-01
3.611301160974316748e-01 1.429902830682120429e+00 8.794610225991474906e-01 4.392765127678329717e-01
2.283880603941969845e-01 7.418207370093240494e-01 5.759241012258357051e-01 1.993386152384661880e+00
1.564240259729326177e-01 2.655918581889717078e+00 2.509072522475170430e+00 1.029488813104120659e+00
1.739023935796648823e+00 3.040578131461488809e+00 3.063011006106259426e+00 2.965288830834848621e+00
2.600271668210855758e+00 2.038034498142961670e+00 2.097585053062724914e+00 2.068278429340365321e+00
8.046574078086185522e-02 2.138135924594250503e-01 2.390706679806459789e+00 1.552442581428985724e+00
2.798830792061321127e+00 8.957966979353373382e-01 4.469896123354826778e-01 2.124412028533065211e+00
2.683802025503389199e+00 1.476604958778566123e+00 2.649183553655548362e+00 1.299944997319672169e+00
1.444928764365410290e+00 1.712234938145821062e+00 1.019417948326735573e-01 7.613791511163777725e-01
3.009951252709740732e+00 2.720173146457062430e+00 6.442560861171381381e-01 3.119862792901926252e+00
1.973270048108418884e+00 1.632097445566448979e+00 2.081976055733116393e+00 2.801846727021776839e+00
1.675003667722123168e+00 1.151628937476521397e+00 1.468236709992286171e+00 2.656584870465815484e+00
2.486032146801099074e+00 1.121712429254761584e-01 3.107307111076728745e+00 1.445145784002601630e-01
2.627925635951823935e+00 5.160509642443964484e-01 3.016867553929433843e+00 1.568241915513555407e+00
2.189898946797739221e+00 2.133186150546693582e+00 3.113078012231906833e+00 6.195295330961556601e-01
1.948431631548602772e-01 1.463668932743316997e+00 2.538742741617604270e+00 1.777341850835472803e+00
2.744574037525954413e+00 2.484452523244495836e+00 6.638458123672567046e-01 2.922952184930968311e+00
4.086697901533945521e-01 1.750472653330972905e+00 7.667886031368780220e-01 2.899048546490162970e+00
1.761895598544042318e+00 4.250121020695298291e-01 2.429280760112983106e+00 2.741467840151948554e+00
3.092281407861498188e+00 2.489217497207528940e+00 3.107808207682291712e+00 1.574673713294250765e+00
2.616059289564560686e+00 1.436858292459553876e+00 2.737650970664868399e+00 1.693010943834662552e+00
8.467481990891533306e-01 2.966049668597158018e+00 2.816418730905039691e+00 2.222783196223353297e+00
1.435009136726738688e-01 3.844045772312344733e-02 3.202654761581931186e-01 2.137116837098062216e+00
2.350440000729462076e-01 9.373325275165991233e-01 1.934527277819382551e-01 1.842244953677522723e+00
2.331410189112431919e+00 1.804555495544380328e+00 1.671045707915507217e-01 1.465614428664552049e+00
1.282891928634522172e+00 3.526195514112370755e-01 1.212024416095502488e+00 1.080025348552714065e-01
1.894418965927974208e+00 2.703366927704339950e+00 4.293266935722119260e-01 2.002670366170633098e+00
2.621458598220838820e-01 6.219553333654456173e-01 2.412807020133374558e-01 1.930146662875341868e+00
1.769972157767275789e+00 9.697271369698220456e-01 1.894292200403697279e+00 1.952898659740955667e+00
1.696220745624865689e+00 2.716291481705376043e+00 1.397073112451032717e+00 2.069670588928548494e+00
8.311609305455618379e-01 2.123668269908094430e+00 1.089556967542128607e+00 6.067190891005594944e-01
2.583332357427250425e+00 1.167878996222053267e+00 2.728621974074645351e+00 1.844205285714373588e+00
2.946888039717727281e+00 1.988337192852125623e+00 1.059610953939132516e+00 1.339833942841952341e+00
2.361932501747833424e+00 4.046294284133468144e-01 3.075642265105813067e+00 2.329638536512719682e+00
2.410521629837810431e-01 9.986939373440604228e-01 1.811100329511707852e+00 1.281189468144950938e+00
1.950134989658369733e+00 1.964033072699673310e+00 8.588936690739265023e-01 1.368210270338067192e+00
9.018950104404408474e-01 2.585756416515347489e+00 1.299504218525016297e+00 2.335641391993330540e+00
1.484229998203684842e+00 2.613058470472566786e+00 8.058662227268135192e-01 1.861348402533055113e-01
2.626605781143149798e+00 7.806633959255222521e-01 2.179781821119431751e+00 2.796615008946468972e+00
2.869498106244386726e+00 1.107440312337400812e+00 5.949324139667336864e-01 4.122683680604764533e-01
2.961283607953887564e+00 2.632263043279373882e+00 1.069379155028292061e+00 4.720574633105196760e-01
2.010121088619918783e+00 1.992225303758361932e+00 1.022012219288466417e+00 1.325706943915310188e+00
1.148946875733085182e+00 1.048189980514106612e+00 1.770059846971820672e-01 1.347066855285098619e+00
1.827598760179778958e+00 7.358658466859542280e-01 2.420302002649851403e+00 2.342325065122813577e+00
3.461969280132461135e-02 6.954599691037328668e-01 2.271398663674750740e+00 1.616422115893666245e+00
5.110995510623554949e-01 2.672900113402912670e+00 1.206666458928734587e+00 8.931851463914789457e-01
1.489772857504574111e+00 4.086005686460789099e-01 1.884131787592969287e+00 6.410092330796240967e-02
8.059879081756240460e-01 8.314572914926670055e-01 4.871383902614953021e-01 2.251570762297447459e+00
1.974318542087703632e+00 2.882695284633974619e+00 1.606552427245812265e+00 1.797442775153337488e-02
2.157486304599881333e+00 2.635179233213929884e+00 1.254733950858073488e+00 5.405760272539191780e-01
3.094876589698333458e+00 1.744381359038951862e+00 5.938432134884306102e-01 3.990627892172294300e-01
1.115325555491197829e+00 8.927694666639218735e-02 7.702869612872487171e-01 1.746259836137844079e+00
7.731318946642697920e-01 1.978328766971299002e+00 2.012534121284848432e+00 6.359100958723719055e-01
3.652134840704214236e-01 3.773937893184051151e-01 2.769901405080643642e+00 2.787091280368852786e+00
1.042740705652312583e+00 1.223138141363113052e+00 2.669236924507017772e+00 2.432027443476498352e+00
4.578775699626482787e-01 2.376554351019720457e+00 2.759016658729146254e+00 7.382168854899624488e-01
1.523865686703944178e+00 2.438906663324353907e+00 5.512084433430691766e-01 1.391141207148743897e+00
1.508382670025247396e+00 3.016541328575199701e-02 2.681316784998192926e+00 1.240044945899364537e+00
2.377282836650234543e+00 4.835808661300546318e-01 5.236526807030338349e-01 3.855766807036173915e-01
2.143354535995101173e+00 7.375642795487842296e-01 3.113265576917794597e+00 1.880267096685389161e+00
1.328361051865694364e-01 2.186439556029036613e+00 9.775726274510073699e-01 2.172673963579212497e+00
2.034160540638207060e+00 1.287345609755816411e-01 1.126173227158133283e+00 2.805565985621505387e+00
1.856863104972591716e-01 1.374362838417176436e+00 1.352225128527769993e+00 1.023344614578090894e+00
9.930029347405751328e-02 1.777294067895528684e+00 2.778949258408902612e+00 2.335344869686927449e+00
1.640221449598006531e+00 2.499155078713458655e-01 9.291055882477864403e-01 2.126639559065548912e+00
1.022850096518165497e+00 2.008292795561840371e+00 1.362217067061167963e+00 1.207177746317284139e+00
8.187278824109133213e-01 6.574121420964740281e-01 3.712395681350217358e-01 5.872449877073649543e-02
1.992186525406090425e+00 2.284214958240310178e+00 7.912118325470492985e-01 4.272759144638650919e-01
1.895976962322049930e+00 2.094401374314811992e+00 1.106629831902461794e-02 2.321895719678672698e+00
5.969683941434802271e-02 2.848006846831710348e+00 6.441298050045531909e-01 1.503250376540287148e+00
2.480676187495158391e+00 1.989312300846465265e+00 1.618684569752023128e+00 2.385331002944286460e+00
2.837722399502023429e-01 1.256906410937614238e+00 2.492151065164423418e+00 8.666353010826017833e-01
9.339413465485287835e-01 2.227281042096564523e+00 2.763204574583619344e+00 2.460442813275775187e+00
2.902234378552727367e+00 1.910871938959052274e+00 5.787458358585331197e-01 2.339587161811889526e+00
1.977955892596146681e+00 1.079491341508633573e+00 4.126586333266467066e-01 1.972276991465999441e+00
1.230211421626227875e+00 6.164356659521180726e-01 1.718200123546052671e+00 1.690373809396534810e-01
7.951078589429751986e-01 1.962805721250945767e+00 1.667564568798540481e-01 1.408273833152842158e+00
3.868552907475105718e-01 8.186394864229158685e-02 4.786693406667422712e-01 2.202405530718666515e+00
1.994569422357820310e+00 5.770652633086897215e-02 1.507804090665983310e+00 1.658065305181410487e+00
1.241412572841355644e+00 1.217369386728323066e+00 1.121849598226364764e+00 5.565630955921764267e-01
1.002255490311303010e+00 3.063001668720617854e+00 2.322657316362132462e+00 7.985758829603065712e-01
2.893019458785342835e+00 1.932523037064540539e+00 2.002391709739380410e+00 2.420088121032970108e+00
6.939193218229695592e-01 3.012135792283030078e+00 7.919425546423938256e-01 7.327532644728455002e-01
1.611038161677512237e+00 2.969007268279247658e+00 8.404922111374468763e-01 2.450939927335072266e+00
2.983209719070162080e+00 2.580515413680605441e+00 1.069030933240548098e+00 1.962735491363629015e+00
4.788930647182801925e-01 2.757958924228393283e+00 1.622767019811818034e+00 1.277354291415281784e+00
2.974476887135770298e+00 2.676485721000503748e+00 2.010928505039662806e+00 1.201784516964878424e+00
1.086943933355293490e+00 2.997650255296259836e+00 2.045311100099441060e+00 1.357202692125125232e+00
2.995278089761736595e+00 2.100605536996385414e+00 2.796611744607954808e+00 1.715521273248258538e+00
4.152874257960145199e-01 1.983769490449647455e+00 1.680886469734385880e-01 1.573489505609128869e-01
2.010680247891538652e+00 3.032458737721097197e+00 1.326817242865251156e+00 1.642132682897138984e+00
1.807073569578021788e+00 1.813062142301924196e+00 1.942936623252951467e+00 2.616185775044431505e+00
2.628984302397038064e+00 9.461798029908379259e-01 2.038770129252835961e+00 1.310472806222193087e+00
5.452177391743717738e-01 3.045060348258841643e+00 1.174955566780164329e+00 2.446589802308372530e+00
2.338621970024441499e+00 1.169065414726867758e+00 1.606156344058116581e+00 8.261675627481306350e-01
2.325679219214273896e+00 2.118120085113659901e+00 2.317229315587992389e+00 2.720177361112183334e+00
2.423631267441851200e+00 7.016338937863557390e-02 2.664173486114283396e+00 8.606939677222549268e-01
2.335111083681909339e+00 9.857809252837084202e-01 1.924822498928850045e+00 2.109924133964786286e+00
8.030802735538100645e-02 2.917449254158397842e+00 3.164366824269063683e-01 1.330035987436702927e+00
2.346039076636514231e+00 5.571920709474585953e-01 2.131668864772757299e+00 8.397662862773628278e-01
2.586571186483139773e+00 1.561043047534665718e+00 1.641533682182469978e+00 2.813482588112746208e-01
1.544849962933419363e+00 8.080564219723137542e-01 2.081431158644111878e+00 3.992067079048978173e-01
1.692312403334038207e+00 9.969480565701041019e-01 2.201100437319622127e+00 2.323823749380528270e+00
1.037651665813332791e+00 1.701024958223265937e+00 9.177616213181298832e-01 5.964965701828562894e-01
2.140671459535840704e+00 1.432524166661314213e+00 2.214424003129511043e+00 1.968508885938130337e+00
2.501864421925277693e+00 2.617480850895981259e+00 1.037314939500195488e+00 1.124017694646418430e+00
3.627060924024340383e-02 1.159515038403421849e+00 2.063981953331229136e+00 2.797354044753671776e+00
2.628508512928131147e+00 1.791968986060649360e+00 2.791560635814197777e+00 1.941226564642475116e+00
2.090446992318065744e-01 1.607008946868633714e+00 5.025137528731727921e-01 1.752230591221822342e+00
1.746363576811962581e-01 3.009963138425199691e+00 3.680810815831569993e-01 6.529649047158812003e-01
2.006179861320148028e+00 1.660925713794904890e-01 1.924139615800769532e+00 3.060315101825100026e+00
2.832525666592526026e+00 2.281462316440490579e+00 1.682125816958520259e+00 2.561803226446342840e+00
1.870138332166976669e+00 2.088515365504107546e+00 1.116352070961845078e+00 4.236803827387903287e-01
1.599883833643903852e+00 1.940186573362667088e+00 1.776739895681238357e+00 2.738570076709438972e+00
1.221423121630907049e+00 2.096085346062318333e+00 1.333426792164500441e+00 3.067310522653158955e+00
1.809278195428496216e+00 2.124956810517421690e+00 1.152663056207246850e+00 8.256814964141862001e-02
1.330507710004019684e+00 2.514371845750419165e+00 2.972333120898690950e+00 6.606810882607346003e-02
8.958390030027040263e-01 2.927667888286730857e+00 2.588054733207923452e-01 2.136745898710949998e+00
1.591943715729096320e+00 7.710425301018137834e-01 2.516555316164649447e+00 3.134037786165360107e-01
6.318940487320607868e-01 2.175651492133835241e+00 2.085616174453921168e-01 8.097965546880585563e-01
7.960505333821767948e-01 2.707595080304567858e+00 4.536343340380418199e-01 1.635857212217836087e+00
1.961987217566256436e-01 1.192519617322814612e-01 1.255408895273511405e+00 2.676512124468519715e+00
9.772601348170415481e-01 2.572404339416303198e+00 7.618884473133653579e-01 8.287862610938780961e-01
2.206701694514102030e+00 2.792236070971705342e+00 1.552316526383847206e+00 1.071013553512334182e+00
1.988898641786420063e+00 2.663645026050136533e+00 1.691348572119538041e+00 8.182412571884463137e-01
7.134206652725687270e-02 3.013685692068443167e+00 1.291397276685300188e-01 8.737078539379465880e-01
2.875113550043877808e+00 2.464811377854340346e+00 2.179018800629462405e+00 2.576011547541025681e+00
2.683744512116204017e+00 2.662412495184311112e+00 3.119488267770857082e+00 8.610079510507430145e-01
1.423440304899942666e+00 7.128368754936836860e-01 1.844341443813915182e+00 1.890315428254196961e+00
2.635125036224352790e+00 2.970591799566232538e+00 2.985130472102015098e+00 6.699572951432629653e-01
1.635534872152377028e+00 1.533160215049025110e+00 1.399552968075574277e+00 2.881575594703390752e+00
2.704003083944564789e+00 3.101043273709684911e+00 1.573463433650083676e+00 1.191316401728803154e+00
3.030553430229625089e+00 1.869597471102925956e+00 2.876748829273718666e+00 2.461783500552624293e+00
1.184630529597532789e+00 2.908701292666619143e+00 2.390534292117758142e+00 1.531794171482907974e+00
2.670556858562868729e+00 4.160393329786188366e-01 1.091132263600592900e+00 3.077618457519320394e+00
7.535374468545000815e-01 3.616575282771012922e-01 1.916597573550365974e+00 2.400266910126209297e+00
1.786568377302980792e+00 2.173276397487670764e+00 1.997914887570920062e+00 2.709454152919292813e+00
2.156198889768217608e+00 1.741518577960778469e+00 1.148047717375228371e+00 9.114189020766310517e-03
1.577005482300621875e+00 1.779949699359941517e+00 8.804575283537012798e-01 3.140007017860893423e+00
2.430249946231265223e+00 2.574258766202206949e+00 2.564281195500841104e+00 1.941501575373593580e+00
2.206849784647895607e+00 7.919938593903130819e-01 1.394296421199562541e+00 1.005491762875773354e+00
2.156132319700811498e-02 9.007880197888711304e-01 1.879318944971441141e+00 1.997800290606513540e+00
2.657677996020406663e+00 1.225797874960135259e+00 9.496349263443043531e-01 2.854615898505139970e+00
2.806151400642330707e+00 7.147897858746214694e-02 2.202245121882924650e+00 2.728624203099123235e+00
1.431714595629150821e+00 2.256627524887926395e+00 3.128864637648456792e+00 2.245706785628397206e+00
1.117046589406075485e+00 5.376412961460508289e-01 5.779039077877418107e-01 2.796801385907088822e+00
3.283001519267892965e-01 2.645119497351140048e+00 1.216987293342062904e+00 7.731698264947197696e-01
1.230206733621522996e+00 2.075166253494883595e+00 6.843577259176381045e-01 3.112439390303222364e+00
2.444232900659803143e+00 1.822948244550691710e+00 1.701376490152147314e+00 8.681002378902731298e-01
2.261480810287745502e+00 2.689505553482912426e+00 1.879036247311641095e+00 9.496277951300950981e-01
3.129349603549413383e-01 1.811840293296353321e+00 1.676099886751040602e+00 2.644009231711462959e+00
6.475954117594034942e-01 1.656454273407838018e+00 3.282158421959424643e-01 1.478483716792785563e+00
2.769130191730279300e+00 1.421578186056827953e+00 1.629333144044300630e+00 1.937513627554126705e+00
6.301638168898758829e-01 2.754154252439932282e+00 2.833284882707148178e+00 2.812832679156077820e+00
3.046649092995240338e+00 1.156296298413086898e+00 1.457250904865025287e+00 2.792792227698375651e+00
7.789960823641262078e-01 2.277790600991326908e+00 1.742166295806563125e+00 5.262177209566186731e-01
1.503939944627369574e+00 2.389392913044374289e+00 1.971635851281076324e+00 6.039260341457625136e-01
4.268765354927749334e-01 2.226033775109016233e+00 2.134616093851943397e+00 5.694598829852746125e-01
2.457047354091588254e+00 1.418571052632101148e+00 6.035600256578101952e-01 9.231461333211663511e-01
1.783044949367423637e+00 2.129893992830189653e+00 7.827780544891830283e-01 7.998841143881169069e-01
2.209964801166840687e+00 1.722950361894832305e+00 1.748805749392960740e+00 2.169324011242419470e-01
1.261042907955551629e+00 9.733690977684965606e-01 1.345764269551446901e+00 1.509478448935115180e+00
3.055150868912305029e+00 3.045271739815912593e+00 1.057029619783139029e+00 2.206821582755284616e+00
1.422131683407269032e+00 2.280370374725474214e+00 2.012065913276861018e+00 2.761659881272181760e+00
9.874915887634615475e-01 2.052638632136868146e+00 4.859618851021054592e-02 7.914782407508570428e-01
2.249204845093250693e+00 3.049113977933942898e+00 3.009402733656961981e+00 1.196561948364141870e+00
1.548495598492581449e+00 4.943553366753625777e-01 2.357409690996209228e+00 5.396529616581396960e-01
1.876501683264178710e-01 1.572216920735804324e+00 2.611085958214393266e+00 3.985069749996379973e-01
2.200664937925373987e+00 9.244398963145289416e-01 1.578748564738957916e-01 1.312939429709527150e+00
2.697120010543815560e+00 7.962502727618568921e-01 2.935312428658539030e+00 2.393552289008820111e+00
8.170424505134737947e-01 1.315116056618056639e+00 3.631635687771174181e-01 9.343265655741618270e-01
9.568622360699553520e-01 1.011464066280924001e+00 1.435601735756309782e+00 5.944254378787100501e-01
2.791112098116563800e+00 2.583048669109771378e+00 1.807154158161154101e+00 2.555223571867142773e+00
2.791030056406754722e-01 4.372690641067120687e-01 8.639134509472985446e-01 3.117229124009953001e+00
1.210157407514321354e-01 8.333126828216589344e-01 1.316878260118043320e+00 2.339102446061934959e+00
3.019612861816386662e+00 2.741598068890179540e+00 2.287296283225002114e+00 5.425984841503603828e-01
2.375954990658515786e+00 2.640691384564693767e+00 2.288544977597382513e+00 2.665335470848281485e+00
1.448286945168323125e+00 6.355667839276484266e-01 1.638237662286600588e-02 2.326486963124715590e+00
1.776418879996667810e+00 1.608062809626259249e+00 6.998789659431086108e-01 2.342767580258572568e+00
1.439249201655249610e+00 2.806784447849250075e+00 3.647880082121889300e-01 3.078048372035802505e+00
7.346767874226730610e-01 2.045832971150267632e+00 1.314798456612884525e+00 2.379606439691718478e+00
2.716692119516598058e+00 1.125703273331058796e+00 1.069171789808856632e+00 2.841020227593875180e+00
1.350993074486472212e+00 8.959998671678259807e-01 2.845063216005877305e+00 1.229260563462288625e+00
5.028718275862981146e-01 1.424211779065001293e+00 1.319237596339773555e+00 2.016150567971476626e+00
2.607218233256257900e+00 1.073830918152947622e-01 7.277827984870919309e-01 1.085445516944852251e+00
2.186207697228572222e+00 2.077405915006773629e+00 6.886048108472526685e-01 2.141926579712889467e+00
4.587522937535736672e-03 1.051676499782224772e+00 1.275348781867295320e-02 8.450273442976010685e-01
3.512459697447483653e-01 1.825773965407657018e+00 6.747349808733316134e-01 1.288509300330477059e+00
2.259551471741445550e+00 1.647818993953543032e+00 9.621877159200747931e-01 1.572087890182371606e+00
2.585508879392837578e+00 2.568003603723123529e+00 9.009500575916189469e-01 3.955912677635357588e-01
3.117799169450049757e+00 2.447686704152652659e+00 2.444282415712002443e+00 2.532466467542338617e-01
1.075249329357643946e+00 2.031916054294256924e+00 2.934183568254447927e+00 1.472605862012667410e+00
1.396734650966990343e-01 3.058057135664159265e+00 1.001600306443025001e+00 1.253847139687710888e+00
7.450584616105930535e-02 4.634667400148381189e-01 2.114394819359194155e+00 4.893060910977388156e-01
2.683929707094871109e+00 1.881013040436950501e+00 1.789851090765589348e+00 6.655789067013243576e-01
1.432973051804671716e+00 2.560222039207396882e+00 1.750848437222593645e+00 4.538223998401619275e-01
3.137317920574274055e+00 2.827107368591966985e+00 1.573273449283954850e+00 7.477443794176862057e-02
2.786147910913297832e+00 1.888397942812085173e+00 2.283844203054785638e+00 5.333118675639804129e-01
9.391114951107394360e-01 3.473851000525556704e-02 2.588169954959958385e+00 2.513891765225386266e+00
1.422926725852079910e+00 1.411464596293415141e+00 9.423423413929858938e-01 1.558683635696901382e+00
1.179292654821115338e+00 2.731956186850792001e+00 1.442978975183422774e+00 2.143732851555870234e+00
5.193562603866058724e-01 4.084326400622622505e-02 1.981178491073606551e+00 2.823415263292949895e+00
3.043325912838814151e+00 2.033433814914040738e+00 1.173264530990235865e+00 1.767852194607323568e+00
1.528198936336387259e+00 3.129255247654290084e+00 1.609758571924798431e+00 1.758314757406413964e+00
4.805351375204258146e-01 4.829906973311239304e-01 3.307446398738796978e-01 1.694797265810684461e+00
2.955646509335194239e+00 1.166571962510055016e+00 1.617146418435770450e+00 1.777729806038142568e+00
9.356261829593524038e-01 8.506902811425812727e-01 4.553079921399853791e-02 2.310893749410780629e+00
7.132191976650130716e-01 1.710080468392354280e+00 2.150884496576765947e+00 1.046485527149144668e+00
2.843113839995033754e+00 2.998493965910185022e+00 3.894617366186818863e-01 8.288223528904522519e-01
2.114781792494905055e+00 2.867060634491316762e+00 2.200649536145848906e+00 2.068326284176384977e+00
1.618080210274676911e-01 8.816410992666466884e-01 2.178617982036384682e+00 1.755263108913820702e-01
8.406907517125609131e-01 2.519145658300260493e+00 3.082108046490801723e+00 3.071644608175210234e+00
1.786091278531012794e+00 1.200337441129479599e+00 4.295577835657131693e-01 3.030115075662173085e-01
1.224569671313938679e+00 8.534339033914434269e-02 2.936285978108444716e+00 5.596501690424487974e-01
2.102725111520491019e+00 1.040324815652407198e+00 1.940974197882755270e+00 7.408066952510922176e-01
4.262547696594897739e-01 1.279445937217221330e+00 2.361066049363088837e+00 4.197673256339361225e-02
2.097476728427318804e+00 1.513187742505664790e+00 1.583102476908843759e+00 2.643058149403909152e+00
8.417087342010229900e-01 2.042338247876906987e+00 1.682023960811178886e+00 2.698962402170224650e-01
2.393315906623829203e+00 1.543962892883967264e+00 1.310322982435679240e+00 2.278372145632166390e+00
2.850205144492317544e+00 1.692583378856039822e+00 2.711550829220435777e+00 8.923587992955948067e-01
2.253893324305864254e-01 1.445602980536088156e+00 1.812178092424631570e+00 3.069613630187893794e+00
2.357491069939706918e+00 7.175768673780594589e-03 3.052640441608989619e+00 2.875376680611847924e+00
1.286888443556847728e+00 3.657640751651582423e-01 1.300211762381586755e-01 7.756098880090159797e-01
1.805230570662707257e-01 1.953886254765471175e+00 2.998705092283198148e+00 1.047628241082179779e+00
1.815909290278371335e+00 3.867195205743675923e-01 2.318374408968188582e+00 3.989352730106829337e-02
2.852962256464038671e+00 3.039342814772820756e+00 7.141204019867389841e-01 1.841227483707591706e+00
9.885387354303516450e-01 5.439936977535805296e-01 2.184292384352281680e+00 2.125796959249693252e+00
9.287552230647364571e-01 1.317336298161163599e+00 1.708998360576729603e+00 1.336142972014690677e+00
3.030414650250011110e+00 2.863482599346165447e+00 1.635475290943622984e+00 1.362133950744627064e+00
2.794775641754848605e-01 1.611033709096951316e+00 5.783820584998419223e-01 1.319301659110685865e+00
2.064512898463945589e+00 3.029979378436508330e+00 2.777703854776519821e-01 3.055071811485734035e+00
4.744065275653979730e-01 6.404104427774025554e-01 3.394206043100685410e-01 2.191360748506428369e+00
2.243149067274345931e+00 4.862480718006621516e-01 1.404379903995234713e+00 8.256349390404194022e-01
5.770228571321774080e-02 1.583512255445762573e+00 4.606837864225685752e-01 1.975032692320304761e+00
8.766390896456278670e-01 3.750673538903085552e-02 2.614458756130800143e+00 3.237487490148669572e-02
2.005134943056829488e+00 2.970002570778620399e-01 9.453226234127298788e-01 2.619238413252276576e+00
6.742196370733496424e-01 1.171874408636846554e-01 6.524789603967143803e-01 2.904726879144282847e+00
1.353876763941510852e-01 7.784670316414618041e-01 2.060502139929583976e+00 8.603759725408463011e-01
1.780751639008361309e+00 9.963722173172578911e-01 1.253108615749674026e-01 6.044047676030204208e-01
2.528008393432602752e+00 1.760185020323115301e+00 6.253593341236615144e-01 7.738322069006086101e-01
4.403396511923590717e-01 2.267227319307900224e+00 2.249015244669267055e+00 3.022989157543556349e+00
2.816625275435684639e+00 3.646308254906677759e-01 2.565966534753771011e+00 1.752982239600261005e+00
2.533104559699178804e+00 1.294408028846892877e+00 8.601804947754938535e-01 2.718981572921054024e+00
1.522375510134812426e+00 2.498399573817768005e+00 7.580141947836516181e-01 2.866376048124064990e+00
1.987802967545156507e+00 1.864512483154843414e+00 2.198069243106913984e+00 1.851623579578408174e+00
4.360443824625959697e-01 2.886033574393253698e+00 3.063834925051432734e+00 5.425810424922510311e-01
1.097571002033490339e+00 2.569818592490622500e+00 2.794625274323384367e+00 1.735953715479984671e+00
2.581167839462089386e+00 2.356440933359736256e+00 1.554558846461880639e-01 1.176264542363462118e+00
1.034408671931221324e+00 3.000184604193949056e+00 1.417963795396391946e+00 1.565245511373266396e+00
2.139218426226531466e+00 5.703690568917987314e-01 7.157553504878015893e-01 5.319510013589937580e-01
1.122763574756161065e+00 1.239143111967160094e+00 1.122904775763543750e+00 8.502057141910933646e-01
1.666514470432029382e+00 3.603422577861927212e-01 3.007823018485028754e+00 1.941481701088443090e+00
2.938884049557210165e+00 1.242242123934543585e+00 1.882117836830949908e+00 1.863066613187886578e+00
7.215437004088939288e-01 1.111967508874136756e+00 1.261544621013397371e+00 2.840621894873392339e+00
2.056986792032888367e+00 1.898889110373266575e+00 3.107721948074384510e+00 1.696962987632848696e+00
1.415921524215140170e+00 2.078013421160525454e+00 6.821225283112015980e-02 7.112590720224717389e-01
5.033706097922199252e-01 1.015342195321093710e+00 6.641724832265248901e-01 2.879697627530673376e+00
1.434837879018890039e+00 2.097610882757081630e+00 1.876515034919585823e+00 1.337049424451624224e+00
1.347760162663701466e+00 2.149628580822517954e+00 1.681198845754650284e+00 1.792083513110951820e+00
1.192776581139959741e-01 2.740135701472762531e+00 3.138506080315574959e-02 2.620515061146214464e+00
2.520560148132265255e+00 9.966413550706358926e-01 3.057711171334489553e+00 9.926238993389766563e-01
3.043644697234118013e+00 1.682399542715878882e+00 7.344540819663298858e-01 1.573847623942039808e+00
9.536367761851110014e-01 9.722332201899643034e-03 2.008482827689583416e+00 2.789386944011090108e+00
1.672314070730307023e+00 2.647383933747348372e+00 2.716244537159819838e+00 5.773916915535025618e-01
3.029761977023604835e+00 6.116392196080570054e-01 1.574134700967227740e+00 8.072097723272717573e-01
8.468259099341377549e-01 1.776497470875925577e+00 1.094896711321780236e+00 1.778023646140320491e+00
3.041428410471476163e-01 2.236668625515120024e+00 1.146112270001464983e+00 2.381219201775895300e+00
2.975378215937495519e+00 2.127552442148824774e+00 2.684288899714385224e+00 2.837361969394297301e+00
1.110743667938973722e+00 2.402803366401331520e+00 1.897841276589250226e-01 1.507101683941299841e+00
1.180842721374643745e+00 1.195718960884060822e+00 1.174291348346713448e+00 1.127210099973201402e-01
2.967108274142133073e+00 1.928300521480074359e+00 1.841788070008816502e+00 1.389294037442236895e+00
8.891469195434418271e-01 2.490710308065512191e+00 2.008292080255903223e+00 1.815165243551260632e+00
1.870912558536065973e+00 2.024893708078065124e+00 1.842024195215637539e+00 2.920295188655070984e+00
5.777058062400546312e-01 1.759026603333518013e+00 2.487674519512081073e+00 2.701916154153312100e-01
2.461687834274228326e+00 3.058743433967127778e+00 2.816697078962776768e+00 1.627241083227756624e+00
2.329144698302848759e+00 1.780190149208687345e+00 2.744177883992478417e+00 8.319438691847198808e-02
4.507801851121874814e-01 2.356591047970930219e+00 5.346231750106692493e-01 1.012077656512910151e+00
2.031620964850635591e+00 2.870844844265978413e+00 3.029898402169869165e+00 9.284349791126641493e-01
6.221063144247332977e-01 2.567760249540069761e+00 2.909364277888594863e+00 2.840957573233419797e+00
1.183314400673927125e+00 1.982044784348177657e+00 1.712309718600306452e+00 3.289729468280725988e-01
2.170667232212497133e+00 1.085443569478230286e+00 2.317422198387608656e+00 5.976789833548791231e-01
2.949903887112890200e-01 4.582534168372208172e-01 6.487153172285676783e-01 2.062583370845173292e+00
6.756852318390965673e-02 2.808081704370731790e-01 9.847447737840943072e-01 9.038321903484511921e-01
1.612642895866642334e+00 7.990225143870266500e-01 1.396905116237203259e+00 3.020133186820199267e+00
3.868436096114800660e-01 2.889511887682297830e-01 2.338865359092828555e+00 5.745681543501063304e-01
2.931049095693271322e+00 2.161223074148748147e+00 1.797648099308638781e+00 3.021351512217956614e+00
1.472795712743397045e+00 2.098518897055624333e+00 1.734706547253682229e+00 7.302491886482932737e-02
1.937283845807184768e-01 6.287722453313745463e-01 9.680358965977698960e-01 2.291118781008640415e+00
3.453599970901376492e-01 2.124037052539141879e+00 9.881938453175732606e-01 1.624829881052511471e+00
1.960713707637215419e+00 3.102792522839466827e+00 2.747820477114554460e+00 1.693613152032019675e+00
2.934914310267686233e+00 2.396133236849907533e+00 2.947549329977525279e+00 1.576872921568934771e+00
7.978964581751586405e-01 2.704740385054494212e+00 2.908049812415116619e+00 2.883210512028734573e+00
1.184847774362066009e+00 3.522753926592136486e-01 6.773311238184135386e-01 2.466919340476983358e+00
5.607112276709258492e-01 2.003516676837038268e+00 2.793068722792669156e+00 5.919049352810803466e-01
2.240848279990357295e+00 1.276177453932289207e+00 1.418258031776368000e+00 2.237193845185300844e+00
4.606605059600076824e-01 1.617322106896070144e+00 3.053185580997642035e+00 1.542090933015990650e+00
6.307612290935996069e-02 2.593078693923564160e+00 1.255923453870606554e+00 1.932566689320100561e+00
1.591254841327743641e+00 1.972589707694007100e+00 2.321148182214963107e+00 2.029455190533545395e+00
1.469517478835037139e+00 9.204198880526127668e-01 1.988364219282002521e-01 2.042233671626066810e-02
2.653554726171755362e+00 2.985255562405178420e+00 7.402702644612882965e-01 1.797717006022232500e+00
1.705847247646399278e+00 2.258900273201463804e+00 9.854858097165410946e-01 1.933529773445671562e+00
1.970685033893140314e+00 1.368499196681349117e+00 2.437662417760684708e+00 2.310854071348915628e+00
2.602926498071896244e+00 9.764564318884051408e-01 3.112089670734492497e+00 1.075969262668497795e+00
7.361354067274238078e-02 7.402030150050896706e-01 2.163759101947342778e+00 2.759589699182691813e+00
5.544006923498244477e-02 1.669739978914564160e+00 1.809876029256385799e+00 7.071630445066513504e-01
1.159624335882194268e+00 1.828206581454754898e-01 1.835261448307137666e+00 9.022857433845519193e-01
1.567973456109962527e+00 2.071877451162834893e-01 2.095758218950701579e+00 2.213224880998776900e+00
5.995785920641268918e-01 8.302326502374668404e-02 3.776589166281207194e-02 2.388564640819717866e+00
2.702620083752099500e+00 4.827616031032459509e-01 2.724931925651582265e+00 1.583947277964971034e+00
3.105900525330095974e+00 2.363018222218821851e+00 1.511770333566557545e+00 1.610522707525618991e+00
2.691838859523596472e+00 1.438278779499475135e+00 1.378909243457884903e+00 9.070868696200581338e-01
2.211662437577817386e-01 1.365934791521991487e+00 2.214160168665507411e-01 2.160621033022839033e+00
9.604831741502379838e-01 1.221533636617025742e+00 2.875388219077591234e+00 7.958571174953169569e-01
2.720758848500106630e+00 1.989032086295280610e+00 1.446417578511119073e+00 2.540258845004358612e+00
1.297426152120862985e+00 2.960232845237245947e+00 3.048773880659009450e+00 3.882209142244548161e-01
2.882511868973329783e+00 2.494956934696658468e+00 1.795325341485161097e+00 1.027248830729186491e+00
6.642733963888383109e-01 1.350084063799631640e+00 3.975398797745341994e-01 1.586293408749095857e+00
2.302456639943708527e+00 2.274618507016371804e+00 2.358175366958113361e+00 2.072898038594667369e+00
1.389888131021967288e+00 2.879121026826053864e+00 2.918581180166943234e+00 1.452047106689168032e+00
2.965839674059821629e+00 2.733671413136367079e+00 2.568034166981437938e+00 1.695983898205799978e+00
2.155792552037401055e+00 2.939866704923840945e+00 1.933352354424223041e+00 1.896125185200969732e+00
1.960041584181080987e+00 9.033366308683959955e-02 9.560120557905837924e-01 1.890325807058826468e+00
2.034973764209239810e+00 1.739352255881495835e-01 2.873876955830099611e+00 1.246767485414206567e+00
8.159680697657002435e-01 2.435916463486959671e+00 2.874703888088625980e+00 2.288813762059720869e+00
1.425727677009062333e+00 5.184853137042294557e-01 3.248229048848498279e-01 1.884083611534858482e+00
5.184684160583263174e-02 9.249632055415697440e-01 2.269456712531504383e+00 5.639013288016928582e-01
2.756948013589263002e+00 2.003775749635195780e+00 2.534800401026006345e+00 1.791337452761140536e+00
2.512456360843874581e+00 2.734528655150172849e+00 2.489879037985048171e+00 2.189840587743740130e+00
3.492969059328149273e-01 7.455119093349258375e-01 1.531305568244172965e+00 2.877550107860178841e+00
2.305121449379017751e+00 5.817499217661089572e-01 1.731563077681850693e+00 1.122377046143300028e+00
1.104584637649458800e+00 1.012516003212570403e+00 1.483113276826080185e+00 2.160699076573723065e+00
1.477453004604235010e-01 2.459688996905484704e+00 8.860727926119357223e-01 6.915967109832600324e-01
2.940410843297804444e+00 2.050513202270186852e+00 1.892970100834035163e+00 3.086653621738518094e+00
2.698192709869653427e+00 2.272748851709341267e+00 2.981266378859107835e+00 5.616758082815164199e-01
3.676121388454493127e-02 1.624104771004781345e+00 7.959727243295018628e-02 2.851283926697161686e+00
1.131830095132995151e+00 2.436585727216985520e-01 2.013031333936948220e-01 2.765945314510222186e+00
2.609990856406036563e+00 1.521396903304749637e+00 1.209129386696205843e+00 1.211831648541583650e+00
2.232707029975224078e+00 9.981087440308485936e-01 2.357981877297745665e+00 2.743931943628645787e-01
2.348323070783763900e+00 2.595706653496063776e+00 5.247444083818582072e-01 1.213106998687329824e-01
1.241856718521538561e+00 9.249233720700504868e-01 2.789703338597323001e-01 1.542206881273753716e+00
1.289702020834819773e+00 2.293354009026175699e+00 1.347024752529688341e+00 1.310714950929086076e+00
1.008661423629097387e+00 9.065533474920983714e-01 1.424746405737664645e+00 7.036516605842959571e-01
7.313246314210501975e-01 2.032052580777786943e+00 1.794547749417838567e+00 1.364565434863041216e-01
3.083377318785919474e+00 2.892173068211604914e+00 2.863633338673214013e+00 1.928786122541551906e+00
1.622384101594882555e+00 3.692305421322129022e-01 2.798120966588645508e+00 2.652674867163682837e+00
1.940320692868081620e+00 3.043568236832857821e+00 6.957379044341394092e-01 1.229833287907502681e+00
1.913755218947774894e+00 1.822174543063597385e+00 1.629068841370779452e+00 1.590662126478801897e+00
3.022309934931381115e+00 1.694169517760278687e+00 1.936653017043987290e+00 9.377816460810831645e-01
2.508937760196107702e-01 1.884970429721786855e+00 2.697191893837174614e+00 8.612491069367196328e-01
2.187850295629455655e+00 5.570640039949010802e-01 2.098259904008389132e+00 3.124064858715704496e+00
2.743999637641832745e+00 1.077074548111404795e+00 1.782250756565645577e+00 7.504005452215940786e-02
2.897747406385117852e+00 2.470273717580933059e+00 1.254862967918142669e+00 3.813468372992459554e-01
2.682246569391013580e+00 1.448275972914145671e+00 7.730789236774447959e-01 2.178346926194871247e-01
3.804066766553365064e-01 2.071081629057349272e+00 2.262177941673456427e+00 2.322830589154711300e-01
2.493491883229391082e+00 1.055932221816091365e+00 1.026370146166021735e+00 1.030800825426847256e+00
1.303686459498632377e+00 1.098961386543439112e+00 3.012694786521078250e+00 2.719341217210854644e+00
3.950517843180228472e-01 5.474719194192869676e-01 1.809848515922060752e+00 2.131776099046942097e+00
1.825302549104540262e+00 1.820656427610355843e+00 2.857934591615865383e+00 8.819802540556450632e-01
2.882990095022284205e+00 1.755711203586391767e+00 1.153557407057459461e+00 2.794511690629716050e+00
2.683900339241607202e+00 4.429977927570452612e-01 1.574316903898985265e+00 2.430787949835357509e+00
6.441542087548637330e-01 2.031345441413436870e+00 1.894534620009398485e-01 4.482363707717855750e-01
5.643637407331021372e-01 1.160225745263208097e+00 1.851651864341041120e+00 3.591558557450230116e-01
3.126549346155354847e+00 6.555665220146301708e-01 1.686415645410639375e+00 2.168249210497633417e+00
5.783062050236703611e-01 8.558781473969999665e-01 1.529202671244605849e+00 1.574002975547791339e+00
1.031567639791953317e+00 2.810639261199997740e+00 2.357023904877769915e+00 2.267173676034215379e+00
2.646419324963204645e+00 6.035079463893879004e-02 2.958872473146532567e+00 1.966202675303018177e+00
2.037148682541341405e+00 1.961629466673938227e+00 2.544931997827645453e+00 1.595426648241051071e+00
1.208282256686386891e+00 2.792160580100874867e+00 3.134146353100744520e+00 1.970652699849223977e+00
8.818112577806591634e-01 1.577464728379057490e+00 2.409815259929321662e+00 1.464735499460988910e+00
3.135724444723760884e-01 1.581551934409018978e+00 1.108529576268298955e+00 5.560772981749375621e-01
1.289348331855694862e+00 6.713205965380165674e-01 1.759674621186279930e+00 9.597052032117633358e-01
2.117207239417236153e-02 8.362724077830273606e-01 1.723856207379611538e+00 1.949962080049973512e+00
8.217431344371457502e-01 3.036780601309181815e+00 2.782461096692692148e+00 3.869469590613039411e-01
6.785033051508553292e-01 2.855508827601109356e+00 2.436423012509975727e+00 1.808410842312394573e+00
2.098397323183067709e+00 2.332462489386106341e+00 5.166426060362055983e-01 4.219704664105140557e-01
2.493112093029657306e+00 1.768561832554759627e+00 6.854800199513939596e-01 3.611925792631369703e-01
2.895364550042195950e-01 3.564731401902788699e-01 1.889201925866739851e+00 2.175548991062682957e-01
2.565106701334205486e+00 2.627654489270546456e+00 1.293354790118674602e+00 8.194265927353792112e-01
1.763944149962042740e+00 2.662623254172496789e+00 7.911802031197217033e-01 1.613705773873803206e+00
2.340198961931093447e+00 2.106170553422643810e+00 9.350299813653791814e-01 3.744952477997698023e-03
3.038271374345173026e+00 1.508890309466225155e+00 3.131864374055353117e+00 2.826161208197482289e+00
2.093669152627913643e+00 9.953173623468121178e-01 5.620710514674460700e-01 2.067005864483332900e+00
9.947228016099413095e-01 2.700287799043957104e+00 2.827341040107128833e+00 9.285889454320260805e-01
9.580769603048763239e-01 4.513785790365342221e-01 2.746476436172713864e+00 1.501622901624034112e+00
3.840843949444439076e-01 4.072677821004552223e-01 2.223357336800776629e+00 1.850107227595751525e+00
2.434861884412390598e+00 2.374213392302852998e+00 1.862803503486428758e+00 2.386622896355871326e+00
1.516695056280371823e+00 2.919267134313325851e+00 1.691753956882294130e+00 2.856453345575889369e+00
2.464290829115006520e+00 2.324260294570164476e+00 1.028652979001439371e+00 1.493984712758577305e-01
1.517553997417839806e-01 2.417864802757553555e+00 9.704493060930701187e-01 1.070440446567421988e+00
6.458799903867733505e-01 1.737977554378998812e+00 2.494465749180085901e+00 6.016238813597427071e-02
2.885440167055520089e+00 2.552335852813549799e-01 2.985547365209759274e+00 5.594602580336505149e-02
2.698026942210551393e+00 3.078246374070270797e+00 1.368517677210887573e+00 1.266364262408257613e+00
3.792080287585974374e-01 5.077039586398471999e-02 2.963409162292497179e+00 9.789689914264535497e-01
1.592688303103238834e+00 3.346009371719049774e-02 2.775188066226149441e+00 6.310657824692138540e-01
2.594445407318473062e+00 1.013181157800647325e+00 2.431554058379186589e+00 2.374057261172896727e+00
1.036531598216155148e+00 2.533727689694071028e+00 2.793875765427210833e+00 1.516711488556560905e+00
2.142877037062669743e+00 3.958858409729647532e-01 1.998058054495627456e+00 2.761125315042484374e+00
4.040826258614779731e-01 1.118425268171795661e+00 8.514338723822687527e-01 2.329584184649558853e+00
9.576720712135755598e-01 1.251182247754748289e+00 2.638391179129335740e+00 2.383767659624868696e+00
1.638178260119569130e+00 2.588838561149727102e+00 2.084641917720730486e+00 2.093130317649718464e+00
1.562439475208155848e+00 2.657888124223721338e+00 2.410337175322180059e+00 3.082595913953821043e+00
1.541596797708021604e+00 1.704596728778123016e-01 1.356657773108110865e+00 2.538054938465772459e+00
1.075646757209078430e+00 2.677441158769289231e+00 1.232342935314370447e+00 1.391040930591305624e+00
7.297621338670078062e-02 2.297851011400537491e+00 3.348845660015835612e-01 3.069627233986620407e+00
1.111416719795560171e-01 6.577012684179280866e-01 4.836044349276643617e-01 1.662322609509956584e+00
8.756198669885738584e-01 2.820388749750774693e+00 8.861559981797281216e-01 1.698672686674589649e-01
1.581943056103949849e-02 2.105828220188897149e+00 7.814214398010923546e-01 2.108288977732505620e-01
9.441280811681126428e-01 2.287407070109846341e+00 3.714331006620599229e-01 2.761727243315760916e+00
1.333198863170402371e+00 2.068500945841189598e+00 1.748928983278721372e+00 1.458501696071028642e+00
3.262650247515815893e-01 9.476011744478742838e-01 1.276983899464695149e+00 1.571472916643142037e+00
2.298312226535264846e-01 1.542805393024428096e+00 7.757133105756964797e-01 2.128635371298024381e+00
2.017471069757279079e+00 2.848080977944960512e+00 2.022941499738044602e+00 3.045221402850249337e+00
1.669609843275765337e+00 2.815488477026514502e+00 1.620528983056336580e-01 1.992944518918824404e+00
2.357142694723588061e+00 2.078160231498228594e+00 1.341338009582482282e-01 7.456675935095580243e-01
2.855901974933259257e+00 1.632011248633797873e+00 1.992129894805773516e+00 5.151666285809624046e-01
2.169356239438483824e-01 5.560419711927785391e-01 3.126643771167143537e+00 2.932250262115438488e+00
2.363638641620494862e+00 2.481358234634078563e+00 7.654895371529419901e-01 2.105236963084511359e+00
6.419028380862807914e-01 2.495888457040893904e+00 1.563096304732824182e-01 2.811585416795074899e-01
2.173200704446429210e+00 1.259792309793273113e-01 1.205781912486670049e-01 1.994996411733527042e+00
1.115895246958734210e+00 1.885545728004580424e+00 1.656354096142677701e+00 5.125681349696347144e-01
2.152298724656306061e-01 2.575510944096257027e-01 1.582956576700937479e+00 2.624919215290482999e+00
2.091317068794369405e+00 2.398693001249870171e+00 2.354906174723108592e+00 8.956566120195517955e-02
1.218965021966378126e+00 1.061238159561763261e+00 2.669463240830862727e+00 2.297318125595456006e+00
5.064187419686548841e-01 6.942035314817331937e-01 1.087908516145652316e+00 4.913000566056062446e-02
2.554552369793456901e+00 2.422460644483230396e+00 2.191555166711318670e+00 1.309414440560786597e-01
2.633535706300657697e+00 1.172151981797572518e+00 6.224560189601847648e-01 1.484625934603783781e+00
1.203183175199703525e+00 2.647070425682853667e+00 5.427331804149972960e-01 2.921571924282789112e+00
3.019428136954478870e+00 5.057151139143413188e-01 8.100200071048790917e-02 1.001513363233167198e+00
1.059500889410882829e+00 1.619001387147385618e+00 3.827694063349685316e-01 2.977995939681229665e+00
4.362257761998485361e-01 1.444153381921809753e+00 1.377483933322172782e-01 2.960938835851513407e+00
2.044148675570090390e+00 2.248576920864947315e+00 2.435914433209835472e+00 3.375743986173399547e-01
2.126840142940483958e+00 1.270198805657042129e+00 3.767374220368201188e-02 2.973384404984520835e+00
7.867444321634653459e-01 2.692187202915223398e+00 1.256589140338163046e+00 2.488368634760151910e+00
8.567725257609322131e-01 2.987303096080316411e+00 3.797457548511289360e-01 7.770106689746396622e-01
7.250099095812800876e-01 2.260343550788048272e+00 2.921552892399024604e+00 2.468804744122096384e+00
2.352297733070743746e+00 2.496863227869717594e+00 2.243841343277037215e+00 2.132127983890093947e+00
2.624923407902199468e+00 2.388155984392431819e+00 9.820342464333545740e-01 1.195073608837744272e+00
2.383213283769522739e-01 2.639702295512978303e+00 1.421320019308029092e+00 4.357717065578912696e-01
1.955314162482987284e+00 1.827003008111045546e+00 1.348384685299376606e+00 4.715727639979913066e-01
1.223952082512789641e+00 1.947081856075200346e+00 2.232748737596584210e+00 6.355546173362035534e-01
5.811069071675614151e-01 1.663549124025971437e-01 3.767771482333927557e-01 9.956222006759304355e-01
2.436341722675719801e+00 3.123392748546532705e+00 8.022394875855584084e-01 1.696690350216225829e+00
3.140481055816439770e+00 4.644839530575498587e-01 2.635318403648194696e+00 2.314273408178688651e+00
1.656620756018337026e+00 1.327913272528007838e+00 2.700481588145807077e+00 2.574779609689334059e+00
1.585177296335014419e-01 2.573196112515298672e+00 1.242423038202966845e+00 1.315195089015844365e+00
2.065678264261913699e-01 1.795169789615221667e+00 8.324922804516328156e-01 1.318773769566422838e-01
1.250702568031796913e+00 2.636509789268464132e+00 6.435189527994222836e-01 2.513035771626715431e-01
1.365807919399084858e+00 7.694689705794632850e-01 7.606528069181279772e-01 2.307459505331158844e+00
2.668594597931468027e+00 5.819993814461154463e-02 1.396615412012339963e+00 7.497190358615243300e-01
1.573425129657017640e+00 2.819954299597659197e+00 1.158988887345209884e+00 5.935337261375508433e-01
6.900603089842944904e-01 4.378522451996674225e-01 2.528888925526747933e+00 1.310205143162989083e+00
5.015854969606583502e-01 1.925881606530437162e+00 2.290316331629229651e+00 1.875645480929742925e+00
1.688126095603393440e+00 2.976870616991619034e+00 2.635437695493561439e+00 5.013270278649479827e-01
1.094857224521916583e+00 1.542672686146574934e+00 1.049149961883825810e+00 2.202365237904466699e+00
1.516941917187569100e+00 2.508790191956900895e+00 2.493346621635996296e+00 1.007598830808472901e+00
1.390964990504228282e+00 3.091201130386310059e+00 7.493801564260853532e-01 1.384526962164882136e+00
2.519943581060703597e+00 2.639268109836446996e+00 6.212785394511018827e-02 3.045838031175905680e+00
1.835282535269681103e+00 2.247588871041461100e+00 9.316607001093739626e-01 2.258530356316250209e+00
1.446006661436396667e+00 3.086707836620855794e+00 2.773908718021520503e+00 1.860733108101251920e+00
2.861103490173875219e+00 2.410594493630652924e+00 1.588205540921590497e+00 1.066378448228810560e+00
1.700114112553992307e-01 1.236150165707833315e+00 1.738600750621561275e+00 1.096495454048786566e+00
1.461096973487394646e+00 1.335952917413408603e+00 2.609861171336304242e+00 1.965735971194066734e+00
1.317182582295592708e+00 1.353607647979992112e+00 1.788757078163107916e+00 5.039030909348876097e-01
1.810207448166583744e+00 2.546640241817687222e+00 7.571227256675163719e-01 2.391674714444120387e+00
2.560484005238377492e+00 4.391644393699603022e-01 2.760404251893543659e+00 1.147566179268009634e+00
1.696186971094092666e+00 1.823871476558569960e+00 2.687660750623425798e+00 2.354132970689032156e+00
6.696577740000269063e-01 2.752037054682409334e+00 1.201793731333466453e-01 9.603706589582456932e-01
2.440627926921396629e+00 2.665249864837645255e+00 2.365689547353171385e+00 2.154067270664143052e+00
2.401091825109489264e+00 1.972580101322075397e+00 2.717603782224650821e+00 3.062875856673501929e+00
2.126040297105132204e+00 2.363867313211819976e+00 2.361902861872218207e+00 6.435566266690359027e-01
2.566005099439660597e+00 1.895516871165364992e-01 8.387439137960437385e-01 2.640061588525355774e+00
6.330257895191140349e-01 2.360417518008061322e+00 4.167276806445002757e-01 2.492702841312111506e+00
1.856025827786204341e-01 1.469917399702264982e+00 6.037734071573192668e-02 2.348523327372390224e+00
2.807231270035845938e+00 6.257786028078707874e-01 6.824735421449559247e-01 1.608713448664161438e+00
2.483078070940924587e+00 2.159390325441250535e+00 3.044559924275751062e+00 1.808224577730108917e+00
9.394092226436959736e-01 1.931763845873345486e+00 6.178742043091414032e-02 1.277267936659135517e+00
3.453111655997230245e-01 2.215173812204732862e+00 2.046566131979684899e-01 3.093976056024561938e+00
1.614074211918819612e+00 6.561025578632200261e-01 4.760285476987056730e-01 1.468873360571624875e+00
2.365869084484566898e+00 2.946169976976923177e+00 3.004379305885084506e+00 9.399070275528145224e-01
1.713777060493737903e+00 3.587537939770520934e-01 4.490964722159920264e-01 1.945414535139286416e+00
7.270425939980751720e-03 3.149218670124707686e-01 9.879012699130554909e-01 1.653367645460041002e+00
9.541227734580293163e-01 6.387788705873367334e-01 2.397767010474163296e+00 1.112712301216786104e+00
2.688830084604935777e+00 6.549544605557396926e-01 2.925699686175055714e+00 1.340733083864679376e+00
2.279988317253830221e+00 9.269057020685159687e-01 2.121361698669526952e+00 2.195547627395848522e+00
8.874692058448522269e-01 2.906603522566181930e+00 2.026470600846247194e+00 2.724625560201209939e+00
2.362380307541656954e+00 2.406692324030994978e+00 3.080212525240854315e+00 9.013884578851466545e-01
2.675560995661365737e+00 1.063917767849388518e+00 7.009680952726207170e-01 2.317309453055162116e+00
1.354868102854339451e+00 2.772425408693367732e+00 1.279016389503307982e+00 1.800827807475249953e+00
7.956738465862691623e-01 1.363951748632638239e+00 2.559476766325711861e+00 1.411687071868669596e+00
2.711222719974148099e+00 9.625032922387377621e-02 3.863303728262715842e-01 2.032442118157119282e+00
2.117341067076513317e-01 2.045426519526368558e+00 5.905096388599936352e-01 1.287281165870559491e-02
1.582949085156562408e+00 1.155581215293776554e+00 2.657513538835131417e+00 2.502348918423694002e+00
1.598208357940048563e+00 1.759680503292573306e+00 5.345496127326040403e-01 1.632467202292794184e+00
1.272514768555436770e+00 4.129225775841203205e-01 3.309128855112488526e-02 2.657365531987662330e-02
4.877116019971968197e-01 2.760258475502392894e+00 1.510759417160262963e+00 1.817810674737917687e+00
2.466212548894352874e-01 1.998793504266037857e+00 9.152749051632980137e-01 1.245586196309584670e+00
1.071867755308010928e+00 9.791115650195598707e-01 1.649236466740978124e-01 2.909062195348957935e+00
2.641878293417515344e+00 2.041481748415931108e+00 1.002684710125642198e+00 8.723313373654119074e-01
1.625806471046886914e+00 1.856924553462600436e+00 1.703735039821250963e+00 3.586320140196435635e-01
1.693397751504178927e+00 6.950054622077527222e-01 1.680369368372935268e+00 2.332260638097258365e+00
2.941546292724463108e+00 1.141844755246152587e+00 9.017298886210002307e-01 1.927273269338966477e+00
4.278569473884675234e-01 7.727346743667926621e-01 1.369959714517681393e+00 6.584242493371555982e-01
3.113026822397765514e+00 2.329001572563293543e+00 1.212889838496343797e+00 1.737504689817118420e-01
2.542478652881170920e+00 3.724004789662012094e-01 2.216214638909919543e+00 2.767150103566474062e+00
1.103724993418619960e+00 2.873647249613479282e+00 2.979213223314337355e+00 1.573637848817043494e+00
2.537353974845067306e+00 1.880740594339263216e+00 1.031330220893320743e-02 1.105599395596248868e+00
1.470375381102734691e+00 2.327655398108316565e+00 1.097287879455369985e+00 8.072532058438509905e-02
2.694254469491061510e+00 1.059911275650801565e+00 2.963118381787288591e-02 2.788697349781654733e+00
1.749447789188840252e+00 2.213797704716541581e+00 3.031671077964122496e+00 6.812702273718553858e-01
1.698013926919599959e+00 2.744594076342143918e+00 1.130530445837042208e+00 1.641985492966614224e+00
2.732067679153459050e+00 6.481964385827841957e-01 2.122403428514926027e+00 8.596174400774562185e-01
6.122568566453489014e-01 2.369321257614203979e+00 2.487495837027789758e+00 1.460884746067318551e-01
2.002833361466407780e+00 2.072259487423125712e+00 2.294316038539035318e+00 3.139803396517956813e+00
1.495715617496507166e+00 2.079305181039612815e+00 3.691678656270599990e-02 1.866960601626835636e+00
8.445073294260806440e-01 2.820608822956403916e+00 7.990225944226225785e-01 4.641906355500317188e-02
1.805594527262033566e-01 2.498911685582328790e+00 5.103799258803514149e-01 2.208929529009396653e+00
1.044863590495079375e+00 1.291630621881908247e+00 1.795780489282687409e+00 2.339578382901452258e+00
7.971712896932617864e-01 1.977725888406792754e-01 5.656667937884323205e-01 2.654870971100046440e+00
9.011626978095326201e-01 2.806884098540879613e+00 6.882078577081107706e-01 4.561337384244087412e-01
2.573552965308305573e+00 2.371421897679911073e+00 1.440656755490431706e+00 2.722387943750560702e+00
1.905848939112724461e+00 2.125362016750353522e+00 1.699144570373756435e+00 1.274477996454852269e+00
2.246840991923091835e+00 1.822924611908329551e+00 2.072028279892740965e+00 1.231074611569003219e+00
2.189309046432509565e+00 1.131328717832661868e+00 2.512115239370797504e+00 1.473748007244188585e-01
2.870486193216255977e+00 8.391126890202919020e-01 3.873198876495325682e-01 3.038532126531427124e+00
5.877720787520246404e-01 1.670415308220108086e+00 2.351136909488204640e+00 9.252472725113412011e-01
2.197265640084211213e+00 1.578179811443313207e+00 1.488456764676444832e+00 2.015080639928158668e+00
1.254403119101160646e+00 2.489834519708806759e+00 9.010892053584137473e-01 2.559368889669064284e+00
1.730640409145470515e-01 1.815210247571762858e+00 2.322541745408894354e+00 2.414320315516558235e+00
8.688691073243051122e-01 7.860209905185155943e-01 2.991612851179305199e+00 2.840372585792748428e+00
5.190003139564703938e-01 1.445296161792713141e+00 2.349533626414909149e-01 1.980011568395707133e+00
2.424666496404490168e+00 2.987025936611101606e+00 2.879441485312023374e+00 1.117818596647486951e+00
2.371306107879164404e+00 6.227791517795413512e-01 3.279408981655618227e-02 6.883180930149305210e-01
2.017552435666880584e+00 1.795405003336434602e+00 2.863054434986738173e+00 4.955194005036024363e-01
8.721248299002619664e-01 1.264322270258825043e+00 1.612249554241776961e+00 1.799535208450982360e+00
1.098166603062940005e+00 1.082433906759904252e+00 2.819380530435517063e+00 2.421385760669205744e+00
2.306533366348123337e+00 2.756064637371557602e+00 1.241406174781448213e+00 2.432103122259835715e+00
4.340536366598689022e-01 2.431359014452134204e+00 2.626229303849455299e+00 2.845182930120442322e+00
1.350962567980237949e+00 2.576787280541334102e+00 5.568394137295894220e-02 7.196930765288132026e-01
1.331045328646414116e-01 2.422148370136464557e+00 1.668402468373116898e+00 7.507574392430134136e-01
1.263188772786936198e+00 1.125940925541627280e+00 2.938142837696327891e+00 6.214093598762906456e-01
3.136130609119188950e+00 2.384694390920123030e+00 8.826543765460733715e-01 2.430921530331922042e+00
2.518359942992624667e+00 2.988498282910011739e+00 1.830370087601937534e+00 3.135399295471541947e+00
1.683153591250294179e+00 2.544057241241754141e+00 1.113665600921563553e-01 1.472701257101405869e-01
1.911939461358743708e+00 6.265875301641687933e-01 1.208280703873666262e+00 1.773280868347689276e+00
7.133530705225442636e-01 9.891265977919272423e-01 3.376914708744584437e-01 2.238570471553487540e+00
1.640219879455608210e+00 2.603314815411838623e+00 1.201152994081018388e-01 5.548175966383582791e-01
4.642244214944999947e-01 8.287531472439499947e-01 1.683322831960544219e+00 2.081762777216576321e+00
2.017524032999193473e+00 2.751639269942752763e-01 3.134989336322704823e+00 9.408799527733824331e-01
1.321248693857598910e+00 6.742885733067045528e-01 1.061168740525989113e-01 2.541272797409635853e+00
1.077840764406107654e+00 6.977906944717398030e-01 1.697045123674669975e+00 2.560059394027069501e+00
2.388999773911963942e+00 2.360336439094061767e+00 1.991165425971775260e+00 1.287674954251648851e-01
1.268659563766399989e+00 2.001307042923352597e+00 7.327680037390209566e-01 5.190415898951462603e-01
1.882380011157872346e+00 3.262205668038548612e-01 1.534744816632641173e+00 2.377625146888246110e+00
2.994497703442493997e+00 3.199511886468665023e-01 3.085987469762505153e+00 1.115718959860311221e+00
2.894594799197467871e+00 1.329202961438304478e-02 2.319395775434375251e-01 2.222909110733462812e-01
2.121724660012509478e+00 1.483385678539287600e+00 2.026534611156499466e+00 9.665822301085853496e-01
2.581691725450043773e+00 4.173061501833116166e-02 1.471952512342986408e+00 2.459907063784017023e+00
3.353210510172793812e-01 1.099226742349393549e+00 3.545606093539943049e-01 1.810134304834022156e+00
2.127517981364099420e+00 1.612799428401772595e+00 8.214994731301770159e-01 2.672530590545814988e+00
7.307148047442602046e-01 1.324174001885743746e+00 1.945007569913776546e+00 1.733099539365422714e+00
8.208847505045823167e-01 2.513969028675392181e+00 2.496564084788296611e+00 3.822339817527677930e-01
3.023186670871112369e+00 1.975223488296525609e+00 1.244383881070060927e+00 7.040433806309283060e-01
2.989520686409621764e+00 2.041429132364548149e+00 1.842233965022204434e-01 2.518393965951327029e+00
9.544142289683790192e-01 8.464942840466427310e-01 2.147804559474382646e+00 9.472686147848232707e-01
2.372099161858057137e+00 2.251342219430723546e+00 2.739316966713536416e+00 3.509027855774874971e-01
1.260810475303547618e+00 2.815840741168432082e+00 2.466423123291062058e+00 1.647736741931047133e+00
2.978824349197552124e+00 3.102639177874998655e+00 2.218277828074321611e+00 2.613438777103526345e+00
3.102652805192111618e+00 6.007213245402394097e-01 1.464386541073988690e+00 3.475645408517717971e-01
1.063689494627988348e-02 2.041829457346655108e+00 2.671928517523268098e+00 2.872363082989284333e+00
7.965830135980302151e-02 1.496649425620786289e+00 3.021876139396209027e+00 2.966025393289200895e+00
1.648870191960412290e+00 1.471927698722500510e+00 1.634483834368414712e+00 2.157674425019499242e+00
3.992273238010088376e-01 1.994677844542642298e+00 1.913600778057409801e+00 2.159121179919729627e+00
2.392433188415048928e+00 8.292144082389265591e-01 4.413881333613995928e-01 2.696481178152874580e+00
4.200912360373297849e-01 1.006371340171599238e+00 2.493201833610530382e+00 2.663371468263306951e+00
2.328737719681425400e+00 4.190469284845787512e-01 2.073118585153832516e+00 1.717859200622986471e+00
1.716555773096488879e+00 2.797978406710102117e+00 3.075768068052711524e+00 2.499706176684600489e+00
1.952380755029945014e+00 2.754818149552871631e+00 7.806159167176126568e-01 1.427322952732634764e+00
2.020609425632148015e-01 1.994559497012696969e+00 2.293039484685318818e+00 1.837176809560282287e+00
6.624000463630554114e-02 2.393923372062287669e+00 7.059824007819869296e-01 6.987955447229933226e-01
2.986794080743591540e+00 2.806364783951380629e-02 2.287304895936280502e+00 6.632925472439040737e-01
1.565536162277615384e+00 1.388511155969646360e+00 2.317603828000184940e+00 2.656576674614222533e+00
6.345602279522541966e-01 8.670937167881573870e-01 2.393514040671401499e+00 1.995081258470781771e+00
1.719356883378795109e+00 2.049912357407216223e+00 1.592453580749605191e+00 2.498265663565918671e-01
1.355445213683265537e+00 1.542596972440064107e+00 6.060958532006666122e-01 4.223026500624179058e-01
1.606378529795642399e-02 2.859635654697056051e+00 2.596264274698659058e+00 2.454878247948643899e-01
2.726354322921774376e+00 2.460141106784115905e+00 2.636795633289344742e+00 2.523346406559923150e+00
2.503417088625264686e+00 2.252592272396287676e+00 5.739006703514548668e-01 1.171977843733345459e+00
4.670520362880089538e-01 1.452764896671479233e+00 2.571222385640548946e+00 1.428728127545432880e+00
2.640317369504641576e+00 1.858734902431235403e+00 1.817813431180968387e+00 2.340828821345329658e+00
1.520841643175325775e+00 1.252794810050784413e+00 2.991099433128591389e+00 1.657619220709858565e+00
2.485948342250104692e-01 1.221700130190995992e+00 2.552935999159078762e+00 1.996871184927783427e-01
5.847743573006947138e-01 2.802428916807400139e+00 2.291882682384086323e+00 1.197211653016792887e+00
1.782520415562844907e+00 2.953008340759104122e+00 8.893497267833979647e-01 7.204990600679968271e-02
2.723181262486211285e+00 1.476464889710276784e+00 1.917119288172270286e+00 2.569784777873574733e+00
1.067212916009948387e+00 1.664812357135909693e+00 2.111991686649133282e+00 8.601418536509624069e-01
2.904897745318418600e+00 1.377277174484721645e+00 7.983466938655571221e-01 2.057810471655034945e+00
1.303444795856692151e+00 2.217147666091151770e+00 1.095924421783473823e+00 1.529117792031949863e+00
2.995903251714471693e+00 1.043343540484801490e+00 5.594661922750350236e-01 2.802395360221138887e+00
8.543255496809317728e-01 1.403538721139287349e+00 2.437048786933759370e+00 4.961443977958620022e-01
2.778526259655413000e+00 1.376365360167278062e+00 2.791233106458174351e+00 1.103262373779286376e+00
9.225178759591968758e-01 2.299832375835208165e+00 2.196366159165619614e+00 1.513799433570011788e+00
1.667716886576595670e+00 2.265020524287734427e-01 1.549294059848826732e+00 2.301667506307886413e+00
2.506718372652299465e+00 6.335878203474650805e-01 2.010976014426137104e-01 3.444509037021725173e-01
2.948565219570284501e+00 2.924695348558990826e+00 1.600056572309837555e-01 6.377317176706204238e-01
1.660130331624266153e+00 2.930898606638890236e+00 2.228386237058133990e+00 1.054216448628904290e+00
6.325219800405091908e-01 2.175592776380313786e+00 2.481111221988259175e+00 2.075213901669417549e+00
1.700416730222611861e+00 2.879858967950879478e+00 1.860304674970796768e+00 1.937572871775975702e+00
2.270074275783656947e+00 3.042585420065546220e+00 2.463508845203262965e+00 1.376570970160132523e+00
2.631084728031539033e+00 8.593798380595357722e-01 1.170107055104592453e+00 1.966290577278815732e+00
2.006977242843144715e+00 2.282901060889260814e-01 3.130436550273851370e+00 3.580946783390495658e-01
3.028391309714980828e+00 2.586152084665107598e+00 1.535415529005492719e+00 7.097596274380715275e-01
2.099547806483584189e+00 1.126361323909226053e+00 2.227718634348549553e+00 1.800215104650868092e+00
8.570105209494763843e-01 1.119472216224466132e+00 2.313441902959787910e+00 1.937151868125390974e+00
1.414187967375857280e+00 2.486809920769773363e+00 1.143037650428855995e-01 2.480747403640626736e+00
2.649902102754051469e+00 3.820572298931579902e-01 3.042012930647104429e+00 1.472111163815920998e+00
2.058634330955658065e+00 1.350726146824901885e+00 2.635298923326238274e+00 1.718823717923285033e+00
1.434464559604110567e+00 2.552565654281655494e+00 3.107937056561072442e+00 1.091635175700097771e-01
1.566412897664477111e+00 4.079609067233410102e-01 1.655741948770995953e-01 4.906037287861715890e-01
1.703392587858159279e+00 2.817019428980314988e+00 9.384058936802978090e-01 1.092802747488958115e+00
2.848340512768140265e+00 4.502615883445097444e-01 1.224760465524020958e+00 2.110948949902887506e+00
1.001406734541057331e+00 2.507486467742655822e+00 2.240340500494241383e+00 3.099117833439639091e-01
2.863318601421804832e+00 6.668995337139853596e-01 2.554452395104652052e+00 3.918426391773112138e-01
1.089349231846211373e-02 1.641799911999769712e+00 3.014224297158031973e+00 1.921015277579097846e+00
2.111804477536494584e+00 1.963785454179832302e+00 2.837883747501593668e+00 1.464019045240161798e+00
1.676772223900823588e+00 3.137600959041162874e+00 7.919605902830598732e-01 1.957462060706599116e+00
2.434612780865974990e+00 3.774033521679879405e-02 1.038315097394952646e+00 1.482265804559107725e+00
2.625900984258139559e+00 1.856825525339177219e+00 1.867431345733463477e-01 1.449240321595780312e+00
6.687460791946969740e-01 2.709571901720911669e+00 1.961022223164928802e-01 1.884304058208585264e+00
1.040736635820370015e+00 1.543919099774339498e+00 2.029968598131041801e+00 2.723311906464982002e+00
6.790110453414912595e-01 1.054204926681305388e+00 2.152383340681272905e+00 1.155878632101194237e+00
6.137698922751212427e-01 2.668451983953476159e+00 9.193108950566084570e-01 1.721202795554712228e+00
2.614586042062315929e+00 2.735467087362721372e+00 2.901780032444905455e+00 2.542877189684556782e+00
2.058785844084173533e+00 1.735492631979029365e+00 1.017400045840604950e+00 1.025334331976452962e+00
1.886787495705456896e+00 1.737360195160464915e+00 1.048772247730112461e+00 1.146788060346873639e+00
3.027745134934984428e+00 2.734544030598267561e+00 8.193944359694835811e-01 8.431788058646401129e-01
8.552085354599241462e-01 2.229342119609042605e+00 3.035259135299893662e-01 8.659112132844705156e-01
1.172117341963402781e+00 1.621535767235734671e+00 2.748472838789420836e-01 1.127559411267879730e+00
2.377279277586436645e+00 4.554916599884900608e-01 2.840524038124061512e+00 5.622737153564210111e-01
5.541166881187733484e-01 4.335597124345765691e-02 1.133428576186263692e+00 3.134503479509717749e+00
1.415991435025980127e+00 2.789902145610778650e+00 6.518039646600639614e-01 8.971983498536284518e-01
1.265616263303019240e+00 2.134881796537024368e+00 1.252609417762446942e+00 1.830275807232460306e+00
1.841396371895514195e+00 2.739729144956727591e+00 2.258841838082628950e+00 6.195074645819089731e-01
1.113574560571614747e+00 2.706026896774077262e+00 2.135682272783394620e+00 1.942189542715942130e+00
1.997998075488497186e-02 2.173899834104677353e+00 2.681739274397498818e+00 1.753239142133054429e+00
2.610617190406263166e+00 1.954875225228537738e+00 2.938196470883890132e+00 8.713009232527738068e-02
6.560098901865177856e-01 2.209033819064778470e+00 2.271849520015291279e+00 1.675739428159464861e+00
2.255900141023243766e-01 2.577538177517685103e+00 7.274730723690843170e-01 2.661621367830281137e+00
1.530402749643268390e+00 1.835463908023445168e+00 2.641246280445288974e+00 2.772453317864103983e+00
7.046620751694300244e-01 2.345965142060729702e-02 8.460915034932422474e-01 1.012904058652233097e+00
7.079192354254200126e-01 3.353013798186944006e-01 1.892231237759939733e+00 2.008762800037773744e+00
2.801321509355060080e+00 2.151081810520733217e+00 2.729090418995816059e+00 9.519028088424200118e-02
1.026068856549600117e+00 2.281101575382120661e+00 1.109568417550938157e+00 6.185058135966018389e-01
2.684308689678158277e+00 2.897180195783132906e+00 6.358789739688565090e-01 2.327918398049458215e+00
2.556729414849525206e+00 6.082755469640757084e-01 1.289226380590315024e+00 8.133830861517729049e-01
4.102103847232896894e-01 2.595828633450049328e+00 1.368334459003399228e+00 1.452886066913724461e+00
9.243792134774252434e-01 7.521674573266332597e-01 1.247601259805794616e+00 2.630131348044804973e+00
1.468299224456073304e+00 1.000637463399414867e-01 1.837605743212329390e+00 2.934468848625443105e+00
3.344840219867086240e-01 6.251296011587206269e-01 3.107933427713155172e+00 2.884971570423779941e+00
1.696310695362211352e+00 8.859507435252985674e-01 2.454935416672958226e+00 7.231583821014382352e-01
2.300711793517507431e+00 1.323249881018306595e-01 2.896952072666363898e-01 1.815459251601874380e+00
9.168859174622806529e-01 1.970285135768925944e+00 2.297658523146436094e-01 8.446557557247227344e-01
1.727164683459790240e+00 1.923546140915926905e+00 2.087150052494102681e+00 1.987729153896557133e+00
1.001150495532870721e+00 1.953983319929575302e+00 8.740972132841561271e-01 1.218375190325103608e-01
1.376400716866368557e+00 7.145472629975353762e-02 1.430489402610859440e+00 1.046938376440157858e+00
6.813863505933929199e-01 2.556114505179487129e+00 1.907454218739810803e-01 2.054581885229974869e+00
1.170038297240434844e+00 3.076279995207813034e+00 4.604261876872853820e-01 1.321745141615958907e+00
6.078139537118283364e-01 4.495208000281071814e-01 2.822176857574937525e+00 1.836988022887573901e+00
3.042341792563763025e+00 1.792360245130109719e+00 8.350432056996701657e-01 2.882159345118992633e+00
1.707541846338593627e+00 7.910940426377462975e-01 1.180515178900825468e+00 2.611325811551552079e+00
2.624976883834173158e+00 1.663137412680937066e+00 5.194393645161520245e-01 8.755576193581920963e-01
2.175696306933405211e+00 1.478784308495918465e+00 3.052020368696971797e+00 6.590295350346242476e-02
1.935404501003933908e-01 2.418109353615143231e+00 2.387241535884094823e+00 7.764864326703537767e-01
3.395395763321970573e-01 2.857488534240992806e+00 9.326550901940197091e-01 1.767618998774704631e+00
7.781787216304549837e-01 7.658467557911454726e-01 1.353456850545850410e+00 2.511642216125112181e+00
9.471909551019228046e-02 6.274679204844746394e-01 3.016141764369308920e+00 1.279010815972730253e+00
1.586153326089312143e+00 4.489309732288204180e-01 1.093920261167090402e+00 1.231028250608738661e+00
1.673432176507006819e+00 4.362598231877946181e-03 2.449821132945867452e-01 1.723907288834233276e+00
4.321824139000619569e-01 2.590364501749003789e+00 1.071451662304016450e+00 1.520840655353706383e+00
2.603757619684986535e-01 2.117730355271096876e+00 1.471493624624521601e+00 2.854878862803635453e+00
1.548890463609467139e+00 1.183772740046069138e+00 5.673150354924970558e-03 1.615770243177123255e+00
2.090789538602435993e+00 1.565622885504679873e+00 2.169674102058013698e+00 1.104366632456350861e-01
2.101814972435536610e+00 1.426747866888727900e+00 2.312908131239440834e+00 1.515957246364139754e+00
3.059475766378527695e+00 2.067691695744967806e+00 2.780322275467348003e+00 3.118371064813092453e+00
1.063238109644497165e+00 9.031479636516095422e-01 1.986687012130186503e+00 9.462956737610077607e-01
8.728120636469010041e-01 1.695023720078826290e+00 2.149130585241780800e+00 4.699874066654357030e-01
4.257561897600055656e-01 1.131078241118488314e+00 1.120392820251891797e+00 2.653876835900220943e+00
2.995163848451166899e+00 1.657599204643125823e+00 3.542187682355381062e-01 4.479349447552445906e-01
1.865332610937725955e+00 1.831416661127234224e-01 4.833387118125646031e-01 1.379223724236958493e+00
2.206415416562026444e+00 1.325485058635959001e+00 2.216915310404721229e+00 1.488187963635063449e+00
1.088034233660604366e+00 2.870661762414257634e+00 6.739829980067865156e-01 1.972698931656376553e+00
1.583043555203839325e+00 2.605206006110533767e+00 3.567988195243655958e-01 1.575329366747018955e+00
2.902126675910208231e+00 2.590760927692661308e+00 3.122162582529969477e+00 1.583174178814067412e+00
1.132360369807254852e-01 2.723400149958777661e+00 6.624339425451767349e-01 1.158369249583781402e+00
2.623738875807577475e+00 1.245223272988507102e+00 1.160382987509571251e+00 2.752514123715868788e+00
2.217161619259228278e+00 9.191732921540469725e-01 2.148581886862691803e+00 3.038077173084828164e+00
1.253769282953006492e+00 2.782813859325057759e+00 5.266683470956152746e-01 1.787165421352625572e+00
2.030860704454615195e+00 1.621416254707957361e+00 1.292159552988358495e+00 2.202261711758876306e+00
2.260442874874432906e-01 1.152604883675221403e+00 1.223086476487195373e+00 2.128214139286890294e+00
3.120991075236163148e+00 2.064092921890539944e+00 4.990317130890007946e-01 1.399340053118030225e+00
1.279799261862047510e+00 2.439534110140580747e+00 2.708998482562167354e+00 1.160473022107844310e+00
1.560580274317240335e+00 2.205197064215566716e+00 1.488855087482174211e+00 7.059138549444021749e-01
2.834607686439610252e-01 1.524617437672447728e+00 1.675340160719565485e+00 2.771704222900395642e+00
1.828253740779525183e+00 1.599769150735778911e-01 1.080240388538276974e+00 2.024078231038629383e+00
2.034657866640669610e+00 7.783426708572029895e-01 1.183413393158212923e+00 3.047477091243166569e+00
2.142553020073557635e-01 1.308460813026788516e+00 1.801391688490143750e+00 2.154636477667787098e+00
1.248960563985150651e+00 4.579112696589365816e-01 8.509212285797769226e-01 1.204185808638210231e+00
1.567073485962779955e+00 5.575050297389434473e-01 2.904920484279071236e+00 1.797800117202181358e+00
2.819505107749112893e-01 5.869126539328978903e-02 7.932939543777453029e-01 2.716062475981247726e+00
1.239501399148534411e+00 1.386426168152849359e+00 4.521612218467982447e-01 2.430610240960124457e+00
3.177053975369268368e-01 1.424784487329256166e-01 3.094833197679297765e+00 1.282049638980986783e+00
2.983441278996395774e+00 6.816721001644522326e-01 3.130188613228416461e+00 7.504587473421966415e-01
2.588064232582171886e+00 1.020028391516137889e+00 2.194149568818942519e+00 1.067935291048932367e+00
2.336150762365630573e+00 1.097305740174800981e-01 1.524122634892859651e-01 9.309241132581003164e-01
2.322754101628993872e+00 2.325282173078297987e+00 2.080585857712146769e+00 2.283075955723176786e+00
2.840712645517589063e+00 1.357559870221580978e+00 2.943549263174700670e-01 2.216251271966032554e+00
2.324490175450117491e+00 2.429541472325031037e+00 1.114401724395308158e+00 2.033495200633612221e+00
5.484839166126030952e-01 1.097440927914900222e+00 7.690445279852919924e-01 1.286904296060004560e+00
2.799565873705247565e-01 2.299652357260995483e+00 2.209099217415173566e+00 2.737504342540581614e+00
1.676627358126208778e+00 1.013379732142060119e+00 2.078867327256101571e+00 1.117227962077075976e+00
3.195509903841185495e-01 2.656451305801730722e+00 6.513737243538122446e-01 8.922511763592767542e-01
1.402690254274086668e+00 1.175291345793888276e+00 1.215461440820269967e+00 3.942052892893275207e-01
3.089495932546664214e+00 2.670154049466824109e-01 2.723751151733954101e-01 3.428574632159122060e-01
9.426074736502084717e-01 2.792869626524028703e+00 1.308233292734165998e+00 2.182931715570692877e+00
1.647769879222846123e+00 1.671780288388480029e+00 2.076891178013648531e+00 1.471783747358102579e+00
2.316636914082539800e+00 1.275993415780387608e-01 9.463912831613376930e-01 6.202462696840352896e-01
2.359563513674013333e-02 2.510444431706412516e+00 1.078683235828720832e+00 1.327494820397984832e+00
2.695390724661326676e+00 2.434171498138786305e+00 1.908535234640121647e+00 2.782565168811334200e+00
2.252135120820200065e+00 2.215892550489743318e+00 3.131650241472708096e+00 1.328827339050361989e+00
1.980307932486681244e+00 2.506956049754855420e-01 6.175904119985007323e-01 2.874115244774049671e+00
1.384806054085538696e+00 2.175095198371371552e+00 1.944164788029796975e+00 2.163884633535610558e+00
2.193281980173881873e+00 1.268344982275166899e+00 7.981317786073602871e-01 1.357415692039966038e+00
3.009539411544117193e+00 8.571853413392818144e-01 2.201950177390504138e+00 1.878937104928691815e+00
4.373826557196388021e-01 1.768555694571154469e+00 3.288176304392547156e-01 1.288860136281849145e-01
3.118390414386060350e+00 2.090329293634408447e+00 1.510831435445012527e+00 8.175414536663000442e-02
3.097612281878785900e+00 5.697948836445118070e-01 1.229490401303249048e+00 2.090051152528034084e+00
2.785202132061852964e+00 2.691043711235872049e+00 6.936974854028576942e-01 1.723332288723834260e+00
1.835104901818264356e+00 8.736399657935937091e-01 2.728242835656064180e+00 2.541371166149870575e-01
2.569883374818023203e+00 1.198215405499699626e+00 3.781968511770748553e-01 1.871795451230019725e-01
2.202637931261153703e+00 2.827523140625200604e+00 5.333834572871736651e-02 2.249355441375134212e+00
5.948742206148650569e-01 2.135368744402878161e+00 1.627263543107070609e-01 2.554731863048514295e+00
1.836944559465047533e+00 1.644102066852606736e+00 1.801526164146237896e+00 2.520672191927465278e+00
2.312573785599881138e+00 7.351231358927986514e-01 2.167465926286715749e+00 1.466314034567012259e+00
6.185511062339185129e-01 8.760603100655562914e-01 1.701728017604652310e+00 1.412986460224298524e+00
2.416660568272519960e+00 6.978914484795388784e-01 1.700543403788597197e-02 1.100709392877921244e+00
2.222970961395747569e+00 2.013401743276834743e+00 2.913610673985367772e+00 1.695423958131194953e+00
2.032793511268752962e+00 3.040318119379481487e+00 7.150940754017167666e-01 1.293140594806348742e-01
2.367770018153289691e+00 2.174043691619800267e+00 2.620957536484779471e+00 3.026861426817249789e+00
1.226904677786460285e+00 2.204753720442614195e+00 1.811900506239792374e+00 4.543040858827530615e-01
1.268731728970378669e-01 2.212816611554000445e+00 1.765621341563804458e+00 6.798751451201751062e-01
1.720953836779101742e+00 2.243680621301952449e+00 2.147374952494749412e+00 2.715564185759089089e+00
1.338579301806917643e+00 1.388758224713243505e+00 3.174656815032901314e-01 1.390298052506465210e+00
1.806188775505203736e+00 1.585471065608151375e-01 2.498239000759244099e+00 2.252231741434546297e+00
2.680958872743830046e+00 5.696324938524345294e-01 2.499387334215465994e+00 2.773908521270775474e+00
2.994101813347649799e+00 8.853589717435613737e-01 2.643733117961198920e-01 2.919003788129427512e+00
2.740532823824232800e+00 2.239156652378072376e+00 1.567113137497834430e+00 3.041250057289372588e+00
2.872948866486078612e-01 2.376851991103121620e+00 1.975376224326109709e-01 2.277585255560140354e+00
1.302346103452465542e-01 1.886406732271025954e-01 2.092315155685920747e+00 2.012338322325243567e+00
1.370120080654058992e+00 1.644990902510871100e+00 1.087035571094200792e+00 1.625549774427405891e+00
1.156294985199302489e-01 2.936260769019284567e+00 2.183466257474836247e+00 6.044852257929115291e-01
6.206999579638377007e-01 2.427353557358275626e+00 1.471535228631224712e-01 2.409418729577115670e+00
1.530060999365326690e+00 1.358475697677509864e+00 9.470769831903499414e-01 1.679567485503895119e+00
1.010275437823861200e+00 2.327514024697561634e+00 1.962601922277581679e+00 1.284807315714628695e+00
1.441756929788865049e+00 4.622483903447932585e-01 2.754361579266867643e+00 2.983464082815720175e+00
6.323928912616336162e-02 6.387320803128080371e-01 1.249459899004822905e+00 2.106758511163684400e+00
1.071148082266677237e+00 8.913431585474550500e-01 9.256306867915021774e-01 9.818642706169107282e-01
1.069184321726714071e+00 1.073611353613066699e+00 3.104362275064482368e+00 6.186004857957319025e-01
2.399500628240762268e+00 1.260834367562427172e+00 2.487147558784011114e-01 2.819224341358137043e+00
9.501076946200942563e-01 9.089689312269970678e-01 1.477441327039318297e+00 1.071120870419640880e+00
1.089327178214922753e+00 2.495672279029690799e+00 9.424130807309905045e-01 2.355646155321233337e+00
1.203094210040740020e+00 2.048723346103935583e+00 2.820962648818642560e+00 2.135000236459287493e+00
1.938615927102154357e+00 1.760550503087070506e+00 1.230217458302122147e+00 1.176796390643513046e-01
2.535069262347571240e+00 1.385865675938377395e+00 2.883061625346037715e+00 2.787119811363673261e+00
8.537042638235191605e-01 1.691224015720691476e+00 1.482722346245602951e+00 1.669690222370015409e+00
2.458024306090055511e+00 2.445566770436183646e+00 1.259208994447891528e-01 1.702764912371526718e+00
2.083975314163801773e+00 1.012145255568460023e+00 2.941022187057894310e+00 1.407761506496418846e+00
2.742585129666179622e+00 2.708644986918423481e+00 2.224752501612571987e+00 3.088349923384653195e+00
3.117089937008562295e+00 6.608158710555660509e-01 6.035395851425849889e-01 4.652002709318401319e-01
1.268842862863067689e+00 1.487906745120163743e+00 1.820048751475847881e+00 7.260482390973204136e-01
1.014240680019479646e+00 2.966661686336630410e+00 2.147475984157211748e+00 2.690594506561658328e+00
2.924623017297768524e+00 6.333910971784896260e-01 2.967342921029177294e+00 7.765777980939255754e-01
2.638828875194234591e-01 7.808224512446340637e-02 3.018318108882570017e-01 2.480670589173982421e+00
2.306640036108022151e+00 2.467863502994381619e+00 5.435604593177065791e-01 2.195742489856265453e-02
1.657316133687225967e+00 9.723507968483802166e-01 2.330988958531421851e+00 2.479413796572162099e+00
1.788947908872910164e-01 2.263066596698336763e+00 2.675430110443851373e+00 1.814053806961027693e+00
9.153895459744422480e-02 1.766864885377285921e+00 2.064423239957474454e+00 2.152231653476522066e-01
2.118631734108332942e+00 2.760615600524115365e+00 2.762460400306426589e+00 3.086962937173061139e+00
1.705195232756383739e+00 1.641915641324291242e+00 1.004052044431211543e+00 1.789689840271836196e+00
2.499619879661098665e+00 1.964955209819648552e+00 2.808056443022629356e+00 1.279129685900755264e+00
1.087523929075055129e+00 2.476511206153205968e+00 2.678348048988168806e+00 1.275764871325272720e+00
2.187196016148873934e+00 1.591061394645495009e+00 5.116323251414083284e-01 2.698808775394290649e+00
2.355267063405495964e+00 2.773344400931753828e+00 3.070095153390102194e+00 1.816312734721585498e+00
3.077258748904156960e+00 5.471603147072616469e-02 3.134503940132757016e+00 1.845632136492769027e+00
1.207339272814213382e+00 1.956239378085567582e+00 5.971747157232938363e-01 1.887341958453774504e+00
1.286005921169178556e+00 2.014854614736838190e-01 1.022717420106380004e+00 2.434346755028771625e+00
1.714366814717006582e+00 1.525897581474431108e+00 1.918093075085691934e+00 1.467948964514860233e+00
2.026595468960411317e+00 1.039539148337169427e+00 3.139167184498929952e+00 1.480805736791542815e+00
2.176481199375392528e+00 1.899558881489462836e+00 2.195442588901913572e-01 3.646830470139224567e-01
1.351787628686074605e+00 6.184998909730903272e-01 1.311403301014898437e+00 2.371628107295957300e+00
2.102685952679595793e+00 6.845986489516638906e-01 3.113020625072239866e+00 1.206090443074624430e+00
3.338867624579548998e-01 7.178455346757462996e-01 1.206042313906667385e+00 2.934688458946207223e+00
4.731713904897834055e-01 1.530804703958164925e+00 2.377784246210107089e+00 2.956769613548934639e-01
2.903459952261139509e+00 1.379206791708482482e+00 3.062041096055760914e-01 2.610359291435366824e+00
2.484727222779500977e+00 6.169365439720492228e-01 2.470405559752742342e+00 3.014318029572044644e+00
1.483405043279190760e+00 1.644687351757544658e+00 5.812088876386458658e-01 1.863446127534480468e+00
1.426829828878110495e+00 8.294306366573200862e-01 2.519791657532566731e+00 2.786673639322929219e+00
2.520935408884335871e+00 2.082011625849592706e-01 2.456484557226763066e+00 5.969053754912870824e-01
3.037333395666656610e+00 5.479342544425027661e-01 2.246523565297341651e+00 1.962263317055046308e+00
1.207421830031990106e+00 2.284017514273790184e+00 2.931929342694767016e+00 2.826951435498540333e-01
6.839527852452229606e-01 1.274498870849067877e+00 2.731050450390740902e+00 1.763717914254686381e+00
4.260335747302475551e-01 9.625632416842510031e-01 8.936924125280378828e-01 8.684616639335376309e-01
1.704340121387405205e+00 1.612076940050838125e+00 1.262068671610882653e+00 2.985045203706490735e+00
6.002165445104514774e-01 1.155540436274558047e+00 1.149300080754743547e+00 1.244872626808858129e+00
2.291577853057113145e+00 1.966677321762922315e+00 1.206748889224635857e+00 2.223871865633653577e+00
1.694352124337602739e+00 2.548683871650201382e+00 1.847402608230064081e+00 2.271393314628948890e+00
2.623810208087675733e+00 2.998414831530557656e+00 1.837650061598117057e+00 1.071178931523670608e+00
2.595641956882311252e+00 2.995489536800932218e+00 2.991889350213098320e-01 1.321428407746998213e+00
1.028349513848698382e-01 3.419869628064537426e-01 2.042359891154288398e-01 2.981934512142513927e-01
1.723894111340191326e+00 2.380507497849937426e+00 7.040249963325811988e-01 4.366617915652498128e-01
1.958286061622628305e+00 5.658341465028365880e-01 2.184496901698490312e+00 1.617428217125858714e+00
3.828792517091024195e-01 3.128084325773867302e+00 2.133837058293235334e+00 3.025064885184839625e+00
2.381053711364244929e+00 1.797649885446916729e+00 7.298813444714804533e-01 1.911822354507075161e+00
2.439353658353047738e+00 2.338963365846097042e-01 2.613747849584073801e+00 1.038731783222158533e+00
2.481374013269524781e+00 2.632027322713298201e+00 1.790302552514458245e+00 2.837807149604617774e+00
5.759635286347457583e-01 1.851560942327354006e-02 2.118570724780569847e+00 2.440053310129975395e-01
1.750164525448223207e+00 1.555255621476105965e+00 2.822563392208155442e+00 2.383426565693726573e+00
1.158852779082523599e+00 4.565613403236463697e-01 2.274557018178882561e+00 8.024782677626313143e-01
2.737347202898304244e-01 1.876954437505243822e+00 2.903235937144581946e+00 5.080112092285955505e-01
1.314257273514765512e+00 4.986336640724659541e-01 1.436269378373667971e+00 1.721207591247881696e+00
1.780733968395251887e+00 4.502660471124612096e-01 1.322862288727681745e+00 2.312025990577317724e+00
1.762562045920547993e+00 6.548388710085422115e-01 2.105253717613873476e+00 5.293803011580052731e-01
2.283083308510680531e+00 2.303280168070723111e+00 3.074958701259312477e+00 1.824173632917024834e+00
8.554575131933572774e-01 8.624500976851064982e-01 2.026812661910724955e+00 9.990482356835069799e-01
1.186128410365557384e+00 2.661229126803309253e+00 3.047633995134655382e+00 9.375975205123993073e-01
2.720981635187141645e+00 7.641930156223688542e-01 2.880761510311576234e+00 1.438455612563800612e+00
2.597452957270244056e+00 9.677484314697296641e-01 7.823610203836380839e-01 4.194103536436481761e-02
9.201170964830291954e-01 2.101910622459444600e+00 6.627437046569953916e-01 1.599300944404570490e+00
2.399295246695857031e+00 2.094026223803159503e+00 7.217388248841571929e-01 4.177496908006222975e-01
1.127855546857296831e+00 2.852030085195341069e+00 2.440049099490304130e+00 1.936294452107646169e+00
2.837413147989823692e+00 2.856595600249897782e+00 6.054212180477419603e-01 2.359374469848725564e+00
2.080938754433191651e+00 1.560125449572075329e+00 1.464324330537463359e+00 3.185372121393704181e-01
2.876052470383351212e-01 9.287627865396139715e-01 2.070799228970193528e+00 4.449560465541731458e-01
1.123591087513610365e+00 2.054589702462362499e+00 1.937766970834479130e+00 2.977146074103124374e+00
2.587834481301698464e+00 1.241256399259388132e+00 1.868295435932057602e+00 2.656819357972237228e+00
2.314024728300294598e+00 1.598291134087213683e+00 8.982351419102500012e-01 7.729640089697968897e-01
2.569213601745871767e+00 2.482123142321108755e+00 3.080845917702398573e+00 5.111376302484554879e-01
2.039621230111696715e+00 2.238697571571269584e+00 3.072747473524873651e+00 1.329377056073639984e+00
1.890400973388876249e+00 3.579763412654953236e-01 9.308524617631498774e-04 6.573077485676355192e-01
1.969816050644574545e+00 1.110561580064058473e+00 1.489479012755240417e+00 1.425057191875276130e+00
1.023765975971990150e+00 1.145378032645513633e+00 1.290342434630205870e-01 2.132693716303085907e+00
1.725242837593435441e+00 4.896636749207793904e-01 3.099140660814437842e-01 2.610625696896559322e+00
2.578522813663806978e+00 2.887088413848394097e+00 2.844136251997228193e+00 3.624782436288578186e-02
2.381146815716967957e+00 2.402649570125866774e+00 1.467999622749108335e+00 7.381933136161210607e-01
2.507805585228017442e+00 1.016916948267991172e+00 1.208507585480716129e+00 2.886842274518945040e+00
1.749793138129686065e+00 7.482575844399097509e-01 3.410259244193903916e-01 2.756353298605100477e+00
2.636268466084720874e+00 3.033198272447507726e+00 1.008898481502509409e-01 2.597516824100616351e+00
2.462158355900500695e+00 6.153986203413437384e-01 8.625292377163337187e-01 2.173153624491634961e+00
2.112853325717398145e-01 1.647822268006145618e+00 6.483043801391297212e-01 8.345652115781933000e-01
2.977431160756353279e+00 3.079151128678046856e+00 1.180597735204159227e+00 9.080936681299176527e-01
2.965220126058959238e+00 1.429347645933171373e-01 8.483401876959707488e-01 2.240083120408767670e+00
1.889792699372374818e+00 2.950812269413348954e+00 3.727646717108371033e-01 9.254105578486114814e-01
7.292034633750421602e-01 2.799823898141917122e-01 8.910075632538206891e-01 2.767527543919598099e+00
1.888317469149298544e+00 1.008895574784885785e+00 3.247561749044238222e-01 2.742192622427822801e+00
3.001490746208944405e+00 1.479422287082608589e+00 9.617662887749133249e-01 1.377872188629725381e+00
2.557050909813475492e+00 1.901683010527368767e+00 2.494093180602506177e+00 2.665490853984243014e+00
1.381140734159249095e-01 2.739130231941442339e+00 2.894649066527295922e+00 7.932220973431633460e-02
2.857428798817797766e+00 1.348236907798646245e+00 2.824245058498312755e+00 5.649664706759042199e-01
1.590937219089479493e+00 2.577459640189397216e+00 1.097690593836586972e-02 2.697235685744455491e+00
4.179689736009836731e-01 1.431873203723987409e+00 2.628093704734367764e-01 3.029148943315560505e+00
1.961682625568126781e+00 2.397762636776222145e+00 1.796563801966884810e+00 1.442454397895800211e+00
2.813656278608958505e+00 2.387655665044413844e+00 5.436957804463686816e-01 4.484719156347377611e-01
1.377005111300277251e+00 1.028404647211743184e+00 2.000495929635329517e+00 1.017253329006102991e+00
9.134176893538693554e-01 1.871930793635819379e+00 6.513925576195035427e-01 1.465434916536479948e+00
1.088553672312008613e+00 2.553659739486179525e+00 8.801951118630526594e-01 8.925838195330566549e-01
1.973142789715737644e+00 7.319528401718479182e-01 2.858742792218352147e+00 1.859527028263895820e+00
1.561814064376964462e+00 2.946579798044234977e+00 2.923532194653555738e+00 1.442982774499594223e+00
1.978032812021429221e+00 2.232104247821500742e+00 1.471777854751785242e+00 2.238169528474486913e+00
2.925477983124295633e+00 9.212148203237166544e-02 1.606560070521757089e+00 1.054545701311205841e+00
1.528058213933577214e+00 3.074178364296833887e+00 1.558704831924804524e-01 1.970342923168598714e+00
1.109246462770333563e+00 2.046323522705779219e+00 1.675538653180643545e+00 2.048484138195472148e+00
1.808770371818836598e+00 8.643563639661985265e-01 1.536864223226103388e+00 1.651274539651804041e+00
3.544503456629181648e-01 7.579026722886879064e-01 2.690952581031240687e+00 9.310733917259397807e-02
2.164614661036286247e-01 7.633104303812150437e-01 2.906955086754013706e+00 2.687818551494636665e+00
2.665857458399249147e+00 9.444322413548486006e-01 1.497239611780583513e+00 3.120552823831339584e-01
2.368200322581837991e+00 2.199875616131499623e+00 2.194365515857440663e+00 2.484899920092289438e+00
2.861373952749830973e+00 1.477602600999860405e+00 2.334224593120544089e+00 2.560881515210805537e-01
7.652560807566609613e-01 1.638196735195353027e+00 5.590900766200552763e-01 8.445682910472330773e-01
2.578648725497066918e-01 2.915364058048369955e+00 7.298024059378850625e-02 4.840473111875578938e-01
2.817738462523711185e+00 2.992515342290670510e+00 1.238757491527438859e+00 8.716434662113096143e-01
1.119025215317525301e+00 6.117820626656392813e-01 7.783786435849362473e-01 2.323784104171605636e-01
2.896991842874543366e-01 1.752966248895270196e+00 1.093453659395696054e+00 2.985967743929838214e+00
1.444439805658775056e+00 1.883730522221383819e+00 3.157262221704468796e-01 2.481055038190839390e+00
1.242875942231996406e-01 4.146553975677548798e-01 1.118001690167991002e+00 2.022073568116590447e+00
2.164815466247048459e+00 1.253393173627641133e+00 2.537910909451423169e+00 2.301477168137760820e+00
1.499993945511857829e+00 1.648629792534985095e+00 2.431187262720195363e+00 6.802477518979487270e-01
2.686268826456538861e+00 2.580157229920636563e+00 3.705677948692337464e-01 2.071443722568083068e+00
1.078134082212638678e-01 2.214999130178286202e-01 1.878524598215720598e+00 3.590881710315155240e-01
1.411168230584809002e+00 1.078548679320236181e-01 1.770733030025756438e+00 3.247828066153269910e-01
1.584548825805320638e+00 2.998544898109895662e+00 3.082197576438919562e+00 2.796788050752944121e-01
7.771500701421353297e-01 1.020694878891458490e+00 1.744333296661939592e+00 1.110190454414968331e+00
3.205508833573235405e-02 1.710667184541219132e+00 3.980791710780759995e-01 7.934764925910742228e-01
2.876321157517431892e+00 7.218274733964592516e-01 7.275873690929592075e-02 2.227722011684271752e+00
2.452425100432205629e-01 4.673240373522754010e-01 2.008604967073497782e+00 9.282328577733547359e-01
3.082332808851543593e+00 1.037634229887167026e+00 2.119229860890867734e+00 2.111319579458885709e+00
2.290961280927518828e+00 2.703106819265279626e+00 1.870782069790783320e+00 2.067494999995735494e+00
2.631563781649039591e+00 3.136523548284239737e+00 1.613194408702450566e+00 2.875901045236696874e+00
3.088445055409912321e+00 4.761955554777528299e-01 1.144849613269904420e+00 1.057036802086185112e+00
9.679999523936650974e-01 1.159629144194062045e+00 1.924365519107064104e+00 2.264740737083343003e+00
5.866577077271032878e-03 1.976179601431566679e+00 6.913366469898434286e-01 1.397181394278438127e+00
3.129229362276451099e+00 2.517008507097350467e+00 2.356164550016462134e-01 1.032326775193568746e+00
4.124990002160424662e-01 3.437589227388939128e-01 3.057571384203485287e+00 8.319494805090944523e-01
1.678945203538664721e+00 2.562271698355763405e+00 2.180399490735605017e+00 2.077016186101551920e+00
1.712984096120179656e+00 2.545474749767276723e+00 2.966893499419313684e+00 1.811284131574638190e+00
3.067311929582805963e+00 1.833633570791710854e+00 1.959075483656095962e+00 2.776562191326309659e+00
1.266104018353577221e+00 1.604884681606653762e+00 8.953752242355110802e-01 2.803822846084599085e+00
6.033541076395380065e-01 2.330748015374394910e+00 2.980244827462555701e+00 9.459851131170138316e-01
3.561620811420042054e-01 1.608676991792290512e-01 2.204161922022644493e+00 3.907883748673672275e-01
1.998924366289222543e-01 2.676389004059072096e+00 1.169175581150178195e-01 1.451631895062050370e+00
1.292996207783470242e+00 2.339262040278273336e+00 2.715636442556086827e+00 1.632050394202528842e+00
1.600289722557848737e+00 8.171137539028521246e-01 6.236780908593434480e-01 1.876857181298011490e+00
2.344941037259465622e-01 2.556462877220807339e+00 4.805504076867173069e-02 2.865262552527366058e+00
1.331261119565952500e+00 2.362262965009392701e+00 1.390985220963196767e+00 1.028450283941359622e+00
1.224317539253632292e+00 1.507210684324953087e+00 2.279934318372441648e+00 6.659618190379374969e-01
1.493954348115312358e+00 1.576246435003602508e+00 2.324058887810880325e+00 2.401992001537623711e+00
1.417716328460461028e+00 2.054347206548341909e+00 2.157670810610723855e+00 9.021955580507320382e-01
5.872327110550238372e-01 1.928429878193330393e-01 2.630474327168928816e+00 3.067959024738863505e+00
5.697599306482673542e-01 9.624350203605743781e-01 1.511481531772592701e-01 2.618092361882020658e+00
2.750238256420332483e+00 2.946351695917313052e+00 1.274533223928856485e+00 2.459440207655721355e+00
1.542971847926399409e+00 1.855937232034656770e+00 1.041567738007542099e+00 1.562695570088271868e+00
2.381659488023662730e-01 1.951547799050662224e+00 1.872075813034572267e+00 1.200329465047405897e+00
1.315340910638392868e+00 2.820309472704196185e+00 1.178217593968599708e+00 8.203764778832668414e-01
2.440907930814880444e+00 3.015955443044059159e+00 2.367679545030873633e+00 4.438409154265123835e-01
2.234076889840211244e+00 6.289544900503724056e-01 2.588588622580038745e+00 1.152413951469172471e+00
2.143185939693851960e+00 2.071083006452727027e+00 2.827887302692170923e+00 1.089320641402016454e+00
2.184032007549353782e+00 2.898525021505789501e-01 1.941679857182499580e+00 1.994535853763178768e+00
2.618558247915795612e+00 9.711308631438470007e-01 1.753025728602231714e+00 2.999826222714575330e+00
1.082045361403134232e+00 1.945908080600040169e+00 2.585350052752924732e+00 1.954668590219648561e+00
1.795165280537081687e+00 9.335506314490434887e-01 3.122691357432513914e+00 1.588677249767392441e+00
2.944737515151321094e+00 4.515346431529750348e-01 6.635091797026357874e-01 7.062636776934517746e-01
1.402714309677536075e+00 2.385519968095947685e-01 1.598518687088667845e+00 2.795095313534038950e-01
6.154974199901318554e-01 1.756791895986037577e+00 2.925588386148759046e+00 2.703727602223805260e+00
1.200466272469420614e+00 1.534450029989367081e+00 2.073480372691258733e+00 9.348712205073130832e-01
2.929190282205064833e+00 1.122562555095518944e+00 3.017186552819962064e-01 2.499071364907593296e+00
7.149925475363591576e-02 2.802849354121331071e+00 1.330814741459133366e+00 2.959280715932498529e-01
1.140086193149644878e+00 1.108675632282149159e+00 2.958020334333462120e+00 2.738119436748752467e+00
1.215396058889053110e+00 7.141914227318006958e-01 7.966538634521794782e-01 2.572728576492341102e+00
1.977109796610902803e+00 9.541153214839395713e-02 5.116874470121639540e-01 2.726973400664527425e+00
2.210036514901136950e+00 2.128078289353085406e+00 8.154207609131072232e-01 2.256861886474585965e+00
7.764313642149192063e-01 9.010398059346670374e-01 1.704986618712595492e+00 8.944107515139740894e-01
1.037447725751417638e+00 2.751527966440259210e+00 7.359246649470437829e-01 3.021827436198251338e+00
1.352588955460808595e+00 3.715586430493719727e-01 7.314461327038607186e-01 1.685300062197706783e+00
1.077153063568031088e+00 6.682246207903607127e-01 1.888766811637276000e+00 1.698249815836260224e-01
1.394455572901126983e+00 2.735336759851601407e+00 1.031401651705853961e+00 1.786237617270832745e+00
3.041139227033997194e+00 1.316187187605188269e+00 1.339333985027051588e+00 5.116202797688499393e-01
1.113728477209250611e+00 1.038198882393861489e+00 2.108870786638024075e+00 4.427469798275444623e-01
3.702832151696975882e-01 2.403766578558931055e+00 1.961511316561766805e+00 9.255014921042561404e-01
1.014508985745839587e+00 9.279742462256992397e-01 1.393320030220527972e+00 3.059587602532454209e+00
5.266658603665119731e-01 2.089043956031444882e+00 2.174830409151217836e+00 2.244883275386459598e+00
9.975527292391770384e-01 1.959889454528757291e+00 2.885764573035222824e+00 2.051754775265811404e+00
2.823996470740319786e-01 1.382369752036210209e-01 1.063349358109663356e+00 2.709332773121588378e+00
2.887663607070863225e+00 1.215702407315615713e-01 2.714305187875967640e+00 2.874865623637923306e+00
7.455493662272794086e-01 8.847512586913212074e-01 2.713790642603340242e+00 1.666345573627898924e+00
1.289047820977408776e+00 2.584277095939900626e+00 1.548362641720021582e+00 2.534109767382537015e+00
4.540651556984440784e-01 8.032071563688655269e-01 2.870740715812125199e+00 2.399722337210823842e+00
2.353828761808243741e-01 1.384409018995306884e+00 2.494482044901659368e+00 2.969570155937439893e+00
1.799274460756714877e-01 7.943932539999576381e-01 2.479882998654823645e+00 2.097340997947636509e+00
7.910680035349912376e-02 1.719754307910354107e+00 1.721026616293464873e+00 2.225988562154716188e+00
2.366944104669296056e+00 3.442124051946517937e-01 9.013500559977037641e-02 2.618998212083754495e+00
4.671705164220192885e-01 1.827095819752912353e+00 2.092963052827017556e+00 1.338328164393214337e+00
3.665204538869780149e-01 3.671900163732925715e-01 1.780055350925574542e+00 8.277815037999117775e-01
2.689505573695927687e+00 4.139793566565028726e-01 2.903463112583946959e+00 1.759427185336934762e+00
2.020096449076706602e+00 2.318826795844445510e+00 2.471538543020307621e+00 2.010345468107276545e+00
5.214290332837584474e-01 6.541497970274608997e-01 2.610780505929857664e+00 8.371788221845373190e-01
9.498725471466734627e-01 1.250517633602974854e+00 1.442167929098404189e+00 2.734762970643783042e+00
5.506001454141042917e-01 1.344441099824474684e+00 2.362994259586243651e+00 6.632803994081372112e-01
1.114920417752926829e+00 2.234938553566647279e+00 1.882791151688737674e+00 2.150016623040352237e-01
5.853071568578457340e-01 9.895117528462916701e-01 1.143614274492644967e+00 5.091957111210583531e-02
2.292474677288057094e+00 2.776800014444674058e+00 1.419382833481530160e+00 1.847387731000621480e+00
1.796761430313480234e+00 2.830484200474472356e+00 2.999556539857998860e+00 2.525483544342900899e+00
1.329815588654372327e+00 8.929424667583486519e-01 8.642552362134038602e-02 6.573419749644533461e-01
2.754391617223409749e+00 6.854019048543011361e-02 1.357358400203991122e+00 1.058646854483414668e+00
2.643431135586825409e+00 1.456266881282731740e+00 2.035797075052123262e+00 6.368084758638044018e-01
1.801328561932964145e-01 2.833545549753788695e+00 2.474386421570748507e+00 1.373410047795013300e+00
2.826483894363447380e+00 1.991298061900331984e+00 1.257869983997686181e-01 2.098554284545266491e+00
6.449577914486658292e-01 5.007551829297419710e-01 1.657312278766055469e+00 1.967327146394237003e+00
2.947234224447232709e+00 1.222417057689776598e+00 2.778743865990070810e-02 2.378569789673549373e+00
2.036081359300069948e+00 1.524151483190669287e+00 2.289335880858476280e+00 1.499602483819428400e+00
2.849072172068888076e+00 2.074585380523026767e+00 1.763011058002178721e+00 4.319520452892919860e-01
9.155897264756754916e-01 2.411201320471473064e+00 3.121272901835592251e+00 7.837186854039527306e-01
2.841026287277413687e+00 1.312456270757135668e+00 2.242756172413004734e+00 7.514813302926905969e-01
1.163239500974128093e+00 2.129243798380897168e+00 1.128861005513690507e+00 1.281710540755132355e+00
2.829145486011638289e-01 2.571148341486590924e-02 7.154062111733896501e-01 1.832702657957243408e+00
7.146555512969168245e-01 5.432029134909647228e-01 1.090723381277430293e-01 1.103622734111000758e+00
1.927409656629648582e+00 3.901983449219543765e-01 2.711274772453474480e+00 1.238374465380847278e+00
2.206613064346658160e+00 2.938643529786217012e+00 2.601435179495287797e-01 1.464003145738963729e+00
6.167878492004800206e-01 2.705943979475403882e+00 4.984582383082980517e-01 2.852230883277542706e+00
2.172924909320848030e+00 1.014163877525463414e-01 2.112030114734239739e+00 5.283408697466804860e-01
1.845987989381737249e+00 5.516522988207582801e-01 3.125574764205359291e+00 1.076752123619097556e+00
1.371627031697975285e+00 1.832363418680364120e+00 1.388511899949913087e+00 1.321002510914329076e+00
2.785728244129863640e+00 2.216107765448605882e+00 1.115716361888657637e+00 3.351846249998340355e-01
6.189809491491038429e-01 1.919428891851428398e+00 2.051437727865675242e+00 3.089071649573342349e+00
4.491670952086986857e-01 8.786730528576772725e-01 2.187735986221105211e+00 1.412499920811854714e+00
3.498752275014713753e-01 4.360366822744648485e-01 1.336724576823473898e+00 1.948135169955196533e+00
2.360358273852476430e+00 1.867880024249254367e+00 2.313388348996268107e+00 2.549425509676882307e+00
3.163689105114891320e-01 2.635326654274352087e+00 1.707208468257437772e+00 2.918661359812821043e+00
1.003901045356614619e+00 1.904643325215952532e-01 1.783979303827492591e-01 2.227643695176236172e+00
2.873201588011854657e+00 2.399446710163329888e-01 9.637336819568910196e-01 9.269552576066079075e-01
1.893172328197577414e+00 2.007821040042219174e+00 2.325234527527107797e+00 2.702304302839782846e+00
1.794692221656215336e+00 2.849662026633760004e+00 5.526144432078781144e-01 2.389205948486947229e+00
6.907002768493886169e-01 8.127279789036090385e-01 1.411450826715516582e+00 1.360588135845459457e+00
8.031528346938749952e-01 1.653586989631232740e+00 1.263534451799984026e+00 3.494657633914965422e-01
1.077098489214970867e+00 7.054314340316729659e-01 1.416943428570181185e+00 1.193134061870086970e+00
1.371004047775289836e+00 1.788082168846259590e+00 1.086541332731736142e+00 2.021181227149378312e+00
1.229610204709419508e+00 2.836305796342136976e+00 2.467443195317818194e+00 2.212104554534773282e+00
1.220101671174265823e+00 1.001683722934624043e+00 1.971636387562498038e+00 2.215790165880327400e+00
2.175547753489048830e+00 2.192967276124583531e+00 4.586518500306593915e-01 4.435516544486259316e-01
9.536949121242435101e-01 2.083610181041153808e+00 1.359635528461326272e-02 2.800949269393424146e+00
2.843276320433671511e+00 1.918477070014730446e+00 1.417421035905161775e+00 1.998753113166525930e+00
2.910427486859769708e+00 2.270132319709615931e+00 1.097291787249034645e+00 2.903474896276010409e+00
1.494461102591136070e+00 2.206984195884942768e+00 2.900474019854867525e+00 5.117864593529480866e-01
1.937106255121354703e+00 1.908022636100423997e+00 1.776157452669173464e+00 1.449296958649325617e+00
4.709605097746993319e-01 1.209925007619437443e+00 2.405650249372382810e+00 1.380820383655250450e-01
1.784411404840515303e+00 1.935408633932339084e+00 1.817734864361520179e-03 8.961420898024833326e-01
1.223512360224513040e+00 2.364648220603598361e+00 1.146403501192602814e+00 2.575540162499654784e+00
1.052337183731628656e-01 2.779252041058132949e+00 3.101965126195481481e+00 9.827321123577207329e-01
8.587139377988417532e-01 2.977693583848460612e+00 4.416293265000844487e-02 1.487167091283091880e+00
1.224199378793558779e+00 2.109336915978739402e+00 1.591974224143450689e+00 2.070746148813128240e+00
2.466477874787666114e+00 2.384848572967390279e+00 3.141356547802163224e+00 6.896877656702822268e-01
2.325273992145613811e+00 2.195042212345263088e+00 3.281019517674386710e-01 3.901323315288627858e-01
1.276101931176861548e+00 1.488130016876225925e+00 3.261790975500706846e-01 1.467413276228754615e+00
1.174022674842307046e+00 8.077896396215869523e-02 2.438899948969857956e+00 9.952938949848243455e-01
1.564474544745805273e+00 9.571198200182760019e-01 3.055544725866905953e+00 1.261797199155171523e+00
7.209552053628440760e-01 1.628913631607616486e+00 1.301363644768747996e+00 1.066606230812832790e+00
2.479474573718702946e+00 8.499706675034185421e-01 3.127443588085853765e+00 2.233824137216413042e-01
1.824302369055473605e+00 1.796181902966758726e+00 2.217777453065090221e+00 1.768241980619231990e+00
1.742989782145402344e+00 3.044340349159571080e+00 2.099662488928126791e+00 1.371576832479742825e+00
2.585040318045144225e+00 2.250361031418711910e+00 2.676953085482335348e-01 2.198761567026380259e+00
1.964041304530423471e+00 4.348759805156485192e-01 1.456186560300320787e+00 2.539191017542777651e+00
1.309983381984937412e-01 3.132241521489064873e+00 2.477914742549636173e+00 1.578809133645275198e+00
3.063947085539779014e+00 3.057165134682064966e+00 2.549240598444391104e+00 1.568782792958326178e-01
1.397502491318256858e-02 1.209640274655552350e+00 1.201420676960623046e+00 1.951519854769759199e+00
1.590946848974924333e+00 1.183443364861460401e+00 1.589260053120489680e+00 2.813410393184540226e+00
2.337654224184249507e+00 4.430586677068311108e-01 2.895182468709253332e+00 1.178989703398344524e+00
1.729292524735077885e+00 3.071711725550887451e+00 2.719467287128523925e+00 5.714042005871631386e-02
2.395009395225813076e-01 7.418475158784610946e-01 2.879948979030139800e+00 4.691767740139326515e-01
3.735912070395768225e-01 8.402916148218522174e-01 2.458793873573551725e+00 5.212361766306289335e-01
7.393687862471541861e-01 3.658253755166571697e-01 4.942134141659877411e-01 2.433130401683145205e+00
3.738070853694037687e-01 2.125101713727852282e+00 1.541302604454126701e+00 1.397072260427851376e+00
8.616199279894918295e-01 4.710138003535928597e-01 9.243803398796625048e-01 1.158115266467002469e+00
2.684659108047290133e+00 7.911114269841952318e-01 2.589317485459992518e+00 8.077260934514991497e-01
2.331972580076979273e+00 8.176150130905821545e-01 2.161246164375540069e+00 1.287919083939486287e+00
3.481231351563758847e-01 2.554197229383737611e+00 2.021647272121411376e+00 2.906510052683488055e-01
3.085067854038034518e+00 2.500318457950361228e+00 2.774017464103324837e+00 3.108505480835804580e+00
2.603339051886463640e+00 1.165105945063218962e-01 3.621694732932477789e-01 1.264419569678430610e+00
1.665332668767615765e+00 2.495469981146515970e+00 1.659133072747620563e+00 2.792397005933406007e+00
1.780748760465509672e+00 1.195470401522715553e+00 2.170576839822969450e+00 2.343576621362381651e+00
1.416613061992652245e+00 2.618134865606290163e+00 3.016269761757401469e+00 2.485193554524304904e+00
2.319216505386683669e-01 2.947040808794689215e-01 5.186649063655761616e-01 2.856773468814210126e+00
2.915914452134686918e+00 4.085499042540078896e-01 9.536583976755312608e-02 3.068370867311878580e+00
1.642811395172481426e+00 1.041764349137793255e+00 8.081503508511322931e-02 2.701027463977606846e+00
1.153419724784852551e+00 8.526438331364410983e-01 3.496156950761343252e-01 1.965292411112154802e+00
2.431684025086482404e+00 1.521380218118269845e+00 1.518196888847203052e+00 2.195807320460136047e+00
2.866002643664579796e+00 1.021954661489224092e+00 2.384474039071656559e+00 2.658334939829953392e+00
3.088793558495996905e+00 6.964909435127156767e-01 3.106389697156799024e+00 1.291839698933230807e+00
1.317707869086217620e+00 3.258943187932202279e-01 1.282926463363045499e+00 3.041082010185510165e-01
2.140364170365464780e+00 6.401063987446322656e-01 1.382447696434994766e+00 2.069494081911377847e+00
6.609160769929457446e-01 1.274604804181321160e+00 6.209114086972463697e-01 2.532449187235930488e+00
1.676908496902702883e-01 1.642799058252411903e+00 1.983217976581323150e+00 4.801666914361537031e-01
2.574658884592838426e+00 1.558971477746584400e+00 2.976025415753800682e-02 2.673294900402164651e-02
6.848423164121317797e-01 2.691668418111014649e+00 1.429938659849832927e+00 4.898836781558180697e-01
6.697012256875599645e-01 1.876558563183609474e+00 2.634632317859019413e+00 2.021557277662640040e+00
7.141965256295288444e-01 4.004139663838794938e-01 8.898863058458861275e-01 2.485942099655027882e+00
2.630421162064065399e+00 3.076156983611912366e-01 2.643801135941606706e+00 1.110377341885420366e+00
2.958187451488738073e+00 1.985115298467115208e+00 7.363815988228000764e-01 2.410259237069694027e+00
2.330296823278724005e+00 1.282037715241919562e+00 2.892774434143821072e+00 1.372576513246179131e+00
5.573291193960305812e-01 2.969980964931759893e+00 1.329506754138290336e+00 1.779818051728484063e+00
2.366186035338059046e+00 1.201007113429611417e+00 1.457703978305230130e+00 1.857761579859368739e+00
8.170764728643931107e-01 2.946501269543210899e+00 1.163349488512569918e+00 9.818975315468249088e-01
1.340532376584160801e+00 2.408534726752479482e+00 1.925913161204224844e+00 2.072912771888468342e+00
7.057120446956872684e-01 2.277585041294181600e+00 3.184085778774671804e-01 1.455019769495133897e+00
3.109480744641546224e+00 2.454992482404678711e+00 2.386727044535191578e+00 2.521957352542767983e-01
2.674530675123526713e+00 2.774546225740845529e+00 5.421899839659522630e-02 2.487550721304078838e+00
2.285781907442533178e+00 1.600157181117892957e+00 3.026018336773040218e+00 2.777169275029350182e+00
1.148091596335470310e+00 2.336353458796720239e-01 8.557169381019669174e-02 1.680425671734207649e+00
1.473317096004626459e+00 1.366347188802785828e+00 1.048430781045442295e+00 7.850561860571038109e-01
1.422499267910368959e+00 8.325919612786776280e-01 2.355788982493365324e+00 3.978412370988211322e-01
2.896203619878995106e+00 1.377604853396492635e+00 1.780763522156870948e+00 1.841878060890491109e-01
3.065814812706820547e+00 1.586019306825152908e+00 2.382545735707301215e+00 2.228948262775847677e+00
1.629649971498626781e-01 3.259342414802912646e-01 2.214728431763786531e+00 2.314392343795274698e+00
1.580949671117668764e-01 2.791276438071772947e+00 2.320027667418159134e-01 2.572300794095414123e+00
2.860031903080182847e+00 2.375756334320393126e+00 1.507620515820040863e+00 5.625696682971425000e-01
1.172075725976720051e+00 6.104933004415574738e-01 3.637595807161888017e-01 1.519380774663629863e+00
1.253551789371804226e+00 3.089176820206275043e+00 2.419905485953387780e-01 3.454513859571067824e-01
2.162192325742318566e+00 1.202781085099680958e+00 1.092312930596404552e+00 1.451381146829266111e+00
3.084160859212107031e+00 9.915863513360984038e-01 1.272158134666510731e+00 1.777811798808304866e+00
1.865053802410385986e+00 2.148671335167793295e+00 1.474296917636797044e+00 1.714065847947509491e+00
8.049495693399760787e-01 2.172158414295844331e+00 1.064040768619549215e+00 2.125406914818570581e+00
1.457861651617081256e+00 2.260270175122365277e+00 1.354565748611038067e+00 2.453124187150197866e+00
2.118388542556477738e-01 2.303439489869412604e+00 2.429704010840004536e+00 2.792718115567943027e+00
9.322245141360692156e-01 1.345978786295350282e+00 1.718479128390019151e+00 1.886666703221199670e+00
2.721192689849347257e+00 2.644575814868199259e+00 3.117063585935071046e+00 2.409233847489078872e+00
9.476986229708768139e-01 2.178338796282328627e+00 2.465530920197934073e+00 1.299300068620143023e+00
1.735331560892698688e+00 2.841309980611312014e+00 2.115207781354969452e+00 2.140756619391142035e+00
3.898064240807659897e-01 2.657870630434038706e+00 6.695859524566616372e-01 1.834303694412709795e+00
1.258836848361858607e+00 1.264111669868125842e+00 1.589974752862917340e+00 2.601689973508502174e+00
2.327176046217429572e+00 1.270648128587452463e+00 2.543455126041216818e+00 7.573138821579341595e-01
2.945650540247196414e+00 1.367065976643493164e+00 2.920442006168120774e-01 1.511202188754660544e-02
1.190815312049308350e+00 7.718326745164812985e-01 2.631007230243545880e+00 1.842490783789060727e+00
2.075476220222947976e+00 1.517569661870943998e+00 1.004961820315296572e+00 1.147088926880533988e-01
2.398324935966650528e+00 2.310615175472501004e-01 6.267919444924111572e-01 5.162137634506874795e-01
1.308440988883785794e+00 7.888865916887585206e-01 1.654653298199825207e-01 2.082545878009864904e-01
1.978240982662937131e-01 2.755488943353947562e+00 9.445918851184080811e-01 2.564417365692711837e+00
2.352285722477345242e+00 9.424142258923384752e-01 2.914941820258595828e-02 1.413442914487068824e+00
2.304856201435251606e+00 8.552393584105323354e-01 2.682116161123151876e+00 2.356335332339144273e+00
3.805463095665784223e-01 2.764000923938331411e+00 2.452848631652080336e+00 1.375913282948168170e+00
2.623407444992758020e+00 3.089413356634250984e+00 4.877479113836843405e-01 3.678635720518337870e-01
2.366783967963892732e-01 1.034094509779407201e+00 2.966819338789536964e+00 1.975590426466727667e+00
3.758503634989870390e-01 1.009747673659204592e+00 2.154907418999883806e+00 4.476256497500594733e-01
2.144576311410783642e+00 2.430833630571659632e-01 2.240728005467028883e+00 2.693245599561268300e+00
6.324285002007810075e-01 5.416869041054447331e-01 9.604465845096520349e-01 7.610035632327600830e-01
1.324468232585059191e+00 2.875300646475062116e+00 1.624230337601347829e+00 2.926084598967245487e+00
7.937031707756071475e-01 1.171762498621173876e+00 5.705900721581732560e-01 1.971967589605091442e+00
1.669271858223954297e+00 2.958089369612647346e+00 2.697054712762415374e+00 2.556037893050853604e+00
2.262603549304025741e+00 1.817277299716232752e+00 1.834527315863932584e+00 1.592130016945683568e+00
1.664869842382556975e+00 2.657177089101173006e+00 2.905383389854812037e-01 1.396478643796493779e+00
1.777115401080738177e+00 3.108985232624326134e+00 2.802789828455632293e+00 1.489220979901989761e+00
1.680133540797568381e+00 1.734793557551800314e-01 2.635807958359853931e+00 2.151742542134648772e+00
1.659345570941578973e+00 1.278847017677038345e+00 8.508285363746077579e-01 1.503132543738274318e+00
1.055387816907352949e+00 7.720971460050756185e-01 1.952575167765937092e+00 2.031105272696284381e+00
5.592526654749064852e-01 3.915137221071184892e-01 1.594119929170540795e+00 1.395005126660457506e+00
9.747707204272130221e-01 7.911594752838241318e-01 1.671768329748650972e+00 3.100976611895572832e-01
1.685242676706226961e+00 9.583730215063385183e-01 1.061357644792648269e+00 1.671936092716664213e+00
1.849972021845806225e+00 1.235381213787562160e+00 1.896450176945956745e+00 1.083815029219607817e+00
2.026152898316597284e+00 1.208055662534640584e+00 1.982248603746863180e+00 9.508509893335871377e-01
1.889809341671975715e-02 2.254920608055807740e+00 7.340510670158536533e-01 2.135875618528829012e+00
1.196340073582679020e+00 1.535250857018670700e+00 4.946237140932983056e-01 1.358760013696503899e+00
2.611392628845034203e+00 8.997570058898850531e-01 1.243964325038158458e+00 2.690842168445207516e+00
1.250169880306177816e+00 6.765032108649461362e-01 6.726387628550012376e-01 1.101333536902708188e+00
1.280098394854735755e+00 1.166956495578463482e+00 1.843008148263162727e-01 2.572905302706027353e+00
1.848125875595905576e+00 8.149528145257602940e-01 1.138102648898638769e+00 2.621791752272308429e+00
8.266985833197353362e-01 1.955158327111194083e+00 2.837802619961374284e-01 2.910941316177908966e+00
1.130831177813411470e+00 3.028505841847171975e+00 1.264831839430579308e+00 2.772705754927641042e+00
2.158469404488007726e+00 8.002798041044772992e-01 1.317502472129800095e+00 5.196773512309422749e-01
7.929044576200192651e-01 3.424897667226731168e-01 3.436028717473169070e-01 1.992249609487626971e+00
2.340733814831189363e+00 2.468408140455863986e+00 2.767051817050593332e+00 1.176748267653607433e-01
2.679210705751882138e+00 9.261968659933238479e-01 2.491255183586344568e+00 2.770058980705243812e+00
9.693692844017760546e-01 9.903146592582730001e-01 1.257411021351834135e+00 2.255914411845892920e-01
2.667363102664945362e+00 6.225384019093200827e-01 2.353020087084429779e+00 2.300454716825275359e-01
1.551389129412267476e+00 1.228508075423040413e+00 2.028676526700767369e+00 9.654956641820346963e-01
2.641561669827557912e-01 3.093610378703827379e+00 3.707714966166332782e-01 2.467911837116215867e+00
6.559285712523412748e-01 2.494384518164121101e-01 2.215675109902863760e+00 5.250074070337433785e-01
8.866354277924892724e-01 1.597510052097465882e+00 1.567623564260054725e-01 2.451267347444969324e+00
4.922706417880140517e-01 2.528877247758612334e+00 2.681421848869840918e+00 5.624982820011830142e-01
1.863007830248270658e+00 1.786783381020450312e-01 6.351204683023514708e-01 2.278212772739788061e+00
2.918965146395822607e+00 1.276485814685630604e+00 1.561212743565911110e+00 2.301636021483242089e+00
1.054552788332465907e+00 2.397611235506014182e+00 2.840915810265304930e+00 2.309364706680739232e+00
1.273553895493688248e+00 4.699202947666138441e-01 2.741381926157882454e+00 1.038076187435645226e+00
2.704780621432607113e+00 1.656342967942259436e+00 2.515142498227995294e+00 2.828574742151777510e+00
3.424660180280048594e-01 2.755271038266947879e-03 2.452832333768691697e+00 5.980456387117885075e-01
8.758718160344055592e-01 1.550778157693340209e-01 2.448967513950445429e+00 3.087983469803304182e+00
1.911172054472407567e+00 5.761107281163355687e-01 1.457786265427939654e+00 2.938813052671199078e+00
2.655881262440981327e+00 2.210983724145624052e+00 6.016986406561454226e-01 1.396826936024827326e+00
1.511916300552007986e+00 7.577320305034410675e-01 9.859399019274954767e-01 1.071809896526780603e+00
1.816817776400327267e+00 1.484626796569508689e-01 7.397228984974386912e-02 1.814621010825918090e-01
2.463702890544955171e+00 1.198063963492904005e+00 1.768641453932150442e-01 1.821109834196610322e+00
1.449513534715966223e+00 6.538714843463341309e-01 3.868024778252407980e-01 1.479358619505651395e+00
1.307321840033978777e+00 5.153329827989943102e-01 2.842638272109822228e+00 8.393938883030084286e-01
2.486400389569807690e+00 3.051637699656517988e+00 1.500997651633845908e+00 4.602360889734128380e-01
2.199575921240045862e+00 8.341307295686266610e-01 2.046200244436010784e+00 2.302476228818370607e-01
1.633042705640666004e+00 2.918933185507064376e+00 2.993611607169837985e+00 2.440943731207004141e+00
1.012325962826264858e+00 9.648116823338148684e-01 2.868538206700049553e+00 1.518969191990757306e+00
1.741320636909224451e+00 2.999934583819377831e+00 1.053775851135382080e+00 1.940570768373379051e+00
2.298712146925961708e+00 5.852236375689567893e-01 8.218038589524356841e-01 2.988806922440756075e+00
7.481238883181370314e-01 1.156002002498841552e+00 1.888397413684148818e+00 2.487673804976717307e+00
2.850085507082164238e+00 1.960930019746272984e-02 4.716354284956194576e-01 7.983884130032729010e-01
1.964625645045769753e+00 2.003679141851022028e+00 7.807509931922879121e-01 1.610903394676665101e+00
1.728180228925879414e+00 2.222397869475887244e+00 1.149764320231944081e+00 2.419543027247732958e+00
2.571745620781041297e-01 2.278494580306292594e+00 2.683861488495768111e+00 2.640692646900415497e+00
2.843833514565170084e+00 1.121034334716086045e+00 1.520797084903039664e+00 2.427192287366677803e+00
9.081674195944992034e-01 5.503217599641139213e-01 2.394376209887213225e+00 1.934219170342235561e+00
2.340216798141439458e+00 1.771629143411866947e+00 1.930562536887591385e+00 1.318609264450957275e+00
9.989965369029251141e-01 2.503179844928849374e+00 2.859892541623094697e+00 1.971430262880614404e+00
1.902490620946312383e+00 1.758148525814945407e+00 1.581226799654430026e+00 1.360153755955285926e-01
6.619791568512340962e-01 2.861996091431557865e-01 3.067848643509604400e+00 4.285352078736681669e-01
1.213065455996891862e+00 1.555145579996916327e-01 2.833706458593486577e+00 2.918799310431321015e+00
1.161084077635286649e+00 2.209665375199679538e+00 2.896217027628397833e+00 5.039435443327433539e-01
1.759889678348463882e+00 8.886110643785765095e-01 1.080932344242758303e+00 1.592734562402299714e+00
1.254655271960270491e-01 1.842568970294245378e+00 1.726611050414043502e+00 2.161389330695628885e+00
1.018928855458870464e+00 2.901535929572018335e-01 2.102740186708017767e+00 5.632383443024031600e-01
2.436261811757703288e+00 3.016507601983061004e+00 2.927617676409686176e+00 1.794251605079112188e+00
3.118936765118087262e+00 1.584324752553232241e-01 2.579151981385580328e+00 1.458132138157423041e+00
2.780736968380422169e+00 1.411789457184460694e+00 1.136737273299025762e-02 2.228630363159127992e+00
1.474522488031078660e-01 2.642294075050578339e+00 7.173793260378916736e-01 5.398458853213968789e-01
1.083890747928006881e-01 5.279406287299244216e-01 2.677209217223868620e+00 1.314852174656322648e+00
2.172622304956399297e+00 2.699390668163481610e+00 6.418989869071227705e-01 1.315327966170137808e+00
8.655234395112131329e-01 3.061114140730497590e-01 2.290218939435546108e+00 2.978854164950608396e+00
4.679159416155114215e-01 2.984753423521438798e+00 2.528649421682044540e+00 8.808653346491467084e-02
5.443666713246695377e-01 2.013147741714035099e+00 2.999068934597599601e+00 3.136713686482187846e+00
1.227632303472059316e+00 4.398389918811826393e-01 1.466899330570943238e+00 1.692738868680997877e+00
2.386510261583900672e+00 1.700126484832247709e+00 8.298217557532707733e-01 1.139559412810540406e+00
1.910506477200145214e+00 2.301588539093497587e+00 2.428118340162749023e-01 2.859906752244308237e+00
1.689623648352623020e+00 1.330610313663860955e+00 2.244001016219452804e+00 2.550480124013201344e+00
1.684642660221931543e+00 2.669587971805776228e+00 1.905658389539688802e+00 2.313607910182456706e+00
6.938314485146861443e-01 2.061142693382545410e+00 1.033764313235049359e+00 2.762462272448667377e+00
4.511357510549489636e-01 2.726604858853062030e+00 1.617439841922224453e+00 1.062149309615167958e+00
2.586369444269375428e+00 2.148239736407438372e+00 2.810024825962080364e+00 7.352404380324900623e-01
1.080808914590979164e+00 7.947579542635643257e-01 9.808457550812692272e-02 1.298604705155532946e+00
1.252365361026597013e+00 1.849181295783046020e+00 3.121579649199049289e+00 3.171167588289205280e-02
1.499045269532714775e+00 1.921694181940053703e+00 1.720115804208186105e+00 1.579139232147911409e+00
1.052909222834889524e+00 5.570662536527776210e-01 2.980564484146748683e+00 1.994181011944460513e+00
1.089472259783990982e+00 2.755735163203179017e-01 1.451745031298578681e+00 1.426969874696885965e+00
1.568355558942696737e+00 2.307192595552091330e+00 5.213619961165605332e-01 2.796210084840819454e-01
1.176534831676434356e+00 1.454918807002626435e+00 7.980298757724135772e-02 1.502576724587158408e+00
2.145681325275770490e+00 1.367429190183472087e+00 1.855892356429832635e+00 1.369622895270127039e+00
2.584530795908770884e+00 2.405580980583094330e+00 2.606448094391723203e+00 2.892773192427419815e+00
3.052058153798628215e+00 8.014193166137442148e-01 1.704240325279443358e+00 1.570222281445974977e+00
9.690587811347832758e-01 1.107854105315269955e+00 2.754878892646449362e+00 1.451551391650748535e+00
3.055516334052216010e+00 1.345888075998400435e+00 2.663860750598201488e+00 5.256820246440992994e-01
1.496874040240723902e+00 1.661766085533186388e+00 3.062252728477917518e+00 1.965708354962472759e+00
3.870057670302134989e-01 1.577542555432724258e+00 7.698929511315162344e-01 6.805809120024327585e-01
1.584122984008252688e-01 1.416101872904636183e+00 1.245531278808670539e+00 1.040976303815742687e+00
1.568260091989397642e+00 1.319568779246139967e-01 9.788443807109483696e-01 2.963069234686737552e+00
1.604167997506252163e+00 1.574930911554749624e+00 1.650589598670814340e+00 1.998431786718526670e-01
1.266841085750308959e+00 1.238942485320242204e+00 1.561746475045692195e+00 1.943446991763593701e+00
7.824386185908828450e-02 4.436430922380904529e-01 1.590696974882171544e+00 1.256300055062126830e+00
4.406592280098431957e-01 4.989820525377138827e-01 1.590344411916708278e+00 2.813652091157207380e+00
2.794451233369148468e+00 1.272163719726077558e+00 7.292263596688857152e-01 2.862889815041305686e-02
1.763947128415509269e+00 1.671689254579927786e+00 2.099019078960990825e+00 2.218227397633893538e+00
3.627589862450641967e-01 1.230768325050251910e+00 2.031141728105910094e+00 3.065835052011619766e+00
3.008026438615155396e+00 1.821895414859573625e+00 2.906397778423377876e+00 1.137300370442630548e+00
2.908749624230995590e+00 5.444151982023041070e-01 2.655348260128519211e+00 2.237554183222307369e+00
1.060643274590027607e+00 1.036803746375974722e+00 1.889464355093760872e+00 3.233293672457532852e-01
8.850617065640180303e-02 1.804195047765463578e+00 1.827451479406358548e+00 2.588149640820280428e+00
1.222773000303422508e+00 9.478538092047580355e-01 4.805402241949768144e-02 2.194815533771573346e+00
1.521965295951095420e+00 2.462141598325606751e-01 1.337007178394620466e+00 2.640566281406212745e+00
2.744065077284765231e+00 2.195360267605295235e+00 1.697433826449344707e+00 2.014760538396976663e+00
1.224462071725282986e+00 3.307476793647832203e-01 2.649041610814125036e+00 3.019382245369845119e+00
2.860816707203762022e+00 1.456042150984855565e+00 3.110671882802894750e+00 9.913058109139923912e-01
7.694142477262593260e-01 2.416998551084317715e+00 1.177571819484669824e+00 1.857563597471127426e-01
6.264907849347786106e-01 5.485129739173060237e-01 1.557513591823100230e+00 2.998678651884166824e-01
3.012429722198746163e-01 8.532306264908159354e-01 1.477437017551409992e+00 1.858601809114356573e+00
3.039194385224556871e+00 2.364312049738559462e+00 1.206994017051089774e+00 1.799538735289512248e+00
2.001506010652400303e+00 2.197224493558992131e-01 3.046018263813841109e+00 3.060645526915993564e+00
1.428037150651253695e+00 2.596515922768128704e+00 9.924758721601151246e-01 6.180011540733306719e-01
1.230805186811151808e+00 7.705936183869604994e-01 7.814406252766841199e-01 2.918880644198897478e+00
2.289284986334115146e+00 2.238292115119952241e-01 2.728677028487688450e+00 3.465215012622964719e-01
1.230975447439161652e+00 7.724093276417542953e-01 2.558424452095013013e+00 9.989208277785974754e-01
1.695757017810137990e+00 4.649167125813211676e-01 1.622493428037314445e+00 7.496138931633511415e-01
3.094275403398787372e+00 2.300127429222392106e+00 8.531132116492041728e-01 2.840265386633559430e+00
3.126929149208752090e+00 9.353104674229379967e-01 1.166206193337463448e+00 3.174887513105665859e-01
2.600127866593974435e+00 7.031080977145359734e-02 2.370472767935940084e+00 2.065309962165348789e+00
1.264045450384633229e+00 1.643659193097197546e+00 3.199171042155307676e-01 5.357181207252856847e-01
3.961611365096363857e-02 2.880929601814001373e+00 2.753964417289946454e+00 1.226546394040646915e+00
1.033315727255200711e+00 1.758829535363071184e+00 7.981451411065972890e-01 7.454068432104326014e-01
7.416633007319524129e-01 1.434984497930277714e+00 2.652326080840289979e+00 2.962295377553201270e-01
2.911952295280664682e+00 1.682138700638627249e+00 2.453095750553279775e+00 3.424783266514788704e-01
7.756672577057456275e-01 2.825587833623576461e+00 1.884000413319790734e+00 2.301632013837419333e+00
1.326606134026008021e+00 2.331814508883280013e+00 1.697798917882605840e-01 2.472121725853300589e+00
2.925686311397915684e+00 8.441304234727667888e-01 6.857590091130237875e-01 1.741228413584912316e+00
1.068517153460504909e+00 1.547285015891652904e+00 1.897667417680863333e-01 1.175110343082522713e+00
1.963491074385652624e+00 2.895873502357234841e+00 1.478394193249528143e+00 1.995371068898429634e+00
2.843560562216410847e+00 1.902599290869231519e+00 2.192909793107086891e+00 1.038702658699094394e+00
1.926333654010335295e+00 1.210296631836275116e+00 2.827690266925826812e+00 7.875360181168508111e-01
5.805110281228771374e-01 9.777189862820668820e-01 1.053601654883435712e+00 3.495736704200569367e-02
4.662983308915505942e-01 2.249410879164691845e+00 2.878868515909350556e+00 3.107167138005338392e-01
1.751890942271143281e+00 1.824387553498115322e+00 8.475479117020952025e-01 3.581181990205304921e-01
2.848786529013172419e+00 8.821767558479252092e-01 2.248829229851874612e+00 9.413855723310230461e-01
2.510522927158536644e-01 2.959693354963419676e+00 9.304091056001480287e-02 2.059029871890446284e+00
3.075941566519149184e+00 1.438769972894768490e+00 1.406601798922371360e+00 2.456123171634909230e+00
3.016100049623710699e+00 3.049438024218467547e+00 2.697433099144202373e+00 6.502319211913772934e-01
2.829922978147062729e+00 5.618490941273981409e-01 2.288069982030216831e+00 7.771392123689269127e-01
2.648621834946892073e-01 2.859852663873020617e+00 4.993598145840346669e-01 1.876012050330905678e+00
2.980101718304215108e+00 5.519620215288339321e-02 2.411642252739605308e+00 2.785610283337017101e+00
1.636117510135198794e+00 2.132342257159055787e+00 1.419202315045179352e+00 1.802820229746655845e-01
2.877492240605224794e+00 3.140620337349266378e-01 2.290601824177546764e+00 2.773430256805402561e-01
2.671066765233019336e+00 2.217141583468974275e+00 7.117953779897451261e-02 1.232345114280329446e+00
1.783058287941788889e+00 1.528284139047937085e-01 2.699762535725373169e+00 1.053501315166889718e+00
1.607832820271951846e+00 7.809159265367987546e-01 1.512878814565556285e+00 1.777922081579618840e+00
1.500177874803207967e+00 1.048202970620999874e+00 1.584560983852444371e+00 8.459806659008323182e-02
1.934865449991574948e+00 2.956925277792371021e-01 2.356943486869454318e+00 5.276140793842326593e-01
2.854753722658525117e+00 8.959190881565311237e-02 2.346076059833253957e+00 9.045239545178156426e-01
2.354446708547512035e+00 2.332414765405489643e+00 1.535623601051294695e+00 1.257028110759895068e+00
1.918168974912629166e+00 2.738078575455464847e+00 1.588330527583619700e+00 1.616427261023437367e+00
1.125242049580292614e+00 3.059789176614914563e+00 1.378491863369957215e-01 9.477862540077820475e-01
1.128372719996516560e+00 1.432495032980996230e+00 2.162387237341589330e+00 1.682978337245266909e+00
2.817622994343032053e-02 2.969959715665727362e+00 1.650265540900114791e+00 1.139065681914749106e+00
2.657153616912722782e+00 1.699031051468151254e+00 1.791647233899179348e+00 2.734591003938360743e+00
3.014339309788407917e+00 1.103716075093493787e+00 9.038018215143699408e-01 1.795205042146826857e+00
1.364220572302664802e+00 2.563186349567295075e+00 2.885199297954565534e+00 2.789416736756045179e+00
5.676221059927454293e-01 3.971325176062023843e-01 2.693630345552904704e+00 1.141227739283127818e+00
2.761118716741201684e+00 3.099435657135948298e-03 2.525265160075414794e+00 8.214793585956148281e-01
2.637290038824686267e+00 2.653253033906632918e+00 2.864520797280044606e-01 3.046390175363014929e+00
1.640332596637224860e+00 1.895291722530885625e+00 2.125896187812293281e+00 2.281077950904149887e+00
2.969778847914005038e+00 1.305622711323680019e+00 9.639295932163584046e-01 2.469974278563668246e+00
7.473397276701466696e-01 4.382991369365120127e-01 6.610897769628414078e-02 1.813310233641675095e+00
1.300959580239073876e-01 1.693363086491352920e+00 1.467591340861469584e+00 1.126575179691017059e+00
2.935704529519187478e+00 5.947956748707597940e-01 2.669996344620860107e+00 2.229841577023176313e+00
7.260454212227114290e-01 3.402482961127397121e-01 7.332087233111522773e-01 1.768169460871054532e+00
7.389787196544937986e-01 1.782272395118291275e+00 9.412158448387688559e-01 1.545885654986799862e+00
7.016631872694372163e-01 7.371715763787296816e-02 2.357282347464869421e+00 1.333648795405040222e+00
2.420934180830387916e+00 8.597383295922308433e-01 4.770886159341811705e-01 1.674933581817750650e+00
2.067169501600133241e+00 2.983864156235090714e+00 1.186182736710184704e+00 2.715700753106040199e+00
5.709085721865582164e-01 1.200909453995217202e+00 8.987292410592171432e-01 1.666631832986422035e+00
2.457145482631005073e+00 8.199649786233119686e-01 4.457673286658179190e-01 2.122787649356748574e+00
2.131361068315024365e+00 2.761873996410145748e-01 8.082142175330772060e-01 2.795760042063672568e+00
3.984597589275105656e-01 8.865820671287083510e-01 2.453427259726006060e+00 2.829094052673885251e+00
3.105238241022390877e+00 6.776146840315973030e-01 2.676412389910525214e+00 2.047738980672107800e+00
2.117091878087313361e+00 1.065868673077031481e+00 1.113980249088909052e-01 1.917970812764470345e+00
1.225340387504750383e+00 2.787651199713180983e+00 2.238199102445256550e+00 1.681166011661320292e+00
1.037725118669213575e+00 6.803610822740472353e-01 1.735095126865312531e+00 1.280623434209244405e+00
2.036758056638591885e+00 2.439684645944922625e+00 3.033149048377036472e+00 2.193513825240279047e+00
3.789355040219703485e-01 2.751637567963895581e+00 4.329625531626810075e-01 3.082192384255440509e-01
3.694094790934583372e-01 2.157486420504656000e+00 1.488574448921693216e+00 1.697954075620650594e+00
1.172035636050903440e+00 2.922990895681794044e+00 1.292124624867425631e+00 2.820952325264983962e+00
9.769973540481100560e-01 2.876705733743746940e+00 1.618894232874483752e+00 2.314556974768911868e+00
2.327834592453326579e+00 2.048139289467981961e+00 4.116101493825601865e-01 7.963026169711105995e-01
1.621409054615312817e+00 3.047003256587037967e+00 8.034896080426322529e-01 1.469080285135284880e+00
1.958103767047990384e+00 2.675229679596983434e+00 2.204012016823934772e+00 3.291849850253805165e-01
1.292785261858302670e+00 7.179808448534827914e-01 1.800377934096477395e+00 1.951993763983316532e-01
2.170064591818929411e+00 2.449419965082184625e+00 4.110852022473134304e-01 2.977690663232913870e+00
1.033097588478057549e+00 7.122619909417677864e-01 6.740443238595702491e-01 2.053148901330211995e+00
1.602414233493146822e+00 2.634423816229089610e+00 2.504018059928233342e+00 5.904731379744251329e-01
8.107344933072901938e-01 1.270449888126198523e+00 3.101239605463864457e+00 1.253452858419494831e+00
8.116451680341112418e-01 2.205191972762834962e-02 1.391069357863231160e+00 2.564170440102872206e+00
1.974286472933066972e-01 1.177642650021413662e+00 2.476923753738232925e+00 2.860669961480906576e+00
2.323408309976353683e-02 1.837505673096510250e+00 5.495731889346028298e-01 5.400475431759563932e-02
1.179553494803750491e+00 3.027120290559746962e+00 2.507839413276116147e-01 2.673441678400097388e+00
7.372925124470708358e-01 3.513807358313179030e-01 3.098619754273973292e+00 1.765785593765408779e+00
2.791710561988053119e+00 1.500718360292304210e+00 2.303791345675459734e+00 9.043917131173643265e-01
5.295066554084580934e-01 2.896815628377650942e+00 8.215689458118181632e-01 2.163345580200607687e-01
6.502791181856135694e-01 2.168560970618303774e+00 8.357027342185856522e-01 5.334728770250691809e-01
2.824962237680905819e+00 1.064607540387409790e+00 6.398748087727278433e-01 1.043158068246928805e+00
1.845846855598864522e+00 1.268410729921850999e+00 3.140201419315101994e+00 1.470601008132966792e+00
2.964263998577557846e+00 2.915935154592976364e+00 2.399032869131220824e+00 3.107349405326155889e+00
8.880247258256631637e-01 7.800390205545152389e-01 1.147324280617610048e+00 1.924054198988839781e+00
2.976132016967913962e+00 2.968484750259082094e+00 1.378497915923880157e+00 2.883439452550395021e+00
2.149715449656647515e+00 1.362346275991380418e-01 6.772183395238784431e-02 1.774865186751825252e+00
2.742315298842020965e+00 3.241178358030862849e-01 5.563439994285276358e-01 1.428151196197959827e+00
1.150270227747901552e+00 1.471966981801887231e+00 2.268755757121348360e+00 3.027011682471433485e+00
2.744857126926469881e+00 3.136474414229727170e+00 4.282280471459944393e-01 2.513378475673357038e+00
1.101631800551849061e+00 2.691119223241668079e-01 7.820810536976091631e-02 6.477690900462950152e-01
2.981012968863364421e+00 1.398172304291306567e+00 9.069913768837688239e-02 2.175867527793020173e+00
1.664458465804460552e+00 1.392542343041837327e+00 1.433795399655238612e+00 1.524914697163828103e+00
2.563197120927256378e+00 1.538681927362945068e+00 2.634302876910488589e+00 6.712708191244040057e-01
9.333245799080264193e-01 1.814058753187601347e+00 5.848739617854420425e-01 1.267459519068210305e+00
2.818913162720802390e+00 1.977030920126888469e-01 2.429699842302003532e+00 1.387627467981129570e+00
2.462836670421598484e+00 1.275646124865384312e+00 2.038055561946429339e+00 2.302570311220561550e+00
2.248488369443943924e+00 2.194552485372283090e+00 2.406509629636761627e+00 8.531186757643532959e-01
1.731056991578194149e+00 7.212304334452467325e-01 2.870021896328204924e+00 3.031988758083371538e-01
3.701712899729684425e-01 2.945135428170484904e+00 1.736093996672469997e+00 9.007189901734418136e-01
6.354353728146572289e-01 1.704963133217185067e+00 8.467791688465156064e-01 3.116804022728298484e+00
2.043513872390923414e+00 1.287690721297873209e+00 4.220583195301789714e-01 2.088742494164668173e+00
2.354482772076488928e+00 2.323860148188102936e+00 9.096756176436441299e-01 3.131185492104771040e+00
1.390281653738110856e+00 1.080753448261735583e+00 4.776175126502223978e-01 1.245471198358783393e+00
7.476650690066349858e-01 1.444401775082229555e+00 1.930896027788643110e+00 2.877688666899308245e+00
5.655040575725313046e-01 2.100652235633554632e+00 1.554617171370375472e-01 9.934372695416815446e-01
2.410237479702468377e+00 6.166924734524054097e-01 2.523267324941922851e+00 1.764990618913123255e+00
3.853536477774970881e-01 2.964783192981347959e+00 2.100192752510917860e+00 2.732774271920986653e+00
2.647979092742367424e+00 2.297150357926457165e+00 4.802401196864730104e-01 1.076353816663181640e+00
1.953954619322070485e+00 2.636886249680547412e+00 1.734037978056948592e+00 2.812578855594315641e+00
1.004143722286268359e+00 1.403650169489049748e+00 9.609010009212949344e-01 1.574042807099741204e+00
2.295953325877029549e-01 1.520844633764026232e+00 2.628632707234959565e+00 2.297362460693238351e+00
2.600321762904109324e+00 2.005765692993134675e+00 4.035385657780554136e-01 7.810561229285738483e-01
2.147364500077021177e+00 2.233144628398015197e+00 2.623711913739886992e+00 1.060143872473392257e+00
1.409209397752938298e+00 4.785105746264106674e-01 2.097397862858045581e-01 6.561500142954267423e-01
2.473461884378507669e+00 3.065896678232284123e-02 4.872030761840234758e-01 2.574242323542586419e+00
1.039005582821431045e-01 2.705158596205804233e+00 3.141224196295383297e+00 4.571552635532104558e-01
1.004177053501180139e-01 1.711085935715430439e+00 2.538068041474065506e+00 9.808307783237985022e-02
1.694497999944045707e+00 5.905277778927959381e-02 2.827769110243554707e+00 1.789125820273693046e+00
1.941642887891442681e+00 5.659317345914154362e-01 1.306826124378370757e+00 1.002252157711104985e+00
2.023287517250532908e+00 1.982201616564339020e+00 3.086568084347597996e+00 1.020230650376812376e+00
1.976587515505295212e+00 2.898243714197054288e+00 4.395442366160623449e-01 2.203661747367287038e+00
1.738237199170965530e+00 3.838524475267013902e-01 1.731929121310578523e+00 2.232590919953690189e+00
2.987770948588260644e+00 2.771363154352810554e+00 8.853599738858484169e-01 1.921332130594634480e+00
1.381747815777206956e+00 2.519487983258730246e+00 1.223972887801132226e+00 1.306640108511044174e+00
1.540941824945464278e+00 1.769456960827365588e+00 9.215032840402487269e-01 2.608058266308436846e+00
3.028896512400072738e-01 5.269813505091923700e-01 2.239310730978545827e+00 3.020256476529614265e+00
1.519243157921018383e+00 2.075569290823704449e+00 1.019564848875075924e+00 2.925415427210575015e+00
1.902057833577639467e-01 2.269642367986899334e+00 2.701893564400150716e-01 2.389539923369627950e+00
1.220976790878472773e+00 2.833543272736673835e+00 1.011751096483308077e+00 1.548672561507655310e+00
1.386250180056507686e+00 1.936602788013664922e+00 5.771907928772225249e-01 1.151670887229022111e-01
1.779315912091008201e-01 2.696987930519996635e+00 4.946667485832528799e-01 2.058350136997830315e+00
2.071447606451338075e+00 2.916732941389287959e+00 2.473697568802868951e-01 6.637197697784681383e-01
3.626026096302114032e-01 1.650409937207268474e+00 6.539665002599587273e-01 2.282842863353769403e+00
2.664976433168423586e+00 4.024024139745633333e-01 9.443173348378865184e-02 3.124202665826187442e+00
5.440499019104654277e-01 3.138194402264545158e+00 2.528250875759365801e+00 8.515698951491315061e-01
1.401983060651561086e+00 2.046795127027720262e+00 8.226482300270979708e-01 1.634007169231783907e+00
2.570888383764283525e+00 2.424282799316557657e+00 3.122353664966535547e+00 1.217122720191650131e+00
7.696190070952216855e-01 1.667177421493406975e+00 1.614417440574899443e+00 2.084463867699100970e+00
2.000510068034571098e+00 7.408187615943344628e-01 1.165320039243053607e+00 1.198234427084755582e+00
2.164660972690744423e+00 6.222137357830955784e-01 1.829276442745749964e+00 7.106861439137993619e-01
2.931049203179171503e+00 8.025024073230861976e-01 7.490938338686933262e-01 1.348042010281029546e+00
2.048675494861141200e+00 1.893216582546147775e+00 1.461631862447997587e+00 5.737643223811691451e-01
9.385488947154099204e-01 1.829748453615656967e+00 8.049287360575179129e-01 1.117996108802451261e+00
2.534927179185393786e+00 1.800904436019880928e+00 3.066649819076691097e-01 2.979983787103489545e-01
5.524510260592117028e-01 3.054717233987571223e+00 2.898849741171494188e+00 1.242687377575346863e+00
1.550794421164959136e+00 2.853561401163694278e+00 2.611453899317345950e+00 1.988238783906000950e+00
2.664524288235826432e+00 1.240229932130718860e+00 1.820182326604785850e+00 1.920458144932151445e-01
2.338534422386874478e+00 2.746991083718786086e-02 6.493182399208965450e-01 8.288046494766214412e-02
2.603123607450191113e+00 3.031450521690415734e+00 2.376290475340361308e+00 1.141151263885369582e+00
2.416147720736452786e+00 2.205872001239340463e+00 1.215269798220240949e+00 2.154848794715662486e+00
2.392742003530762940e+00 2.776461740154157809e+00 1.822586624315892800e+00 1.389545225757409908e+00
2.033441165101361303e+00 1.525198701469114182e+00 3.090439105570731204e+00 7.882333292060533791e-01
6.698904924372606207e-01 3.101947388661759675e+00 4.031106121486227600e-01 2.515745616759411885e+00
1.615588931053985600e-01 1.242969646417894647e-01 1.754405049207882872e+00 6.073402750449856669e-01
9.217592952475136547e-01 1.142017690972583210e+00 1.783612250472210725e+00 2.865319374558821242e+00
7.416691436323775699e-01 2.085838677200928970e+00 2.332233016620806065e-01 2.665438174892374334e+00
2.453023739779798262e+00 1.337817143843116119e+00 1.861793730662127055e+00 1.339975145534739953e+00
2.911266153581135718e+00 4.335245774335498292e-01 1.370069331049853734e+00 1.024544058961570414e+00
1.305457970040202254e+00 1.600890919766583043e+00 2.227894180910643396e+00 1.970805440733663483e+00
7.481276227978100879e-01 1.168240176834591249e-01 1.579657566125558965e+00 5.865674376985371974e-02
1.969070716435940449e+00 2.570199092058985002e+00 2.092152598672253117e+00 3.524724577025035166e-01
1.881645818856279684e+00 1.525746363642034531e+00 2.972375008481099035e-01 5.241746023537703636e-02
1.293045522935803993e+00 2.645180862269532973e+00 2.099794931033088508e-01 7.831570214764470572e-01
7.040875740909381397e-01 1.360228966694847275e+00 4.252693056299110541e-01 1.803986332125216974e+00
2.139479519897707682e+00 1.198116277956651654e+00 1.990919870203128994e+00 2.158981526738182666e+00
1.309083977236458196e+00 6.471960719258995631e-01 2.392730444765057030e+00 7.777982560152849612e-01
2.133337284788151475e-02 2.702427211572286048e+00 1.088357025200538786e+00 1.360172768165321511e+00
2.670595713091802104e+00 8.632830264159150335e-01 2.333676720429761486e-01 1.534749730676695956e+00
3.154950496764998835e-01 2.233856790412986459e+00 1.279843912292426999e+00 1.122188898511589983e+00
2.029666748096067952e+00 1.222859922627065332e+00 4.530820435484945730e-01 2.482976802615120437e+00
4.687145398108932826e-01 1.499044053837544688e+00 3.010992010126742890e+00 2.252493837700536794e+00
7.318905974195435427e-01 1.317971695212292849e+00 4.622338256634091480e-01 1.899296531706730740e+00
1.245821171325348864e+00 2.831902008795688097e+00 2.678521141886538448e+00 3.163654552981236545e-01
1.862235470167211915e+00 7.777557417694120900e-01 6.284946370559660878e-01 3.439190857140883573e-01
2.638907793083997699e+00 1.678453382234371460e+00 1.072179097169836171e+00 3.702130794703731853e-01
1.586903054273697489e+00 3.805648484502723305e-01 2.724881349605959624e+00 1.358480005442592453e-01
2.092224579040180110e+00 1.217769993430249942e+00 3.016433244000872094e+00 1.451871943596127368e+00
1.339212837013178836e+00 8.589361267260428034e-01 3.132339007334031145e+00 1.464947396683794256e+00
6.188748134528679889e-01 1.119402179415250442e+00 2.690096474985116615e+00 9.331473069990313673e-01
4.144271209380542831e-01 2.853644377628210549e+00 2.051987999839911314e+00 5.743091378106297551e-01
4.364469529256117530e-01 2.066062812577831753e+00 1.360630584516210106e+00 1.485535808468446684e+00
8.371143822712082683e-01 1.426422207536752751e+00 1.564798295979641818e+00 1.692861689079464993e+00
6.915481538644382420e-01 2.081112103915564671e+00 3.007236548726549774e+00 1.992974184300937424e+00
1.824663795985006942e+00 1.112901797965231976e-01 2.777369851093300035e+00 7.241762223290812983e-01
2.854953281790527431e+00 1.807751827911016906e-01 2.757908672610262624e+00 1.584893393971936293e+00
9.945230778399788418e-01 4.457891713182438043e-01 1.769734034238053422e+00 1.808476031596042866e+00
9.236135879737427112e-01 7.002848762439441987e-01 1.015337876409205586e+00 1.063631342038413141e+00
2.993703689606633578e+00 1.906128433448095905e+00 2.040282539374568938e+00 2.790996572933568398e+00
8.529090299005778197e-01 2.641497873255699513e+00 2.172946855256690721e-02 8.859234213529424418e-01
5.249541198245479823e-01 2.956460941259324016e-01 2.832081157858276077e-01 2.420580456316933748e+00
1.254128778134858013e+00 1.885044476194508212e+00 1.947893742543858497e+00 2.004883692452464672e+00
1.444165632941414978e+00 1.447642134621368593e+00 1.556244995044002044e+00 2.155061787424973563e+00
8.029968565272727066e-01 6.958580905225975055e-01 3.132275504523098636e-02 2.661466429009202272e+00
1.523069395092311318e+00 1.018691979500616407e+00 2.329297702263839476e-01 1.837712967741282899e+00
1.372400536350667499e+00 4.913555399166903981e-01 5.558598649074617537e-01 2.952663474830135470e+00
3.615972330245564859e-01 9.690785333682068181e-01 2.274453611421973775e+00 1.470333622754841363e+00
3.595252316940876491e-02 2.585019330859938957e+00 2.758491411784327774e+00 7.265419879854934093e-01
1.644356983140669248e+00 1.317334532094931676e+00 2.068124233711233995e+00 1.637130249313940134e+00
1.064468912475931894e+00 2.665649385352068801e-02 2.482009630009664125e+00 3.719032038352754754e-01
1.053701871775523546e+00 1.279363946480594816e+00 2.539305988355659238e+00 2.710734118038085963e-02
1.624329270144549531e+00 2.531729003415777335e+00 2.087036796458650034e+00 4.059699729412231117e-01
2.073045954675891256e+00 2.134529639704999315e+00 1.271986933970628897e+00 4.600356351823005341e-02
1.911929474014552710e+00 2.338295240607558778e+00 6.569634593046551341e-02 1.988355962041047365e+00
6.745732127041922377e-01 7.579827914190223614e-01 1.213836712812280449e+00 1.091774345516704603e+00
9.471480638033825949e-02 1.272159365229299288e+00 2.039999109496543728e+00 2.643903809579196462e+00
2.651641878056452128e+00 1.183155319448300880e+00 2.179307468955244964e+00 2.149959175449611237e+00
2.770987063655577565e+00 1.973164634579317012e+00 1.316763389328070799e+00 1.274125977499197537e+00
2.669424565442702235e+00 2.574614883550163213e+00 2.579652200305262433e+00 5.841988678339896657e-01
2.810374623231878477e+00 1.581018924806742776e+00 2.992020365364520540e+00 1.859164480059351643e+00
1.379720339263264206e+00 5.942640717747676993e-01 4.431963424436154986e-01 2.132347888872348385e+00
2.569092751330785074e+00 2.133435085483004645e+00 1.662811511484816096e+00 2.156619937381177632e+00
2.965770164419901267e+00 1.264443763918864372e+00 1.408030860016679986e+00 2.427360946458045898e-01
2.482690470176423858e+00 6.716913824585434289e-01 3.044251111083964734e+00 1.182072855062815675e+00
1.618419360928308626e+00 1.799349260166457354e+00 1.528949042394554425e+00 3.032638602023972396e+00
2.797038560098673354e+00 3.359031292371336130e-01 1.653350754858986082e+00 1.734335665300251739e-01
1.746901132272250454e-02 1.938168207944942045e+00 3.031878403430908087e+00 2.560307255732259701e+00
1.610243315475532455e+00 2.158132437960612382e+00 1.662611144056653112e+00 1.365084581667330710e+00
2.813483894260977447e+00 6.303644179152366744e-01 2.048223978842065751e+00 1.184431082548133896e+00
4.808668954228013659e-01 2.747690809038464188e+00 5.466628900199169694e-01 7.326420822788772824e-01
1.020926203139605137e+00 1.883491255523286112e+00 2.732336715655645953e+00 3.668840126855751338e-01
2.413187830380111532e+00 1.382552285417572024e+00 2.727046074994420977e+00 1.508442231699749891e+00
2.653538907770693012e+00 1.897179778252556126e+00 7.016461913157498453e-02 1.408067421451505430e+00
6.176977534657234203e-01 2.679304580972453387e+00 7.697872657428600496e-01 2.484331317149504947e+00
1.248751919232785612e+00 2.701095382713137205e+00 1.471949396543115407e+00 3.000848998242741317e+00
2.871822034924612410e+00 9.687778708718536302e-01 1.440323489261294831e+00 1.533924880272670599e+00
1.819963013779460015e+00 1.312702117587799311e+00 3.439756381352600534e-01 2.898317761839208084e-01
1.644649082828416597e+00 2.780287092114945402e+00 1.884994348566870981e+00 6.928856537394574300e-01
1.606080389155711163e+00 5.686485955614536403e-01 2.070695420970694922e+00 1.963754470539457619e+00
3.752056757138301779e-01 2.069177602168088104e+00 1.709453205191910685e+00 2.218509905621354472e-01
3.323440991955605717e-01 2.413753542951688758e+00 2.013925192079137894e+00 2.675050720736154020e-01
2.273389736422020135e+00 2.749309690730881162e+00 3.054970288826032387e+00 1.540226656467212907e-01
1.520502268257143685e-01 1.654992761281959712e+00 2.571106496821603304e+00 5.699553547504438988e-01
1.301819970628559586e+00 1.931673764628161427e+00 7.300275146992500908e-01 1.815244888648560873e-01
2.630904498566883021e+00 2.064771186806359626e+00 1.755578146541927342e+00 1.424699486127489201e-01
1.014014084631945201e+00 9.332379551993772449e-01 1.743245239952264880e+00 4.449800471337795882e-01
1.410581494054995000e+00 8.064543455530708005e-02 2.430802553907934982e+00 2.672741458373932844e-01
1.163762465269062990e-01 1.176343156042405136e+00 2.850973209069715519e+00 4.695020775941356472e-01
1.855297458223523988e+00 2.309343216669911492e+00 1.134917153521392885e+00 3.161920711820455088e-01
1.502926412659792543e+00 1.878670320921927095e+00 1.813018835075811630e+00 1.403001234508160167e+00
2.070263057026646702e+00 1.297152128304394525e+00 1.088002885364892869e+00 2.300572385078677229e+00
6.714102158840964396e-01 2.866682203978420329e+00 3.017209521558860796e+00 4.317707955166737999e-01
2.726473705317540741e+00 1.042286691979479096e+00 1.288855217514411233e+00 5.758917514646633151e-01
2.901338155582992684e+00 4.215240793196829983e-01 3.082899602194388855e-01 6.453990360689402239e-01
2.462317986083646826e+00 1.419742559317566100e+00 1.721825254544318229e+00 8.460703551035416714e-01
1.905024932046804675e+00 4.939991782132802101e-02 1.651093364627072013e+00 7.235352466567404051e-01
1.991124868476448428e+00 1.821327525334773600e+00 3.267866776932286665e-01 2.270332958330194995e+00
2.762119300610291539e+00 2.548868378428166270e+00 2.721307183217769765e+00 1.206314025439614523e+00
2.600827861979301048e+00 9.848233887002212639e-02 2.604527949995662617e+00 1.311902701045111641e+00
2.118642472934193499e+00 1.924825393054273581e+00 2.925539536546374997e+00 2.673861163611328529e+00
3.009522893058785842e-01 2.277051594271054746e+00 2.130869159662316825e+00 6.223580245739372963e-01
1.817911250535437784e+00 1.017628659235026323e+00 8.665512995333660706e-01 1.697747317526380195e+00
2.988080086753201581e+00 1.401475633871458015e+00 1.789643596633875067e+00 1.319181529885507631e+00
7.955823498678564754e-01 1.229920061989133062e+00 3.972244680218454949e-02 1.815369351147475330e+00
2.986753615446287036e+00 2.558237140395963394e+00 2.978538135659654529e+00 3.416083933005322204e-01
1.555836733287509599e+00 2.328613038048222617e+00 1.756886988552910145e+00 1.981898935489895486e+00
2.064232322662928443e+00 2.386355683806820505e+00 2.799699481256474165e+00 1.341781650654485514e+00
2.323734342225759697e+00 1.437975590540060633e+00 5.499414525129058262e-01 2.736121574120824906e+00
1.122831646827120666e+00 1.597908637596885617e+00 3.032986757904054809e+00 3.141061860068349532e+00
6.353220192975423952e-01 2.338654626339068177e+00 6.305526675073649390e-01 1.053499604159454428e+00
3.004603347612413433e+00 2.730989695231533343e+00 9.761198804824675612e-01 1.691854257909453763e+00
2.910319725588490947e+00 1.620406310017740159e+00 4.708767741946634500e-01 8.669132343273243668e-01
2.622896579454230714e+00 2.399215748857002950e+00 1.323631414543658513e+00 1.926455029559032139e-01
2.289825064609551930e+00 7.649791884557115562e-01 7.109098681466774483e-01 1.328018216453748179e+00
4.036998744653786386e-01 1.949834984525574244e+00 1.079775752260779598e+00 1.037420784183110678e+00
2.789360872285029380e+00 1.345991472579004977e+00 1.825964868050621970e+00 2.904119926793184980e+00
1.513232402609292260e+00 1.335705354232459285e+00 8.501538579090970327e-01 2.688063714021937667e+00
1.515402203612461252e+00 1.985768725287120118e+00 7.054485413605474653e-01 3.077995786193448602e+00
7.803687056012557077e-01 2.002303621561325464e+00 7.519526066618810456e-02 1.600730339285468373e+00
1.386224997810120430e+00 3.824903966595381566e-01 1.659866237542366063e+00 2.554800912278416103e+00
3.091921253353226984e+00 1.895852749081567312e+00 1.075895181654353966e-01 1.201556372804771122e+00
1.138663750188619650e+00 2.055769087367824266e+00 2.623697090865400483e+00 1.391462354294034087e+00
2.298798210533806174e-01 1.565336552045624607e+00 1.614645746513434510e+00 1.575250005891973393e+00
2.652025858469616360e+00 1.145722511621112716e+00 3.102871633605721602e+00 2.627441435554739080e+00
2.727203779747159107e+00 6.295880975503570509e-01 1.755857783741834321e+00 1.154600086449207863e+00
1.203466785674304651e+00 4.155757813059837158e-01 1.776060217403564456e+00 1.077490139252475387e+00
8.625641654855853435e-01 4.079080185403505809e-01 9.830533772668128556e-01 5.388620901162490817e-01
2.164424308897248128e+00 2.102121570142586826e+00 1.010499546465603693e+00 7.459452754499465987e-01
1.429202448848768903e+00 1.025197499077669550e+00 2.090683282235649365e+00 4.909242829604725245e-01
2.147470095792084699e+00 2.162661664492472102e+00 4.114020608659849643e-01 1.370089925247266027e+00
1.082695552063677041e-01 2.671179865698519951e+00 1.462841962737774670e+00 9.217795531926151753e-01
2.255300381095575624e+00 1.065876262612235115e+00 8.044187448554582787e-01 2.703989141929011630e+00
8.081546981417752074e-01 3.557890991378305778e-01 6.418087455352655679e-01 1.824590451877405650e+00
2.953632203257673616e+00 1.680386979802554748e-01 2.877162691285155560e+00 9.018141891176579827e-01
1.642200361997722569e+00 9.201270833608754529e-01 1.553675122617267368e+00 4.888019506442345952e-01
3.334066319423693026e-01 1.663538133449775414e+00 2.537858494554031008e+00 4.845201329013257285e-01
8.997347923374181544e-01 9.381554852784829146e-01 1.677698884824032621e-01 3.055118564054243979e+00
1.661118428509415379e+00 9.275085268197454935e-01 2.088736889784189810e+00 2.540106221539697451e+00
4.107723134124511843e-01 7.085281537948495689e-01 2.881633174005349574e+00 2.736980154738888782e+00
2.887811984188028980e+00 2.149973568147578895e+00 1.586281940856676842e+00 1.980163939946851137e+00
1.524384871995539514e+00 3.900633392908198216e-01 1.305144012622377447e+00 2.133842774881096194e+00
2.427440533468086858e+00 2.504062252444490433e+00 2.242770175847544623e-01 3.262369793258003137e-01
2.218128788069929413e+00 1.251183188125926278e-02 2.216054728097870186e+00 2.065368823217441641e+00
2.927150088981982368e+00 8.663213239260718623e-01 2.873850591053380032e+00 3.240409822062451650e-01
2.886963673412338505e+00 2.446113275397217846e-01 1.462546683227549105e+00 1.320769511369748628e+00
2.752412505976197021e+00 2.116856119396026248e+00 5.864916885097910537e-01 2.578127465907299243e+00
1.745317532977277875e+00 4.888520249949527829e-01 4.644519191069108044e-01 1.191889298114661017e-01
8.720432035323993913e-02 6.895605745596640190e-01 2.726623474523018675e+00 2.626562896709180528e+00
2.383203029220684055e+00 2.901247430698870033e+00 9.184315562804153954e-01 1.695360092877069569e+00
9.159565929197805989e-01 1.983906282828904688e+00 1.339417529470398938e+00 1.492889321995673146e+00
2.260828419364087072e+00 1.296549697694617143e+00 2.854932265607976305e+00 1.574206826078058841e+00
2.886888434818592142e+00 2.012816555285617426e+00 2.313988543662757191e+00 7.239871598418778920e-01
1.607689901148721956e-01 2.135040687125233927e-01 1.358548408341539560e+00 2.563897514338183137e-01
2.570739946569648549e+00 2.393436732392283606e+00 1.805421618786268834e+00 1.548597323420638716e+00
9.603551598356696584e-01 1.918727265230507628e+00 1.614685200528606313e+00 2.731564057329304518e+00
1.646260020878950459e-01 5.323858285403254564e-01 5.188864947863885968e-01 7.868535413587992577e-01
1.621283345261715469e+00 2.666561073149066541e+00 1.915036883630122810e+00 2.251907506558393557e+00
2.169219036788842647e+00 2.371899319095747138e+00 7.824286780938800590e-01 2.813983976369701434e+00
2.452113666540614023e+00 3.232164829942772433e-01 8.910986355219183142e-02 3.042581528935203394e+00
4.026867904205292392e-01 2.411080408765301719e+00 3.373344565924940031e-01 2.837901075703762377e+00
8.137259569954747862e-01 1.829244598030326463e+00 1.242832096892668936e+00 2.263615182859625985e-01
2.859505141708251319e+00 1.737072613159783563e+00 4.777664337321932408e-01 8.991194905105932833e-02
6.761379827795159503e-02 4.451178042068075769e-01 1.993864735999152149e+00 4.781314056224522657e-01
2.765648454411608892e+00 1.153068320270946190e+00 6.213528042206551971e-01 1.595752823748383564e+00
3.005332646876946345e+00 2.685514383032108210e+00 2.956601003242544046e+00 3.110100586840793380e+00
1.278976598510436880e+00 2.975724704541484744e+00 1.991297157555147024e+00 2.091832055512719446e+00
7.780854994592177887e-01 2.887179590876074453e+00 1.198886867794319855e+00 2.039037246897998368e-01
8.030313120219854106e-01 8.586337044320584422e-01 2.381163074832916671e+00 2.117014256289693197e+00
2.538999092804866020e+00 2.653696528195037985e+00 7.055324685980693400e-02 2.342868666792855326e+00
2.616353820967069588e+00 1.459260168313734729e+00 2.806285671424360029e+00 1.706423575846632623e+00
2.337441462073188703e+00 2.814731817913972645e+00 2.810786348773730570e+00 1.667353936906408096e+00
9.379036310205762783e-01 1.174320368806889503e+00 1.786732688004998515e+00 2.242071173672807394e+00
1.659493818284858424e+00 9.808462104215345256e-01 4.280184932013693655e-01 9.860566817185051347e-01
6.828130716712378367e-01 4.439181580392101978e-01 9.795756920464830930e-01 1.274926235686068443e+00
3.016498762557668356e-01 2.650155717685662160e-01 2.861917253294206098e+00 3.051440758727007374e+00
1.206490187443330031e+00 1.434361086411510611e+00 2.492757569245276361e+00 2.718547463979973156e+00
1.160976070484896150e+00 1.897422929625876664e+00 3.174669930065879275e-01 1.819821001396161320e+00
1.946207764375763594e+00 3.319238435623820260e-01 8.872528318704810957e-01 2.103688062282332627e+00
2.782344479007068827e+00 2.292440089675833903e+00 1.770391550072566655e+00 7.576600494001530794e-01
2.964749762460546112e+00 6.890372012280752134e-01 1.441208078215372890e+00 2.687491822116565565e+00
1.104891986475465826e+00 1.707643998909728289e+00 1.486946953387082715e+00 6.434834036754470965e-01
1.502661206040041275e+00 1.536164018807201492e-01 1.890739288849833555e+00 1.070210824745158606e-01
1.535637231225306598e+00 1.021224949758194001e+00 1.335431746438883405e+00 1.268257708086057090e+00
1.894602206712793668e+00 4.630533773949150889e-01 1.505419624896805919e+00 1.722315131220259365e+00
1.266587263651344442e+00 2.521730810518216348e+00 2.325011435816416672e+00 4.300748468785578482e-01
2.496484527009464216e+00 2.187630368615674836e+00 1.346457963387338586e+00 1.658664513587105427e+00
4.702696807694001918e-02 2.139500000262786195e+00 2.629663365265743735e+00 2.172743808846767433e+00
2.087607397536477283e+00 2.031603561014913240e+00 9.589319211956985611e-02 1.934379156423814416e+00
1.248859954031821040e+00 6.937449949735040589e-01 1.182771998251253454e+00 9.724041978712386625e-01
3.010389071103736658e+00 8.184136591874225930e-01 2.437479234382459725e-01 8.909216199146492432e-01
1.709857194811845504e+00 2.883139972503898640e+00 6.325164609609972288e-01 3.123983055548425369e+00
2.770524787756310392e+00 1.468116280445079580e+00 5.129596046999883585e-01 5.954668650376764294e-01
2.960220058692013989e+00 7.911327322971680731e-01 1.996256759829715399e+00 7.660936812159855336e-01
1.035424738987675841e+00 1.881261138711005643e+00 4.789590052270031872e-01 1.550883829827246041e+00
9.811922703961192260e-01 6.499405914779258220e-01 1.837625741036294613e+00 2.641817675193926629e+00
2.814821930222873192e+00 6.291895051587561571e-01 2.927811334942761468e-01 1.215943850533430098e-01
1.380817107360436280e+00 2.535670963498019237e+00 2.624017840149984959e+00 3.045038919095700791e+00
8.986168540078219857e-01 2.933984401551424703e+00 2.940004849589638036e-01 2.977365541018643924e+00
1.670569879174742978e+00 6.199596375017096817e-01 2.576336553422283071e+00 2.650131749107675461e+00
1.255894440733920980e+00 1.644484404586849635e+00 2.798260000488512755e+00 1.862587053162675366e+00
2.909857607862613271e+00 7.533109014269459003e-01 1.330816802061347559e+00 2.760295320763997307e+00
1.807118688543364771e+00 9.795121655320856435e-01 1.069989638365760776e+00 8.509150600778182805e-02
2.492171575542503792e+00 1.959683540773242028e+00 1.070966477541835271e+00 1.769591380831956995e+00
2.290822681742327838e+00 1.199257831623312232e+00 1.374666217271878765e-01 8.894999983832677648e-01
1.210857266850504876e+00 1.711191214722957543e+00 1.744419420135428778e-01 1.215470715848915827e-02
2.386404639595897770e+00 1.810595387364061892e+00 3.046633073826546578e+00 2.198726671158649726e+00
8.144873680968502949e-01 2.783632449673497877e+00 1.986604472568094470e+00 3.082593870762612376e+00
7.486569917565274457e-01 2.973114638407790555e-01 9.774255306551649092e-01 2.613978141700876723e+00
4.568607739735358608e-01 1.488117118396422134e+00 2.176495317367613147e+00 1.179451617315836476e+00
3.060346887179627995e+00 3.097173135658557896e+00 2.105193029541495009e-01 3.038498320048573120e+00
1.348572821747042072e+00 1.084974214987960206e+00 5.074254219303185875e-01 1.355792897185429169e+00
2.833133088074628048e-01 1.075099551052909996e+00 2.319114162434622872e-01 1.397017944664853628e+00
3.046110042651132502e-03 1.015385917997246867e+00 1.198402784508520780e+00 5.837292036083403524e-01
1.524863645341639096e+00 2.365102720072183307e-01 2.378872014831737491e+00 1.695822980167735805e+00
1.205992147149540283e+00 1.251823931493843522e+00 2.903434548802050763e+00 2.082732784174506246e+00
2.193362598960325371e+00 1.958533955142137684e-01 2.666158246850310221e+00 7.209390107161738337e-01
2.813261146845412508e+00 1.799784685434707987e-01 1.408717051950725829e-01 2.447398885796778223e-01
2.487661001701670038e+00 6.987599284685830359e-01 4.673360651598171822e-01 5.210516838480215851e-01
2.731214608724242154e+00 3.125344699592089270e+00 1.529012035972960426e+00 2.511099108776169597e+00
4.096368026354623160e-01 2.203149159007057545e+00 2.106478687312475007e+00 5.128708314896556208e-01
7.435078745543487466e-01 2.564120827223815291e-01 2.187091919163927312e+00 4.619365909796713798e-01
2.505945473289423742e+00 5.122769989951130309e-01 4.460401299989852353e-01 1.199806968329692802e+00
2.810184006712216132e+00 2.814963060582906351e+00 7.209444849609848438e-01 1.659814221324976830e-02
8.968820397910696185e-01 1.044879165779258434e+00 2.013117913627648470e+00 2.659014078134753323e+00
1.638769530601389635e+00 1.061931362568265147e+00 2.158778592732002011e+00 3.087618788333132414e-02
2.515159078151423810e-01 1.861498906050550461e+00 2.186624405432755047e+00 2.085270176357467253e+00
1.219755499859564551e+00 1.900123818488225869e+00 2.087631477994210449e+00 2.798828011062214571e+00
1.031739229401644531e+00 2.263400175750467369e+00 2.883389711487279961e+00 1.333169328543003518e+00
1.999759803747257703e+00 2.712917274013835645e+00 2.481393826613346398e+00 2.096223559832987249e+00
2.436893699291710735e+00 1.687602165254907138e+00 2.772371246381784449e+00 1.992233211947499694e+00
3.831068470938119863e-01 9.702462639751124884e-02 3.430398242956902433e-01 2.809834225384410189e+00
1.830095462799099293e+00 1.696241205390690121e+00 6.505254182431601251e-01 1.601414234712966067e+00
1.406253285457641722e+00 3.098630595252123143e+00 2.898003726853650708e-01 8.215744722253671695e-01
1.472524295871537658e+00 1.932617520572879055e+00 2.592498018471423915e+00 2.477464371490151418e+00
2.832718547149218891e-01 3.136875213920652605e+00 2.422071874545474734e-01 1.192459259530480375e+00
2.505807096183981120e+00 9.949244235847142237e-01 2.021576638383673519e+00 2.588000641794803158e+00
2.328074332336938390e+00 5.470481807070226576e-01 2.071272248488828183e+00 2.346795528005902298e+00
2.051250337985234928e+00 1.848422736166096758e+00 2.442572874217638912e-01 6.538583300022763334e-01
8.989414309692730365e-01 1.114348686250858256e+00 1.777434605933138290e+00 2.566751218101314791e+00
1.799745973660826559e+00 1.031730838936603778e+00 1.701662888599396073e+00 2.678200704095015094e+00
8.775394787876930058e-01 4.995516099909553809e-01 2.075433451663509565e+00 1.320921553221707345e+00
1.625370080024657549e+00 1.997134218880859402e+00 6.002448753378177848e-01 1.702189490381156523e+00
1.519137479335300966e+00 7.519236718072452863e-01 3.010529799124696648e+00 2.914804736728354495e+00
1.421716873987328045e+00 7.795342449912044669e-02 2.273846145997784340e+00 2.715513324328247435e+00
8.431875113641578157e-01 2.559626731692979718e+00 8.188297592718679629e-01 1.493339060069529767e+00
6.602884851224577467e-01 1.289141316637020473e+00 1.315966453728027341e+00 2.497327756471145133e+00
3.744683121181884844e-01 1.308224826254975603e+00 2.670223234412683500e+00 1.131224470739631283e+00
2.652504016509824591e+00 1.182251165793021475e+00 1.305674183716250880e+00 2.184612981013596134e+00
1.293702635689206959e+00 2.497505669577485765e+00 1.806561003892675155e+00 2.856242984885285274e+00
1.994755193475940436e+00 2.840716839246272496e+00 2.590655665640360983e+00 8.091271629349937600e-01
1.904724549349293694e+00 2.963317274241267452e+00 1.773924169957434849e+00 1.498934214502226414e+00
1.188603120566972482e+00 2.578326882278807464e+00 2.046320274606152623e-01 7.893354421856946246e-01
1.386293739762257449e+00 2.269826567668520312e+00 2.876201580562277371e+00 1.177636757625507125e+00
2.187201101179714335e+00 7.562505725229125009e-01 2.576912709823429903e+00 1.337175516244579310e+00
4.373999736752355871e-01 3.330514798402388066e-01 2.551406276596233980e+00 3.121589745199510713e+00
2.567175624902319431e+00 1.147296068823929205e-01 3.241486090685428700e-01 5.894957788115318120e-01
2.076062359543176861e+00 1.878331233824573676e+00 3.141481768799637142e-01 7.671075073216073736e-01
2.474222167486254342e+00 1.119858487811064451e+00 1.283532100590758507e+00 1.158577661936037284e+00
2.875345272555392961e-01 8.205715674133368109e-01 2.313191509106438559e+00 8.348345908842930152e-02
3.123266933484675434e+00 5.374713922897985524e-02 2.478821037849378683e+00 2.780848222690403215e+00
9.737893604421986593e-01 1.055292742275753815e-01 2.119678618868702902e+00 1.064980583581389029e+00
1.671566855645604033e+00 2.972519120969358664e+00 1.360235643714677201e+00 2.151494191067854889e+00
2.322274542516247653e+00 9.195423035382194188e-01 2.065112791969407890e+00 2.598368972673211985e+00
3.035039415084813896e+00 2.331480893590229808e+00 5.473598649803673721e-01 7.793513564843302932e-01
2.292942620500900031e+00 1.155670452276731153e+00 1.920260543733690317e-01 3.052186121487860504e+00
1.252685476341249826e-01 6.485005151786006339e-01 1.568039661848983635e-01 2.682716522708312734e+00
2.417506274169675784e+00 1.084684594042337524e+00 2.069357491785909442e+00 4.343431148536932573e-01
6.717723707612217598e-01 2.438633922370233797e+00 9.006334929713331050e-01 2.259686027671670594e+00
1.890944388753186489e+00 1.960864537567475141e+00 1.466877518168971495e+00 2.008471203205363320e+00
2.367894794013040816e+00 1.150671005013824244e+00 8.516032666650017457e-01 1.512704524785351279e-01
2.527120210042466120e+00 1.428723784602113911e+00 1.569901962739489676e+00 1.078232629107093832e+00
2.213805546379687073e+00 9.687280502736966836e-01 1.895902530039754952e+00 3.838672295253205413e-01
2.536511121929323487e+00 1.319631549370096746e+00 1.200909143688751700e-02 1.895648351972490264e+00
1.207864197160070763e+00 1.204324846699145857e+00 2.991597140547341827e+00 3.559159272809253594e-02
2.595303291035822468e+00 1.746823516149135225e+00 3.088797674422011585e+00 3.071540528195975561e+00
1.774167197002006979e+00 2.708729076589281082e+00 1.102030313485860891e+00 9.584203798093074989e-01
5.756478444213799506e-01 2.049905289046014989e+00 2.143809764632634174e+00 5.244361240892448511e-02
9.166241267058581332e-01 3.111224643896072450e+00 3.627404424123272797e-01 1.516999552765201154e+00
2.308040298841083082e+00 2.022564747552552333e+00 1.072692744687620658e+00 2.574688652440120684e+00
8.382721414066559573e-01 1.790435406377449246e+00 1.868213907202737056e+00 2.126053877698248940e+00
2.474571222338329601e+00 2.383773455445711509e+00 3.104882685728348690e+00 1.574730609111629098e+00
2.019966625808213401e+00 2.666334152467639274e-01 2.280624938915604361e+00 1.743578296927428051e+00
3.553249349717348127e-02 2.500482578387682953e+00 1.543722668170134593e+00 6.347921258314858095e-01
2.852447518074466615e+00 5.901968231781965502e-01 3.057460070031635002e+00 2.496142402199382548e+00
3.107477744781897311e+00 2.770264670901409598e+00 2.892748099358511737e+00 2.334692830240850725e+00
2.231438184213049958e+00 2.995393245712977937e+00 2.466091288921084423e+00 2.229725488745806228e+00
2.769959723129661988e+00 1.961864680405245531e+00 7.186531525566745016e-01 1.896252514333681027e+00
2.498637421292071004e+00 1.575436545629221197e+00 1.283399795201902505e+00 2.739088676359151986e+00
2.537253748315627444e+00 2.219017139981847908e+00 5.427205821538274577e-01 1.007033067164136986e+00
9.507258182099749266e-01 1.368766706398820032e+00 3.060217109408807645e-01 3.127135486504055706e-01
3.589551247393547584e-01 2.472027301358115547e+00 1.806897730082326570e+00 7.112979429372027207e-01
8.247913371140477290e-01 1.693806549569709441e+00 2.814757984041283412e-01 1.220453278262579183e-01
4.854192161063922151e-01 8.289143711234521206e-01 1.028202165001632196e+00 1.312655890671925007e+00
2.793010027873831791e-01 2.273606671937135726e+00 4.373669504027700161e-01 1.365949307919285705e+00
2.417958049286952793e+00 1.904065860639466923e+00 2.853164791695451008e+00 7.689607867979652012e-01
1.050912068000514399e+00 3.042861278054802998e+00 2.062821375700933935e-01 2.482929165265991500e+00
1.193214152188267985e+00 2.443341541461725441e+00 2.462190204555370077e+00 2.972643783349835811e+00
1.658348540574598573e+00 1.839040375237989133e+00 4.901004577636029480e-01 6.451149559100916031e-01
1.275779712012306000e+00 1.507865582586037423e+00 2.365805726082273797e+00 8.640147009143517298e-01
1.814778784179517768e+00 2.950277835986510944e+00 1.782696840375169511e+00 2.548857643452379640e-01
2.432120214642807809e-01 1.329127853167114459e+00 9.171473038428568092e-01 2.769485504502334106e+00
1.599675445914913618e+00 8.223965598283717870e-01 1.482501726397219832e-01 1.560627192238733141e+00
4.665746678013784621e-01 3.775999363304035072e-01 1.792363050006487546e+00 4.222199323166716534e-01
2.423313663810075791e-01 2.096845667281816539e+00 2.527561551843771959e+00 1.657743216071281500e+00
2.866615566184722130e+00 2.006489424320886616e+00 2.272384821196252069e+00 1.886258107431448394e+00
1.080246815366288526e+00 2.720437830445781441e-02 9.714036510847645634e-01 1.140256560626021098e+00
1.668769628859025023e+00 9.679160121179107845e-01 4.896406279590237998e-01 2.739188449071248144e+00
3.107686979315051889e-01 7.373356700518850504e-01 6.770563791603518844e-01 4.351951094322785152e-01
1.239467673469539566e+00 9.236119717511268590e-01 2.652691149275957283e+00 1.220939697003768698e+00
9.212597774333713962e-01 6.238992069896390769e-01 7.158950592114033951e-01 2.352987643212668623e+00
1.330787583310603983e+00 3.174048250804374360e-01 2.077389407794726139e+00 2.223233872496536367e+00
1.652387945116829515e+00 1.922872145093287299e+00 2.178714401132791689e+00 1.196650844757792154e+00
3.133938623674493495e+00 1.378513793827435219e+00 2.121095899117468875e+00 6.341119285787886195e-01
2.821910216325819842e+00 2.949539836200162135e+00 1.639715664705086784e+00 2.067517143517767497e+00
1.915204117629002445e+00 1.109502744563793719e+00 3.135653065552681085e+00 1.768722133461338511e-02
5.028424828528868518e-02 1.714167418495939010e+00 2.217853723266779209e+00 2.926283486253216659e-01
3.106458619452448389e+00 3.099164282067176313e+00 1.377220514990147748e+00 1.031565596433273724e+00
2.637343291931153910e+00 2.504321596513933823e+00 2.988460585081643472e+00 2.606351914543103554e-01
2.680663960994575490e+00 1.587888108097788686e+00 1.977794625124502437e+00 1.458972395100546438e+00
3.366986487510554293e-01 1.615464564723720242e+00 1.438868670424171103e+00 9.184843707816442437e-02
2.474475949891750570e+00 2.804100404217867659e+00 2.657123589074339431e+00 2.455193543731173100e-01
3.322638968422928496e-01 1.872560488283155244e+00 5.117861108414456517e-01 6.652605783438297893e-02
1.720457492073700356e+00 1.878236717227750985e+00 2.288022437601054726e+00 2.715677433115819106e+00
9.275899000938180039e-02 2.364940982184716933e+00 2.232488076701658386e+00 4.634033928573427774e-01
1.016018914054812372e+00 1.889721666950218593e+00 2.819965455792831310e+00 3.107666199290586295e-01
2.827966594569214287e+00 1.774057058186365721e+00 1.058334480588146054e+00 2.206830763469306955e+00
1.312673987542501086e+00 2.176343720056312936e+00 1.198409178247616946e+00 1.213187910303071160e+00
3.121680181123226649e+00 3.988567569958398340e-02 7.556840120563197427e-01 2.717437570931882096e+00
9.779178199180530440e-01 4.882300609445515693e-01 4.270085394014171976e-01 1.545239196714681462e+00
8.841356885240223562e-01 2.748056015778429728e+00 7.691950468396164808e-01 1.699637571565255634e+00
3.062746345946290027e+00 2.545514225623720428e+00 2.910603359707843563e+00 8.127098603900753115e-01
2.413371099759705984e+00 2.801663174831443004e-01 2.824104770179962642e+00 1.624027341234010713e+00
2.125243248817345609e+00 8.865872258870906020e-01 1.932773350354393127e+00 1.063273519106860965e+00
6.103523470549716556e-01 2.561567648257820462e+00 5.359216553650799492e-02 2.678544182859937450e+00
7.940151100319351452e-01 2.440082095123407679e+00 3.025408673115050462e+00 1.201802358239267843e+00
2.476258552599868157e+00 2.715419064640487878e+00 3.561920600308457474e-01 2.890629185803766710e+00
1.548304135632152523e+00 1.829259322214995542e+00 5.748534859514019546e-01 2.300395514229736982e+00
2.430078959383928372e-01 1.633794526768022726e+00 2.935429261389186806e+00 1.778106059040096776e+00
1.667557259797269209e+00 2.419852101801983846e+00 2.080132372220963255e+00 5.883547956310796190e-01
1.944372578944641106e+00 6.806199680043250044e-01 2.004437690786394111e+00 2.228763345851649674e-02
1.317568134838422500e+00 2.746078849586271353e+00 2.982940054289817677e-01 8.050822369286889657e-01
1.707297230989832437e+00 2.272681975537977461e+00 1.773361649305984944e+00 4.936782010290133305e-02
2.023856581710340663e+00 2.873283275028875483e+00 2.268545947196908941e+00 9.627067200817874815e-01
1.293359531130983342e+00 2.837608199224898264e+00 2.607329926992942859e+00 5.488288271893390080e-01
1.472016990153093507e+00 1.103476290016207173e+00 4.705677821375493508e-01 1.713621530579884977e+00
2.954381629611283255e+00 2.934968067822722571e+00 1.458397153093209386e+00 2.519730506043269092e+00
1.842498755348671358e+00 5.548759676912131678e-01 2.046693106877710111e+00 2.566144759471088221e+00
1.521526575092280176e-01 1.791350812755806654e+00 6.916510489622289537e-01 2.915483553208827239e+00
3.004091290697842531e+00 2.557025580261440112e+00 1.780883217746090041e+00 2.200758411446149587e+00
1.036272396550855346e+00 8.001629914812965483e-01 2.511997424536730694e+00 2.220377996902036077e+00
2.929176794299242825e+00 1.832198380436329987e+00 1.130273879927874203e+00 5.195392918818534378e-01
2.314145290702573021e+00 2.717878190990397957e+00 3.107044758627149239e+00 1.316499247533538419e+00
2.001737536978188015e+00 3.652384168451343616e-01 2.559116069770407620e+00 2.575235796134363486e+00
2.271606349032889938e+00 6.748657342686018579e-01 2.937694855004975736e+00 9.798057301881288872e-01
1.001730244541606973e+00 9.394486064433117400e-01 1.153841281139726505e+00 1.922760990710529416e+00
7.191160272585800373e-01 2.662737685456467496e+00 2.940652973165625905e+00 2.898535859857287900e+00
1.524952513251695230e+00 9.127198169029669961e-01 2.562287067964470033e+00 3.079798334083815869e-01
1.152274106803586884e+00 6.455493769670285209e-01 2.475484479593549114e+00 2.657219410424284778e+00
1.024337306623513744e+00 2.071453321632046318e+00 4.888846987404456002e-01 1.836468642113873839e+00
2.653103835606588135e+00 1.956770047820287184e+00 9.909053729629725416e-01 8.220192085496783596e-01
2.927362176394545212e+00 1.372294239974336083e+00 2.945148568620630680e+00 1.165782160071973994e+00
2.072545916066973248e+00 2.188544014091154732e+00 7.237877527383996812e-01 6.924511117482928801e-01
1.369582861974731225e+00 1.409681213943700717e+00 8.119867214000914268e-01 1.691726218396529369e+00
2.370823838682352136e+00 5.904368315958380409e-01 3.013100803674571004e+00 1.280370614545650376e+00
1.884059068428143746e+00 2.174554563681014852e+00 2.709331321041718699e+00 2.606879506586186945e+00
1.995618509151780184e+00 2.764109646415453980e+00 2.072283816988048422e+00 1.370257272638746748e+00
2.218420139725806539e+00 8.798236028800284769e-01 2.913441715914917296e-01 1.369356715793707435e+00
1.060517501790017247e+00 4.785226553903498131e-02 3.076255901968997009e+00 2.935555049262079219e+00
2.066767357614945677e+00 2.664622376192164577e+00 1.436287175396597782e+00 4.960935457358479073e-01
2.219827241296950415e+00 2.405413553184103215e+00 2.715634077685738834e+00 2.896602109486021259e+00
2.702778340255751477e+00 9.731887814724556884e-01 2.980270917538347053e+00 1.875102246847964560e+00
2.040110806695310419e+00 2.301098516236416813e+00 1.728322013978605298e+00 2.351915906159242287e+00
4.078716380820538445e-01 1.907715210031848685e-01 1.092507974511233826e+00 1.977993921224910023e+00
3.041647305304321147e+00 1.529807066854904640e+00 2.761949996317026645e+00 1.526087942895090865e+00
2.616874982055543697e+00 1.068871673562176605e+00 2.012793368016586176e-02 7.403635664885644951e-01
5.287216771535093729e-01 1.556263361805907852e+00 1.941615867043041233e+00 2.315240759711690188e+00
4.816306012977653039e-01 2.957000312375449802e+00 2.239964312572666927e+00 2.480498427771458403e-01
2.874325890876623824e+00 1.066396884474225981e+00 2.981974852600581816e+00 2.337147346381200030e+00
2.355188124047081111e+00 6.753835992414408684e-01 1.884943498351649316e+00 1.226372121867806309e+00
3.463875762024646310e-01 1.610810540405394287e+00 2.150519205488394814e+00 2.120761587577244978e+00
1.586346971086313840e+00 7.566421664301695715e-01 1.221640693331398353e+00 3.123547787587730995e-01
1.853185682219462338e+00 6.841320828143144794e-01 1.223424516546441909e+00 2.029997751158876707e+00
2.888399450765250176e+00 1.447943390399083485e+00 4.971248346834566956e-01 2.371244811425980703e-01
8.113881227764724313e-01 1.920792033688912825e+00 3.031069754672044869e+00 1.984728766526013377e+00
1.536759798782057596e+00 5.357661501757307043e-01 3.377887931035082891e-01 2.194888534053121565e-02
2.302777054808043289e+00 3.840320734068247699e-01 1.147202030626621960e+00 2.519184930462059047e+00
1.152608814448236874e-01 2.130496252614575869e+00 1.898381540013263313e+00 9.401912572978678995e-01
1.486283028828838448e+00 9.765609635190128368e-02 2.233502384075260139e+00 1.797727535598068194e+00
1.977010919408663803e+00 8.979382843647247814e-01 2.655909267715511390e+00 1.570285365906113340e+00
2.272110963086993785e+00 4.674256384327907243e-01 8.627845324072072053e-01 9.803619927286922886e-01
1.608840369413832905e+00 2.269142417749334117e-01 2.686528884116142990e+00 2.382273580460259055e+00
5.649154398664415488e-01 1.126795616017569168e+00 1.539981581190383642e+00 7.643131148394497476e-01
9.957099777128970430e-01 5.749505693341043777e-01 2.592270341897897623e+00 2.560220379991221762e+00
1.164406054398159140e+00 2.762559327418855570e+00 1.412019314794865421e+00 1.700620764206124624e+00
2.910135820834004239e+00 1.040198201556459479e+00 4.165686825028862006e-01 2.422496662334028716e+00
1.513235144705247004e+00 2.042405261813406092e+00 1.979932311221790808e+00 3.057542946599764111e+00
1.721171449392002950e+00 2.742034622591651982e-01 2.362322854752773260e+00 1.603371126181463824e+00
7.780058034663713817e-01 6.417418192981961811e-01 3.720439248722272330e-02 1.701961200575673905e+00
6.540416968959114064e-01 9.840715838645408553e-01 1.045876675069562278e+00 1.781913115855946472e+00
5.793194419784722937e-01 8.579325296967036385e-01 4.135974847383891984e-01 2.508636032759558043e-01
2.254701739755025969e+00 2.071787711905553220e+00 1.640776456983168208e+00 3.030115528705676464e+00
1.002624289829205484e+00 5.646261950301894039e-01 1.685974666834666902e+00 2.042000647785978007e+00
2.361052269076045373e+00 4.033349561513586701e-01 6.566169323046410211e-01 1.837506826701295948e+00
1.105941103895500932e+00 1.619027772311542046e+00 2.388358581517978418e+00 6.825025327264436781e-01
1.478541753570226547e+00 2.534608173074981874e+00 2.505703217393353555e+00 8.467625140702441655e-01
3.111771195651659383e+00 8.451920602911017211e-01 1.075209431959236905e+00 2.221816611933136620e+00
2.144867401138726759e+00 3.013236290851653010e+00 2.113607890365626130e+00 4.396974482776410120e-01
5.252899051381167972e-01 1.612121961350451160e+00 6.349964568702599621e-01 1.963649236955805399e+00
3.863494046562443440e-01 2.411741666760112146e+00 6.865076721251640590e-01 8.480726207117541549e-01
2.104638320741179403e+00 2.985548315236315364e+00 2.692270354655103226e+00 3.004350658031834875e+00
2.829799366349490697e+00 2.887881184606802432e+00 2.251982646707025637e+00 8.290232352041351227e-01
2.935433485064199211e+00 1.811737591899899469e+00 2.936613440947327458e+00 4.284020658558260197e-01
1.704826017581712316e-01 3.108640002749238462e+00 1.296181146350078861e-01 3.919572256092636597e-01
7.321778198317098196e-01 1.367370224653559861e-02 1.142149391350157472e+00 1.929265339940805513e-01
2.975252444845112976e+00 1.896104938332284773e+00 8.335447830174947947e-01 2.631623703382261148e+00
1.720493757617976183e+00 1.668091300940541810e+00 1.504045130079147086e+00 2.370024047183017402e+00
1.553008263018339719e+00 1.345506096059889911e+00 1.305935375574269086e+00 2.306797063530542147e+00
1.625330228770707430e+00 2.810760902007159334e+00 1.873920477113424077e-01 1.159282788829013366e+00
7.303412163813203239e-01 2.939497607115837852e+00 1.883680345726526317e+00 4.674557995130709798e-01
1.999979335053449825e+00 2.309740077484493170e+00 2.926776208547204217e+00 2.789916709536532480e+00
2.894580146908293017e+00 2.102400880480256529e+00 2.669890287476549773e+00 8.010918856164048751e-01
1.691466139916473765e-01 2.536918785449368663e+00 2.851835995080684860e+00 2.616053534897986310e+00
1.076400765910349833e+00 2.367514804182913934e+00 9.252803581634894137e-01 1.992934447664802766e+00
3.026506531540258838e+00 2.420494089340308630e+00 1.839116253291436243e+00 1.415657453965879053e+00
1.780898232938386838e-02 9.581702297766611087e-01 1.728725328404779660e+00 1.006120180621747240e+00
3.105402849890440020e+00 4.230740112843617839e-01 2.465575887736880745e+00 1.161741277405890171e+00
1.034881364867745956e+00 2.076280209167665203e-01 2.212333814718717928e+00 2.679720149612672131e+00
2.625895968324631014e+00 4.095265476398610160e-01 1.946346841232270641e+00 2.798307118006309047e+00
1.245798554000393937e-01 2.122520856216564056e+00 2.308567901832154767e+00 1.549569253675330716e+00
2.507468766511367964e+00 1.650941974988825445e+00 6.213551363832183760e-01 2.631801860274505689e+00
2.785217813679878862e+00 2.657663095849409629e+00 1.673770513597650778e-01 3.451332020876651252e-01
2.449675399107356100e+00 4.840590668186337542e-01 2.129971819358224217e+00 4.735464686973514525e-01
2.384910995855199278e+00 1.579147726768344473e+00 2.422034782616161674e+00 2.338194624533135313e-01
9.737118410412446412e-01 2.156071079353988562e+00 1.319242797269340350e+00 2.093362920669653349e+00
1.712533393295063933e+00 1.106958295361715416e+00 1.815366194856627313e+00 1.735839264735877574e+00
7.401897902132074103e-01 1.669390760193285139e+00 2.232610295593274508e+00 1.477980020570064834e+00
7.765438966669572229e-01 7.502619395029651583e-01 1.436873521448663871e+00 2.201301650176656910e+00
2.466540794976594508e+00 8.466551569936864308e-01 2.984636672641685529e+00 8.820354338507498948e-01
7.233199448571814294e-01 9.288809829681593522e-01 1.519042150535985014e+00 1.399949671443532662e+00
2.592023427627871968e-01 1.482286789514960290e+00 2.958789827970008890e+00 2.980995729829387653e+00
1.275684298616562407e+00 2.744294943333094317e+00 2.090587528484374236e+00 4.339026082752066582e-01
1.945087470434097465e+00 1.770269643891182243e+00 1.004417526023145824e+00 2.415620553888530697e+00
1.497897568490985432e+00 1.907770368301346720e+00 2.487125078609718098e+00 5.659515390365481569e-01
1.821419335450448873e+00 3.055536972496837311e+00 3.062819434353039938e+00 5.311621304324462001e-01
1.202868722596424078e+00 1.917100112073774065e-01 1.632975635071870213e-01 7.660402783271871296e-01
1.932067395949205402e+00 2.847552658005583659e+00 8.931376973065903446e-02 9.917838457998459090e-01
1.677367090076004874e-01 1.317661267467290065e+00 1.894039898909345154e-01 1.751124312314066289e+00
1.790990127994177117e+00 1.973496513781544781e+00 1.850541881086407159e+00 2.384817312718071847e+00
2.450147560544832182e+00 2.523795687690123746e+00 2.256566973708024726e+00 1.951940676031409527e+00
1.601085209925512398e+00 2.310972163710697913e+00 5.245063172129597051e-01 2.627807774642531236e+00
4.352188045319496101e-01 1.544276751174831430e+00 1.707240744979588110e+00 1.475436795862928196e+00
2.825051676692420966e+00 2.596784244411176168e+00 6.894670566605125561e-01 4.089815564539531212e-01
2.539224646938536445e+00 2.499790267469320870e+00 2.657957064710856798e+00 8.319050801022567221e-01
2.730196904211026343e+00 2.997374765228551577e-02 8.842634206608223080e-01 1.772978374201087615e+00
1.575085092071496273e+00 5.308320529287597900e-01 2.678556580411482368e+00 1.771166372909801501e+00
1.319001574399943033e+00 2.807653049207895712e+00 2.793099005210033514e+00 6.729117667716282281e-01
4.431059945323982396e-01 2.590985521521816271e+00 2.979829905195215733e+00 5.445272659200277587e-01
6.056147628269054062e-01 1.679140481651882066e-01 1.252818482456980576e+00 2.541119433728320498e+00
1.925463799311656898e-01 7.258998413402473204e-01 1.198625334186244951e+00 2.871041464002235699e+00
2.268636330940135171e+00 2.944760328672733518e+00 1.971020362899746692e+00 9.659589030665304277e-01
1.174826979219067757e+00 1.847714831471602315e+00 2.661239614739145498e+00 8.126865968894677605e-01
6.461967903551268932e-02 3.108218750923728901e+00 3.098748629648766517e+00 2.200827460355069931e+00
9.425191451395708020e-01 1.262335656736448986e+00 2.569158303663277021e+00 2.551240851465205850e+00
1.651507619810520522e+00 1.517848375177609954e+00 4.673007608604839436e-01 2.039950760813765918e+00
2.811174564937801268e+00 2.055518435968159530e+00 2.820146768735742437e+00 2.563503469756700515e+00
1.442250678460810454e+00 4.000133149905621410e-01 1.111028186559488873e+00 2.617754692816369300e+00
2.775915304031759678e+00 1.714778823069926128e+00 2.510104031439663430e+00 2.917897146459383695e+00
1.568287455929030960e+00 2.032041213332508534e+00 2.798195296976079050e+00 7.659440174068690155e-01
6.624081295124132351e-01 4.077258292142208473e-01 4.711207889909123647e-01 1.107155746106620819e+00
2.207875107157059258e+00 1.321116667149939916e+00 3.031363585589477605e+00 2.461979399047127703e+00
6.933872949725577994e-02 2.457454972000359561e+00 1.274140919224940660e+00 1.236657353401392045e+00
1.914233685081497383e+00 2.763098334727937200e+00 3.242996765407627491e-01 6.428355688473404994e-01
1.015650580622186494e+00 1.991884584345182230e+00 2.149119190032786175e+00 2.220097721783122591e+00
2.076036848457592843e+00 2.506483430196359219e+00 1.757711495134253843e+00 1.435874289550435723e+00
1.899278305197837025e+00 3.050438747383009686e-01 2.831968270456903802e+00 2.699751985461095405e+00
6.987604644006591981e-01 1.068512566847706236e+00 1.204560950848232892e+00 7.801897252982129549e-01
3.834477126757148691e-01 2.063254895045485426e+00 6.557204333045099087e-01 4.003659474336190155e-02
7.311072431966283425e-01 8.862920507140050752e-01 1.531174974274272627e+00 1.178194286241396327e+00
1.223467015414869463e+00 1.428675099953652383e+00 9.350088556309610333e-01 2.469778579288736786e+00
6.422321327173197147e-01 1.891872342113291916e+00 9.540272454762602772e-01 2.617262226854284002e+00
6.238704126527529203e-02 2.527965533931084252e+00 2.149615192124454954e-01 2.398360760355814580e+00
2.498362402277537253e+00 6.637605340767386286e-01 1.578572492242701353e+00 2.954883951908759077e+00
2.588828266756061924e-01 2.201262304080148002e+00 1.628120211913719695e+00 2.507506624931220340e+00
2.712219347548186388e+00 2.659147277986738001e+00 5.699672841466372208e-01 2.344381670523450811e+00
1.199369043120654121e-01 2.408418813335448938e+00 2.712983161357418460e+00 1.441606486446795232e+00
3.097903113792408014e+00 6.924714161580137750e-01 8.942379424939369548e-01 5.849642647467149237e-01
1.093028912759752114e+00 3.042769126248187295e+00 1.163210693221630621e+00 9.900867911223264484e-01
1.330836276184332645e+00 2.401789065481667595e+00 3.742927839978946181e-01 2.872350057737794504e+00
4.871111825669450224e-01 3.155941333888154787e-01 2.054451979092451364e+00 3.523086972758306401e-01
2.622588419188117470e+00 2.588653616810604685e+00 7.444308126079374199e-02 2.128094260437138008e+00
2.998800123033628751e+00 2.715027456101785752e+00 2.935540411767127988e+00 1.348039975761938125e+00
1.179072126676945276e+00 1.178534661126267702e+00 3.001656396013529182e+00 1.184672033235855793e+00
1.599506554917436707e-01 2.803495601557296490e-01 8.306126838582846839e-01 1.370203087896860739e+00
2.393795101505102885e+00 5.206807069291528034e-01 8.251803645717442626e-01 2.872124611316831277e+00
1.160706940195489700e+00 3.112450868378472180e+00 1.060113716000966155e+00 2.538356259800851333e+00
1.537047032522683709e-01 7.037710179531839749e-01 2.558362373098527431e+00 1.559781574991222497e+00
1.077006204152084701e+00 2.057255657683517924e+00 2.507931078472988240e+00 5.352252173196828666e-01
1.015357134673384287e+00 1.340674696816561040e+00 3.026619605469461405e+00 1.416389086843477418e+00
1.774547089642714681e+00 2.384186225720424501e-03 8.403227873226969402e-01 1.461173437450085766e+00
2.070590003057783957e+00 3.062560720600798203e-01 5.729600620959391932e-01 1.603737552954040524e+00
1.512783957562006121e+00 2.388223847679684209e+00 5.297992725854286933e-01 2.892323308121299341e+00
2.096944217457201720e+00 1.931885550713841715e+00 2.071112513576789382e+00 2.374675068584538029e-01
1.746171590633152082e+00 3.063016842241951476e+00 2.643388779702324776e+00 2.438958774340322488e+00
2.770537065113683473e-01 1.151629983138749980e+00 5.649313538895466280e-01 1.991762072406174644e+00
2.143633009155506919e+00 2.856670747628413221e+00 1.020697496756111766e+00 3.488148213528928232e-01
3.830631111694187130e-01 1.703826886368031923e+00 2.157612635518999955e+00 1.550427124529436762e+00
1.798467055581670637e+00 2.115677152305877495e+00 2.993205245732315500e+00 3.031100244586034886e+00
1.461163193267761562e+00 1.369810847574556734e+00 2.372302748748269241e-01 9.206602904454884717e-01
1.886891843399504332e+00 1.113929883315744052e+00 2.893995298507717528e+00 2.204205753967572790e+00
1.026770631025766489e+00 3.666970853369608263e-01 1.373639679379684564e+00 2.937014844239358879e+00
2.003940301824730597e+00 1.836203305627927662e+00 1.450643099216060383e+00 5.373195431122922139e-02
2.115246431478730038e+00 2.573517507504039958e+00 8.871514843187415789e-01 2.418294451766042741e+00
2.360855424098911470e+00 9.953817662800029664e-01 2.692068565934073288e+00 2.706463573785538035e+00
1.518321498427600114e+00 4.492384550314663244e-02 3.497654714183168201e-01 2.352581817447725765e+00
1.185906953892611693e+00 1.021405860687180978e+00 4.634260454106080562e-01 1.314599449957975619e+00
2.078537852709181788e+00 9.721158759747902112e-01 2.025866764222784777e+00 5.811438152277355051e-01
2.221187658453889657e+00 2.559371961494080860e+00 1.917884775137587816e+00 3.011174743950919108e+00
4.423937937922077512e-02 2.141117516475194105e+00 2.950036674410107640e+00 8.397440423889331873e-01
4.194953779548624695e-01 2.073817273602843070e+00 6.904480267483682765e-02 7.731809696577458535e-01
7.312405274590283444e-02 2.415878242325053549e+00 2.970439053415396824e+00 2.225420804587383117e+00
6.659328825875178159e-01 1.491141249305529159e+00 1.949787854614192462e+00 1.083657165004857870e+00
1.347674362766788647e-01 8.001461982488316041e-03 1.892191994209430073e-01 1.953071076566906594e+00
1.891948635716551363e+00 2.883466924128487818e+00 1.729991772824820417e+00 4.584783618749681544e-01
3.741274710757166999e-01 2.543863208879871607e+00 1.512069719157129954e+00 2.266840281467178198e+00
2.948610946400633370e+00 2.421420010230723729e+00 2.112259931835418048e+00 2.626127758248567368e+00
6.999996869796785148e-01 1.912837069580546334e+00 5.966344517440949069e-01 1.712595787983082651e+00
1.392054428536013466e+00 2.138213212145287923e+00 3.028355033706880417e-01 2.507785826080447311e+00
1.610373668861945884e+00 7.579722761118431462e-01 8.516911002312282930e-01 2.119409987446170263e+00
2.705179744052014223e-01 1.180219635527109956e+00 2.772254304447092199e+00 2.199667930301461016e+00
1.338205222558482843e+00 3.283703510789258706e-01 5.283989429226759044e-02 1.762179106690279884e+00
1.980261025897986693e+00 1.022727283159519551e+00 1.969414034744040753e+00 1.258622231362602539e+00
2.758635382231540145e+00 1.257298652320522736e+00 1.044805347922024508e+00 2.445789897560016524e+00
3.067319962701238634e+00 1.636154341855507344e+00 1.612015055664160146e+00 8.110557831057759737e-01
1.119197072873795884e+00 1.317421793912479100e-01 6.385434571821199112e-01 2.284679906861474041e+00
1.581669773122075018e+00 1.063292359019274880e+00 2.302367833117222151e+00 1.796571095868776169e+00
1.762768710957413498e+00 1.523415343952807310e+00 2.311851671093891447e+00 1.855951164588669267e+00
1.964875171345675797e+00 6.561539578455497512e-01 2.326208714695614521e+00 1.840483301276134132e+00
8.692338797662636507e-01 2.774635808450155228e+00 2.902721766790029800e+00 1.543264158802282848e+00
7.564791442092909657e-01 2.080186600795975504e+00 2.355686764780593467e+00 1.035670480516551972e+00
3.744356881513692947e-01 3.005756564147861187e+00 2.876998539535386534e+00 1.713663864660512015e+00
1.080001444408832389e+00 2.624377999943276141e+00 1.394525326202756821e+00 2.615462704488835666e+00
2.507496134917313935e+00 1.947207262044617915e-01 2.951738610899910853e+00 1.292903254996219831e+00
2.161046581279091328e+00 1.255913719943103191e+00 2.930701807409945570e+00 4.151470828162315829e-01
3.078973216528407164e+00 1.894574927677360243e+00 5.620557289264021400e-02 6.685603421985988337e-01
5.849531869909710968e-01 2.992593240996503923e+00 3.061342351084618052e+00 2.959655195689587792e+00
3.045897729368554518e+00 1.964335342215533631e+00 1.516246838731695190e+00 2.526027123164764077e-01
6.965269186393644452e-01 4.286556859356926985e-01 2.201595743558602436e+00 1.060349520017187519e+00
1.061894301261335105e+00 2.844129832791738366e+00 3.108353026314293999e+00 1.485416705493805001e+00
5.534404476837366804e-01 2.171902644090825785e+00 7.256921647013349075e-01 2.157777144178956608e+00
1.389914194234267875e+00 2.818657679014363593e-01 2.453109738553724384e+00 7.460407002466742377e-01
3.184683510250401750e-01 2.118178127198309113e+00 9.727672990948262877e-01 1.991793340525086720e+00
2.692501410071418411e-01 2.237508353996621402e+00 2.139513906916749253e+00 4.123777777643075071e-01
2.828310572845049720e+00 1.960732033930660811e-02 1.134854336239234041e+00 8.953937472596678049e-01
2.435903608428124034e+00 1.751177911393999809e+00 6.736229115138254731e-01 2.178270938658616040e-01
9.827411361296294334e-01 1.629999367095802176e+00 1.475483478031210050e+00 3.076112058108123826e+00
9.993294019554417318e-01 1.059927938621241683e+00 2.468341058135054666e+00 5.621702381955383521e-01
2.216700800877137834e+00 1.096315336285256015e+00 1.320979525559752288e+00 2.027154732626390565e+00
2.056331203227176552e+00 1.037724339632823733e+00 1.026193679956743265e+00 2.515733007919777720e+00
1.312473973693237372e+00 7.168259371592952123e-01 9.572059441225820864e-01 1.101952795986385736e+00
2.291943543953049556e+00 9.288618973959706510e-03 1.255455178642173042e+00 2.697834269523831097e+00
2.062864024502517601e+00 1.045790151143140223e+00 5.890791611180974385e-01 3.040208569039378084e+00
1.273130877074182932e+00 1.322472987837586711e+00 5.014367970146704767e-01 1.989465741303016122e+00
2.481960031995587457e+00 2.571995091621595897e+00 1.915815225488272544e+00 1.691324872561676296e+00
2.087860675964910318e+00 1.996450156528879916e+00 1.093817477231996182e+00 2.230996917751711717e+00
2.273017598038284071e+00 3.057369080923754368e+00 2.148711752733643010e+00 1.827890371039202932e+00
6.309989495650973890e-01 1.266994800097324569e+00 1.664118728300311822e+00 4.580035705375937738e-01
2.913568499935613065e+00 2.222868924846319594e+00 4.245137830948716440e-01 4.694405469026389222e-01
2.586646863779674899e+00 1.080116184059628726e+00 1.187081244817768333e+00 3.564697700880485876e-01
2.292715966657970394e+00 6.470466940129164513e-02 9.187313238152758910e-01 5.256884037180569180e-01
2.026664196641454918e+00 2.204973593345089800e+00 6.602169721209181219e-01 1.498691426511320257e+00
3.053077839079292310e+00 5.325911061569774674e-01 2.253871777942168197e+00 2.821156378570281120e+00
2.044565750902426871e+00 9.788830738365555950e-01 2.824139460483213515e+00 1.719798525573032588e+00
8.619058205401435302e-01 1.308985665338826543e+00 1.893000482606372464e-02 5.588112078732717647e-01
3.989719641574591691e-01 9.676376996524259644e-01 2.920971211425771319e+00 5.710546568563882319e-01
8.868508849275948125e-02 4.373584343782321304e-01 1.414966998052882508e+00 2.134570468537966725e+00
1.113570604559878552e+00 1.206909520891554566e+00 2.450224271095533091e+00 1.588175389399356874e+00
1.542704107165460137e+00 1.636038222607544945e+00 1.356504715171890085e+00 1.033156849032901059e+00
2.139016749172104048e-01 2.786145412037142055e+00 2.215082714811857922e+00 2.243646853553381337e+00
1.401865305682272744e+00 3.027945046099972171e+00 6.233748776897600763e-01 2.945082767052534245e-01
1.517043650994330806e+00 2.716742225220615481e+00 2.843330956579332547e+00 1.402802736258042859e+00
1.965507084339476629e+00 2.683641157418241274e+00 1.150850014793827203e+00 9.470306111824360329e-01
2.488127999827022041e+00 2.175526220940672939e+00 2.230504953393747325e+00 3.625046715309580003e-01
2.580276270527348981e+00 1.451440568258745900e+00 2.816855411734353165e+00 2.372668236304528389e+00
2.008940996676931989e-01 8.960916143869400718e-01 2.258583681698352663e+00 1.004082329243784377e+00
1.177692594424578632e+00 5.984716236510898568e-01 1.185927975780813215e+00 1.865648215874449845e+00
2.336303885407366110e+00 7.045266825626640417e-01 5.607521576927828599e-01 2.137986933310486393e+00
1.987077312486957625e+00 2.650705490068047787e+00 2.048082433936093683e+00 8.144898954937399571e-01
2.969053842479124405e+00 1.083106819946092925e+00 2.544644018589055090e+00 2.423409704277990961e+00
2.729901226654647850e+00 3.164610716880161267e-01 1.848197774636866519e+00 3.131022009529625949e-01
9.127158930226899614e-01 2.177170114200849049e+00 6.817324558856514560e-01 1.771611773239992083e+00
1.696245407434417318e+00 3.063350321871446624e+00 7.852778079388966770e-01 1.608069024372092315e+00
1.779580305439016907e+00 2.756654810834484159e+00 1.855776368643031748e+00 1.718995764778947555e+00
2.731043869145908687e+00 1.520712458064671146e+00 2.938236960639255990e+00 3.197250465621859772e-01
1.466360805744602924e+00 1.877905822700764560e+00 2.221808331720688034e+00 2.084926984373201009e+00
2.298991756267280362e+00 2.761735432229198484e+00 2.480585382681741002e+00 2.610320504795683227e+00
1.431962352359079926e-01 6.460019280141258147e-01 1.917428359147401951e+00 2.923258221667328183e+00
5.521419118133507470e-02 1.121820311220403488e+00 1.108974066077313081e+00 1.154358490577677365e+00
1.709553448521861529e+00 4.208631722764265004e-01 9.470942090021529092e-01 1.337095261366404664e+00
2.045242490946206360e+00 2.755171816931721196e+00 3.056016256389187724e+00 8.287824786270441280e-01
2.183364790917619036e+00 9.537532805633521793e-01 5.414472004854424814e-01 2.878542228391707702e+00
3.037891071629406969e+00 2.731809665905703177e+00 1.581415832742899097e+00 3.379383553105961835e-01
1.902609738674061468e+00 2.507641021805328219e+00 9.806933106884612172e-01 7.706083343505051308e-01
2.569057015443802161e+00 2.839681596862317026e+00 3.225875369935558758e-03 2.399402264558068154e+00
1.709116718971439020e-01 2.632829464496418748e+00 1.513168200248949491e+00 2.115098720277192257e+00
1.901856846090595132e+00 1.215005728916761063e+00 1.248477641681921879e+00 2.037053193735333334e+00
9.395239240615813614e-01 2.761332276668976848e-01 5.374745072928786005e-01 1.262331236802914924e+00
5.068598945762435859e-01 7.860055485457847491e-01 1.063252094026164274e+00 2.043435068775212748e+00
1.713063536650845320e+00 2.012230168832560562e+00 2.733667430215418914e+00 2.505510432344082883e+00
2.470914041136774486e+00 4.388849347272552048e-01 1.608309392744294852e+00 6.279295894755718699e-01
2.024256654546352951e+00 2.038189673776909849e+00 2.622160633697945276e+00 2.877346198536103294e+00
5.008743370990244026e-01 2.543493757353403328e+00 2.793911831600125684e+00 2.957861519635508252e+00
2.036532586698060587e+00 2.738180093882920385e+00 3.438998846714575452e-01 2.702525712718776063e+00
2.002291771714439061e+00 2.664848711839475914e+00 2.407684677969144982e+00 2.327332469602230169e+00
2.047783633407705750e+00 2.380056290546634479e+00 1.282487390607373934e+00 5.378036166491754200e-01
2.333198418483145797e+00 2.589800675923734197e+00 1.582774858877830981e+00 1.436825780582303924e+00
2.228279967075088852e-01 2.184730313565714344e+00 1.321299000433934001e+00 3.033636722613932690e+00
1.738466673851362332e+00 2.192538420852765846e+00 1.100406141640676072e+00 2.416976389906267286e+00
9.806653899900189542e-01 5.391649872059177673e-01 1.800683682354600412e+00 2.251904240461713780e+00
2.248794077750146947e+00 5.612222562895602396e-01 1.847236965636596562e+00 2.360164499818764028e-01
2.950496568896646021e+00 1.902428482475450267e+00 2.836447957782030294e+00 2.401064375081408020e+00
2.928074180638805313e+00 2.804176876624981496e+00 4.179035332646765522e-01 7.931024145037390838e-01
7.483304482585371176e-01 2.848393937330052417e+00 2.907185987400157656e-01 3.116817225012427084e+00
1.652043748277538970e+00 8.779680347113123506e-01 1.796513173750559744e+00 1.302996615976365513e+00
1.272878891018576653e+00 4.697068136670785182e-02 5.066946654901488545e-01 8.045608519610186748e-01
2.376840229290397399e+00 1.843989815000385057e+00 4.125145499484220157e-01 2.165490947490327223e+00
5.847997589014314324e-01 1.805813688750942170e+00 1.708041772482205012e+00 1.568419838717864279e+00
1.976172481991208318e+00 9.361370360400886881e-01 4.254544162758637227e-01 7.264941111735003787e-01
1.015926177630415372e+00 2.837144857538404175e+00 2.305568306573327675e+00 6.717281013321640959e-01
2.599313120066676142e+00 1.401814601570251950e+00 1.841104600564019478e+00 2.617524311077409571e+00
2.773709521449382542e+00 3.044456569717447714e+00 1.598732585834649278e+00 2.532611001145230745e+00
2.633076802921338277e+00 2.543928258244162244e+00 4.858207628235345493e-02 9.998376662706498497e-01
1.040341099507928080e+00 1.373924883684034093e+00 1.717517247079727971e+00 3.060185187621063729e+00
1.607559019651813914e+00 7.098997408483337379e-01 1.839908417257093420e+00 9.055363788356304844e-02
1.126736803266630060e+00 2.322163849828521975e+00 1.900479327738876067e+00 9.136490599287482306e-01
1.409556675842154050e+00 2.807132686107190356e+00 3.534735438703198729e-01 1.966106889161053140e+00
2.140400758905232959e+00 1.413868358038738782e+00 7.113029786169310364e-01 6.534410084305831701e-01
1.282217392988530547e+00 6.919373733581992703e-01 1.943517613329672766e-01 9.623000170366711181e-01
3.029777891902717624e+00 1.288768992508811273e+00 2.418733137058069360e+00 3.015470179188453059e+00
1.482326966681165592e-01 1.082495184410744660e+00 1.520239915043335444e+00 1.781338222787313574e+00
3.077747717997378896e+00 2.608464582493742689e+00 1.612251931945203332e-01 1.690145887530491997e+00
1.164850164806490618e+00 1.894980518923395696e+00 1.549177842451428866e+00 3.120015696927977089e+00
2.253227609104339280e+00 3.873079487178782837e-02 6.133797062437689185e-01 1.595958836012020932e+00
1.887446053434083115e+00 1.572498363322386350e+00 2.958467043076366654e+00 1.403117917028533501e+00
1.692625551216571100e+00 9.141739793901102473e-01 2.989525012209987676e+00 1.853604144341056470e+00
2.437746604943443973e+00 1.668222144235719906e+00 2.549786758704624678e-01 5.561534090695841037e-01
8.435965982924320539e-01 2.434580077188219338e+00 3.277351492134492061e-01 6.090770935481929493e-01
2.165215662048332046e+00 5.739969264255202486e-01 1.803989862168595484e-02 1.414112002387474476e+00
7.880504670298658088e-01 1.361547541619291701e+00 2.076170724989776950e+00 1.013223333324181130e+00
1.779037634208134322e-01 5.265392545450177098e-01 1.628740572957430244e+00 1.953890415454129226e+00
8.808172959914959410e-01 2.304864029050969876e+00 1.137702155058959219e+00 2.984403846758143075e+00
2.971656700630813663e+00 2.318634410431287929e+00 7.383589674390540480e-01 3.066264045510163516e+00
1.479898162801487338e+00 6.154296597279672598e-01 1.806700220007164459e+00 3.630287571667124569e-01
2.543677544004777857e+00 2.549328859325530328e+00 1.655204392168302396e+00 1.570276748909612108e+00
5.043988883429199044e-01 6.792364680573327318e-01 9.586036462800185953e-01 9.725437519008048870e-01
5.948513401681387869e-01 1.245016013929476140e+00 7.726591264306994500e-01 5.036541271935656150e-01
2.136552576479068044e+00 1.707316719326179788e+00 1.333311450180551416e+00 1.196841375561361609e+00
1.567695468812558612e+00 1.732843731197614146e+00 1.183852806130763158e+00 5.391377627343925394e-02
1.043350147834948838e-01 1.659118774403966157e+00 3.114916567131351677e+00 1.297756392668157899e+00
2.677856359908771466e+00 9.343122444416100958e-01 2.400624983048243344e+00 2.476774338963666278e+00
2.020941536508000791e+00 3.397175150677395061e-01 1.596370174033180156e+00 2.500862964578709491e+00
2.521278227347104828e+00 8.631294789925129107e-01 2.190716207771708834e+00 1.241355031590601676e+00
1.406009631995010611e+00 1.281018102823646476e+00 2.057646270342811334e+00 1.632648721225041233e-01
1.295422870431349072e+00 1.750074734373709140e-01 2.846411356140220450e-01 3.077305482195803243e+00
2.347445484688716888e-01 7.999603227726324040e-01 3.732767377971092926e-01 9.394785745348972483e-01
2.180905716522284710e+00 6.486924560563890330e-01 1.211100611947633521e+00 7.131042892037169345e-01
2.734719580328896171e+00 2.513066729452803738e+00 2.524434855769418284e+00 2.884071050729805297e+00
1.101823261119286412e+00 5.669496087879517532e-01 3.505453569096900757e-01 5.024172435938658587e-01
2.649179014465793180e+00 7.872092206499997635e-01 3.055027041447324621e+00 1.555176290242111126e+00
1.969437350281594001e-01 1.835055339946390029e+00 2.532817082231341388e+00 3.018987975170688287e+00
2.253113260863338407e+00 2.037703726315429620e+00 4.205805760709288924e-03 2.895748621039386350e+00
2.206008280908105246e-01 1.308937552222337208e+00 2.721503309393768166e+00 3.136121041436991330e+00
1.317627180919706653e+00 6.283716134309585977e-01 3.011674733509339674e+00 4.546007790901882006e-01
1.791252113788074585e+00 8.696781744224548749e-01 1.096404802598470951e+00 2.289498601595860716e+00
1.000684559810966157e+00 9.006215985044313532e-01 3.006807056363750785e+00 1.845556387695734601e+00
1.944400861641415013e+00 2.061283580638539892e+00 1.804700402275099869e+00 2.527567480994192817e+00
2.993750861309824596e-01 1.074173937999090667e+00 3.109758458008131665e+00 1.455498922538941642e+00
3.378541744492415955e-01 6.273114148085631170e-01 1.541803643992456951e+00 2.548754389772663664e+00
3.036449767326021565e+00 5.717036032781197541e-01 3.118163852472725650e-01 1.888764030083051715e+00
1.848809982935291973e+00 1.141919683661501317e+00 7.828890702219153397e-01 1.055318621894309805e+00
1.513014825867091018e+00 2.834582208365941991e+00 4.452978314005860416e-01 8.606756173381339969e-02
2.785717803712124407e+00 1.168300053696926133e+00 3.314973806001068612e-01 2.532401770311425881e+00
2.380365470245040527e+00 1.382173164076949234e+00 2.016477752925470046e+00 2.402408517676601907e+00
1.226229292503035334e-01 1.009134318356765592e+00 3.081324635004067947e+00 3.358234454592187168e-01
1.688312728425740650e+00 3.147105420978691392e-01 2.545442580201493499e+00 2.610942663188642321e+00
3.135702125719066036e+00 2.485109507040056620e+00 4.061109966380987979e-01 5.055697207000622306e-01
2.639540735070674327e+00 2.711428210935047822e+00 2.033537399665756418e+00 1.732432950398113736e+00
2.653330658151619392e+00 2.974829307009860813e+00 2.857240694157355265e-01 8.903443103798989178e-01
1.012465889101002769e+00 7.764779132878920631e-01 1.200372897592393961e+00 1.545814430742926904e+00
3.458947922186170199e-01 2.381042396349362988e+00 2.725223499832957863e+00 1.009992520511527658e+00
1.223370675998082246e+00 2.390390003462574686e+00 9.073407548564292879e-01 1.933200568433753208e+00
3.928049572699635617e-01 2.983472262564581534e+00 8.135291868344156629e-01 1.730776092626900908e+00
9.935114917006495627e-01 1.946411390814499542e+00 3.011232212776169703e+00 1.301195544520131309e+00
5.384896654210031830e-01 1.595676003664068698e+00 1.989146398056556020e+00 9.642482593537530233e-01
3.821794264680297704e-02 2.635775497279456037e+00 1.334457631238326947e+00 7.759804665067688845e-01
2.874860536996679095e+00 7.498416383818736763e-01 1.793904407766103937e+00 2.387623149110140730e+00
1.210511078950263331e+00 2.908087062335250828e+00 8.694682082532960710e-01 6.164156854750184600e-01
1.133178734769055396e+00 1.320128144549433058e+00 2.685476351370725823e+00 1.118616733445457090e+00
1.133882102529544023e+00 6.519495585521838388e-01 4.545745487363156978e-01 2.763225513314452986e+00
1.702409641778123595e+00 1.415944599153683647e+00 1.971799511646502578e+00 8.961202360177089599e-01
2.118280058392290499e+00 2.943114299246967214e+00 2.691375286621607188e+00 2.811312362449132962e+00
4.992516761642912249e-01 2.302775083080139673e+00 1.836009460110306080e+00 2.632286251957401291e+00
3.108002840518016452e+00 2.319422145470390717e+00 3.008491002777208934e+00 1.905069801175136579e+00
5.565046259706408760e-01 1.426141423796342400e-01 9.957897420142557410e-01 3.399645072585195105e-01
7.305009530255273109e-01 2.991783849660812900e-01 1.872332877289377251e+00 3.516691203842706726e-01
1.177583735711840829e+00 2.556232644061104509e+00 1.654066952074032981e+00 1.635161799112251346e-01
2.075271226813284464e+00 3.814848994334982812e-01 2.684903288564421064e+00 3.075634352756540402e+00
1.018104411949561472e+00 2.077285532502745280e+00 2.190564397101665062e+00 2.831431343885093987e+00
2.274863820916326773e+00 8.397022801256873725e-01 1.118752858473455625e+00 2.055943021818830818e+00
1.716101477405227005e+00 2.665440584399792368e+00 2.937350875718103271e+00 1.382389783946111450e+00
2.485691523955900095e+00 5.617572832447560449e-01 1.828228851674468469e+00 1.039140451938838305e+00
1.904425087264322691e+00 7.667047966344178178e-01 1.750646308728253109e+00 2.116575503386004975e+00
1.771939224965339843e+00 2.204955934841303922e+00 3.003687726918593537e-01 2.018230898759884706e+00
2.114963681892648495e+00 2.303358146185598088e+00 2.899293487135591540e+00 1.944503399826699452e-01
2.059392916404626295e+00 3.111677800882719058e+00 1.626131645772011636e+00 1.149767508350996836e+00
9.222643223542974500e-01 2.075178785889308486e+00 2.726563739729251701e+00 2.428427830793055964e-01
2.530404727273557697e+00 5.327925168739993528e-02 1.091241471329144508e+00 1.656738917000281752e+00
2.455919878856499317e+00 4.568025735151816091e-01 4.220504771148393397e-01 1.899555965643662914e+00
2.307536364446604704e+00 3.808046739114019918e-01 1.067512329455508224e+00 2.895545715571794965e+00
6.892082704398066681e-03 1.127111959240969380e-01 1.869013515975252337e+00 1.449791592966384046e+00
1.083560541151277867e+00 4.390042633365249247e-01 1.234772968163067919e+00 2.957441948875400684e+00
2.215195679017654129e+00 7.513384457869138888e-01 4.803127192880343177e-01 2.514816042844722155e+00
7.905562733958054755e-01 4.860133413792557255e-01 1.233165392610711342e+00 2.101475878529825092e+00
1.661369310461473514e+00 2.574885564568530683e+00 2.631014115437126044e+00 1.082926485823398677e+00
2.822737541574136255e+00 2.688834433699127113e-01 9.147168568936827615e-01 6.763611026716422892e-01
5.262037559186462099e-01 1.317690534625103105e+00 1.186625164316971459e-01 2.462563264402006791e+00
8.791288788484170613e-01 2.686299914947157141e+00 2.835503880393949738e-01 2.083454098228881612e+00
1.541082131535442157e+00 1.021819615392916214e+00 1.025568710783908877e+00 9.148983972978927959e-01
1.236653424376340071e+00 2.775593260065249090e+00 9.281686640954309730e-01 1.729362627426817012e+00
5.827268465108459417e-02 1.232615218166039250e+00 1.869318368956248477e+00 1.027897908258777138e+00
1.170275876753337885e+00 6.000127680112792294e-01 2.311410572195295110e+00 1.834470310928162151e+00
9.323727030249219228e-01 1.085298106165730525e+00 1.672571094720367801e+00 7.449948669740870111e-01
2.489902097148780857e+00 1.506486137556222848e+00 1.700190031573528104e+00 1.297668798951661984e+00
1.646779879190973350e+00 4.339295125224630623e-02 3.113912958593049840e+00 1.085063345020428560e+00
2.850735635956192393e+00 2.174444926507444364e+00 2.700326391641076018e+00 1.949502861971454504e+00
6.933366049703931777e-02 8.335024509212700661e-01 2.578434380207026422e+00 1.417217903554396363e+00
8.015152353849890332e-01 2.450430224462262441e+00 2.536418386080597109e+00 1.408639365469737337e+00
3.899289127411762479e-01 2.023430192450367482e+00 3.668941528379430772e-01 1.101993130768009976e+00
1.704494585534754303e-01 3.022092668393773440e+00 2.416874943169625922e+00 9.575830576838206820e-01
2.697738000071009168e+00 2.899304444347110987e+00 2.314198262074894874e+00 2.002579878556553172e+00
1.191930909136632133e+00 1.603895907682918676e+00 1.642137859332700511e+00 1.473025835162556918e+00
2.638070794431691013e+00 5.266712026697985966e-02 2.830916266172477602e+00 7.093674779150375143e-01
9.043295042682331086e-01 2.165360741169489456e-01 2.003524886632489732e+00 8.673528560432589019e-02
1.561063883692455079e+00 3.791893269424042590e-01 5.475390749236210830e-01 9.376483195025203665e-01
1.151894087317609783e+00 1.371734701954870017e+00 1.045670313341233171e-01 3.232363309923939054e-01
1.119896799788522745e+00 2.141895534773833987e+00 7.511234023412085570e-01 1.198786633453597039e+00
3.050404892876824814e+00 9.165632208088764221e-01 2.855944453126439964e+00 1.764436711033296801e+00
2.830430392436919185e+00 1.240660887291708425e+00 2.121952433727225085e+00 2.404131122680563948e+00
1.990858659054578039e+00 1.482182086809880062e-01 1.103190656151312003e-02 1.091678392330976299e+00
2.704011328809540426e+00 2.041441915041690258e+00 1.435686574524099202e+00 1.041958371011595830e+00
4.636038182180831080e-01 6.848800844864306736e-01 2.437901083605692243e+00 1.208104620484983682e+00
1.602820373630339024e+00 5.054360551996935902e-01 1.881212903955673754e+00 1.392696459214233462e+00
4.158160429611091891e-01 1.414084028845751240e-01 1.367973051593751377e+00 2.462725971089183286e-01
1.316419148582909315e+00 2.339493251122869211e+00 1.929674095311003867e+00 8.468430321854544252e-01
2.871159204050665270e+00 5.372706345659084004e-01 4.109912290002060153e-01 2.886995363428155326e+00
1.874110858684042702e+00 2.247190207562018038e+00 3.140184337715660190e-01 3.060935719650384357e+00
1.199932960127068737e+00 1.663841836280192332e+00 8.891563391338405120e-01 1.020055117631157637e+00
4.672088599830560018e-01 8.493749467601658942e-01 1.907099157255123467e+00 4.682364898839797007e-01
2.949274530805173988e+00 1.177055833817290287e+00 1.695375342467298152e+00 2.574929833178550620e+00
1.680135310073548549e+00 4.074732546097084018e-01 1.225849038597883744e+00 4.115087015183693797e-01
2.173487616869854921e+00 8.938542236858745826e-02 2.268935118980742516e+00 1.292547943597262217e+00
3.885272792906256378e-01 5.016504196331837973e-01 2.836828564675612618e+00 1.934059870130353964e+00
2.428838696857980040e+00 5.184425313094066512e-01 6.460293548390534379e-01 2.768188065380627005e+00
2.136941797498404405e+00 1.202488128296536063e+00 2.496457740887919885e-01 5.064897417035042482e-01
1.455120373439299675e+00 1.290174367430892977e+00 2.244003560008678289e+00 2.034935793087270905e+00
1.408833323674484328e+00 2.443652790497690130e+00 2.731684003517198533e+00 4.529262035503341388e-01
1.803803824052683469e+00 1.531800480147737398e+00 2.652691642746256129e+00 1.232469714307179220e+00
7.734120398993766798e-01 2.826456564287072037e-01 2.008013050568619173e-01 1.685160802716136219e+00
2.365849370502856264e+00 2.840009016315812929e+00 8.002707634338848131e-01 1.645869030219804019e+00
5.172829799737364009e-01 2.122910624513197675e+00 8.755202025168221658e-01 1.090946672361269076e+00
2.482388547507818011e+00 2.766665708682632729e+00 1.297885859938246789e+00 2.159708790850372928e+00
2.451894642272006153e-01 1.714228073393455343e-01 3.084735115615945933e+00 2.748244939497901829e+00
2.647382727543484471e+00 3.036064761485615549e+00 8.016934497686668548e-01 1.602592779397354672e+00
7.263519832475888727e-01 1.640989751664363006e+00 1.423069816060441306e-01 7.516377037466513977e-01
1.251631501588007733e+00 1.710720336757254767e+00 2.134439555857942761e+00 4.812616415548699733e-02
2.822227272414556953e+00 1.277821536503778388e+00 2.382820283422936392e+00 4.917807560212490436e-01
2.044734079325143394e+00 2.955999578971769015e+00 2.033269106841627760e+00 8.564004147102136644e-01
2.694069246994086342e-01 6.209941842083049890e-02 8.171829615158987536e-01 1.555816405355858523e+00
1.764978364160273705e-01 8.637420092299816221e-02 1.229824021965194136e+00 1.746820137452065880e-01
6.594854065294484258e-01 1.827393110522317787e+00 9.300614719661608465e-01 7.691600366488022811e-01
7.309597079115487395e-01 2.491901350286830130e+00 1.370786706246641895e+00 7.168001041529132866e-01
2.546324251487703361e+00 8.093457715862135693e-01 2.047496164878395142e+00 2.545489414224190838e+00
7.248378274396949372e-01 1.709588084555959453e+00 1.951059416217651776e+00 1.859520710036380198e+00
4.677063471432494901e-01 5.801531092661621480e-01 2.265679460864320038e+00 1.475849334192390339e-01
4.780417486631464707e-01 2.378817408406439959e+00 8.665697650145496311e-01 2.682808735712386206e+00
2.342718115530346257e+00 3.033581741325606984e+00 2.388893192439109026e+00 6.570481507593971537e-01
6.921820511672609477e-01 2.516401100833618898e+00 1.698397989847410250e-01 3.129423601382152142e+00
1.916354867257418881e+00 2.284054458982935465e+00 3.066389024324811530e-01 6.422129121111177508e-01
3.112420298280552888e+00 1.449668700781306052e+00 1.354739331101896926e+00 6.568622783568297541e-01
6.851464439465773659e-02 4.709492468820919986e-01 2.011764399938127390e+00 5.216716403103549560e-01
2.944429738043137235e+00 9.299740719881993689e-01 1.582671671205947650e+00 1.742635376924851043e+00
1.768888873613393420e+00 1.317335716472450180e+00 2.022346087957734628e+00 1.639561502209400112e+00
6.202775151564940970e-01 5.781971218528453305e-01 6.153028814695716830e-01 3.122718339782240005e+00
7.460165161029526093e-01 7.875983016798936420e-01 2.007237121869270613e+00 2.936059740304203025e+00
1.602466075949078528e+00 1.939785686864411218e+00 2.002774620992823884e+00 1.949321017851450843e+00
8.719876888928949077e-01 2.446360694222820875e+00 2.722706867150415100e+00 2.187517626696831030e+00
2.907028651665349628e+00 2.175351276840013615e+00 1.624886664673136638e-01 2.072807178342837453e+00
2.584257565607295248e+00 6.407232434702249124e-01 2.338645240446082241e+00 1.280574306977263488e+00
7.526681197838346327e-01 1.066700467941826602e+00 6.804641958088141207e-01 2.027886154926688000e+00
2.201486787564925329e+00 2.210604968830413242e+00 1.689348157135953793e-02 2.317944137386942050e+00
6.685731699820753882e-01 1.302197172364001121e+00 2.096882281298087847e+00 7.704126637345338757e-01
1.900113635119941025e+00 4.974089449204928126e-01 1.475763026718041493e+00 4.894743829413887859e-01
3.724985792607081181e-01 2.125581371951906995e+00 2.625354309241766604e+00 3.056955705204599472e+00
1.894516167589374689e+00 2.093112166272732999e+00 2.068700389166106213e+00 9.023890383920417646e-01
1.555778721915701324e+00 2.579986004824197821e+00 1.772573676971573198e+00 2.050833676568732500e+00
2.375404506304128915e+00 2.680452945281147414e+00 2.477065692339107894e+00 1.292086880329413323e-01
2.436051002565868193e-02 1.674346829711933937e+00 1.599273480157416438e+00 2.464120399489828195e+00
2.457031199287987633e+00 1.061310355233355124e-01 2.044577910404333121e+00 3.103426445491151320e+00
2.103408631573771892e+00 2.023250347838597030e+00 1.644544900341390115e+00 4.187173675094404968e-01
4.558186641173862519e-01 2.119285265586313471e+00 1.224729497653380905e+00 1.155840310290230516e-01
1.917300621688388107e-01 6.220401945905955632e-01 2.923663763730063980e+00 1.405406436562583572e+00
1.235135314461288658e-01 2.700340571246162114e+00 1.402925184458964303e+00 1.973233162082616898e+00
7.089974458664258794e-01 1.362579923785014024e+00 2.734187198377373118e+00 3.012274673122426805e+00
2.036666963869313562e+00 2.395453231430935581e+00 1.780612553158360978e+00 3.038441638012995050e+00
2.568857333495034201e+00 2.323382969053660485e+00 9.478991634945262978e-01 1.570135626677398033e+00
2.214726144232319616e+00 1.322792471985613671e+00 2.991833062010792688e+00 9.411918380277735086e-01
2.805492530077266622e+00 9.348890188649818800e-01 2.353348540869718342e+00 2.446150671536233279e-01
2.675379933299119273e+00 8.088160319736086290e-01 1.086062286175138558e+00 2.195841101273306339e+00
2.370204201993799220e+00 2.138203173942121449e+00 1.581131716097370132e+00 6.399031799788760244e-01
2.046858289446090995e-01 5.829055918015928900e-02 2.488234954015974498e+00 2.196757098940932185e+00
1.750125498153622672e-01 3.075285011030503668e+00 2.445712332284307511e+00 9.945254212950900286e-01
8.425135995371916264e-01 1.616580813547249251e+00 1.171202965300836424e-01 5.616725196522804886e-01
1.030463541415530093e+00 8.572463634482694328e-01 2.454675679385433185e+00 3.134831614256396559e+00
1.287567992820730201e+00 1.255536453674411801e+00 1.144465939245409958e+00 3.009315070024123795e+00
2.737827949147033202e+00 2.197823982305156854e+00 2.045321526561306946e+00 1.862590389722120987e+00
5.066779330136023107e-01 1.892975597295006196e+00 1.693732270927367001e+00 7.938406997958684652e-01
2.891907667464695741e+00 1.842442355167741352e+00 3.809479057156887893e-02 2.774171136134677251e+00
2.617064537542860503e+00 2.186450144640240900e+00 6.607640316484627574e-01 1.088016349253902115e+00
2.882654070920363409e+00 7.922425431185846356e-02 1.623236995277222761e+00 2.759802601450879411e+00
5.405639101198465024e-01 5.300180440088282374e-01 2.427971932176623771e+00 1.119559256711818884e+00
2.956331380206533410e+00 2.318879170216041619e+00 2.483673095111484486e+00 1.842730373875873795e+00
2.359920472655095303e+00 3.017119525468811680e+00 2.139984177735144488e+00 5.154739361002699249e-01
1.133872505704519140e+00 4.488123457139661654e-01 2.013141416922506366e+00 1.676656869996333565e+00
1.697548513525939384e+00 1.970360142530166225e+00 1.938206413815974472e+00 2.780759018519515458e+00
1.742989447888271926e+00 1.073155969839205914e+00 1.060886194861823562e+00 2.496342096979466074e+00
2.565669564837521399e+00 2.743544120664299868e+00 1.566465275069323093e+00 6.258581519420577388e-01
2.147914357594385315e+00 2.526878566992710962e+00 2.396526047254636249e-01 1.093660934192592249e+00
2.110476175414263800e+00 7.828580676571585961e-01 3.531945517391683609e-01 2.176970232986112475e+00
1.508487269368898653e+00 1.997314130090002804e+00 2.582986137326711784e+00 2.930098814007941477e-01
2.226833315984745543e+00 1.623788279733151985e+00 5.251269439073643630e-01 3.100153564076910673e+00
1.952727394036370745e+00 1.049609147719564817e+00 2.146154393167451602e+00 8.863664907979968977e-01
4.284133688311517196e-01 6.178726755785167446e-02 1.454985019347437847e+00 2.948631217409200200e+00
2.843012972035348973e+00 2.528458649731283980e+00 6.876385357244176877e-01 1.926614447437535071e+00
2.385467916613837502e+00 2.338029385542031768e+00 3.613319680258902378e-01 3.139489632867934255e+00
1.929658068868379317e+00 3.052840010177742869e+00 1.944331867601460706e+00 3.075489891624541894e+00
2.103168544419303565e+00 2.128598011341333862e+00 2.101200540432832220e+00 3.000069843443529116e+00
1.121994560854296497e+00 2.850097952318716987e-01 1.795534901301031994e+00 1.642125465047602706e+00
1.558248873701743697e+00 1.767697425217510387e-01 1.593698317907772832e+00 7.846815267698513674e-01
1.120940255804765417e+00 2.528828297340428133e+00 2.387246887738761814e+00 3.263281095438741453e-01
2.902006703655813258e+00 2.311143270824961515e+00 1.424742927046993790e+00 2.070745062835411598e+00
1.594958895195460968e+00 1.040499824704897547e+00 1.423281302394706183e+00 7.261291545009581315e-03
2.492126652694540978e-01 2.108998931461566251e+00 1.325692765302517451e-01 2.730707386381313384e+00
2.682773451267638443e+00 9.626993669497473372e-01 1.575869691451830201e+00 1.551001843404829217e-01
1.405709828253040250e+00 6.392101189278640572e-01 2.926619903808107992e+00 1.217081532451457671e+00
3.102229140739440338e-02 4.321175750291452178e-01 1.248156668109426271e+00 1.334638868694967284e+00
1.054642049587490860e+00 2.705957183017170031e+00 2.199682968310274322e+00 4.304003958407024988e-01
2.080027672473931943e+00 1.914308204584367346e+00 1.830577552588265267e+00 8.772497455034143909e-01
2.268227313960392344e+00 1.506540906020283233e+00 2.521180574147396936e+00 5.106399024179846258e-01
2.765464375337360003e+00 2.278647897805730071e+00 2.334803012823309487e+00 1.496446575085761177e+00
8.688540094048647910e-01 2.567725568994466023e+00 1.819997171976755146e+00 1.181602474549136694e+00
2.777273954296073821e+00 2.378707998384253841e+00 2.494129747532714880e+00 9.921087965239705486e-01
1.866625126722985417e+00 6.042822979161446284e-01 1.421849165498098033e-01 4.370731996112782736e-01
2.362202527066502356e+00 2.835052475639460390e+00 1.410319785945153281e+00 5.694508980683524735e-01
8.581359084083549638e-01 3.037670486332669562e+00 8.827001012576481953e-01 2.427146641504767999e+00
1.354502060671751940e+00 1.901687108380408553e+00 2.239139443142244001e+00 1.495413603829456872e-01
1.650057110528432291e+00 1.463949843325925482e+00 9.886605335616798218e-01 1.089915840968797012e+00
1.091868435815863680e+00 2.345408206589161548e-01 1.973939354590819928e+00 1.703694631039972096e+00
2.346024263856570702e+00 4.591399970815798065e-02 1.467718137350017882e+00 5.323394977476930690e-01
1.141824621055314015e-01 1.102321809233786531e+00 1.524898211021236794e+00 1.413669906590093450e-01
2.330159631165714007e+00 1.371998211938829870e+00 1.999176845339261377e-01 2.915276614897015950e+00
2.739211086203452883e+00 1.786139612513013564e+00 1.588015035582332757e-01 2.306157344800924047e+00
2.032854110866924024e+00 1.159362839273291312e+00 2.114413870438413223e+00 5.506395933915454455e-01
2.714682560670397482e+00 1.721658394147430826e+00 1.144816965828234334e+00 1.316101982576748375e+00
8.914787452646325550e-01 4.612695018499458621e-01 4.401188305102141651e-01 1.419819734581519777e+00
1.160689954503478116e+00 1.259128659318756505e+00 8.662112838154167882e-01 1.655967109916454127e+00
1.686054921335578216e+00 1.083966133066556203e+00 1.901953868670810177e+00 2.327096464123156461e-01
7.415947726283217412e-01 1.765063807165219711e-01 2.195680275577811535e+00 1.919866686803756606e+00
1.625755919194833199e+00 2.695469003989738432e+00 2.298058432655853078e+00 2.177395672990721565e+00
3.354437292487992828e-01 1.684173860004051670e+00 3.121344410783560175e+00 2.737677560085660655e-01
2.111285616340183413e+00 2.030570023943967239e+00 1.268434275600612393e+00 1.380042769040380701e+00
2.346924661152735236e+00 7.241153410499664989e-02 1.310960084558722594e+00 1.567227940464293034e+00
3.051485825868498036e+00 1.728665430487575483e+00 5.450507063369524063e-01 5.027310054709936971e-01
6.903891138397337812e-01 5.488834986521759496e-02 2.161711510443963036e+00 2.560981818017113110e+00
5.056224154701963736e-01 1.400760400047684762e+00 2.681145259617393695e+00 9.102633306228550270e-01
2.610549175816993639e+00 9.738228727654111294e-01 2.295556051918441032e+00 7.788782889590061265e-01
2.012514053682633364e+00 2.582015177605470946e+00 2.141258430152624292e+00 1.855679818590656449e+00
3.494813539040167449e-01 7.561253167798384078e-01 2.302593746240818307e-01 2.526039496658269545e+00
2.633812220825923478e-01 3.137936579187911690e+00 1.277452390756665057e+00 3.777728578074453225e-02
1.833230718567700590e+00 4.553517101531024541e-02 1.779072355535600058e+00 1.313287811891781676e+00
1.552702534799108580e+00 2.697720022590186506e-01 3.276514093920466220e-01 8.298870451692362815e-01
1.804422231660771092e-01 2.874351647866814297e+00 9.257906495943878100e-02 2.743404594996580848e+00
3.044571158246629050e+00 1.877041163588189843e+00 2.939194120360381746e+00 6.738943275261926047e-01
1.121033833431462678e+00 2.229479913026669369e+00 9.720078465089387887e-02 2.766721601265890396e+00
3.679479787269778757e-01 2.170998298408125304e+00 1.588177457852964602e+00 1.439043839726413532e-01
6.767815275512875095e-01 2.585156072053108378e+00 2.715580265043732400e+00 2.165966536952387944e+00
1.510477869435007614e+00 1.406121053884932914e+00 1.782808356438052355e+00 2.308117742101130521e+00
6.721498496205140505e-01 8.469732319476541704e-01 5.157584297524283601e-01 1.063684688320095217e+00
1.024123035986820973e+00 1.926733323474853821e+00 1.296298681989614954e+00 2.615830622959366636e+00
7.676026829152989839e-01 1.247058888029767498e+00 6.807976597662352969e-01 1.486355157741491961e+00
1.197581836740690131e-01 1.155937588409848615e+00 1.016126035289907970e+00 1.182940552298612946e+00
2.601156458187556364e+00 2.738926567362763631e+00 1.906190147661506407e+00 1.128428730107332134e+00
2.921116749881867314e+00 2.817863693729315333e+00 9.782908223922576196e-02 7.562511531648304919e-01
1.329590611713746373e+00 1.335747753284983519e+00 1.925121479414040992e+00 2.349800690390130953e+00
1.643732389972204055e+00 2.129622642481639350e+00 1.129403865249529515e+00 1.761789698537362669e+00
2.160199660553996814e+00 2.829041723096763938e+00 2.409801664804162247e+00 1.113330726660324954e+00
2.349860999319253185e+00 4.326204275085153150e-01 9.523936540596640299e-01 6.244018699540758721e-01
1.517431800859846192e+00 8.865367025059468775e-02 1.623569704693680782e+00 2.234100035488260083e+00
4.827668562975114680e-02 2.409175496013258755e+00 2.907005161850172659e+00 1.018197877612175839e+00
3.022022135118920705e+00 2.665520131633844603e+00 1.340134383233688053e+00 1.996952465517921382e+00
1.159493017912667012e+00 1.803834054376706408e+00 1.071079488921437006e+00 1.462749880033349603e+00
3.117687434828645632e+00 1.954364477602903882e+00 5.607127964280792520e-01 8.259587297681912910e-01
2.257574092812632216e+00 6.126092954497732723e-01 2.439485200956542865e+00 1.890570431518157957e+00
3.629345432296735008e-01 2.529714058376220542e+00 1.136063869906140722e+00 2.613691673183752062e+00
1.287508397779919544e+00 2.535684386830032722e+00 5.179304926881089788e-02 1.541939023142735454e+00
3.014986462855267391e+00 5.737350106342309353e-01 4.294816441352869996e-01 2.603114288662069065e+00
1.114051561775748489e+00 2.516573826821276505e+00 9.267382793675490449e-01 2.247278841793258763e+00
6.876562020659163776e-01 1.589796841587478360e+00 9.809016510321014737e-01 2.527299949253187794e+00
3.043395132861097085e+00 2.788100167706779597e+00 3.025374897652511663e+00 2.243776023774020523e+00
2.989301503160655571e+00 2.249550846482885724e+00 8.583232195192083136e-01 2.954736895130834817e+00
1.242460659920432642e+00 2.048411859755414177e+00 2.776978582487395819e+00 2.296951550944099640e+00
1.086554269697908248e+00 3.031973573625013518e+00 1.257412487368668286e+00 1.246503638062681496e+00
2.991835207508589445e+00 2.560472140174553601e+00 4.376625183205278824e-01 5.074161204446943074e-01
3.137539363734734188e+00 1.138722545056929825e+00 2.275096927695914761e+00 2.017243615469896501e+00
1.198386739006633395e+00 1.233843154616465210e+00 2.530416263747388150e+00 3.102771635876547585e+00
2.953838769303759104e+00 1.589756368806874764e+00 9.218181880772082781e-01 1.755400328841927982e+00
2.147246523098601312e+00 3.507908832325022930e-01 9.961056261294173875e-02 1.020258298320492418e+00
3.121709345826801041e+00 3.056053185445991027e-01 2.210485168132582334e+00 1.645904133808438363e+00
2.075068389606831987e-01 1.145644026610513455e+00 1.378687205008288341e+00 1.760678958889740631e-01
3.917795555366737625e-02 1.213520021719211583e-01 3.575752450721309539e-01 3.285214705276383595e-01
3.084755474499198069e+00 1.199122131020852411e+00 2.028914567879946118e-01 6.232452512857639126e-01
1.817108623475222626e-03 4.463925804142750975e-01 7.620894811106566635e-01 2.264837628159522165e+00
8.589633246673220590e-01 1.185741961905027342e+00 1.216689682944998019e+00 1.128471441045605816e+00
2.116448852005587966e+00 2.234551011405504717e+00 8.012529935816244953e-01 1.663003956493071867e+00
3.086260325623145562e+00 1.657022081503499500e+00 9.212177266045534774e-01 1.378506177361911389e+00
1.931670536138097916e+00 1.429362507597619736e+00 2.282230158229664685e+00 8.326299805148014155e-01
1.499690063038610965e+00 2.395253147411810168e+00 2.383481793803359228e+00 1.827256555371319591e+00
1.711175789793208946e-01 1.819417196463653630e+00 4.896255225497433416e-01 1.156608880124282646e+00
1.666864876904904813e+00 3.065821274569652477e+00 2.407884787563645101e+00 2.089044544693573258e+00
1.402279005437499615e+00 1.440686098535833404e+00 1.583159181806654381e+00 2.269916890848172830e+00
8.138454503774181781e-01 1.685474524880549163e+00 2.996938646749822244e+00 1.660804309920394406e+00
2.527611578269282067e+00 3.047679962481672611e+00 1.578820845273748441e+00 1.200470736988417997e+00
1.816846417634704780e+00 1.902481066728359593e+00 1.497776191027395010e+00 1.457954529988211290e+00
1.084901263179310682e+00 1.825311162250301100e+00 1.553845281706829118e+00 7.759644144205412042e-01
2.019265404680723908e+00 1.625527424697908119e+00 2.117187810391766956e+00 1.289809825661998532e+00
1.535711876695533107e+00 1.070059884383395277e+00 5.716217557359710710e-01 9.383374434365174821e-01
2.051919360323539276e+00 2.243272652407886980e+00 2.215219826292428973e+00 2.595939494947426152e+00
1.507580218894402080e+00 1.101651020003023174e+00 1.059559417760818745e+00 1.844442332559488085e+00
1.808889133394052440e+00 2.638857137862748115e+00 1.515144493731058972e+00 7.567300878411477028e-01
4.762561530430118872e-01 1.521175903804724339e+00 2.765142424415137690e+00 8.648969429763723182e-01
7.329119254757990309e-02 1.291737336390915258e+00 1.006542968355004897e+00 2.386812904026452742e+00
1.699739224280200967e+00 6.397502094693450214e-01 7.200760389830821451e-01 2.596057438425404484e+00
1.167399903985274712e+00 4.796375192667644560e-01 7.466206647317544798e-01 2.514901639659463672e+00
2.682999880375333657e+00 2.582555199962196291e+00 9.651137263029333502e-01 2.267800013436872320e+00
2.878329247378815126e+00 1.836715996146690566e+00 4.070935280976653026e-01 1.562517950482955886e-01
1.927937338341349172e+00 1.799542348760837296e+00 1.483240856048902767e+00 8.096143722083224414e-01
7.933798767992207290e-01 2.899444379886721990e-01 1.125604106733299470e-01 1.512057481001211734e+00
2.901746988936058980e+00 1.554551800687474117e+00 1.971367386977459280e+00 2.380367204807177561e+00
1.877879403571375505e+00 6.053968173487432880e-01 2.248826160045593880e+00 1.540136206689524556e+00
3.062727818273152991e+00 7.557067318259741429e-01 8.366855355781658288e-01 5.940862924075073215e-01
1.089021380967197139e+00 3.006495635781955666e+00 2.229719673956242154e+00 1.719110378238707604e+00
1.836168907502252923e+00 1.395350471562472272e+00 2.362758364810926270e+00 1.048051067128022318e+00
5.991568892009828673e-01 2.706479826156513724e-01 2.666524419371945509e+00 2.801305397258833541e+00
1.132292516795234905e+00 8.168641235285682978e-01 2.492307699623213413e+00 8.063611821455672901e-01
2.762304848988278438e-01 2.255525628633594515e+00 1.059874240088427566e+00 2.567886378669080205e+00
1.476137707006393018e+00 1.102276683771248988e+00 1.709553937285616998e+00 4.499108796557248907e-02
1.419849475582067644e+00 2.084269198385776123e-01 4.257453773104962758e-01 2.950746134478062555e+00
2.387090316380655164e+00 8.597410388929677127e-01 2.996464591011797296e+00 1.033208808514484017e-01
2.323824612767177555e+00 1.099277840203777057e+00 1.291400360763685251e+00 2.746941464215348461e+00
3.174087722780160603e-01 1.676913365909819875e+00 8.430535317889689684e-02 4.318240536333052271e-01
3.011749043687234728e+00 2.527648711872124032e+00 1.292967322449141587e+00 1.377889752113274913e+00
2.759491545252112932e+00 2.004372716524223552e+00 2.529512482780714500e+00 1.743637686566492428e+00
1.891285160574363196e-03 2.601276029601600204e+00 2.169314019108717684e+00 2.833075916052413490e+00
2.269150815197392479e+00 1.001558036958890285e-01 7.225653135285960982e-01 5.300045958721161243e-01
1.315128560228548071e+00 3.304560023459276463e-01 1.569416718742582040e+00 2.904012070769386722e-01
5.883318999058158028e-01 1.165179351269119978e+00 1.529784110686574161e+00 6.691256775903798859e-01
1.892265799998052334e+00 2.481218129534097816e+00 1.560120583366649383e+00 2.788637432529027585e-02
2.702430272345476059e+00 2.309628104489278577e+00 2.010334516987444253e+00 2.263413668646618859e+00
7.503078804779677036e-01 1.357325932311271410e+00 2.600426470642721810e+00 5.911657830944802572e-02
2.884097106179063452e+00 1.647907071499867149e+00 2.503930705310444260e+00 2.480772121990195256e+00
1.857730975344629165e-01 1.828293200938895025e+00 1.088911666062126304e+00 1.867245592091911321e+00
9.619349892125556023e-01 8.736154274274875453e-01 1.223015541400271911e+00 3.504463333582119033e-01
2.834704883252619823e+00 2.183897793570986623e-01 2.042663526892408932e+00 1.592588615251523620e+00
1.296789193385906813e+00 1.140183037462320303e+00 2.042938872154000940e-01 2.960182212917146671e+00
1.947274025175577794e+00 1.926892380071401512e+00 4.278010729524848177e-01 8.556464561165418037e-02
1.322692923285885003e-01 6.929039478052834156e-01 9.128503348716869858e-01 2.209461584688053204e+00
2.201995797539696209e+00 1.049017816642014544e+00 7.114904128282963924e-01 1.181172266513390356e+00
1.437698149880126008e+00 1.087181314252450015e+00 2.254908577708174544e+00 1.506147384000680267e+00
2.592540171187760922e+00 2.634343112003064036e+00 6.151141475880717024e-01 2.718502930454289146e+00
2.988717122262242842e+00 1.848884896128408117e+00 1.534202578989013688e+00 1.842996690658410985e+00
1.869089123747224246e+00 1.047101355245912302e+00 2.946545077052869832e+00 6.954528577318745963e-01
3.033029627884566537e+00 1.074554581609087123e+00 8.406066368790107157e-01 2.896259433571396702e+00
2.299902712112257497e+00 1.397250338195322517e+00 2.708417339224527431e+00 1.174240767219642212e+00
7.144901841849339297e-01 2.940262700098764448e+00 2.700793369944371580e+00 2.573496201012158147e-01
1.323768022121459831e+00 5.262042645103963689e-01 2.588333602982376469e+00 6.067226234927891593e-01
8.273406949230903695e-01 2.299291295284333625e+00 1.068811421554623609e+00 1.307901419109740171e-01
1.052148756083700620e+00 2.482477899150305589e+00 3.090694314821918809e+00 1.051965273851219296e+00
1.801900101601775217e-01 1.925085092211369808e+00 1.774613074324841833e+00 1.315073995547675345e+00
1.996475918060433674e+00 3.043998863712331193e+00 4.496239633467745689e-01 2.271705482456070513e+00
1.503433684511445545e+00 1.559582893645590440e+00 1.851044168350093555e+00 2.495875312837085414e+00
3.647015698393640815e-02 2.221121815717189030e+00 3.023373529374507207e+00 7.979938247153503528e-02
2.811314617018206174e+00 8.914368080376580128e-01 8.601220627134120722e-01 8.381789075626722152e-01
2.137657122361077189e+00 1.647904551011033947e+00 6.944827209334162310e-01 1.524327870835465726e+00
2.101833573182747106e+00 2.691892785722094672e+00 4.152925853252857902e-01 1.192421445906003630e+00
1.001080322485074170e+00 2.258773756412258304e+00 2.587827846887202909e+00 3.004346594745800569e+00
2.827497073259063409e+00 3.601730048684081975e-02 2.036105323669719636e-01 5.302096726182354836e-01
3.820661658362299873e-01 2.702479690762563003e+00 2.576617176334710102e+00 1.017175592508906101e+00
4.168926871057843792e-02 1.730800217810862573e+00 2.794094084109820297e+00 2.722238615229913172e+00
2.070912907356495580e+00 2.567964118384299610e+00 1.253933502003394374e+00 1.212910136161524655e+00
2.240189542207673412e+00 9.153137381542855167e-01 1.034263577959609881e+00 1.592720262242140805e+00
1.372209012015705776e+00 2.773640857772253554e+00 1.066186139283449297e+00 3.026712552096858300e+00
2.955496198266230223e+00 3.222063802509007036e-01 1.202449671123956509e+00 2.027323524726741155e+00
2.350583057626761008e+00 5.971455489688000107e-01 7.115010495390942102e-01 3.109480977373134447e+00
2.283550717510640204e+00 8.892027759653388097e-01 1.140347627518136564e+00 1.532073405933985999e+00
4.039001923103399672e-01 2.698481463694625049e+00 2.723215506813339459e+00 5.759828065172886008e-02
2.656334945206374254e+00 1.064996098719580342e+00 1.364999160332555639e-01 1.755691392775080795e+00
1.180580060979076640e+00 9.170011182802189076e-01 8.917251644244540421e-01 3.137362788195714014e+00
5.847383168683085303e-02 1.322700887572176853e+00 2.375927185584711498e+00 5.780469314204653708e-01
2.240822698030762172e+00 1.521388670993893522e+00 3.800009824127486002e-01 1.204439836857092772e+00
1.239812412758870774e+00 1.497669762845041053e+00 1.566524851286843711e+00 5.633499071593748297e-01
2.804482335509806301e+00 2.628717317049028335e+00 3.080889464675332867e+00 3.012642728121482705e+00
4.797816543643989573e-01 3.812618097452804555e-01 1.431974123107595531e+00 2.211785326975658883e+00
6.492449044837367289e-01 3.097098497557339236e+00 2.405737268669712048e+00 7.605898118611832404e-01
2.144537681379278027e+00 9.436454028655619775e-01 2.187821184720236678e-01 1.821165757787919892e+00
1.250533017656222157e+00 1.325961083533442109e+00 3.123764846843081866e+00 5.266057717462980375e-02
2.969573421393719048e+00 1.527163470976468096e+00 1.908473806066518952e+00 1.102699446129169258e+00
3.355029118767883234e-01 3.798313764168483875e-01 1.190893186765728418e+00 2.898445032130338994e-01
2.588131054893745731e+00 7.886333987952413027e-01 2.315332623592740280e+00 1.622391831932042727e+00
9.200961880444048502e-01 3.883628527351720705e-01 5.488262359392818146e-01 2.279302590646448967e-01
4.379967846368553186e-01 4.201692231005835776e-01 9.966271838419505924e-01 5.576330892160622499e-01
2.201505426104349294e-01 1.778078073627010536e+00 3.011204499861845907e-01 5.722567626431567245e-01
9.198236352128988935e-01 2.899275058686917372e+00 6.872561482257180665e-02 1.838767904880294957e+00
1.526898853280673762e+00 2.086527308200278430e+00 1.648847183515870007e+00 1.852462540713536221e+00
9.046920761729633220e-01 1.507087116243914338e+00 6.498632510910531401e-01 2.946588084929776308e+00
2.643396302010497800e-01 5.824370416869247835e-01 2.913901410271777959e+00 2.205173444078243783e+00
2.218792632356365591e-01 1.159045944210334245e+00 1.379271993794501716e+00 2.348123196850633310e+00
1.484519573881506904e+00 2.030852566535296777e+00 1.561457379473858431e+00 1.719778954079399735e+00
8.589110303167010185e-01 1.196239576832413887e+00 7.537049007939407019e-01 1.422782023124233408e+00
2.012362214408085048e+00 1.867287075181796041e+00 2.079140450731188583e+00 1.617833662818453755e+00
2.167986790547868026e+00 1.813258690093025205e+00 5.897116999011589034e-01 2.688683665682308543e+00
8.422669136690816849e-01 6.036117195208839936e-02 3.367811069589906614e-01 3.302313425079334702e-02
2.782414225961247767e-01 1.337470538329785574e+00 2.891366440794783443e+00 1.813355965820917959e+00
1.538178397538435549e+00 1.303557817976652045e+00 1.478499033747124436e+00 2.330821194400488405e+00
1.888439402890256247e+00 7.353320687923178278e-01 2.107745724449622937e+00 2.954074017505240235e+00
9.308610423222373198e-01 2.376864610256016253e+00 1.309921622563070764e+00 2.148202702240787243e+00
1.660340910170862383e+00 9.962418430050149487e-01 2.135809757455835456e+00 2.875203794772207111e+00
1.097828385777070981e+00 2.738382052893333363e-01 2.867780462375289829e+00 5.494693805585330049e-01
2.787511859374098400e+00 1.320785657459490336e-01 2.139918388178349673e+00 1.135085624743320531e+00
8.827651136720809921e-01 4.108409686295075858e-01 1.661054336109121676e+00 3.683586304290891178e-01
9.271932894952027437e-01 2.293092993725644568e+00 1.840120811100062870e+00 7.572531621847428118e-01
9.010916051796761250e-01 1.948387430876761472e+00 6.537441971534030394e-02 8.906571721420302179e-01
2.311437526339798598e+00 7.737634241762411103e-01 1.180634573206579968e-01 2.305088977839960585e+00
1.715129169532619846e+00 2.446951124018722279e+00 3.084250315738070292e+00 2.791095715542060596e+00
1.950039143994958257e+00 2.365297718287685313e+00 1.831900611700666648e+00 3.360213382932801807e-01
5.115791594832044265e-01 2.033638606284219552e+00 2.081943758203761874e+00 1.037978951593996779e+00
2.324908533397420207e+00 4.529443369614566395e-01 1.546019251069701179e-02 5.259606532794679490e-01
6.970020321272381025e-01 2.809566323496891282e+00 1.300407074754063919e+00 3.021897411529461674e+00
1.816136862433325616e+00 5.096154234528911253e-01 2.693312359761843577e+00 2.859142441104406185e+00
1.617648441887492350e+00 1.252459368745468593e+00 1.269887797141072916e+00 8.714557229222879009e-01
2.682424305625680905e+00 2.629486202446308596e+00 2.550222247948688015e+00 6.818749396133669816e-01
2.974525389342536741e+00 1.493634516691617620e+00 1.913171109620482202e+00 2.521575783958719619e+00
1.580420325532493342e+00 4.868445497158240265e-01 1.851569042996484837e+00 2.947934663239935471e+00
2.353940643465998406e+00 2.068590585451203001e+00 3.285152184789652541e-01 2.848361935272656797e+00
6.068884563452954239e-01 2.307134974634509117e+00 1.863373697270585827e-01 1.532443276325228920e+00
1.225333848900949540e+00 7.430607549032934855e-01 1.222058842741512663e+00 2.966444728595753144e+00
2.022664957431269173e+00 1.269728996837009793e+00 4.763430654647973772e-01 2.179900070408190338e+00
1.264316592478209600e-01 2.736175848986881931e+00 2.880607701796257025e+00 2.530815995899170723e+00
1.659224848685983300e+00 1.514695929357361859e+00 1.291248930591047062e+00 1.628402637783991525e+00
3.086751191778164038e+00 1.900952475885077098e+00 1.828126261453804080e+00 1.765258600541086409e+00
5.268381552878688145e-01 1.511462478967448453e+00 2.394252663779029788e+00 2.765191757970652198e+00
3.008933554743894234e+00 3.156454972645620916e-01 2.921798176710443506e+00 7.686949439407233520e-01
2.197833822427395667e+00 1.572485002449683034e+00 3.068022226352113080e+00 1.119918533180822351e+00
1.571408086752955402e+00 2.595366852659989565e+00 2.900867339781604493e+00 2.802001823765192690e+00
5.655898550851143902e-01 2.844132049689643615e+00 2.114123471748131866e+00 9.412709068412591362e-01
1.489914563307684070e-01 1.868846982749998054e+00 1.174270163673851064e+00 8.938139020303064175e-01
2.493887399762353407e+00 6.530646503378843004e-01 1.887062303278128406e+00 3.522010097073592916e-01
1.387881244756712151e+00 4.969727112026766647e-01 2.869944165306733908e+00 2.111479660507503464e+00
2.741050075768434624e+00 2.483617538205049047e-01 8.032311149404627315e-01 2.358909632805206158e+00
2.683741912261155882e+00 6.548466727110914543e-02 1.831365709664499519e+00 2.657861730178399551e+00
2.232706034699838415e+00 9.887172286629302143e-01 1.320762320304764037e+00 2.366877127529599112e-01
2.121173165080164846e+00 2.432305471496347238e+00 1.222002289938097341e+00 2.688659933568690596e-01
1.215210800202244590e+00 1.987015249735681222e+00 1.540064893714700567e+00 1.117164077742103911e+00
2.905674681798659176e+00 9.304964361683779606e-01 2.494402689379988214e+00 1.547008123729639806e+00
2.667009705707164002e+00 2.286045769125084615e+00 2.131003743809444462e+00 2.775998931432083761e-01
1.076246619670452986e+00 2.244222602344216888e+00 3.035230530000539328e+00 2.463408170211694337e+00
1.370252682796889721e+00 2.320086075239817525e-01 2.804830477897958918e+00 7.258815501059848740e-01
1.505303486009290426e+00 3.011823747669026829e+00 1.569982992001768496e+00 1.854155191435637118e+00
1.068360816122742030e+00 2.864300264663870887e+00 1.196566524280034544e-01 2.514068244847748712e+00
3.774873486907210363e-01 6.540528397014797601e-01 2.530773149437408165e+00 1.032017290256094899e+00
1.700622847925346681e+00 5.010741359894154145e-01 1.223685697569601105e+00 2.146762610780405534e-01
5.485504997047894182e-01 2.491943414730970030e+00 2.872933551568777943e+00 1.587884280554293648e+00
2.632246643541990228e+00 1.538902676834920991e+00 1.137729677268064732e+00 1.102935626366793986e+00
2.258461552979044384e+00 1.306253963717483257e+00 4.941267232962164302e-01 2.093442712875906164e-01
1.274883146491108121e+00 4.077608699450475105e-01 1.020440914253510689e+00 6.120982969020304365e-01
6.840388279522761072e-01 3.967606036453646401e-01 8.317101543328994095e-01 3.047369604950513899e+00
2.100406217253463215e+00 1.059072557266188763e+00 1.155385233387619115e+00 2.367542833359252974e+00
4.088241903127476373e-01 6.481651106149384223e-01 8.718898510424699655e-01 2.758446145990593568e+00
1.830927119237411471e+00 2.394135230791802460e+00 9.652825889686500460e-01 8.345308880033418253e-02
2.589456760388887946e-01 7.457709783188162800e-02 5.344929603307787547e-01 1.891249396118082959e+00
2.901494731881552269e+00 2.509100784595780453e+00 3.027334431495614098e+00 1.866557991884762124e+00
1.593914393002533458e+00 4.098145205842638195e-01 1.606691268952223028e+00 3.090817013844657790e-01
1.351536134351104534e+00 2.613554043914803948e+00 2.607134028593397268e+00 9.636544153798028978e-01
2.138230370493253152e-01 7.790109651860124274e-01 2.137902826698440784e+00 1.954887869040642823e+00
1.275174129225582487e+00 2.331353365788087495e-01 1.607801155581538799e+00 2.222244323022358081e+00
2.050295895474726127e+00 2.022062335138564426e-01 3.312141696993744500e-01 1.166750693444041698e+00
2.334769076367132712e+00 1.399523535510129868e+00 2.879528470163857268e+00 2.855873663335126267e+00
5.175527265110465569e-01 1.259563296530515464e+00 2.640992681814959830e+00 1.343232871226522240e+00
1.651895540389086481e+00 2.413058272696892548e+00 2.906284699941469984e+00 2.760826749597562024e+00
2.930634404797282322e+00 2.940341194332206420e+00 1.010111660016166146e+00 2.010520286241921806e+00
1.120575572200362302e+00 9.363846529582512401e-01 1.638903665805431675e+00 2.749378022962142953e+00
1.421570006785974449e+00 1.847825368506414545e+00 1.746218518861773372e+00 9.575733214076790345e-01
9.230955816009704940e-01 9.798041599598737994e-01 1.049887145244449815e+00 6.547149789884015858e-01
3.163511911129963106e-01 1.246728972650319234e+00 2.123641573328673982e+00 1.168365264050433172e+00
1.852383455047972749e+00 1.769994253984787935e+00 3.116956123765161291e+00 1.676367809695465283e+00
2.072887833570531857e+00 1.173896664543532253e-01 2.874290687946354339e+00 9.803901207792230510e-01
9.373234087472948062e-01 1.778039197895201928e+00 2.004135549232032076e+00 1.878623562467141905e+00
1.792090294854443711e+00 1.754736643442744715e+00 7.615086250377010035e-01 1.644176356395482541e-01
2.796267560984201594e+00 3.048043974486492225e+00 1.945257876038365197e+00 2.163182864021987672e+00
2.793266607062316886e+00 1.095882789780424860e+00 2.478408945460266910e+00 5.866186598488836168e-01
3.495409818956197734e-01 2.241473158736583537e-01 1.017432019521103265e-01 3.057682933884194210e+00
1.653714683473372027e+00 1.242569438170201129e-01 2.247689954697569714e+00 2.219953371248275520e+00
1.844505297705729685e+00 1.930509671917610692e+00 2.124208028149934702e+00 2.925868767447372676e+00
1.475742463851340558e+00 5.961953424045371985e-01 2.358828520654557614e+00 2.973981797176978414e+00
2.146685593520326840e+00 2.177690351761211396e+00 6.495108818696332387e-01 8.668586600107238693e-01
2.358003240602985162e+00 2.585024417144468067e+00 1.792135694081862241e+00 3.025306063037959792e+00
1.619521098600749109e+00 1.723454059645517233e+00 2.751442177566784331e+00 8.673543388815421196e-01
2.490398464994548089e+00 1.728113909344719534e+00 9.261214533936017179e-02 2.139168996537125444e+00
2.244639760070954893e+00 1.437195185474525294e+00 3.027698267098806628e+00 1.136665238063886418e+00
8.375694329456145892e-01 1.282917963391724703e+00 9.568318472770035443e-01 2.664164348328141863e+00
2.318705161538688664e+00 2.991350019075177613e+00 3.700612239855058938e-01 2.740009422988295640e+00
2.433487933017086657e+00 1.848843414562067577e+00 1.914321937176202804e+00 2.295230573055477841e+00
1.277864480151083226e+00 2.664915215397426262e+00 2.040610407810211413e+00 7.150862775197343035e-01
1.047029289415209341e+00 1.555848323642693209e+00 8.845551142653369503e-01 2.916850958657672965e+00
2.958952335651263699e+00 1.462529388045980816e-01 1.254516397811129780e+00 3.136699810217884021e+00
1.759601193864180235e+00 1.921599287028301184e+00 2.539180307714665297e+00 2.492313222975350406e+00
2.760189194181305261e+00 1.728969811895567643e+00 1.881635396191352338e+00 2.901317853008683390e+00
1.533664893135350815e-01 1.287543510182971751e+00 3.107539016904123930e+00 1.839285026889902808e+00
2.456072712939142200e+00 1.602092455338071764e+00 2.921016792275407337e+00 3.077400601538312408e+00
1.970935693527769095e+00 1.265483405323550414e+00 1.582130990805103554e+00 2.008505930147169050e+00
2.094548692506974064e+00 9.690008250779367227e-01 3.551867092583333441e-01 2.772121866558558079e+00
2.436927068692237963e+00 8.215995376613003387e-01 2.282755996791711706e+00 2.526611436466842608e+00
8.560070916576961730e-01 3.026008985270966178e+00 5.921196307408471693e-01 2.044654428442038707e+00
4.333711299041741460e-01 2.116055241962027988e+00 2.597096288989132695e+00 1.351273129978907805e+00
4.620850156515294294e-01 1.932448843828529439e+00 2.658114705320456572e+00 1.344219229271207627e+00
1.314584116721525975e+00 1.494362025808234407e+00 2.863513687846432898e+00 1.622428886652303337e+00
1.152254886012645141e+00 1.825149886659551024e+00 1.234513198276116164e+00 1.710949534203763944e+00
2.723089364920424416e+00 9.272097946006899738e-01 2.649416571778981488e+00 3.598532031030914902e-01
9.365722356284514882e-01 2.259966415886014879e+00 6.439954411807300438e-01 2.582695724121262248e+00
9.189620290193530883e-01 1.667959820116267922e-01 3.568489431847747806e-01 1.914969880540626779e-01
8.183500043302514015e-01 2.936419733523804254e+00 1.825304748438399127e-01 5.641470804806016925e-01
2.799132768734739152e+00 3.692902073183350620e-01 2.232809126234063690e+00 2.385610879725488687e+00
1.879159114857831714e+00 1.687851158862165579e-01 4.301619859890882802e-01 2.971261261302880818e+00
2.569150077471734406e+00 5.210489534006578216e-01 2.293494640874963686e+00 6.230171769016932259e-01
2.817335887096545033e+00 2.510865733698826485e+00 2.392888303714485687e+00 6.434948088836580649e-01
1.918734582042429970e+00 1.212999411289122698e+00 2.330391676477997720e+00 1.671383419641762513e+00
2.966892296639774163e+00 2.911646615850983721e+00 1.882878123280255833e+00 4.320172134914525008e-01
2.894996053883414966e+00 1.870286504618253964e+00 1.764948970071187784e+00 2.567390610514266758e+00
3.770528884746344733e-01 1.755979730515141168e-01 1.488502652688307615e+00 1.015246280274365143e+00
1.783031334884668029e+00 3.151374672958694445e-01 1.356015151369575289e+00 1.824088497329796832e+00
1.892493917955005989e+00 1.926386283288491041e+00 1.956720174137239088e+00 3.026544400354684861e-01
2.935565114351031735e+00 2.262128111753908488e+00 2.017502153538795806e+00 4.567120427026892249e-01
2.700795318810339518e-01 3.067924754683846178e-01 1.302935670567353821e+00 8.427720435651613329e-01
2.642718957892142395e+00 4.955390447069447091e-01 1.995754003032120139e+00 1.307619138604982689e+00
1.844518956613143690e+00 2.483702664549675421e-01 1.791252123640523219e+00 9.455262534411504882e-01
5.630773684372063492e-01 1.866975321503660523e-01 3.893753255909155331e-01 9.503222319140275376e-02
2.371579917350259858e+00 2.960224730482311273e+00 1.634808048304563277e+00 1.624136856320324895e+00
3.136418076248158826e+00 1.700827259014099369e+00 1.040981627944095989e+00 7.597169531590295399e-01
2.501071086886629491e+00 1.447432773996371047e+00 9.794916906386402777e-01 3.496534697245233247e-01
3.789521974843830521e-02 3.111079266791683562e+00 2.885333136145871169e+00 9.624237684524462599e-01
4.589333382110747372e-01 1.532637504337047929e+00 1.591566514157976842e-01 2.802527235069330658e+00
6.869371837652463730e-01 3.114027204658259773e+00 8.202802625541495418e-01 4.480199625134490549e-01
1.577122733147329425e+00 1.154830542927537840e+00 6.741811337229488554e-01 1.283675208465812290e+00
7.099050277373677442e-01 1.464835807102170318e+00 1.357350193734820909e+00 1.748081138376588406e+00
1.116521828334794630e+00 1.460937486102280802e+00 1.310894183626697407e+00 2.495864812046524328e+00
8.492185277251615982e-01 2.609144436849038851e+00 2.943877788598487477e+00 9.311317633017381912e-01
2.611287434934844026e-02 1.970197984964463966e+00 1.919066483220161379e+00 2.554909312187108483e+00
1.503575548926062933e+00 1.904324856080845674e+00 2.783773568767040629e+00 1.020742410835980385e+00
1.682802936955465567e+00 7.717472378816883083e-01 3.053961752509815053e+00 2.641526574866539967e+00
1.188166100195771291e+00 7.569909575441419181e-01 2.574796523599866216e+00 3.984675836702372687e-01
1.295598418605477864e+00 2.419113190703874317e+00 7.051034205240883090e-02 6.086229974549985933e-01
3.040460566850239577e+00 1.910175600491854642e+00 1.260182045067504142e-01 1.524481760110810713e+00
6.632405280087336763e-01 3.612861587579188072e-01 2.581629712661579923e+00 2.095936357405728589e+00
1.282951408097662283e+00 2.265398383619414702e+00 2.833027344394303260e+00 1.490338476922780320e+00
1.922451741188152263e-01 1.178418682855707278e+00 2.535701515907435422e+00 2.239341140392775653e+00
2.246880064823744583e+00 3.981199574648952022e-01 1.487373198685798092e+00 2.065296386755951730e+00
7.096032733595282194e-01 9.823717276471292115e-01 2.978715868544397960e+00 3.070611783676272299e+00
1.609456299201338814e+00 7.590752970161589452e-01 1.788504678411666271e+00 2.024397256836311776e+00
7.977595734289272267e-03 3.532100491301530809e-01 2.100849530395150655e+00 2.592079118164853035e+00
1.566274735572077415e+00 1.118346189925579354e-01 8.498967660816409975e-01 3.373597036676941885e-01
5.434994806285939895e-01 2.667965372764460330e+00 1.397679434900392703e+00 9.404545511750205256e-01
8.052205319454016630e-01 2.853988268212932056e+00 2.681393526438534902e+00 1.022473582110668300e+00
2.331605930659240711e-01 2.483920102937774654e+00 9.816566529514275663e-01 1.138917692127373177e-01
2.621654923003779114e+00 1.916293177294796646e+00 9.990708131979769702e-01 2.261885933641887725e+00
1.262944485388041826e+00 2.697531596875546001e+00 1.598036794126376448e+00 1.404108477764461460e+00
3.116662909589975605e-01 2.416828187156117025e+00 1.643740912418383049e+00 9.358126015898502459e-01
2.181872071366311783e+00 2.875189267077762789e+00 1.653378042834011241e+00 1.569695656986940024e+00
2.749632084920716313e+00 2.847326179039974536e-01 2.965297834936498678e+00 1.474750437550419235e+00
9.181468996485601941e-02 1.808713935760881020e+00 2.632925518359299222e+00 3.053594345706009405e-01
1.417142252613709630e+00 2.346946760773866547e+00 2.062589780610201817e+00 1.965533666768930710e+00
6.895784325171220308e-01 4.278571407232715229e-01 4.776752487902801714e-01 1.219911191055635280e+00
2.779653838557828216e+00 2.579423758076092588e-01 1.304863755920705914e+00 5.849991598745831745e-01
1.878076202363209379e+00 4.445075560906312506e-01 1.095622080116505498e-01 2.945300901977807584e+00
1.567213760340261386e+00 1.342512828177630846e+00 2.923487841014392186e-01 2.510209481635131024e+00
2.143222794830339950e+00 4.128194733188372822e-01 2.639298159924075904e+00 1.403095070373731046e+00
2.184356255111586709e+00 9.010003324141443448e-01 1.673720890384224891e+00 2.069794059873872882e+00
1.712310503433232434e+00 1.463433860299240719e+00 7.876975591195593818e-02 2.651444042200156836e+00
2.948903979097099004e+00 2.574893257343670250e+00 2.228468186481416424e+00 2.918808337270648590e+00
1.987912285974304583e+00 2.718069380758626696e+00 3.632228322229347217e-01 1.962645157605280799e+00
2.689172752889068985e+00 2.361569073268046992e+00 2.446972580946972009e+00 1.480857580555274000e-01
2.840407802120999303e+00 2.823942468354312396e+00 2.853357661850120852e+00 6.882308059595381167e-01
1.247259019869987773e+00 2.550864231327555132e+00 1.678770646357258700e+00 8.677308168544256572e-01
2.530371542274316266e+00 2.429471455110318256e+00 1.192738712148386643e-01 4.971029572610009550e-01
2.181397632224540750e+00 2.331444043823195922e-01 2.623806682140918944e+00 2.713334925537419728e+00
9.898042561512715443e-01 3.670851361932870871e-01 3.049448276581682826e+00 3.173845622968785585e-01
1.643679666797300376e+00 1.219382767562761982e+00 1.677511868639891324e+00 1.325660225618025434e+00
2.825499583445013840e+00 3.292721325828846246e-01 1.019756785636456442e+00 2.702558443228276541e+00
2.148577186062182953e+00 1.043573183128128523e+00 2.801018380073283964e+00 9.453323345057110805e-01
2.579190239004657492e+00 6.430196898698713470e-01 1.000986499576353994e+00 2.104481457639147290e+00
1.593485936846186002e+00 1.473577941111471334e+00 1.949630081395416381e+00 1.403164868268067522e+00
7.342225788271631304e-01 8.657394889485123812e-01 2.283085558270918192e+00 2.733957194956449399e+00
2.714796528332139580e+00 3.011741770213553160e+00 9.474468275225006453e-01 1.501736479778705169e+00
5.783862213401106400e-01 1.548228497230967893e+00 1.504526828276511408e+00 1.452694889577309523e+00
2.850821437122339042e+00 2.530856120050248848e+00 3.031428184373713197e+00 1.004000763856923495e+00
7.054748798746744987e-01 9.650004498086436344e-01 5.218056585543682235e-01 1.525981760356255768e+00
1.345044497439890741e+00 1.914273553758236046e+00 2.892385615783468200e+00 8.488068345726873520e-01
2.471348581985552961e+00 3.048258318609610829e+00 6.200739002324124893e-01 8.922885766728583246e-01
5.477010119158947088e-01 6.506126359458722641e-01 8.648001120260154773e-01 1.187900269473268988e+00
8.846977761338645774e-01 5.017019568695781917e-01 1.508238303096901822e-01 1.289149676515095821e+00
7.556783333642123068e-01 3.922477861335533222e-01 4.682152904401031268e-01 1.376656656208494756e+00
3.051092770313071245e+00 2.559924927672746708e+00 2.896842039885818121e+00 2.977385519595648677e+00
3.093052165253241004e+00 2.935588754739018480e+00 1.588715991325026167e+00 1.870427768200980667e+00
9.500171358532943922e-01 2.524896455675789575e+00 2.899104340664341084e+00 9.011960706522500475e-01
2.662768994874169071e+00 1.707378076175792847e+00 4.106290723287499000e-01 1.544900631699480664e-01
7.391998568352263765e-01 6.500453805872160595e-01 1.361239436820256499e+00 9.089583481844499824e-01
1.485392281056023167e+00 2.422589160918289242e+00 2.197894365092637470e-01 4.452256097913000477e-01
2.445231599824721602e+00 2.692879540816061623e-01 2.492030574847482693e+00 2.756249861065653395e+00
2.358796561741586917e+00 1.718880479463683164e+00 1.027352881164522280e+00 1.456253642824735017e+00
2.305579351054840576e+00 2.884391739741110516e+00 3.928199840075709964e-02 8.245611163408022026e-01
6.183641180054206821e-01 2.948696915581466627e+00 1.882435680156422375e+00 1.413132598128962192e+00
2.812712762504992359e+00 1.050194617018729154e-01 2.019895046000470540e+00 3.400571349248107111e-01
1.075658691066601946e+00 1.026360191166639346e+00 8.661649353181514188e-01 2.194435085332051116e+00
2.591142984036026498e+00 2.591444568684027949e+00 3.011243742278846725e+00 1.977402900823551413e+00
2.549276445115961742e+00 1.940980178448182603e+00 1.343402752407566014e+00 2.856640417878196114e+00
2.631363923463916343e+00 3.112364167217977595e+00 1.604810377557287282e+00 5.464879746124099574e-02
3.035471098747982932e+00 2.914352523146991558e+00 3.081377707418300194e+00 1.782048424362634664e+00
4.154304817002019701e-01 6.893953230267308996e-01 3.122886660584614393e+00 1.996862348479164107e+00
2.067648895627749894e+00 1.485960760591856333e+00 8.709792536615073022e-01 2.932822720099000691e+00
1.180637097168865335e+00 2.755914709868986012e+00 1.649961719654531533e+00 1.861576446920925276e+00
5.631284398510891936e-02 7.801063596147601586e-01 1.698353304415237686e+00 1.660797128329045622e-02
1.628729595581678069e+00 1.017250339432744094e-01 3.108382638285002830e+00 2.741586216243875107e+00
2.660328221595490650e+00 2.394000399558739167e-01 3.260875714316900376e-01 3.558608582728296499e-01
8.300834683100338784e-02 1.944025963615886976e+00 2.510932134570856178e+00 2.633807881780521498e+00
1.548229737291661579e+00 3.957826445602252718e-01 2.982974746868440885e+00 5.454950326834647756e-01
1.631919277537051904e+00 1.292358341222759499e+00 1.187152609577072804e+00 1.084562896550485656e+00
2.430119664098188359e+00 2.625098602039024343e+00 2.159043740412146750e+00 1.733128216254838649e-01
9.722804566558692629e-01 1.779503051036414929e+00 9.541983344407150014e-01 2.111826621996155229e+00
2.870284826046799687e+00 2.868965875187804215e+00 7.618003481985298198e-01 2.423895382489727801e+00
1.343649486710953855e+00 1.982857462923052205e+00 3.080496730975034181e-01 2.859704559338829277e+00
7.441756459047957906e-01 8.157459409891851809e-01 2.920444105822594949e+00 2.217750705144015733e+00
9.230807200999284756e-01 3.929519595499786910e-01 2.387976470750360125e+00 2.776124590893629840e+00
1.589681916433569819e+00 2.476205564712298246e-01 2.140523815785202011e+00 2.212584838466663317e+00
1.402956663539098869e+00 1.379540128815285760e+00 1.483100322359416356e+00 2.936156720041239954e+00
1.374355668641485950e+00 2.244804768672437403e-02 1.177673695637355966e-01 2.146039638428552720e+00
2.027839985279829893e+00 2.152088350929497906e+00 2.903252304361345182e+00 2.947884256828514626e+00
1.910267081873003425e+00 1.057523430462070368e-01 8.232913909837249467e-01 1.138844036130416182e+00
2.415539183052076933e+00 2.150398313169328279e+00 1.594917736835960165e+00 1.649838877097071554e+00
5.515266768687955568e-02 9.321012221949556698e-02 2.157234043866260720e+00 2.291151079739186969e+00
1.849724300809126420e+00 2.026025345399978583e+00 2.261211733596614870e+00 2.523495971027585938e+00
5.907998764184644314e-01 2.698590493883787911e+00 1.777296802099145978e+00 1.167286633753198188e+00
2.234624109102738565e+00 1.357548283826679913e+00 1.570941153841570737e-01 2.965389987158392415e+00
2.078592924460838987e+00 2.566124773826685690e+00 2.033754999196280000e+00 1.908685920970397021e+00
1.114477103817147929e+00 1.375527768648636684e+00 3.113318496399167135e+00 1.614752409160654656e+00
3.116004180319333905e-01 1.253235832404157701e+00 1.883207422851761015e+00 2.762209175168459652e+00
3.039539256088267472e+00 1.237663438210051259e-01 8.468972927159801323e-01 2.706681267228602472e+00
3.057620566738303403e+00 1.056612338672846318e+00 1.050300660703286981e+00 9.313224806573181525e-01
2.553367689349192116e+00 1.937040938728107564e+00 5.040179788428411634e-01 6.482671801829511526e-01
1.507929742957891062e+00 2.252028693050033947e+00 1.559914683223099674e+00 1.717162695462691735e-01
2.359596329862957642e+00 2.035640528268024774e+00 1.751450662695565486e+00 9.075908104985489500e-01
2.941994801885388089e+00 1.591421969914196044e+00 6.955620807913488468e-01 1.395302021260123704e+00
2.335126332711169539e+00 6.265898889168967090e-01 9.074148870336927464e-02 1.159706895813459454e-01
2.747403966154065902e+00 2.995780036198648411e+00 6.361150744943327995e-01 2.435952859830559536e+00
1.542316965005688711e+00 2.088489268622712114e+00 4.598500166204855244e-01 2.346470712077611598e+00
1.338262843951912862e+00 1.000846935966946294e+00 2.602167841321180397e+00 8.396473488903721805e-01
1.727516759937883783e+00 2.130493059526152422e+00 2.000996823459039398e+00 5.981553236251914152e-01
2.056280032192555396e+00 4.942367384040596834e-01 1.350309000202821075e+00 2.586307855958764446e+00
1.323871338058266955e+00 1.874780378810739556e+00 1.969897505010051120e+00 6.953547181251097387e-01
3.125186415612625890e+00 2.996218438286802677e+00 2.584899527253150087e+00 3.414661390212259673e-01
6.342600309618466881e-01 3.055802895505576711e+00 1.915859065558175534e+00 2.533737829867711344e+00
1.977228219285008581e+00 3.074524090048905034e+00 1.125974690129672995e+00 6.637742586930479582e-01
1.268153078805179135e+00 1.046001087578642075e+00 3.018894483824229091e+00 1.765707781013657662e+00
1.865465215525318632e+00 1.810882678966723169e+00 2.372866129919819933e+00 2.010416450782989140e-01
5.693386902562473928e-01 8.100846685191089858e-01 2.266126145753772470e+00 2.512398077602293167e+00
1.242872425757609811e+00 2.910706896524580589e+00 1.632210839544093517e+00 1.618137591923748841e+00
5.491538375712503584e-01 2.232414689329279334e+00 2.241585140766135353e+00 2.980085683580996125e+00
2.323134702394838436e-01 1.136584510035514528e+00 2.950261539817451428e+00 1.441502100815753362e+00
1.324306993662227372e+00 2.104615545018266864e+00 6.329589449817242253e-01 4.650291457835404318e-01
8.357703466432648831e-01 2.429345385627406650e-01 2.186450636088243638e+00 3.072126550579433069e+00
1.997843295633175975e+00 2.604646006423528171e+00 2.292996853786107847e-01 2.474785430450904489e+00
1.708125126290972018e+00 2.855242332658969762e+00 2.889542639262816515e+00 3.307109289132110219e-01
1.088188313113513050e+00 2.413216465136596600e+00 2.538664034743326248e+00 6.264267078058659566e-01
6.952236427683038400e-01 1.440201346472329780e+00 2.392126199516539042e+00 2.830046090467910336e+00
2.101035583150105968e+00 7.464070906944698658e-01 1.637875750797916696e+00 2.901579992843377642e+00
2.351851119044819249e+00 7.448290343584457185e-01 2.489310495064561479e+00 2.930748020183042257e+00
2.488398535868390216e+00 2.614518724406632799e+00 6.382344560501199693e-01 2.967855923439444599e+00
3.966188802623565879e-01 2.368917759409017443e-01 1.078384068876617974e+00 2.713256814559549479e+00
6.372083782689783593e-01 2.013860375420842619e+00 1.875560494732513961e+00 4.559950407442577847e-01
1.664850167747171872e+00 1.177240810586170118e-02 2.953641775170981365e+00 3.702788559602472329e-01
1.136742969570816886e+00 1.040817884926712455e+00 1.530077587977064724e+00 2.392334490844985062e+00
2.424810876829202044e+00 2.197750227498790565e+00 3.846219236328968227e-01 1.694182001481453259e+00
2.434817890373729643e+00 1.341507937574589526e+00 1.951913166538988831e+00 8.865897139540446226e-01
1.554456366231651954e+00 1.097489684293510459e+00 1.724982666901381467e+00 3.029753723939228038e+00
1.786266081782925008e+00 2.681080829825753131e+00 1.395397539717120328e+00 4.854971471307489295e-01
1.090802812597304466e-01 2.561307855867265726e+00 8.001765753766407752e-01 5.379361458010846198e-01
1.843116038319668748e+00 2.522081175007849119e+00 4.607629681145228306e-01 2.144250137214701368e+00
3.106031214433075061e+00 2.935654694782482199e+00 1.421137671158414717e+00 9.921860080768032386e-01
2.708860491922580493e+00 2.642176093230653944e+00 2.803810712637416103e+00 1.048307193881901300e+00
3.873436007807639081e-01 1.418302621773198435e+00 2.958853924779099920e+00 7.950736955113203441e-01
1.801453247889056586e+00 6.999642761339261998e-01 1.212567066529641968e+00 1.132118038000296201e+00
3.943434312491562177e-01 1.319611932622280825e+00 7.992636395468712962e-01 2.832407166180776592e+00
1.342240529605806865e+00 2.525160733632772381e+00 1.241592693718264195e+00 1.276561059618219085e+00
3.597331907854199873e-01 1.013436111883304624e+00 2.227584637883746888e-01 2.064874549766610112e+00
1.245035364541273282e+00 8.318808927269154552e-01 9.411169318852331545e-01 1.840201433619863769e+00
1.909811365845228981e-01 1.972493113477992610e+00 1.197745917871298804e+00 1.839222397400712250e+00
1.630006064368200391e+00 2.188630208952749623e+00 2.619396600659094521e+00 3.429139454510587992e-01
2.173298761642343369e+00 3.521222857177527810e-01 2.016937023493410752e+00 1.401365724337866325e+00
3.062861123266829466e+00 3.060998121444530540e+00 1.418127195836224597e-01 2.902930928265075483e+00
2.955494819938015549e+00 8.775143259308746391e-01 1.003821036231195146e-01 2.834130050494881647e+00
7.548622932882833592e-01 1.727400332220918155e+00 2.496954734737318660e+00 4.899297074342139346e-01
2.379156259673897988e+00 3.084190395559519793e+00 2.255366994271299053e+00 2.172131133344675114e+00
2.329262643626525353e+00 2.877043219076323322e+00 1.761581473524695962e-01 6.859246138693757544e-01
1.793491277421199959e+00 8.152409664397269884e-01 7.853375257279737731e-01 1.288071430711271281e+00
2.559874219974593412e+00 4.439563843997658688e-01 1.422326721001524019e+00 2.137689514146705161e+00
1.819843132825921694e+00 1.780340472120823581e+00 2.325130174563707630e+00 9.235285074734207456e-01
2.602214205512769940e+00 2.234239693657461778e+00 2.233140948392168479e+00 1.664263823490687855e-01
1.537573094172798749e+00 1.607814935974368309e+00 2.431830473084513056e+00 1.632705203360076684e-01
1.943704055399537944e+00 4.672119185120771068e-01 2.689705875073248098e+00 2.560483759670900028e+00
2.534762342012754299e+00 2.067019864728048884e+00 1.060692604745258283e+00 5.846753534243344097e-01
1.871936354545282066e+00 2.887429550722218963e+00 1.785656943268863595e+00 1.328280458832847621e+00
1.066962221186426918e+00 2.676218547271489445e+00 2.671764706243120902e+00 1.212500097677178035e+00
6.538925064165374001e-01 2.352069932395867369e+00 2.072499744495125640e+00 2.859901674473503963e+00
2.965657023360328104e+00 1.866613442557803815e+00 9.516731568688696630e-01 1.056365513387381050e+00
1.417281225304885872e+00 1.526099323720779832e+00 1.624032016212624496e+00 7.528369407072346142e-01
1.823736777055171787e+00 8.789429507603486735e-01 1.822349778460912395e+00 7.643587489738977725e-01
2.906979534184505276e+00 2.714314844307528674e+00 2.382998404240962653e+00 2.459407848206996761e+00
7.595208074731675252e-01 5.998943344994275284e-01 1.842636986323514359e+00 9.608286585167754579e-01
1.511243834545981324e+00 2.815074753059542800e+00 3.493055328967482609e-01 2.149390321109014845e+00
8.353370507550625934e-01 2.661822920514026247e+00 8.268493226603362833e-01 6.894183142340899462e-01
2.250096898567139458e+00 2.158527676153021435e+00 1.307861760511396465e+00 1.718119777203957810e+00
3.055578710629050398e+00 2.800645142786004627e+00 1.691741420950424235e+00 2.235487504187800845e+00
8.709962909270912990e-01 1.093367706839196041e+00 7.140244943971798541e-01 5.945704575513079959e-01
1.411532201781375395e+00 4.749119993887734870e-01 2.613628618366420575e+00 3.045013208503028590e+00
1.683737864613009894e+00 1.600679077552167540e+00 2.452896816131060476e+00 9.046116837498504593e-01
2.706127510548133941e+00 2.166345001018703531e+00 1.229490968025813480e+00 1.711123113647057714e+00
7.693701152118844755e-01 9.687791024959350183e-01 1.220131226356529597e+00 8.564311350777088494e-01
2.828025367876259466e+00 7.737516791118491666e-01 2.062592734122375704e-01 6.416185477168077078e-01
7.658965564674387050e-01 1.641817099020425941e+00 3.077213081931517102e+00 8.334342570040130793e-01
1.512231207853934833e+00 1.421292038994970808e+00 3.034161989214516186e+00 6.553719833908276948e-01
1.091466764776361620e+00 9.360615036746217088e-01 1.727455047569365965e+00 2.816949695899615858e+00
9.194524051493342398e-01 1.346041114556682849e+00 1.299902513490262645e+00 2.068574911787374182e-01
1.716302968971248566e+00 2.767649173800734719e+00 4.847626660882410898e-01 1.639655279468845706e+00
1.964015641037904603e+00 1.745383270346263505e-01 2.505015053903360656e+00 2.566929015901366906e-01
7.479085118810027133e-01 1.939366826652068887e-01 6.315698542624641476e-01 6.667911542359349075e-02
2.768271961178505047e-01 1.335666202223528831e+00 2.836584301035856015e+00 1.238050035941997834e-01
1.369635107831889131e+00 3.939651123045103676e-01 3.009733556010195876e+00 3.686649480727021144e-01
1.329804186505398667e+00 2.837067269345095344e+00 2.922019006535877317e+00 2.378337137424294312e+00
1.145332493312438027e+00 1.939654965417914267e+00 4.689089892665716519e-01 6.403270263111054961e-01
1.297255656511521860e+00 2.842695787834283561e+00 1.401587827478622206e+00 2.034244882573888358e+00
2.782031987841652398e+00 5.480387254489184068e-01 7.199968515839568761e-01 1.064857748950670757e+00
2.765930706643437098e+00 2.503065521171704777e+00 2.169211463393461159e-01 7.204615121778932263e-01
3.105093883955261092e+00 2.682521599207565277e+00 4.347196284607577899e-01 2.292511965457857848e+00
2.174776390091481826e+00 2.678678480838417308e-01 2.209013851724507926e+00 2.104653501028529661e+00
2.094601161018453617e+00 2.266862878028234274e+00 9.082724554870440503e-01 1.386380651577996836e+00
1.793802496582961759e+00 2.105875425761591480e+00 8.251956054654941974e-01 1.065672646458089901e+00
2.974426792575025402e+00 2.958809649872407022e+00 2.523457439411611603e+00 4.588873868943965650e-01
2.720193862744650026e+00 1.879835582291050855e+00 2.838828303812801934e+00 1.725280948051154950e-01
2.125814892344039198e+00 1.033607070559709573e+00 1.465664694185290218e+00 2.148947187176535767e+00
2.616563615091340722e-01 1.471325524179335487e+00 1.030622144584012245e+00 2.599930995550912005e-01
1.647188161783281979e+00 1.488914807277274266e-01 5.905473496837434499e-01 2.177260327493929282e+00
2.753632388112488449e+00 1.032205162590374536e+00 4.091194999835995882e-01 2.172696313663645018e+00
2.591152821618114555e+00 1.115922355258905790e-01 2.751507982260612994e+00 1.320777989112617012e+00
1.582102910818648178e+00 2.153637880272006200e+00 9.713961344441677248e-01 2.759118112599313832e+00
1.207878300548212547e+00 1.227600363463801081e+00 2.704923915568170134e+00 1.906231212011197940e+00
7.933143321031469464e-01 1.622804768668993924e+00 1.107213728211328352e+00 1.510830106340577794e+00
2.791451385526737994e+00 8.361951021511628834e-01 2.604299523259304139e-01 7.901164054243739465e-02
3.056823552988434667e+00 2.092369500186521236e+00 1.470327045203040806e+00 1.562992378790013515e+00
1.541422696746983956e+00 2.159596077791019753e-01 2.755581814877552826e+00 3.096899330214775592e+00
1.860659939599078605e+00 1.903577884601750814e+00 5.562074275902244569e-01 1.646809338905781628e+00
2.868424682035821682e-01 2.518084209202354096e+00 2.880714745576240521e+00 1.621961733094122948e+00
1.702619025518621099e+00 9.580614499085498004e-01 1.744162783389810567e+00 9.008594080025649209e-01
1.618537630809145034e+00 4.140950422431545208e-01 2.010924984507713287e+00 1.773982523001577771e+00
8.296513969647986153e-01 4.094724077750109825e-01 2.001513761390829149e+00 5.799862856428598945e-02
3.009203384692140215e+00 1.102273969885384730e+00 2.492076167012615695e+00 3.432476297406351629e-01
2.921503446593115005e-01 1.728443835283651975e+00 6.919868160642286270e-01 1.505489162951077597e+00
1.624513043871639972e+00 3.418639787336103519e-01 1.909309065193315114e+00 8.076149434965405050e-01
1.343872948660680633e+00 1.130706623473133332e+00 3.106184615644139502e+00 2.698644166388625809e+00
1.403500283866898846e+00 3.099508583206866952e+00 2.422745210204606536e+00 1.098787491872176281e+00
2.752112756462831156e-01 1.659054379209167207e-01 1.926773523650061382e+00 1.018845246768816493e+00
2.492884159434012870e-01 2.736956006279562370e+00 1.134579548400763471e+00 2.585479238176449535e+00
6.615784752266822277e-01 1.557260615814117510e-01 1.683402963385138174e+00 1.834518096452207203e+00
3.113269249808128247e+00 1.330945599749534525e+00 2.492774717392054473e+00 9.723253319041840204e-01
1.329719371582184673e+00 2.028754838283960638e+00 1.539136781363559470e+00 1.809030631673323342e+00
2.253487340830245475e-02 2.702229796713472076e+00 9.313822690244480951e-01 2.160717883006806339e+00
7.230354201665007974e-01 2.106447749619240639e+00 2.105144367755799606e-01 2.544957337335236325e+00
4.538298307582302321e-02 2.943814051017056510e+00 8.787520772716006902e-04 3.940774528144045941e-01
2.780612551569569657e+00 1.477622205604039340e+00 6.727899910711786502e-01 1.996696336395666682e+00
2.017238088673856122e+00 1.937441965815423162e+00 2.452477165015634952e+00 2.722884986440202049e+00
1.585555657462620616e+00 1.734354352621052975e+00 2.793299798414334401e+00 2.242928829746696717e+00
6.962460403538681675e-01 1.477802863283165680e+00 2.467490116182601056e+00 2.301904983941231109e+00
3.576977929806987033e-01 1.422754816666654376e+00 5.933362726012169075e-01 2.122612284413258887e+00
7.824132752896183485e-01 1.133954599067530822e+00 1.583767304038452117e+00 2.971208139503161760e+00
9.077278625950038204e-01 6.218945999804351699e-01 2.074339042308386283e+00 2.055322816153561050e+00
2.072470150512371490e+00 3.960768211795259730e-01 2.464891038407532431e+00 2.505476328158624533e+00
3.037723238068673393e+00 1.340703512143349041e+00 2.375624401851366141e+00 2.398074316401049177e+00
6.628678675888327598e-01 3.770284524748130361e-01 2.311267076788491526e+00 1.755742384284582291e+00
3.557486788022887758e-01 1.379833352390576362e+00 2.171943136618156023e-01 5.238473803573099330e-01
2.389168477190161191e-02 3.124237448214645774e+00 3.136031656604538309e+00 2.189112672001493065e-01
1.956173962497840924e+00 2.698616824165357420e-01 2.250881346909208436e-01 2.034602644467705890e+00
1.010067288356077286e+00 2.244573067916382225e+00 4.083418248896278913e-01 8.985424171893857670e-01
8.573876632808841158e-01 1.199611832530062649e+00 1.550866732226403366e+00 3.028179749256362463e+00
1.133497747262592448e+00 8.254174338638915476e-01 1.920327322552886518e+00 2.224832584844395722e+00
1.409224832260815852e-01 2.845000380048701594e+00 2.932324346115944724e+00 2.659401072496155205e+00
9.528336785611348780e-01 1.058530976035779725e+00 9.788612440778863277e-01 2.384061991931036406e+00
1.465264743780125611e+00 9.286888161580461043e-01 4.413184522918794372e-01 1.558317084850675105e+00
1.494707944496537211e+00 3.112992439180544135e+00 2.409281088727849074e+00 6.925525292457922477e-01
2.815419932556663341e+00 8.195470018926986899e-01 1.781121568133873456e+00 1.415405228398684878e+00
3.736490471875878600e-02 1.760494007992629228e+00 1.164150056471845440e-01 5.508784273637817863e-01
2.878544233887667114e-01 2.657729181824485920e+00 1.059462755925256294e+00 1.049202228084082034e+00
1.895554813170635677e+00 1.483405709898885538e+00 2.261989534675910019e+00 1.806391399811434706e+00
2.511289735185334493e+00 1.052770481288590965e+00 2.536864814641392574e+00 1.022354234205079315e+00
2.216822516756309369e-01 1.033047848864012241e+00 1.924092097500720744e+00 4.741115382782958299e-01
1.290940606869900531e+00 3.054824830759492738e-01 2.919707456227033648e-01 2.776012065400144557e+00
2.983631370186447196e+00 7.205427683379148629e-01 1.831301052206987023e+00 2.602116255008918522e+00
1.673296696029153541e+00 4.783920949365043085e-01 2.426832587210387082e+00 1.264778632107333545e+00
1.980011387017451829e+00 2.906663701263004551e+00 3.131757832304898681e+00 2.561388587622676072e-01
1.545345288157788044e+00 1.227815211389213568e+00 4.395721631545076308e-02 1.939979899430784860e+00
1.868015217756689106e+00 2.441867862440233683e+00 2.868601295943971508e+00 2.858261353060420618e-01
1.412989972756550250e+00 1.886102080092866840e-01 1.118469806036000769e+00 2.678397578222607489e+00
1.016908040306914396e+00 1.501136786244374965e+00 7.818169982490503767e-01 5.100563241111054635e-01
2.079155268833671855e+00 2.856645737046377587e+00 7.454146687689791051e-01 2.532904323639779687e+00
1.080312672388648920e+00 1.209763577177737526e+00 1.853890559826541162e+00 4.045252592796459434e-01
2.978113764368863770e+00 2.308376872069145325e+00 1.069395725855616819e+00 2.319087468599990043e+00
2.141402193204812399e+00 2.870519341143738412e+00 1.471501892136012568e+00 2.094894494468920065e+00
2.129575465980316107e+00 2.350467421432903770e+00 2.892847492790073360e+00 2.665995894634668240e+00
1.641790757441281778e+00 2.844489291111099050e+00 3.389322798953128268e-01 2.336874015197129284e-01
2.837866109783071966e+00 2.181161394794631114e+00 1.889253565485948805e+00 2.133082350791896786e+00
2.577726130386132741e+00 1.812233611146384593e+00 1.262436540573841581e+00 8.863824202890764337e-01
1.857918453773832024e+00 7.335478781991998654e-01 8.962997978472444505e-01 1.960171761490618225e+00
6.258664838192377899e-02 2.720983652424017407e+00 2.546945164005530948e+00 1.505250617637867272e+00
3.207081414908172223e-01 2.168494126890752494e+00 4.260991562236680630e-01 2.013382776460094448e+00
2.383468221902022233e+00 1.789105549613509760e+00 2.671475523252984541e+00 3.138339153806276371e+00
2.502598863060363943e+00 1.138898326108275905e+00 1.945749240357866450e+00 1.716818416151179028e+00
1.321339259401614230e+00 1.680042088890065344e+00 2.730574929980116861e-01 2.223524595110370150e+00
2.187649488014684174e+00 1.398936429956961991e+00 2.637058598854423508e+00 2.606345958625330805e+00
6.462165877129679714e-01 2.084208898814770450e+00 2.362417925301226518e+00 1.775630669628163405e+00
8.997767936046613402e-01 2.657356207628835953e+00 7.474648124596102727e-01 2.595244889640678565e+00
2.255403691786046494e+00 2.718163686594112338e+00 2.664422452898912663e+00 2.783782290078447907e+00
2.353270581881002244e+00 1.080907077896078317e+00 3.046342298296452977e+00 2.164544312872160425e+00
2.309599723735678012e+00 5.772517200634182943e-01 2.990464235854105368e+00 1.957269904877291689e+00
9.445708715194843785e-01 2.764179562979294236e-01 2.369493011577064490e+00 2.287165812193102665e-01
2.163529453325126362e+00 2.139390603989443029e+00 1.568590356473553049e+00 4.716305059250242571e-01
1.970329311591175081e+00 5.670709780375700060e-01 1.626810135085231979e+00 2.645634538774969347e+00
3.685135465943000788e-01 1.494762221908882749e+00 2.127197930621932631e+00 2.170130307016294946e+00
4.001460552003360815e-01 1.806331658751711755e+00 1.057974577355369483e+00 2.498942053980497402e-01
2.378923359663658754e+00 2.398692026399320554e+00 2.358656600647901502e+00 3.091871580095300942e+00
1.117542736027451467e+00 2.754990938594041427e+00 1.165842029394057899e+00 1.875567820424270726e+00
2.570423480243173131e+00 2.990615816771754698e+00 1.190045458104112441e+00 5.310099035453781646e-02
1.093742109199656420e+00 6.808748098699748397e-01 2.453363326363834140e+00 1.433460245332660143e+00
2.491680160182342174e+00 1.163866065809943562e+00 3.057131757913966297e+00 1.484808895597180323e+00
2.625034196274016463e+00 9.036384384095873523e-01 1.865981805626614864e+00 6.313651696079936038e-01
2.521172234097364129e+00 1.778132230741571673e+00 1.311700836912752965e+00 2.626200313622322202e+00
1.403601034165936401e+00 2.287205947667153350e+00 4.394072003589448161e-01 7.988142008807358474e-01
7.879483849015455066e-01 2.342718541619830397e+00 7.191421085527043011e-02 2.372123547041893876e-01
3.402604812343854590e-01 2.936162277617659910e+00 7.824540169891945895e-01 3.961113982764467023e-01
2.558293813634169300e+00 2.846222250192040448e+00 1.700217743061190445e+00 2.896770767108416855e+00
1.169742267557993376e+00 7.840253979149346131e-02 7.036605890981557643e-01 2.894594993155700902e+00
1.894510735155933823e+00 3.076620198541484719e+00 5.740715504003386371e-01 1.383188421651080358e+00
7.284812284390923542e-01 2.308008405769153004e+00 3.971703352457598979e-01 1.217595763503362516e+00
2.790703160143826356e+00 2.950734414902091540e+00 2.971807014597428687e+00 1.995968198960704543e+00
4.834187515902860222e-01 2.126590884921771174e+00 3.019569137840647954e+00 2.440043293504533750e+00
2.096140917571376328e+00 6.656286313192427695e-01 1.863077816576289569e-01 1.510976683550303012e-01
6.056226796207187651e-02 1.716047912674229181e+00 2.135235058076375925e+00 1.688440464011526920e+00
2.172141163252936824e+00 1.007631495669750521e+00 2.860037942910218955e+00 2.208902693184947724e-02
5.935891917057443123e-01 3.048567704498662323e+00 1.336448458588667787e+00 1.990227001746109226e+00
1.224192594004317236e+00 1.352256974567811909e+00 1.615354433920477839e-01 2.652479164125837396e+00
9.429741926546418851e-01 1.368929729202524870e+00 1.893760895741663508e-01 9.808852684439370861e-01
1.913051640870928827e+00 2.969763756509791186e+00 2.085207662357194014e+00 2.421411952387077182e+00
8.267066878249043071e-01 2.919629251977734263e+00 2.809473365351959462e+00 2.111364306869500496e+00
7.720822358933762675e-02 4.543504342767342163e-01 1.733070503510644178e+00 1.327416418042516977e+00
1.592845653837705377e+00 1.247852341790622432e+00 1.092052525697817300e+00 3.118097839014887906e+00
2.240516993844272164e+00 1.025492249461000593e+00 1.603561760827266980e+00 2.342269568357412624e+00
9.495829671335412892e-01 1.059924252850950266e+00 1.946367793608131169e+00 2.521351801078149268e+00
2.204360444012961828e+00 2.253236221509132609e+00 2.667975702860646559e-01 6.969142135972732355e-01
1.810788509547127945e-01 2.650474443556167348e+00 2.675799531218415073e+00 4.780109130322925393e-01
4.463324491794956050e-01 9.588072538560781233e-01 1.527918779024187046e+00 3.086601556054576090e+00
3.289250872140710436e-01 1.308625333810669256e+00 1.299080194328918081e+00 8.855009393526266370e-01
1.395394854054350819e+00 1.960123432166686275e+00 1.803049213145563323e+00 6.619071871876837099e-01
1.250679798032888757e+00 2.796768918923003611e+00 1.028834292096419079e+00 2.144089858555171535e+00
2.006754885311566650e+00 1.368028983257901787e+00 1.513816882640177885e+00 1.040637438129642517e-01
2.452867845870920771e+00 2.297335127653536979e+00 3.411750175711429911e-01 2.458852112245458077e+00
2.379762019504564563e+00 2.805937252294847806e+00 7.811574971489793073e-01 1.567212527218324825e+00
1.661006091729993139e+00 6.085865784035119352e-01 2.808597861511124449e+00 1.295437467543517407e+00
6.868697101491682000e-01 6.825251609740584646e-01 2.620510935465504510e+00 2.298494673127551291e+00
2.564065730504676566e+00 1.293638636662808539e+00 2.801360633769108155e+00 1.725875808219893504e+00
2.308551226171030812e+00 1.862018711550986083e+00 1.996625328243422093e+00 3.030387860497712471e-01
2.017528137083031137e+00 3.045247247649569111e+00 2.102708633934437632e+00 3.020715999577032740e+00
2.440966799694516354e+00 1.460956293123422567e+00 2.146101747210482635e-01 1.082761484656301176e+00
3.895392221346909989e-01 1.979882510643195870e+00 7.643383894391125866e-01 1.321947415985857299e+00
2.603103116170029097e+00 2.819248208621856211e+00 2.301233446032046714e+00 1.235332365014851080e-01
4.491310687369675508e-02 2.624022825735893516e+00 9.303790161416939375e-01 1.391330233407559680e+00
2.102013605055926604e+00 7.892387442720634194e-01 4.630439925186132788e-01 4.173026568160483341e-01
1.500921002776110624e+00 1.239318298771110716e-01 2.666554204660232852e+00 1.213269484325866454e+00
9.696311362346298202e-01 1.315019706376234332e+00 2.145752509872050240e+00 2.288533992677332485e+00
4.396012804429720311e-01 1.998231467292655106e+00 5.931507201938323037e-01 6.102464124638230514e-01
1.093577814172591811e+00 2.660332489919209120e+00 1.728764804369240737e+00 1.182626160166360796e+00
2.309384701879790391e+00 2.552292297087547457e+00 2.340121584141189981e+00 2.521353824767859741e+00
5.719789426504482410e-01 3.753617232913636359e-01 1.661801640318129047e+00 2.300723154563937833e-01
1.222701124791548466e+00 2.442744144323209632e+00 2.581187457217269277e+00 2.867039871863766187e+00
1.311761573641767598e+00 1.419310340777263146e+00 3.073833540736153669e+00 7.506104129869995978e-01
8.382580561106088568e-02 1.442051425448384938e+00 1.443235309205792349e+00 2.699662223068404754e-01
1.886771137309584123e+00 1.770653641152990065e+00 2.275034838621249056e-01 3.465234218491730078e-01
2.528000754316263254e+00 3.131456600846742599e+00 2.030292018191118153e+00 2.230660138676074489e+00
2.717215932034398485e+00 2.503081223025748425e+00 2.074429347971093129e+00 2.309595338518537044e+00
3.046388181211134416e+00 1.815249075845426274e+00 1.176243526791866723e+00 2.502338684774134236e+00
2.298188492151356677e+00 2.353547227370452521e+00 5.027128950359085469e-01 1.978347965352018623e-01
1.080699470935468032e+00 2.042689437421266963e+00 2.835996673861226336e-01 2.630922068340455500e+00
2.640054141848667602e+00 1.128550093038503066e+00 1.268357387695175698e+00 2.671207920120476587e+00
2.331053591754579823e+00 1.751888307879871376e-01 8.934448917083640529e-01 2.541097911234575513e+00
4.097052708824839296e-01 2.776869893693744373e+00 2.458088523714708984e+00 3.754259055881422474e-02
1.243292123754447642e+00 2.371731896476210633e+00 1.182098406299560978e+00 9.001445227192755860e-01
2.540412537612552146e+00 9.645678080908026697e-02 2.399030237985206870e-01 4.317856158346566331e-01
2.939272378059190061e+00 2.352202235865084035e+00 2.394402400692906774e+00 1.388343117516759984e+00
1.328056436741287039e+00 1.587761786762157956e-01 9.740905714848510089e-01 4.406029488906244573e-01
2.182095213224131136e+00 9.782908665069771637e-01 2.596900859308729270e+00 2.219482366376304583e+00
2.467702829202864656e+00 1.651077706775587517e+00 3.130031021753821197e+00 2.139414123564067349e+00
4.622301651736282491e-01 5.401527913543129333e-01 1.726214833810083338e+00 1.263475024270862557e+00
6.438766489452415476e-01 4.223772327913427049e-01 3.644326862463140304e-01 3.053427484441816997e+00
3.013507499047208160e+00 2.085325897952442276e+00 1.571960347045718187e+00 1.420775260032381082e+00
2.542344853447378039e+00 1.483034285295201427e+00 1.830772401946930694e+00 1.644030985321342175e+00
1.569058655501259114e+00 2.033895641075182947e+00 4.385760069526150606e-01 1.942184746327062950e+00
1.576612005190197507e+00 1.381862645366888520e+00 1.674252644452853822e+00 1.322399774744108747e+00
9.352194770812256863e-02 7.188607393971471193e-01 2.284436514094934534e+00 2.537288088644183315e+00
9.989726450927813861e-01 9.334378627848277654e-01 1.832660465379281733e+00 8.937754845280571070e-01
8.306007214435973118e-02 2.497558426566655942e+00 1.248698066882626190e+00 2.885146125669515449e+00
3.013919574809843738e+00 2.621584337303127232e-01 6.873915500221509101e-01 2.573014760290574188e+00
2.859540416953915143e-01 1.087659786342254575e+00 2.888929392970311039e+00 2.312184549301783409e+00
1.321921181153587144e+00 1.125843789421904662e+00 2.658871100749706340e+00 1.554137312305017560e-01
2.627909974751915456e+00 1.617685746876652009e-01 1.154695018483864244e+00 2.500346965907309205e+00
9.675121712620921022e-01 1.540883071172727492e+00 1.374223378192594769e+00 3.095358018916499532e+00
2.037153721825390451e-01 2.769846771466323965e+00 2.716946168123227090e-01 2.177191972252112695e+00
1.873424998483057324e+00 1.078194457629983033e-01 1.545500639746568927e+00 2.268973506985831445e+00
2.066237765093730694e+00 3.981999969959384988e-01 2.362111078259963026e+00 2.534678564584679439e+00
2.236035663273547858e+00 2.637524875455098172e+00 7.728507993489228678e-01 1.238950793423992947e+00
2.975849293450352651e+00 2.992803142835551711e-01 2.267593437238243137e+00 2.406661372490892514e+00
1.880189686610119759e+00 1.267301226159997185e+00 1.462254546879368400e+00 2.335213602683278850e-02
1.907512737087683208e+00 4.262457542363813356e-01 2.041049792227989101e+00 8.302628134734203469e-01
2.072035450960103553e+00 2.899134951365575308e+00 2.345343700516001828e+00 9.290429448160218984e-01
1.462788544572682037e+00 1.996778099128814876e+00 2.523403642689218351e+00 5.888153149214635507e-01
1.011758023249578864e+00 1.412833500607562520e+00 1.613877828834672234e+00 1.198614714372550516e+00
1.262174974035489061e+00 2.516642369176425920e+00 2.215388940321715960e+00 2.986448629477785666e+00
5.870339493561246291e-01 1.686436659791228365e+00 3.092746663874120117e+00 1.104666646334905966e+00
1.061992124024783823e+00 1.795928219439665963e+00 2.954849561321990503e+00 7.051092977653795613e-01
1.484670091464731501e+00 3.072647651416908765e+00 1.489913467056172225e+00 5.005911741989402808e-01
2.584302252510874975e+00 2.257537606365243477e+00 1.238301966631349948e+00 1.630744151946328158e+00
1.278547705824435166e-01 2.405635726498882576e+00 2.513838120068095705e+00 9.243681289264614742e-01
2.063184401068414608e+00 2.245305399426238857e+00 2.291491990207650709e+00 2.573898631519256686e+00
8.339847670776763255e-01 3.570139751409318607e-01 5.232564755606858853e-01 1.491004092561790006e+00
1.862857839239777658e+00 2.561227262857950771e-01 2.850960545156535630e+00 7.776433501884901789e-01
1.990818615713643824e+00 2.782862770985234935e-01 2.044537798588341282e+00 1.029903883883359628e+00
1.165466044183837563e-01 1.569484302364727801e+00 7.161111310393022400e-01 5.775032795328184365e-01
1.169458431805735721e+00 2.601663076902260840e+00 1.846138658608014627e+00 1.506283078576482470e+00
2.362086222721796247e+00 2.808468093913990771e+00 2.111598584621557251e+00 2.115866683916662605e-01
1.006655778170675974e+00 5.658554350265152522e-01 3.028646721523785557e-01 4.188454869253681045e-01
1.865174309001418340e+00 1.738039409938452406e+00 2.637636574969191017e+00 4.399233199924650894e-01
1.424066130750178294e+00 2.649136730544261020e+00 9.417346284724236183e-01 7.962139336089996133e-01
1.244340644693133102e+00 1.633810642435671534e+00 2.874581300425324670e+00 1.782700148123667061e+00
2.746039298244951521e+00 2.997868038387198730e+00 1.186538528088344036e+00 2.005490022729134569e+00
1.743711382192555615e+00 3.037618222759233433e+00 1.732831033345800797e+00 6.507663861783788972e-01
2.953489848107843319e+00 2.797419233405662009e+00 3.104015505197983416e+00 2.761952303858998370e+00
6.496311942266134176e-01 1.052531964554195953e+00 1.669807208603208748e+00 2.628565282641679435e+00
2.792659135831486950e+00 1.521644866947699626e+00 1.399759580771003042e+00 3.087873123711862622e+00
2.318412773732489995e-01 2.006442826015719216e+00 1.334615521131170324e+00 1.065610411640210531e+00
1.478203894309544131e+00 3.128875912157895289e+00 8.389388731830542678e-01 2.940631320562958617e+00
1.083202158495514128e-01 4.618461340665466763e-01 2.941235049780827726e+00 2.438102080955006024e+00
3.026989996407301042e-01 2.701682996688993033e+00 8.690017824918367939e-01 1.957474617814642714e+00
1.744793820854113386e+00 5.693415803326274949e-01 1.700929180607069879e+00 2.099153600469843894e+00
5.927780323051316802e-02 1.986244775204261126e+00 1.939893488052587323e+00 3.535153023679983297e-01
1.765315233377455106e+00 2.953723824161670120e+00 2.411369029670246800e+00 8.825136096114536421e-01
1.575735379979621875e+00 2.411741954742026461e+00 5.054379800014858759e-01 1.495320553002219555e+00
2.957515855658614079e+00 1.065862714479232531e+00 2.056833686432562036e+00 1.604119800079441438e+00
2.629014008014233017e+00 2.904280700573453888e+00 2.621505791691030485e+00 1.633424948098344931e+00
1.421174897330664821e+00 2.682481665824722583e+00 2.087168035638603314e+00 2.465700463545463350e+00
3.896364468205412712e-01 1.958858846112998098e+00 1.814535618712475318e-01 6.118694188496306419e-01
1.593071422879790144e-01 2.039572973208985118e+00 3.066750934522619154e+00 1.654732584039519727e+00
2.828845304692314766e+00 4.297400564620202923e-01 1.710391728549230050e+00 2.074163482481417020e-01
6.133407684787789416e-01 1.365260856269081335e+00 8.657042328683277610e-01 1.914672584605660255e+00
2.149760240261123112e+00 1.982100129677428990e+00 1.861602426382696018e+00 4.661392419953495209e-02
1.961550164455224454e+00 9.081046534325951658e-01 8.224428842239035475e-01 1.357182548205363437e+00
7.656102944930728293e-01 1.941706394609595820e+00 1.466633148686657950e+00 1.195898375389614771e-01
2.752696268882561803e+00 6.924789612318823506e-01 5.180333626395010604e-01 1.999098776794647481e-01
2.830046160556564327e+00 2.103146065745839621e+00 2.691180216244722367e-01 2.968150945800909657e+00
2.368910265422719430e+00 1.086087178937632791e-01 1.104499131418741786e+00 3.115143152182065833e+00
1.517543569012530957e+00 5.066082494267437619e-01 1.541432585709255010e+00 5.948608454131775192e-01
2.592919930575606546e+00 7.374094252600774668e-01 2.324644401213594058e+00 1.051244304492720438e+00
3.225646700290642488e-01 2.626203494087135049e+00 2.776194042836854337e+00 2.265901330632355215e+00
1.938890691321529358e+00 1.956220344829155300e+00 2.694384053780103372e+00 1.145877290049357233e+00
2.397445664604669346e+00 1.075242596380192373e+00 2.605572564435230554e+00 2.052749951405728801e+00
1.378859436438904240e-01 8.742820985905654929e-01 2.430677530039950796e+00 6.398571842386311381e-01
1.020194437215136363e+00 1.772733042055473218e+00 2.359271527672213153e+00 8.388702759095323369e-01
1.820837000690047391e+00 3.103653627024967498e+00 2.901773415864241201e+00 2.180943206877946405e+00
5.355919054324018713e-01 1.132370562990488994e+00 3.047462544624887304e+00 1.792494020826084000e+00
2.304582907880859954e-01 3.035362439241149346e+00 2.697587374411921868e+00 2.985986319311684678e+00
2.141081390606587309e+00 3.032244974012811678e+00 1.621270617504446399e-01 8.901404270335881996e-01
7.249927681832336879e-02 6.296561366973683904e-02 2.700164594937932261e+00 1.890317147790331109e+00
2.481219626830133862e+00 3.005091571988672827e-01 2.284181760554429896e+00 9.660698882663925069e-01
1.886402333340803317e+00 2.297747259155602961e+00 1.432189290009548310e+00 2.603825914506075367e+00
1.697543146929668678e+00 7.971132888369315550e-01 1.024236202637061055e-01 2.975732399541481055e+00
2.910143415164304415e+00 8.852842292257638857e-01 2.209523098287076603e+00 2.672872669357488462e+00
2.336163132643386486e+00 2.653938567708173046e+00 2.244985893399890742e+00 2.533531835613438421e+00
1.240484072634639778e+00 1.765497569100578756e+00 5.829691773952421219e-01 2.715162551070977148e+00
9.520651249875146105e-01 1.925254877819847499e+00 1.734217325246560248e+00 1.597563680725463842e+00
1.037257858176576564e+00 5.094014009033706047e-01 3.021251510423231590e+00 2.518902905860750607e+00
2.445478588333984238e+00 2.296016767345793408e+00 9.615946327930604554e-01 4.086759160412001823e-01
1.227480703355480429e+00 1.755538975221073272e+00 2.747698270827971800e+00 5.661195735532534856e-01
7.179213208107593225e-02 2.055799517416248889e+00 1.960907356550083191e+00 2.782357620254777286e-01
1.577260300544228500e+00 1.702425783704046403e+00 2.042896456190020249e+00 1.608674540712818013e+00
1.428600625923793999e+00 8.119209925230046476e-01 2.216076080296399464e+00 2.030852693881718407e-01
7.031222021385318266e-01 1.296222617556663792e+00 1.078387588920526330e+00 2.728090314009596451e+00
2.742483623478592758e+00 2.387314310706614151e+00 3.016625207985816015e+00 2.866611262639978008e+00
1.590204695582299266e+00 1.614030828255387462e+00 1.677024360138162473e+00 1.659284530121453605e+00
2.863356523052154046e+00 2.810446013042344759e+00 2.006110911006723008e+00 2.284504684708524636e+00
1.587365577012534557e+00 2.749843468635246424e+00 1.199659594060669271e-01 2.640963772294182998e+00
4.167435979830919068e-01 7.241950333907359871e-01 5.987976093486204743e-01 9.051960851097934357e-01
3.051658275760845918e+00 9.421831936344261527e-01 2.958446075891827842e+00 1.468741190676922548e+00
1.843857999795817104e+00 2.022446959114820308e-01 1.153992172059547183e+00 2.140362434950561887e+00
2.831085344103823953e+00 2.020368645518800133e+00 5.418654220289411683e-01 2.465457856069467546e+00
2.799895954591274716e+00 2.195683664191867279e-01 6.761001742952257310e-01 9.186223529777540753e-01
1.568244240413707358e+00 2.924830321724037230e+00 2.363452483648570190e+00 9.009977273445999302e-01
7.689536481493272069e-01 1.361107688925050407e+00 4.224378365414234171e-01 3.482624121783317594e-01
1.701529040123126002e+00 2.441906380327636683e-02 1.621378885485722954e+00 1.314914549379222919e+00
2.037380269151801482e+00 6.204700269571818971e-01 2.595695625750928048e+00 2.901875266673989540e+00
2.197680605032044099e+00 3.076068827890579449e+00 2.838781831933151256e+00 1.913957664059262820e+00
2.166953267358661783e+00 6.870638841196791136e-01 9.162020471284899603e-01 1.709382977442002849e+00
1.233905979397093899e+00 2.662314246600962608e+00 9.403186802980926240e-01 2.575561847198164500e+00
1.647799296521369472e+00 1.830815604584597134e+00 7.612896682685380556e-01 7.125340981862794409e-01
1.767896753055578474e+00 2.507292541400631403e-01 2.999394565393607603e+00 3.137666459941146790e+00
1.699882607036607318e+00 2.367285194925696779e+00 6.696335286206103188e-01 1.880043986056475047e+00
2.870507216687123719e+00 2.718215687246892109e+00 2.869395121709561458e-01 9.995573536427898587e-01
2.304173874015014167e+00 2.705157424397066190e+00 3.070131644160562612e+00 2.974095634518326037e+00
3.030402727323130208e+00 4.971922177600990866e-01 1.966938451326334159e+00 2.813570453574435248e+00
1.783807447975615523e-01 1.372806432051118630e+00 2.217594643084091821e+00 2.039226379615823870e+00
2.594228637107321322e+00 4.856965462747344087e-01 2.006026613428758765e+00 9.949826172953976644e-02
3.084037128283467766e+00 2.183064137815890593e+00 2.678924124564713072e+00 2.375987815995089569e+00
1.119954849480647274e+00 1.346906131732279466e+00 2.573838854844046509e+00 2.192931015542566531e+00
7.104727599240041602e-01 3.105932488551029769e-01 4.127179135328918336e-01 1.092294193297225657e+00
1.018976317076889959e+00 3.107811258863232839e-01 3.062364049283138101e+00 2.593417290855281054e-01
7.704840072094969461e-01 3.035896545400365909e+00 2.897963129376606162e+00 8.184165495308024507e-01
8.879341647720510045e-01 1.996379910710588179e+00 1.890149737648946004e+00 3.136792090652006149e+00
1.731454429796777994e+00 2.485766443923560498e+00 1.689799623864398193e+00 1.761919712477628963e-01
1.168225963543600754e+00 4.954721327958862970e-02 1.238925887462435815e+00 3.010130889463637160e+00
1.286223918809985545e+00 1.140322720220161345e+00 1.116522000898964251e+00 2.813930732823869185e+00
1.863825224249886725e+00 2.715096665718695901e-01 2.057265814660669712e+00 2.461096968249148365e+00
5.846992719236925318e-01 2.118522768641406984e+00 2.061731828474278494e+00 9.646231521635112438e-01
2.168267575952394832e+00 2.643056118999841608e+00 2.984265311632494200e+00 1.583208849261079187e+00
2.913951930832703319e+00 3.003933633511775891e+00 7.483808633987926173e-01 1.472660148171212269e+00
2.204152694408053392e+00 5.304417443871335403e-01 2.519032068609635688e-01 1.407874467655420681e+00
2.281297017868747723e+00 2.291345623725641101e+00 5.034042314449438393e-01 2.756281714873653144e+00
2.986342058229878749e+00 4.439889946626395245e-01 1.723275179404800683e+00 2.137385055199843453e+00
1.495376255427340428e+00 7.473077214252571432e-01 1.492864002995984540e+00 1.555550598171276278e+00
2.926375884857081111e+00 2.416062960213781974e+00 1.240235329065110026e+00 2.730539624718546943e+00
2.360751331210470538e-01 3.076007181426790194e+00 1.801200947321912826e+00 2.018782001906371526e-01
1.835918714861040080e+00 4.665483383220931368e-01 3.103527442596777153e+00 8.644721947602689305e-01
1.863560409340214941e+00 2.435109812959242337e+00 1.311554459355282365e+00 3.209182516875793700e-01
1.246605378915188966e+00 3.053458009127840711e+00 1.938664838486957809e+00 1.407819235488397824e+00
2.615463016251033057e+00 1.606899633338273015e+00 6.421478858823674862e-01 4.468346823309096716e-01
8.383711854672923347e-02 6.962947594538929641e-01 1.536069081319878515e+00 1.106319354615028061e+00
1.590906246652534550e+00 1.163905387431743765e+00 2.507504584490102051e+00 2.274386968110071905e+00
7.446323544509402259e-01 2.229795356342269219e+00 1.440411112452766984e+00 3.606832111365917970e-01
8.411391582815843648e-01 1.929747803516557392e+00 1.837334443113329552e-01 5.391622215368497839e-01
1.150736802279099386e-01 2.198371794607827390e-01 1.889421048699719830e+00 2.943962024701050062e+00
8.408418809203019872e-01 2.181799216124994112e-01 2.659387608242529843e+00 1.390726229532950775e+00
1.831465034506929657e+00 2.142669895372316002e+00 2.351867305151394749e+00 1.300186456974421700e+00
1.689912678216580130e-02 2.827507318719491014e+00 3.126429777393829657e+00 1.702547079283822873e+00
1.882991314190892440e-01 3.416946466466757593e-01 1.514198894582170274e+00 1.371274868775351541e+00
8.460656174545878594e-01 2.569499054625760337e+00 1.365412730670314767e+00 4.583152589276891509e-01
1.255325969962086008e+00 9.056032341572080036e-01 5.170164453093266665e-01 8.898225340188897770e-01
2.921550758832138772e+00 1.234812164416282165e+00 2.830889694450921645e+00 8.940083446112984111e-01
1.259617821844120078e+00 2.086722712958524628e+00 1.828976648990930931e+00 1.476231427391724083e+00
4.456124910934684547e-01 1.043040059749652526e+00 1.497975682095102457e+00 1.264149836791770065e+00
6.960849341138193314e-01 1.112454710619640075e+00 1.290264701638460743e+00 2.280360166008286615e+00
1.836160849439147258e+00 2.056805399000585233e+00 6.868591391556941872e-01 1.649582240575607317e+00
1.391357614244575158e+00 2.578014121278492610e+00 2.418417910458730891e+00 3.381217610216436659e-02
1.280973769827924658e+00 2.327617742201121942e+00 2.018949351067986342e+00 2.408042988521862160e+00
8.178930869192528874e-01 1.998777002113298062e-01 3.962605195969772787e-01 2.932967808797497966e+00
2.202692801128351086e+00 2.538969828083659230e+00 1.089407190969222894e+00 1.103780713416859127e+00
1.292663774045674785e+00 2.857749233792117760e+00 1.918293496293649092e+00 1.918769733027827717e+00
2.504222133647298953e+00 1.779849078416792407e+00 2.186719021886271097e+00 1.366859281208357535e+00
2.705997165051536424e+00 2.428958496857390070e+00 2.119383129129622123e+00 1.483623232990152641e+00
2.177159344547547448e+00 2.570176241923257887e+00 1.876402896689018454e-02 1.491806615598466192e-05
1.554767643006836897e+00 1.460895551024907979e+00 3.581263599100907857e-01 1.765456879322539585e+00
2.847894083636712370e+00 6.746875502063864882e-01 9.401776895960622937e-01 1.429449876091367866e+00
1.779887747411560861e+00 8.652406221488381233e-01 2.470013137055102170e+00 2.543817296914021586e+00
6.027590186829261815e-02 2.622421512958585055e+00 6.921582037365282547e-01 1.718860720153192911e+00
1.765649556895900474e-01 1.383260211796720540e+00 2.995239652353294701e+00 3.205270094593837826e-01
6.360207218282301067e-01 2.152502057395111024e+00 5.822459387495102501e-01 9.148706445530190301e-01
1.174792854217708404e+00 4.831939480906911610e-01 1.191968954446758433e+00 3.016726492922063407e+00
1.775477413486477474e+00 2.614427403368154046e+00 8.907258435683762521e-01 1.484467332251434790e+00
1.531196332478837796e+00 9.488039749882603013e-01 2.030733205146875608e+00 7.682510216717339802e-01
1.498968270080175191e+00 2.882856210009594022e+00 1.872772300545861413e+00 1.189502626493196491e+00
3.566681252756734866e-01 1.244857471333383758e+00 2.762369330375322285e+00 1.223876751067736746e-01
1.119303159797162550e+00 3.010604166572247831e+00 2.742690292000966146e+00 1.361052424999073196e+00
2.159794670119377535e+00 1.112018880628509621e+00 7.435769347705988297e-01 1.857573467425235991e+00
2.585588974438302934e+00 1.187946159322697259e-01 2.067121966457683424e+00 2.810731096087296876e+00
3.267553253997606544e-01 1.272257876654471875e+00 7.224283453609343653e-01 1.100451659782398117e+00
3.904680340346178280e-01 7.945322274114958727e-01 1.997354056596496008e+00 1.700016485885654571e+00
1.586896863450553807e+00 2.840615641467077457e-01 4.316520971046797217e-02 2.362612341699730667e+00
1.665140448023238129e+00 8.775297725316837105e-02 6.844232569643046715e-02 1.505857055084715457e+00
2.325332242130720317e+00 1.589520612424143220e+00 2.341181350807847839e+00 4.060871390324221619e-01
2.667039975767782067e+00 3.662437152153307646e-02 1.829960372264176183e+00 2.558904815887210304e+00
1.716696987255534435e+00 3.802824013664860558e-01 9.933619295921393422e-02 1.862871257553271098e+00
1.624529999055214891e+00 2.055286410309856038e+00 1.281090451654350426e+00 2.301502079541265733e+00
2.166393457774876463e+00 2.684764934460198704e-01 9.977360281154392663e-01 2.189681041769507619e+00
4.407233689976672864e-01 1.019276173748189240e+00 7.898803089772288288e-01 1.151110061515038807e-01
3.258989282462244619e-01 1.779939999258110195e+00 2.053827999252214820e+00 2.758431033281898426e+00
1.050566696539362077e+00 1.138162249489213851e+00 2.042814289541002304e-01 1.426439116899787640e+00
6.280052084751884811e-01 6.419047460228261004e-02 2.650222551369569413e+00 2.149618044189223642e+00
4.342922716025112151e-01 1.592785439860782803e+00 7.042436981239312555e-02 1.554973545195536877e+00
1.662445023325536883e-02 2.896615632531769347e+00 2.355053331722355425e-01 1.670207997889858964e+00
4.423380221237894205e-01 2.658728273492392269e+00 1.121325519567859752e+00 2.724003843661585211e+00
2.326076535360690478e+00 2.280457811403477031e+00 2.836604097683418146e+00 1.105148657442746041e+00
1.373376008042360708e+00 5.205538915476948247e-01 2.998473540696696915e+00 1.955038671030944863e+00
2.551308519913152661e+00 2.523344444913572904e+00 1.215622709636258625e+00 1.420663102735177485e+00
2.485733950731766839e+00 2.585088866847214284e+00 8.527645467880278218e-01 1.936940605607777588e-01
9.415162351920300376e-02 2.895491418130680561e+00 1.609361442297699840e-01 2.497453852889358838e+00
2.744671609266374990e+00 2.945060447328427422e+00 1.661785589969492216e+00 1.046800984869346030e+00
2.392939939209080880e+00 3.013159626601515928e+00 1.049191077810467165e+00 2.128195636011740888e+00
1.358276357906316179e+00 1.157215312498237614e+00 7.683252736137117234e-01 1.721970098945882155e+00
3.229196440005797641e-01 4.788933620564708171e-01 2.557410536928810818e-01 1.680369249324134007e+00
1.863686002580638545e+00 2.317255959979188429e+00 2.798227141433693888e+00 1.960303989524681656e+00
7.911783987488721914e-01 2.195133372990389020e+00 3.009592841532514385e+00 7.376021337227273156e-01
1.107836878773317713e+00 2.291320506690401881e+00 2.863374561742016322e+00 4.744160045015451410e-01
4.182761510871253752e-02 2.255776226960702235e+00 1.684098606490630479e+00 5.693274192111917875e-01
1.337179315990802531e+00 5.494325418643063452e-01 2.935140754069333280e+00 3.046251565002564998e+00
1.143418727343576968e+00 1.180329224140057587e+00 6.550245255899337371e-01 2.674578571925426029e+00
1.384669512889012521e+00 1.078814260568563110e+00 3.108528152347271423e+00 4.268095381959040591e-01
2.900827242015061369e+00 1.192303150691060409e+00 1.127581780356625291e-01 2.149754274748901239e-01
1.716282466407093255e+00 6.628937964189339782e-01 2.023440773881025834e+00 1.917822212416762095e+00
3.136220295847702122e+00 4.996402219628817004e-02 2.873994094755533801e+00 2.841397453774444859e+00
1.704965726195264875e+00 2.909976763499944052e+00 2.561865874754870376e+00 2.973241262012490616e+00
1.360545100873129520e+00 2.874958521203777817e+00 2.901568955844882058e+00 3.012972566676284991e+00
2.333653091234399124e+00 2.061907695592991363e+00 3.494417487855204230e-01 6.118279914995076174e-01
3.070665395816329024e+00 7.178456884943036354e-01 5.330330146144931502e-01 3.590047692176804306e-01
8.785843607831285151e-01 8.832676355211364072e-01 1.848986985092932578e+00 1.935144210024170253e+00
1.223362467313121593e+00 7.553328240781390646e-01 3.009595198352917222e+00 7.364958426527877799e-01
2.126637587401510654e+00 2.713521610513641491e+00 1.248227824403797870e+00 1.837663576693038481e+00
2.796350416020052965e+00 1.692940200654064364e+00 1.858708073085582058e+00 1.380604088308257760e+00
1.116153863779203448e+00 3.066575929348164475e+00 9.460326782927896971e-01 2.032255744906736439e+00
2.278371086533335088e+00 3.026717565946278832e+00 1.001117224409461048e+00 4.830197917568802568e-01
2.126085416500278769e-01 1.481632944914446970e+00 2.600333983644091684e-02 1.079760646745534070e+00
2.207442420731446031e+00 1.432275199499424723e+00 9.292696639818224247e-01 2.314459567741960822e+00
1.953315088542358635e-01 2.359997521520654562e+00 2.531215125609470817e+00 2.682383343416252508e+00
1.536123612871776789e+00 3.108042288280163046e+00 9.964511945159170159e-01 1.014073228835407514e+00
2.431869096996010171e+00 1.269173380004314788e+00 6.453063746407704526e-01 2.720916586165467166e+00
2.440087058568894296e+00 2.556355213228072465e+00 1.886784789215375069e+00 1.922227209557055394e+00
8.625239198327215862e-01 2.279864850879100360e-02 8.465694429220705919e-01 1.891663645611591837e+00
7.241252779910559711e-01 4.188742734735358964e-01 9.230559001852374212e-01 1.724378130629879324e+00
9.941557945084843473e-01 7.811316978316171777e-01 1.210779592508205438e+00 4.960412234941934950e-01
1.380929729986758892e+00 2.520481734988381461e+00 2.759088666442472526e+00 3.090460548217212278e+00
3.128699425582755378e+00 2.227365532115998803e-01 2.227359890821252630e+00 2.410031748023688802e+00
7.764921671185712748e-01 2.976621258703888273e+00 6.362462534700979999e-01 6.708998744324953245e-01
1.534078578468434984e+00 7.369571820305641230e-02 6.124787866254297608e-01 1.794883991009774693e+00
2.453989448613250968e+00 1.055957961431442049e+00 8.689829182580107725e-01 2.241564759124195838e+00
2.211604338943524706e+00 1.379861392663500830e+00 1.549951226690369666e+00 1.713908534711414133e-01
1.747189973637858218e+00 1.818164012380347971e+00 9.801445883194079278e-02 2.039811589445530426e+00
1.738909178101369468e+00 2.485011065673376152e+00 2.148489572656498758e+00 2.831702316908964789e+00
3.028930191312864562e+00 2.467647070961508149e+00 1.040949951062909884e+00 1.542856256548911897e+00
1.553470736632172944e+00 2.041724944631724714e+00 5.055138447866814877e-01 1.335862972296092632e+00
2.160810149714132322e+00 2.815739465919697260e+00 2.984829369805745536e+00 3.125363511605432798e+00
2.974624450168466439e+00 9.800227436776100254e-02 6.981029981949046226e-01 1.799974665131408302e-01
9.869026266413688520e-01 2.992494998975775200e+00 8.992942663922881552e-01 1.531871774994423507e+00
1.812762309086427770e+00 1.644354889568259426e-01 2.545104568647305943e+00 5.661283856406994497e-01
2.072608078598100256e+00 1.917555319052910434e+00 3.090548632853340916e+00 9.577960272674513886e-01
2.565253559871216282e+00 9.829927371224664867e-01 1.288591131095324360e-01 1.533238238697803180e+00
2.909943065443286514e+00 3.036308831126279362e+00 1.614870911430054345e+00 3.034556561543872100e+00
5.641571222948740250e-01 2.140872305368610728e+00 1.522665778312288776e+00 3.031727222398933996e+00
2.747026298496555441e+00 1.014206698189232397e-01 2.103592860215759419e+00 7.889502261616121448e-01
1.892642136810662068e+00 1.815947120403719417e+00 2.898806000077584155e+00 1.800298142191388395e+00
2.760582817110945886e+00 2.565690645922797941e+00 1.491192801428234294e+00 2.071441210644877629e+00
3.130988072869620442e-01 1.428937503304038570e+00 2.173683449763692987e+00 1.962635659339291072e+00
1.478476653498659310e+00 8.041876338491175114e-01 2.558054489245935592e+00 1.182431641542308176e+00
1.158992086071508387e+00 1.070388005636315754e+00 1.799955626710848078e+00 9.572088532179219289e-01
1.944325007779446057e+00 2.607400783984719084e+00 1.456167738716496407e+00 1.410511051069546495e-01
2.740887451393761776e+00 1.613947156212043099e+00 1.121323831196877174e+00 6.139300216344448918e-02
6.462897192644906363e-01 2.725880235641417126e+00 1.991059861528429398e+00 1.429643029598524295e+00
2.146981292178693490e+00 2.155676796756857971e+00 1.729508720411931488e+00 1.783217079778204095e+00
2.324800189652600491e+00 1.645381918697061074e+00 1.897620024439663045e+00 2.285222243162040368e+00
3.313732292036547511e-02 8.751124645124386259e-01 1.759586304495901032e+00 1.435650056387864471e+00
2.872215044256358762e+00 1.497565811878888375e+00 1.008910191695802094e+00 2.045205124287574172e+00
5.938241273611228888e-01 1.012118736551958831e+00 9.461564025326679728e-01 1.740835630315628935e+00
1.045111971466113454e+00 2.947724369025533253e+00 2.159251055913792072e+00 1.053767776939316780e+00
1.447302640737326618e+00 2.631508215699222220e+00 7.534076796670570175e-01 3.125206935671910102e+00
3.976517187833289446e-01 8.600973951232147030e-01 1.597556371959954369e+00 3.089442729979617219e+00
6.682395966486107675e-01 2.275358568531001158e+00 7.795665153105357792e-02 1.075657270081112005e+00
2.937975695319785530e+00 2.659273153803963119e+00 4.673159019845898321e-01 3.113300727991931360e+00
2.886664233591242468e+00 2.259358090241735395e-01 1.399098622905999623e+00 3.936945992265227789e-01
2.899514013454969952e+00 3.655437222776194983e-01 2.119584789307501271e+00 1.786728537786421045e+00
6.093622761721915193e-01 3.763283791445853343e-01 2.682519499546523356e+00 2.099100759767307700e+00
7.240401972028941424e-01 1.542857910578411929e+00 3.004398251418805010e-01 8.249649543670289908e-01
1.019353964127597489e+00 3.113055659176365619e+00 2.411481186539870869e+00 1.991044595880411272e+00
2.880001990722727889e+00 8.661100288351497589e-01 2.254841415263054483e+00 2.094336931264534574e+00
1.427588914016741928e-01 6.547678330557438198e-01 3.985052736006722274e-01 2.196450433760780641e+00
1.565672445914149780e+00 1.275303479345684110e+00 1.144252332044236375e+00 1.715103456117734515e+00
2.519084150729081983e+00 2.202798925787004869e+00 2.769451251360705690e+00 2.413348930480378574e+00
2.964875133680366037e+00 2.755781690158491948e+00 2.534016903588499847e+00 1.010950047922311912e+00
9.931691305323985253e-01 3.102834179749043741e+00 1.718539532224695687e+00 2.016257438990743278e+00
8.527903427978114625e-02 2.409699041988997703e-01 4.830528160823169270e-01 8.648560716424484873e-01
1.229986861263594689e+00 1.296035236047627714e+00 6.847556590736570969e-01 1.525438921444704610e+00
8.849751106439027737e-01 2.052758495234042080e+00 1.755661067190079638e+00 6.052661343503796809e-01
1.768605239433488130e+00 4.375402783502331250e-01 1.382052771076407671e+00 2.580407262690734171e+00
1.563265003066468761e+00 9.400323099208522937e-01 1.225014826957741665e+00 1.454496155193875095e+00
1.638180797178159676e+00 1.888536540932396202e+00 2.647648824313534988e+00 3.010922221242390950e+00
2.239830472990814503e+00 1.356841218316364284e+00 2.161306908631279722e+00 3.503862232123542420e-01
1.843986695968155676e+00 1.222622349376246281e-01 9.169405468049914854e-01 1.693558742355102842e+00
1.367261556554433710e+00 1.228720579494359116e-01 3.929947874257612717e-01 3.977982443594842987e-01
2.003637106628402886e+00 1.713658041705664603e+00 5.383977929237444560e-01 1.826972847636766817e+00
2.703497994175199093e+00 2.340001491514744458e+00 2.495274683454506981e+00 2.989202742281314773e+00
1.686090717632024116e+00 1.555103632544967418e+00 4.032316078657232628e-01 2.645756557160610978e+00
1.968516295260215987e+00 1.025776217388023742e-01 1.977718425117443113e+00 1.969723645306481197e-01
2.743062598078113368e+00 2.396517663697091682e-01 4.558551672562388135e-01 6.227172577691968414e-01
1.115809358977678523e+00 2.122769404251210634e+00 3.135583571393294022e+00 2.898871625741604063e+00
1.465582358322462753e+00 2.849649873833889568e+00 1.678328187506492597e+00 2.654594776097524811e+00
1.185523127718106640e+00 8.553659114744422975e-01 6.027042744488458892e-01 2.231797179841019219e+00
1.274660514848065418e+00 1.945094519253923071e+00 3.059855397317046588e+00 3.968362697668003092e-01
1.602154187320472989e+00 2.306866224289819467e+00 1.716894449056929062e-01 3.622241540841804608e-01
1.052039057022730484e+00 1.663042986645575150e+00 2.880669882910988910e-01 1.718941638956018148e+00
4.738888317318758481e-01 4.836269708830033265e-01 1.593051120222579220e+00 2.848384484504474568e+00
3.045167807857219522e+00 2.653052997402005175e+00 1.337221648680753328e+00 2.892286323285431227e+00
8.595081586732385981e-01 1.225817594425843149e+00 1.613600255615196266e+00 2.133037636245359803e+00
2.783867390288376154e+00 3.839128833839642319e-01 1.438743380883982015e+00 4.310806620314438509e-01
1.771870559451596439e+00 1.008215213689429346e+00 1.669744699239226637e+00 2.632430293871374616e+00
1.315357286770740375e+00 2.338792691845498872e+00 2.096320976083726695e+00 1.622461612595813008e-01
5.358080351073356562e-01 4.154310348433175593e-01 2.855620067708839027e+00 1.295764666998178383e+00
2.843794180768388635e+00 1.072183319716608185e+00 1.908881412111551601e+00 2.282414360950514087e+00
2.253596252678829792e+00 3.101754325993630879e+00 1.102888043714300714e+00 2.450823548399516660e+00
1.484525397835107396e+00 4.547035835226458100e-02 2.175458437097347542e+00 2.558508779725281901e+00
1.513088272562830960e+00 9.368607744439630958e-01 2.953209042875264423e+00 2.619702622715835094e+00
1.351134555036384688e+00 3.913800500608540234e-01 2.477089727749268278e+00 8.267783379625405216e-01
1.415929855737064313e+00 1.834832123436975992e+00 2.603027146282778759e+00 1.235544607084158475e+00
5.066606785571062810e-01 2.763309690214299952e+00 1.273518307626022139e+00 9.821601304644761443e-01
2.068065248227389130e+00 2.496950585278597590e+00 4.689819130790755519e-01 2.206614906356483718e+00
1.125054478197634183e-01 8.555660993404354819e-01 2.118072937843447079e+00 1.111894104924870508e+00
2.998162574496551880e+00 1.550928991994088513e+00 3.095928531160118347e+00 8.456541700293500607e-01
8.645702244134024772e-01 2.777480303766706626e+00 2.667636304888395316e+00 6.339925502183111350e-01
1.672665393952260660e+00 3.736507881317984725e-01 5.571410141329074389e-02 1.307846254040332390e-01
1.803701525769054514e+00 1.148680014996909526e-01 2.121098552559821382e+00 7.234891855466147881e-01
8.707773169465327090e-01 1.719925845694480593e+00 2.136989523085489839e+00 3.624627977695145664e-01
7.686740338030824404e-02 1.831311583346834526e+00 1.716178033244212475e+00 1.268150456230120682e+00
1.844925616531973844e+00 1.950625039784265047e+00 1.140372107068133190e+00 2.926511550388493088e+00
2.191807020092096714e+00 2.052723826838406040e+00 2.050565323916127003e-01 1.968540143900012307e+00
3.065722001058291291e+00 2.561675233111750494e+00 2.566504448113363424e+00 5.094943263725216775e-01
9.635541884455567363e-01 2.890959602887354318e+00 1.847136400129211431e+00 1.149982456699626177e+00
2.093557089599224152e+00 7.696165487328063270e-02 2.474880415633466502e+00 3.521787844438049875e-02
4.917327659573075826e-01 2.568176153765657777e+00 2.529078753353362963e+00 1.495285455481726977e+00
1.229310203933796863e+00 2.460429683525191813e-01 2.626427845618819035e+00 1.688606799349816168e+00
3.081611913801280966e+00 1.648733510157081472e+00 2.522033594563383829e+00 1.042470093373355944e+00
2.361607984805877969e+00 3.772839491839774517e-01 1.575833171994807547e+00 1.950374267454963562e+00
3.149637455070850023e-01 6.679298609619835347e-02 2.909155112252129971e+00 1.427648781969079739e+00
6.602715331821522593e-01 2.735653995609800937e+00 1.247707311011765130e+00 2.736627573296744331e-01
9.867342697702931043e-01 9.499922646659532122e-01 5.182482911482145793e-01 5.609548562999873145e-01
1.338950910108950287e+00 2.910254433284864994e+00 8.962132348509225244e-01 1.661379227965555261e+00
2.962369182810193902e+00 8.424342748125175639e-02 2.936917022453966020e+00 2.368737516029690848e+00
2.238159493008213374e+00 1.414227459880936788e-01 1.823787697025700538e-01 2.243315907577891011e+00
1.006442447200602164e+00 1.595795376314850023e+00 2.789074280203038381e+00 2.067598043600732183e+00
2.582534401596300100e+00 1.411031757776411710e-01 3.080647089926531024e+00 5.770262615220238256e-02
5.382265085443510566e-01 4.397780913649283474e-01 2.092468646908714813e+00 2.112907452640536032e+00
1.575714201641988055e+00 9.197793587685437755e-02 1.750830746537863636e+00 4.283456113918212571e-01
2.372283892106774594e+00 3.061461088847593270e+00 2.906606240209267167e+00 1.860299471698710017e+00
1.744054531238694805e+00 2.272991751159776808e+00 5.652655876127754553e-01 1.278483108426841985e+00
6.110307515858868221e-01 1.574668382996416538e+00 1.255719686249022304e+00 9.144939294786200712e-01
2.407925279630746207e+00 4.051401071189520420e-01 2.955768327030004805e+00 1.062060342107913474e-01
5.025526571254906871e-01 7.191188969565990297e-01 3.068135415307880365e+00 2.371964582567985591e+00
1.403796683327542594e+00 8.980364218859466785e-01 4.142448762894182512e-02 2.711393454780588463e+00
2.916584850771463344e+00 7.169764496319696034e-01 1.704828116071060551e+00 3.031031886134633258e+00
2.938008838765841624e+00 2.170945590425667149e+00 2.159613692804265739e+00 5.587310623615046046e-01
1.879849692038708220e+00 2.062790319105051839e+00 1.213945325812090692e+00 7.837181539868260938e-01
2.957802894535900839e-01 2.994609233862654207e+00 2.797451077752288739e-01 1.928243889881676942e+00
2.936854822968041123e+00 1.718978309044032260e+00 1.136818368545382762e+00 3.087136339250819095e+00
2.666068931265614950e+00 1.978594253999375274e+00 2.223863534336322001e+00 6.751753551731100034e-01
2.518791704122098629e+00 1.348995335805575513e+00 1.654425116581440980e+00 2.510056583485821502e+00
1.624467446038392771e+00 4.096870142245937485e-01 2.920402755189909882e+00 2.631603418764856706e+00
2.519064496582155588e+00 3.083011324975669432e+00 2.232534701993902360e+00 2.660687968466826536e+00
1.772662028064244943e-01 7.182367888749630058e-01 2.340363884518708470e+00 5.818491673557041333e-02
2.995982483544513686e-01 2.528675574156242778e+00 1.436084646429403255e+00 1.706435107309303589e+00
3.578691256198883730e-01 2.789880192456909658e+00 1.589277852438612415e+00 3.010484639578225874e+00
1.020983097471170442e+00 2.101267313283825544e+00 5.310485215740128329e-01 2.663861233875385870e-01
1.438437780838683622e-01 2.536593458904734977e+00 1.889837081502300453e+00 2.693212842520789962e+00
2.520044963389870496e+00 2.708198159925654380e-01 2.750492371048286255e+00 2.557441366913735692e+00
1.155325876161929166e+00 1.831920972363327571e-01 7.884851581677584376e-01 3.117375814291885039e+00
3.684377645469575913e-01 3.033111928401887258e+00 1.331092171596858220e+00 2.438470202410810028e+00
1.136141453889083053e+00 3.636245490241615808e-01 1.728570761962776592e+00 5.977787666748572981e-01
1.555757995512130690e-02 1.333884669797450018e+00 1.747617102823822322e+00 3.261980950654217587e-02
6.743998184734081303e-01 2.632341997377105614e+00 1.034861990271998211e+00 2.795889408515314312e+00
1.893519252437782407e+00 1.112163082627267707e+00 1.143195596005406545e+00 1.999307511323918929e+00
2.669851952377344073e+00 2.846740845682309118e+00 6.651202637716127075e-01 2.232137018522756922e+00
1.057740951394642082e+00 2.520131393316136670e+00 1.665983627488881513e+00 3.004957392851047349e+00
9.209473769483199623e-01 1.734212203158553844e+00 2.210368779186206112e+00 2.664920291649646611e+00
1.132875183033867250e+00 1.527739464458377050e+00 1.440550356514963104e+00 1.249998185017057839e+00
7.634584258108288723e-02 1.434347485815105072e+00 2.339743861297302718e+00 3.483263553106821786e-01
6.225432320334022274e-01 1.212965436371208128e+00 2.740426079923603542e+00 2.115945474788035074e+00
3.945711673338842679e-02 2.535833360209588161e+00 2.103010530936693989e+00 2.549812034295394270e+00
1.944388099619406063e+00 8.761112488880107296e-01 2.520466993348107643e+00 2.597504330899817582e+00
3.085095882327669958e+00 2.369915313004773871e+00 2.248399815307103644e+00 2.273202763018280947e+00
2.125773912226160522e+00 2.853443476890685115e+00 2.340422338969678773e+00 6.598094341315969835e-01
2.129261547547180167e-01 1.445525090187540496e+00 2.101752780103827156e+00 2.373625474715781891e+00
2.389766308213038037e+00 5.450428552004878656e-03 4.814139675438180999e-02 2.681518183244115949e+00
1.334960994615764118e+00 4.075436995108638327e-01 2.480762991948132434e+00 1.744649869943873277e+00
2.343277808161702502e+00 2.619180872232793167e+00 1.056868452621925414e+00 2.468620356017249495e+00
2.146076604448933445e+00 9.040559840465843822e-01 2.152792455687892570e+00 1.654492341332111316e+00
1.749336257554468865e+00 7.766179276646677510e-01 3.668115936577205916e-01 1.196492077829587553e+00
1.420061373448411990e+00 2.289174815603807644e+00 1.638668247595731930e+00 1.341406343469442541e+00
3.927197169336743010e-01 1.094907687449306444e+00 2.543227921311798756e+00 2.040121483357871135e+00
2.776093196539239916e-01 2.439592271514911648e+00 7.296284228705850472e-01 3.076713528119921381e+00
1.896492377417982933e+00 2.179596853974432147e+00 2.912746017240888996e+00 1.522325047328827674e+00
3.120041118821334614e+00 2.070057351333079332e+00 3.771876417148530836e-01 4.594108453552449012e-01
1.668021884320416870e+00 6.951259377195643241e-01 4.135466705667142917e-01 1.343561658784387269e+00
1.190751494431391277e+00 9.783463095561644174e-01 2.557482965152293897e+00 2.658636664477800782e+00
6.193594663136470224e-01 1.990545004152927344e+00 1.167785397304871964e+00 1.912991976665114613e-01
2.574344162858424045e+00 6.546233694828649252e-01 1.598659272564316725e+00 2.545349716346648972e+00
2.764506187820201077e+00 1.573494578748834805e+00 8.095036352783093747e-01 6.340439735681306921e-01
2.767678784713098139e+00 1.907736063650137925e+00 4.449073491304189054e-01 1.313616689406386984e+00
1.963624202577247013e+00 8.125633966463459146e-01 6.742893438647374893e-01 2.225147856610060204e-01
2.819311230095177812e-01 1.575288476008106509e+00 4.565599569836265026e-01 1.522107593634529188e+00
2.720863183027761867e+00 2.544666768030633186e+00 2.325249381965230899e+00 2.068365443840490148e+00
2.224163948357627874e+00 5.712827794597763464e-01 2.426674255929193613e+00 3.001454544972874228e+00
3.799109260259662668e-01 1.948071848658275762e+00 1.856300505773814224e+00 5.273299698486041409e-01
7.929583894641710762e-01 3.117300373451585838e+00 9.476678282202186665e-01 1.586479608114388373e+00
2.090341231291516166e+00 2.246675220599195111e+00 1.890960773982780951e+00 1.925241461957880873e-01
8.926135470894609458e-01 5.987610877944088417e-01 3.100807731423163016e+00 3.063657855663987739e+00
2.783084223934289891e+00 3.850722913183773355e-01 1.328091715527218497e+00 7.353595701240801807e-02
2.109251365836259495e+00 9.847580693974500310e-01 2.904836854979026217e+00 2.084750534861886107e-01
2.181045950023194901e+00 2.420972789413821769e+00 2.298095751773854278e+00 1.029339230780044190e+00
4.952522622129297281e-01 7.703620504691509607e-01 2.950834428257757658e+00 2.924406503608606211e+00
1.595471542147048449e+00 4.581959715678594613e-01 2.930696818785884172e+00 7.814967107452780448e-01
2.588411024936548177e+00 1.907213516402072706e+00 1.584748933714505148e-01 5.722403753950203731e-01
2.880749979706511144e-01 2.372442657072989292e+00 8.200958495083729982e-01 5.777869255094103540e-01
2.479198209651558571e+00 2.309986662844258465e+00 7.680615454845006462e-02 2.327907752386320153e-02
1.833957053188643105e+00 1.672706916502936014e+00 5.459507419718808707e-01 3.077092917865232868e-01
1.210823172407562875e+00 3.116497219493669757e+00 1.525046685683782322e+00 2.507356065755911301e-01
9.201068689618895347e-01 8.442181853319645768e-01 1.420407702251611504e-01 2.120264086295452266e+00
1.816415352236887965e-02 1.722279699404535958e+00 1.378422375459128491e-01 1.256122905487261132e+00
1.462939341420167905e+00 2.476720173190505747e+00 5.704882729459176405e-01 2.915162285829724365e+00
6.167000389020462769e-01 2.924100253796203308e+00 2.447887608784932723e-01 1.082298578858641447e+00
1.224205852090541669e+00 1.312067894061373696e+00 2.800442289337648494e-01 1.698902549906148751e+00
8.434595369460788916e-01 2.318693477479493448e-01 3.109283937716523116e+00 9.044145683795085100e-01
1.051488998631197713e+00 1.273537073658377317e+00 2.917901172543503119e+00 2.701983791389075407e+00
1.608252780936592075e+00 4.866958806403398063e-01 5.328543515493112670e-01 3.022962561539798809e+00
1.266040477005249409e-01 2.779244612032341966e+00 1.572996658305781281e+00 1.800687619512640891e+00
1.775967395836296481e+00 2.608192531088031618e+00 1.803706035992360235e+00 9.591813530412675037e-01
2.187862664955765535e+00 9.057187924117710009e-01 1.312497520041530974e+00 9.575696675475321717e-02
4.542096802680424816e-01 2.603003014064655396e-01 1.643553206296274327e+00 1.778452805149185023e+00
1.313127284206404788e+00 2.872461685330554015e+00 1.545601995536812989e+00 1.212021942230911309e+00
1.167369660646365270e+00 4.127114301282024389e-01 2.679960982716444118e+00 1.489773418040426733e+00
2.172651147328318100e+00 1.208399190281077562e+00 2.346009819149217357e+00 2.138083627146864785e-01
1.388448499367461064e+00 1.920296735922302211e+00 2.324143564459483016e-02 8.760110960496836352e-01
1.553479222086881384e+00 8.047679977040386179e-01 4.145278297381488342e-01 2.702777558362102983e+00
8.046301659130458139e-01 8.720528076732051437e-01 2.536429581266100630e+00 1.845945783387641093e-01
2.206911770388135352e+00 7.901445566625690808e-02 2.403689519348691794e-01 2.444978856218377850e+00
8.576990128297082849e-01 2.562842872131445571e-01 2.248663269356115713e+00 3.925018417599236975e-01
7.828336125645085630e-01 1.115782235946613410e+00 9.350435430951617999e-01 2.210035376805248308e+00
2.605891969190621271e+00 1.196345442447038776e+00 3.334030423561148426e-01 1.757436281755431429e+00
5.911032558100909329e-01 1.479373098056698810e+00 6.582294484437200000e-01 2.708062512463292215e+00
2.531665353886431546e+00 1.665089322840853203e+00 1.718774975581127906e+00 1.871524356039888426e+00
9.352879195489751663e-01 6.999106151552415556e-01 3.054848105051480855e-01 2.415700980615460125e+00
2.888042338968668687e+00 2.517038447180723448e+00 1.402364720382479835e+00 6.348075329119937660e-01
2.986326200533115482e+00 2.482632046014400018e+00 2.927731065229290053e+00 2.603928819259703431e+00
1.569118586492167289e+00 6.888285076339422108e-01 2.487919589593283742e+00 6.987383287587257685e-01
2.496399027411120297e+00 1.239200062667527469e+00 1.225695724311539614e+00 1.989473935711782160e-01
6.745309696000832966e-01 8.369827635501291274e-01 8.342731994028017573e-01 2.874961763941005222e-01
1.297756922088452169e+00 1.906442389324709774e+00 1.412553939836547423e+00 1.939020810272391149e+00
1.311624229593934876e+00 6.563521880413512866e-02 1.469843820213615482e+00 1.496035869715584887e+00
2.366004689211433920e+00 1.939471955745389331e-01 3.077559446157183132e+00 2.198584385911968475e+00
1.825814832063874737e+00 1.779835715356170134e+00 2.167968597682333076e+00 2.349375479792636057e+00
7.292603121710347081e-01 2.448421088468203610e+00 2.001128562861660409e-01 1.268777174242924799e+00
2.969038222112151626e+00 2.496110958836038063e-01 2.409025875571431552e+00 2.465843884545093623e+00
1.466655310985421234e+00 9.086104435743576069e-01 1.012877150320582453e+00 3.129086423818526530e+00
1.568529740640485892e+00 2.638331451536456207e+00 2.844300478927122455e+00 2.509468421194175347e-01
8.252302127478903238e-01 6.296154960558544289e-01 2.782746301529658073e+00 6.686650901983718365e-01
1.654958483679851877e+00 2.196040592938182545e+00 1.963830729404443698e+00 2.087208924782967268e-01
8.293643155451084770e-01 2.264243007440456257e+00 5.259591486338616173e-01 1.964072613881055807e+00
2.300912450006605603e+00 1.509573107173853401e+00 1.901589882002539866e+00 5.025299648190628687e-01
1.134446668867392788e-03 1.386218596405946357e+00 2.536312121331106173e+00 3.119206508204258821e+00
1.083535670521042382e+00 2.751662303352143013e+00 1.609041175815572489e+00 1.402921295387917544e+00
1.693959565927486643e+00 1.386585639603039155e+00 1.890060916185653195e+00 4.591886434262522632e-01
8.051271322001540831e-01 2.520316506410102519e+00 1.202457938600284715e+00 1.992575720986697219e+00
1.389853623267448990e+00 2.913647022934864328e+00 2.032468175478379102e+00 2.225452076662079171e-01
1.501781260401312323e+00 2.102457205824949327e+00 1.490159313321402834e+00 2.613919004663191714e+00
6.060414622986163603e-03 1.050602707052340934e+00 1.852069746914886350e+00 5.310349808839612828e-01
1.941810080615247402e+00 1.478711909518123813e+00 2.553989636100382654e+00 1.308287799068736046e+00
1.485361128866667269e+00 2.680284017914160710e+00 1.235303354381675489e-02 1.287908528867159230e+00
1.223204991587792723e+00 8.679079855778686348e-01 1.867130140536301885e+00 2.131681753754469000e+00
2.141646038699151156e+00 7.725005205354233684e-02 2.145825600220563345e+00 2.990072995452173643e+00
3.618326664377414792e-01 8.424555474236008479e-01 5.021093162615803962e-01 3.092084675021597562e+00
2.076997978147143264e+00 2.013674774591140970e+00 2.583362326368341400e+00 1.476705503608278125e+00
7.494540559288735970e-01 2.066644343110520587e+00 1.369094420118163180e+00 2.739051422209386466e+00
2.184558059931504204e+00 2.810087582580965915e+00 1.041162292292489466e+00 1.955882217320106919e+00
3.034429718705600632e+00 1.416820627754477702e+00 2.175126608532845118e+00 1.690209968425327780e+00
3.069689539611070828e+00 1.285228688080542359e+00 2.054629349189959875e+00 1.187902212258112655e+00
2.090385406203113750e+00 2.985703291631399026e+00 3.732849894851730244e-01 2.969569911165574894e+00
1.446350546680106763e+00 2.829388852175676927e+00 6.045039579847851785e-01 3.044671272454453792e+00
1.884885335071231571e+00 3.020448700017150045e+00 2.275214359895357141e+00 3.003195552303419280e+00
1.492219528250544380e+00 2.580537761794927221e+00 1.100803256843565725e+00 1.809172181177892469e+00
8.525368367583712192e-01 8.681027934611356134e-01 9.222247163185185448e-01 1.452904481809983217e+00
2.694993297389059350e+00 3.354677735825308260e-01 6.350472114486622743e-01 1.845121278511330898e+00
2.068082744488449531e+00 1.542264047658582715e+00 2.957604764589703894e+00 2.550884316923586859e+00
8.201374471210020056e-01 2.133546015965302800e+00 2.100566086462422710e+00 2.512745330542075273e+00
1.814577473980661493e+00 5.730377200356255862e-01 4.260287516425130816e-01 9.055927154945653257e-01
2.944246325126392616e+00 2.068920609704269609e+00 4.853856204019781351e-01 1.059124098937114011e+00
1.320592459239681382e+00 9.071459490594377950e-01 2.993619998801661186e+00 3.015220303576814143e+00
2.727426339590051541e+00 1.863349181782808783e-01 2.750638762934756176e+00 2.667999899512702555e+00
2.345762451697263884e-01 8.636660174887783592e-01 4.592595805405428888e-01 2.542027720379365086e-01
1.770703785684065945e+00 2.147377851558227579e+00 1.283744399440304162e+00 2.991056266681789144e-01
1.497266786804746674e+00 2.424875498659682105e+00 1.230207610119333106e+00 3.008965821150070497e+00
3.081676714983737853e+00 3.008660502375551715e+00 2.531136755123247539e+00 2.963411931417029521e+00
1.970313486428558081e+00 5.408127980779905419e-01 2.399718719600298478e+00 2.474291862682628906e+00
6.706480710799191947e-01 2.253482743115208464e+00 7.236636087571954312e-02 9.282881632988023712e-01
1.042620873528084413e+00 2.378621651879190502e+00 2.115531047713916646e+00 1.399839056739355936e+00
1.145460632597515627e+00 2.103341926044692389e+00 1.893300507578117076e+00 2.603018211440326191e+00
2.493694209807550521e+00 1.081008421724243718e+00 2.592326420484092342e+00 2.435353477919373621e-01
7.806264661546656880e-01 9.974420835038899646e-01 1.316938566236842911e+00 2.581175725363768159e+00
1.863023472396895031e+00 1.885985901669770426e+00 1.837342429987917303e+00 1.738034753701422019e+00
1.815099566205181869e+00 2.103262192197409508e+00 1.017244269993968331e+00 1.068844761202014437e+00
2.496390411553583710e-01 8.215288140781551451e-01 2.251345484213028492e+00 1.962011554187746754e+00
1.293593588270479433e+00 2.835716588699292107e+00 1.274215872566842211e+00 1.774228925670338519e+00
5.229854680953235357e-01 1.970324087836113680e+00 1.499448591348750526e+00 1.231802620737169063e+00
3.167277958514224112e-01 1.958220174890935167e-02 1.817744819336379603e-01 2.720716052364793747e+00
2.733050687629097197e+00 1.625591479160255759e-01 9.346509663677425861e-01 1.412022270623730202e+00
2.782337668470320491e+00 1.044468844998930779e+00 2.852303188134893919e+00 2.188681650019182356e+00
1.180373900386903152e+00 1.214510942544343441e+00 2.626049002908948715e+00 3.068290207096563638e+00
2.279017049041468290e+00 1.576053372701591959e+00 2.452416557371271399e-01 2.073007085551147544e+00
1.053379307423873978e+00 1.254412209638120945e+00 2.849893812036525809e+00 2.033994840948934790e+00
1.011647896779643618e+00 1.757941041561646850e-02 1.897224620295857811e+00 2.020760277947132977e+00
1.760972808375305343e+00 2.883965643086444874e+00 1.271602199786388665e+00 2.315232806742311134e+00
3.551055580099501952e-01 2.686920217017123025e-01 1.435689985564690740e+00 2.407377591177131126e+00
2.571728718718217177e+00 1.737367599325840839e+00 1.702247115450210790e+00 1.069968283558591082e+00
1.394535515871745179e+00 2.527020510645032303e+00 2.133290618819219553e+00 2.035596540258529430e+00
2.822433006108079123e+00 1.510846966193593044e+00 1.699034463968807307e+00 2.350047291418406736e+00
1.478942346875154135e+00 1.115338087127032862e+00 2.433758989997479194e+00 3.064208890694741783e+00
2.250839236844017321e+00 2.420082589348055535e+00 1.023550905406532152e+00 2.219594442214957386e+00
1.751150573735833271e+00 5.532606900047644105e-01 9.195262622731271707e-01 2.852537774415909944e+00
2.442118554798388352e+00 1.234656583552674158e+00 3.021014927490749624e+00 8.251670918694314905e-01
6.311705258375691630e-01 1.097720712317565572e-01 2.599829529921468652e+00 1.345085609073526811e+00
2.536532069703989478e+00 2.873226780353745458e+00 2.153521957962398758e+00 7.845400301472785776e-01
5.522028004071797280e-01 2.946219851797224898e+00 9.198911939235323576e-01 1.688628227696276352e-01
8.407067780101240562e-01 2.548419697021768293e+00 1.180359996933551869e+00 1.158871775324261666e+00
1.524324272623860610e+00 1.905640299539689275e+00 1.833004007700467453e+00 5.515379652448750697e-02
1.442358990256815021e+00 2.859925262599376961e+00 2.740390952519898615e+00 2.414795228392119242e+00
1.996181361476926597e+00 2.320470757071368073e+00 2.895339010144606373e+00 2.420054443110806475e-01
6.917923491673784175e-01 1.549442847790332145e+00 2.048922274305597924e+00 1.132382482432794157e+00
8.326856856994268030e-01 1.432730319033414634e+00 2.150826746715943649e-01 2.553205444524501377e+00
2.571685583524169871e+00 2.466426187747888576e+00 2.495492464281829026e+00 2.188682831728562039e+00
1.972096184691845222e+00 1.470759628080431591e+00 1.348936222877145985e+00 4.647933935115288739e-01
2.682516643701297721e+00 3.932241196945737149e-01 2.302197472832517189e+00 1.588794040752294690e+00
3.251494076068078831e-01 2.913153254916137858e+00 2.811191065811168510e+00 2.354755928590240188e+00
1.039437247489210403e+00 1.909971618430705620e+00 9.804536002752829438e-01 9.086655058024907250e-01
2.358417671320951037e+00 2.759954119633423630e+00 1.440512239825494145e+00 9.138636948530378667e-01
1.047356018048723580e+00 1.545442771225955081e+00 1.558294675065808654e+00 2.125781893681715218e+00
1.513102420232790513e+00 1.843739926595650669e+00 1.901261635242949666e+00 1.134254658309451935e+00
1.805442914046018865e+00 3.040033050657310998e+00 1.227136825990458258e+00 2.490207405839900634e+00
9.649358019278293508e-01 2.065134117933884017e+00 7.364106701311979863e-01 1.331883872800202484e+00
1.891874254547972090e+00 1.732065351518032426e+00 1.458874809877160894e-01 1.604211184991846950e-01
2.412767975328758752e+00 1.796105841924350521e+00 1.496026460240284184e+00 2.675488051822549895e+00
3.758180019974284858e-01 3.026624156078166372e+00 1.270170626227262289e+00 1.640291064943495136e-01
2.428165366957258264e+00 1.739327108035560177e-01 2.995768429856456194e+00 2.355502482091050842e-01
2.630406190755393059e+00 3.013561795410228950e-01 1.245916788051629531e+00 1.622596896036240799e-01
1.014488653903562465e+00 3.133415608865527613e+00 1.602377689379135939e+00 2.651162052945913672e+00
2.197666170152553722e+00 1.073753732607882982e+00 1.327178826155561930e+00 2.011795280135889319e-01
1.630468547609762231e+00 6.068732695204881455e-01 2.146477779455473023e+00 1.766195884541398309e+00
5.316992603616074037e-02 8.917520154374687369e-01 1.749985411420752257e+00 1.865888166491386002e+00
5.499840506252088312e-01 2.558292601782683917e+00 2.042002425514267916e+00 2.804247544282510329e+00
2.785864852439758010e+00 2.640787701090526074e+00 2.540021286924795785e+00 8.291080048782538681e-01
1.117299920145061964e+00 1.638845954949321282e+00 2.916056968973793406e+00 6.720329082992921865e-01
1.303306749792275232e+00 1.562977179909703862e+00 4.945429411170287892e-01 1.825318006541688298e+00
2.928379370694491612e+00 2.901306539876805424e+00 1.859931859506523288e+00 2.450981500831123761e+00
2.181199970482259054e-01 2.886047338588002109e+00 1.367490280687601700e+00 4.048464727240336930e-02
1.234410953389403875e+00 5.566995259014125841e-01 2.846356445279730529e+00 4.935293340735413259e-01
1.832995429797667164e+00 2.292253477811205364e+00 2.659542462805009055e+00 2.548138601647722101e+00
2.594342383545435116e+00 7.510217345898305419e-02 2.700387557316849207e+00 1.121299608087973576e+00
2.782388154073128117e+00 1.710500249110690624e-02 4.640303685774257447e-01 1.296800806296018127e+00
3.110447269440577145e+00 2.697192090791637575e+00 1.444473060478929760e+00 1.059305176058349396e+00
2.263259912209912184e+00 1.904103120200995924e+00 1.935898490182120346e+00 2.004187358603272351e+00
1.087367188060399531e-01 2.767211216941960927e+00 7.390775367164386100e-01 2.845961782774664162e+00
1.058347603754738048e-01 1.698316097653372436e+00 5.328879953380755152e-01 8.100468225473894668e-01
1.492257680132136555e+00 7.220388621463638135e-01 2.469383448848308404e+00 8.686154734684551348e-01
6.066407447849891943e-01 2.112843866155903694e+00 2.864443878774185492e+00 2.875163448657600540e+00
1.740200331134354350e+00 2.601270992028203111e+00 5.306131107554513671e-01 9.316864731240678266e-01
1.436053828693514056e+00 2.980342731433805792e+00 5.940321037397294779e-01 1.972983738047066282e+00
2.104924543926664782e-01 7.007419471081696161e-01 1.494276599223308022e+00 2.725521204051284396e+00
1.796374977981229248e+00 7.658749008408047843e-01 1.261462157170198717e+00 1.087039220440190856e+00
1.536474692381065710e+00 2.300784840655451635e+00 1.416701199490539187e+00 2.816744205522663691e+00
6.348219292703390915e-01 4.064694256812032003e-01 2.378471902948483763e+00 4.382143464733535554e-01
7.814646371440068240e-01 2.741433718147455179e-01 1.796616828320698023e+00 7.586732288237016952e-01
2.711523562777308882e+00 8.157216441933489159e-01 2.653245179019311895e+00 2.850635440370520080e+00
2.107454273809506340e+00 3.058009356693708547e+00 1.435150051153828876e+00 2.118596318708928283e+00
7.645627779026377135e-01 2.317616498996810659e+00 1.333104035487030492e+00 1.339136563137735658e+00
2.150690129245467208e+00 2.295768571527797786e+00 1.561964344715457143e-01 2.127328480222134832e+00
6.440477335467643671e-01 2.025031989353785811e+00 1.182925859702911753e+00 2.566691205269497456e+00
3.130503643792665880e+00 2.974250625995159325e+00 2.349647241275638176e+00 2.152073227305799641e+00
1.924822507049724019e+00 1.245908315803605282e+00 2.819546488407072449e+00 1.161320560325604712e+00
4.984826731923283627e-01 1.350269424907167171e+00 7.794472343316264373e-01 1.108279072120293529e+00
1.335027302083278355e+00 5.077872673813229598e-01 2.523285849897278776e+00 1.641767208104410347e+00
2.142413451317387807e+00 3.107806485313646228e+00 2.692907733559442462e+00 2.315298267966647394e+00
3.064663121651880928e+00 1.711562340623999701e+00 5.464721324181986972e-01 4.745931857101617357e-01
2.747706088926434642e+00 1.828577779354971344e+00 1.878668530892256161e+00 7.563635486276436559e-01
3.044488876415047063e+00 2.614378839079031014e+00 1.281568539832361964e+00 2.004009029220683580e+00
2.226794677052820859e+00 1.859031144909035760e+00 1.442930815889824636e+00 1.233100996230366952e+00
9.083955993930793449e-01 1.044880435625570314e+00 3.095380292950320467e+00 2.943450433305123681e+00
1.534297702083018411e+00 2.908563901274582975e+00 3.173264302066420295e-01 2.822225074883047746e+00
1.642926208331598081e+00 1.196301376154015550e+00 2.028327225001782530e+00 2.828818784991375068e+00
3.196387776211155329e-01 2.111450106349937794e+00 2.943210908920243174e+00 2.162371434265039305e+00
4.506898977302611908e-01 7.760993769662499764e-01 2.138938225433156148e+00 7.289054540419728223e-01
2.515687765512716112e+00 2.882573605015183116e+00 1.734937886274779517e+00 1.114111789183567514e-01
1.769616458257348368e+00 2.055642826943409940e+00 2.817759394063711120e+00 2.187533405150965393e+00
9.552939062831724559e-01 8.704865977988810455e-01 1.534865456067442846e+00 1.622263398983403437e+00
9.572954615689563962e-01 2.556628053106454690e+00 2.567760191152754778e+00 3.108948674858546646e+00
1.302054863901455528e+00 2.617152443184528998e+00 1.558194700790761056e+00 1.325840690731657112e+00
9.136359982359952836e-01 1.063701650284528011e+00 2.406864719273268172e+00 3.736518843562057768e-01
2.593123080419557080e+00 1.775795355627230787e+00 2.443729572469202971e+00 3.701885604187483136e-01
2.542583043458555014e+00 1.809447203080967403e+00 2.567140692371823629e+00 3.135330442440352527e+00
1.291011805016307301e+00 1.224322476406685345e+00 3.019561602638809017e+00 1.649647914420721229e+00
3.108208488223902943e+00 2.133019525998292920e+00 3.061979877966039432e+00 2.337851134459285607e+00
2.466899123355411838e+00 1.910925553028815393e+00 2.135189836337577418e+00 1.125799346962954361e+00
1.992592745751917915e+00 1.648303423861733341e+00 2.106672416091547095e+00 1.102886664594015798e-01
2.978675543999710129e+00 2.998755474234713336e+00 1.423026520075245660e+00 3.607620164487210790e-01
1.619845166531360459e+00 2.249106919513730762e+00 1.176596045956489617e-01 2.951136565427639358e+00
8.169360358658211974e-01 1.271522628020728574e+00 9.798123180975409907e-01 4.466404762557356356e-02
2.590792935762850746e+00 3.060940718785891690e+00 2.398055723673378381e+00 2.001227079716115131e+00
2.296588040423409360e+00 1.870956009452439117e+00 1.495014202102842304e+00 2.882205985295952289e+00
3.324691172919273519e-01 8.349112892272160247e-01 3.130136746104660972e+00 2.575911229988998130e+00
2.061234914248152528e+00 7.838303997525876143e-01 9.003808267650686981e-01 7.889953609608195695e-01
2.834564266305000135e+00 1.267086284351716996e+00 2.274926522829523179e-01 2.400991021386366109e-01
9.915198055459782944e-01 1.170295988025768619e+00 2.590015878129184212e+00 2.847946008673053253e+00
1.649798809179898296e+00 3.284415991313597849e-01 3.137481136073752008e+00 5.253170009933558759e-01
1.096277895306452033e+00 2.017951323553755394e+00 9.195182729458453164e-01 4.080607624588594162e-01
2.284568768198197208e+00 3.135232526647492302e-01 2.740102614489758337e-01 7.365842423239454817e-01
1.378438404700426556e+00 6.488904103438866700e-02 1.551268442333191944e+00 5.604298860150416228e-01
6.454670557546908771e-01 2.726156941473965478e+00 3.942406486769496898e-01 8.130805305770655300e-01
2.324520569539193282e+00 1.496849579769736316e+00 1.292159082700587769e+00 1.151466716477276053e+00
3.139042028833633591e+00 6.138465371178453145e-01 2.034276843628171960e+00 1.341041224986480263e+00
4.234599309098001640e-01 7.839908690018174697e-01 2.357936202115323177e+00 1.234563184545441061e-01
2.957103228704543785e+00 3.459018823419660049e-01 1.857184851138457216e+00 1.428949289628612895e+00
2.812236929774812655e+00 1.081017613778455733e+00 2.108636983631174910e+00 9.342267342157344057e-02
1.448760851796783156e+00 5.449102727509957944e-02 1.044476678042056239e+00 7.911627721679141967e-01
9.400638116277985068e-01 8.803463267761219013e-01 1.931043307028976752e+00 2.403959714887206056e-01
4.973582361881063174e-01 6.775106797415332283e-01 1.984200357923564750e+00 2.251502645497623245e+00
2.395561933645886654e+00 9.290980898654376263e-01 2.418113590477760866e+00 2.573959114537451853e-01
1.862720311713054411e+00 6.100021138751353655e-01 2.965715526631390042e-01 1.723926612736983444e+00
2.192596755410547438e+00 8.490015820709516658e-01 1.576707883307777447e+00 1.145572519482440654e+00
1.143868463642326860e+00 2.096500170705485999e+00 1.138452942337436102e+00 2.218763630273369536e+00
2.786915125913280278e+00 2.382749743204148896e-02 2.614611231808716241e+00 9.741889222833153283e-01
2.219000339037058733e+00 1.596750320262807943e+00 2.003417690233316062e+00 4.542508257974396668e-02
1.208149909032421254e+00 2.263287054476140092e+00 9.390287363658266218e-01 2.909705508813272612e+00
2.710333252445034091e+00 3.140191968723152899e-02 1.168688928583061060e+00 1.693034896576007586e+00
9.988068997908897129e-02 3.098465981095189115e+00 5.560200945951905283e-01 1.211676347433561229e-01
2.215321361600943284e+00 2.289955529407633250e+00 1.500522968752528996e+00 4.185423590084188517e-01
3.064867579145739818e+00 2.072515276004073481e+00 3.992490115449062044e-02 1.165892721107088414e+00
5.581736870860614097e-01 3.681259662416280776e-01 9.121527328431746628e-01 4.570045495451525719e-01
2.784129649400850059e+00 1.956384669685103050e+00 3.071677151082923718e+00 1.716429721590475133e+00
1.068793551370046946e-01 4.537483855510243691e-01 1.432553419642707215e+00 2.973925357402289915e+00
2.284550162748090418e+00 8.066582275337579322e-01 1.312893861081112945e+00 2.997336948680017765e-01
1.521069586251221351e+00 1.547581477454412990e+00 1.228526172407293782e+00 2.774904077338154806e+00
1.319740763287904572e+00 1.058163608363919872e+00 1.083523420195702247e+00 2.982610147608911522e+00
2.785295117403550957e+00 1.919349779589080429e-01 8.129362422635267871e-01 2.799462937559320519e+00
9.034182639333090403e-01 1.896600949427251992e+00 5.238258856365626270e-01 3.565826501712242580e-01
2.970581824631035595e+00 1.877185211876031046e+00 3.238278880036054574e-01 2.924506836171780755e+00
2.256510854420253676e+00 2.292319248017524735e+00 5.071568764142679875e-01 1.994971565372294364e+00
1.922589111515522475e+00 3.795307592693931142e-01 1.399648314281342287e+00 2.481601657872960054e+00
1.571463466698015843e+00 6.969067310770262758e-01 1.535161803734879316e+00 2.761892141359352237e+00
1.346476313662381852e+00 1.967337786829148838e+00 2.592242315636072103e+00 2.824041508574319792e+00
5.389441864247894731e-01 3.928767387107839903e-01 5.307286055712464590e-01 4.296904368351772696e-01
1.761077942454442047e+00 2.688949844097991981e+00 2.502379869723060146e+00 1.074359523188993970e+00
9.937266729598897008e-01 2.127278278420264623e+00 1.941800489771925153e-01 2.151562180493665100e+00
2.684551149178688867e+00 9.220094229661285334e-01 2.782293383984010937e+00 2.012252590212807224e+00
1.968742135602808752e+00 2.263447585598812761e+00 1.991858224118496556e+00 1.390129640009636069e-01
2.694131493010158085e+00 1.941441015141038395e+00 6.316107164421397302e-02 2.481865353393771567e+00
2.041939005055636080e+00 5.408954336349987013e-01 2.424916292232245141e+00 2.509843320750118068e+00
8.231227109972625300e-01 1.793146232559976960e+00 2.671207382610524483e+00 4.398241083766120663e-01
1.280425008672703813e+00 2.836545584554035493e+00 2.887073542426051187e+00 1.462357722271394378e+00
1.714737851995016826e-01 2.220001197012956062e+00 8.536969204329489802e-01 2.904427566431791785e+00
2.917774881803876230e+00 1.397428178078627958e+00 3.132191600988815772e+00 1.207248250840903703e+00
2.305073941285711303e+00 1.520443862414328828e+00 2.173732989677303051e-01 3.445034370955663006e-01
5.005582786277297247e-01 2.119930500815918162e+00 2.648912641606027130e-01 2.165358393918173363e-01
1.885893222016364223e+00 1.933434575104659991e+00 2.205040779680336627e+00 2.873883354650810240e+00
2.471349725694472199e-01 3.377252991163087192e-01 3.770730115794538456e-02 2.521386988512542171e+00
2.032482786336705427e+00 2.763539173680098493e+00 7.537220404029582044e-01 1.177441576434395287e+00
7.302883520216537638e-01 2.838005737578878751e+00 2.323996693015500714e+00 9.085162064552875227e-01
7.358067255387882311e-01 2.241505682858312642e+00 1.177757715748644962e+00 2.882252940330298774e+00
2.543107106848250254e+00 2.552319163184702866e+00 2.992131310697773827e+00 1.169689992162880499e+00
5.858844139346143232e-01 2.858396006432980307e+00 7.682026365733966022e-01 1.064121464120972860e+00
1.446294903796610853e+00 5.405904616489419501e-02 1.769282018635648823e+00 1.838557267107875592e+00
1.692313845221806057e+00 1.741578259008997431e+00 3.102132254978739567e+00 1.461268857001480903e+00
1.464732779221066483e+00 8.824847381811659064e-01 5.227844164855258713e-01 1.604317585538544533e+00
2.438445527512013822e+00 2.273331640986277602e+00 2.296763491174452998e+00 2.372757446405278081e+00
2.211724591983483257e-01 1.890078240463139769e+00 8.167927157214850686e-02 1.983476503762026666e-01
1.175502824298059412e+00 2.728430733847605261e+00 6.522837001952730418e-01 2.492454313862402238e+00
1.361320903259346293e+00 2.692469308827394769e+00 3.730325222932590057e-01 1.079403394803573057e+00
3.194864308471962594e-02 1.673891239033220124e+00 8.211457690735911585e-01 2.829706767118050692e+00
8.058220751839419993e-01 1.790096008227609614e+00 1.128665625115400362e+00 2.914945324677465255e+00
1.152449734534972459e+00 1.116356804001733094e+00 3.446033799575242695e-01 2.961456511342908993e+00
2.504868115447953514e+00 1.215828842952767497e+00 1.506980931532134083e+00 1.982242775584948324e+00
1.683825767072606006e+00 2.960941862291811777e+00 1.882901054721629608e+00 1.194649845788301024e+00
6.477239306703024002e-02 1.666064338356838093e+00 2.535024425252082381e+00 5.760178472025295066e-02
2.799454743684706148e+00 2.399534764239644069e+00 1.598143811225611000e+00 1.095619994487601057e+00
2.215553692151054632e-01 1.151136382083959742e+00 8.398671016404479772e-01 5.666124203465592313e-01
3.016022339988332579e+00 5.426898684537587170e-02 1.281992530914170536e-01 1.491082972532909334e+00
5.486027663280529376e-01 1.446575591275670813e+00 8.636261222534116211e-01 4.641275208534414443e-01
3.940565248632619255e-01 6.771869998768558219e-01 1.112747187605520327e-01 2.567556815178230423e+00
2.415200080070434296e+00 1.781528763151265959e+00 1.962206481860282681e+00 2.374455021308997438e+00
1.853442809616760334e+00 6.170185858034931137e-01 2.890229258098251819e+00 6.691224537700864172e-02
2.906839264158897151e+00 2.242401763928169256e+00 1.914695398080039856e+00 1.294543657997724528e+00
1.751842645089010775e+00 3.107618148675850733e+00 1.002198624830453300e+00 2.498604611500998551e+00
6.903490721554649268e-01 2.804841384253599745e+00 5.004140596272578234e-01 1.851851879003661772e+00
4.187230055903316539e-01 8.217877473862078563e-01 4.930904671209828671e-01 1.086787576035072256e+00
2.643903587487795637e+00 2.317264080382512859e+00 2.368520662317666892e-01 1.728444364113305820e+00
1.055646102285072052e+00 7.729671417794016230e-01 2.459831298472415773e-01 1.800101656672337125e+00
2.180701354648000745e+00 1.799170216992200810e+00 4.327715429188557783e-01 1.157314545261053595e+00
1.586849681835084125e-01 1.288278548527145517e+00 2.213926174216344300e+00 1.603215773396173160e+00
2.406460935254852274e+00 1.731896318607216267e+00 1.976190623695344151e+00 2.244364483466399385e+00
3.086688798325680771e+00 2.362205808384163941e+00 1.552844448427789681e+00 1.585329121384267514e+00
1.688238599276009833e+00 4.007811692850640206e-01 2.368233486562053791e+00 1.508117045210274565e+00
4.539378496367809657e-01 3.070816732510621261e+00 2.683041014631970977e+00 1.673085085111542858e+00
2.320064831517432147e+00 1.289170311031744842e-01 2.228926802548984121e+00 5.886274762700732799e-01
1.914719660677271840e+00 1.971145202237847949e+00 6.088237258816158182e-01 2.279171017486319450e-01
4.538594287829963991e-01 1.422319835990341508e+00 1.158765855939608347e+00 1.445248245724114478e+00
1.590106314532429233e+00 1.031796057427705610e-01 1.427472424722949496e-01 1.681683432575265424e+00
2.115025330712388740e+00 9.293561359318975867e-01 1.119447110929798983e+00 1.672370478661414639e-01
1.893193767559934848e+00 1.639627623683439062e+00 2.695849171775700714e+00 3.031345089093599121e+00
1.386022266213082332e+00 1.019352873993798703e+00 2.992525623334762575e+00 1.118997612214130966e+00
5.258469367383108439e-01 6.405755728386965941e-01 2.368857977768245249e+00 2.682452196210294293e+00
1.807894355904212880e+00 1.363531026961952941e+00 2.974314823580633149e+00 2.820660971514421078e+00
1.199548360302881145e+00 6.166371215557464591e-01 1.129782991653525581e+00 6.953685334199063983e-02
1.707900749034990229e+00 1.248953938227589378e-01 2.398558058455311670e+00 2.227087036555154054e+00
1.009514449777140666e+00 1.590582314064878711e+00 2.591357532731803026e+00 3.123022248620459962e+00
1.364514349871363663e+00 2.458152015074773100e+00 2.553376160607015333e+00 2.960889668406232467e+00
2.982272607427497668e+00 7.847193096994317107e-01 5.143890222155256264e-01 2.718607261094643235e+00
1.261734440232766152e+00 3.130547993210236246e+00 2.287018772980374148e+00 1.565543228896227657e+00
1.153178649479716711e+00 1.106730524337571131e+00 1.590880555915942796e-01 1.227254820025367454e-01
4.969810727218949148e-02 7.361697073230444310e-02 3.021813676473383836e+00 1.432557128940644908e+00
6.219936402919181706e-01 1.285970015934402744e+00 2.105895693866128848e+00 2.528364733080903815e+00
1.436692802860925489e-01 1.005539121802622615e+00 1.544594768101906768e+00 1.930194797992845102e+00
1.272094506913025613e+00 3.109098435297488194e+00 5.649435818692084554e-01 1.042954937389378944e+00
2.396221188445057049e+00 1.912474758213837944e+00 2.886993748959853612e+00 2.100752343353795126e+00
2.702977700753643742e+00 1.539022447776336788e+00 3.083045652108325818e+00 1.761038555369248249e+00
2.059761292457416015e+00 2.043011810751092394e+00 2.617829034070561889e+00 1.522439329394451812e+00
1.379396934125530771e+00 2.367060627512224819e-02 2.544709870517927186e+00 4.272078797897741476e-01
2.492365444720924472e+00 8.611525622708299244e-01 2.762273365721315876e+00 2.267590575399835107e+00
1.294109123426521624e+00 1.300927246756901967e+00 2.106272474374533576e+00 2.802830857306191525e+00
1.697330716616684887e+00 1.202572288015943069e+00 1.909061680164148012e+00 5.821891563740878572e-01
3.626502157873224830e-01 2.807057773133717848e+00 1.919433530450330272e+00 2.214534393282039382e+00
2.402976995175514663e+00 3.118858909679123936e+00 2.458448851786366962e+00 1.536640073475080970e-01
2.081042745401179506e+00 1.333213072889765538e+00 4.231608625823557457e-01 5.992769030251606788e-01
1.165285975592370349e+00 3.136792178370985340e+00 2.109078542330917738e-01 1.213996369894305039e+00
1.027771489223895246e-01 9.824908948295569822e-01 2.418834153123258890e+00 2.275232574199371083e+00
8.212786786139521233e-02 2.366068225509165401e+00 1.286178867568076978e+00 2.384066186674486332e+00
2.804646110905396839e+00 3.073469609661268476e-01 1.295952719434369627e+00 1.728054541496714114e+00
2.941671910358650166e+00 2.354144294806835624e+00 3.057253591198382470e+00 2.283107306232393885e+00
2.522086825050871894e+00 7.459960108003650670e-02 1.546083814831547443e+00 3.090571414130111050e-01
1.121750908106190936e+00 3.382529381740436714e-01 8.991099545519296576e-01 1.071157709094042509e+00
7.456428911102886969e-01 5.897788863186138597e-01 2.948160605662745404e+00 3.054454544901724411e+00
6.537091509306633963e-01 3.002270864559187569e+00 1.267712014835614243e+00 2.855375253029297067e+00
1.593367957651587119e+00 2.746047504939536754e+00 2.231015297141697662e+00 2.137896056004530365e+00
1.696265614619830719e+00 1.346210788432817829e-01 2.322332084090664051e+00 1.370013590773812462e+00
3.042429340606922050e+00 9.520173602357013820e-01 4.362784823301180115e-01 1.931441846375240967e+00
3.494660904627829301e-01 7.201912397444684144e-01 6.058987881372660533e-01 1.005595098072638027e+00
1.836602030051398327e+00 1.515498504047320782e+00 1.158272765546642935e+00 1.019189455149446921e+00
3.852759565397883001e-01 1.853914459778105206e+00 5.893048241119880348e-01 3.056567753309544333e+00
2.056659680129148349e+00 2.895962656643657152e+00 3.076209927522504106e+00 8.678845264198916665e-01
2.666947914527951990e+00 2.380986632858266283e+00 1.718535774265518956e+00 2.837538295063301685e+00
1.838755177797113616e+00 1.751200656748036266e+00 2.320971895093521198e+00 2.066782166270757226e-01
2.054439031145607775e+00 3.106183686820277234e+00 6.059886101324337693e-01 2.080362773581497127e+00
1.817496469935942383e+00 2.267346810252273137e+00 2.488921013311020669e+00 1.564960049297768663e+00
8.514132159723509785e-01 1.614488815580281900e+00 3.286595660718353296e-01 2.606387349439627243e+00
1.119870597045562244e+00 7.290742714885224407e-01 2.444317192335335509e+00 3.046737747640338334e+00
2.537449910334956371e+00 2.729200883672359357e+00 1.529430829001683367e+00 2.111304890234882770e+00
2.265712988432445396e+00 1.994880260079003653e+00 2.292076420757655164e+00 7.747553987038957590e-01
2.376375207939528167e+00 1.668306492179971290e+00 2.833577993212914592e+00 2.704789762863498925e+00
2.716884721799524893e+00 2.697463609461150935e-01 2.040870723740139780e+00 5.603625441007021868e-01
1.646222200012921633e+00 1.041525742359460827e+00 1.076689366898841538e+00 2.137513489123158639e+00
1.338921246146830946e+00 1.701936821633877051e+00 1.786335425536268673e+00 2.883993047314517444e+00
2.528294342020057428e+00 8.417489558281492368e-01 1.741200033502577904e+00 1.448793469461132855e+00
7.011910989264377170e-01 8.751059828124714279e-01 2.549272766026799086e+00 7.222833559591442798e-01
1.374552808444356344e+00 2.387238101735257079e+00 2.826056105641764571e+00 6.582880893052932558e-01
2.629171650950188788e+00 5.686551247556881350e-01 2.368403271017067269e+00 1.210313089208881143e+00
1.073188182908511479e+00 2.025507815981981263e+00 1.008200215256787491e+00 2.908133937958484183e-01
2.566674754170054307e+00 2.061698354231852992e+00 3.343226174636293457e-01 2.105372377765948766e+00
2.410026983059960326e+00 3.098024884742454632e-01 4.696106840051365583e-01 3.487249706695110807e-01
2.730857273751589265e+00 7.684314486234447017e-01 1.963328175422929478e+00 2.102755991993668694e+00
2.066744332410983986e+00 2.631334992391872518e+00 3.237689125201732576e-01 2.181190669383996195e+00
2.557198773565043659e+00 5.230856412245872278e-01 1.951604146148283148e+00 4.356914264317686691e-01
1.659681306987217386e+00 2.833157791002693049e+00 4.069949471861883938e-01 2.145369389363623647e+00
2.565704683602008984e+00 8.839760754123830999e-01 2.031613076505138338e+00 1.064280651663609412e+00
2.023675306671533392e+00 2.300877892459118446e+00 1.671537817142535465e+00 3.068268361334610006e+00
2.274323671215264131e+00 1.828210602324050471e-01 8.192749707648362412e-01 1.550445806477228627e-01
6.751298079743528469e-01 2.960328012611558091e+00 7.184819671005212571e-01 1.055982929497871980e+00
2.353412384100300514e+00 4.334615042571976495e-01 2.779332511486446999e-01 1.028519736953504404e+00
8.290652782847477420e-01 1.824131150341014029e+00 2.503113517813378500e-02 2.503420165410534359e+00
1.070358471019000612e+00 1.600702569391271313e+00 6.790573554372159037e-01 3.045534394411048673e+00
3.430979863169649757e-01 1.553768322879793606e+00 9.272250958971021140e-01 1.796442643310918630e+00
1.039395348437655242e+00 9.158004670704251726e-01 1.350790360280005764e+00 1.816137944662788550e+00
1.018737932541761371e+00 2.786122716206515637e+00 2.332031914345684687e+00 3.078257071716601789e+00
2.006773315192571072e+00 1.498622659921249323e+00 2.958100989385227475e+00 1.702696399956090456e+00
1.059661106124994534e+00 2.389235611637358314e+00 2.144479201330947049e+00 3.090783918746718761e+00
1.587887067373703776e+00 1.647048279867509679e+00 5.204796193763404633e-01 1.257902534704996800e+00
1.239632446980949876e+00 2.427968820670985739e+00 2.995288142141143140e-01 1.068765773861436896e+00
1.461586886694889342e+00 2.325749329279207966e+00 2.044825403317943380e+00 1.552024749311312180e+00
2.154605432536195408e+00 1.384956408323518628e+00 1.722783217400601030e+00 6.500865939774090885e-01
1.487585308873254464e+00 1.928497168587125277e+00 2.106359768618590866e+00 1.528292165402060254e+00
3.078556316786240088e-01 1.789308463604059596e-01 2.004929189881369034e+00 1.461936242229259220e+00
2.269215904117070526e+00 2.806312551790449916e+00 2.994804212758656270e+00 2.269674965629623120e+00
2.849194018186770982e+00 4.647074141996812013e-01 1.885497689289122647e+00 2.807247246508953520e+00
2.291352386341972469e+00 1.598602001270065909e+00 2.503785909945533295e+00 2.425573341359142709e+00
3.066834704561251623e+00 9.556991701378207971e-01 1.201908685856212466e+00 2.425252642291567451e+00
7.244971807001349129e-01 6.568349102101962433e-01 1.577813203820485066e+00 1.443471318304252238e+00
2.631347260148678924e+00 9.462415486063662229e-01 1.267768400310174126e+00 7.349307363364869783e-01
2.653472267569989551e+00 1.601485167981855584e+00 2.890381635670709493e+00 2.153697019454591910e+00
3.107256444455032796e+00 2.347840589393116240e+00 1.324388778579522474e-01 1.111076644144792569e+00
1.089139547087454085e+00 2.276349160778142089e+00 1.330630390970846344e+00 2.822957342355159494e+00
2.201815171967663520e+00 1.197931374490558420e+00 2.615684801027814199e+00 1.927643849924485897e+00
2.388243190504585112e+00 6.861279828772592904e-01 1.547295183635806204e+00 8.389860961642846560e-01
9.509313192978064988e-01 2.147837548964953047e+00 8.141901536828111130e-02 7.151142856177048479e-01
2.803899638079330181e+00 8.645643392276522454e-02 2.608734645399549690e-01 2.289786334300790038e+00
2.172250272960521755e+00 1.601325197202628337e+00 2.766145999637292352e+00 2.720151136544100012e+00
2.425036038928004345e+00 2.544881235550199072e+00 1.837322556883918434e+00 7.513901624350645125e-01
2.697406091411489903e+00 5.055878610632452697e-01 3.026643674177120769e+00 2.666276752454304066e+00
2.832870966216156638e+00 5.888207228212429811e-01 1.688873291716710856e+00 2.832459887005448262e+00
1.966645373362574167e+00 1.780983720686827754e+00 1.752985833201141652e+00 2.940402314419725993e+00
2.234346953935572255e+00 2.098403512306386443e+00 2.183287268031782080e+00 1.544102683598282066e+00
3.001193817075935577e+00 1.700435842627495253e+00 3.108528117135055169e+00 1.979232926084187216e+00
1.114433649210757826e+00 1.659803219873147384e+00 1.339920864867270855e-01 2.939030288706187211e+00
2.273400704094581393e-01 1.925034159209635387e+00 1.199079501354573640e+00 2.871430569096270258e+00
6.165372325725080316e-01 1.292734281970256083e+00 1.261197784207075623e+00 2.927580602225490658e+00
7.474951828873247495e-01 3.088919817613076990e+00 3.104292594373781355e+00 3.919726149938528859e-01
1.739092114388919530e+00 2.752119544186514055e+00 1.071178623218095538e+00 1.102387774335072734e+00
8.994871710130515341e-01 1.726224775458538474e+00 1.285836459120247799e+00 1.349190913916889611e+00
2.510220481779658619e-01 1.577725235877101451e+00 2.061267209764101160e+00 7.946123272385430258e-01
1.624382449738885348e-01 2.627030114443817954e+00 3.044776896751288583e-02 1.157339733791109965e-01
2.468596090721117076e+00 1.519881977278341845e+00 1.621668529330146047e+00 2.529395883082104390e+00
2.717559613011848008e+00 1.696819813172709690e+00 1.039677396192452585e+00 2.690065617243061702e+00
2.102152470430145748e+00 4.768491364792560305e-01 4.176587513700205090e-01 1.627890252151830586e+00
9.768837063315660707e-01 4.245352933526456152e-01 2.388277277790138431e+00 1.904358496366357123e+00
3.493771019445479631e-02 2.297720650535459708e-01 1.088720989895979763e+00 2.075290271580159551e+00
1.033188249900280908e-01 2.433422780687331866e+00 5.306860168136063871e-01 7.935921943626760289e-01
1.668235362162729107e-01 1.197873420702902481e+00 3.860423310683289838e-02 2.645963641686603918e+00
6.745070253512464031e-01 2.039204201655728799e+00 3.181598492231344499e-01 2.299158763821544049e+00
1.471423596462290151e+00 5.857407921853748922e-01 2.913175608742508693e+00 5.794282018744313367e-01
1.796514409215395736e+00 6.529521027593501170e-01 1.661189100291738052e+00 1.521080128986739055e+00
4.290234885147294064e-02 2.621539954661054495e+00 1.367674243450528682e+00 9.102370963556062344e-01
8.925867857918681203e-01 2.739950250238669671e-01 1.098533703538673745e+00 1.015139175979688835e+00
2.017778639238114291e+00 6.098070714836340001e-01 1.543597905104258095e+00 6.147319246364737477e-01
2.216478591929132325e+00 1.113334468765696528e-01 1.628615612668260715e+00 3.370299268785124092e-01
2.409557875282292816e+00 9.554205908068383879e-01 1.358922973258376077e+00 6.843208107050445799e-01
1.441735468330251013e+00 2.206313968306500506e+00 2.643524903117918878e+00 3.317983226333929836e-01
1.294839234684652673e+00 8.725050410829707226e-02 1.234444152374093662e+00 2.856834200775024257e+00
1.324372181961108064e+00 1.076583603732351513e+00 1.014779596615834611e+00 7.261599897693349348e-01
1.217302614693696050e+00 9.868006401232025659e-01 2.664921245143501149e+00 1.434704654142875624e+00
7.480417904384429884e-01 2.253757022089292850e+00 7.660007558194428245e-01 1.482681778431792274e+00
1.906697896722884256e+00 1.040366892786570796e+00 1.768826069693142156e+00 1.403837221449529160e+00
1.222324568131525790e+00 1.782025280343024543e+00 1.487027278604562852e+00 3.737196911878666872e-01
2.153251110856770900e+00 2.551650359362498399e+00 2.447035324685088664e+00 1.609389354081767642e+00
2.300506900408547661e+00 2.314486558934380767e-01 1.682727073780449611e+00 2.676670631477655604e+00
1.759605947341715604e+00 6.151971198741404412e-03 2.371747267885133237e+00 9.429709200081548559e-01
2.164519271624187891e+00 1.651250975079271210e+00 1.459773785297457938e+00 2.284622546984757196e+00
1.521656950096670312e-02 4.906174246935514627e-01 2.398931578447737856e+00 1.770825221899825219e-01
3.161521451932590709e-01 1.759528441301855040e+00 1.080087180843718020e+00 2.817399821372482016e+00
4.440418805179618955e-01 2.649971379008748684e+00 3.523038836491993592e-02 3.859840073682347383e-01
2.343299327241500585e+00 3.107319490378972038e+00 1.675775599119594172e+00 2.766582307235342153e+00
2.323041545437632416e-01 2.552871463758071280e-01 7.882459876438555058e-02 1.958030777642533748e-01
1.656196209620258042e+00 1.697971385397344379e+00 2.286625008643441870e+00 3.499703616643417559e-01
2.540397070807077773e-01 2.357882872688924270e+00 2.243807224280014001e+00 1.462971296276264432e+00
2.470485077642031513e+00 2.995550330111140802e+00 2.154078672760376900e+00 4.315268634064067244e-01
1.320833484606165564e+00 1.593705479979081518e+00 1.719014107895783683e+00 2.130035170155053503e+00
2.703475118067570904e+00 2.713747146845362668e+00 5.865401915897250351e-01 2.076337962747543564e+00
1.939101054616347852e+00 1.821125936397789191e+00 2.466438455695808774e+00 2.998533977922849036e+00
4.045287191981139507e-02 2.731785613437126337e+00 2.973455183519603029e+00 2.079812265871924915e+00
1.592004624883934571e+00 3.053477440863845871e+00 4.380229795848285534e-01 1.607641381434740113e+00
3.053087200100148113e+00 2.309061758117326946e+00 1.068367770240694847e+00 6.469904173664907665e-01
1.655693407720854327e-01 1.965383877440781690e-01 1.618325771389648393e+00 1.583847526043473897e+00
1.975712484678769254e+00 1.502877127200439311e+00 2.634302958056716104e+00 5.083975131829870930e-01
1.189119732870522611e-01 1.431012794273447852e+00 1.342603829051278952e+00 2.292066784938967761e+00
6.151609520000950182e-01 6.411670443793365814e-01 6.039304748654656524e-02 5.143702181797379369e-01
1.538983804201572436e+00 2.039688983991799098e+00 2.080016175275630541e+00 1.934073525852649578e+00
4.055660206246358146e-01 2.508503868907350665e+00 2.111233837635358768e+00 1.246239211135733216e+00
1.077467404548946073e+00 6.564697242998149829e-01 2.555128970530584631e+00 1.080563618094293465e+00
3.108530359984732261e+00 2.777924705184534826e+00 5.430781689605285179e-01 2.866798571554907138e+00
2.286280645859319893e+00 1.915914662042929484e+00 1.250648649374182186e+00 1.536337684890390909e+00
2.247252852312290550e+00 9.942239885338327587e-01 1.833272675315252176e+00 2.911376773273272267e+00
1.584854077842532627e+00 3.041337790141985575e+00 1.074050636813596471e+00 2.055683165741652996e+00
1.629070779229247146e+00 1.351690021420197396e-01 1.907966612488755320e+00 2.191191856104149238e+00
6.333054825425562528e-01 1.205089068003551978e-01 1.640652079670638086e+00 1.091112366560486491e+00
9.930839777577389338e-01 4.013573097401063605e-01 2.789953527335172989e+00 7.520956392380917510e-01
8.474649398961804359e-01 1.274332930088234894e+00 5.520066244936435718e-01 2.609652175655083450e+00
1.951609426008660497e+00 2.714245236351714219e+00 1.147185101117370376e+00 1.948898727297286859e-01
1.055058977382966834e+00 1.330287122784068687e+00 2.106577241352231233e+00 2.957054743960238152e+00
2.967616795101901239e+00 1.624829479913580732e+00 1.893130240080983739e+00 3.105465598330678367e-01
1.713048391193922493e+00 2.064950162595542427e+00 3.019562780461754414e+00 1.048002136321131816e+00
3.964507030540507793e-01 4.198391070832621086e-01 1.673926930175337224e+00 1.933738846782224963e+00
2.579747259750515109e+00 1.009553513030510219e+00 2.592540080343122000e+00 1.530335467841964503e+00
9.753864834223305857e-01 1.473249547719195585e+00 1.528784547537117344e+00 2.985821330546182040e+00
3.036957835552440255e+00 1.944923240264023079e+00 2.915668511217439640e+00 1.297801503176434723e+00
2.659332874370490818e-01 2.214411288449086967e+00 2.954202891140339737e+00 5.650782520178577739e-01
1.824940231875253449e+00 8.909475085876809031e-01 7.374852679236972852e-01 1.033837745004512421e+00
1.790766034245163452e+00 3.117655080231355402e+00 1.715199063931626133e+00 2.758891651545263279e+00
8.234269550520894043e-01 4.963064967640671288e-01 1.145663915950728917e+00 1.741151321243850303e+00
1.823264745625414518e+00 3.963244955245832646e-01 3.119550349652907340e+00 8.650613586897643037e-01
1.811385340216679907e-01 2.783920156734508211e+00 2.455176120204173529e+00 1.910704571280069652e+00
1.763730744302529352e-01 1.440170426919898494e+00 1.643172682061558865e+00 2.567545274609343231e+00
9.688952985981873489e-01 2.789514841845542659e+00 1.288092722048189920e+00 1.523100794159131910e+00
5.221531139432110669e-01 2.840305048486683859e+00 7.828886926493369702e-02 2.836872205559182625e+00
1.621422560173978011e+00 1.788327434622626777e+00 1.319876305875505640e+00 1.420032230501571124e+00
1.430396061771415761e+00 2.992974423195805533e-01 1.427538468894222756e+00 2.712979023796456612e+00
3.033234744736998945e-01 1.512945672438920530e+00 3.049384460485262682e+00 4.651182014767254458e-01
8.121607845335410136e-01 1.813691297194490182e-01 2.429390632544212725e+00 2.611404338165137715e-03
2.084723523051756011e+00 1.093045853190902417e+00 9.495082625805335852e-02 6.976884080983866143e-01
1.204564740593621286e+00 1.884551761265310210e+00 2.158239767836896306e+00 1.813766492264383245e+00
2.945663045996602669e+00 9.180524218065398978e-01 3.019741012043168471e+00 2.205140784450533575e-01
2.240277280546748795e+00 1.103004883979527229e+00 1.177231124772189164e+00 3.005545739118275161e+00
2.496920547633019627e+00 6.257994605009261635e-01 7.665676361212853118e-01 1.566410463710671941e+00
1.522278902824025559e+00 1.973528321730737556e+00 9.475158023248424488e-01 2.867002259375721618e+00
1.375539213612760214e+00 8.052163525742713768e-01 2.203580741067614479e+00 1.515855065812454106e+00
2.175805423563672125e+00 9.144439652492171167e-01 1.892232356076876121e+00 1.117955522730756934e+00
2.595616188247741984e+00 9.769855787220403931e-01 9.201059439651904093e-01 1.002193357533741336e-01
1.842940795934863374e+00 1.075166569853671206e+00 3.214126492850822303e-01 3.062571704009186213e+00
2.214561595381396408e+00 6.650906507427492009e-01 1.870514236407940789e-01 1.873627182069087960e+00
6.301522040125735469e-01 2.717661242357249485e+00 7.428918741262615644e-01 1.503141837393271896e+00
2.660245971986904046e+00 2.782723299375960302e+00 2.502108733566373200e+00 2.133226742834733791e+00
6.009043828102803575e-01 2.692489602861848130e+00 1.442137468020059377e+00 2.175267170543092377e+00
3.031316855987130854e+00 1.328997382434738528e+00 5.985508807164282435e-02 1.056797483388203895e+00
1.143977456820073346e+00 5.162885576936364629e-01 1.185426738601043306e+00 2.716637564074415145e+00
1.221664802762141067e+00 1.393170759301795569e-01 2.163958024375185030e+00 1.994331949657966563e+00
3.550800349527049038e-01 2.979035557937646406e+00 1.977704029350189519e+00 2.969862017082899319e-01
2.656502438658834730e+00 2.304883432445550273e+00 1.719422471217911363e+00 1.909897219667080037e+00
2.212213342872186406e+00 1.586790751927222631e+00 4.823810990578082658e-03 1.827019523717914762e+00
2.110904370774995265e+00 1.829000304980259672e+00 2.627212840811660843e+00 1.130043353105075310e+00
9.605016627656119965e-01 2.736375755679063548e+00 2.501148631171275838e+00 7.939740719770195521e-02
2.785469021499941800e+00 1.343305880841745396e-03 1.132203475723230879e+00 1.781937444746892085e+00
1.134584551674079567e+00 1.092816995641739064e+00 6.883226348380020454e-01 1.029358360988841037e+00
6.196754179092294201e-01 2.561909746191341597e+00 1.545423987963032042e+00 1.517230956876716996e-01
1.946662878770406335e+00 1.165357622030355422e+00 2.119472639265598257e+00 1.737774302169557750e+00
2.277868531108049766e+00 4.753140092464075983e-01 1.427663207788118394e+00 3.827162327904913286e-01
1.519152008265448162e+00 1.826603958364259706e+00 9.088673983520257904e-01 1.792090081795696677e-01
2.368012534944973879e+00 2.544767609130341057e+00 2.202672446723541011e+00 2.848466090088073166e-01
2.572820996780107006e+00 1.926665671679908654e+00 1.326052343827638147e+00 4.082026554327845003e-01
1.093253618026061469e+00 6.809835879439740669e-01 3.628391242070002076e-01 1.446440309986325445e+00
2.145388315321070216e+00 1.178702666566598722e+00 7.410575167326495238e-01 2.281891789560338335e+00
4.362270267024963982e-02 1.348306749807745675e+00 1.441610092724530112e+00 1.591361774091177628e+00
7.394800643668180129e-01 4.859951745775222681e-02 2.844667384083892969e+00 1.160852724200767794e+00
9.387651455939937106e-01 2.829880678006178041e+00 2.691186568953966241e+00 1.875939944696587869e+00
2.163074402332053614e-01 1.837348843952529842e+00 2.819409214622102144e+00 1.707784385382586478e+00
2.349518907571173099e+00 4.599113599834785959e-01 5.405194061989101462e-01 2.331695533584322355e+00
1.555442052758562843e+00 3.033487497405363165e+00 3.247526047980415775e-01 3.067943159563884414e+00
1.938399677705834101e+00 1.192610181176074757e+00 2.058944068688052020e+00 3.135386688198213978e+00
3.071921462734781283e+00 3.359373522445167626e-01 2.184420993855915150e+00 2.003181672428175908e+00
1.114691039346788148e+00 3.065814832656238664e+00 2.035681845660211486e+00 4.098140758394939742e-01
2.753265986123592857e+00 1.079557429701588855e+00 2.686973019853393096e-01 6.996611808399091359e-01
1.995419585981506261e+00 2.293785173431327262e+00 1.664567528317516532e+00 2.652175258903706201e+00
1.438918773373765392e+00 2.403946886203425226e+00 2.920227537507031013e+00 1.523984944680889742e+00
2.069448751549737509e+00 2.842524481990966745e-01 1.145599712072007170e+00 1.733932799329942931e+00
1.913607328401542240e+00 5.086377209761849816e-01 2.061757013962810969e+00 6.531926462087337404e-01
1.688399690650796092e+00 1.928089518674382719e+00 3.006242243072679843e-01 5.971369438547691200e-01
1.320435843510315621e+00 1.408107508383870110e+00 2.437853749327325126e+00 1.847064666591601845e-01
2.576706952681543150e+00 3.115331295128189293e+00 1.778531825261927990e+00 6.900571404279799426e-01
2.156030294715950646e+00 5.270863433078143423e-01 1.550133267541733195e+00 1.314352711906763505e+00
8.349542558839238016e-01 5.879624224404491617e-01 2.733182222297687591e+00 2.463368143028019208e+00
2.528340483923673609e+00 2.009879211968248036e+00 1.348590534296183752e-01 2.187047869106359510e+00
4.166062784010173825e-01 2.130299225221021331e+00 1.430778450634141219e+00 2.007086340991838763e-04
2.055550459414082098e+00 5.656835250949842075e-01 8.604581724935298492e-01 7.546843480008316174e-01
2.441957973816753391e+00 1.868808036180265253e+00 7.190511365782124020e-01 2.620617893358772932e+00
1.578785127627691853e+00 1.425624386293444124e+00 3.071566528675627961e+00 1.701007258229351615e+00
1.853160937375977868e+00 2.046659343709747336e+00 2.532917071221862049e+00 1.327916918992582129e+00
2.835766549108198031e+00 2.653593253408213837e+00 2.270654214238782220e+00 1.331454258750241593e+00
1.587901901695640161e+00 2.459533221300399752e+00 5.197548480439597718e-01 2.130763497133988160e+00
1.020160822054807293e+00 1.843003745099825563e+00 2.298291634989545473e-01 2.021782162983525311e+00
2.796084824021993764e+00 2.320805358740299695e+00 3.110885830330899715e+00 4.630376921609224428e-01
2.904607479216288368e+00 1.319519890606948853e-01 2.785264889982319580e+00 6.820466381846581605e-01
5.409072223883466535e-01 6.714931272052576672e-01 5.265905327845064043e-01 4.253419729986039344e-01
5.368358740600429613e-01 2.264449289121074349e-01 2.819061007462055013e+00 1.103101928669593779e+00
1.732512184231025154e+00 1.038016556831329762e+00 1.799363471365510447e+00 5.703078560372486505e-01
1.260473717935147286e+00 4.851151701849362174e-01 2.412905286547636585e+00 1.891530091880675668e+00
1.665815862009056625e+00 8.704993236080618146e-01 2.208417430920593283e+00 1.345117012845742088e-01
2.426701711906942727e+00 1.616694582785997980e-01 4.871119445663911196e-01 1.920747168310451114e+00
1.430769571534793005e+00 4.025698580077891053e-01 1.079209256250947213e+00 6.109800624370029798e-01
6.653264282053785728e-01 3.032252551833631404e+00 4.704273830203324902e-01 3.106325588676258853e+00
1.062580507678134945e+00 1.679472602298283102e+00 2.109489708953153020e+00 1.473761585279552699e+00
2.618680838055186477e+00 1.163748348730868409e+00 5.360568043862121157e-02 8.119311705362963760e-01
2.712900877604055960e+00 2.171014869489932053e+00 1.928097808374654443e-01 2.605164125519133123e+00
9.033811729045646000e-02 1.571215652024060327e+00 1.797990661530684209e+00 3.115856816054918710e+00
1.243016042350040706e+00 1.758391754200798518e+00 5.816107796928406959e-01 2.216149802936130175e+00
2.931036047211577955e+00 6.578074920578355078e-01 1.902861732422768792e+00 2.094615472317613580e+00
2.871092676358770301e+00 1.741506674020466550e+00 3.728646222766713314e-01 1.984687891309205421e+00
2.595583782275354245e+00 3.093595359824953928e+00 2.668712373019459072e+00 8.031107951329133909e-01
6.407592881104252625e-01 1.422456310209542218e+00 9.792101843731001454e-01 4.211796285385080996e-01
8.902976694764550558e-01 1.723506566935123274e+00 2.375279371471870959e+00 2.440177116493575049e+00
5.540936350927923026e-01 3.341346529346659877e-01 2.531355488973915935e-01 8.527527801141754349e-01
1.345394304706034605e+00 2.184162640015125945e+00 2.656259261039682684e+00 1.221069122070979285e+00
1.432551713231096535e+00 1.048619850717189106e+00 1.246444451925688313e+00 2.262739967601558266e+00
1.619831441331281152e-01 2.750287456132118447e+00 2.099004138818804321e+00 1.720145978338097348e-01
2.650027520660364733e+00 4.855685392769911735e-01 1.400224361454591726e+00 6.836963489425162965e-01
2.954100524681245510e+00 1.427312947586595104e+00 2.378731187588217999e+00 2.475336389501769929e+00
3.872107071580009330e-01 6.376665612878580636e-02 2.574697729166500082e+00 2.934909139259771926e+00
8.203884599899367025e-01 3.040653689094173995e+00 1.572344287747103220e+00 1.380855541105875384e+00
1.071825393961921780e+00 1.556813264576670575e+00 2.630385168260228390e+00 7.041564672811782000e-01
1.986697367421582858e-02 1.253009590609435397e+00 1.306633777032798260e+00 1.214858076090852723e+00
2.641843592178950040e+00 1.653857545300829068e+00 2.791684026484789749e-01 2.087929500817189421e+00
2.421602402908087814e+00 3.062918993142599966e+00 1.545133856065879163e+00 3.647169740530701865e-01
2.285922411219805106e+00 2.240614195197805802e+00 2.198601255040950608e+00 3.769733515028098614e-01
2.892009677955628355e+00 2.496838188464807484e-01 2.642588639710101717e+00 1.187998372929876201e+00
8.724714013032437432e-01 5.815446474812611122e-01 1.440644277630017900e+00 1.669045277430535101e+00
3.118599523950130958e+00 3.184206233777014949e-01 2.788006815752124723e+00 1.087964256883388492e+00
1.804454458928280269e+00 1.542482150447834988e+00 3.298814508531290324e-01 2.255561192659479630e+00
2.013492252772974389e+00 8.556414807251191412e-01 2.762583894531849271e+00 2.081026366402226324e-01
2.048972547285745183e+00 7.673817621595679928e-01 7.142370449313452108e-01 2.658551469367381737e-01
1.280691357099069672e+00 3.043164201039745276e+00 2.049716043646497177e+00 7.448435316727317068e-02
2.805282391274098508e+00 1.595667547028595701e+00 1.359252546767596881e+00 2.077635007751322149e+00
1.687382012844836687e+00 2.515130319424598415e+00 1.001242387207639695e+00 1.531739300371043333e+00
1.634396540646407381e+00 7.930156176586522498e-01 1.482502712867620032e+00 1.070378049073114290e+00
1.377662384029544995e+00 3.820824393149726550e-01 2.739924630856681365e+00 1.678515898849384902e+00
2.201876133637352240e+00 2.299879435585099330e+00 5.557584300532830701e-01 2.595746634044561851e+00
9.026695761895673353e-01 1.935334737374853953e+00 1.322669976991778462e+00 1.378419515185763444e+00
2.059079917434501472e-01 3.710471746795371839e-01 2.730025242239835670e+00 1.906825066885996733e+00
1.729105996674959123e+00 2.462290736177245698e+00 6.769581082396191052e-01 1.680929883634323829e+00
1.263617011232804233e+00 1.796892815326533110e+00 1.268263671015409155e+00 2.639051441573807999e+00
1.488051249872264226e+00 2.974247712982530878e+00 2.429379571876520316e+00 5.338550412911311494e-01
6.818137121183444060e-01 1.840167660358761115e+00 2.842358579575320565e+00 2.850324521941862255e+00
3.140027514988419810e+00 4.620563866728428781e-01 2.330352820699900906e+00 1.280313324415072174e-01
2.615188337421850751e+00 2.412370618479105389e+00 6.037789590832922659e-01 1.837173123717452672e-01
4.278470377540135039e-01 1.733545144831119877e+00 1.388965256271242010e+00 2.145237457050635399e+00
2.485851286421468576e+00 1.715223359477748399e+00 2.894706439970004652e+00 5.926513996511343363e-01
2.549071527863396858e-01 1.927306615982652405e+00 1.207510469848137369e+00 2.145857003363826010e+00
1.656105676679689997e+00 2.690940292317993254e+00 8.735716787916816273e-01 3.059087816655774006e+00
2.457155813369730879e+00 2.780927205930139312e+00 2.849862771863506339e+00 8.257477401463785283e-01
1.797490857317244783e+00 3.064203838195332708e+00 4.075828098772311114e-01 1.097049610382127449e+00
1.286444394635928301e+00 2.400640668505698905e+00 1.797945709675606185e+00 2.462030961373726345e+00
1.368973716871226598e+00 2.008596258579373295e+00 1.856723687854844984e+00 1.940713615965551364e+00
2.290216421042123862e+00 1.060735391921324267e+00 4.521562460761864299e-01 2.943004521756171776e+00
1.478273441278797451e+00 1.274328544365846305e+00 9.968369584637233327e-01 2.807603753037310579e+00
2.495777097868085548e+00 1.309224991086507917e+00 1.072732535237456819e+00 2.382392709632521033e+00
1.917584288822843375e+00 3.040833002094327053e+00 9.164328260321419339e-01 2.155594345268340373e+00
2.629681250292777328e+00 1.023610002176253753e+00 1.262808735516452785e+00 2.448109282337958881e+00
7.163123653321816775e-01 4.826454014937505144e-01 2.535918815196799958e+00 6.840510484709603212e-01
9.620993365640930772e-01 2.516124132666501367e+00 3.237698057043408295e-01 2.118928482851643480e+00
1.002400871145783912e+00 2.719048972131118180e+00 2.284172167344498128e+00 8.343976377461240768e-01
2.091619678126169113e+00 7.689127978485076065e-02 2.982174420749087229e+00 8.701125439383348148e-01
1.213561991623322900e+00 3.100521324644041954e+00 1.709917107349232079e+00 8.820877527287523945e-01
5.758073557678465848e-01 2.205785787349168192e+00 1.877157622987241314e+00 1.725337701071955498e+00
1.045484905323766478e+00 3.440033789538314291e-01 2.219146524417601185e+00 2.903609147849262939e+00
1.565575313821567560e+00 1.972159503210737297e+00 2.618547316135495517e+00 8.796927937889201798e-01
1.649953889720065847e+00 2.591999448127386696e-01 3.300405676884647643e-02 2.010000590884920779e+00
3.505831470305832420e-01 1.994635954039116532e+00 6.976164768453273213e-02 2.954083603150434278e+00
6.766703325120845269e-01 2.036837901760425229e+00 1.679062668126440672e+00 3.221163926445768100e-01
7.002584639038088588e-01 6.608220316201239841e-01 6.705555128304138690e-02 9.240282915432933564e-01
6.867274092103358152e-01 2.840460003358828089e+00 1.342426662290768125e+00 7.007464156327977145e-01
2.786272529147302279e+00 1.002214557091466451e+00 1.968544983495223444e-01 1.055296703012869264e+00
2.796774065053170943e+00 3.877890937681744976e-01 4.405654931351196124e-01 2.525226992843406792e-01
1.052926310830075984e-01 6.789124295800582631e-01 3.136842078140555934e+00 2.941526841476769238e-01
6.863930409232722463e-01 4.330912302665508307e-01 8.992423986030758654e-01 1.639002701002049589e+00
2.910845847370442385e+00 9.372192186805571312e-01 5.261138535472077438e-01 1.934253111930652302e+00
2.453901474543529471e+00 2.304595076368539885e+00 2.699666969903627312e+00 1.806766556470684737e+00
1.076399910630711387e+00 1.061804781362002403e+00 1.095323172153752855e+00 1.629106774193814555e+00
1.453791906444511284e+00 2.691274512370166239e+00 1.113510058858317553e+00 1.872786479269597848e+00
3.360230847653940534e-01 6.735382466827203318e-01 2.075410871728160966e+00 1.472695402480751758e-02
2.218096537931966150e+00 2.582879977127436000e+00 1.330129657027068202e+00 1.768682613427385864e+00
1.229986864829940574e+00 2.688640719181294436e+00 1.012537153513050958e+00 2.282578786133909965e+00
2.482563540696871573e+00 2.771563906576155034e+00 2.702079974040542343e+00 8.127337722621605920e-01
1.031033509974716766e+00 2.328342935813378922e+00 9.563757388718574504e-01 3.026569745155948343e+00
2.162942156263111038e+00 1.692295983472343057e-01 1.733554372309016323e+00 1.276194214180762732e+00
1.920389673326763136e+00 3.546566461899449130e-01 2.697358884242930799e+00 1.830942459498679398e+00
2.428616586572868385e+00 8.237963986940183281e-01 8.604614129369444475e-01 2.446928027352682111e+00
2.124146746337517655e+00 2.113553375087210195e+00 1.036393392523686119e+00 9.062835805406423140e-02
2.106622577238311589e+00 1.912887748987281977e-01 1.505039912186922235e+00 4.908819914523198658e-01
3.107479661007606642e-01 8.022765872237835882e-01 2.901120128118884534e+00 8.658641230834583924e-01
3.417800733401583080e-01 4.306238227041941369e-01 7.459069292680847729e-01 2.989922068343653816e+00
6.086328140198409287e-01 1.617318300832699229e+00 2.898792288454797195e+00 2.554960237149936475e+00
2.587992966231977832e+00 1.806879350592317302e+00 2.474766404608086390e+00 1.187479456025273494e+00
2.672453323732617125e+00 1.552565650848006795e+00 6.421982893069396736e-01 5.829752925617746051e-01
2.826532660309427625e-01 6.079700339760580885e-01 1.796365065389844418e+00 9.094385621225656857e-01
9.495273661230058115e-01 1.739224107051649870e+00 1.987080458714886255e+00 6.691565130582404208e-01
2.189687133139551545e+00 1.258081975617807435e+00 1.671807301122320233e+00 2.525859629931207273e+00
1.245559849194988744e-01 2.670546443960616134e+00 2.880810487115549101e+00 6.281384359016081165e-01
2.309159917329481448e+00 2.390266280159667911e+00 9.674666163820498932e-01 2.098556006543196517e+00
2.560921411164831074e+00 2.528637216173718283e+00 3.050723314591339275e+00 2.088212818739756393e+00
2.980944030640033660e-01 1.929720763641608938e+00 2.004493071499021006e+00 1.762081547643228330e+00
2.545901297464798763e+00 2.632558286395461522e+00 1.714978015474698969e+00 2.948138785685393337e+00
2.989238746001138480e+00 5.798188670454034188e-01 1.483252978562686675e+00 1.961447294474244929e+00
1.659350679136688322e+00 1.083611576612773630e+00 9.801830805627894661e-01 1.414077252178651323e+00
5.229852529562289271e-02 2.680325761564261722e+00 5.608150504716797463e-02 6.359805045164698134e-01
2.143475246778906662e+00 1.468931205703821963e+00 6.473656141463921543e-01 3.050964085265135850e+00
8.066385098702882894e-01 2.387874637124922650e-01 2.200689186279370269e+00 2.526983061972765121e+00
6.790560113836222600e-01 1.745957662114604458e+00 1.383205653025714632e+00 2.835897795359992202e+00
1.612570008600407556e+00 3.069876679645321627e+00 1.223144705979676505e+00 2.170788885517396238e+00
2.534087336146698011e+00 2.233530320266418290e+00 1.556732303509889892e+00 2.110275067887763534e+00
1.819971113107593297e+00 1.135431823001665785e+00 2.703465870832774676e-01 2.350666876354180257e+00
1.942368846007415106e-01 3.113412997292503093e+00 3.110734479123584695e+00 4.871424170041851465e-01
1.305159229029615675e+00 2.982046723178480185e+00 2.176431441196039263e+00 2.663900310354896384e+00
8.432883882873865034e-01 2.992870829914366926e+00 1.123931839811157518e+00 2.155434260855384199e-01
2.350916738057612587e+00 1.980842014216078750e+00 2.432921551548106631e+00 1.916959814896378234e+00
2.865430996237005257e+00 1.257389492815899956e+00 2.150568865630564652e-01 7.144396837828532743e-01
2.783864027013259523e+00 1.971416930898455711e+00 4.806664572862993645e-01 2.897703987223859912e+00
2.177540827658012823e+00 1.570825741291862254e+00 2.887748129570545164e+00 1.286570632897820587e+00
1.701235755418955664e+00 8.442685961009852025e-02 5.789422741865174471e-01 2.180587228243299425e+00
1.494718825983007537e+00 2.474732000070602123e+00 6.727540928123215691e-01 1.452138188992241563e+00
1.945897307117237407e+00 2.671754561554411378e-01 1.560945218460971340e+00 1.210387897371389521e+00
1.722712901021054677e+00 1.586045261791768635e+00 2.953563299515717055e+00 3.104037096133207108e+00
1.644007174955996575e+00 1.570291197958519902e-01 2.904655402974058553e+00 4.417937512821142332e-01
3.127549233998147660e+00 2.899916266528109077e+00 2.775169248147294709e+00 2.821641672217006791e-02
1.095418331574210757e+00 2.805503033273240021e+00 6.163957497350456283e-01 3.658316226405199934e-01
2.360387119710207315e+00 3.357693285974155950e-01 4.073878275046133868e-01 4.376131571482535509e-01
1.912762810633539479e+00 3.126880680133404145e+00 1.586589986370593897e+00 1.668486951688496811e+00
2.607568544524715204e+00 2.693165076328048357e+00 1.623214203643554843e+00 1.083853116966112307e+00
1.355813769243880307e+00 1.496671151127313193e+00 3.135071228704659152e+00 1.641041648932889840e+00
2.968556961751211976e+00 2.541512009881694123e+00 3.045972315226714855e+00 7.485035988111454763e-01
1.068165579514772867e+00 1.867792320144301632e+00 2.978054309791624554e+00 2.319637947212632056e+00
1.799648108646448030e-01 1.082454442257243299e+00 2.362031457168003890e+00 5.780950674525207056e-01
2.238032213421750960e+00 1.793637213709641687e+00 2.293472563286414356e+00 1.907971537225433556e-02
1.120998412854724124e+00 7.332705538366048881e-01 9.231983999125605855e-01 2.130545864749238683e-01
2.030423323405337044e+00 3.108028992391457024e+00 6.431615002463976216e-01 1.262996871064135052e+00
1.645503483140755563e+00 2.449014334235348755e+00 5.911106158503268704e-01 1.938215038118358935e+00
1.000195260870359037e+00 2.429114618357363753e+00 2.557540451618268484e+00 7.208331926089484032e-01
2.416806331327085555e+00 4.363528722720246278e-01 1.490435211708929897e+00 1.529994563075132818e+00
5.460208948520376415e-01 1.013015191715438634e+00 3.073855993858909397e+00 1.286962565777079126e+00
2.226771606958419247e-01 2.935601801989856874e+00 4.707651099456484634e-01 3.126547117052487668e+00
1.651574094548174942e+00 2.508766473232923566e+00 3.099435601896183279e+00 1.595154830396146695e+00
2.190472693987387753e+00 5.461154276329761581e-01 2.644844322433263617e+00 1.777442674411127799e+00
6.821495864617367344e-01 2.343049706290289080e+00 2.347726850735521786e+00 2.640808627966530153e+00
2.378612995915487360e+00 1.800474391108637828e+00 2.767611744610916524e+00 2.103674869956543514e+00
2.989625637169731398e+00 8.378692165068473141e-01 2.604445209775173797e+00 8.712684102060139768e-01
6.962412245297761038e-01 1.976770819832928350e+00 1.411536058774413238e+00 1.773405357028707163e+00
2.115956374213641411e-01 3.074526693287799262e+00 2.794286699861210810e+00 2.355401360771617103e+00
1.091133814114658929e+00 2.906080774287631119e+00 2.144207955194145310e+00 3.093237506234658873e+00
6.115616881378907466e-02 1.856014324386468850e+00 6.545191390493523276e-01 1.475546252605092867e+00
1.254007880602513447e+00 2.328900650909058734e-01 1.981954314429458908e+00 1.429707563981863716e+00
3.129390255812297461e+00 1.427086037169143173e+00 1.665289350781967048e+00 2.139742711934912833e+00
2.229571328562308885e+00 1.222366552886982927e+00 1.009850210967051520e+00 6.280675842832213196e-02
1.570810672521441242e+00 2.237167237066619574e+00 2.206732717156627555e+00 2.192391622009795427e+00
5.014818611888814948e-01 1.132648974680589227e+00 1.757364973488169668e-01 2.935221799475525195e+00
2.434260116182961120e+00 1.071814473154842906e+00 4.598538136322669057e-01 3.092660632066417947e-01
5.795293332036393075e-01 7.601032154495908078e-01 3.096558183074291204e+00 2.314020524306147575e+00
2.655665437534999729e+00 5.824654247962369330e-02 2.180846883480205278e+00 2.894851616988716181e+00
2.774690653358678372e+00 2.543246701406844945e+00 2.025109255921195839e+00 1.019568319412201385e+00
1.592118509059684994e+00 4.648571686925234703e-01 1.672546769597637040e+00 5.749913440670976206e-01
2.154719684571554161e+00 2.345159151804598885e+00 1.851954259127926106e+00 2.810434385070259111e+00
2.067057028978266153e+00 6.356856052216409703e-01 8.812824945926223119e-01 6.669450473805076385e-01
2.785533320949252212e-01 1.840305037206178440e+00 4.344400418188262142e-02 1.896853258295852163e+00
5.734374617785831241e-01 2.047305374191529914e+00 1.213591427215227503e+00 2.539298880342498177e-01
2.533470241563654746e+00 1.612553292618136014e-01 1.050475853303268092e+00 1.427275369661925142e+00
3.865855808936344284e-01 8.861861363138583136e-02 2.639652975665189860e+00 1.639883842649345058e-02
8.672040298230878630e-01 2.548227267615692071e+00 1.107528461505129735e+00 1.621891221390250770e+00
3.018220304656706432e+00 3.927017189211744475e-01 1.083430264973207047e+00 1.582703891114042083e+00
1.887314199613850940e+00 2.993200797312796979e+00 2.937267447975964618e+00 1.938554556945178975e+00
1.729735413809541100e+00 1.175610182985772134e+00 3.645132741404210064e-01 1.093174350402064121e+00
1.870105442605190849e+00 1.701396336707861279e+00 1.519865092943802010e+00 8.604373605965101035e-01
2.896033728672064989e+00 2.604427933733398426e+00 4.349723335622814324e-01 1.847077280048565084e+00
3.061255946144626705e+00 2.068991776454828457e+00 6.077055309875876166e-01 7.196709024118599363e-01
2.040646433704307317e+00 5.720759142492015670e-01 2.609448038748567011e+00 2.650133727182303556e+00
2.958067895075927822e+00 2.409920560211226359e+00 4.298816984945827424e-01 2.672878186601851613e+00
7.836140200512239362e-01 1.222009361716323461e+00 1.788394035950646943e+00 1.150775630449154957e-01
2.989736549287196787e+00 1.159601004306588745e+00 1.573768154139422615e+00 1.389132068016509569e+00
4.745738404939052191e-01 1.846383397651526481e-01 1.006513559733497987e+00 1.253664336654101152e+00
1.657324768437115625e-01 2.778571309599008998e+00 5.450237680083512837e-01 2.349512749855459770e+00
2.104229891127810947e-01 1.332435812583880219e+00 3.006303403733281865e+00 1.973090068231430960e+00
1.620808539339125165e+00 2.464721777490817001e-01 1.211079465981454328e+00 5.037031997640396552e-01
1.221629630180911752e+00 2.631774892118113662e+00 1.135272013571403393e-01 7.118536381138373947e-01
1.112731707740476583e+00 6.510454862733041637e-01 2.782341053630870586e+00 2.249960012491511119e+00
2.107384180406567165e+00 2.157186727182369701e+00 2.779543111243291342e+00 2.422697722994895386e+00
3.604412373253859658e-02 1.370230119268941671e+00 7.008320559690953688e-01 1.445735562590651169e+00
2.555066570902124745e+00 4.807201033394292722e-01 2.069636183227655746e+00 8.593692612256653707e-01
2.172259738772079063e-01 9.928526534427117856e-01 1.114470167063875916e+00 2.531134924504716999e+00
1.886336979311119544e+00 7.170191330064394908e-01 2.425938459070921649e+00 1.736209149814442965e+00
2.263438643844184472e+00 2.396084065407603436e+00 8.997418832994753812e-02 1.278060658402250915e+00
2.636961872721703751e-02 1.503936618806331227e+00 3.657623417550303069e-01 2.219947893786110793e+00
