3.000498582248638524e+00 2.451722439868979642e+00 2.138236804230202015e+00 1.470992507368987123e+00
7.965864822669374012e-01 2.244940210112300161e+00 1.581925518131216180e+00 1.478402029737899248e+00
1.369227652035059695e+00 1.715144958843834333e+00 2.064596442062048620e+00 2.884959084873254476e+00
6.539161938281337072e-01 1.793198409157993611e-01 1.752247621213949280e+00 2.537122470190049217e+00
7.236294459476548813e-01 1.778275499199641008e+00 1.352761133523835424e+00 2.045308050489982765e+00
1.377943903818230065e-01 8.613700452294890952e-02 6.428074428916262795e-01 1.299649535438878400e+00
1.277446209788190457e+00 2.970366643378001825e+00 2.199684356703391352e-01 5.461852242458460349e-01
3.053874482340740659e+00 1.027265842532898210e+00 1.461347445015457547e+00 9.977875908237052727e-01
2.398049282736856025e+00 1.260190999870114958e-01 1.641818474996688426e+00 1.567959568153438621e+00
1.111399639052871979e+00 8.559585496136946636e-01 2.047230295431968550e+00 1.690133516306831507e-01
1.600396334094449591e+00 1.610794800095096679e+00 2.561460018975919795e+00 2.776487161672080983e+00
2.650996169139963499e+00 6.004969833726910011e-02 2.959702557972803572e+00 1.154295138423118594e+00
1.791774150084790573e+00 1.226708052470766308e+00 1.356722497303106900e+00 9.547075889832878914e-01
1.391599838578327031e+00 1.904906329405260390e+00 1.012196844780529847e+00 2.876984564766477348e+00
2.951980281897777392e+00 6.074871723205411689e-01 2.334783749153752641e+00 1.203037608413956239e+00
1.023651884883653329e+00 2.015960684521120427e+00 1.620328326866571800e+00 1.561671673295577101e+00
7.349040992541031603e-01 2.007638792140086004e+00 8.727821218314878449e-01 2.052860930801196027e+00
3.094482106248815700e+00 3.091258233770941999e+00 4.359543807228080659e-01 2.748536377462082125e+00
1.271237588375371264e+00 2.598380526551445246e+00 3.017455161697465194e+00 9.343136578146072901e-01
2.179092459533602089e+00 1.108338848827657097e+00 2.891011901752864155e+00 2.054899833208518878e+00
9.759511310109312276e-01 2.746493111410969412e+00 2.706658412610452036e+00 1.330971850401228451e+00
1.798730883658667068e+00 8.107555697020683017e-01 2.808974850375526966e+00 2.188446296940571134e+00
1.932355839541699982e+00 2.986821038199773071e+00 1.002137595005347270e+00 6.311516107551561339e-01
3.140962810057333687e+00 3.107409337967118823e+00 4.217790558398849532e-01 2.948996491085756677e+00
8.225785034284216479e-01 2.506031076897119014e+00 1.023303833962532883e+00 2.947796671535556357e+00
2.443643692680199209e+00 1.690078442050950036e+00 2.952769426038283296e+00 2.268774900885433432e+00
1.897192782067557371e+00 2.838993352493027533e+00 2.783162951565041343e+00 7.996456281479658035e-01
1.968041593605678763e+00 7.121977224064610645e-01 1.483886426206454390e+00 1.227923044522404306e+00
2.472880088425168044e+00 1.191908888965414803e+00 2.336417599511857457e+00 1.698296442269516537e-01
3.041104302594678899e+00 3.602248430658950284e-01 6.055405269886119379e-01 1.740437489631808665e+00
2.632058111431295533e+00 2.795697535015534640e+00 2.941825989466940516e+00 4.755380055430349223e-02
8.350167074523466848e-01 2.627001935092695639e+00 1.870524239580835246e+00 1.615668159748083532e+00
7.722500596258098371e-01 1.679631363297810487e-01 2.874106885055807137e+00 2.002123191780277978e+00
1.173343412304872269e+00 3.063637690925501644e+00 2.149095633255736715e+00 1.812030023949811719e+00
2.953030431413363299e+00 2.674141542664406401e+00 2.253861375954775870e+00 2.870424344855700971e-01
1.054186254260579769e+00 3.098292361552617891e+00 2.146307368896544610e+00 2.552343696062622791e-01
7.871713020514922166e-01 4.407451810426696870e-01 2.469411176027648036e+00 1.912038609399477895e+00
1.079131838525903886e+00 6.329689710492831800e-01 2.332615253298160329e+00 2.876122680330698067e+00
1.727793250900579558e+00 1.511748492279711975e+00 2.293130508933263756e-02 2.083127523674834780e+00
3.011325477854514876e+00 2.570249327435600417e+00 1.489321881889688504e+00 4.969116550453079456e-02
3.124255079041689864e+00 1.200371759083736833e+00 5.926401903338980315e-01 5.093479680975294688e-01
1.900428401851163462e+00 2.735333869468197232e+00 2.778573209202861438e+00 2.468585997578464752e+00
1.080725938611968029e-01 3.048412456732444653e+00 2.143470601276319609e+00 2.330041855947816209e+00
1.920297143649669414e+00 1.038817345943424231e+00 2.484770998017546084e+00 1.946329238616487434e+00
2.210740214675578574e+00 1.004923797228021609e+00 5.925445132770299494e-01 3.894162600992749912e-01
9.983810073672297336e-02 2.222901809481350632e+00 1.394982678204941928e+00 1.754989590936546495e+00
1.232255627012547317e+00 1.178899576719888209e+00 2.023524304071372626e+00 2.087274239390677355e+00
2.626106022549319796e+00 2.759057454640539309e+00 1.362033016243899608e+00 3.044482819866830337e+00
1.135795450286142483e+00 1.304370687910619608e+00 2.392176901842608672e+00 2.647035161663233160e-01
2.397096916080371454e+00 2.246626615192583998e+00 1.404318111741725827e+00 9.223643316959159733e-02
1.321552897212520117e+00 5.966365811771445760e-01 2.893849591842730273e+00 1.523102602878028344e+00
2.016656395638984467e+00 5.708407886303062950e-01 5.607843931300268148e-01 2.819201382133444955e+00
7.090419837588093355e-01 3.140177386518220537e+00 2.453725447288699832e-02 1.084472445579352629e+00
8.941902436865949433e-01 2.276312156286731447e+00 1.141064111095732247e+00 2.021286425607341286e+00
2.328736013501750080e+00 2.032850932238374764e+00 2.481230926955692251e+00 2.564823328158791327e+00
1.937367489116149200e+00 9.981140158301538001e-01 1.902242661809106616e+00 7.714112119967778680e-01
2.800765054498032480e+00 2.954534374356469484e-01 1.523008406713229679e+00 2.626948893591990242e+00
2.747587628806237969e+00 2.835060364274597067e+00 1.076556296766063570e+00 1.801290944977742559e+00
1.470530819554507040e+00 2.851885980527778752e+00 7.395470192201673010e-01 1.870970461019271225e+00
5.124315157463649184e-01 6.510203237461078540e-01 1.160972236093855914e+00 2.602856174899212394e-02
1.368990904685255305e+00 6.882340804384092792e-01 2.221817360207314351e+00 2.836338342462540130e+00
1.672913736921701977e+00 1.243093152594556994e+00 3.057842600615102491e+00 3.017290522385665863e+00
8.523486933924845355e-01 2.039547061215651880e+00 6.124435076878815831e-01 3.479584336315188486e-01
8.796645945585427340e-01 5.344817556485914611e-01 4.287131577064373089e-01 3.066533262348239752e+00
3.107007378245109308e+00 5.279506658989907564e-01 2.602785226407027697e+00 8.769738389084855701e-01
3.105500726102059073e+00 1.590241704185065608e+00 1.841343145790806268e+00 2.585888253877701271e+00
1.728031364033304762e-01 2.740509577761772064e+00 9.167768683418220377e-01 6.417776098199710066e-01
2.143221054095649780e+00 6.950306028505661704e-01 2.722912617075401442e+00 1.575618513669826415e+00
1.556170976218778756e+00 1.380043806331166856e+00 1.488616279175391799e-01 9.721897313244495242e-01
2.430073075414500572e+00 1.283539632481135451e+00 2.968936864656465779e+00 1.848872434884240468e+00
4.325578963376744412e-01 1.465284409303856117e-01 3.098387232873669905e+00 1.454323640867206224e+00
7.707517129867440531e-01 2.645938955017593130e+00 2.148024982238944336e+00 3.033957063431747869e+00
2.825651688742244261e+00 1.192562350642356606e+00 8.485145108663819657e-01 2.424978930918322728e+00
1.713043840288652753e+00 2.110127108943337770e+00 2.155033086740853143e+00 1.755174763318501641e-01
2.098884086436168417e+00 1.269206436320207132e+00 2.505071743080735658e+00 1.680469351911204168e+00
1.789254621527228473e+00 1.958766809096290862e+00 2.761415511719894411e+00 2.050221619224733005e-01
8.463622772399511662e-01 2.989400753397680521e+00 2.424657671658188018e+00 5.355737861039642222e-01
2.451363356965762463e+00 4.963032468126452046e-01 8.294836782333033787e-01 1.191842534981852220e+00
6.382534402125079609e-01 1.909986205212209409e+00 4.159847973201614701e-01 1.500579051159919741e+00
6.067718955252517921e-01 3.456150098772363122e-01 2.907508106543799098e+00 5.772089294300174200e-02
3.426967941355366642e-01 2.432894365012209459e+00 1.530040594066067294e+00 2.242740566523705237e+00
1.753276800572095562e+00 1.661661856806929238e+00 2.359571862327188629e+00 2.090296127417277994e+00
8.756639773895917855e-01 2.505686826976679438e+00 7.851906697016098891e-01 2.223343577326946985e+00
1.753543270355015338e+00 1.722079797591420602e+00 1.772153844759350783e+00 3.015302882576050170e+00
1.872251512353035885e+00 2.469693885046662540e+00 1.045354211196634520e+00 7.567982298630530069e-01
2.989658066819468996e+00 1.618386274788338408e+00 1.687966543695851973e+00 2.704513567325088186e+00
2.715044317966636811e+00 1.244255882107722089e+00 3.116532925633907158e+00 9.111472506546508532e-01
2.077370148435397912e+00 2.714524249214118168e+00 1.650808344540394546e-01 7.847279394797547214e-01
2.821642998764802179e+00 1.859908004575033136e+00 1.396201187477637620e-02 1.564667183003372042e+00
2.282645424874697682e+00 1.288185097926124012e+00 2.194791163926799182e-01 1.125608207911500402e+00
1.684395167026204287e+00 2.650451911000099692e+00 4.960666001171189499e-01 3.175297147430863887e-01
7.329111527514167168e-01 2.490760664275518455e+00 2.776565107088729167e+00 2.596927320003781681e+00
2.450931775929230838e+00 5.442300901817566094e-01 3.085140497758622313e+00 2.899397369833619287e+00
1.197894281831652918e-01 1.765819440834639265e+00 1.246821181274580193e+00 8.000770352288046894e-01
2.939686864173394643e+00 1.247134036232898424e+00 7.158358074279347338e-01 1.182664513581778015e-01
2.410903533774599872e+00 9.746511556766890294e-01 4.064809780430820446e-02 1.583898183484705735e-01
1.863192076333651137e+00 2.602121140795270904e+00 2.466578622825590816e+00 2.662615051802022847e+00
3.711590151457475617e-01 7.738540326250689105e-01 1.506567171101977465e+00 2.524688928232591945e+00
2.154976599958471351e-01 1.699260058991754585e+00 3.861217908154029321e-01 7.018015040386558212e-01
9.706877351784647390e-01 1.093229989817219305e+00 1.521969987357492338e+00 8.960018275645708075e-01
6.413824567301655843e-01 8.393588924559549636e-01 3.225407784627545849e-01 1.855787094112013591e+00
2.050911039576378325e+00 5.889510162161302187e-01 2.779099286156336390e+00 1.657164917356019229e+00
5.276390846856988670e-01 3.632316306697511155e-01 4.896617097560983511e-01 2.329079045541564863e+00
2.598987075616205900e+00 5.317632838575899606e-02 2.780845610719352212e+00 2.708618330859017265e-01
3.121459077886113764e+00 2.684081419807877289e+00 1.201322310148887684e+00 2.594136661991644832e+00
2.846774628969807264e+00 6.401477946309216405e-01 2.873775688974684606e-01 7.729562643029349589e-01
3.011051880184106633e+00 1.307371159454451925e+00 6.264104071871678947e-02 2.590670335859379225e+00
2.555913126287335135e+00 5.184770658054104198e-01 9.757355200589356015e-01 3.135837294779768580e+00
2.459990490267166763e+00 1.354481155658777025e+00 8.714924439241351628e-01 1.245588833900762138e+00
2.514117634619094765e+00 2.898377484144134986e+00 2.509733928195583275e+00 2.274774508222152658e+00
1.842443268344552409e+00 2.951307154235073060e+00 1.019418240453919156e+00 2.237368558607329139e-01
2.038589305085209968e+00 5.377111369637513905e-01 2.826314407656324690e+00 8.080787387580278258e-01
1.534301851842647002e+00 1.701741854462974546e+00 2.104060774767212649e+00 2.360385137856990223e+00
1.377848536798144119e+00 4.077488131847529229e-01 1.909674504179324217e-01 8.512644858268818560e-01
6.325883833891412511e-01 2.704848036923041543e-01 8.635304262714573742e-01 2.531490985134601690e+00
2.567350383512173817e+00 2.110866677682150083e+00 2.128258872755043107e+00 6.310297273703751042e-01
6.581887845231780831e-01 1.484487758267339030e+00 1.113371011869158794e-01 3.117697503561890571e+00
1.692190363643316653e+00 2.047558860346016196e+00 1.118143316533520615e+00 1.737452846722321365e+00
2.431792058269203860e+00 2.692883344948016511e+00 2.717073192955216765e+00 2.141816345336835070e+00
2.377270643259734584e+00 2.570690155472412197e+00 1.765266273101004257e+00 2.838215099496400828e+00
1.427306963285925878e+00 2.142493227272299627e-01 4.288921236453036578e-01 1.093494612718387771e+00
9.323251971201295119e-01 1.172208851824811049e+00 2.098149292347621486e+00 1.441720988196459885e+00
5.560267981613788990e-01 2.280689246219157251e+00 1.895438254084463425e+00 2.146067524326759290e+00
1.300017161291391998e+00 6.539138651133930003e-01 9.532989041550207210e-01 2.417801307010068346e+00
3.524656244318589149e-01 2.321259941823674122e+00 2.903845183326585477e+00 2.236488656640030825e+00
2.021948017286459898e+00 2.647858134649454964e+00 2.841686678912772379e+00 1.154628120836477922e+00
1.745020486124739811e+00 2.476903953500646516e+00 1.581180926565677325e+00 8.347210193776725129e-01
1.531902393769076776e+00 2.960692766408499654e+00 6.722756885282044070e-01 9.355771727421113848e-02
7.390546439166105763e-01 2.351534719861954503e+00 1.843173110448230956e+00 1.159239607037329395e-01
1.573638408992639848e+00 3.092096889938253934e-01 2.355899990785584208e+00 2.151514088563933669e+00
1.821932993061649464e+00 2.491923651293315611e+00 1.215851118273242104e+00 2.039441648951913599e+00
2.111861904582036598e+00 3.352724351403279512e-01 1.226082454864497295e+00 9.485765282022394773e-01
2.561437173639279918e-01 8.368803502379247305e-01 8.999628767423770714e-01 1.948638087597715174e+00
1.606805352975924306e+00 1.331886663399477921e+00 1.254673854212675854e+00 2.637668348299157639e+00
1.810330280848962081e+00 1.940684521203061230e+00 1.198031300657664971e-01 1.012899138035125102e+00
8.469695365284879429e-01 1.049655512428077087e+00 3.963240732887490791e-01 1.638304091031390353e-01
1.823230625204629307e+00 2.062135300288585604e+00 2.248182886924908086e+00 2.479103505659265294e-01
1.462538964521593376e+00 3.333369393641798517e-01 1.405743737091457835e+00 1.367498334095273105e+00
2.262556063495552383e+00 2.278154939782922828e+00 1.424284824052751919e+00 4.819377297138478788e-02
2.346553850240049588e+00 2.838400526522342204e+00 3.611723153322936031e-01 2.847215821660114887e+00
1.697645119180442030e+00 1.914568075529069047e+00 2.674459823806401015e+00 1.602761535418479433e+00
2.202015980827216168e+00 1.257245325509204648e+00 4.127999961940076457e-01 1.765989615703269511e+00
3.027672735816542726e+00 2.714904336892498105e+00 2.889875414738165116e+00 1.199824933166670826e+00
3.095238745111194234e+00 5.211558529256542505e-01 1.379486056330594401e+00 1.901034234164935277e-01
2.317601217512276435e+00 2.161692636458646621e+00 6.566359494367868255e-01 6.137904182694936539e-01
2.972705709548437270e+00 2.988073432737631818e-01 1.376675108916358026e+00 1.306906644572854104e+00
1.014409715390335531e+00 6.658712198034879570e-01 3.099292339808332297e+00 4.068380804255922745e-01
1.602910179509129840e+00 2.800618198229405831e+00 1.756323846678882861e+00 3.433313865672654730e-01
1.443069082351273291e+00 2.871116960583655953e+00 6.493812864032200149e-01 2.458662939969067818e+00
2.629173998972407222e+00 8.338849520998977694e-01 1.538086575884761054e+00 8.118801383807361383e-01
1.378172340743038515e-01 2.058473406934672845e+00 1.427390276980706085e+00 2.441372938150816463e+00
1.503840993752025845e+00 3.918319965554524220e-01 2.771234960632224187e+00 2.369158900252065436e+00
2.578145718572481468e-02 5.138509930551252713e-01 3.411511644900305229e-01 1.992228270381187993e+00
2.604236202554106594e+00 1.375592600183152214e+00 6.034411591835355804e-01 2.759771932719995657e+00
1.130266964676827968e+00 1.111605027392578604e+00 1.374391065520360167e+00 9.843606521972614321e-01
9.340137241671992996e-01 1.907785669422678243e+00 2.905090966235179817e+00 1.185318710886053895e+00
2.111668612406891299e+00 2.407343727354601448e+00 2.194227331883545240e+00 1.176392519809358550e+00
4.125065364965945780e-01 3.088230114466199883e+00 9.991969929631818736e-01 1.436787986798727101e-01
1.046568745928245114e+00 1.196899578158454380e+00 1.384804423620526581e+00 2.823665369931811941e+00
9.707217373671626071e-01 3.214980394077268100e-01 1.319774145925493247e+00 1.624009820489332290e+00
3.056308964460135780e+00 2.767948481933293792e+00 1.881964886852445007e+00 1.230328136769255343e+00
1.721071541222578771e+00 2.420085834632294208e+00 1.573426146181189589e+00 2.638750035294773699e+00
1.686088107988611862e+00 1.355420697973920952e+00 1.513020479373283322e+00 1.856840504012260196e+00
2.269311027487048271e+00 1.295775319876897980e+00 3.030770000641654693e+00 2.954616980790585767e+00
3.008462933950119655e+00 1.667270921048253696e+00 1.920520381682621736e+00 7.191072805106251131e-01
2.434469065070429039e+00 7.863508975679897040e-01 5.327382034463934435e-01 2.749654769603446791e+00
9.665497295108621545e-01 1.803928078750711927e+00 3.811024022899898306e-02 7.295397200044209107e-01
1.186967967097700916e+00 1.841320889489315604e+00 8.153125228927553536e-01 1.491429962971621004e+00
1.325563163336334727e+00 1.698538667359527965e+00 6.558411793960015057e-01 1.015848423665499434e+00
2.551571589163679210e+00 1.725097645956819692e+00 2.455422959385333836e+00 3.089831184053896340e+00
2.084391497909379609e+00 1.159300864599308811e+00 5.998382483267467036e-01 2.900323474146859759e+00
6.174437535103661778e-01 2.986555999166024211e+00 2.302370281536672891e+00 2.836449178426808881e+00
1.125312305505102639e+00 6.933958063223418788e-01 1.236353478178965570e+00 1.292558006269579340e-01
2.053812504197192634e+00 2.878272894074664912e+00 3.134195623153301469e+00 2.565103216459024171e+00
1.225399052361675789e+00 1.012726183771140709e-01 7.132358246957757331e-01 3.966328455820819499e-01
5.324603416719246862e-01 1.063275766731337502e+00 3.050698441308318798e-01 1.890163407304614296e+00
5.299956204356802425e-02 7.370927286855217808e-01 2.280098337685867893e+00 1.768964532607194995e+00
8.342968367064688140e-01 3.054042116719401179e+00 2.587141630092089528e+00 2.608389062679839387e+00
1.374900057738368320e+00 2.027066727794096135e+00 1.816968548692807550e+00 2.807372331727200354e+00
1.003113161516266949e+00 2.546896438247831185e+00 2.753785646183999791e+00 2.338198467143552062e+00
1.181553157620522931e+00 2.387359796754050245e-01 1.729009294312691125e+00 2.509333634644586919e+00
8.050821659578982770e-01 2.186565361620889547e+00 3.087388014470361597e+00 3.122702327316444038e+00
2.299876660533272332e+00 1.024143340840589111e+00 4.879571425831069620e-01 7.459927852759112854e-01
2.699920148561936628e+00 2.247909476746678514e+00 2.320089262591113144e+00 1.246187200118130001e+00
1.926789509818141344e+00 3.036887941168709304e+00 2.818721382529688402e+00 2.845390546574566137e+00
1.014636459400628077e+00 1.094545596125060305e+00 1.796307334371930020e+00 1.935067631412987321e+00
2.529616460983787007e+00 5.327839056510841331e-01 1.125380853449853946e+00 1.226756063060532087e+00
1.931940481280161714e+00 2.978225741827586592e+00 2.946218560295185362e+00 2.729066286285337095e-01
1.162708022248140516e+00 2.786904072662588661e+00 3.050670034712894108e+00 1.438414733154664171e+00
1.814986798763463360e+00 1.591971627531248767e+00 1.013498584314443257e-01 1.508478549443666106e+00
3.006502114572653817e+00 2.872848158010683051e+00 5.117296106670055078e-01 2.760113758019235419e+00
7.119492636559159038e-02 2.023416147207409477e+00 7.113236842002935711e-01 2.169525243783756885e+00
1.870396118092526150e+00 2.075287083976134206e-01 2.891010941953153779e+00 6.702482244315728366e-01
2.376325255274045478e+00 6.123297986666962345e-01 1.449677306784514563e+00 1.343258556370304557e+00
2.131694643368170272e+00 4.375163971145086261e-01 2.352985322382416200e+00 2.674019058208236377e+00
2.096152712119814687e+00 3.062128011399399607e+00 7.376723086859765521e-01 2.683458214076642090e+00
2.467361883023406310e+00 2.135254618821164296e+00 2.130570399365564693e+00 4.731784152719302750e-01
9.180271363604539658e-01 3.047268571092919043e+00 3.941881543877824856e-01 2.620525967501881937e+00
1.224397324989331182e+00 1.338099491262245477e+00 1.682652581255207558e+00 1.523303055931224170e+00
3.647342722627119893e-01 3.073425261221883087e+00 2.493727922622609228e+00 4.748035190572639230e-01
6.618046911402245547e-01 1.356624355776125945e+00 2.804272289731686740e+00 2.716166410096375827e+00
2.961567516387400900e+00 2.564422141354006701e+00 3.109283466828832054e+00 6.125231216220465846e-01
6.083086050833205749e-02 8.975432141716731538e-01 4.813618607941440586e-01 3.026883150712543102e+00
7.452349001824776220e-02 3.090473265807775149e+00 8.978077357105330725e-01 1.440033653476580744e+00
1.290012431702399542e+00 1.298916430915386000e+00 3.025487228688469976e+00 5.630319372395927724e-01
2.200502736839079265e+00 1.253191002058309245e+00 2.938761685852480543e+00 3.973138691735692007e-01
1.533512854390952640e+00 2.450805210154727298e+00 7.002021575878458748e-01 6.793417872506433142e-01
2.323339115633895169e+00 5.425136532825441948e-01 3.092151224834294609e+00 2.425318911224817242e+00
8.333652717328109416e-01 2.242017498795384700e+00 1.808866806444614950e+00 1.034755493378323177e+00
1.666674938831869790e+00 2.687582359395972453e+00 1.603588663389897251e+00 1.729888693258255561e+00
2.393717057986910479e+00 2.741142776691099403e+00 1.793570092392549942e+00 3.101165269945732827e+00
2.662453244346193681e+00 1.802570078427564670e+00 5.837451552801582455e-01 3.561668584779494329e-01
8.179981589235219008e-02 2.792741572979724474e+00 3.003406139123107721e+00 2.478754509400169059e+00
7.911548764229062725e-01 3.028655716797711950e+00 1.935215332769829377e+00 1.842687156602075271e+00
2.552328456483446306e+00 3.126747428283445096e+00 1.722383233809765768e+00 6.409085883861761479e-01
1.899498650404382705e+00 8.079444235455036927e-02 2.351854247425262390e+00 1.566609731441163111e+00
2.826650416413722056e+00 1.773399820808034377e+00 2.374799730887113824e+00 2.734268855549736532e+00
2.360610388903575441e+00 7.595119425355492671e-02 1.383370924761924581e+00 3.003733389692179845e+00
2.799671367178960590e+00 2.660775480847736851e+00 2.996630956282439140e+00 2.230181418620362788e+00
3.006388217059726031e+00 1.173112497002828380e+00 2.575053957412190897e+00 2.778346587311292026e+00
3.128169567803506634e+00 1.341433419603944355e+00 1.008529546692961576e+00 2.033895718272606956e+00
5.993728749302914549e-01 1.804629170191062171e+00 3.681549531346333670e-01 2.585448499099013198e+00
2.243758361566481341e+00 1.984555419443806201e+00 1.041149086162275417e+00 2.031712629787963742e+00
2.478789745210540740e+00 1.744393833166260066e+00 3.141623491751268094e-01 1.232229321221574914e+00
5.753532719562816089e-01 1.345327710642023389e+00 2.156913852282736688e+00 3.075278510343802396e-01
1.366385569378680831e+00 1.169726015744721570e+00 3.051980287111148438e-01 2.912664631824139150e+00
2.499904118334415948e+00 2.765303409663375511e+00 4.389626232499904690e-01 2.155446540425488333e+00
4.474338189332029841e-02 1.733553860400469437e+00 1.606032785188607592e+00 9.152527390405613694e-01
1.859803150668121852e+00 2.470645680743808192e+00 1.834920272775089733e+00 8.734723628087232017e-01
7.833363316158428735e-03 1.272060673683590881e+00 1.724733596412584280e+00 2.547683644156023330e+00
1.874177346970746783e+00 2.273623591376989328e+00 2.917152523050785984e+00 9.056049130010402903e-01
7.012007843313650124e-01 7.217202305270354890e-01 1.301438764459173170e+00 1.480742235290454012e+00
1.108022213011744528e+00 1.862265952311360717e+00 7.701431548888917900e-02 7.970962817064485284e-01
2.493483980008407652e+00 3.042799596066080303e-01 1.104916574286323033e-01 3.002729572939995872e+00
1.433060022115223653e+00 6.569990747337079995e-01 8.200714073996799858e-01 9.311301606189754665e-01
3.083283846724705901e-01 1.304053025460796933e+00 3.081213195385164472e+00 2.975538342910640122e+00
3.017119006900514044e+00 1.684774955106108418e+00 5.658313363927379713e-01 2.160396891180180301e+00
2.642998850483025741e+00 6.087784992343407975e-01 1.478569721472175746e-01 4.927353454980425429e-01
2.011304369645917411e+00 2.408022396547691457e+00 3.520518696938231690e-02 1.465757754667883273e+00
5.292627627522633604e-01 5.383410670660997432e-01 1.976491550611698456e+00 1.806385230652726825e+00
3.072234302196572564e+00 2.437239287061625959e+00 2.606081289071632501e+00 5.459903676607028578e-01
1.921270924222999943e+00 2.464120706784594272e+00 7.461153801141545694e-01 1.297239041112333791e+00
1.892952036722527487e-01 1.211183179002464527e+00 9.530754302410509027e-01 8.938744183584104164e-01
1.188739025217445400e-01 1.841534388900651020e+00 1.142075239560109701e+00 1.195182295274149986e+00
2.869147353507611964e+00 1.769869610283199668e+00 2.371877740458424810e+00 2.550180934776216102e+00
5.074579622366914844e-01 5.837430737141575676e-01 3.131430512310190650e+00 2.148736346690987009e+00
4.584707426002029296e-01 2.676534152383339027e+00 1.635011200473944104e+00 5.412319308944240071e-01
1.487932567843226916e+00 4.926510134467511626e-01 1.952299392611205553e+00 2.511980087764925873e+00
7.704921486231776084e-01 7.308866934243466451e-01 1.113848383992527280e+00 1.371881801493476827e+00
6.827835329529382546e-01 4.626604474695869551e-01 1.186793164871498663e+00 2.537442503331373000e+00
2.677193879725412895e+00 1.039750394728998328e+00 2.085545608852932276e+00 1.547243521366763019e+00
2.076443099458348485e+00 2.690346180335520643e+00 2.143582951992865748e+00 1.758624960548537564e+00
6.147266098086933139e-01 2.813688282448205236e+00 1.812863927065225811e+00 2.683600983673720020e+00
2.770071736463225687e+00 3.808670925874911295e-01 3.945560479302213652e-01 1.474369951626876452e+00
2.965218457171360456e+00 2.120302163289809361e+00 2.432182242514143500e+00 5.030753427447602899e-01
2.738904623803915861e+00 1.540732207030834244e+00 3.578496951226877165e-01 1.277891862715658577e+00
1.349243490283587477e+00 1.366317831019701945e+00 1.552427007727333219e+00 1.812972868357611622e+00
1.629374963487936867e+00 1.371752681862464573e+00 1.989716889260038535e+00 2.585270557708793771e+00
1.168086723221496648e+00 1.673844899711655509e+00 1.032291868775989219e+00 2.486930012094488163e+00
8.917657105470461198e-01 1.189382950370753367e+00 1.038618888207405444e+00 8.674061703910780352e-01
3.005330261614417298e-01 9.383142250714698873e-01 3.698694601274296612e-01 1.027482210867895818e+00
3.106729364409001715e+00 1.308362199547771887e+00 2.311684860904109406e+00 3.078364602710600195e+00
2.555720009360653133e+00 2.315577001827078263e+00 2.776586891810786106e+00 6.297698930257976391e-02
1.892254463697578437e+00 7.213840661361405893e-01 2.576278263719579797e+00 2.566793661295318607e+00
9.624935156122570445e-01 8.423481732188732307e-01 2.765157303171937642e+00 5.366635433019314450e-01
2.954921335312481023e+00 2.722692637366784574e+00 2.028079380350215732e+00 7.394991621102606771e-01
1.612463414018168395e+00 2.490880258243602263e+00 1.105637762291059589e+00 3.054443803280400882e+00
6.545397522025062087e-02 1.732614413202033354e+00 2.974756022803222155e+00 2.879615649834357249e+00
2.851084561829575037e+00 9.804663167560793147e-01 1.640979952519960650e+00 2.891764302549429289e+00
2.090435604383363621e+00 1.793211555535049850e+00 1.025348121097505061e+00 1.736368281061844820e+00
2.506450532935047271e+00 3.039304866093877955e+00 1.714964070869217316e+00 1.142282310271339973e+00
2.645316448730050674e+00 9.113199523291043436e-01 5.854513707918158616e-01 4.958420208037471466e-02
1.707198287079448873e+00 2.423515610717741076e-01 1.150178206031277739e+00 6.640665018105473827e-01
3.065289613132469615e+00 1.757799835794198406e+00 7.370015558276483691e-01 1.371904082039483441e+00
1.660660052655285046e+00 2.400421937806819894e+00 6.007782431118159350e-01 1.400896038012122480e+00
1.907957422922426982e+00 2.691621017930653004e+00 2.997546440073935337e+00 2.803097632047514498e+00
3.082749906000112006e+00 6.202769287908848073e-01 1.283837798468417946e+00 1.109324062860056914e+00
9.127572129121491740e-01 1.791336455052683796e+00 2.714789042093256555e+00 3.076944807348000577e+00
6.953592302476319098e-01 6.032466768162134674e-01 1.760200364807710249e+00 3.156608163503364910e-03
3.128877793872393731e+00 3.065632151721027654e+00 1.578826966961707878e+00 1.011320535496008199e+00
1.198495824321166303e+00 1.494669649751742879e+00 1.382885852191393150e+00 5.545950027579039654e-01
1.808143442541803037e+00 9.157195337439516525e-01 2.843902448012421313e+00 2.734894440446849373e+00
3.046135588903106761e+00 4.802850678371928805e-01 1.456285405303101577e+00 3.499968000575698901e-01
2.722504658619830487e+00 1.453976161881997076e+00 2.013771936107168870e+00 2.033358638160195353e-01
9.049746844744045449e-01 2.864336559193486398e+00 2.630335318261203814e-01 2.351936726198074201e-01
4.176343987790333556e-01 2.791808383344900779e+00 2.751645710878819706e+00 2.314231976553719150e+00
4.970760268931957021e-02 2.029592994621959523e+00 4.430795703951552755e-01 2.794869955791832616e+00
8.901354728020010043e-01 3.039428522105922514e-01 1.093790580590244810e+00 5.589475341677455633e-01
3.054822906130759907e+00 2.782024515855774816e+00 2.508505351041286247e+00 1.260775559074591046e+00
2.873673391023200185e+00 3.869757666564473397e-01 1.925241986329112809e+00 1.662380430377751628e+00
1.195753369107739550e+00 8.798416081456271742e-01 1.868444999764226899e-01 1.991673924761385051e+00
1.796381472933112011e+00 1.559998423851926663e+00 8.799412636097475593e-01 2.138265717797721566e-01
6.218233549217622169e-01 1.127712281605316225e+00 1.269377593069536792e+00 2.107189259248271718e+00
2.008788051223564075e+00 2.078957945020174058e+00 2.085077902360600088e+00 7.268275961570273003e-01
1.178857946598286688e+00 2.779988371052475760e+00 1.515800982982616674e+00 5.766124012765230095e-02
2.333971145441714690e+00 2.735532209785187963e+00 1.773400418994349304e+00 1.188587212284012873e+00
3.016002928076864542e+00 1.958692989115007332e+00 2.359261617066125361e+00 1.534540238410625701e+00
1.902289216283748960e-02 2.107020950489562505e+00 1.040657034026057914e+00 9.169925455028629102e-01
5.098278392230334299e-01 2.787495103507027672e+00 2.967729096087690532e+00 2.733096351664300983e+00
2.083044298090504842e+00 2.125756986989542074e+00 2.574125976756256762e+00 1.473531118550383878e+00
8.387335467892972352e-01 7.692899237358440390e-01 8.204276757881352466e-01 1.796914443473487388e+00
5.786655051074965916e-01 2.323990772456945741e+00 2.182861079608343413e+00 1.852199179114101923e+00
1.546942012628865770e+00 2.739160590732373279e+00 2.307403998894088204e+00 2.024126439209450012e+00
9.343347738666059055e-01 1.378612997541992513e+00 1.723605930683788090e+00 7.380853011350591020e-01
8.811598822304707312e-02 2.251302429027522312e+00 2.322110166679575816e+00 2.052035420176038516e-01
2.152722544888974188e+00 2.156474874261466557e+00 8.741735242392576488e-01 8.105578279057846780e-01
2.774102007601427111e+00 1.000761439957209786e+00 2.658546499622608472e+00 2.484679658285127601e+00
2.111509720239507448e+00 1.880809492810993522e+00 4.224180712000857874e-01 1.023440516840786962e+00
3.009604763592966137e+00 1.368674643743422736e+00 8.152059754043209372e-01 2.616421561223359227e+00
1.893689081451057410e+00 2.595228779681015285e-01 1.428453865340156170e+00 2.619610640162237214e+00
1.526328444581832811e+00 2.265056443692986532e-01 1.194927077497341505e+00 1.460977089268266527e+00
3.516788804237915844e-01 1.760756271210777379e+00 1.135467790432939994e+00 3.029769248757023803e+00
6.651420508877108340e-01 8.406355140045821406e-01 1.873011012038171108e+00 2.332195696807044083e+00
2.916777217955844215e+00 1.291816167196752962e+00 6.288847341379552036e-01 1.652827044840607496e+00
1.545146390897550737e-01 2.573774711751937172e+00 1.095318698088397324e+00 2.245098528576001229e+00
1.180788613263553666e+00 3.130175417849212938e+00 4.708896887957532695e-01 1.052566527395339957e+00
2.871781990344605351e+00 8.137627438867651719e-01 1.089584123948331706e+00 5.688186981254528263e-01
1.632559844555459660e+00 1.016496181420717182e+00 6.805761453546173012e-01 1.167995442218059621e+00
2.021153125580484655e+00 2.414143270468146696e+00 1.250685384692138857e+00 2.934727782495672344e+00
5.568706983202813543e-01 1.105020817968193958e+00 1.413911313826024418e+00 2.315298406757486216e+00
5.016675208706566913e-01 2.266788811865035225e+00 1.774388113431823344e+00 9.631262039323047752e-02
2.023960799140787525e+00 2.885096217247017147e+00 5.435228431595848786e-01 3.113702754926784277e-01
2.170805075494156799e+00 9.751800361986858734e-01 1.559697256700240064e+00 1.116979653483990198e+00
1.259649032447172738e-02 1.617537627128722288e+00 5.306204507467041642e-01 2.954760921732044743e+00
6.496767975391658512e-01 2.720511330270249939e+00 6.148780641629104649e-01 2.049524619650102242e+00
2.277054074650930904e+00 2.176236929870405845e+00 2.110212873764377939e+00 5.095594238920421182e-01
1.305485027414621246e+00 1.535959788662004444e+00 2.238634162083858459e-01 2.275153293293896706e+00
1.341380654635394576e+00 7.457918783613756153e-01 1.569359836391476470e+00 2.190699314272122944e+00
2.201312211756140336e+00 3.516993713330208715e-01 2.039342463100956682e+00 2.283157513887112522e+00
2.968979535001853076e+00 1.735270519816292545e+00 2.725730857540945018e-01 2.322444243904947303e+00
1.813800050094673821e+00 1.392964513598400567e+00 1.441076705801326741e+00 9.941600490240254384e-01
1.991990179817379802e+00 2.567414530409308782e+00 2.634486544513250816e+00 1.836356348580241882e+00
2.676008514857783460e+00 1.363961350035866937e+00 5.367353632134820307e-01 4.312411572769651036e-01
2.905416532404041963e+00 2.145912060076546890e+00 7.939527372131206517e-01 2.744025358972880912e+00
4.363651344542725241e-02 1.108767987480866024e+00 2.554967182701665784e+00 1.900836021113974539e+00
1.458965850041944012e+00 2.579190933481926851e-01 2.814140765430680702e+00 2.111452668059430771e+00
1.419764932860092532e+00 1.572395561207145631e+00 2.801498698034553758e+00 1.833840371779034806e+00
2.382588472778115030e+00 1.760290439051106270e+00 3.025890166668540604e-01 1.380732421975749746e+00
1.571152421424137247e+00 1.800001138621255325e+00 1.486642194499235625e+00 1.454670105717619455e+00
1.828107368340659233e+00 1.065711999309746361e+00 3.891704180601621710e-01 2.064692371163486584e+00
2.562305142320200346e+00 1.903405838304939923e+00 1.221206159033550565e+00 1.648228063448003322e+00
1.705975396352148010e+00 1.098143404765998588e+00 1.661722944977477745e+00 2.616165141622106116e+00
1.939814320297017280e+00 5.371695625724072221e-01 1.937428912899063160e+00 2.207493167942649492e+00
2.160359879218402279e-01 1.391819731273536975e-01 2.738723785773867547e+00 2.415791612531928312e+00
1.666475768231614918e+00 7.802145617081100992e-01 2.064085373096409270e+00 2.186941882540081039e+00
2.310226497248367927e+00 3.052903383590376496e+00 4.663483315692878994e-01 1.174925329630560400e+00
2.547442241760773829e+00 1.790785891134861196e-01 3.128725170709221182e+00 2.869298161879926923e+00
9.306837866082100508e-01 2.498959148121970397e+00 8.338036686853309565e-01 2.743852325280433657e+00
1.364604481510556466e+00 1.600681096886827470e+00 2.493246498039554115e+00 5.610438723451371956e-01
8.745730050988601567e-01 1.166960962182508554e+00 1.804925540072348067e+00 9.992623980852047838e-01
1.679568461455900330e+00 5.305513625720031934e-01 6.357355227097938322e-01 1.505487622065343201e-01
2.290327597501116141e+00 2.989950749433130106e+00 4.599873535940315339e-01 1.100718750936008350e+00
1.066786101671010067e+00 2.379166154039326297e+00 2.950414038686615559e+00 2.754201698320065894e+00
9.954301449668888635e-01 2.642341115241261251e-01 1.378759172130531008e+00 2.229752227132236975e+00
4.417772156816429652e-01 3.037344012507990243e+00 1.713768683340663568e+00 2.327525879331161729e+00
2.957394288273876182e+00 8.616055822014055954e-01 2.424952797279706473e+00 2.071093608639158479e+00
3.105516918362520418e+00 5.878274014718725127e-01 2.818641871264548460e+00 2.708260094982970489e+00
5.185258487800576965e-01 2.334040059769650899e+00 1.421350708966518495e+00 1.753922319956325415e+00
3.009464401189088978e+00 3.123199808957747070e+00 9.316721308417895697e-01 2.909009452382633754e+00
1.140378486447987560e+00 5.140577889850995730e-01 1.801340307749517811e+00 2.255008773998517402e+00
1.228906449281684354e+00 1.844564388381714770e-01 1.225698952287399113e+00 3.811048306189439572e-01
2.568398174402994005e+00 2.991195498475655246e+00 1.541644863641899565e+00 2.954621110148277108e+00
1.527701118267416613e-01 2.206604380364094897e+00 1.543743759763337220e+00 2.488626531577415868e+00
3.955119996339861999e-01 2.961036062728795937e+00 1.611059770922184997e+00 1.718649767349171631e+00
1.200145835336047906e+00 2.172548886916275457e+00 1.465626949845413751e+00 2.610639447539035540e+00
5.667873711059485675e-01 2.073279145274081081e+00 2.108060165990613744e+00 5.916412758753422096e-01
1.235746927311159732e-01 2.094680245609654712e+00 2.069002878959755432e+00 3.305713533723446673e-01
2.162882726468561057e+00 1.216569369340157580e+00 1.985271243072006975e+00 5.575431512430536474e-01
7.338163901105317910e-01 2.332487608165587367e-01 2.184553139077967998e+00 1.231574070516825881e+00
3.007533178548854824e+00 1.209607934490451342e+00 8.754604208698909540e-01 1.638004441553765567e+00
1.607850166030545758e+00 2.916704036301153824e+00 2.372470339117963789e+00 3.837276554173793541e-02
2.237988336908638853e+00 2.001958730326383495e+00 5.986304330898162274e-01 1.507277636218912864e+00
9.151485160540054897e-01 1.764216921551944095e+00 2.798225694418516429e+00 1.753943307514176153e+00
1.599943905987848858e+00 1.740456224179440126e+00 1.494666571643032960e-01 2.661500066617602744e+00
2.179771845242401973e+00 1.939841369882620459e+00 1.331031335402224069e+00 1.221184319905081139e+00
8.019361233299202585e-01 2.524448826385397471e+00 1.773819901181505232e+00 1.165325675219257784e+00
6.551781042418356460e-01 2.236117381857178010e+00 9.814451932026931891e-01 2.530678734602764823e+00
1.622991295349816454e+00 2.624232894057798138e+00 2.025971597520402678e+00 1.124883020574143133e+00
2.234976393830225838e+00 6.855510992771544077e-01 2.544935332711699694e+00 6.887362306809956536e-01
2.618926729023213440e+00 2.748722210341363770e+00 1.904780358120775841e+00 2.359371053269416207e-01
6.608515166253526862e-01 8.783500845297816939e-01 1.350896956477947164e+00 8.985569322623101485e-01
1.305617862759048675e-01 5.916590310362391802e-01 2.801718914617420397e-01 1.239134817598110727e+00
8.746128424060179984e-01 1.004640412857276344e+00 1.611106476135357068e+00 3.089858559719034226e-01
2.021260952062866045e-01 9.805925184834740627e-01 1.048961731121625718e+00 2.315024622081412353e+00
2.191690300254976798e+00 2.724650529245649100e+00 2.486497339124139838e+00 9.916057601753106576e-01
5.259821825443979915e-01 2.625162585088279155e+00 2.963592655702464995e+00 9.540278562170241283e-01
3.875340584692613111e-01 2.951531447320417723e+00 5.764869640589742605e-01 2.083759379752102792e+00
1.001384696518777151e+00 1.103138288706250636e+00 1.756481343775170068e+00 1.132754311292294647e+00
2.042766153822796138e+00 2.934124938128388926e+00 1.184959225505544334e+00 2.949267426413851645e+00
2.832094556114410633e-01 5.908248770426564045e-01 3.702676525729666213e-01 2.280707729987032195e+00
1.078329678727582841e-01 9.556907055119185923e-01 2.839825709302411294e+00 4.609227314483042570e-01
1.051692207334675944e+00 3.416168376636518622e-01 1.162216095937935290e+00 1.288708748112849634e+00
2.105998201577465867e+00 1.397604087650524685e+00 2.585451359186027087e+00 1.276890790853929758e+00
2.660012741973497352e+00 1.195249299272282073e+00 7.183544898845772853e-02 1.284372000705577221e+00
2.266668960287879120e+00 2.497575700243657160e+00 2.704735012085360601e+00 1.336812798303566918e+00
1.812730829185446702e+00 1.400674905350473010e+00 2.970067802525642175e+00 9.156815197795287187e-01
1.249762638790627767e+00 8.178920893008209125e-01 9.649966000287469869e-01 8.850567419292380000e-01
2.601690240494920925e+00 2.098859538701936422e+00 1.154295345712768928e+00 2.669705465910900077e+00
2.991053550653487214e+00 2.838435381123151302e+00 1.046494554031568214e+00 6.602178452746276793e-01
1.718327589605308292e+00 2.949119752294550256e+00 8.291412748292189550e-01 3.925367478695771517e-01
1.142328014157686922e-02 2.321094595887175149e+00 2.662095908712655667e+00 1.534419375169117306e+00
1.514547048899672399e+00 4.356064548271394998e-01 8.654962140443437368e-01 2.899763432509001038e-01
2.081940362186295024e-02 7.621063572762353244e-01 2.113632470799377272e-01 2.835052778080660030e-01
1.452135189360510781e+00 2.195286532660335688e+00 1.691143360091048153e+00 1.684727180827314541e+00
1.921339230422915101e+00 3.009394808257452425e+00 7.654671792499013749e-01 2.202149571531960781e+00
1.336268919156065493e+00 2.105427709128171454e+00 2.308597572391395847e+00 2.705852609231680361e+00
6.014545394059622740e-01 2.287517038484952747e-01 1.136712883633245630e+00 1.058525344086879844e-01
2.449788190609053284e+00 2.692548586051411452e-01 2.567282282515377823e+00 9.580875873094115702e-01
1.304110028382773345e+00 2.008827629321537245e+00 1.143796720682570545e+00 2.814590669363724817e+00
2.584529158349268663e+00 2.410878244955451333e+00 9.594721720182902702e-01 1.081399288195054487e+00
5.237236837672804013e-01 5.805152091898467814e-01 1.394728941269330003e+00 2.600040504463799973e+00
1.706287256170924360e+00 1.978131801924472022e+00 1.632748029397525169e+00 1.384396715814979029e+00
3.053885074186136528e+00 2.918945547690663389e+00 2.308984688274213326e+00 2.465326866132645289e+00
6.631174883949889631e-01 2.908581772382014208e+00 2.577122814548379326e-01 8.430591172298800284e-01
2.401087001510699537e+00 2.191832736646001312e+00 8.741824590950703078e-01 3.114346090203176320e+00
2.453152600819823004e+00 3.376525671737926060e-01 2.326007571945488017e+00 1.540594141441711473e+00
2.299461147541693451e-01 1.128279742476157699e+00 3.047959699680165002e+00 2.270576240959383707e+00
7.733316532275237576e-02 3.120376501611224374e+00 1.763947943221785941e+00 1.514913984008290804e+00
1.425741265075594510e+00 2.158389271824679323e+00 2.419639367357825588e+00 3.008734853746260818e+00
1.083334044522040074e+00 2.726476386890021253e+00 1.973893870851308741e+00 1.196455927186444335e+00
1.256119816785384868e-01 2.952910896479615133e+00 1.058764395760771970e+00 1.111118226459796743e+00
1.821279650866294508e+00 2.983457502279525997e+00 1.612950462971587395e+00 2.276567484262979058e+00
1.148028298310467370e-02 1.980043662781634239e+00 2.397476605983364095e-01 1.173141760063588279e+00
1.929745097523839492e-01 5.325664424636430416e-01 2.914270429166142318e+00 6.047599693485381511e-01
9.089072779901771759e-02 2.467976427632965208e+00 2.873128202050916347e+00 1.775924884277981786e-01
6.127911284432246974e-01 2.987240769639260662e+00 1.512731127503239348e+00 2.922265182382520976e+00
1.544137186301200337e+00 1.069128684564224496e+00 2.517268683853854050e+00 2.787501579523587569e+00
2.534498308104604289e-02 4.653239186192025256e-01 2.661088432426919503e+00 1.690888215595724109e+00
1.139030840208604900e+00 6.572078811217281213e-01 1.598294692669839145e+00 3.135734803504345969e+00
7.184664181786194481e-01 1.683102781074054199e+00 2.893980988741595706e+00 7.316399605400952799e-01
2.212011320380328216e-01 3.010340629735662521e+00 1.141265439303198015e+00 1.450791636752865710e+00
2.883766941649743121e+00 6.252334927106492080e-01 8.047740960243590091e-01 8.330301458026679873e-01
1.212699318616129229e+00 6.025775856864741264e-01 1.963279253434443650e+00 1.119787879070000686e-01
3.057891901432468362e+00 2.790752776914384725e+00 5.065806576523097515e-01 1.955597374988109760e-01
3.002641736382368087e+00 2.822506036537801410e+00 1.673848083095432315e+00 2.344890452825693750e+00
2.875802166909120494e+00 2.144669546720125552e+00 2.871145808860248394e+00 2.173361269752699165e+00
7.121806720452528161e-01 1.076099469804278341e-01 1.582176903392413125e+00 1.318232696380811309e+00
2.290919850168991800e+00 8.187884681442991752e-01 5.242587896152262061e-01 1.232154119277170556e+00
3.369811096157010466e-01 1.742049773385935030e+00 1.429265206065520877e+00 1.067710223425196725e+00
2.585258489448457375e+00 3.026151291579000979e+00 1.322824373524835284e+00 2.389181341673313863e+00
7.484493219668637565e-01 2.119103395163599579e+00 1.180964844316881646e+00 3.401974123954509821e-02
3.127199798732269720e+00 2.391040782358630143e-02 7.507930210390635350e-01 2.180430136383034956e+00
1.772854292898751849e+00 3.187490082603295360e-01 1.350497343887665291e+00 1.416317339522116248e+00
2.481513020339346731e+00 2.093696457668625666e+00 2.738998375367791116e+00 1.746492111163591820e+00
2.987385759358635262e+00 2.384649539192163825e+00 2.167963020286937326e+00 5.209431991877606638e-01
2.766448727909267991e+00 1.511842032467174635e+00 1.876799152617502631e-01 1.103984992884834870e+00
8.422545629873130490e-01 1.785520507211835750e-01 1.714102038812803874e+00 2.789915277992377263e+00
5.454196895489363817e-01 2.346390363290743242e+00 1.914260802363705771e+00 2.404180549298807090e+00
2.586537363510283960e+00 2.686158866651071619e+00 2.110421472157054446e+00 3.941105639224499191e-01
9.967001490895339710e-01 1.888914933208015290e+00 6.202499289780311065e-01 9.764258040360982438e-01
2.372521977099563362e+00 2.392211263858162074e+00 1.054877809115134069e+00 2.663337731672875464e+00
4.611749912606369906e-01 9.633846751158107180e-01 1.178793886144684278e+00 1.487891680356499657e+00
6.446609138128130134e-02 2.455885432596895956e+00 9.390584802047876600e-01 6.791976576523216513e-01
1.092654528751383358e+00 1.310415764060048616e-01 2.587996646896835173e+00 4.196766718653822115e-01
2.829200478453920642e+00 5.429180127207789974e-01 9.863362835084470426e-01 1.819606743802220317e+00
2.548221228414681683e+00 1.018970361135328906e+00 1.417271282556526790e+00 1.371727832450694295e+00
1.543068626599631399e+00 1.457014206044623172e+00 2.282232226202314251e+00 1.796239128016746012e+00
2.786205222610886434e+00 1.856647610244750668e+00 2.888549823812280870e+00 4.008636504479146656e-01
2.337979156172166117e+00 2.292188451596782972e+00 2.502168531133578622e+00 2.650604905562655933e+00
2.268133785728018992e-01 1.056364786617014051e+00 1.971516912820393763e+00 2.794651605731005795e+00
2.975417446160706803e+00 3.104032342006886047e+00 7.692655060662637601e-01 2.336662746705741700e+00
1.621469551502278672e-01 2.843807929673827672e+00 1.486993232192501901e+00 5.747368288623707633e-01
5.081515477513781978e-03 1.813920351808166576e+00 1.408762815437753391e+00 1.727530365419006397e+00
2.410642753029567320e+00 3.058453028597976964e+00 2.508078719744825769e+00 1.624066286928255609e+00
7.742273632987008991e-01 1.314987308272207001e+00 2.938663384748877672e+00 3.083837698497544633e+00
1.961126198141022847e+00 1.642698194401903455e+00 1.173740716885674829e+00 2.628231336355860481e+00
3.084506308460235324e-01 2.854205493268276328e+00 2.664882057904304880e+00 1.791527961475690933e+00
2.756143758000386246e+00 2.531497421757006316e-01 3.118455997614489217e+00 1.192639531043051093e+00
4.446808755122372975e-02 1.615585798274627338e+00 7.908193066694456652e-01 1.870511576666652909e+00
2.894897098249205492e+00 2.970493091364999838e+00 1.753616882737766558e-01 2.802921696274363050e+00
1.232924733016729085e-01 2.359454090759500300e+00 1.816770307068186208e+00 2.094159187290807189e+00
4.624475880981143150e-01 3.026819605364075461e+00 8.310546172472319526e-01 3.593765152562685139e-01
2.456214027017605606e+00 5.359880917349032492e-01 7.340381000247314658e-01 1.854113054411456574e+00
7.021379865784980190e-01 4.987374811244312256e-01 1.120183313956878202e+00 1.429527302753381246e+00
1.758557821017823208e+00 1.199257982037133186e+00 1.843536446870973400e+00 2.773415952472836121e+00
3.363798901110814921e-01 3.091043918485858022e+00 2.492779102905804844e+00 5.254122823410708465e-01
1.731477605816011067e+00 2.725845814678254930e-01 9.528022592883059749e-01 1.492794187430234620e+00
2.368526087803951796e+00 1.576765632383730464e+00 3.111434465273569927e+00 8.754125253987882216e-01
1.092203505511918582e+00 1.024492581250860290e+00 7.010578258926130069e-01 1.858101448171494585e+00
1.940516942750200258e+00 7.186120250184662162e-01 2.140289065477231301e+00 2.741729664592098548e+00
2.675700623772269360e+00 1.971971330368833319e+00 5.961783759419188033e-01 7.566982309043844834e-01
1.861975948140327075e+00 2.928824613977948910e-01 2.045773162200415829e+00 1.681552586733313426e+00
1.992361186677394924e-01 1.208214321743109387e+00 3.708145607879428235e-02 1.444477943536702225e-01
4.556870871537750944e-01 1.195347137097215295e+00 1.740027420878519138e+00 2.590080325540365713e+00
8.654510081428902213e-01 8.944281462955133710e-01 3.053996314461099093e+00 5.323568402641971620e-01
3.011416900239262784e+00 1.722408503661178869e-01 2.530611365326179918e+00 9.450199684670314015e-01
9.855205598204758166e-01 2.873606063036252767e+00 2.352411661240119578e+00 2.047193997088570860e+00
2.332846711403860684e+00 2.297653149945048323e+00 1.100193896302160690e+00 3.130613072356254634e+00
6.476912989613844429e-01 2.429333290944931667e-01 4.870734541760377012e-01 1.175076975551380409e-01
2.113746552873811524e+00 2.670275026026339038e+00 1.317613244975815334e+00 1.897712075430893153e+00
5.568176466816988635e-01 1.387655772267920862e-01 2.423431417030575297e+00 5.356254658144304903e-01
1.248416013179705741e+00 1.562421166214298607e+00 6.036325071825617838e-01 3.194786600006699340e-01
1.825061146028063463e+00 5.915770323989958390e-01 1.025885667189599282e+00 1.492661515309335662e+00
1.788374825333699958e+00 2.379274553475720366e-01 3.135140816828797306e+00 1.604366993862291757e+00
1.409538334912429525e+00 1.557274854003025455e+00 2.134469667464966580e+00 1.988645838202943272e+00
2.749578472761566861e+00 7.719057753515395914e-01 1.537631643392673109e+00 1.008322899564992214e+00
3.857350035580275893e-01 2.269833233505414771e+00 1.898166073657047370e+00 4.778589556638199870e-02
2.936207909814055661e+00 3.406456103435948624e-01 2.515335645436506340e+00 2.337546386428534184e+00
1.519571223388438419e+00 1.702729102689205076e+00 6.954072813004495979e-01 1.571979663981227571e+00
5.984348099597393000e-01 2.917698695694495026e+00 2.158300699505090847e+00 1.629305610475387134e+00
4.365853977173839717e-01 1.752252791751621519e+00 4.309531608129979485e-01 2.082078242878172780e+00
2.853373991820161160e-01 2.890779526771170893e+00 2.939100775967723678e+00 2.290118772616148934e+00
2.518747940132256780e+00 3.020487702815264353e+00 2.821887376554073956e+00 1.927533860450191927e+00
3.053029303609539280e+00 1.042841479130606208e+00 5.400199693246751087e-01 1.397235584747334336e+00
6.568088400766767254e-01 2.808977387473532428e+00 2.117023971213075395e+00 2.839812068831477632e+00
2.775938137452236720e+00 2.986705797330419188e+00 2.677854281703563322e-01 9.654219816590690062e-01
9.106088176260993539e-01 2.972816541705351590e+00 4.188396390048482743e-01 2.507405664224075625e+00
1.474333520436794075e-02 1.204783162094544835e+00 1.478805129287842357e+00 3.017279208284342928e+00
2.598061433108657781e+00 1.843370264716696738e+00 1.861586803459039929e+00 2.381439645783730796e+00
2.176765189394191502e+00 9.416034876651619978e-01 1.177941819133897949e+00 1.577353227051849105e+00
1.303759321575377550e+00 9.970926401191113619e-01 6.857079153343452749e-01 4.873603601028685395e-01
8.074407379933663531e-01 2.378990442890021484e+00 1.096680742924921598e-01 2.644609746835986819e+00
2.459037748485988661e+00 7.605688492250047839e-01 9.435348589159034960e-01 2.478134452497286588e+00
2.489415620570698817e-01 1.351639957323734542e+00 2.978782381378290989e+00 8.246638299457188515e-01
1.488269903297702923e+00 2.759239109624872288e+00 1.639547446282877852e+00 8.527951181811141979e-01
1.486370638091286223e+00 2.726650059549250216e+00 1.124310646826913063e+00 3.929436313230774136e-01
6.037251395357198236e-01 5.323270171800194017e-01 2.145176872118264466e+00 1.411152824014257234e+00
1.845168516389675606e+00 1.126856323452894104e+00 3.034584502593754785e+00 6.472595476663674241e-02
1.214138164501043615e+00 2.836583262235828240e+00 3.124644763221528176e+00 8.599269087375578380e-01
4.404247264140470804e-03 1.731624868548630181e+00 2.004517469141462893e+00 4.504059093158025440e-01
9.855987916777389501e-02 2.298928216637989408e+00 1.599866652212605711e+00 1.348813436908503194e+00
1.538278852857487555e+00 3.040124402768633605e+00 1.453423477822747722e+00 1.228672508295715199e-01
2.611534864691130053e+00 2.790779903785700178e+00 2.897250619972774111e+00 8.548235953544095489e-01
1.514346895834547180e+00 3.711784238698140892e-01 2.940585524145854279e+00 1.982543975507160328e+00
1.549110256190459722e+00 7.793283655184022329e-01 7.429134820411195106e-01 1.641830761798334315e+00
3.118944908964204732e+00 2.389144596828808309e-01 1.212535591454964590e-01 8.065127799503718498e-01
2.199565333751605678e+00 2.639835827770515397e+00 1.343092899350958547e+00 2.819900389412586250e+00
1.667041032261386668e+00 2.653031979429080200e-01 1.747028363707700205e+00 1.371317246032047077e+00
2.338964678775133255e+00 8.597117592362525373e-01 2.859952053896067437e+00 5.498156069586730421e-01
2.033683678290542307e+00 1.369301751740578554e+00 6.087595509790716397e-01 1.566522200029490275e+00
9.633863151314432383e-01 7.095044698027036523e-02 1.235437964736241456e+00 9.009760926922091295e-01
9.139573203308473670e-02 3.272135711758519805e-01 2.954311109681909020e+00 1.283549468933268267e+00
1.702232940027725849e+00 2.147009159904958442e-01 1.825719760780752932e+00 1.482613040819990013e+00
5.646127892970449480e-01 1.228726756213854854e+00 1.687511881619230492e+00 2.526678321854406661e+00
1.940132021651107985e+00 2.278574241391784494e-01 1.786213556153479765e+00 2.874857910293158181e+00
2.621251131586934680e+00 2.706619233267546054e+00 2.966998093149453286e+00 2.026881037176907707e+00
3.362805594535267506e-01 2.281986130883649544e+00 7.909662469325601242e-02 9.949373107047776443e-01
3.729424245418543754e-02 1.726178586045840957e+00 2.143984908745356410e+00 1.424653134321879122e+00
1.923953494492285587e+00 6.866104561183222765e-01 1.152781841375642990e+00 2.838856242998034851e+00
1.415501691265393047e+00 1.119207089160740631e+00 8.474049916642745206e-01 2.273721816799220363e+00
2.478731778899677440e+00 1.351796557756247408e+00 2.591487791690233689e+00 2.525244127956355555e+00
1.285791256051558751e+00 1.373450260967027825e+00 9.905989509763999390e-01 2.538138587895350629e+00
2.798634155141853430e+00 9.361356998466368040e-01 2.620316319273725547e+00 3.571354118275574252e-01
2.236428049954807928e+00 6.692126535028962708e-01 2.351596443854210960e+00 4.944778786016142402e-01
2.232773426354821567e+00 4.449120237156806712e-01 2.984600884392951237e+00 2.200293494386059034e+00
8.266030382694847800e-01 2.398548981616765108e+00 1.106399918335551291e+00 1.578264182695013895e-01
2.326324770183849644e+00 6.407140566920020985e-01 1.850267375636237777e+00 1.583740184082550684e+00
1.741723872139793405e+00 2.319482577826365244e+00 1.272175144469844366e+00 1.367643971368247335e+00
1.231420156348510320e+00 5.330167854236370628e-01 1.835062988864003541e+00 1.662348746738199878e+00
9.740423440620863405e-01 4.534663214267152798e-01 1.781611263239323284e+00 2.585013311753293852e+00
3.129043093168518919e+00 4.667216217354697161e-01 9.631510219318005772e-01 2.288788639731711427e+00
3.834223554081059304e-01 2.023921290876637968e+00 1.748214794404334027e+00 5.308177829212690213e-01
2.080547029779775237e+00 9.308344950608966883e-02 2.070619876260693992e+00 3.351688922741418719e-01
1.315264001898475144e+00 8.095994775853297964e-01 1.265635391157495571e+00 1.230317596158042148e+00
1.766938336450872615e+00 3.073569346335161434e+00 2.308928715033957690e+00 1.558708815543106418e-01
2.357909257988648921e+00 7.337952188060479219e-01 3.270721697050736343e-01 1.483185294778538721e-01
2.047075742060820325e+00 2.824625820139550658e+00 2.549623041846884153e+00 8.364576859061503278e-01
5.531509183803186014e-01 2.989312134272573029e+00 1.975032006083958791e+00 2.702575385527809515e-01
2.782934552082552138e+00 7.835258732861806186e-01 2.683920121602498376e+00 1.323943908265357461e+00
3.607663153136667078e-01 2.473513187755178588e+00 1.328372281372238506e+00 9.809236360149257983e-02
4.995852061389893239e-01 2.670642050748685215e+00 2.199759533995466754e+00 2.695533411523830747e+00
2.207355079017859101e+00 1.451711850751497668e+00 1.708250389071452435e+00 7.049905895730245176e-01
1.037532060045788462e+00 1.234391107943370702e+00 1.981225463011376808e+00 1.091433628693003977e+00
1.843463442315496970e+00 2.725185139249468591e+00 1.326632090346338888e+00 2.399843914912264786e+00
3.319032009024758811e-01 2.114152149140887005e+00 1.396443133926896785e+00 1.166218545283113084e+00
1.023982746624728379e-02 1.366843682965644957e+00 2.934450838275671991e+00 7.880633725073020734e-01
2.940945934482898760e+00 2.143529780583844246e+00 2.943130548320174178e+00 2.547716653634327422e+00
2.310518219174867216e+00 4.900533962318242009e-01 4.997066308587327921e-01 2.127760224638419295e+00
2.066177307406048769e+00 2.818638026860780244e+00 2.445691161537179692e+00 1.572504179109851519e+00
2.435802653225489944e+00 9.086579432502026599e-01 9.057330608929472504e-01 2.748628040438811482e+00
1.542532288478544178e+00 2.698954213436662197e+00 1.872408193829974143e+00 2.548176968174720614e+00
2.930310723358152458e+00 4.055489405864258212e-01 1.636844085798043469e-01 2.960957581914218206e+00
3.546945362634058574e-01 2.068210973416206411e+00 7.908573729466145119e-01 1.685915539489902040e-02
1.507301282639435414e+00 1.560655491819060270e+00 2.790707807698446175e+00 1.290025981921631537e+00
2.369619147893673894e+00 2.969443682053251460e-02 2.062118396944818688e+00 6.413382102924172212e-01
2.792427846659699675e-01 2.582996514610299332e+00 4.313269828533360939e-01 2.631642643220225342e+00
2.726242710312616335e+00 1.731945561480173534e+00 2.680121394966656911e+00 1.450695194147301414e+00
2.110912294420285384e+00 1.973774585780364133e+00 1.179769356800155267e+00 1.689779417427877961e+00
1.058622402070160007e+00 1.178386160010922445e+00 1.955878870867783004e+00 6.784877163219051877e-01
2.593370292954853440e+00 2.936396842878612912e+00 2.557017375492792510e+00 3.579433855206102799e-01
2.937108426695882457e+00 2.672862911920696583e+00 1.685743503860961834e+00 3.939720431548019985e-01
6.886733300760571330e-01 7.585580489000385285e-01 1.392327846057202390e+00 1.288356300410263833e+00
2.845387008374872462e+00 1.546273850111925308e+00 5.953762927437973307e-01 1.203843504890725224e+00
1.060057784971458750e+00 2.175944272009168401e+00 5.284651922483646347e-01 1.916214951345798889e+00
3.088740152786652704e+00 3.849585318506804632e-01 6.906642814695943544e-01 1.291467550696154820e-01
2.622135188364261182e+00 2.603185205515377909e+00 1.409858041657779504e+00 1.015671836544901063e-01
1.208326047507930712e+00 2.469744643272514306e+00 2.020329279426226421e+00 2.880753521980849996e+00
2.497598252929062124e+00 8.653411313059209409e-01 1.256590094964230410e-03 1.741924348122766864e+00
1.550491501370236058e+00 1.401497091427520214e+00 1.538088862955361957e+00 1.954303437501185181e+00
3.991164793295163271e-01 3.123751999278922220e+00 1.743616533617597719e+00 1.513972357722931150e+00
2.144610686705200830e+00 1.120443703722622031e+00 2.787658078603515222e+00 1.300944195578156659e+00
3.072430754734098546e+00 9.699013141218745249e-01 1.460742455484725477e+00 2.962807342930762644e+00
2.328635714619305297e+00 1.805631237277252277e+00 2.080317881540001412e+00 2.631397953432778269e+00
2.724315373937327589e+00 3.634732736031465739e-01 2.975068202348461366e+00 2.637662192315290532e+00
1.149316970486897294e+00 1.188688385336269748e+00 1.474815518303961071e+00 1.928307450461246519e+00
3.000837129964864403e+00 2.646633017822620726e+00 1.916382453869992286e+00 1.299229744107039730e+00
1.010730650702115874e+00 1.291932272404271886e+00 1.859004067834974183e+00 2.158911907031660693e+00
1.197634084313261349e+00 2.508310199591256673e+00 2.612719309931795575e+00 1.806753042899708506e+00
1.658954986532864273e-01 2.941879604842857709e+00 1.766183498609820157e+00 1.409899562742474188e+00
2.379876819209098215e+00 1.809111823968886368e+00 2.533716312788980574e+00 1.889629091132793315e+00
1.030901597719593887e+00 1.297601239374942761e+00 2.990321388654391122e+00 5.132084367941588399e-01
7.923606474641262665e-01 2.619371551612138305e+00 1.385654991732707897e+00 2.007522922195497550e+00
2.632031654337592119e+00 2.512030138832705428e-01 1.268482346103650960e+00 1.652867873321546721e+00
1.973258821763505200e+00 6.417650674362033181e-01 2.921740205595859674e-01 6.840512197248553861e-01
4.628601306511505031e-01 1.946669921653253921e+00 1.137328230740523249e+00 2.863259874627215318e-01
1.419969732132830398e+00 2.222433909704420341e+00 4.002787007181606849e-01 6.366251630098833658e-01
1.907026980529999971e+00 2.600717326846615496e+00 2.717547239300479589e+00 2.730304901606116497e-01
2.679204871582563374e+00 9.332780908382520835e-02 1.695885522861741546e+00 1.391788946499023405e+00
5.056553885513696001e-01 2.262190276631892427e+00 2.051676968303532966e+00 1.415186647822261667e+00
3.032394359876987799e+00 3.927338866722176469e-01 9.811879017055952223e-01 2.568427675876113536e+00
1.720563324552389250e+00 7.325559792319216168e-01 6.162848591967618611e-02 1.804632996643038112e+00
4.682760645992000148e-01 3.122525926477688785e+00 1.305877750182794950e+00 2.972645908234869960e+00
2.704215574724096793e+00 7.742043620273466598e-01 1.965790005190429790e+00 2.825006318045752085e+00
1.562978041955709552e+00 1.227009377748366631e-01 1.155789979850271987e+00 2.456131454652183521e+00
6.354538933225971631e-01 1.404982608931018451e+00 2.516884145028775333e+00 2.674978662402454077e+00
1.134453966376182343e+00 3.089644026935124188e+00 2.271064806478516385e+00 2.364135678244396299e+00
5.223514578345967996e-01 2.896882643854167494e+00 1.775477059757449849e+00 2.247842605560654849e+00
1.235745560318270320e+00 3.134044900285756885e+00 2.547539981182894042e+00 5.994973337473675778e-01
1.132941142727743739e-01 9.683130163319043637e-01 6.858239675704723703e-01 2.763081566548279522e+00
1.643051050172894101e+00 2.907441305741846338e-01 4.346030792772322959e-01 1.364933489905132413e+00
2.916173379144928024e+00 2.194613587456294201e+00 1.886820825906955879e+00 1.388021370709458635e+00
2.394254999366954184e+00 2.054115919611715135e+00 2.871765256508485464e+00 1.999883554003957675e+00
2.376338048057109464e+00 2.939910383759503976e+00 2.762453648938903328e+00 6.277322779228963201e-01
1.435801178330580186e+00 2.625849936825638498e+00 2.013878854426977227e+00 2.443488401193255832e+00
4.357775788156385555e-01 8.407437216678136371e-01 8.871211938401727393e-01 6.871201604933998563e-01
7.442985169077124263e-01 7.851730442384630138e-01 2.204180247102877910e-01 1.076657419906586810e+00
2.123453083088707061e+00 4.354510452709778323e-01 2.942777438887974828e+00 1.479277594106402083e-01
2.142233985317482325e+00 1.760663943555868804e-01 2.661820141095461612e+00 1.626915256103457663e+00
1.353462791486320205e+00 2.922521889700122610e+00 8.952078804539119750e-01 6.958003472784642096e-02
1.241306189124375070e+00 2.236147293865907992e-01 2.899024608359657584e+00 2.968968696328182055e+00
2.236870017540510069e+00 1.122865465132796947e+00 7.941590711671563385e-01 1.565363475057659270e+00
1.904231418410847310e+00 9.455288308177880463e-01 2.846321387488153665e+00 2.740502965251495393e+00
1.718226701738931217e+00 1.262155551979260437e-02 1.948054394725941219e+00 7.686934166105434674e-01
2.982011581297284497e+00 2.713142348870750009e+00 2.474743180935224718e+00 1.312045525128816559e+00
1.438713017873517686e+00 1.855852334224206146e+00 3.013194970483938473e+00 2.883282267434149393e+00
2.824842001515457834e+00 2.123921224855984224e+00 8.559697658817161381e-01 1.314648023709686253e+00
2.378298001621056645e+00 6.076039182005902317e-01 2.257203602511930196e-01 7.823275265611279172e-01
1.718591562018328522e+00 2.543766043696297885e+00 2.733601078275427643e+00 2.557594952465698679e+00
1.501976438111696233e+00 1.288563169037812317e+00 2.821730749237000513e+00 2.565441146130896133e+00
2.199880102455925801e+00 1.213903850392631822e+00 6.546674693354739283e-01 1.282366604133467369e+00
2.985883388310585751e+00 3.041447275813931039e+00 2.546909940072834555e-01 1.823254143012184025e+00
5.305582909677482029e-01 1.808055710272692407e+00 1.819281351948405456e+00 8.776512947461774239e-01
1.557323483058621783e+00 2.508614895868439554e+00 3.274513614593644456e-02 9.749879533563802214e-01
2.150308776019556500e+00 1.955809122146462187e+00 1.399622759226508972e-01 1.920201825217459080e+00
1.890689218169040231e+00 4.067622394617768089e-01 2.611123316626613455e+00 1.141638999671357180e+00
2.111481331746061674e+00 1.007511285575698023e+00 5.587012370607323808e-01 2.530150343403686275e+00
2.840175230910367166e+00 2.439694379906839572e+00 2.854815555687079343e+00 1.700491587015793504e+00
2.929781487663291717e+00 1.666725847068292632e+00 1.586037668015137791e+00 1.888192615027062038e+00
2.795138244697879415e+00 2.204528319225241617e+00 7.124538216187649153e-01 8.383843915316768758e-01
7.071659253030077030e-02 2.198931050114622643e+00 8.149917971980561449e-01 8.394628135607380692e-02
2.733866796135507649e+00 1.319881987819023994e+00 2.997207603138877241e-01 2.328517419986867232e+00
3.050355494715815130e+00 5.567527114529778887e-01 1.686152504076368075e+00 2.838418878879442886e+00
2.446463944166226145e+00 1.872127441483044219e+00 5.398414275589721312e-01 2.693507389025143972e+00
2.756373807855350133e+00 1.905300955437748689e+00 2.097809412494933579e+00 1.389921055197722355e+00
1.140217111341504719e+00 1.672565446462771221e-01 2.934975101668213515e+00 1.362993048373790206e+00
2.454420870850097192e+00 1.996170106443246439e+00 5.671139750246364519e-01 8.187641028270986610e-01
4.981532524487288782e-01 2.203835870010213860e+00 1.859026117554219981e+00 2.478149626544594142e+00
5.936163684777435723e-01 2.327944782239294852e-01 8.961380629959490030e-01 2.311814270181651754e+00
6.740219094918147302e-01 1.191670218066032350e+00 3.016791269358832128e+00 2.368539047954370869e+00
9.918054050165679980e-01 7.069767289777632857e-02 2.023561382092377237e+00 1.895080206163254122e+00
1.521485805444392214e-01 7.247939776952574409e-01 7.004002039186847384e-01 6.522447441938035162e-01
6.926205166104767441e-01 2.728026246575814273e+00 1.569989083388838802e+00 2.174931978834264978e-01
1.194049099401166325e+00 3.100138104398586947e+00 9.215351704395630117e-01 2.690668474938983312e+00
5.419232632724487742e-01 1.261747603243013938e+00 1.697545627096024745e+00 1.002321914699319638e+00
5.081425333799514110e-01 3.070511543963186707e+00 2.796546067130396551e+00 1.225552084787696172e+00
7.281035229718422208e-01 1.180278430823367364e+00 6.711744636249425966e-01 5.071261695861881830e-02
9.520499833563417225e-01 2.220635330950389452e+00 9.773036805919204095e-01 1.181646682989468289e+00
8.544327489459599967e-01 1.394927149866804550e+00 1.388457080592277348e+00 2.193768189329274865e+00
2.201096724696826712e+00 1.598066070654375892e+00 8.445488952001175553e-01 2.788896632347153570e+00
1.056659998386161758e+00 9.679466418574474984e-01 2.559544767197672765e+00 1.003998026242884256e+00
3.020323770007357300e+00 1.492838442549025424e-01 1.777607231651362252e+00 2.855146914975557060e+00
2.217637627657498278e+00 7.454441850341810838e-01 1.845321417634445238e+00 9.998478087953818205e-01
2.205000828085385667e+00 3.063392048061794437e+00 1.919833582611765455e-01 4.636593806382862670e-01
7.581353941487873893e-01 1.200618407111095687e+00 3.419245284330377221e-01 2.062573211196117917e+00
2.724281771369424288e+00 7.796789568666478987e-01 2.987665177725542964e+00 8.970721893228505994e-01
5.249655095305708619e-01 1.409725834075871820e+00 6.363381025811014613e-01 1.781100583768089773e+00
2.039228559759457049e+00 1.263085534004469324e+00 2.215999206754237782e+00 6.754595820005065976e-01
3.067607164369440031e+00 1.238952381167092304e-01 2.853420505574719712e+00 2.919731102059148764e+00
2.981939030281900660e+00 1.259407311987623901e+00 2.599786830613796340e+00 6.111038836832227705e-02
1.733258161179561663e+00 2.855612959505179571e+00 2.939312811749791532e+00 1.468047227886736028e+00
3.113498931032787631e+00 2.234026343382815583e+00 2.995547253045219627e+00 2.360481060438235357e+00
1.406824754637854835e-01 3.913372699567327917e-01 2.862608528768392890e+00 4.172941275184285925e-01
1.779947757817018417e+00 1.367698584019483965e+00 3.387321926479489043e-01 2.511269970213203084e+00
1.076675989699070080e+00 2.546409375111334139e+00 1.889465266678837185e+00 1.414228214895048019e+00
2.175330246719335392e+00 1.383918288127324647e+00 3.010221834435975019e+00 2.302116402246800586e+00
2.458825593537853571e+00 4.853450438586730253e-02 2.613180954340499795e+00 2.526014594775213062e+00
3.068459189692685829e+00 6.836367677218134764e-01 2.757293645924838277e+00 2.637152572305277332e+00
1.306817461396107660e+00 5.959197619071010532e-01 1.655572268722252272e+00 1.294942549365793116e+00
2.690668644276340338e+00 3.007480372412546288e+00 1.981238194801617558e+00 2.299198578752625455e+00
4.746070427166809019e-02 1.928980971571257585e+00 2.047163458302895034e+00 9.132950585724990411e-01
1.341718535783646749e+00 3.039984427764874653e+00 1.239534719380465111e+00 8.817971552394429091e-01
2.412385911318984721e+00 5.205163717860964434e-01 9.188908319094488686e-01 2.602423657521658384e+00
1.263906166190939651e+00 2.183411637306991615e+00 1.523724681006790316e-01 1.603567221126605880e+00
5.506648018083838414e-01 6.054051111533660379e-01 9.467967340338566684e-01 3.655293153649234461e-01
1.069681564284173936e+00 1.919397099098425485e+00 2.177685569488744033e+00 2.792561400045163289e+00
2.788557758429997424e+00 1.758757045515283224e+00 1.304379157525547894e+00 3.264554955768067535e-01
2.269166289730225383e+00 1.608783060251741226e+00 1.306223061911814476e+00 1.115208488372499307e+00
2.113153281380324433e+00 6.536018551784730235e-01 1.223665172699725856e+00 2.080368704116207557e+00
8.431080418696891288e-01 2.122245251542414390e+00 2.052862852001676064e+00 2.558928081145119382e+00
1.846063932163543253e+00 2.592066562778760908e+00 7.309414373931822917e-01 1.875606910464690247e-01
2.508557172522466239e+00 2.047038976303601654e+00 4.417318257708230944e-01 2.492637843426634081e+00
1.189456567162545442e+00 8.790511495416887255e-01 2.838635227565201813e+00 2.807239422095471948e+00
1.173150751353079668e+00 2.391173196373161502e+00 8.343268795880327549e-01 1.115739932678335045e+00
2.196063876715260044e+00 1.607705942666078691e+00 1.703465267626728785e+00 2.442990841318279038e+00
2.522651214427629629e+00 1.620748319498746426e+00 1.628156842258961179e+00 2.560604697828699372e+00
5.528290041875556504e-01 2.217482349732361246e+00 8.673342381286784641e-02 5.201496651160270046e-01
2.877796485022853457e+00 8.879268446311158192e-01 1.300543694975317077e+00 6.329533581439203971e-01
1.867920944743542755e+00 3.590674294908809960e-01 2.759431867214847799e-03 4.230772504673775969e-01
1.974727181117144736e+00 2.595785935199014016e+00 1.958115691530887825e-01 8.105601975563752060e-01
1.807906118188607261e-02 2.783513402794928204e+00 2.088421799039216431e+00 2.986563542671587079e+00
1.522488514458082420e+00 1.257895775547802908e-01 3.055393349723394270e+00 2.126795705180885232e+00
3.052289393842801513e+00 2.495927297851542104e+00 1.781125906271630255e+00 2.796741407833157833e+00
1.509858551977693697e+00 5.321928079515172438e-01 3.255906769259475642e-01 1.293888879271312131e+00
5.792632420448347030e-01 2.991503126602828466e+00 2.423980469254046755e-01 2.503392307489310742e+00
1.503192328797551269e+00 3.095741492780631265e+00 1.955436502708119528e+00 2.371585340436676681e+00
5.601053085796938724e-01 2.057222665884796409e-01 1.521360137938959856e+00 2.027017248670087923e+00
1.186282328187403978e+00 2.791671384195181904e+00 1.936287912431233105e+00 3.705476512816997525e-01
5.779607490194080821e-01 1.620140876660037144e+00 2.534235748201806082e+00 2.281977393494171835e+00
2.210956668211638831e+00 2.351194163977243790e+00 1.468560736552787689e-02 2.640574508715406665e+00
2.705306775321484114e+00 4.046237050829110116e-01 9.470847470294683212e-01 1.841613581254172072e+00
1.195270008926161198e+00 8.061794799854637983e-01 4.299819947200138603e-01 1.882512676037767951e+00
6.965360904746520365e-01 8.784128745562516105e-01 1.430872278326910996e+00 1.279217361126643859e-01
2.040077956590025998e+00 3.928465671645655632e-01 2.827464889546051907e+00 1.460046612476301631e+00
1.688879781728842344e+00 2.512131380722443019e+00 4.875297846154157955e-01 1.093981702360901975e+00
3.064998642274181062e+00 1.264250582662941769e+00 5.775541870845346537e-01 1.657848013993757252e+00
2.968017400653655713e+00 2.403460822507039296e+00 2.968659566597232402e+00 2.538249297828198969e-01
1.276767073983211320e+00 9.843508450738931437e-01 4.104024806531674785e-01 9.764056623572009430e-01
1.864007739178566991e+00 1.753755829629891905e-01 2.283509524776896615e+00 1.158884344879500317e+00
2.652834789115526171e+00 2.045750795991601034e+00 1.722689173878862334e+00 1.120298199532416605e+00
4.051071556618652258e-01 7.178902587758790865e-01 1.489921421427899295e+00 2.548525816158988988e+00
5.544024953766806263e-01 1.327532688414626572e+00 5.788658169098429007e-02 2.201853593544506271e+00
8.650088792035479646e-01 1.316094775333422895e+00 8.687151625069294836e-01 1.114279043581984929e+00
2.460775441798704222e+00 2.363277558840794157e+00 5.021030982259475639e-01 1.098556952546126730e+00
2.143133476047372754e-01 2.411528677335009085e+00 1.106974960624616644e+00 1.072846147104238451e-01
2.361705137665710552e+00 1.740025576844703936e+00 2.757126127273854976e+00 1.495792800341813056e+00
1.273667787914972149e-01 4.784310383023644975e-01 4.686615699396912693e-01 1.473085109976226104e+00
8.762145463497710285e-01 1.912082887526670216e+00 1.449383407599904139e+00 8.353275710488687888e-01
8.852655186098026263e-01 1.462644153538739111e+00 1.227848271537312685e+00 2.106595430752467912e+00
1.858332474399537304e+00 2.319248010292017881e+00 2.963070831723682907e+00 2.827756813707852590e+00
3.776394935110433115e-01 6.436430109062617477e-01 6.760495162996537077e-01 2.731776477005753101e+00
1.610091020366260173e+00 8.944779314817909999e-01 7.503462765175191729e-01 3.752420695160536002e-01
1.064887850568601468e+00 1.900897106065185582e+00 1.294176110048303352e+00 7.002017944215804812e-01
1.712396478583002368e+00 3.079755326952285266e+00 2.228656799000632294e+00 1.635108614916732428e+00
8.740032907420524078e-01 3.006829525471816922e+00 2.892876322346009665e+00 1.281100163386295732e+00
3.176911299855508242e-01 1.899381696054464053e+00 8.751579327249018325e-01 8.331164783062366963e-01
2.017576285237605571e+00 2.514883763221186452e+00 2.223586428473050436e+00 2.108501983021298098e+00
2.918615617236309578e+00 3.111818746920123058e-01 2.520093884123316030e+00 3.112873677275008966e+00
1.729053060967947308e+00 1.835519763109403790e+00 2.434955015999712646e+00 2.659272210301672157e+00
8.412530728357174581e-02 1.903055172199992873e+00 3.097126615990865695e+00 4.261123817222776111e-01
2.467783782077108246e+00 8.602625188369884823e-02 6.643414134687334327e-01 1.507411283246711697e+00
7.546152210821029938e-01 1.805112615260269504e-01 2.396889869744243118e+00 2.721776330081839390e+00
2.205360024906069805e-01 3.094238857915753371e+00 1.336455316884537670e+00 1.369923046447554693e+00
4.368868817672807991e-01 2.941534383223010640e-01 5.964734368384631003e-01 2.817126305752656101e+00
1.032093726667150380e+00 9.073414494819609377e-02 5.161726078255429728e-01 5.545640610096725931e-01
1.188742148990699354e-01 2.272462654374242330e+00 2.879124027483396908e+00 1.671091336321643084e+00
1.225401313970952533e+00 6.798952806843496788e-01 1.700584435091975877e+00 3.053945092330639710e+00
2.084275523027439014e+00 7.053631348574863624e-01 3.152977454583140715e-01 2.152437179259353073e+00
7.682562798484597888e-01 3.000887976510680843e+00 1.667378654471431521e+00 2.787676336831681478e+00
2.098044084093841910e+00 2.835546478776811874e+00 3.723278699316060480e-01 1.506472041741270473e+00
2.518856513888308862e-02 2.015273693109986830e+00 7.009984131600628388e-01 1.643192400115061735e+00
1.831679679647020942e+00 3.011428942567534461e-01 1.185404027807910321e+00 1.065979232135617849e+00
1.192527558657298981e+00 7.380446258131494464e-01 1.822197292931970081e+00 4.308997101590211209e-01
2.746587925654012885e+00 2.696747063755331908e+00 1.426571578399077778e+00 1.143533674291574931e+00
1.043364631817826460e+00 5.519958876796551284e-01 1.880370322586593312e+00 2.981351839313219343e-01
3.055455086936039510e+00 6.321426639387270896e-01 2.395126983864771297e+00 7.598559734984446923e-01
2.640802504170947529e+00 1.640023694714596081e+00 1.977484680252893368e+00 2.699928108991737297e+00
1.081019095827519871e+00 1.795926756287049786e+00 6.776169033705278233e-01 2.805411313744091029e+00
9.943231506098278993e-01 2.316331280929340597e+00 4.667165516870113717e-01 2.384440538571612755e+00
1.748143224655950845e-01 1.698527111446108906e+00 2.721871846755434809e+00 1.127235931125311286e+00
4.789306166681291388e-01 2.219602412009089143e+00 2.051810111582295093e+00 1.620980853832721502e+00
2.990991135567587555e+00 5.261252948184882428e-01 3.096614814384717640e+00 2.647779948522541726e+00
2.179978824557778250e+00 3.469100097707455421e-01 1.253888656020835324e+00 1.820684195982059939e-01
2.010315556502692669e+00 1.129854004397341072e+00 1.091196584073455544e-01 1.034999493306943519e+00
1.134953153280293003e+00 8.276853021486043627e-01 1.907060111563138038e+00 1.888092722026581960e+00
8.319864880657513728e-01 2.419779186740787402e+00 3.591968544900652205e-01 2.288601482202334392e+00
1.352292461200876206e+00 2.627826556418128678e+00 1.975220028087006252e+00 8.828275349668213146e-01
1.008557385471521073e+00 1.383437825572359614e+00 8.314471009037956994e-01 4.010353437170098567e-02
2.372284857976125760e+00 3.007456335702467509e+00 3.383529522894202501e-01 2.975578569033907658e-03
6.740034098693662434e-01 8.713362803679582935e-01 1.167298292164732798e+00 2.690194455037815846e+00
9.991733068294517128e-01 1.800813493004643551e+00 7.379856925718573102e-01 9.531572449336850328e-01
1.955767294646462373e+00 9.211403699124727229e-01 1.699138439183838223e+00 5.643596245842623649e-01
2.522311772578346822e+00 1.705153941605274559e+00 3.010161559413794818e-01 9.519566487158312995e-01
5.395946222627983069e-01 2.732185314831218643e-03 2.023978458352728715e+00 1.017431903940255733e+00
7.471785290818441228e-01 5.327942687115320153e-01 1.827211445762341624e+00 2.266281713731649550e+00
1.506294834048666598e+00 6.444866345945202690e-01 2.050850846932348315e+00 2.283715623737589517e+00
1.194931238968415466e+00 1.869574960621254389e+00 3.124256385793559687e+00 3.023844748437861107e-01
2.467665992543442322e+00 2.482171379697489577e+00 1.124032569164306938e+00 1.275946776518918746e+00
2.502557716938142107e+00 2.632812205819432538e+00 2.868479247327146986e+00 3.071231336433773329e+00
2.911345121084111920e+00 7.540437440165529415e-01 2.815129193342245983e+00 6.523788250850779402e-01
2.722953265829771929e+00 2.329065251570282546e-01 2.280586326794642016e+00 2.165365569657292100e-01
1.150398204831557303e+00 2.347626227774592067e+00 2.957071044675914973e+00 1.861173086114896291e+00
3.027066683904669375e+00 1.283382359277178919e+00 1.315934944422269215e+00 1.771116899659038957e+00
1.660091247787881974e+00 1.634561523692519724e+00 1.369258668294475401e+00 4.343968454269066248e-02
1.688797938185561953e-01 4.223821960718486535e-02 7.259733797490223184e-01 4.883223357686196642e-01
1.648653408609613624e+00 2.154413890151626987e+00 1.836049414504399291e+00 2.310630021463395245e+00
1.217902823966365622e+00 1.352381607702026312e+00 2.712382757864639782e-02 1.204876725868938125e+00
7.729509795831137620e-01 6.939440527473413889e-01 8.179268718854190712e-02 2.027084843862030805e+00
4.536811141187034879e-01 1.928561592447322504e+00 1.479944265417869831e+00 1.526716845858116178e+00
2.898112547324848798e+00 1.524249206124745903e+00 4.459496846667087011e-01 2.889682454770300168e+00
1.067655058990240491e+00 4.412227476574449025e-01 1.589036002364182076e+00 4.614794263582385203e-01
1.485136549206242496e+00 2.988615331455401147e+00 1.441364406997475367e+00 6.675379414440806292e-01
6.713888264955083507e-01 4.680364857982686755e-01 1.953580606260443941e+00 2.543385745576858703e+00
2.022709843057397539e+00 2.720914334795276002e+00 1.839823314528062026e+00 2.208886906405751027e+00
2.311661736963293912e+00 2.349529889203265220e+00 1.909898015966874585e+00 1.888282079955222681e+00
1.307790381851989814e+00 9.592280289637307167e-01 2.056115652100737101e+00 2.193439827614286131e+00
8.690006708886593989e-01 4.941338746499001622e-01 1.720227147514396426e+00 2.469393949038567460e+00
2.307794473689274817e+00 6.447951991859569576e-01 3.015299957143697362e+00 2.211298028808032612e+00
1.161512360757450013e+00 4.564008431218940509e-01 2.439042764008956254e-01 8.524511721260402686e-01
2.264846710921597506e-01 8.472867988930578020e-01 1.446064640299064896e+00 2.383000259608403226e+00
2.306300428545889236e+00 2.259071810589413420e+00 7.959197669722216650e-01 2.632015231793657595e+00
1.698098762881102397e+00 1.858131559468702454e+00 8.081146767788047747e-01 1.658184811487681154e+00
2.326533353451256669e+00 1.351717162473255796e+00 2.759603538624900487e+00 4.820010860897943616e-01
2.373914077291044311e+00 1.596025219111108173e+00 2.504253475966911058e+00 3.381673758848436351e-01
2.442458080823125766e+00 2.136484222467746719e+00 1.946582767975327810e+00 1.463183893764874677e+00
1.312315319323992480e+00 2.346243652636276433e+00 1.922950871355770142e+00 1.332313025787741578e+00
2.235398648864940441e+00 1.210244494106790469e+00 1.896345337327950187e+00 2.717830276315768234e+00
1.674524003379265658e+00 1.815551447217766734e+00 1.167912616641357593e+00 3.043156352622705896e+00
1.185418369857006882e+00 1.831850258226645156e+00 2.596828871575318498e+00 1.689509892037754091e-01
2.379230741233736790e+00 7.767306003890188659e-01 7.957008218305052782e-01 2.197167375516628329e+00
3.037494013215833455e+00 1.831161600018846869e+00 3.069871055557609640e+00 1.153933548754551008e+00
7.612034353074833559e-01 7.135661141500994065e-01 1.558233999095103073e+00 2.412927078091161803e+00
8.481502730580365856e-01 1.781263226419836643e-01 9.362105264542577299e-01 1.520284454116125783e+00
1.143462849189305519e+00 1.434854150607761447e+00 2.384034967299186736e+00 8.271605639475192451e-01
8.486191489517311837e-01 1.219659182539936659e-01 1.329458606775123730e+00 2.143917630288247334e-02
2.664585485956693756e+00 2.174276279372345577e+00 3.082174642346198201e+00 2.460563889100472190e-01
1.027561704638113360e+00 1.249517667470832372e+00 2.665809974277074001e+00 1.775867156498454280e+00
1.036225254024905729e+00 1.846305061480629561e+00 1.115126770213379803e+00 3.064185628789391380e+00
1.432509764375594630e+00 2.617360601273087894e+00 2.486120259519381648e+00 1.833066396667862419e+00
2.133650764969295732e+00 2.337468427174257957e-01 1.231562218424629096e+00 9.214092458018494636e-01
4.674070794717960498e-01 1.715340501539763363e+00 8.427420673159645714e-01 5.286608456812111889e-01
7.161894499131765679e-01 2.039013539835988542e+00 2.162116265147280281e+00 4.088460924869531943e-01
2.403786823920361915e-01 6.403830354723972773e-01 1.787634244823511187e+00 1.464383021049262767e+00
8.189272250112171747e-01 3.037583083745222012e+00 1.687005052248763404e+00 1.851228248909129848e+00
9.360387496923815442e-01 5.773467946352479618e-01 1.150565039800967582e-01 2.935178907058377362e+00
1.691790530679288862e+00 1.612924323704459928e+00 2.961974820374460027e+00 1.193842297996130286e+00
7.974643734102383474e-01 1.333182239672083158e+00 9.790739919534804381e-01 2.372831325029792549e+00
6.004214724674957759e-01 2.147482082317992980e+00 2.542364117053273809e+00 2.961237729225365101e+00
1.843794068157506461e+00 1.877786176919338690e+00 6.804863002806611494e-01 2.816344631576509716e+00
2.840554574541791943e+00 2.045564029760592817e+00 1.799529743853018893e+00 1.533542278165489936e+00
3.027984475298209244e+00 3.845846416867101381e-01 1.661179388207041363e+00 5.675348285796042447e-01
1.396395236258196615e+00 1.698375395294946077e+00 7.650068974652974862e-01 6.749537370950045023e-01
2.866340358641090713e+00 2.730722690273197362e+00 2.385507358660802435e+00 7.386710360716607360e-01
3.718967370607726974e-01 1.147788696113587914e+00 7.939680578482773976e-01 4.662121870641591226e-01
2.126000330014186979e+00 1.082698344283215652e+00 3.046345474863199954e+00 7.398382039003610355e-01
1.387706986237471574e+00 2.707667239565581419e+00 5.928043106030095322e-01 1.732957138581510570e+00
3.128786368256597950e+00 6.967165452872223774e-01 1.361637967527260962e+00 3.130726799575120456e+00
2.026562718912872985e+00 7.489100190495010523e-01 1.629701298649242736e+00 6.552196985111589100e-01
1.023487602459736800e+00 1.213171490541985698e+00 3.040498238399121256e+00 2.138926974363281275e+00
4.976298539776055629e-01 3.028231319050197712e+00 2.446373563069510482e+00 5.740384240770076696e-01
9.339072771487458846e-01 1.684184225707150206e+00 9.816038836935355727e-01 2.836104850088506879e+00
2.254671692320027176e+00 1.810295860944706847e+00 1.789942249133464003e+00 2.670394176225871163e+00
8.916161315861287351e-01 1.440613179040739711e+00 3.044180930807322660e+00 6.705859572484700326e-01
2.595520859945447345e+00 7.949682724354372176e-01 2.060544549632170597e+00 1.775775859224402176e+00
8.987623899650369896e-01 3.054791958363715310e+00 2.329732585591425542e-01 1.524661866314444558e-01
1.743903605068379825e+00 3.579617686465023652e-01 1.722867954653834577e+00 1.208088673089378950e+00
4.832509698664511077e-01 2.729735717831960784e+00 6.219886339195517255e-01 1.325232569480529810e+00
4.637795734494906119e-01 1.760653459440474800e+00 1.556177163021672305e+00 7.962627130890945759e-01
2.376169628334953821e+00 2.334602388579461785e+00 2.081680191944609071e+00 8.711028189013129142e-01
2.382527512190182328e+00 2.769339640650105849e+00 9.209069446768635148e-01 9.397604052039940647e-01
2.333961894606854770e+00 8.290573872821558332e-01 2.707773299625794383e+00 1.777961211517944617e+00
1.134836125041395860e+00 1.118448217282225876e+00 5.362465775868957563e-01 2.646537103627712439e-01
7.094333609525999007e-02 2.242859039273389588e+00 1.481481928542601967e+00 5.368094890565549004e-01
3.006280265728405343e+00 1.661911572101188561e+00 1.135840192853055708e+00 9.195918618697308533e-01
1.156247205050211502e+00 1.488447133285881741e+00 1.781140809136595005e+00 2.839450170367943671e-01
2.672612092076077861e+00 6.720270971929631632e-01 2.299879342226397727e-01 1.903689203016609988e-01
1.397086691044933993e+00 2.006873190228001480e+00 2.885962428415747905e+00 1.878910189587823076e+00
5.501971365833264738e-01 5.278137344321146007e-02 7.683473236988648258e-01 2.579699896685675231e+00
1.545559507879763483e+00 1.050291375869864430e+00 9.202227680874979221e-01 1.412411619614168057e+00
1.754769380768606890e+00 1.054734072996292849e+00 3.070187598934217998e+00 9.383385598668196881e-01
2.050252099436155717e+00 2.784917915346172723e+00 2.999826457888124409e+00 4.538990057169991349e-02
1.321344650851410174e+00 2.079335217746921316e+00 4.325757331662418159e-01 1.515177167827057136e+00
2.153557478820918192e+00 1.039832098067025701e+00 1.956384720513907327e+00 2.424822310186747210e+00
1.787239976012874099e+00 5.980880561321832989e-01 2.446330718373323221e-01 1.941226295138581248e+00
2.198018246200188042e+00 1.321027408133812753e-01 2.228367628148462121e-01 1.323295848044357292e+00
7.825119317156152832e-01 2.995627217512212503e+00 7.595575228610993435e-01 2.507900549364727727e+00
2.417601083327649558e+00 2.995201741090136149e+00 1.380914944979471537e+00 1.231426212874000004e-01
1.956356769911427484e+00 2.469176355017504321e+00 7.062571704150376606e-01 4.895851117564810062e-01
2.937881066116524220e+00 2.806516640735356116e+00 3.105250443427599372e+00 1.119249616864285812e+00
3.235432398228047512e-01 2.851114654780632751e+00 1.228952956743181391e+00 2.674250314121321637e+00
2.197930500756684613e-01 5.358579062117616587e-01 2.419808162666084783e+00 1.379003594793878129e+00
1.932918254056883445e+00 1.593061424648241742e+00 8.190305550206561369e-01 1.288445862246195617e+00
2.411659709310553623e+00 2.416783663483818234e+00 2.525945933200326010e+00 2.880061901136321101e+00
2.610526366916248620e+00 2.760842119611992551e+00 1.946694446115778243e+00 2.868683692496048820e+00
1.921291136455551385e+00 1.531272899082498196e+00 2.427486110300685951e+00 1.487178727857072280e+00
2.590183705518533386e-01 1.926666634981964110e+00 2.602827839790300857e+00 2.066530584488929456e+00
1.065889795055783851e-01 1.075482579735634214e+00 1.501218209022203487e+00 2.133725281560450604e+00
2.332898335190986217e+00 1.514018388660176129e+00 2.726444660478728466e-01 1.597115823980308269e+00
1.245474726665197762e+00 1.624756886446343529e+00 9.039791514098820535e-01 2.956838911875205422e+00
1.251868786984694948e+00 2.270850868425235536e+00 1.333367394241483206e+00 2.909145076559900733e+00
8.285532283320361513e-01 1.058208946468684186e-01 3.898301794015019417e-01 3.018474921455329696e+00
7.227186136708304565e-01 1.145321825608054622e+00 1.572367100180324107e+00 3.140500266105475946e-01
1.200910885172723264e+00 2.421095117857911649e+00 1.405043724187474918e+00 8.278573306601497706e-01
9.055582641145082379e-01 1.463557223166347399e+00 1.638000922746412957e+00 2.207400358336074397e+00
2.995284931782067783e+00 8.879231593107617115e-01 6.590885112405042712e-01 5.833129929812871373e-01
1.374295579608112716e-01 9.917114471016232891e-01 1.731713137298389882e-01 1.831485522953282263e-01
1.447193402434142850e+00 1.406600735963280391e+00 2.311398792475116704e+00 2.954334918997903348e+00
6.994328261032419780e-01 1.624893881480171443e+00 2.313072995358716799e+00 1.209197458061593400e+00
2.920850950972018634e+00 1.437213239348370752e+00 1.661086775450715924e+00 1.391841286262363253e+00
1.629274309608452764e+00 2.176871321258465886e-01 1.580225640862731984e+00 8.770709267981411372e-01
9.581410323957558761e-01 4.666045405759376430e-01 1.475396176381584601e+00 2.326328458570887214e+00
1.165207325690794438e+00 3.028703264108324245e+00 2.557921632170914616e+00 2.953471435759869923e+00
1.747935068195840769e+00 2.735416961996790519e+00 2.678341045543938925e+00 2.834528941338096963e+00
2.418724127008599734e+00 1.387440660317872831e+00 3.535518619362745252e-01 4.300831959813674610e-01
1.299620956261530402e+00 6.061583971265879223e-01 1.784751824363448369e+00 1.665836257067286330e-01
3.026330554801171413e+00 1.016499534124783111e+00 2.968680701640102892e+00 2.589322992401354551e+00
2.236717252461221328e+00 6.910910550257280960e-01 3.059881708277775836e+00 2.517912491829487287e+00
2.863414652004895977e+00 1.774548781794742236e-01 1.092278107272930621e+00 1.539271846977382951e+00
2.415909707854354771e+00 1.484233195038884734e+00 8.690227868508239029e-01 1.760999998329144889e+00
8.141248586196538073e-02 1.663209291658739319e+00 1.865585067978100531e+00 2.114834549073122627e+00
1.968644816491947891e+00 2.556422793728422072e+00 2.278919890744692811e+00 2.948901285706879261e+00
1.026349543558469302e+00 1.850052201739845470e-01 3.094740541648861143e+00 6.036573827522871971e-01
2.935758233614766510e+00 2.483540121938867973e+00 6.887362946738728731e-01 2.038799310112872631e-01
1.583539509897667619e-01 2.135138138228237725e+00 2.648619674191925011e+00 1.236165991590612467e+00
2.418566946002112528e-01 2.145135498344373781e-01 9.067342287709004856e-01 2.616950161104332206e+00
1.956347797667956190e+00 2.958815665057356270e+00 9.110296472553550684e-01 2.594514312011550583e+00
4.107580856987788076e-01 9.365465966228089245e-01 2.513833792816796642e+00 2.595732688137660560e+00
2.523249698209430569e+00 3.133917842616426253e+00 2.274812261423259763e+00 2.511267571219888417e+00
2.559440618829447178e+00 9.835497450614196779e-01 2.943512286457237614e+00 2.921808719467399174e-01
8.474532747931831089e-01 1.984259533569567635e+00 2.440877499988715726e+00 1.380197824765550418e+00
2.205826197973618452e+00 3.124824781529143891e+00 5.832547033309753992e-01 2.458973072974585339e+00
1.343276326487409689e+00 1.210671288004785850e+00 2.870197027835895032e+00 2.438344610015685365e+00
7.805919214214525059e-01 2.518504102840890990e+00 2.911671133897194341e+00 2.603969685338650475e+00
1.939727268819864792e+00 9.962151803798190430e-01 2.601307531318110544e-01 1.402803751519107411e+00
1.472781584931254661e+00 1.186993840918894261e+00 1.622460300379282794e+00 2.492659203260932266e+00
1.981177620902460967e+00 2.925203049112814035e+00 5.231038999296608871e-01 1.211438146761552481e+00
2.410329458119691015e+00 1.915571080895259182e-01 2.803050100670807510e+00 9.463447203530650498e-01
2.548036894198136615e+00 1.577040270498057506e+00 2.238978957709185647e+00 5.639732148141064494e-01
1.655351207419123671e+00 5.346763610922576904e-01 8.658581447700988143e-01 1.249955223553439465e+00
7.150194821718379723e-01 1.265177076901043307e+00 1.042530854035181420e+00 7.742521591728582231e-02
4.903874060686121972e-01 1.216773142200451518e+00 2.159052394768152805e+00 2.788713723429217861e+00
1.271087103713040012e+00 2.506343530744850501e+00 2.401804950127697236e+00 2.160506697132277942e+00
1.091870765621821421e-01 1.527705870732135374e+00 5.672776263007258679e-01 2.527398743137627690e+00
2.756927512986208750e+00 1.609612942989250284e+00 1.829983197871998923e+00 9.482435554851189607e-01
1.579934170804671467e+00 8.359523147513814312e-01 9.525351078741276512e-01 1.930709746147643291e-01
2.725955357841776117e+00 3.178019710316952184e-01 2.189164084163865501e-02 2.288691651797035931e+00
1.251864352012235448e+00 2.789603471527951406e+00 2.236340346089715769e+00 1.547768881697051846e+00
5.691365552402870565e-01 2.362430835201800416e+00 2.295917691877006117e+00 8.050575340959229553e-01
5.962698445645144840e-01 2.442095768553459667e+00 1.273624549029841235e+00 4.292725155428323558e-01
3.849325745629227358e-01 5.663949692296949001e-01 2.658416898442968468e-01 1.950464414441204664e+00
2.864952074438837037e+00 1.922095062374422181e+00 1.370757914754743512e+00 6.832164468784095446e-01
8.299130821497481270e-01 1.249957224951695256e+00 2.424609604324281242e-01 2.527983856690017905e+00
1.877534027590422205e+00 3.217556590536142513e-01 1.434062373145097213e+00 2.789212010750282134e-01
7.326611948166235067e-01 2.878881870244351049e+00 8.260931466337844142e-01 1.021915979297921773e+00
1.222935476884956518e+00 1.010340979690225321e-01 5.168513600809637731e-02 1.287892330522464601e-01
2.364751736385094283e+00 2.036009062110756940e+00 1.965702291560627590e-01 9.108868482948324630e-01
1.778975964260646636e+00 1.870606233218995162e-01 7.139995893434291085e-01 1.872237543708241470e+00
2.208676970076849155e+00 1.139236464426892192e+00 1.698448985975976377e+00 8.881660311299507393e-01
1.073635777401124036e+00 2.957017378652023520e+00 9.660784364455384798e-01 1.625643898306908364e+00
3.737795069593555786e-01 1.376311465554268532e+00 2.997077047513449610e+00 1.875815206259273116e-01
1.241407444333569421e+00 1.436082619866752841e-01 1.362910023262841275e+00 1.924222901177645273e+00
2.689830131683820014e+00 2.652800105281689635e+00 1.502884190167305123e+00 2.740364546654845856e+00
1.497197996001165432e+00 2.005222332350862224e+00 1.400822215137141891e+00 1.970419094148667449e+00
3.074882793413213022e+00 2.903314964470207205e+00 1.600040955099995221e+00 1.616770760619754554e+00
6.974290684191212231e-01 1.875019973751251401e+00 3.443188810385410803e-01 1.434462097469903830e+00
2.225831657768745142e+00 1.700987878540624720e+00 2.309066448369530011e+00 2.161760072720433801e+00
1.455929380597650535e+00 9.765146354778490023e-01 1.716090593460784242e-01 2.881506983850041781e+00
1.159893224479483731e+00 9.406106026052304392e-01 2.185514054991747557e+00 2.136851948063149820e+00
6.196930477257206471e-01 6.997989980331655868e-01 7.145187095417672163e-01 1.208619690953151304e-01
6.892082923717923748e-01 2.452255667179564114e+00 1.467087895637499528e+00 1.971523544910499748e+00
2.222250143548349044e+00 8.037310608156109648e-01 2.484548942870270061e+00 2.453263310213433357e+00
2.512256837728636061e+00 2.047721303296647033e+00 1.922114501544774257e+00 6.867776658348659913e-01
1.714530825453927654e-01 4.997214677748417766e-01 1.202411177764844546e-01 1.235823107453537739e+00
1.550952226944745993e+00 1.253136424523049630e+00 1.305093256938354651e+00 6.293193513890883717e-02
1.928682379770359612e+00 2.723368562978878415e+00 1.322798426612119105e+00 2.709589975018301677e-01
1.297226701768806167e+00 1.133515159947050321e+00 1.850307131980817310e+00 7.549357266948251155e-01
1.449365489173242150e+00 1.274125776489728024e+00 3.324229641978080352e-01 2.169626915257570232e+00
2.669648471923780519e+00 1.996333337301759103e+00 9.897350827020480191e-01 2.149338838562436127e+00
2.763661682477728920e+00 2.099630588801401299e+00 8.490971036326401544e-02 1.847359177008867537e+00
1.853973086256645031e+00 8.012591733827925666e-02 2.768363261124860308e+00 1.747406568271722582e+00
1.938182941944633475e+00 1.012011108263416226e+00 7.775870388259364940e-01 1.710357948989365440e+00
1.705249141451439021e+00 5.770711362936269406e-01 1.590954773647805576e+00 4.050566296662896359e-01
1.190546265377453672e+00 1.926354085455649789e+00 2.753782276067562762e+00 2.706108430904128337e+00
9.568098897517951507e-02 2.849937155856267612e+00 2.896265306638474701e+00 2.787040676723322452e+00
3.033148768417342822e+00 2.962268498691421836e+00 4.705750234230368090e-01 1.699047623638031856e+00
1.695297041832126039e+00 5.623916935247766924e-01 2.533111454314709299e+00 6.435448154624122674e-01
7.829549597797886840e-01 9.208968933993179062e-01 6.682852271827062485e-02 1.210724068060745395e+00
4.869293225323943486e-01 1.375142591980304418e+00 1.584319879615349480e+00 1.049927068546794962e+00
3.433228119556324676e-01 1.580871430061408511e-01 3.126103330695894300e+00 2.112266986443028127e+00
2.138932046985488888e+00 2.697249454873237862e-01 1.522020071617487647e+00 2.092659386181587311e-01
4.694005422613534151e-01 1.439076621980605042e+00 2.478827408077851402e+00 3.084040008581254266e+00
1.532836884690104429e-01 7.933336997755362496e-01 1.790716767738521897e-01 1.857225390169346069e+00
2.242538597538114686e+00 1.744401003555301699e+00 2.114214629600561501e+00 3.419934383273075529e-01
4.203235474825600670e-01 1.361699411650255209e+00 6.623999330919411177e-01 1.271926156265445140e+00
1.881525776811851403e+00 2.722821479365379549e+00 7.712668162547593464e-01 1.429443218387794479e-01
1.374951952664009935e+00 1.225417345582510364e+00 1.864848289187778896e+00 1.092075255375708043e+00
2.737086928281768028e+00 2.234320391754541779e-01 2.015209160868558058e+00 2.382437478341527637e+00
2.146493278011076367e+00 2.420858770166766316e+00 1.930879661831093941e+00 2.085093724918279268e+00
4.672756894481769896e-01 2.839215509952278005e+00 2.135314544510291235e+00 1.675805954159175437e+00
2.198001907513692288e+00 2.030007501193551001e+00 5.133482357046124100e-01 3.001188664241542625e+00
1.560246807728326690e+00 1.900723295919980016e+00 2.861723913677014952e+00 8.541031010268880230e-01
5.740644650124171466e-01 2.524280533926911430e-01 2.286109241232131772e+00 1.223587364673203837e+00
2.547854361520875521e+00 2.386996859560665651e+00 2.323021769040885531e-01 2.706252318997849571e+00
2.240030898532111792e+00 5.278254101038745150e-01 1.811602445168053244e+00 3.023286362827830587e+00
6.887199269652670708e-01 1.268419920062757500e+00 2.611548676791946022e+00 2.798103912446070485e+00
9.848445392159576040e-01 7.693023601548003576e-01 1.597468958848633935e+00 5.631101217188445585e-01
1.306102605418749896e+00 1.949587410417786160e+00 1.539183946430398464e+00 1.220346056794972656e+00
2.465825093813908409e-01 1.692521409721420289e+00 2.377047442343770189e+00 1.957718424540337399e+00
4.645030754254156347e-01 2.073431255039765997e+00 2.046121713769513129e+00 2.219921979056915351e+00
1.190799892561163364e+00 7.431077734931613721e-01 2.612328324442425923e-02 1.446210198417587356e-01
2.936950682735037788e+00 2.296177770638122784e+00 2.514383393463586192e+00 2.310886880324093395e-01
2.440922655412304909e+00 2.634157378240891134e+00 2.229508615093851454e+00 2.164901715125397086e+00
1.231515065374190643e+00 8.139170061917704313e-01 2.616917597586319033e+00 1.970201480541849293e+00
7.629784621326952676e-01 2.789913957612613626e-01 2.369994201423144098e+00 1.699736522623025659e+00
2.500502215861350574e+00 2.332490484498351835e-01 2.616951997135943841e+00 2.133312975876084483e+00
2.637361331962155386e+00 5.011388548079822591e-01 8.503855181856786460e-01 2.575598767664553534e+00
4.967399382290460519e-02 2.974324017440661549e+00 3.055388405649910322e+00 1.935896157771259896e+00
1.468367390076315226e+00 2.771454378818803965e-01 4.975135113356684569e-01 1.715593440525557511e+00
1.574317013344988414e+00 3.453839366638589148e-01 2.500099151550830179e+00 1.798698850923485582e+00
1.925086122070522876e+00 3.182927653892639319e-01 2.655438438239360988e+00 1.881743359656812276e-01
2.588953892858349537e+00 1.273851451211703623e+00 2.054776778394856507e+00 2.767448875418195620e+00
9.827378782746999386e-01 1.930128451295267222e+00 3.033549405606082772e+00 5.447106671067775130e-01
2.941978903818778690e+00 2.039385416077851509e+00 9.953141965846028505e-01 2.947583010688952232e+00
1.043727189305708958e+00 1.478712555939986073e-01 7.275579995714032133e-01 1.824671333706098464e+00
7.901662042838940581e-01 1.242685537800365170e+00 6.918516740245972407e-01 9.516456957715421217e-01
9.987882560869524307e-01 3.063071457415312615e+00 1.000913901153471119e+00 1.795108745988054588e+00
3.113087884271172001e+00 6.108769549669006427e-01 1.351146779427834899e+00 1.404493264449786727e+00
7.273272061489732820e-01 2.141672599853207348e+00 2.497213044714535979e+00 8.197738215116256999e-01
4.947830163039654838e-01 2.317323745658698808e+00 9.815154734775678458e-01 2.841848422186077805e+00
5.733195432804476521e-01 1.511441190388423728e+00 1.946911893333955534e+00 1.543319027076084149e+00
2.163207516655369922e+00 4.694875873212565609e-01 5.317208128947946699e-01 1.117268069648383877e+00
2.410350825981196099e+00 1.735632641103484364e+00 2.527103111943795888e+00 1.117439170712789531e+00
5.676494316247089333e-01 1.115285170996742625e+00 1.066944380273437076e+00 3.033100757013792670e+00
2.554845279510994605e+00 2.681864316409522164e+00 2.808843475989750149e-01 8.789954116400361395e-02
1.775006398260188689e+00 1.762400186939340863e+00 1.423546328577502962e+00 3.715284069187965721e-01
2.894578804671906980e+00 6.713718553859846505e-01 1.534938214006836388e+00 2.033087661345239106e+00
4.098276834659473483e-02 2.349983714383352407e-01 1.946982481787018937e+00 1.874292557365892398e+00
8.014167691619583644e-01 4.412209129929660634e-01 8.340313620977740650e-01 1.046981865297553105e+00
2.309177446661328847e+00 1.490708391047914416e+00 2.171307260253215077e+00 1.008336735503841730e+00
9.097899191337271985e-01 1.568951699212186801e+00 2.972681858267991917e+00 1.061034968461495698e+00
2.813751461852421976e+00 2.352355120731274507e+00 2.838583010594377232e+00 1.546864056317755587e+00
2.076106208667893860e+00 2.193860899688262478e+00 2.527405593428042607e+00 1.672555958697309331e+00
1.703095962384115536e+00 1.849126460278383899e+00 7.642403154947063904e-01 1.146153008180612387e+00
3.123668909979069319e+00 1.323372458922987160e+00 2.250336193906449012e+00 5.097317181247044138e-01
1.018432518819196275e+00 2.328558299955793220e+00 2.734748605459514259e+00 2.687568749422088454e-01
1.435950076625329919e+00 2.208371409075118752e+00 1.232167002592984950e+00 1.184161587006403060e+00
2.501252898996775276e+00 2.730981305048916230e+00 1.313396496843110439e+00 1.694708980136972354e+00
2.764251096351967529e+00 2.425475916682890976e+00 4.794701061546295662e-02 3.122967944093474113e+00
6.507300687587093124e-01 1.397384068073476669e-02 4.331255232680667477e-01 2.531699488682323640e+00
2.776833191529743949e+00 3.396255853480896203e-01 2.098578675534069404e+00 2.136212924059346374e+00
1.642703363612016076e+00 3.030718399558589571e+00 8.912748776591951083e-01 9.431768069261928789e-01
1.746143926763626508e+00 1.481516808923557083e+00 2.204683409760035406e+00 1.967020373646558573e+00
5.666841185392886837e-01 1.117884604062727716e+00 3.085588255753550335e+00 2.942028353521521478e+00
7.849999772536306319e-02 2.633363040584127734e+00 1.641606306376745872e+00 2.375190639041050655e+00
1.331250385533026215e+00 2.218551522610672677e+00 8.213368628095779611e-01 9.942145139465376202e-02
9.617302801162317394e-01 3.034358084272196443e+00 1.836782720773564970e+00 1.766086518407795181e+00
1.424152970991613421e+00 3.278316233325600515e-01 1.828068260892713681e+00 1.378896115964824975e-01
2.890587383684172895e+00 1.614135545388893700e+00 1.413266691062018132e-01 2.530343961448868306e+00
6.671132216233439660e-01 8.026804398662801265e-01 2.195089958268616304e+00 5.221350723076535749e-02
1.291906239459554573e-01 2.673015572124779027e+00 1.809088531589527760e+00 1.668614630678364019e+00
1.791117020270956151e-02 1.549144578794823701e+00 1.422499619461214504e+00 1.514847652536617906e+00
1.668550422281141365e+00 1.844522295956024793e+00 3.019626272219737118e+00 1.535992097721704086e+00
1.260335713345746012e+00 2.081732748556786472e+00 4.207186806974967386e-01 1.609362946282494544e+00
1.289719504271697570e+00 2.087407407405217352e+00 2.935844529317034879e-01 1.997870500908475844e+00
2.066238094125773639e+00 2.109820237415431343e+00 1.064929596774242926e+00 1.060006776862672390e-01
1.192417606116387141e+00 1.346966228375769514e+00 4.931091441291749616e-02 2.839923566384695341e+00
1.723632729459256607e+00 2.334885550852140668e+00 1.564616457841242037e+00 5.168526976941287820e-01
9.572236901819792809e-01 1.706703841119106002e-01 2.935771897085566184e+00 1.471128312687689954e+00
6.078218139038996659e-01 9.766231906889445424e-01 2.814406892534803362e+00 1.873609337897678584e+00
1.251806490651081072e+00 3.038018769357216931e-01 1.789893289355936945e+00 2.744262353360742424e+00
1.660138389584819407e+00 2.249683173327447161e+00 1.197794795937033863e+00 6.601419070339068496e-01
1.431634708426681390e+00 1.239568448351761470e-01 2.050937650338990448e+00 6.588451241142584403e-01
9.088370735429305292e-01 2.709297843242953530e+00 2.634457568730358190e+00 2.225781086669493369e+00
1.782431555708176685e+00 2.071329086988540624e-01 2.761922737053360777e+00 1.522722305158109801e+00
9.506003673583485192e-01 1.761437114799828452e+00 7.429891778097100774e-01 1.147337370414293956e+00
8.189904554394286107e-01 1.652780692267782348e+00 1.743128169610428102e-01 2.024412715469037227e+00
2.921327526401189534e+00 2.099771737890484768e+00 1.995593817763311018e+00 2.050192528115213797e+00
3.000538269304966477e+00 2.988544882703016548e+00 2.278032885621910530e+00 7.227339508662344869e-02
8.852339195180229936e-01 1.731333683085829050e-02 1.472478263134057608e+00 2.678114457958649108e+00
2.814324225150516057e+00 3.132841295628993272e+00 1.078746432465157001e+00 1.236025827605844729e-01
2.510103813885355972e+00 1.340731333736692843e+00 1.579814916693005111e+00 1.850456033153181190e+00
5.761205528959693900e-02 1.619164945792243904e+00 1.657979089268104278e-01 2.593276622622905592e+00
1.792519771291167241e-01 2.481571091129345596e+00 2.651760726291922055e+00 1.180473930967448348e+00
2.144651423203043361e-01 2.625553798764777902e+00 2.805224838708603841e+00 6.405655153692384474e-01
6.728992260364224931e-01 1.761040674883825430e+00 2.133105645585148480e+00 3.275081217035427650e-02
2.273470515677636014e-02 2.764698747048384586e+00 1.028163063075999917e+00 7.442747713546855604e-01
1.379496296899984431e+00 2.838094858839338652e+00 2.738271602348211875e+00 6.853732755930634912e-01
1.566839897353199840e+00 1.596236842143760937e+00 1.998650479923468559e+00 3.008467488119335731e-01
6.466579350107771740e-01 1.085687866068926422e+00 1.492637934463180605e+00 6.453644690307144272e-01
9.760719990437989324e-01 5.835685867876594379e-01 1.594846224165474613e+00 7.589488764878546956e-01
1.014546311581719928e+00 2.062472899869773890e+00 2.473867138921790332e+00 1.804825119632034847e+00
3.422121475687925352e-01 1.246624118824166905e+00 1.455852177203682096e+00 2.019215016887801806e+00
2.126719262541568067e+00 4.827006800409660570e-01 1.152907142415807717e+00 1.300013653621809206e+00
2.210885800101599852e+00 1.038000850078276832e-01 2.633751731686552411e+00 2.828683990818635419e+00
1.044822360980734777e+00 1.290450056132174783e+00 6.676207452573690304e-01 2.105832434660193542e+00
1.179002401615001139e+00 6.932428829736085873e-01 3.099661162791166547e+00 5.179352647068554694e-01
2.593595181431836316e+00 2.991789552652939221e+00 2.064353905849787285e+00 1.693553168129813713e+00
2.978792958440684036e+00 9.929296323106489019e-01 2.798138931720482780e+00 1.106547747062740727e+00
2.493317327973231246e-01 1.880802721037628134e+00 2.752824444535990622e+00 2.211362820772749260e-01
1.305283905209859929e+00 2.338274122608007044e+00 6.500978936104341299e-01 2.207216003917928493e+00
1.326758528638069201e+00 6.762921311646905576e-01 2.757519042633053363e+00 5.615841155426585379e-02
1.510285288770009782e+00 4.222462409100270486e-01 5.494043856490322952e-02 2.737273131916707847e+00
2.701258756919021398e+00 2.846826455653614030e+00 7.728608247735264669e-01 2.628964711780925168e+00
1.111052402540749773e+00 1.017318903074971193e+00 5.672641192738283600e-01 1.011756666787535286e+00
4.937915973035463812e-01 2.081930804560365278e+00 2.284637423729195316e+00 1.429782080188421123e+00
1.607054951580787927e+00 2.367655472489221147e+00 1.410604033481534181e+00 2.823716454802780440e+00
1.502465837836635121e+00 1.184414963319412761e+00 2.406302343134950394e+00 6.361261472767522074e-01
2.042211168428569312e+00 1.989273129392862050e+00 1.497108414761813000e+00 4.057693405086033600e-01
7.265955933570905634e-01 1.362441964305851405e+00 3.540277096087642295e-01 6.753717884958353457e-01
7.927454560108817549e-01 2.094477479436429590e-02 2.671944390323962359e+00 3.180406294167418824e-01
1.516229636819326876e+00 2.746887586461340458e+00 6.096636148939778010e-01 6.321490467243976452e-01
2.596322799259674685e+00 3.431215862457514532e-01 2.058843954681724764e+00 2.912281227668772843e+00
1.337602162954670604e+00 1.614591012367660783e+00 2.257668125773574008e+00 3.779726859250145954e-01
3.081701650237155476e+00 2.391086082679674707e+00 2.608482513328205243e+00 2.107700523122991054e+00
1.137414256158093773e+00 1.551573591479557646e+00 2.034460744098212981e+00 2.182560361889950062e+00
2.343580389290929600e-01 2.421311597990901454e+00 1.710138526395807324e+00 2.405525388388938257e+00
3.108700545920610736e+00 2.185514050950624121e+00 1.314698380687771007e+00 9.608007085443883710e-01
2.014652402060676195e+00 2.300158866857752393e+00 1.516967840018518476e+00 1.858310811497803305e+00
2.242112083877795481e+00 2.310785716612982821e+00 2.620344012585166027e+00 2.375153185242570686e+00
7.115338062050223789e-01 9.187025519710521060e-01 2.291697905713549588e+00 1.445749691210118371e-01
2.518160372163428029e+00 8.099577980646113229e-01 2.149763138333234291e+00 1.633606616319155103e-01
2.171533004391206223e+00 1.511367915231168757e+00 1.159124350693785832e+00 4.259812387252923660e-01
9.035369771291562602e-02 1.065017822220353239e+00 4.090247650362071608e-01 2.241904127367352562e+00
2.477381433891933771e+00 2.443606589075642432e+00 1.801927989332350544e+00 6.750454662781103787e-02
1.264060923406341574e+00 2.436788030559739138e+00 3.025053957391798942e+00 2.301450128332831468e+00
2.682418356463824871e+00 1.178464900830047624e+00 2.483274673647513531e+00 1.908144603491390423e-01
3.105244459813906732e-01 2.494418340802026623e+00 3.510495702058403222e-01 2.446928160419299836e+00
4.346766251103804657e-01 1.993656525795235224e+00 2.519434888152340513e+00 1.023899022699255479e+00
1.688014816506577587e+00 2.260779956431868687e+00 2.795519545213713375e+00 9.723788685194874049e-01
8.622612721409512737e-01 2.527215120081159672e+00 2.327098407032846872e+00 2.200829119001490142e+00
2.967038499146127606e+00 2.150916069560584898e+00 9.973030586258534447e-01 5.774950888168121077e-01
1.384016493405382797e-01 2.689829270730004218e+00 3.080729793103007541e+00 1.957707742560650666e-01
7.550014237224755842e-01 1.343078851398207263e+00 2.411468511709665474e+00 1.298241718610225748e+00
2.292252284411696373e+00 1.152680653532113242e+00 2.670574284477901905e+00 2.797857185311948047e+00
7.397503509619198780e-01 8.080498572849290628e-01 8.131138612484181127e-01 2.993735006415738642e+00
2.377719299049587232e+00 2.255118167944625718e+00 3.117046160884835437e+00 1.576541210488899614e+00
3.025185334620247857e-01 2.189797950929953441e+00 2.147766852886336397e-01 1.001112098725726707e+00
8.628241952751468657e-01 9.312191573839152525e-01 1.067419998313916540e+00 5.072544198216958344e-01
2.542311844175703772e+00 1.481435399280372378e+00 2.377436928206809075e+00 1.626464205580287814e+00
1.135192790600496160e+00 2.605748128470549915e-02 6.705529745846511291e-01 1.981474744588705705e-01
1.992642192629340947e+00 1.572602102259834433e+00 4.030116586656278810e-01 1.954570192198178846e+00
2.988199190937390615e+00 9.233597728096792912e-01 1.059741192082172656e+00 6.444043897456097625e-01
7.619918992898214727e-01 2.486329275976561615e+00 1.594091903176934055e+00 2.914916790197528140e+00
2.133919771903558082e+00 2.496455706259494089e+00 2.018479412937178807e+00 2.565605229147815969e+00
5.554168141432214156e-01 3.092228963799525054e+00 5.101799781358323793e-01 1.652137363893640742e+00
2.886245192448259722e+00 9.801179151944320322e-01 2.138872030087911824e+00 5.243242986928614568e-02
6.427958024176582130e-01 8.727060027158738409e-01 1.820502474194242826e+00 2.925301269723512121e+00
9.975856370142981433e-01 9.687413277483573060e-01 1.677197285089226275e+00 2.918632640428569847e+00
2.135438713335921612e+00 2.774865562322776480e+00 5.579939388690516866e-01 3.086007393111689812e+00
1.068243201561271949e+00 2.270921626681544847e+00 3.767180286772447428e-01 6.140715382128848487e-01
2.954601811106289055e+00 1.484720809480295944e+00 3.113382383264099218e+00 1.957565139239191288e+00
2.836914519724754308e-02 8.406357755643547591e-01 8.905013402837662628e-01 1.164607027689520624e+00
2.840062525722770737e+00 1.383007187413852090e+00 2.810885261833468540e+00 2.646213037615641639e+00
2.566365116487829390e+00 1.198344902562456182e+00 6.244301011429471693e-01 8.366776129191255684e-01
1.427764693879943536e+00 4.428377715613548427e-01 3.001876709066980897e+00 1.589957858336848773e+00
6.800699668161223066e-01 2.210860910376002408e+00 1.950391256153083619e+00 4.151220304470152334e-01
1.817099439139845396e+00 2.351353846227033806e+00 2.977163959083563682e+00 2.586112514369948823e+00
2.152734210688739047e+00 1.132000331986475095e+00 2.831944848425819394e+00 2.699128656040853613e+00
7.464624583585430795e-01 8.679684490753435400e-01 2.764032834920135961e+00 8.742856572960902573e-02
2.888380531904546356e+00 1.225950208052215995e+00 9.704614853822000065e-01 1.465137629648000095e+00
2.819300260168638994e-01 1.110529607474663338e+00 1.526201128047842470e+00 2.690570240979634598e+00
4.512330661223859507e-01 1.266983510002748670e+00 1.727818987403913153e+00 1.980807781978294324e+00
5.827145010602963193e-01 1.055606377580127431e+00 1.230297339992914685e+00 3.135870037568208257e+00
1.465457388714292097e+00 1.488344145707716448e+00 9.845454103513856525e-01 1.610088861393987214e+00
1.160447118616241557e-01 2.477955718877141944e+00 1.735703308909549270e+00 1.547966235280224812e+00
1.036020815899318048e+00 4.392317060404739015e-01 2.682492062327429316e+00 2.005615377273421096e+00
2.092158441597614438e+00 1.979587550379017902e+00 1.762789455817171058e+00 2.649210912828204867e-01
1.465681749278376245e+00 1.367188792232778560e-01 3.074248466275011804e+00 5.198822768124886640e-01
1.901373740559037795e-01 1.810128156470141914e+00 1.855877795468624303e+00 1.047651007845249033e-01
2.231330693856864666e+00 3.207543217193138396e-01 1.394216487435212093e+00 3.096849695384456869e+00
8.375223377719936968e-01 2.467578043542995925e+00 1.526282552628217548e+00 1.741350785958869496e+00
2.713542228158439151e+00 2.257018791237117572e+00 1.290502223385330272e+00 3.012295297631410129e+00
2.033666492108335277e-01 6.224183330963143357e-01 1.355630872319238511e+00 2.839152462810703437e+00
2.997372303645145841e+00 2.317639747605348272e-02 1.435266095765609595e+00 1.717885585581452546e+00
2.394327218928718359e+00 2.425323210804248841e+00 1.060615310973133552e+00 1.998561371579913315e+00
1.350569179043769719e+00 3.115147405364343758e+00 1.072471362113877724e+00 2.509005270386099440e+00
2.983334394181537785e+00 1.335090059944899599e+00 9.537733751294626833e-03 1.640377316492701854e-01
3.693601069263311443e-01 3.139599168327686485e+00 3.095237234454431885e+00 1.728290142799154161e+00
3.723173813836538892e-01 9.956588661395668893e-01 5.958650516199589520e-01 5.600101052326239559e-01
1.648155350457539026e+00 2.023651720411520305e+00 2.155198441847232971e+00 2.757647403957804944e+00
3.113762363813238898e-01 1.067695603794193981e-01 2.029927595848942445e+00 1.024193657039981220e-01
1.044652429244276481e+00 7.085987345635562651e-01 4.702739465480743619e-01 2.123160997170201597e-02
1.226729890476427678e-02 1.263709297421943933e+00 3.020506465598210344e+00 2.091826576759335143e+00
1.850202193927015903e+00 2.500255129745887928e+00 2.314517476268806551e+00 1.150980527296933398e-01
3.137993417257334272e-01 1.582485247486932201e+00 1.918083704635975995e+00 9.565608550701067969e-01
1.852363225791572088e+00 1.845690042540501841e+00 2.570356966854929204e-01 2.251743026589526409e+00
2.049489602833169055e+00 2.772527143585123977e+00 1.124749027976467364e+00 1.695852411120188252e+00
1.984615340045109200e+00 5.303014472529010703e-01 8.419175438415941182e-01 1.077132457030216095e+00
1.098610167715396768e+00 2.914866252947240888e+00 1.059610270640483076e+00 2.689107897820705251e+00
1.684295131906313303e+00 2.795395068860714982e+00 2.402443632249211258e-01 1.908734224550259428e+00
6.132693805486602034e-01 8.675544686097569347e-01 3.807652591730982250e-01 8.468270156416729533e-02
2.467727883179073878e+00 5.523585432218856006e-01 1.516990072848829696e+00 2.580825953093849989e+00
2.340479905733192201e+00 1.405672080493380216e+00 2.744377979472057749e+00 9.876812555206360145e-01
9.956318973685025497e-01 4.222904112546815858e-01 7.809529141248170436e-01 7.058085775423565966e-01
1.174737027813854917e+00 2.494053524541938849e+00 1.674911379625426688e+00 4.809642662715197803e-01
2.293354523099158548e+00 7.255405950400816151e-01 2.467587086375391703e+00 1.796444023689780956e+00
1.352870994821267381e+00 4.134257421318461301e-01 1.815997838205645420e+00 1.442776889934094253e+00
2.706652393612812180e+00 2.872231483927381923e+00 1.034506273564255764e-02 7.882422862337581937e-02
8.952673899392608048e-01 4.624799434390877151e-01 2.217024440855352996e+00 2.747828177851146858e+00
1.131021733090809223e+00 3.760618083344798301e-01 1.759153265556411050e+00 2.723203749830940268e-01
2.088940633658106449e+00 1.732235743781042725e+00 2.052419385108624761e-01 1.827570779900162368e+00
4.429882037436961295e-01 1.967640930486148187e+00 3.101201445756826547e-01 1.504724470989934337e+00
9.627088695856703682e-01 8.163576645157530343e-03 2.985367441685983003e+00 2.255911083450386379e+00
3.469943618189985091e-01 2.316971707694224225e+00 2.580969844086143716e+00 1.702740229382877724e+00
2.994674898216213244e+00 1.854503457017777912e-01 2.704335626806075421e+00 1.742074021819545404e+00
2.808330147993834291e+00 1.588939728638855797e+00 2.010543431427325611e+00 1.338722529605189671e+00
4.760884599426047914e-01 1.607712239209465821e+00 4.952696795638079075e-01 1.068400258918589030e+00
3.559720046547292793e-01 1.087936361463501367e+00 8.498129448165375743e-02 9.885986861174010654e-02
2.003408247975001277e+00 2.137414059819302992e+00 1.120884403632648851e+00 2.346472764906235131e+00
1.114169599593500815e+00 9.387052612944819519e-01 1.805823041978792176e+00 4.371180990900960239e-01
1.403080317794316079e+00 1.422010387733274372e+00 2.707122108170322949e+00 3.021819404964379618e+00
1.668113847452520337e+00 2.162366783100257539e+00 8.059599919191552386e-01 1.885771403563705872e+00
5.885407252676035927e-01 2.228842684445481392e+00 6.981577462986445770e-01 1.691963240278981484e+00
5.669824458554910684e-01 2.118821663206087003e+00 9.041626026723191822e-01 1.938802139961275817e+00
4.038685138707112654e-01 1.384735902626497150e+00 2.110460628328096000e+00 4.655191388439064992e-01
2.598006887103758086e-02 9.356404837546947184e-02 9.681038379120306958e-01 1.408569695253025778e+00
2.651406382438899811e+00 1.079577472697403229e+00 2.026024802611466225e+00 1.893084473650151089e+00
1.236759638986702381e+00 4.975493484529002197e-01 1.369895370337736562e+00 1.384845799725351823e+00
2.797064820670794205e+00 7.834408825924554787e-02 3.040748033630647384e+00 1.607088079247029677e+00
7.201005605504682272e-01 1.073939002776442830e+00 6.628222514822049716e-01 2.633389534064546567e+00
2.653215484952647252e+00 9.542591835642314502e-01 2.698399236320175643e+00 2.663127553269335035e+00
9.708829867644367395e-01 2.944856680672809812e+00 3.505510361409975295e-01 1.346637747932471818e+00
2.568680684892303834e+00 2.452538184389983389e+00 1.741361640929047105e+00 1.378848158469640761e-01
9.854772996586834699e-01 1.318619772313035732e+00 8.392944102412479568e-01 1.440326119595501719e+00
1.485630361406684141e+00 2.594710052460278416e+00 2.349945391510745996e+00 5.326907798499214142e-01
5.410612327210332362e-01 2.187418408705378958e+00 1.404982325003573784e+00 1.709202338915104979e+00
3.123154210190290381e-01 1.297705299285976777e+00 1.736657446105986713e+00 5.179919088429841834e-01
1.517072306968646922e+00 2.344059288439534594e+00 2.795495457612830137e+00 2.857498579159067020e+00
8.474145062719744548e-01 1.790971113396353509e+00 2.264038892479010023e+00 6.130576460492755952e-01
2.633574371984969353e+00 2.776037004526624941e+00 1.796413597412270802e+00 1.523795473932114009e+00
5.179274250356477038e-01 2.224480348024811427e+00 2.241204872888334254e+00 2.873712975624991284e+00
2.163660189262555988e+00 2.885250321934836215e+00 2.871404172016311485e+00 2.241820950274394431e+00
1.756977927536312212e+00 2.654003501109620355e+00 1.191865319178487148e+00 2.872466453642031348e-01
4.113319215966970699e-01 2.572310843731905994e+00 3.086209537828073834e+00 1.213959896358279389e+00
3.169252828702360247e-01 1.833942314089592740e+00 1.393419134507020818e+00 2.727889885523940183e+00
1.816093175252584846e+00 1.927902614769667622e+00 3.060509680173960856e+00 7.647063934658103745e-01
1.775969348856624164e+00 2.766998015322586629e-02 1.741174143027238719e+00 1.262987606274031505e+00
3.049347628663410248e+00 7.423902514184606005e-01 1.715760544780462471e+00 9.136360897949552529e-01
2.145637072723488803e+00 2.996408743385612361e-01 5.972474587258946865e-01 2.322578481903378567e+00
2.678498256743351291e+00 7.230067984474902731e-01 1.249717968712173777e+00 2.798905278619386205e+00
5.225189206207747628e-01 1.424786782269377827e+00 3.145502120924018596e-01 2.889044810141295216e-01
1.364636397469304763e+00 1.871870058197361741e+00 2.560151943199005409e+00 3.062625178847642182e+00
9.999871466706865553e-01 9.407725950591296904e-01 1.581859133731473133e+00 3.077908190672665523e+00
2.608461853400066310e+00 1.448498138642130506e+00 8.892436510606982480e-01 3.829597298165050012e-01
2.447108951401488763e+00 2.812518122668496434e-01 2.353417493985533238e+00 1.031644665439687358e+00
2.734977343021743335e-01 3.015042842007813473e+00 2.166547269642450591e+00 3.341703505548789810e-01
1.735686587841285711e+00 3.423574398524804052e-01 3.095762004153213454e+00 9.842762945520722173e-01
3.016178778260316662e+00 1.400829203731052797e+00 2.216168623348653277e+00 2.030381610776440748e+00
7.080619065854908412e-01 1.711770805255344863e+00 1.134239236665641970e+00 2.248255438149014296e+00
2.580313038459864927e-01 2.047506325072601552e+00 9.305040943343324544e-01 5.009322262427922112e-01
3.013892770013199662e+00 5.891230516634884395e-01 9.334374571188788217e-01 2.836603058975159519e-01
1.624185031780158495e+00 1.953219778679508467e+00 5.675002749410281710e-01 5.755869880809002526e-01
3.782015882595639311e-02 2.648816561240763257e-01 2.680994396638406219e+00 2.441372544232588204e+00
8.189953783371819451e-01 2.667331866380386884e+00 1.766273241038030628e+00 1.234446731325820501e+00
2.848742761710701399e-01 3.037401725399331287e+00 2.647818555090615256e+00 1.328699955539818456e+00
2.546530845112221275e+00 1.436826730155217557e+00 3.247243835168844850e-01 9.366126856589079841e-01
1.069654681825491283e+00 2.679957772604665056e+00 4.691204971101284316e-01 1.718660530064203495e+00
2.810535813536651162e+00 3.084990678672697495e+00 3.557155439898280341e-02 2.946260293843656619e+00
2.147168958661525018e+00 2.499643080693195074e+00 2.810532570024754762e+00 9.381148076218195353e-01
8.925373480447216235e-01 2.831135776542476279e+00 2.763875908296999029e+00 1.541478373267669344e+00
2.332463323839633507e+00 2.993055562672843894e+00 1.415019104261676874e+00 7.220733690935406124e-02
1.229073572804697534e+00 2.280599365945335799e-01 2.242360111475369511e+00 1.128946166188207201e+00
2.150453704977757230e+00 2.060023419633500552e+00 3.071208432408794486e+00 2.346150305163382299e+00
1.038424800451798413e+00 2.780639585420585647e+00 1.362776237421917669e+00 8.987336028685344314e-01
2.219988304480307040e+00 2.676435518430538618e+00 1.690043993132113842e+00 9.880483781848029556e-01
2.333394814875983769e+00 2.498578409089794672e+00 2.802919156883802554e+00 1.588277908394003735e+00
1.349510541319221435e+00 4.581546713623793621e-01 6.550115725358850449e-01 2.446146344923361138e+00
4.131455856814562622e-01 1.650435539013048736e+00 2.164956538835423938e+00 1.550063123583127922e+00
2.166874216580324308e+00 7.044493005492408200e-02 1.282852170570978334e+00 2.654227629199550353e+00
2.858112386575487385e+00 1.281323383768464996e+00 2.185824338936420030e+00 1.609246461727743771e+00
1.836779093265437313e+00 5.972130682927616618e-01 1.969608324190279314e+00 6.859171117705872289e-01
1.255790559379833748e+00 2.079832300638058573e+00 3.696474247263536461e-01 2.370369281130582984e+00
1.181837568953923112e+00 3.019256659032830914e+00 1.415066701733239229e+00 2.338917799764426153e+00
2.738115778791377686e+00 1.673303552617589673e+00 2.098917152077224291e+00 3.073131829911245116e+00
4.482550260776883566e-01 2.827913966585581473e+00 2.585071732199158978e-01 6.825982967948608371e-01
1.182924931025407078e+00 7.429386751853508386e-01 2.938255340135774052e+00 5.820665621966919848e-03
2.359518067880609582e+00 3.027394633829741277e+00 8.567864499023055691e-01 3.132770889677388038e+00
1.271791823819694023e-01 1.159800018727302540e+00 2.536428744781192290e-01 1.512431374900004899e+00
8.315374694979824621e-01 4.199968797719100810e-01 5.113333223797098537e-01 2.893189445721442876e+00
1.318439022101070002e+00 7.925539705311533678e-02 5.703600101808300460e-01 9.969801514410998600e-01
5.954116855833340161e-01 1.891926367045611901e+00 2.605231348634861721e+00 2.454004058484296369e+00
1.301020224667926328e+00 1.773691858268199306e+00 3.775991859687367197e-02 2.848506251506772280e+00
3.238982461596730533e-01 2.425058432400587272e+00 7.379341711824014549e-01 1.470573106958741771e+00
1.686237512907433178e+00 1.342570763561874658e+00 2.186035788533771562e+00 2.970238098883977607e+00
2.096300227012578787e+00 1.376983361630699898e+00 8.040263985764743992e-01 7.874092627179991588e-01
1.217241360284390533e-01 2.765652628688335390e+00 2.970295397873617738e+00 1.736221932313099403e+00
1.246246728092466949e+00 5.372506837150633346e-02 4.006992428426973119e-01 9.978225539647070930e-01
3.050855463235338516e-01 5.553547863863752543e-01 1.697249853998211266e+00 1.879183920847621092e+00
2.745951568321773451e+00 1.373968931139710525e+00 1.279696200423069197e+00 2.617377214894290205e+00
2.593214217970138513e+00 2.565899549188968010e+00 2.849195420903813503e+00 9.666045032156461714e-01
9.193029753222449196e-01 8.988536172561742976e-01 1.185309758923661860e+00 1.320255705834484372e+00
1.701072787910157924e+00 2.802130681994923211e+00 1.871718286135758191e+00 1.858979251623626094e+00
1.893574229674318099e+00 3.108434579904962192e+00 8.501486479470737878e-01 1.313515455593437187e+00
2.383114064078285244e-01 3.838835720618615777e-01 6.365227797558987710e-01 2.542946184495577189e+00
1.441746416368073103e+00 1.729697918499291553e+00 2.572596694013160601e+00 1.218320832556126776e+00
1.492649935888860968e+00 1.362216511499100724e+00 6.405041037482689381e-01 2.912313653339251296e+00
8.051503467588915219e-01 1.187915877108712603e+00 3.114395949249005202e+00 1.617935217013851457e+00
2.754509463185069951e+00 1.672215432724619255e+00 1.632049042049350751e+00 2.500905256928999343e+00
3.048595078022970917e+00 2.100729980729476587e+00 2.216406431322366810e+00 5.015861159077132925e-01
1.081469076582628475e+00 1.325405875653587584e+00 2.701730793903058370e+00 2.783908997220162274e+00
2.368286035141773826e+00 1.097209761242390558e+00 1.891388047173750531e+00 1.680357826687246314e+00
2.049988832985509823e+00 2.615749774961812602e+00 2.336827620247741599e+00 2.574029460940513436e-01
1.452224030375048658e+00 2.371799943707172620e+00 7.763832161133265020e-01 2.538973348757732840e+00
2.529922114986329795e+00 1.339582795636160339e+00 3.061376904420233469e+00 8.949944227516793971e-01
1.125787592701917167e-01 3.015838755428950524e+00 2.518082344761455094e+00 3.061768075781687415e+00
2.584426190143155555e+00 1.488223662210526488e+00 2.914440727071009540e+00 2.700323678524983784e+00
2.437605963489366978e+00 2.508790886028486877e+00 2.385599521363555908e+00 1.431061282944890989e+00
1.560826253198604130e+00 2.002024137581999597e+00 1.583979295435666401e+00 6.883585990914087294e-01
4.832393643913062142e-01 3.778957959280729306e-01 1.761407363182715624e+00 2.840301257641372423e+00
2.300412597523929570e+00 2.695400170705887888e+00 6.790588860357018586e-01 2.349326344010171930e+00
6.839680014222816462e-01 2.694653867716681361e+00 2.605474735511907447e+00 1.119424424334084289e+00
3.134192951896712653e+00 1.702100852880567450e+00 2.105960837579010203e+00 1.188555285660378047e+00
1.236485172802105570e+00 1.971081111228935256e+00 1.633704910818304601e+00 1.934499312203877386e+00
3.209863947032559062e-01 2.341753466781095305e+00 1.961062344860762696e+00 1.026206033093727044e+00
6.834848605542286348e-01 1.204109470395250181e+00 2.963535818145559553e+00 4.123054623693176990e-01
3.970041635514333644e-01 1.907618991624221216e+00 1.109534921259870188e+00 2.923258746934526364e+00
7.659984832541204547e-01 2.130013279940565774e+00 6.632253841053986632e-01 3.138680076085458293e+00
2.105385527913660404e+00 1.580016212877884518e+00 1.967361324181100102e+00 9.103380585203033615e-01
6.091003255951015632e-02 2.877491076655480207e+00 6.778321453699804877e-01 3.120759269315327433e+00
3.975526891692042764e-01 5.652205735014152743e-02 7.783499137254258349e-01 5.648975789031063233e-01
3.029179291645075711e+00 2.546848101082123783e+00 9.806423791198825013e-01 2.699633035527740699e+00
2.694032224483906113e+00 2.536784476799362142e+00 5.803174427014917702e-01 2.600706152423456263e+00
8.143152278613239314e-01 2.742207005376894102e+00 7.469801922323718868e-01 1.024441435464390926e+00
3.422561367547288236e-01 2.083608405774259875e+00 8.406234022205990586e-01 2.397811671797089872e+00
4.322960898192396151e-01 2.287839713494352889e-01 2.806591073374731682e+00 2.392177351628183235e+00
6.757468807313266046e-01 2.244416003845874030e+00 1.230750195086487642e+00 2.283020475813333228e-01
1.747222776196793781e+00 7.901375075243941559e-01 2.316718856793469894e-01 2.967040906024988711e+00
5.990732320338870709e-01 2.535524619473174646e+00 2.421939858493928011e+00 2.897275565206022807e-01
2.348619320617475914e+00 1.804890990553965180e+00 1.023147450721821616e-02 1.042991482904487732e+00
2.535162999789557503e+00 4.827589494558149896e-01 3.093395988192268131e+00 2.300765234593119324e+00
1.124015462313069813e+00 2.842243846128163387e+00 3.098350660736679085e+00 2.396865948033318983e+00
1.523136293361395222e+00 2.416964008061659452e+00 1.328906213701616545e+00 1.830864401999555691e+00
1.768944732011580312e+00 1.828437522047312358e+00 1.825410113301298987e+00 8.010323465687528843e-01
2.923680399783013861e+00 1.971639932974895482e+00 1.233230447435211596e+00 2.438096482413354416e+00
3.499519207185209924e-01 2.853545458265952295e+00 9.668862594547823486e-01 9.895466411998183887e-01
2.547773205605966762e+00 2.973340141381519697e+00 1.875444508517344122e+00 3.059424494137617412e+00
1.614881004533115672e+00 2.341381528899179720e+00 2.931892984119111478e+00 7.820413582532518282e-01
2.210620689818771911e+00 3.138920368764041235e+00 4.567659771362813648e-01 2.009267825185615752e+00
6.196493530298126107e-01 5.168881572424947057e-01 4.705890504317899459e-01 1.036559279382973209e+00
3.086505312545589685e+00 5.009038280600487669e-03 4.886746678482099537e-01 2.586277596430138992e+00
2.162401794618631357e+00 1.103423912387250516e-01 2.088592678537540603e+00 9.702536583942243942e-01
1.481928397698939026e+00 1.662971296596835735e+00 8.492816914996186295e-01 1.885230428279768056e+00
3.111717934325479717e+00 1.123963585844783841e+00 1.672991270706104094e+00 1.846705865765488452e+00
2.098791231456910378e+00 6.886819544592761577e-01 5.953468124623901847e-01 2.386926204746501412e+00
1.976531492624340469e+00 2.622553687668013334e-01 8.842949212858183805e-02 1.403180974954622684e+00
1.203600566359876778e+00 1.249716615801582220e+00 1.883015198049769801e+00 2.547220282111528622e+00
2.828241065893747130e+00 2.263174319135903723e+00 2.446615616070257015e+00 2.983403895010064311e+00
1.520842794408781007e+00 2.527531733834300187e+00 2.348011991182861191e+00 1.607333790190090594e+00
6.938509826950449433e-02 2.050477834726776027e+00 1.066986447378121428e+00 1.741372869111603716e+00
6.398580383239030889e-01 1.002516351892163371e+00 9.913632522475703812e-01 9.197146139702854217e-01
6.808320001934659027e-01 2.762521770299073864e+00 6.835161486732228564e-01 6.465671547281183207e-01
2.825117585415660493e+00 2.070379424282338121e+00 5.989599059814925130e-01 5.886488625960858423e-01
1.841095239097997105e+00 1.033335210580045516e+00 7.307687591962797047e-01 1.027866490223611484e-01
8.328880304702050985e-01 6.779951878948329291e-01 8.191412298274356463e-01 1.036752755211428179e+00
3.016250308969137262e+00 5.688244638562278688e-01 2.084746051610112616e+00 1.782351974390067095e+00
8.092846887134985678e-01 5.525727151772417134e-01 2.993439900014649435e+00 2.539953418856164102e+00
2.066953792903844178e+00 2.972293868303862663e+00 1.966192812626313513e+00 1.218475641556425071e+00
4.933543083165386478e-01 1.201489228107289753e+00 2.532470219832084535e+00 2.560450745553553897e+00
2.343371812604279292e+00 1.146675890493930927e+00 2.951965342795671354e+00 1.712314277274450403e+00
6.144593579717357867e-01 2.733563658968520826e+00 2.246928752264844675e+00 2.901255017591885532e-01
2.335221378423591787e+00 3.005075917072387859e-01 1.627279061425482842e+00 2.095093635957204103e+00
2.764852582181064555e+00 9.443088104599813015e-02 7.045901581155469273e-01 2.774031922373955794e+00
3.002973806484514174e+00 6.221008777976743120e-01 2.097499625031557180e+00 7.727221658709051422e-01
7.087343067672667862e-01 1.806253007298317170e+00 1.579803946259649816e+00 2.038511153905196716e-01
3.138712620957343269e+00 1.946875219670781698e+00 7.654755295284215721e-01 1.129796042565263336e+00
1.064085969955998801e+00 1.312131111297917929e+00 9.600946474475774428e-01 2.158927183425894292e+00
2.074868579584116635e+00 6.488395065515883964e-01 2.452474908511408369e+00 2.944438079670250730e+00
6.132604177653724342e-01 2.155902731031778430e+00 2.442353412935994506e+00 1.301990997934284966e+00
6.868796762921419718e-02 2.454833995879037278e+00 2.066686225042185576e+00 1.017972720308883305e+00
7.836134242301548980e-01 1.588873496766443627e-01 6.574319493218150345e-01 1.270711946728023234e+00
1.051744764246344221e+00 2.116367085616071453e+00 1.984072820783513436e+00 2.754337663104040157e+00
1.011664251277866633e+00 1.703287100942697085e+00 1.210918543713639384e+00 2.543673997933046937e+00
2.746847522907120087e+00 2.944887475298529900e+00 2.026839739911988847e+00 1.485671576662921600e+00
1.353128449360405439e+00 1.083589496383360551e+00 1.341573512956632852e+00 1.041772374732927720e+00
1.105239469124722262e+00 1.476506818079940997e+00 2.093966146502817427e+00 2.740691031502351827e+00
2.647705836442718397e+00 3.098128478876115643e+00 4.260312566063568229e-01 7.745836610129746003e-01
5.113504790135492417e-01 2.081752671213261241e+00 2.783933237918654768e+00 2.204221551813478008e+00
2.793790867375924414e+00 6.745137891883291603e-01 5.961273047425235116e-01 1.955975746971306162e+00
2.955278156523630240e-01 1.362417054571448016e+00 1.886338735617335116e+00 2.816001353861459666e+00
2.446272597632259682e+00 1.245943703474021502e+00 9.513231142234281068e-02 3.187039960467148436e-01
2.316995940759484451e+00 9.938965870137264069e-01 1.659617444166124889e+00 2.210792931974209896e+00
1.381614285152267918e+00 2.000439686173809850e+00 6.417488194257680023e-01 1.863687515590354060e+00
1.698158942522625559e+00 1.102742873032583670e+00 1.147065545336882320e+00 2.054562945754270675e+00
4.092711121693973220e-01 2.511373211322784460e+00 1.053361861482009054e+00 6.590587319927461163e-01
5.263516543619411840e-03 1.606393716232944913e+00 1.481346680804455973e+00 2.203691996556798482e+00
8.795713072583835057e-01 1.837120670956529089e+00 3.112007879346634365e+00 1.727604552770696911e+00
2.154753176766465828e+00 1.445880767731803962e+00 1.585812899205048865e+00 1.491567811454300507e+00
2.644900694793490104e+00 1.832576555214187330e-01 2.555704873790471066e+00 1.804899594996648982e-01
4.614855904106133777e-01 2.507858433092479356e+00 2.593852826034948045e+00 8.097799979930768721e-01
1.394303654959381911e+00 9.626044734106520284e-01 1.650412521450185022e+00 2.448363080608448428e+00
2.644879657787138072e+00 2.123956783276397253e+00 2.319304025657983992e+00 3.034008409713652821e+00
1.357716861362752825e+00 1.729575198734641717e+00 1.248274230125635320e+00 2.568646405768217456e+00
7.590961826036400628e-02 1.707052566338307376e+00 2.327821150565909658e+00 3.017365875436722966e+00
1.737463106896174780e+00 2.808376316365582159e+00 1.056131670929272515e+00 4.118949892873200458e-01
7.272289799676910915e-01 5.748215717380154022e-01 2.864802927011389500e+00 3.005853219932199227e+00
5.799406104544483354e-01 1.076878981906685739e+00 7.213085947075743853e-02 1.286527496167395146e+00
1.594609751374287621e+00 9.174393360554659038e-01 9.205552910967160773e-01 1.176559012829228257e+00
2.883492087039760676e+00 9.800132845136222404e-01 2.894869769682039351e+00 5.019112916576691230e-01
2.232101212693042847e+00 2.721578466474957381e+00 2.984360765313989639e+00 2.346368579058531800e+00
2.168587985900816140e+00 2.072161543685487661e+00 3.078716421399680936e+00 1.362882579144757411e+00
2.713277553449693791e+00 1.474894322567027904e+00 2.300694286264193256e+00 8.768868933862225545e-02
2.688971620947175456e+00 1.871060037834131329e+00 8.619646447531128519e-01 1.415226689273560323e+00
2.344273811672950458e+00 2.497876070228689516e-01 9.308850029333366471e-01 1.571160280627881711e+00
2.796449932257517368e+00 8.349774907667946444e-02 1.210573296599215976e+00 3.630899147628988133e-01
3.232578453240638194e-01 8.285965358711984141e-01 1.507812289752270996e+00 1.201538735178576456e+00
3.095567711920626408e+00 2.752824493820503537e+00 8.270348228614984309e-01 2.426737860723839457e+00
1.490769531059983777e+00 2.102760577724025914e+00 1.043189628901088684e+00 1.833010834051611360e+00
1.525428864349307467e+00 1.226140515140815790e+00 1.190067190614459758e+00 1.325780718475362274e+00
3.063101723420082134e+00 1.763541691806146172e+00 1.909470290407422333e+00 2.718074771795257139e+00
7.209962917040618757e-01 2.939741582238271533e+00 1.022277248211021838e+00 8.644725813074674026e-01
1.907990353337230216e+00 1.373667653500584063e+00 1.962894209157594938e+00 1.320437253903028907e+00
1.863413128577292133e+00 1.472285588238228415e+00 2.584515271646003143e+00 2.654158869996276149e+00
2.219528828145064914e+00 1.446034460634702645e+00 8.271281234782852376e-01 1.513568561759659703e+00
1.532373034020331426e+00 4.781425259355529533e-01 1.992433595880894304e+00 2.513401098318084337e+00
2.195249934939082159e+00 1.470556196195741627e+00 8.440475989165150406e-01 1.765361873393958891e+00
2.815729721060642898e+00 1.027618172730710100e+00 2.957869594045352102e+00 2.657804028910637051e+00
4.271907740583235635e-01 1.999252649607436982e+00 1.810472835538698755e+00 1.301705041067035440e+00
8.468008421259467511e-01 1.475111816892128447e+00 1.612278629137568364e+00 3.794968788512494418e-01
8.546352926231939318e-01 4.898399158620468374e-01 2.960521447983893051e+00 1.204063746801187391e-02
2.260513250538018770e+00 1.068368751026528951e+00 2.808958308747110610e+00 1.680521936197338761e-03
2.886256996263358854e+00 2.192996617805468507e+00 1.333280395022319764e+00 1.253925989595274515e-01
2.477753984737124160e+00 2.055621120591620166e+00 8.760269421951238922e-01 2.943655547222674862e+00
3.747577587921595288e-02 3.015109573518714114e+00 3.349681352775545906e-01 4.275736364121895949e-01
7.990252947181702980e-01 2.881740327411358216e+00 2.458478582950959224e-01 1.850561312841605188e+00
6.419961865003313006e-01 9.009730737693187885e-01 1.378686509867940169e-01 1.343569979069972220e+00
3.389980433416500127e-01 5.897193800731681534e-01 2.677707501322711958e-01 9.821022745458106717e-01
1.231239636026534745e+00 2.352737458679202698e-01 1.533057326806120502e+00 2.918421045306320849e+00
2.275034514225305671e+00 3.089190981288086224e+00 1.568291904636830880e+00 2.147533646327768775e+00
1.695705702504248513e-01 1.013407101780220199e+00 1.946002654188871528e+00 3.880202170998588440e-01
2.150609105759208273e+00 8.690168580113910579e-01 2.287737857562642141e+00 8.956863346289981598e-01
7.310817995679818049e-01 2.903616038442523362e+00 1.889071380087859797e+00 1.648868344162614408e+00
2.395919445644242529e+00 1.813221565811882652e+00 9.180911424959414813e-01 7.311590232024661740e-01
1.234728192543693925e+00 1.701531097082626065e+00 2.853869887683512019e+00 1.318033923002327690e+00
2.208572131309358699e+00 2.158774903336902806e+00 1.770752796469621915e+00 5.564554090261275565e-01
5.027993462160829097e-01 6.691518238462313972e-01 2.810644815660419127e+00 8.416093598452570879e-01
6.738764328707741447e-02 2.755910438839362708e+00 9.904477238888588220e-01 1.947662751609066545e+00
5.887038980321002146e-01 1.924927548349516959e+00 1.017315056161087972e+00 2.608010210383604033e+00
2.120064056724328072e+00 1.066031092206659814e+00 1.761703630234493945e+00 1.111245675760911267e-01
4.700775510640757271e-01 2.543870112004523509e+00 2.812153501673065215e+00 1.062814700496891751e+00
2.584334113452627868e+00 8.651251254893271847e-01 5.528380131102387240e-01 2.138204555373479199e+00
2.789150441579008710e+00 1.322379314490959912e+00 1.286183508584135771e+00 2.312571801188430420e+00
2.561636100817328288e+00 3.179025478475899225e-01 1.319806873651772960e+00 2.490169249690054709e+00
2.157198902731154888e+00 1.843627749753828038e+00 1.172096441310652271e+00 7.241528768715790876e-02
2.095130469527722639e+00 1.910545480014260944e+00 1.073233032019733635e+00 1.647604085577104138e+00
2.702558267914063062e-01 1.601235085968324867e+00 2.709817815508606564e+00 1.653058453832280339e+00
3.072056576018202811e+00 4.265935034994176589e-01 2.501155033011078554e+00 2.781888987912415345e+00
6.078422336456311692e-01 2.326621529170626257e+00 1.470547771643636370e+00 1.246151730460928642e+00
1.415462512547397189e+00 2.515724485521489751e+00 8.220780851824350810e-01 2.508759962571323943e+00
5.391859390043987066e-01 2.264403829578673033e+00 2.713720614125154196e+00 2.515068063320524239e+00
2.052606047385598487e+00 2.207462326320838442e-01 2.240255286325881556e+00 2.837645658937084203e+00
1.430977811893198393e+00 1.469876992312235897e+00 2.314623706291305094e+00 2.630803109534454620e+00
8.171597970184779625e-01 1.333693332554012345e+00 2.801555781692387281e+00 6.451701669579036347e-01
1.710952970423649466e+00 6.521913362083639476e-02 7.331947758780348323e-01 1.581644356469724011e+00
1.107721974590295116e-01 1.624326985934232415e+00 1.958709375975534739e+00 3.027396370006026904e-01
5.542449019811461763e-01 2.604715059800588595e+00 2.408533100438979280e-01 2.473606195734178836e+00
1.938403654420766120e+00 2.957016572604386884e+00 3.121482338605133244e-01 2.610580057772264873e+00
2.714434021357063020e+00 1.123663373849188712e-01 2.230305897950163541e+00 1.990545431485224892e+00
1.608880359966458951e+00 1.038058394025005216e+00 3.012803034923576373e+00 1.295089705583492012e+00
8.225710574772439054e-01 1.581842875369738888e+00 2.864356281985085406e+00 7.472274650894430437e-01
2.064500147650520034e+00 1.735493393004091001e+00 8.213122917842389237e-01 1.227827821408626674e+00
2.736938000668714732e+00 4.279869875115884792e-01 2.928710022164195959e+00 6.585570505739068992e-01
8.268013254190300643e-01 2.376085819299682100e+00 1.239642356604960111e-01 2.763081985918209860e+00
2.452647471604927798e+00 3.049133931615222615e+00 1.285731807021504858e-01 3.654247292002138492e-01
2.100322456070112143e+00 2.172769293724150508e+00 1.075605877166721625e+00 1.232273481333951315e+00
1.437854137361124773e-01 1.821818405005277253e+00 2.402290510522858913e+00 2.329293482768971746e+00
7.846538193960698182e-01 1.617680012466121475e+00 2.064784674474233750e+00 1.205773333572226214e-01
2.019535730594756107e+00 3.010344062838260282e+00 8.513481315951965112e-01 1.848301346336500117e+00
7.782504583644247464e-01 3.040372929062001850e-01 2.922458567294419662e+00 1.489237405862801067e+00
1.337326637587966882e+00 2.844814169549712446e+00 3.029102016594420022e+00 1.718410515462268195e+00
2.933993404858841192e+00 1.450343483158108349e+00 2.362331283962417761e+00 1.348380572504811026e+00
1.974491691416120798e+00 1.150467698723438348e+00 2.279446683257026596e+00 3.030390664781538401e+00
6.835658396843566909e-01 2.892403709761754094e+00 1.423229117336393346e+00 3.039131738152663242e+00
1.379157725914598620e+00 2.423577638861522665e+00 1.907206253264780438e+00 1.764740285623142224e+00
1.442111869077896680e+00 2.622776585467814781e-01 1.564411364826473916e+00 1.040460061380553025e+00
2.107722209378183553e+00 2.751291422081283855e+00 2.227601463917643798e+00 4.814105881414637578e-01
1.148696698689877005e+00 1.098112453544677569e+00 1.239764794960611871e+00 1.563151514424883759e+00
5.196462305311633223e-01 1.457539742761447599e+00 1.383860035750955841e+00 2.784713625388071989e+00
2.570270135767257269e+00 4.789619381814321786e-01 9.458759151815954169e-01 2.890644522411063733e+00
2.795006015216299655e+00 2.856911433016032120e+00 2.535380504141283020e-01 2.641864356848771855e+00
2.606991852930760079e+00 5.373714426452795845e-01 1.467292076504580933e+00 1.253877436012164948e+00
6.634392731586103986e-01 1.878402403927612596e-01 2.215461218692031664e-01 7.068399240313396614e-01
2.997761397264735894e+00 1.562255249175801719e+00 1.548710778469896798e+00 2.095151397759313028e+00
1.983612842984375568e+00 5.416039085134964903e-01 1.868937867126656105e+00 2.029560760836743416e+00
1.187330556911535329e+00 1.705922026601335073e+00 3.007169058070682244e+00 1.000642477423516308e+00
2.136203013875996426e+00 1.534089163090269325e+00 9.279852033598039451e-01 3.383435305100899737e-01
1.176445275480256347e+00 1.041297584385195707e+00 1.600860038133804286e+00 2.247468320904834282e+00
8.396916708655802752e-01 2.883780081370892034e+00 3.050422533148487325e+00 2.567268369698252339e+00
2.995015277256545261e+00 2.417855671969673992e+00 2.516251991909860930e+00 3.138924656577600114e+00
8.688429914971338430e-01 9.820121766224857440e-01 1.530700986415969966e+00 9.304085621528949135e-01
1.832017079296130557e+00 2.005257574331278381e+00 1.959643895912209111e+00 2.420282021835501229e+00
1.946569060369528481e+00 1.561292608903226409e+00 1.070877199867389246e-01 1.252131980825232638e-01
1.317918840571254746e+00 2.971355819691899658e+00 6.599588754230644172e-01 6.841053205843380391e-01
2.700996483233635725e+00 1.924531367900742973e+00 2.730968038672987319e+00 1.489803887197450882e-01
1.718089520284988625e+00 6.609140319042815515e-01 2.801022978887437009e+00 2.926331842157710472e+00
1.385927093126848933e-02 1.274761178422227914e+00 2.245548178817642349e+00 5.929215969698724553e-01
2.713808379938050575e+00 1.295043569695874863e+00 2.846350254416299741e+00 8.302564062590662708e-01
4.632157958500406902e-01 7.962535173013737255e-01 7.618320903822781709e-01 1.260340637090841209e+00
1.910407974679584786e+00 1.794461125862777617e+00 2.309550842936097581e+00 2.318686582718352707e+00
2.219594347156138792e+00 9.807113969531082442e-02 3.408333339694872288e-01 2.154717219616676116e-01
1.834819129206515909e+00 1.701172230499918836e+00 2.635717644121502001e+00 7.569244347926494809e-01
1.769662893984173868e+00 2.625498402667923781e+00 1.304449674835214401e-01 2.591757419715440935e+00
1.866561105889241734e+00 1.982072947722204548e+00 2.282980132451067679e+00 1.804799523464100108e+00
2.762401580078212682e+00 2.724357384140085436e+00 2.165661478052735289e-01 1.755526977140466460e+00
2.548858451376696976e+00 2.784766982892308285e+00 2.365531779060564777e+00 8.478612662014345380e-01
2.326007891011853790e+00 1.956202459919398784e+00 1.460220130112493742e+00 2.658082119086086159e+00
1.081794060563959770e+00 1.911874804556553009e+00 2.633033496643919946e+00 2.925570481209057050e+00
2.422193787210054072e+00 4.139350234767383285e-01 1.396222031733973301e+00 2.665862912745285307e+00
1.582848768769380188e+00 2.122604518049520453e-02 1.973739250953233437e+00 1.403280445365271856e+00
1.675208930787298156e+00 1.362733777727413775e+00 2.109791275756235096e-01 1.698639519894656891e+00
1.471824340487101868e+00 8.689302236283609204e-01 6.122945845446222668e-01 5.125947117673224085e-02
1.173056034788229729e+00 2.789767557397476505e+00 9.599232565690031527e-02 8.783588553857013537e-01
1.291825816946214900e+00 2.386256088882098947e+00 8.428829544674577567e-01 1.890154711986608893e+00
1.430145710549784566e+00 2.824351234122658205e+00 1.506009746081598877e+00 1.142811623646435293e-01
2.237013249992478858e+00 2.321469647220271160e+00 3.363155955101286287e-01 6.647091462141061467e-03
8.097767300517855205e-01 1.808519301927916656e+00 2.920767675500035576e+00 1.579909191212216069e+00
1.571011889572959896e+00 1.883071552927971792e-01 2.781013833056932061e+00 2.989203315457661603e+00
3.061982349069803266e+00 1.923409567094531480e+00 1.970927103100100330e+00 1.411790893297836691e+00
2.670236586625038377e+00 3.090372088439324205e+00 1.935061843120400304e+00 1.536688292815881596e+00
7.998877694893962165e-01 2.257616006141261789e+00 1.936638626725517565e-02 3.061235265238145153e+00
1.208857172925306811e+00 1.388484526732857383e+00 1.519266901412550608e+00 2.325006195476362780e+00
4.649857885959236548e-01 2.298792155871490772e-01 4.485888716841464063e-01 1.767729035301069507e+00
8.360553919146126445e-01 7.329751223112327407e-01 5.828797638734806164e-01 2.594945087047772159e+00
1.247506422023256567e+00 1.774584268599850301e+00 2.341172895902567053e+00 1.743542666521749496e+00
1.405909470012066453e+00 7.092910804530779822e-01 2.513646714299529794e+00 1.467780089776519858e+00
3.118708443255747143e-01 1.804409543028639318e+00 2.179011936847667030e+00 4.736666645348209803e-01
5.462288100463946749e-01 4.848711314864849187e-01 1.332439591977775839e+00 2.596027691407276627e+00
1.365810543577941960e+00 6.394726601914075825e-01 3.086199277184692225e+00 1.963131569738556959e+00
2.773950292533555295e+00 3.498744459803394546e-01 2.869049228157535048e+00 2.924136150702045245e-01
1.302550664949747805e+00 1.106797154088281721e+00 9.546345177808122084e-01 6.223528435074401344e-01
2.217411433168665624e+00 5.944151631603089569e-01 2.800882724489900166e+00 2.607801087987997146e+00
2.844274193864892442e-01 4.443820654138259107e-01 1.883696829354627233e+00 2.652467646417361546e+00
2.839845906039582868e+00 3.704227039827288070e-01 2.297397146740600249e+00 7.015901409693636737e-01
2.959031378169581394e+00 1.642864997685116846e+00 2.102744964720696164e+00 1.389344127460291789e+00
2.850732617537257152e+00 4.990433542008463341e-01 2.609311091188625920e+00 2.498378735843976017e-01
1.455581459661779764e+00 3.020602852273593375e-01 1.698941496168584753e-01 2.120831867166959483e+00
2.148764691325884879e+00 7.964615799631156179e-01 2.877022348016058384e+00 9.203968537598196109e-01
5.992940763683389793e-01 4.231457174175926039e-01 2.233467429081120503e+00 1.592213905956674891e+00
1.531970431118261811e+00 1.191572719055933094e+00 7.418626268589156858e-01 2.067716318989474722e+00
2.688008796606144113e+00 1.912300823684163875e+00 2.170576237589755486e+00 2.424877660884662056e+00
9.732989975141660421e-01 1.037110049895142647e-03 1.203604671910911250e+00 2.580399773512729311e+00
1.920805498703888059e+00 1.849310346745373979e+00 6.214138883098409977e-02 2.816662466684957344e+00
9.257174612693793714e-01 9.574802522368757174e-01 2.296316317516168048e+00 5.312471720244925644e-01
5.888949902435194339e-01 6.920920025435182144e-01 4.475189594121194991e-01 3.067698335306682234e-01
1.789180786530552236e+00 2.881782030947752204e+00 7.901697917750757916e-02 1.820737981348965029e+00
2.861760574483143138e+00 2.193319184391778087e+00 2.712137490041952148e+00 1.506846252350536153e+00
1.168281459226349073e+00 2.860639609175240405e+00 1.356037359679113763e+00 2.733487300532365438e+00
1.231645803603897527e+00 7.896576619194509150e-02 2.244960660859697033e+00 2.461125173624306495e+00
1.659876159341484803e+00 1.202214453689812279e+00 3.743826368280789296e-02 1.227132669323519387e+00
1.736005076062868691e+00 2.780798676035602934e+00 1.537025806149721063e+00 5.825303594498331128e-01
1.413609351484695686e+00 5.215581522128366343e-01 2.358433913780653146e+00 1.794034392148968482e-01
2.138552741496316800e-01 1.060503523997879949e+00 5.542251927170951387e-01 2.245032652649044724e+00
1.303409754088684647e+00 2.556891278423613745e+00 8.720628777137505727e-01 1.740007769888575417e+00
1.990866685404466097e+00 9.162529550346077967e-01 1.071267904120605241e-01 3.280178105834971047e-01
2.445186288146306453e+00 2.783959806002243020e+00 1.020252947696997925e+00 1.176365995746151860e+00
2.105031365243390518e+00 5.339711627657229842e-01 1.065730326617612578e+00 2.276220283703534797e+00
2.767582776487834462e+00 2.045331879558755617e+00 1.138144420097330356e-01 2.796202212318561475e-01
2.732138159655514986e+00 1.433909794359185197e+00 5.431748471388651023e-01 1.908403888726049491e+00
1.721261318810663354e+00 7.216495194262793067e-01 9.353724110658678814e-01 1.634884522513710969e+00
1.447291412041106895e+00 2.690881552286405132e+00 3.138802607830629920e+00 6.504289106430247713e-01
2.583056877884857272e+00 1.290204499875129196e+00 2.838755000003126305e+00 1.247892262606534519e+00
1.938394020172622412e+00 2.358940640782804632e+00 1.658539879287812102e+00 2.632344185964466732e+00
2.756722245271002514e+00 9.330753445862862705e-01 2.595898553463949376e+00 1.054379611881711254e+00
6.895964906526776961e-01 3.121323205170941861e+00 8.511243235908996230e-01 2.874770245936225876e+00
2.992847326316202761e+00 2.681573000926362305e+00 1.979689091306877424e+00 2.141162188274635003e+00
2.002877202276027724e+00 8.384237666731795269e-01 1.738133062846583421e+00 1.014460926291498089e+00
2.809129897351057448e+00 2.370891722261171175e+00 2.989514891779846639e+00 2.008531566001841462e+00
2.776362387882146177e+00 3.077039366952622590e+00 8.159699875031741767e-01 1.466849396048807597e+00
2.945904797685277465e+00 7.941950982364364142e-01 8.618832573473247383e-01 2.745563745287353363e+00
9.352569053386308173e-01 2.969986065046679169e+00 3.024163870551796585e+00 2.420466825568067915e+00
2.526839461926975616e+00 7.613527442529148814e-01 3.121689934168467850e+00 1.759557108688713400e+00
9.518626615755677589e-01 2.928486874571525345e+00 1.659834371396980979e+00 5.289735399007686745e-01
1.481500411141607916e-02 1.363497832902781148e+00 2.633540685658734670e+00 2.575517287470689420e-01
2.053491111841306171e+00 4.074200871570739513e-01 4.160078376270465172e-02 2.071267898692835896e+00
2.058338018028913918e+00 1.127856563653206523e+00 3.055534013399449744e+00 6.002161137719043416e-02
9.054625274405053714e-01 5.989246236715912719e-01 4.966821912844335274e-01 1.472097583291727574e+00
7.733102505635660595e-01 2.184458877164551893e+00 2.152890303374845604e-01 1.080164082542824366e-01
2.485520215933517019e+00 2.577441554396533441e+00 1.189623890800289574e-01 2.915735546701027303e+00
8.358630219297866898e-03 1.798148468654824139e+00 1.176993850632982674e+00 2.351484642281749249e+00
8.788347397945354134e-01 4.726536228711084031e-01 8.197355653082059046e-01 5.852353073612377443e-01
1.763358537905046930e+00 2.911771188353461381e-01 1.846987198507064720e+00 2.776618633180925499e+00
2.689464387943683477e+00 1.383801811432973539e+00 2.547820089860823867e-01 1.175252614261235173e+00
1.873784917454930365e-01 1.652151861395936949e+00 1.801596185966053143e-01 2.891214736351473746e+00
1.423916841998779548e+00 1.827770290536582909e+00 3.007864464654272041e+00 2.861869091897600637e+00
2.580368353742955811e+00 1.554303295991382283e+00 2.837478976415170884e+00 3.065873131763463544e+00
2.971314454595115340e+00 2.205457682003931108e+00 5.832820475851417941e-01 2.163371158728607746e+00
4.787204045899022264e-01 4.700233193805447018e-01 2.265680651379613497e-01 3.132034591433009663e+00
9.892885798379336126e-01 2.569620490908972044e-01 6.202536882678481023e-01 2.934193206031808221e-01
6.918435724851775825e-01 2.597092730834007046e+00 1.119203508287804238e+00 1.672244039380216263e+00
1.100595357970838295e+00 1.012291626972990244e+00 4.980143972513512152e-01 5.791857183205777471e-01
2.722541922169654072e+00 1.258353874158281149e+00 1.115669085686698259e-01 9.415128593995241157e-01
1.538517379980203437e+00 1.413613766489316470e+00 5.903868650928805195e-01 2.768801608404524828e+00
2.284542920674051292e+00 1.961205295688712713e+00 2.223063570978264902e+00 2.055146965283321858e+00
2.169670696592650216e+00 2.800231484073128829e+00 2.525629471596547160e-01 2.155064419417104915e+00
2.740349096530402040e+00 9.374507854498743686e-01 1.482373946237368623e+00 2.805314231384742119e+00
1.882752465437214306e+00 1.593326768548634309e+00 6.260809355729826109e-01 2.496310106530973183e+00
1.872584171749476001e+00 2.121240978898022878e+00 2.526142477115134177e+00 1.178438800404428388e+00
5.316084815296130417e-01 8.701237823501422053e-01 2.657247132694171565e+00 6.874479153083555838e-01
2.442970055520284678e+00 3.772517099888984538e-01 2.688773786713174019e+00 4.655548165741988376e-01
2.097173994736114544e+00 1.517506166981561211e-01 2.319844367789293482e+00 1.092940573545333249e+00
1.709068195127127598e+00 1.491427586980878184e+00 1.904881960959419640e+00 1.176298386063031165e+00
2.378053937138641327e+00 1.586077047922438144e-01 2.972108917825960095e+00 1.529622953895992676e+00
2.621981529348192730e+00 2.321589026473118267e+00 1.720505206540228649e+00 1.768608836139598239e-01
1.996765786179809821e+00 3.015644481485628692e+00 1.885595719340407150e+00 2.071102351392464236e-01
2.654823126664918487e+00 1.547622783891879072e-01 2.143523949206791013e+00 1.917726801469497588e-01
1.762106715952955316e+00 2.651501952594359945e+00 1.820164213616881410e+00 1.199390431338708041e+00
3.079333169003843018e+00 8.385606434807473253e-01 2.485372177087162182e+00 6.473478415048085077e-01
2.971405723504588536e+00 1.346938062575439909e+00 1.000194573508542684e+00 1.346224377555709228e-01
1.222130198693702985e+00 1.773834982137040273e+00 1.629144407223138691e+00 1.606584889781809800e+00
9.165509941452574250e-01 6.302512071758873402e-01 2.650918362727739397e-01 1.480937447573410726e+00
2.906902007127141196e+00 2.909595601727091640e+00 2.817086569328998369e+00 6.515328382823335485e-01
2.980518239728154661e+00 1.864030835066762704e+00 7.933776715743532382e-01 1.150836812634637107e+00
2.448655040627590651e+00 2.179050381447735774e+00 2.903709341763756502e+00 2.712070026319893135e+00
8.973018433798303495e-02 2.256512900373762953e+00 3.103982548534059749e+00 1.302461434069592139e+00
2.663720222628445100e+00 1.731263703896974704e+00 2.193894604266720116e-01 9.871284833612572474e-01
2.786805518552160521e+00 5.480568463325387052e-01 2.678069578225907410e+00 6.273288405079024965e-01
1.270032381216033457e+00 7.322566197617433881e-01 1.318322531296620470e+00 2.792716739382270053e+00
1.421132290621440530e+00 1.896842310939427456e+00 6.861068137092078689e-02 1.495259911401671804e+00
1.955835614825911506e+00 1.011931818988235920e-01 2.573806955447576872e+00 2.432908025978776312e+00
7.162674037826359807e-01 1.404003608478284093e+00 5.335719995108947344e-01 1.422841971391570981e+00
1.699698656076282344e+00 1.977496593461346153e-01 1.313906231341031905e+00 1.930755978566920827e+00
2.275520495591700332e+00 2.689328681905381657e+00 1.847770689474971695e+00 1.216837444936940127e+00
2.717028707044028657e+00 2.079487280215883693e+00 8.935878307182871794e-01 2.336614961934295742e+00
4.638701460713915981e-01 2.594978903184449681e+00 2.566545986349167308e+00 1.172825089365684192e+00
1.619017363282868882e-01 6.029694630881993200e-01 2.806495359244912891e+00 1.902336287986773344e+00
1.029441661200617197e+00 2.715130835126241315e+00 2.487403093516617592e+00 2.360270813486516239e+00
3.106582452684743867e+00 1.971503292315223366e+00 1.666651978053118821e+00 2.670134613607226370e+00
3.838473655234935222e-01 1.447242067583890179e+00 1.355660900378083067e+00 2.085448350936019435e-01
2.589384930475490343e+00 5.769547494623691319e-01 5.384618648721194445e-01 1.711547510783015369e+00
2.475465246577780221e+00 5.174390581934547317e-02 2.864022791391458878e+00 2.754135384110006246e+00
2.233233030872848968e+00 1.945831019577715759e+00 6.805442659883578216e-01 1.593984639003802051e-01
9.821069286986734426e-01 1.811547515364941408e+00 1.906084482375149658e-01 1.595119351407211727e+00
7.190930029208632002e-01 2.847261075013590936e+00 2.479815819707259728e+00 1.227428963037818122e+00
2.356743903058335365e-01 2.885977532922082478e+00 3.572054751892920210e-01 1.220679650141081041e+00
1.669355090712765444e+00 1.909265453100973176e+00 2.928699960212360232e+00 9.806407605564457786e-01
2.642855822852865355e+00 1.645298347951785978e+00 6.848047643969292289e-03 1.423283905649725956e+00
1.393926100314702765e+00 2.299362165563200167e-01 1.001680791027303341e+00 2.576838261143774123e+00
9.624264087415843605e-01 2.656743432212325118e+00 1.744665104038122250e+00 1.035826421913923934e+00
1.735483363951360491e+00 3.126843110174772900e+00 1.025010063850530173e+00 1.663295232363678267e+00
1.217861894896078878e+00 9.314184378259181551e-01 1.965026818260293240e+00 1.350527796212011022e+00
2.379004505322293461e+00 2.208102609905461033e+00 3.736794219952239149e-01 2.537207894145122822e+00
3.030638843113578895e-01 5.293916113147036084e-02 4.464776633418002239e-01 2.154436853252787998e+00
1.544981051385579951e+00 2.021442899396470150e+00 2.506691145210222960e+00 1.731324932024034036e+00
8.293899563165618716e-01 2.639118608706471636e-01 8.439045331263121674e-02 1.303298385266493886e+00
1.129447731583302472e+00 1.139345076085217512e+00 2.217877236198776192e+00 1.350625175030977010e+00
2.638696733551264550e+00 1.984862592167952133e+00 1.167441912927759340e+00 3.001410630907975552e+00
2.705673355657129409e-01 9.136575433925216982e-01 1.609688690824872204e+00 5.364172936537920933e-01
1.510041155566533400e+00 1.159466528354011483e-01 2.198206494277750167e+00 1.638226528068049470e+00
1.649546878110104586e+00 1.400655080223648374e+00 6.741052740454279713e-01 4.420323865648934092e-02
2.900118715304511596e+00 8.380656288938247434e-01 2.264447811306196545e+00 6.446880423351253331e-01
2.176645796757339824e+00 6.125693991060880972e-01 1.073303315562669447e+00 2.172993487677674196e+00
1.855256170103333213e+00 7.668955118290001760e-01 7.378060138028267323e-01 2.257947540305752288e+00
4.998152953829073653e-01 3.008040989748776983e-01 1.563723291780999114e+00 1.067013230793210976e+00
2.572686002759839052e+00 1.771036639806068846e+00 9.576049440707942173e-01 1.591397549945839041e+00
2.247337216671386972e+00 2.684783937668914766e-01 1.963207006464814386e+00 2.463021661126382877e+00
2.285179501664812207e+00 1.912731285322763375e+00 1.755991090536070054e+00 1.823820461272838811e+00
1.391649067888884872e+00 1.905970202183542961e+00 2.886885787871356635e-01 1.118439344891036580e+00
1.684492453282389501e+00 7.806361012726197313e-01 6.079100083967179380e-01 8.302679431229331719e-01
6.198375468978123415e-01 2.169362354925877534e-01 1.004734494599307526e+00 4.842475354572201018e-01
2.255892117121171214e+00 1.391380707770114578e+00 2.087782869460756086e+00 1.488439864545740843e+00
6.108254711965931394e-01 2.332241889404197632e+00 7.883879641983214392e-02 2.013508223572823663e+00
2.765810238800789911e+00 1.804350761603867648e+00 4.956166891882245462e-01 2.174221655636156214e+00
2.247356554363486136e+00 2.515957685002891075e+00 9.926938470617461263e-01 4.461606937509574600e-01
3.959203919620680745e-01 1.068337105078090765e+00 3.848284067922414647e-02 8.926796694029572876e-01
1.919308853962421457e+00 2.925941467369455040e+00 1.328441498832961365e+00 2.177844261141046900e+00
2.699896728197827667e+00 2.302289475973956501e-01 1.679032129025395559e+00 1.105635435662864818e+00
1.123328325458606392e+00 2.750953069112073712e-01 2.872024287893067296e+00 6.865727479078345685e-02
7.988261819625094295e-01 2.173916367573220487e+00 2.710583566158896840e+00 5.522048072840661792e-01
1.480099004348197189e+00 2.818513503656927099e+00 2.363296932911533865e+00 2.987590569888602943e+00
2.276016131890158167e+00 1.817608938856989376e+00 2.803191388711758325e+00 1.050294085951551271e+00
1.347316198629052497e+00 1.709226445960019269e+00 1.646724545980590704e-01 1.130899007002535095e+00
4.518485479795115306e-02 1.244945246836206554e+00 1.939376305474770579e+00 2.726994529740415785e-01
1.458439741478643747e-01 2.366422457571491389e+00 1.242658782678561336e+00 2.034496115876389233e+00
2.284119139516056496e+00 1.674345329191177401e+00 4.084142859201472242e-01 1.748407996340212378e+00
1.647130140881459814e+00 2.692344380541275672e+00 1.185305675749434462e+00 8.855674611829370546e-01
6.699699554689865222e-01 7.486721397997301297e-01 8.851441783901843330e-01 2.843670988554178436e+00
2.199672101663273427e+00 2.648490056418315586e+00 2.510606719512319618e+00 2.580321159038017065e+00
3.015212974983837224e+00 6.935956347827474389e-01 4.849535617151994327e-01 9.861632343785419197e-01
2.224702388034408784e+00 2.889346699765705573e+00 1.515905912696575430e-01 1.808874674735963639e+00
2.841183483268547860e+00 1.545165070209187697e+00 1.157185488581703225e+00 2.762200862012357483e+00
5.346818907369272900e-01 1.032710305899910308e+00 2.289392634298798246e+00 4.421845742563841331e-01
1.413287021014463907e+00 5.469256688999845073e-01 2.024460741571503311e-02 8.125205964393776847e-01
1.998697385855767505e+00 5.959932905173261908e-01 6.711620253091680199e-01 2.971752448427309456e+00
6.621175778800613143e-01 2.041686475330091621e+00 1.711673826709188440e+00 4.299905371714596303e-01
5.013471446446096103e-01 2.417067597718855154e+00 1.097133244572166877e+00 2.934653524941921887e+00
4.676174613372442446e-01 9.481678743887811400e-01 1.629612502766583371e-01 1.214796712006847024e+00
2.293227535672652806e+00 4.966381337280729724e-01 1.974349064745359872e+00 3.060504411386051782e+00
2.616036636528495940e+00 2.531790909137016321e+00 2.884687891177172059e+00 2.747590824907084617e+00
2.083906897509002043e+00 4.025725781824854854e-01 1.205800439150450876e+00 2.225700589855874156e+00
2.277065642591427075e+00 2.066114791703864695e-01 1.577896059081356661e+00 2.853336296945682693e-01
2.162048599097794455e+00 2.864767001727300144e+00 2.364959114964487519e+00 1.807219993432537697e+00
2.402376133905548272e+00 2.612244194920586349e+00 1.360579902696865462e+00 1.361765096739991465e+00
2.118703541271812707e+00 1.622417566208946837e+00 4.537883004687416899e-01 2.513777837083551958e+00
1.556833570699971414e+00 2.841464261216307907e+00 3.052667535938549115e+00 2.668604712359100350e+00
2.375663895429606320e+00 2.712984018876551051e+00 4.813867374054946469e-01 1.228670501844299379e+00
1.541826849608189054e+00 4.793944818281865028e-01 2.409976417098165236e+00 1.667354555168079511e+00
9.084117996704487163e-01 2.303988189360258509e+00 2.674130478369309838e+00 2.537712667100757713e+00
2.919054209333730387e+00 1.184626530580476622e+00 1.567058209573103600e+00 1.142057211478332057e+00
2.963016807905103356e+00 3.937024502085790800e-01 8.203736096776258202e-02 3.065836516564486303e+00
1.740633688915535160e+00 1.813168549217078374e+00 1.171362524716434761e+00 1.360760920742584368e+00
1.008784043407510378e+00 1.251880085600320491e+00 2.192171728884489301e+00 1.101251739894153481e+00
2.107912553521010146e+00 5.266299285235009897e-01 2.979470386785379787e+00 3.979628427094486498e-01
2.076361199788993250e+00 1.719323248844738306e+00 2.199602144973892948e+00 3.017029929427677448e+00
1.318879859978731250e+00 7.830765122414888868e-01 3.002397610680470397e+00 2.866096711183967916e+00
1.418282371606182091e-01 2.062505851839524507e+00 1.797998969859569529e+00 5.319756222234892640e-01
2.404163375509250911e-01 1.502137174075549808e+00 4.479394272970947388e-01 1.794209092355735669e+00
1.479186150224865992e+00 6.687226518517841445e-01 1.200111522823632093e+00 9.773184110910115852e-01
2.316189601207654380e+00 3.013360035261595460e+00 2.770626253292606034e+00 2.330555864962891022e-01
1.291308755161624910e+00 2.767923630417446823e+00 1.117199784779240979e+00 2.035190794028513661e+00
5.325305034832167328e-01 2.858224001296703065e+00 1.763175357347187999e+00 2.351477485886408203e-01
2.139293889345116106e+00 5.374229335178349887e-01 1.347830706532483713e+00 2.097420395044362174e+00
2.218008629404871535e+00 6.493383941064759801e-01 1.803715129145267104e+00 2.546608280303949812e+00
2.775918475182268530e+00 1.324961113643737143e+00 1.266716515503072626e+00 2.891048345477723824e+00
4.745682317698527997e-01 1.999746689759435814e+00 1.078032987821585964e+00 2.837249683919337517e+00
4.217944594026777350e-01 2.040405441319801394e+00 1.873841715276301834e+00 2.459477386155666245e+00
8.699160713924767308e-01 1.895630903253396449e+00 2.815269196837962173e+00 3.072968843653882676e+00
5.312538680297228949e-02 3.021010713440837936e+00 2.626152835057777302e-01 3.138378514476708236e+00
1.266670231152754011e+00 2.433006044643872379e+00 2.661825589432700756e+00 2.228846560698737989e+00
4.485943634805579783e-01 4.625790772074200308e-01 2.067073650258890449e+00 7.654708911432865914e-01
4.681124136492608168e-01 2.207476769260845462e+00 2.798566646590053830e-01 7.456886011889889421e-01
1.349454041996151599e+00 1.050488930657635517e-01 2.690736062210792312e+00 2.329986871259539072e+00
1.380556186957911935e+00 2.155591125332979363e+00 2.269356266313119264e+00 2.721104063120305949e-01
1.848675306100859006e-01 2.852238278880428357e+00 4.080135319205807631e-01 1.996021555927353974e+00
2.378596060169522630e+00 2.468314123169468743e+00 2.189021568088451275e+00 1.750201417640994128e+00
9.641810615733003020e-01 1.025758267980132477e+00 8.763854232659604726e-01 1.442129352218389560e+00
2.999774405816990175e+00 2.694484195068738153e+00 5.976492757267287681e-01 1.505721564328244444e+00
2.617112899783228031e+00 1.118966581043242758e+00 7.046252745442365129e-01 1.540810069758061118e+00
1.230537381345266468e+00 2.065957702170217458e-01 1.047804935902407086e+00 2.539802066831475802e+00
1.266099089437139780e+00 1.884430898209069838e+00 1.263798343551157055e+00 1.148734285670359512e+00
2.340105166236282841e+00 2.311569234034147602e+00 2.842320947730404779e+00 2.117895400708617704e+00
1.722572114434349988e+00 1.319269355582436631e+00 2.547298661327320968e+00 2.274042716648303486e+00
1.190487080792913321e+00 1.742359284930314667e+00 1.287008305101091932e-01 2.560813464491488389e+00
2.632413708517107320e+00 1.238872274588214806e+00 1.115651193991281431e+00 2.913699658753981028e-02
1.846571193776956221e+00 1.872679496990603987e+00 1.112483742836475553e+00 1.109687733883686356e+00
6.968618789361927801e-01 2.929346716805994344e+00 3.114597448976661256e-02 1.370636441994258714e+00
2.846579300853194994e+00 2.042476713877936223e-01 5.711830982141474777e-01 3.141561096254616547e+00
2.372324280528231633e+00 2.486597578256609875e+00 8.407028295441270060e-01 4.146829223837703582e-01
1.623941231185057399e+00 4.902486234283615629e-01 2.928025046181712110e+00 2.372180845853586906e+00
1.716354591588449940e+00 5.906591290582363651e-01 1.536408746402316838e+00 1.652188230464859187e+00
2.124769993914689348e+00 2.402561809891939237e+00 1.823637112814049388e+00 1.992491886601072348e+00
2.490606727157462341e+00 9.409333195324476318e-01 2.169038727631469765e+00 1.784977579796012570e+00
2.329571729330653707e+00 2.489341571072698933e+00 1.037480208226229994e+00 1.795329982894646736e+00
2.779872890501827953e+00 1.852665885276293389e+00 6.296071953246781816e-02 2.088953807017643882e+00
2.039224571973333511e+00 2.757563434501867583e+00 1.941049229364951056e+00 6.995530047137551444e-01
1.638114366615571305e+00 4.005605788972683712e-01 2.841964640397566022e+00 2.834125830955203984e+00
2.827776796853230135e+00 2.802553489434818079e+00 1.796663407943442925e+00 5.403305595389380489e-01
2.516684033081936889e+00 5.064766646447960152e-01 2.492515874944492893e+00 2.480524752112310161e+00
1.212697288171354026e+00 2.527563547953385559e+00 3.810040308430059364e-01 6.438579545574583118e-01
1.283046407076728679e+00 1.506993810747986551e+00 3.105167919825798872e+00 2.753566784224181774e+00
1.749852006967479445e+00 1.988845817897479940e+00 5.126697766357471986e-01 3.106310624173659107e+00
9.629207766875030883e-01 6.597591837324543462e-01 9.343554867779364503e-01 3.069856739469496443e+00
6.599040077062324761e-01 2.936855289563026883e+00 1.750327968522849442e+00 8.552219414297504985e-01
1.644517101332838127e+00 4.174468835064824579e-01 2.362526552228714216e+00 1.868215301930957306e+00
1.606671292875263335e+00 7.093615014055157930e-01 3.133260973544069294e+00 8.209685433006465027e-01
7.141452166277779678e-01 1.273210149777665334e+00 2.709464457719303443e+00 2.472076950713411936e+00
2.539357269368763159e+00 1.645640312307322439e+00 1.754409021765147791e+00 2.399656916120577410e+00
2.223843295393568731e+00 8.797312912758331604e-01 2.097390181343593563e-01 2.964541757106504249e+00
1.406879760767142828e+00 2.514605313801294262e+00 1.520677064210836038e+00 2.009362619416999785e+00
3.093829142983599123e+00 4.725613273182716068e-01 2.140905981746933584e+00 7.047830436068409643e-01
1.140131137391613869e+00 1.438335009277840637e+00 2.959017785018527746e+00 2.962408633685274406e+00
9.620848567720463596e-01 1.144643244970329876e+00 2.547127345857886915e+00 3.051123351764934544e+00
1.867676105433449862e+00 8.009527964485377849e-01 1.441555039826468931e+00 3.045725739416245581e+00
1.304565393666506923e+00 2.595944678972894160e+00 1.728104254729676992e+00 1.516835975513392887e+00
7.732720660109973498e-02 1.926676933589288820e+00 9.702352678247782025e-01 1.626471878741563015e-01
2.027567033530426888e-01 2.834858157521567890e+00 2.888948679674055331e+00 1.166676426912769182e+00
7.212925187148100381e-01 2.846409953835054463e+00 2.249575900384736649e+00 2.144195909492541130e+00
3.107745231547026865e+00 3.017761348279086153e+00 2.165954586085583777e+00 6.160491113898135529e-01
2.470101327381139189e+00 8.145483912899936785e-01 2.637913419765443468e+00 3.095770973706594820e+00
1.522154975629466112e+00 9.080233578659109295e-01 2.198964780290144638e+00 1.937051232647101773e-01
4.875759903634784703e-02 1.605254521982682370e+00 1.460674766681911430e-01 1.764077226539912058e+00
1.643729665686793906e+00 5.282470594249125684e-01 1.030692706375131662e+00 1.803905307876082775e-01
1.203424521601799829e-01 3.536347056408524203e-01 1.213731600589734283e+00 3.099041931628750746e+00
2.797801687830368422e+00 2.861599449663019712e+00 2.189060635717053671e+00 1.687073697689422502e+00
2.863748328348700856e+00 4.740132483536858010e-01 2.862429908047875227e+00 2.191366319621641523e+00
2.040452904929605626e+00 1.677982486295870879e-01 2.697097536405084650e+00 1.136565461999217430e-01
2.607953741512378354e+00 3.080908418876354027e+00 5.286353409412697379e-01 1.476584217836045987e+00
3.690922958480644667e-01 1.132334191574428939e+00 2.715495127713796197e+00 1.788435460471716532e+00
1.707943157512436805e-01 1.389548786363155042e+00 1.423509210142840153e+00 2.410666812346101029e+00
7.541828270159334213e-01 5.159050279029312458e-01 7.378590245272964587e-01 5.006917999968546473e-01
1.874439615777804824e-01 1.975349848987351775e+00 2.244479036639138503e+00 2.823319578838902277e+00
1.108365452683954810e+00 3.079324322987508911e+00 2.247882172756777930e+00 5.075624657656299110e-01
1.551332250291929116e-01 1.761357313143877834e-01 3.133743959311845018e+00 1.125643569169510583e+00
1.820306207454844394e+00 2.173542307425525788e+00 5.811944584899688682e-01 1.854961147220864082e-01
6.188661868700578994e-01 1.538215677300683648e+00 1.723241073196349005e+00 2.700617175190987318e+00
2.861743571476772274e+00 1.470447348300121693e+00 7.905327517774315416e-01 3.095681521422591342e-01
4.674723293452021089e-01 2.871376675111896759e+00 2.010666221165098300e+00 1.674118890064758336e+00
2.052263798730865133e-02 2.664492268632476790e+00 3.085886589642311328e+00 2.666932755976909597e+00
1.225369511635989284e+00 1.028350699873220808e+00 2.738840415013295004e+00 2.908726233913915493e+00
1.617996682031555000e+00 3.321647724635463095e-01 2.930359069058043886e+00 2.212200242055363919e+00
1.983218946041090391e-01 1.872106738630674005e+00 2.470688158249943367e+00 3.487390425134528210e-02
1.083831700185210911e+00 2.345245822284276471e+00 2.554609295042312711e-01 1.223609907882749148e+00
1.635409650561900463e+00 2.940062315087032641e+00 2.024400080769779731e+00 1.469693957932495243e+00
1.812233665274288086e+00 1.576612460603517674e+00 3.105792935838084023e+00 2.313580326738178705e+00
2.355078290161131349e+00 2.867842864967689476e+00 2.391544703251552662e+00 2.021740204807722097e-01
1.919992697465645604e+00 4.403354402720026650e-01 2.232364034645617501e+00 7.399053185851584002e-01
1.272034724576412146e-01 2.258317744229759505e+00 1.911611690616908721e+00 9.669497836289193682e-01
1.668729722992160935e+00 2.333650818223259371e+00 2.069348305822789058e+00 7.711020096782940092e-01
2.037846751074895990e-01 1.150462415961036600e+00 1.982580385532547007e+00 1.969293396459991241e+00
2.952745139550084996e+00 1.030943597956796021e+00 2.157548546250933175e+00 7.983342698347294375e-01
1.515770878491395246e+00 1.450330516287864135e+00 5.964276751052729475e-01 1.894360152759483107e+00
2.608673911371882426e+00 2.117899104033039936e+00 6.017062233873934907e-02 2.949788577167538506e+00
1.920509378032238257e-01 2.497788069930156230e+00 1.286494581565179152e+00 1.268889209269947471e-01
1.620878964925332344e+00 2.589481988562956971e+00 2.797170498243873649e+00 2.471691595357234039e+00
2.605860695780081171e-01 1.768386018719516395e+00 2.162631686313421842e+00 7.629872997677905611e-01
2.565884920081924481e+00 1.156529699012727175e+00 1.275532954054525270e+00 1.516430847989171493e+00
1.696837187188016793e+00 1.218056548592498345e+00 8.372842856183834725e-02 2.474437417667345152e+00
2.900492992119519720e+00 1.695658959280596179e+00 2.884038257356988044e+00 1.344814154443716436e+00
2.826932102343224784e+00 1.502693246992283793e+00 3.185236326051931743e-01 2.946640717496454287e-01
2.707309886948417343e+00 2.530551305766347348e+00 1.218959272338292044e+00 2.527821515135511454e+00
1.341839497727492336e+00 2.749449834733077136e+00 3.217269600320226686e-01 2.619714825862138774e+00
2.312241252023332638e+00 8.983805598659245772e-01 2.536757726129419854e+00 1.989312033915997979e+00
5.892257780249823274e-01 8.267935008736326807e-02 3.002259498395883242e+00 1.772459615581300829e+00
4.611321715747581651e-01 1.511652300346510713e-01 2.731295160888695950e+00 9.435716152349846730e-01
2.013673537374623290e+00 2.130489594805862641e+00 2.431111427468751973e+00 2.686595529457227460e+00
7.079296101842381672e-01 2.310687380513468003e+00 1.527595823254190410e+00 1.177318443422069150e+00
7.551371438374849809e-01 2.628745346833906371e+00 1.768718010669436680e+00 2.455210126825182471e+00
1.031470689360121540e+00 3.377090642389751762e-01 2.892202722614994670e+00 1.084269456954887856e+00
1.518884608020138582e+00 2.968559325167165197e-02 2.262252531058030480e-01 1.301126136856408433e+00
2.929146254840135022e+00 2.008869179402474447e+00 2.237345610100920812e+00 1.606379946102450385e+00
7.623370881562802071e-01 2.463126391374048207e+00 2.752011382280937557e+00 3.116863879761230915e+00
1.094568871415544792e-01 1.150131636223992837e+00 3.139812532108524762e-02 1.906469911612941326e+00
2.262352229370262258e+00 1.411018820578540778e+00 2.396484389468726661e+00 8.739613832509810498e-01
2.652740483557919582e+00 1.730337372087656478e+00 2.519635971163628252e+00 1.387331317411307996e+00
1.423129054796329784e+00 5.994385331973245412e-01 2.358144145501708255e+00 2.166438376059326654e+00
2.508103834694734857e-01 1.795681315406564726e+00 2.724225666641219679e+00 1.067758491906403595e+00
1.877392108439698282e+00 3.125827741364204382e+00 5.313186566089923568e-01 2.361500937571396452e+00
1.331257216191908510e+00 1.163110649510562089e+00 2.306710310359086247e+00 2.650915164892543974e+00
2.145958167909023828e+00 2.121832187032406392e+00 1.991831549363356935e+00 1.593056244791869025e+00
3.818920358810105609e-01 2.860257398621970926e-02 2.892755166947506673e+00 2.741012193788737950e+00
4.457544180763816644e-01 1.426218094453483687e+00 2.598679775007433523e+00 6.534768134060850997e-01
2.691835018872236862e+00 8.407341629769109481e-01 1.182559978564691860e+00 2.129866566951141404e+00
4.286565324277472611e-01 6.344639201607324974e-01 9.355583016314361622e-01 3.030898318468209229e+00
1.121429662358492951e+00 3.143292485732326336e-01 2.229177297934949564e+00 1.339807675759567385e+00
3.041945491524666867e+00 7.286114613305170185e-01 2.999750698605487820e+00 5.361287081101879792e-01
1.810782846487397846e+00 2.342489766298755605e+00 2.585743710924364613e+00 1.974015522943206591e+00
3.093348440252690956e+00 1.812400393412091804e+00 1.140308823466235771e-02 3.005463358114851324e+00
4.599141799453498325e-01 7.277369809273787071e-01 1.866871779879418491e-02 7.026620903613828295e-01
2.818561545603644358e+00 2.903467946664617383e+00 2.720660538431332043e-01 1.085683326407505200e+00
9.436480217877539767e-01 4.611436890010063294e-01 7.225684292736795911e-01 6.141942151906648606e-01
1.405250775559669263e+00 1.260131659502186308e+00 6.919415868634697375e-01 2.251811039237723300e+00
2.145911910066122363e+00 1.707565448139703790e+00 2.055006588599640693e+00 8.772286811241715165e-01
2.417329606883940940e+00 9.016492376885123505e-01 8.804884640801283746e-01 8.014485728106529594e-01
2.981744586836869715e-01 1.855150595174508865e+00 1.592391236271709420e+00 1.473528634642240265e+00
1.637271727418280753e-01 1.871665654401672985e+00 2.589839814690860109e+00 1.206203457951873004e+00
1.789900673922140584e+00 3.751554525630836912e-01 2.149959801101433587e+00 2.291150625392777584e+00
1.958587398265476009e+00 2.629173722364102961e+00 1.844096038232750034e+00 2.456490436366307595e+00
7.535545831559921359e-02 2.734993747805308129e+00 2.519201866660999212e+00 2.717944975184197531e+00
3.061443245343367980e+00 1.113632559403245681e+00 2.141414108610913303e+00 8.002464614609167137e-01
2.571604870433530809e+00 1.489263604529125651e+00 8.656638899442030688e-01 2.796070682789486561e+00
1.388550891851495717e+00 9.686934623612958317e-01 2.950913232478443948e+00 1.576272861306886153e+00
3.127549347393699386e-01 4.048545600840328107e-01 7.968779591362854520e-01 7.227625321113259060e-01
2.103401848263660931e-02 2.342266765503250969e+00 1.443163275972788373e+00 2.568109460131944743e+00
1.166612103748172924e+00 1.484935317952314593e+00 2.668072358994264537e+00 3.075036351381843502e+00
3.078670184989821923e+00 1.844034526304632271e+00 9.818089677270559479e-01 1.035802555947387571e+00
2.979582268211034557e-01 1.195295686421744774e+00 7.857303765432337439e-01 5.231916813662865762e-01
2.965711541111463401e+00 2.343233839785647366e+00 2.840803394755893496e+00 1.007323240726869740e+00
1.738592628982963628e+00 2.725165723834852116e+00 1.635852382622598467e-01 2.868152036763321977e+00
7.583951330852923833e-01 1.386402397686485211e+00 8.549092214997418004e-01 2.640492229306222072e+00
1.549433360303442697e+00 1.169124751808005236e+00 7.183980695510664427e-01 1.182930123823302537e+00
2.148046859826107546e+00 5.356295147042813287e-01 2.520018102887180422e+00 2.520742158386834131e+00
1.323298050572491613e+00 1.260916740141697856e+00 5.985837301208797312e-01 1.736723936225127995e-01
2.744570019694993479e-01 3.650292348242662466e-01 2.110023284937709409e+00 3.082937159778071923e+00
2.630174167272028907e+00 7.480510773739708075e-01 2.714273369661169610e+00 3.673539482216761076e-01
2.266962986359452259e+00 1.788701492332667398e+00 2.758652939118663383e+00 1.100952715721071618e-01
9.497367412574693191e-01 6.677778581341017317e-01 3.289708905185637078e-02 1.333067654055175355e+00
1.800597997265755090e+00 1.808040694548324945e+00 1.105994259337363061e+00 5.160327589704114537e-01
2.856514419792033799e+00 1.732209156541858031e+00 5.059939369567771905e-01 1.792440856448156497e-03
1.053188406225374463e+00 3.125788666519044856e+00 2.619538671725551993e+00 3.075679058063781390e+00
1.366618527224297885e+00 3.046862976001721623e+00 2.449590655023289543e+00 2.092245604825595962e+00
1.967277698470441816e-02 1.723850751009430526e+00 8.657769518575660905e-01 7.084143286668067585e-01
7.553202004250102464e-01 8.494474185728586590e-01 5.789195064452056644e-02 1.713902178535097853e+00
1.970208442690245601e-02 3.059300277182744665e+00 1.722420233820874058e+00 8.738734973035051645e-01
7.728055497345966973e-01 1.193766685852325038e+00 8.644126722567604393e-01 1.343931037854874555e+00
9.545608505515597031e-01 2.052935949909976132e-01 3.065301692273572520e+00 6.680636407194013963e-03
4.599935955603737942e-03 3.560307668278058224e-01 2.770695033736675139e+00 8.216923482133212109e-02
7.010201124622290614e-01 2.007776660128202662e-01 2.838675443959342015e+00 7.109565661154889638e-01
7.903117645178164841e-01 4.744849193163547252e-01 1.925816155160970267e+00 3.896131204562880979e-01
6.087900945708263345e-01 1.549926476128977715e+00 1.620240065763309145e+00 1.157390066429042186e+00
7.745551650020382484e-01 1.908415333440717676e+00 1.343577361997896791e+00 2.867642159061946749e+00
9.654481579999715235e-01 2.360507407785747080e+00 2.343434434962144319e+00 8.742802167906066346e-01
3.635640948486709711e-01 3.922350423165611444e-01 1.445337265705630425e-01 1.084329667352661897e+00
2.669458236813841534e+00 2.149247263436365074e+00 2.168901790110480565e+00 2.982462769423211757e+00
1.042161943370347510e+00 1.604281989787425811e-01 1.294742479761706200e+00 2.482260337884313994e+00
1.308638474287784348e+00 1.197037804248012982e+00 6.909974595989915036e-01 9.425031383983946132e-01
1.030097288782862330e+00 3.024562892045097762e+00 3.124949854494042611e+00 6.068719303473575355e-01
2.658094610091298993e+00 3.098963407686304183e+00 1.863326230627533331e-01 1.923884641870837742e+00
9.459759546742110281e-01 2.429842348862783830e+00 2.983409738438278946e+00 1.529429027556305831e+00
1.926804589355841646e-01 1.105743722261265244e-01 1.576554032586723553e+00 2.766185581633548107e+00
1.363497687304381589e+00 2.119221517554174206e+00 2.452374585015979935e+00 1.069084993324425081e+00
1.363542012015718008e+00 1.410253418477203091e+00 8.033444925765376166e-01 2.134167622881010917e+00
2.327573628841249909e-01 2.558258912975773125e+00 2.375658190158403293e+00 1.212827784848917734e+00
1.330671849960240127e+00 5.427772863159439076e-01 1.740715674724321982e+00 1.787675542107108329e-01
2.543680089896113383e+00 3.124233788485838215e+00 3.091369108409747657e+00 1.937737126784600417e+00
1.870261363364467966e-01 2.954409253901264076e+00 1.404756316917730175e+00 2.038964823049010278e+00
1.607366754799702369e+00 6.608197529010561011e-01 1.482786813202359166e+00 1.646110930643134962e+00
1.539002965615764662e+00 2.599505982522709147e+00 1.937709364267096168e+00 1.302298508756812190e+00
1.688544163287330369e+00 1.469762652764591948e+00 2.558192995125612157e+00 1.050466836152758487e+00
2.508787084854790184e+00 1.474483283422459989e-01 8.144856682370630319e-01 2.081460114689426710e+00
1.233381100163395860e+00 8.355255155902009401e-01 1.236201475685368312e+00 1.050948516136633648e+00
3.038105158137506923e+00 2.305444620306950743e+00 2.463969001706295181e+00 2.191211777963288476e+00
4.499384456813991240e-01 2.872291057414694038e+00 3.109385207817984220e+00 2.632874369554635052e+00
1.389646368234026541e+00 1.953998790091282300e+00 1.435218172729443742e+00 1.866842382665710343e+00
2.000387920918155427e+00 2.372210653886718923e+00 2.771187469477642384e+00 1.215684862790102239e+00
4.512236937361712580e-02 2.859517216664085204e+00 1.508000207550497462e+00 2.172887043381825034e+00
1.333515576924910073e+00 6.545420184903845140e-01 2.781312490279464367e+00 1.426957329017926268e+00
1.361038573521923256e+00 1.996534821156297879e+00 6.034635965053812834e-01 2.131801983614992402e+00
3.081461713567613447e+00 3.936278736004759637e-01 6.523344822090400008e-01 1.049043911874620871e+00
2.906771508578021912e+00 1.005221919116134233e+00 1.167870767575555746e+00 1.524832675612370680e+00
3.125326956866884665e+00 1.118641383143904822e+00 2.651744511362192913e+00 4.465879178263520433e-01
2.109008692704117838e+00 6.262816792420612400e-01 2.813936455775660317e+00 2.964419952841975459e+00
3.319705975207656173e-02 1.224763884924220836e+00 1.496709401524481731e+00 3.684592250387708212e-01
1.042297634253112504e+00 1.701832163531854236e-01 1.497530521159695871e+00 9.860013223647982883e-02
2.643483565496764776e+00 9.027209833842063658e-01 2.994810897259219118e+00 1.187569650515040154e+00
1.329379178579404019e+00 1.452549319264109240e+00 2.768685902575246160e+00 1.096393524507081052e+00
1.058627552053496457e+00 4.549124167027440713e-02 1.884037234918088721e+00 2.590623759631203615e+00
3.102718341485700915e+00 8.809610321130419974e-01 2.129245364356239012e+00 2.112666693330734979e+00
2.053822881562659575e+00 3.087826681333696310e+00 1.299743888549121651e-01 2.026760473140628349e+00
1.759791880666260910e+00 3.137273694900458043e+00 1.943028494477087254e+00 7.858650389881179921e-01
1.478076042428779546e+00 1.397703204178836200e+00 2.849332822543297894e+00 2.567411958181479381e+00
1.178686078362963352e+00 1.175645048651948299e+00 1.357628497315216176e+00 2.487582299759633075e-01
2.299624883853057522e+00 2.188326506063721144e+00 1.475138293262638900e+00 5.131406058691247996e-01
2.227196184487804320e+00 1.233112622782954970e+00 5.987890016606665089e-01 1.535314800740418262e+00
1.496495641759114870e+00 1.161617981074683170e+00 2.130015549966859378e+00 1.179630667809342670e+00
1.302918392308192175e+00 2.654955325631668472e+00 3.096294315163191868e+00 1.609513745091334602e+00
9.168763065328069395e-01 1.898867046743637210e-01 2.933000208359926475e+00 5.703972596259045957e-01
5.246385781960426486e-01 1.418175246354763219e+00 2.128442018922564571e+00 8.855580758033106958e-01
2.771421625555889445e+00 1.523210089044734428e+00 2.353948485147677960e+00 4.941823355157979325e-01
1.156629415726760646e-01 2.253478048704852910e+00 1.759301572856701634e+00 7.469945962162022335e-01
5.076141557969993112e-01 3.290036527836948665e-01 4.611897386763079143e-01 5.202099414360149554e-01
1.896076861553599224e+00 1.747078550904584526e+00 1.565433308940645807e+00 2.154553927403761282e+00
1.423322551969778305e+00 4.975584895962035237e-01 2.348335311487204979e+00 9.859464477473440791e-01
3.904606092783505233e-02 2.505216732900620080e+00 1.204626159166154453e+00 6.974243967652182796e-02
2.100597911324724454e-01 2.594774890954513413e+00 4.915724991699165214e-01 2.057618673890784788e-02
2.004897710880855666e+00 1.908098558350051155e+00 2.028411465876583275e+00 5.391417688069814057e-02
2.203112346184724846e+00 7.201117372396190763e-01 1.551577514121548484e-01 2.833717156873873932e+00
7.362032594507539329e-01 9.542534851270667584e-01 1.313106969213975184e-01 2.978774519447973668e-01
2.731943966330759643e+00 1.262386444917261485e+00 2.133755321270796479e+00 1.978298357540159591e+00
1.625107207039415025e+00 1.177623276902859256e-01 2.991341809362719317e+00 2.443181084213139176e+00
1.100831562833609834e+00 1.819814904776724696e+00 2.192514483763584376e+00 2.403538196874231758e+00
2.497731868053349569e+00 1.520356131648843645e+00 1.059339495140239507e+00 1.567186293616980919e+00
2.831047325455608998e+00 1.406416181528842957e+00 1.150805541083055189e-01 1.300323059026718076e+00
2.838123378994116486e+00 3.020579910624384912e+00 1.053762986661167300e+00 2.594551636797933547e+00
1.532822846020377217e+00 1.754043649564666907e-02 3.731346214539982276e-01 2.168995200571055992e+00
8.806091149114235739e-01 2.895239085426319026e+00 1.498389342365031851e+00 3.740813206359350218e-01
9.269383032133033939e-01 1.734296634541136362e+00 2.899877269800703594e+00 2.005120924898225535e-02
2.538392389174116692e-01 1.683048630093021192e+00 2.518908074008524345e+00 5.199791579152310828e-01
1.288655130258120174e+00 2.207314151921365486e+00 2.238729905584350366e+00 2.730936450108310432e+00
1.889374671972438025e+00 2.904636550739149392e+00 2.519688357635931464e+00 1.287652482870379700e+00
7.464709591929086230e-01 1.865173742853802441e+00 2.625545820913857575e+00 8.499948666784362672e-01
2.789970528994311305e+00 2.068477470779834348e+00 1.359440716157007678e+00 2.003762661509606247e+00
2.201431321289928800e+00 1.184696867012992483e+00 2.350715932615345949e+00 1.053712045659528140e+00
4.674466560853198643e-02 2.242853605493126068e+00 2.635765989730303627e+00 2.964054277831718043e-01
1.923517465417301731e+00 1.239715563824826505e+00 1.879769959206306851e+00 1.499774551190799388e+00
2.467628603013733990e+00 1.159305091247408104e+00 2.459824809283270852e+00 9.402849154608264870e-01
1.865407646500180761e+00 5.224457812385639999e-01 2.664200034850560783e+00 2.612209822414218507e+00
2.127497010928815602e+00 2.778123286490766120e+00 1.376472447995189807e-01 8.510682297608226365e-01
2.793124721472545424e+00 4.613413495398578368e-01 5.339508571841644624e-01 2.238228715066356234e+00
2.243918023860715483e+00 2.710131517731280137e+00 1.593937434236905482e+00 1.936129069052279439e+00
2.174312504193176121e+00 2.300565780336668364e+00 2.518736198072961230e+00 2.478426736074640147e+00
2.753878126556819961e+00 1.388802825228539595e+00 5.989015799650075911e-01 2.200745512508518395e-02
2.797932427929272325e+00 1.556712584025671919e+00 2.953104386078608812e+00 1.152750066027284692e+00
2.604938403185389273e+00 1.156465806270195351e+00 3.027237116196832556e+00 8.176379401953545178e-01
2.501925852368120040e+00 1.605735470351857597e+00 1.430526224082170339e+00 1.429253506192850409e+00
2.194264230073360800e+00 2.928104546884634285e+00 4.352069863181801668e-01 1.693004608028082725e+00
1.022022081219130518e+00 1.206017216026072925e+00 1.433789039587201719e+00 2.247776477631027614e+00
1.241439524449056586e+00 2.866840729834633894e+00 1.023917001757111533e+00 1.935074696016035878e+00
3.008708131200900748e+00 2.183557249180071658e+00 2.360818982277060218e+00 3.090256714472052746e+00
2.028415874471049540e-01 3.051113901039081977e+00 2.591665136061742203e+00 2.432666954548587501e+00
1.412913992837465438e+00 1.689157503390018800e+00 2.789609938862591232e+00 1.390997131005886400e+00
1.785972798342027490e+00 8.682589916477577718e-01 4.852184025816065893e-01 1.828053929077279705e+00
2.863606718543259433e+00 9.767717108824857108e-01 2.075253992908484335e+00 2.055426506924254770e+00
1.982545983878387236e-02 1.992339326686226875e-01 1.579853907833403737e+00 1.207899310053850650e+00
1.053864487818914064e+00 2.786191057021176309e+00 6.226047941696657984e-02 3.843082868735214069e-02
2.043796094850198308e+00 3.136429616582291774e-02 1.430735797406385457e+00 3.000843561270928994e+00
2.754012547457863391e+00 2.788687948945483441e+00 1.572836430258225393e+00 2.090910366121408182e-02
2.766258458837640433e+00 2.790861727794349711e+00 3.051936092800150213e+00 2.338956713067287474e+00
1.537287863985919545e+00 1.612405824925385589e-01 1.857659548201073152e+00 2.889765957262077745e+00
1.393377847161882510e+00 1.011279279403713316e+00 1.374318120019792921e+00 1.876736716689176632e+00
2.176395511768837721e-01 2.275696131143657652e+00 2.914569127809695459e+00 2.887122862066370477e+00
3.204842397589998115e-01 1.777984075892119042e+00 3.629095598472460438e-01 2.922734644915066848e+00
1.312802476582872080e+00 2.580143845262971247e+00 1.766744587379386333e+00 4.622230235336666770e-01
3.042978051729438027e-01 1.851581610209506623e+00 2.783054664978890980e+00 1.308332334535656782e+00
1.891627705910963630e+00 2.522238450052652681e+00 1.860158395279827070e+00 1.426929880128484429e+00
7.288105686902580649e-01 1.526531010532102828e+00 9.102310927942471874e-01 5.528909833712069011e-01
2.060250708415079401e+00 1.565856077894180742e-01 8.039934633810292830e-01 1.742636050848297646e+00
2.945523919753895825e+00 2.080831455057528534e-01 5.716776663166714956e-01 3.009558910334063420e+00
1.092185647604698939e+00 8.414383943930244802e-01 1.667311041817910455e+00 2.598833344032998927e+00
2.037741103941911547e+00 2.032825086950936555e+00 9.986802568848581751e-01 2.087295685324842776e+00
2.253068378474417877e+00 3.078989036447648875e+00 2.833112571931375445e+00 2.370176331641376422e+00
2.065979468035595179e+00 2.064507120280459684e+00 1.525322349875929628e+00 1.327471686856535049e+00
2.526868283256802350e+00 2.302206549686141912e+00 1.488221748460599736e+00 1.147756282607577116e+00
1.277759837239662022e-01 2.256182431820926038e+00 8.602068666412004960e-01 2.208256014858413163e+00
2.224657524925575114e+00 2.278824822802479222e+00 2.338077608888696965e-02 2.366866515609096222e+00
1.286468857766430940e+00 1.691257894173929355e+00 1.033411163612095285e+00 2.300487344900073783e+00
2.919549478374279694e+00 2.769766368118895983e+00 1.341598860345614153e+00 1.001887516211270729e-01
9.404901773174085822e-01 2.059456225419768582e+00 1.415904386084973376e+00 9.931920372028217869e-01
3.395978584382930987e-01 2.404508012860820720e+00 1.603282439751053667e+00 2.729755063334981524e-01
9.010890854682545026e-01 7.735367809556373819e-01 1.026632271090716308e+00 3.051324962974929500e-01
1.556646643494117077e+00 1.850814351879490838e+00 1.230170289152958230e+00 9.948129192329685511e-01
2.362645323335849312e+00 1.301431230883698831e+00 4.715005935035657125e-01 1.912656110866390424e+00
1.053413652224499231e+00 8.753708765409465853e-01 3.051791915106584874e+00 1.147830724016685622e+00
9.662390644333918033e-01 2.191566526291919725e+00 1.003525224637458191e+00 2.507450023365235259e-01
2.430615604330836899e+00 2.063519007637644620e+00 2.410412912520948137e+00 1.501172422844532006e+00
2.721312077780593253e+00 2.642794754137199664e+00 2.465254160137362760e+00 2.569629234229063197e+00
2.704585507834666558e+00 2.343266168148478545e+00 8.244399767577751392e-01 9.022991691352901800e-01
2.078666365426656171e+00 8.039867320017539398e-02 1.216740190540505751e+00 2.358756964232734954e-01
2.782878838122749166e+00 1.101420536583436416e+00 1.160127978182661890e+00 4.115165414848203640e-01
8.341497318574075948e-01 1.247862624691606692e+00 1.307275702579051568e+00 7.772825159553774510e-01
3.091722322318600114e+00 1.590997326878293427e-01 2.895970784192014591e+00 2.862926376150245478e+00
2.207837614334377641e+00 8.813685059771393382e-01 1.644578564101929485e+00 5.075448822358454848e-01
1.667363990143567287e+00 3.042275175917889207e+00 1.849893945477897761e+00 1.009988464248347872e+00
9.623445305487825507e-01 1.125012372063066257e+00 1.896576189685095004e+00 1.133145714571551221e-01
2.702338806768977530e+00 5.422774381909321040e-01 8.305716646651638557e-01 1.396628122624127721e+00
5.471755434070720847e-01 2.844848566132393231e+00 2.145405244517315513e+00 1.087407342922225295e+00
1.453202002681381888e+00 5.283293689268440119e-01 2.250491311762966795e+00 2.596657373137361002e+00
4.955895290959856370e-01 1.111885262042499933e+00 3.138411647779895564e+00 3.072650771714596107e+00
1.101497625980312645e+00 1.223490865749212286e+00 1.396196999551047035e+00 2.362328315331499340e+00
7.296865056780084124e-01 9.937641500909644154e-01 3.877000101984994229e-01 6.198753350868351220e-01
3.999108136880292208e-01 2.833765917621434482e+00 1.469649656013172212e+00 8.591668457099717049e-01
1.094123898149838459e+00 2.821567419810213195e+00 1.234374027405012564e+00 8.286718392243174192e-01
2.211267385075657010e+00 5.036691618365442269e-02 1.434253404914812347e+00 1.880166406871186968e+00
9.445925153608373259e-01 2.135824486335666794e+00 2.930102301404655218e+00 3.030471542022991738e+00
1.879048887368008680e+00 2.628849916979306034e+00 1.649942796824586999e+00 8.258833507807346042e-01
1.427777121772893176e+00 3.017967715201749890e+00 2.129676674215544629e+00 6.747885042835863878e-01
2.813543121439422645e+00 3.361765176323160964e-01 3.523292282416357057e-01 1.616904887143357339e+00
1.295032840158605758e+00 1.196210763631553542e+00 1.924713053355564085e+00 1.228272028478287758e+00
2.841098141799643706e+00 7.710405672757810747e-01 1.074793078645748912e+00 3.133240646382180028e+00
1.901169091806968359e+00 6.552414345777701765e-01 1.189747133174130722e+00 1.191016508738729218e+00
2.501727515767996568e+00 1.011999454540325027e+00 1.691301298374732753e-01 2.644744977841384959e+00
2.284992058116809499e+00 2.654602190679050899e+00 1.643256302208900621e+00 2.470944866092346093e+00
9.246807060350672458e-01 4.315453347542835272e-01 1.280617817240692125e+00 1.468980559793110485e+00
2.220916179191401163e+00 1.015127759246672312e+00 5.766075474167896564e-01 1.067382414119181916e-01
2.478037536704439603e+00 2.917203828023522849e+00 2.356591457900735875e+00 1.277486975125014856e+00
5.396490910450140177e-01 1.669854777269061730e+00 2.624710735895035452e+00 8.830025197391523362e-01
9.597297113074176877e-01 9.918292554773209257e-01 8.780761831089495262e-01 1.465795066015151971e+00
2.696273118053929885e+00 4.756957476901170212e-01 2.720349063884416552e+00 5.260175355236297312e-01
2.884346220679288586e-01 1.515467618935468552e+00 1.514215394860784825e+00 4.995224176664200266e-01
4.895918956878975714e-01 1.476071691134904496e-01 1.698163789560954040e+00 2.140576563796934728e+00
4.359129151452170725e-01 3.810559230987095036e-01 6.264119058814506813e-01 1.493604691833781972e+00
2.098054983840776266e+00 2.187467995311450863e+00 9.170349537543119878e-01 1.772754523554276762e+00
3.086205111555236247e+00 1.354097207198051933e+00 2.243263137160536880e-01 1.484408268352362947e+00
2.104150969771860336e+00 2.766021395888093259e+00 1.714044739675329332e+00 1.115075800960526609e+00
1.572300397076230816e+00 2.077135447614041119e+00 2.234225234779580571e+00 1.070242137283564932e-01
1.681878974814609462e+00 2.899668671452120261e+00 1.874613745951089649e+00 2.887178584221333111e+00
2.558438689504878738e+00 5.070313067469876117e-02 2.944497816948362878e+00 5.912006067827149103e-01
8.791996483911552751e-01 1.182673262377476275e+00 1.563582393516451230e+00 6.755446683739474434e-01
2.447021336458812257e+00 2.565897489183080804e+00 1.490892268547703514e+00 4.606849170768635426e-01
1.946987372792593485e+00 1.748965481369838315e+00 1.412449471631034292e+00 1.618193927664023146e+00
1.910986924548103705e-01 4.924392977977827546e-02 1.315220575838377925e+00 2.351480139541653358e+00
1.736598202761060472e+00 1.523565684222808247e+00 1.985589295430091772e+00 2.022523714313113175e+00
2.678531380451401045e+00 9.172819785889879673e-01 6.412535158921708334e-01 4.433584286899158733e-01
3.442053767263748565e-01 1.791961967468544081e+00 2.332747232544704730e+00 9.067890003692676837e-01
1.201766056606300870e+00 1.729794451511152298e+00 1.280622806387969215e+00 5.862215300223380110e-01
1.105738366623177260e+00 1.253426645120286231e+00 1.441020773813411315e+00 1.555428147627854418e+00
6.420374519460261276e-01 2.846454504412533115e+00 1.395128824225729813e+00 1.452624820093843638e+00
1.451426979543381623e+00 6.006999095641237796e-01 2.314533554310493457e+00 1.154910117098672806e-01
1.646543482521620971e+00 2.904398689354930507e+00 2.473835277156358980e+00 4.424952907299036786e-01
8.128928314538591549e-01 1.079067509076891973e+00 1.980327224991818680e+00 1.780289332727635232e+00
2.639511501903814672e+00 1.207175439356013236e+00 1.678691936551974573e+00 9.831499365479591246e-01
1.451798552850591673e+00 7.017599345071723338e-01 3.087098544621631468e+00 2.166059122052647723e+00
1.542827874123958276e+00 2.972006511491779523e+00 1.616742259427768724e+00 2.079896450950788012e+00
1.327312462673595261e+00 2.530153001379660704e+00 6.233948594450895442e-01 1.748257864222918068e+00
1.669416771842068714e+00 1.727981258760463490e+00 2.563211728856376492e+00 2.914690973475494218e+00
3.035514392905404701e+00 3.041784358094670182e+00 1.942172747103711350e+00 2.472268242864007759e-01
7.036627889968024574e-01 2.672574468617346710e+00 2.226132305001820091e-02 1.862888324720963329e+00
2.687593703478851292e+00 1.625458503120150056e+00 2.984305141918603965e+00 1.532121737050175181e+00
3.203355103055042230e-01 3.131369040322118824e+00 2.685279112727671613e+00 3.346606560832675603e-01
2.906853845457625596e+00 1.148478569911550728e+00 2.958971621072066793e-01 3.381170160257205848e-01
6.317278907099489471e-01 2.495431892182617517e+00 1.623734182355324185e+00 2.967563660801330050e-01
6.267871443156523004e-01 2.053796674711607650e+00 2.074993041072339395e+00 2.925221804707409199e-04
4.102837817967826262e-02 2.351040817954488105e-01 1.011527679684098402e+00 1.093022880503991545e-01
2.592084818707212523e+00 2.792757349019776125e+00 1.023223144503461191e+00 3.766432928287777870e-01
1.472506769738882060e+00 2.198564727652181361e+00 1.421251792563865413e-01 2.087992574754830688e+00
2.945254160189371362e+00 5.229272682877417200e-01 6.533980893299624615e-01 1.852788897340740037e+00
2.742065409132912635e+00 9.726381191653374891e-01 1.476809879907728051e+00 2.489329489722818423e+00
2.426824186268005779e+00 7.896334441367921508e-01 2.233989029649153135e+00 8.289591427109008759e-01
1.734142086468943633e+00 1.406712492027442751e+00 8.618141404249434201e-01 1.268791905559120137e+00
1.437927006126081819e-01 2.169096005985965192e+00 1.903806018045865800e+00 2.785352249078833498e-01
4.815889814308045302e-01 2.634039654932035290e+00 1.740711980853995478e+00 1.322527520006392621e+00
8.818545985354482308e-01 9.398349770059030162e-01 2.849912260211762582e+00 2.616844304990198378e+00
2.340452426109469020e+00 2.085798292819371014e+00 3.005213426397773446e+00 2.782361986789631203e+00
6.218951114505032463e-01 1.045602620026354901e-01 7.888468263449424089e-01 8.794331684857240594e-01
1.912502394180204845e+00 1.721856778473056071e+00 2.516327786569640124e-02 5.134243599694964244e-01
2.845477655611747814e+00 2.175115683497505614e+00 1.578173013091690224e+00 1.715902019683811286e+00
3.416852077413509714e-01 3.352084683461991621e-01 1.350142279681391333e+00 1.706775260218473811e+00
2.908677964754722289e+00 2.367692789747645854e+00 3.176133283530497287e-01 2.041265872480173549e+00
3.051152228475919603e+00 2.847768662096230141e+00 2.945132173717011970e+00 1.372828011973920237e+00
2.679819205013469041e+00 2.814367158637408384e+00 2.471282554424225175e+00 9.117242622848301670e-01
1.079714701207131977e+00 3.137009810789249009e+00 3.048874066414695161e+00 2.428846373522602686e+00
1.252420619270649293e+00 1.931441806969643293e+00 2.593976251067245276e+00 3.091481922522129278e+00
2.545527899126313276e+00 2.081041073331470592e+00 6.916626200866681229e-01 5.346240897421632859e-02
2.301472300897329681e+00 3.063154690106199229e+00 8.463595260624228178e-01 1.639548692694532128e-01
2.654527162774063420e+00 9.518393756403560335e-01 6.969490000354530146e-01 2.924941133290089201e+00
1.626463457048565875e+00 6.720922636396849947e-01 8.288617975966486306e-02 1.967060800865489734e+00
2.173596551741973915e-01 8.762327298496298544e-01 1.268186595491946012e+00 1.201591050904643687e+00
1.546070545584805833e+00 3.108959202864696736e-01 6.792222585998072271e-01 2.902911443292948590e+00
1.257420021275532207e+00 3.187428961891147772e-01 2.606934455222097657e+00 7.152750321991133697e-01
1.335669985066431364e-01 1.275241828112012810e+00 8.645239031718368605e-02 2.940925297787100878e-01
3.078044582428444143e-01 4.550176186400977096e-01 1.862126202080286452e+00 2.157109681343165608e+00
8.364518271289704821e-01 2.661735860491977412e+00 2.300564802732560921e+00 2.981457247363328733e+00
2.157132475002714322e+00 5.794640720790095179e-01 4.956582372446100559e-01 1.185578769574556990e+00
7.070017056482810203e-01 1.184247015707449391e+00 2.170069887022752830e+00 3.103518019966298169e+00
1.233463907470136123e+00 2.180237363180440313e-01 3.800476877205457571e-01 2.295821651150096621e+00
1.703565016266362475e+00 1.396106586763283586e+00 2.771717458112501031e+00 1.662863702262133314e+00
6.852407652472539135e-02 6.227475988867190448e-01 5.361116658385323142e-01 2.933700127998945639e+00
9.760130816448759905e-01 1.501445970271249708e+00 1.921307125029946272e+00 1.862551003451569098e+00
7.362059246505738841e-01 2.809559099214791189e+00 1.834722579925359032e+00 3.118592199816592192e+00
2.667501337124931204e-01 2.238602169551207943e+00 2.735046223636364182e+00 3.134355475295707016e+00
1.995332920457172365e+00 3.006071343095161330e-01 1.358200722059266230e-01 3.053733566781495767e+00
9.522710845938705537e-01 2.631317469114633045e+00 2.380351112167339966e+00 3.355065534291969964e-01
2.420496995887969072e-01 2.111608400200120972e+00 1.756072212650774178e+00 1.060433552809256108e+00
1.589544654716592786e+00 6.520201436916158722e-01 1.932853144284464531e+00 1.668721842311802650e+00
1.221520207775238370e-01 1.548193785413124468e+00 2.423823321280343279e+00 2.358593114673943170e+00
2.040061981225449905e+00 1.878773132469329976e+00 2.536892390639911010e+00 7.025151896029570020e-01
8.540698872453977852e-01 5.960474326497964270e-01 7.760962800278388418e-02 7.403092849971424361e-01
3.880754014999370782e-01 2.062539061166435150e+00 5.981979552503918773e-01 2.759263039053575284e+00
1.131464529004975628e+00 4.470668011487412552e-01 1.640576660517368612e+00 6.317936095442514000e-02
2.674441589868399305e-01 3.814985230508790015e-01 2.473822962694379513e+00 2.300987817101406652e+00
2.269393596888607867e+00 2.835825027553269706e+00 1.205078843375381181e+00 1.629448044010181507e+00
3.920815641187738176e-01 1.241727407609318989e+00 7.782599624596966414e-01 6.734070470551465348e-01
9.528896432773042990e-02 9.184692449994019681e-01 2.558067433044605710e-01 9.776945671640159263e-01
1.025324084132027469e+00 2.080820793676989577e+00 1.586545472625479958e+00 2.370532458964943689e+00
1.909277805849979748e+00 6.522854192717675303e-01 1.799348475970578898e+00 2.858729626095464216e+00
5.826593958839976217e-01 2.125700629544632569e+00 1.826837870365303651e+00 1.616139547063695892e+00
3.756928643314654676e-02 3.269362219555952409e-01 8.364935645455019442e-01 5.416743314343143156e-01
2.087591882156362155e-01 7.372884691511464306e-01 2.146628910812108160e+00 1.713455310313840796e+00
8.494656392810053802e-01 2.335173317887361488e+00 2.403187730655846011e+00 1.858642055458691766e+00
1.468195766060913732e+00 7.467291246511138514e-01 7.524228389970351039e-01 1.113808928318573033e+00
2.957565231769337721e+00 1.618888323077208202e+00 1.485717940284698058e+00 2.891080229630403342e-01
2.929695052887312468e+00 7.339713662287498941e-02 2.720608426285597403e+00 2.685089679595642931e+00
7.430779585319785552e-01 2.469993244670706023e+00 2.341178616446987881e+00 1.528044269866140725e+00
1.241001222678890903e+00 3.883569485723883385e-01 1.710548044027326631e+00 3.996348883287888509e-01
1.969298976427656056e+00 1.104138887636518795e-01 1.747874526823826269e+00 2.657955407794538427e+00
9.002565993966556990e-01 2.475192767781038583e+00 1.167297772124404664e+00 4.405433781105845270e-01
8.464928089855555671e-01 8.406911137427023339e-01 1.008261898776156684e+00 2.576321688315538871e+00
2.860711621573726604e-01 4.937314031655548607e-01 1.183465772018576168e+00 2.455236471111311936e+00
2.225841723509630832e+00 2.458366362189277510e+00 1.216469063973764086e+00 3.034832500913302589e+00
1.577258745856063182e+00 1.073620231211453779e+00 1.473673887467633170e+00 1.988792656523683977e+00
1.949939215249166580e+00 2.130273372899889939e+00 3.036616851669376782e+00 1.191638127586135409e+00
8.688172768586355232e-01 1.227840757754117273e+00 5.062154405388088474e-01 5.117817256957353234e-01
2.208169066408758319e+00 3.072999371966748772e+00 1.692766887051338598e+00 5.664886296356897999e-01
3.037506255698375401e+00 2.235771518334209063e+00 1.161360460740286538e+00 2.066876495683736881e+00
3.945050893630406286e-01 6.304393110914564557e-01 3.545904316215915952e-01 2.444381289003697333e+00
6.519522330414100342e-01 1.700928208966676847e+00 1.788010220265070949e+00 1.339602193606581393e+00
1.657135442435456740e+00 2.308456917505248007e-01 8.840013993163265971e-01 2.848409219375382051e+00
1.075804242148773904e+00 2.943184876182248222e-01 1.383252367695143148e+00 3.046334772539526892e+00
2.119205541303069040e+00 1.418785411129032559e+00 1.902527216703853608e+00 9.745660421846394916e-01
1.331928787731247343e+00 2.951608041835918073e+00 1.708342128906206181e+00 2.625069571773817056e+00
1.793110964107560878e+00 2.130454523918954568e-01 2.865461419096883233e+00 2.294480050269872784e+00
6.003317976843770554e-01 7.167307483265307200e-01 2.072853038282281180e+00 1.185402237314409080e+00
3.109949684858629215e+00 1.859968897629799889e+00 1.018684439585595847e+00 2.585556249375904267e-02
2.224031099119508248e+00 2.571089534166331791e+00 2.145587959767726538e+00 2.144124097697468034e+00
2.043519429262373066e+00 2.139906513972947621e+00 1.384490048504489978e+00 7.667265956701432850e-02
1.187097940969055410e+00 2.507743828016846699e+00 1.463306757568061389e+00 2.022194297442624578e+00
3.002262203763137904e+00 1.732152413212928233e+00 1.219252897840553018e+00 2.165157234754575999e+00
5.133320659840616695e-01 1.915845862081519302e+00 2.030459352994566036e+00 2.953080089803002961e-01
1.392316929912030821e+00 2.805288825231022631e+00 1.832386996829019898e-01 2.867210662401676657e+00
1.681918980823737142e+00 2.325641868667167600e+00 9.446756879910275795e-02 3.677962371302989086e-01
1.364255680489155242e+00 1.625986108858998636e+00 5.443213075879271834e-01 1.547643617020474149e+00
1.428522424966282234e+00 8.566461088423026338e-01 2.853121576787956304e+00 7.849906965901591871e-01
2.825300298623731887e+00 1.064522267003761735e+00 1.875574987691917883e+00 2.010737677650085986e-01
1.313421787655781658e+00 2.130117596555444415e+00 2.522572777182511938e+00 1.143625635478808134e+00
1.238248245071729814e+00 4.502367857521443195e-01 8.310440431077196211e-01 1.639914751421408301e+00
1.577056027661159154e+00 5.845864062242612791e-01 1.770587475398380350e+00 2.057563463872652321e+00
9.272929327302341374e-02 2.628735217957388404e+00 2.742721344895998392e+00 1.137988333682184550e+00
1.449690026054375247e+00 1.932347746972946645e+00 2.780942476408061470e+00 8.392598221872420439e-01
2.917792041416243265e+00 2.216025581199873695e+00 9.476975985627038579e-01 1.710588704617743483e+00
5.611454666397459601e-01 8.859032117253839989e-01 1.904890920828644640e+00 4.452158929300177870e-01
8.678816930835327181e-02 1.747301381350668370e+00 2.585137239723201752e+00 2.757632034045649494e-01
2.520254119059816666e+00 2.165271949095848747e+00 2.275077861887252251e+00 2.385323848298433191e-01
1.525465211945195021e+00 8.352592848571771533e-01 7.061833137340547961e-02 1.075361474149651331e+00
2.369728264362920278e+00 3.092429435249779424e-01 1.788248281586127364e+00 1.657304538155040641e+00
2.049158690882378231e+00 4.780330984939489686e-02 2.718364031541808945e+00 1.942542215628696445e+00
3.118091278690330981e+00 1.864042152898993443e+00 6.726936420495857050e-01 3.427043337079079821e-01
2.987935137863592328e+00 1.663397631828223561e-02 2.928968428288745152e+00 2.670942009334994260e+00
1.742406849221908027e+00 5.163401024456572008e-01 1.766521820547016342e+00 1.848271535636043739e+00
2.461395832932667282e+00 2.827632326672450791e+00 2.805076137495253974e+00 1.727259995823879068e-01
1.735493856527866141e+00 2.397910286062609586e+00 2.671529493448060677e+00 5.781967945406671916e-01
2.943782811800172428e-01 1.690041684261951005e+00 1.363613114396329706e+00 7.927778386939343669e-01
2.609037833393598849e+00 1.580558145250438917e+00 3.020160205264077122e-02 6.058553320136528253e-01
2.776784135189062308e+00 2.861189020127125726e+00 2.442867987450374478e+00 1.647441344332213564e+00
1.705258526451203460e+00 1.717432849800626826e+00 1.930655783769130052e+00 2.089963298747709697e+00
1.905509150784661987e+00 2.163821218404519797e+00 2.394462746510681139e+00 1.806894324511918892e+00
2.562239527221775504e+00 9.016176978338603654e-01 2.938440271739863885e+00 5.569386109566343973e-02
1.248748241595022179e+00 1.228792859994857656e+00 1.962217824075939143e+00 2.572412495532178447e-02
1.691293151373687742e+00 4.269194458646029533e-01 1.657015961318606845e+00 1.783158382554767662e+00
2.469587843663885618e+00 2.709741928955723189e+00 1.769175250766375385e+00 1.728096275222397171e+00
1.328428074251785329e+00 1.626012964526812599e-01 1.633281667692174866e+00 1.605072389437613434e-01
2.399809111782242876e+00 2.660153000094716003e+00 3.053679540858067476e+00 8.927496851368469377e-01
2.439743563490493816e+00 1.305565691765670833e+00 4.934082117327872052e-01 1.703574990414950641e+00
3.037432599414824796e+00 9.487768826877671646e-01 1.486542111286550671e+00 2.476589114907470357e+00
2.088014960540709009e+00 2.610012674886206252e+00 2.230808130562545344e+00 7.570825985411273606e-01
6.483447537269340089e-01 2.919244106309404785e+00 2.610549381332374352e+00 4.091571366160562384e-01
8.566135822781895115e-01 2.364305266660595262e+00 2.197940080559141585e+00 1.235641712561885486e+00
3.120228137315858574e-01 1.723070575757623013e+00 9.668847253386313456e-01 2.734521204769481351e+00
1.068798789639217039e+00 2.567619201166796206e+00 1.835719884224708220e+00 2.001761024692279456e+00
1.080706872023840248e-01 4.017453785424710544e-01 1.681779531666327765e+00 2.296323029560967122e+00
2.448582159684693949e+00 3.645504759202661815e-01 8.433373827349234242e-01 5.825589104850446009e-01
1.945604669413894428e+00 5.394573581907857740e-01 1.100164318610175496e+00 2.962311442556958774e+00
9.656528838651129432e-01 3.038077748186056137e+00 1.946646471407099677e+00 9.528860749534286134e-02
1.261133321500042870e+00 2.544535000215081944e+00 6.553906153540920432e-01 2.379248311844643471e+00
3.105471847774233130e+00 1.268631680830711650e+00 1.418674369302531213e+00 1.731543668123056712e+00
2.650200023109038350e-01 2.411768989959267806e+00 1.844080430092869538e-01 3.479846446374415536e-01
1.400050465779842268e+00 2.411984724572047600e+00 2.179124349741538680e+00 1.016289113096334962e+00
4.621467745175326103e-01 1.509751390279072680e-01 3.013799633720120816e-02 2.362307644758389058e-01
2.781647557341227484e-01 6.986544103387238858e-01 3.242436381082290375e-01 2.516593026242838427e+00
9.528192907372599052e-01 9.187462826050027953e-01 4.096572492273242161e-01 2.998172961567930894e+00
1.130765129432424798e+00 3.118129057174882646e-01 1.079276989816887244e+00 2.722566174306985776e+00
9.061527038594705541e-01 2.007843400756089025e+00 2.341027911706028419e+00 3.037723485949606950e+00
2.201901182142270486e+00 2.858588926037583189e+00 2.189642416125718416e+00 1.652324100847154975e+00
2.570335895796038272e+00 2.096592331457495462e+00 7.609047023627987238e-01 2.267311638979689903e+00
2.325144006329781021e+00 1.657291426292441860e+00 2.427742868717007174e-01 8.827436355160558357e-01
2.853449716168289019e+00 5.900009880615165736e-01 1.506855782161993673e+00 1.318164469566255992e+00
1.373671389407320920e+00 2.621622296100436955e+00 2.834373394506541910e+00 2.522217431337193005e+00
1.830727341051078705e+00 7.763163233902293792e-01 2.175384269277369942e+00 1.716475985901921630e+00
5.671032056055349546e-01 5.754553406798695869e-01 2.929992402694645559e+00 6.070238494687333342e-01
2.211518325251826678e+00 1.391581374636830237e-01 1.067441029861198709e+00 8.683740933458847788e-01
9.923932873997318715e-01 6.471134031516062590e-01 4.494769669247269950e-01 1.846615201318033028e+00
3.064290120498710301e+00 6.893854922530878726e-01 1.251589164594802739e+00 2.006026896105125523e+00
9.945578834396231471e-01 1.890562911141975722e+00 4.715054174192646608e-01 2.565846140724189262e+00
8.311576749784148621e-01 1.628229625061590857e+00 2.169710774755926330e-01 1.813385048605602012e+00
1.480966655986354574e+00 6.439457503589320897e-01 5.032583569775200827e-01 2.231290597437872725e-01
1.392334859783833645e+00 1.853012251372483155e+00 4.166980030680087627e-02 1.106826474324569709e+00
2.266274787105576394e+00 2.411883744213959346e+00 1.033711676007572411e+00 4.288427720972433632e-01
1.586836933960618534e+00 2.763497817960703373e-01 2.554162163556391807e+00 1.372225690289379241e+00
2.580653901872294043e+00 2.322786675605474915e+00 1.064059352864627911e-01 4.142419257987454140e-01
2.529948016458172244e+00 1.763109191039864188e+00 2.691529906694761554e+00 2.546556332144567225e+00
1.988317836770769897e+00 1.860851765843301031e+00 7.176329543345455475e-01 8.682831191944592186e-01
8.205221576082257773e-01 1.371997795318528945e+00 2.626964328440865248e+00 1.025461510603713045e+00
2.528129059035755244e+00 2.892402700962096063e+00 1.279901074693488239e+00 1.954149418945544170e+00
2.708837669544227555e+00 2.467928892236006977e+00 7.795914938406960093e-02 1.453753030793318191e+00
1.527036683997492705e+00 1.060158421377237259e+00 5.202285332573135523e-01 1.218419000523353724e+00
3.016770540453533656e+00 7.107108069031008168e-02 2.918733732957898841e+00 8.355627009822080842e-02
2.355040318409558076e+00 2.281796064087570741e+00 2.527797449311976585e+00 3.432819864707058188e-02
2.603896244146166161e+00 1.533512716175513102e+00 1.617883167447590864e+00 5.820483685090813708e-01
3.646929369253338882e-01 1.320961907860858542e+00 3.059240581277394622e+00 2.323380108615850759e+00
8.247188574053779808e-01 1.638794326913475041e+00 2.003569366366534155e+00 2.219539621619461389e+00
2.992701120001259874e+00 1.975598768121562543e+00 5.246506407092996760e-01 1.704175734842270140e+00
1.784388281966386769e+00 1.452751644847088075e+00 1.527321908734669442e+00 2.356645545071454517e+00
1.189169754673585988e+00 2.675391048286770435e+00 2.035208880850835733e+00 1.700738716154058805e-01
1.564325034300175332e+00 2.204292806647657699e+00 1.913739724476338777e+00 4.478176936255741647e-01
2.953611778967832446e+00 5.590936313004605251e-01 2.427294308808890300e+00 3.102354284804213602e+00
2.638316811916944782e-01 3.032398665150310091e+00 1.882506254108919919e+00 2.314269539888840654e+00
1.301969477276666565e+00 2.979622458825541109e+00 2.361166089525559286e+00 2.941086998661746943e+00
2.394129481541900972e+00 2.844158410888406596e+00 2.903636299339428239e-01 1.293717041339950802e+00
8.219938444122777688e-02 3.135408799227400678e+00 2.034033956255094200e+00 4.007875368301279662e-01
1.666225266064980781e+00 9.042205826695793869e-01 2.059326078398120985e-01 7.704205181736566432e-01
6.758516662938839348e-01 2.965256979516811553e-01 1.931958362661980289e+00 2.525280048386612464e+00
1.078586839299364053e+00 6.344813712260964911e-01 1.783823424491363996e+00 1.042769241782872891e+00
8.488714455219025234e-01 1.461160203162365612e+00 2.819993344656586576e+00 3.116649634852358020e+00
1.545736107010053928e+00 5.270201024900786901e-01 2.215572795383589977e+00 6.431966626142374688e-01
1.039583680719218250e+00 1.556880842220728978e+00 1.466420610282411330e+00 2.144237152350767062e+00
2.939451032704558209e+00 2.256276763891096770e+00 2.219893629487778686e+00 1.371865346989849632e+00
1.025214674966333783e+00 2.556689648194325315e+00 6.707018308933679895e-01 9.991348699348355789e-01
6.347937755649568636e-01 2.826399151836062718e+00 2.846615195867337356e+00 1.282714976407001606e+00
1.082791906296815210e+00 8.208703173724619662e-01 2.727815938098760995e+00 2.748056039522924099e+00
2.912371927220449574e+00 1.739482262240885424e+00 2.226608461966601116e+00 2.305895370745107531e+00
1.911528168603508604e+00 1.826638443189537053e+00 7.884061144326007797e-01 1.719029682881348942e+00
3.067429571084013595e+00 1.264887887621802820e+00 1.965923819489035385e+00 1.843369145560304068e+00
3.111341045708220676e+00 9.095387874062740297e-01 2.303497440281108144e+00 2.669639506743859858e+00
1.925801420647130335e+00 2.881824866610627645e+00 2.183114704725283683e+00 2.031895459874693277e-01
8.703256653696983536e-01 2.075975309270718938e+00 1.873558975623917489e+00 2.350597323965437635e+00
2.180046636776320490e+00 1.684969178063400852e+00 2.376988604831754337e+00 1.514692332137254738e+00
2.631733215846197016e+00 2.501451365353312362e+00 6.677033552043096787e-01 2.238276784319602086e+00
2.331937253742727645e+00 1.357709097790771979e+00 9.513655337849974414e-01 1.533634805063741169e+00
1.667375511459160631e+00 1.019918625828001968e+00 2.012922446911517671e+00 3.522987204837316755e-01
2.831080448393167970e+00 2.414521435896401502e-01 1.646375026854527635e+00 2.063944960364687109e+00
4.321425219744672308e-01 8.802292219522582783e-01 1.138382111757116011e+00 2.205086774980543840e+00
4.610663439058585444e-01 1.792518204832223849e-01 1.414816642289857151e+00 2.861968944261702230e+00
2.161236235088054958e+00 1.713673936009301846e+00 1.345630808831405623e-01 2.430942079283013424e+00
2.999843901745245844e+00 1.332067969655759132e+00 1.636892436212384339e-01 2.183050666363703651e-01
5.642175523951434846e-01 2.869252599366539869e+00 2.771311123468790161e+00 1.545556587398734028e+00
2.259358101682170661e-01 3.027236646724492664e-01 1.427850918055570961e+00 2.058170523483637382e+00
8.119395751116694759e-01 2.415667836360992915e+00 2.707645895493124844e+00 1.352952864388165422e+00
2.810417012008496140e+00 1.034529793253072538e-01 1.659215694847803402e+00 1.658245082768398548e+00
2.629370045479427986e+00 5.209102403847627460e-01 3.079540875343412143e+00 2.196732337336572805e+00
1.223627975861580452e+00 9.565680506868228239e-01 2.828296821594013633e+00 2.292146644613628492e+00
6.542885450649765788e-01 2.524630486718044686e+00 1.250287206114138794e+00 1.882206667933588040e+00
1.106801230065499020e+00 1.641594904109719422e-01 1.601333537500422954e+00 5.444568615187143079e-01
1.830797858286251190e+00 8.880353587471133681e-01 2.060886131512710051e+00 2.610727547874545973e+00
1.779534960470374072e+00 7.447232427766607987e-01 4.004325198731678026e-01 2.112194347327142729e+00
2.757628041529224028e+00 2.825487669649818567e+00 2.518754622067706617e+00 2.661104486355012622e+00
1.966984413816655675e+00 2.672832410700807682e+00 8.100028203238980318e-01 3.573060157974431439e-01
2.399063807669076231e-01 2.558058992773999840e+00 3.091278941599114649e+00 3.870502415905804350e-01
8.943756911860441250e-02 2.915267152344772406e+00 6.322092899882200689e-02 1.241078425380530703e+00
2.599608844524297968e+00 3.105357068786823493e+00 2.705382360460482971e+00 1.390219839357836884e+00
4.832226971515395930e-01 1.760373140574802653e+00 3.029088152450445826e+00 8.372438852415347021e-01
1.326400918606760015e+00 3.065212874431370249e+00 2.377741667452421215e+00 1.702315513438355854e+00
1.556986598538838695e+00 5.417665890431976328e-01 8.865586906265774392e-01 2.355044809873331424e+00
1.007888218148000004e+00 2.000456805410009586e+00 1.389108015961318943e+00 2.222221225215077034e+00
2.494945726911251160e+00 2.799901256248149561e+00 2.323980191339070078e+00 7.871557640914801368e-01
7.339435837386297790e-01 1.579098842270834080e+00 2.188041454404093533e-01 1.152399040613141468e+00
5.249383969199457045e-01 2.060581631583535245e+00 9.980928782061709859e-01 1.578072241800533071e+00
1.393535345643588608e+00 1.342292433043627886e+00 1.643441314512352536e+00 2.693867149759204160e+00
1.094498077162069594e+00 1.972718189435574088e+00 1.557090161012677720e+00 1.224168722659985331e+00
2.185185804360072925e+00 1.264926513159794430e+00 1.466186379367288017e+00 8.705573838105669093e-01
3.629705534195814542e-01 1.913541541300535664e+00 1.139796605341961699e+00 1.491266564435582476e+00
7.237989040665335772e-01 2.903568147742659811e+00 1.697390001484363697e+00 4.597307852689765384e-01
2.547780783405402261e+00 2.950404265663507442e+00 2.599393170731419733e+00 2.571700663662331188e+00
8.478061034851229749e-01 4.155643762366275640e-01 2.495978629334146548e-01 2.785847909594337146e+00
1.750106606328340142e+00 4.741060806941784223e-01 1.431567564720357399e+00 9.624037738080325477e-01
8.293444850107793698e-02 2.363837674149742440e+00 1.431638302865936074e+00 1.941816920333347962e+00
5.235967738019485784e-01 1.835959280937293103e+00 2.857148701056485329e+00 2.894822735693489690e+00
1.883604817143401000e+00 5.413867466317282551e-01 1.689158378537637395e+00 1.201931574753783982e+00
2.191585538161227031e+00 1.125539533594015484e+00 1.428620592809454415e+00 2.281501296644088850e+00
1.704133438893755015e+00 7.423187134834482448e-01 2.212677192291026884e+00 7.595480766452377130e-01
2.808229501954261131e+00 2.434956975642387889e+00 1.042112438194981783e+00 2.013766230468555296e+00
1.655637173622975356e+00 1.512639617195574493e+00 3.086944515719215243e+00 8.759787995190689847e-01
2.258117711535514438e+00 2.598570738556884141e+00 2.739001654954190457e+00 6.882503646036726153e-01
2.996724585568075749e+00 1.511351503516590089e+00 2.512344671545334140e+00 2.513733656925959403e-01
1.414313549302833872e-01 2.347651473599606575e+00 9.587624458605426003e-01 2.608124989500687274e+00
9.655970372932335399e-01 2.960889231638299535e+00 3.048730915201015801e+00 1.470404441621518510e+00
1.392262614049637470e+00 1.811357923430031658e+00 3.085823777126931233e+00 1.824266969554653173e+00
6.699301422339482004e-01 6.098235308850442626e-01 1.263733303619848369e+00 2.287103613522254886e+00
1.999700200070692047e+00 3.130350661934960144e+00 2.862536845419197395e-01 2.455972001864753285e+00
2.879818388955686981e+00 1.771758963755990512e+00 2.273075275399884188e+00 8.774834209846649191e-01
2.625175759875489678e+00 2.891294039342374944e+00 1.788610182021169503e+00 2.128904382319415145e+00
3.595434145814851989e-01 2.756890397094720946e+00 9.096411298119869704e-01 1.894945595143236350e+00
2.034354703785137719e+00 3.112871881905414639e+00 1.914648865021674418e+00 1.564571937659812617e+00
1.568842255096436267e+00 9.376630505003293869e-01 2.256776087152758681e+00 2.492992231179559148e+00
1.223254329989214684e+00 2.859097458008342141e+00 2.844211270468699038e+00 1.149511232669761102e-01
6.349898802430929967e-01 7.623093366772846213e-01 7.622304412856966138e-01 2.979321512887927792e+00
1.728597915350409853e+00 2.890989715228349688e+00 6.261466217674638290e-01 1.317777712011630464e-01
1.126767264695380133e+00 2.769265829707126869e+00 2.505952334393605430e+00 2.407640642078983539e+00
2.810138863411400845e+00 2.558672458420668594e+00 7.726874803773009504e-01 1.798701799838073878e+00
2.237456225022034784e-01 1.026226461034177362e+00 2.116161115346099297e+00 1.762512879562766033e+00
1.061418507955783852e+00 2.481715294779713865e+00 1.879192778582305046e+00 9.420619814141375503e-01
2.366381806291156131e+00 1.519860303424464654e+00 1.936871675563336614e+00 2.269267437407220367e+00
6.041797411771776538e-01 1.083127323153267207e+00 6.678212309051396733e-01 8.664533770890533448e-01
4.908089735668652587e-02 9.489926119422554818e-01 1.744598962517714069e+00 1.183636870816618725e+00
1.823666277279426318e+00 5.982073330958068104e-04 1.399372457990866625e+00 1.393028470979408517e+00
8.349537904552793988e-01 1.103396674507588715e+00 9.166428783302920102e-01 2.668855820657715316e+00
6.524943020290689677e-02 2.373096762348657351e-01 1.842513809541928449e+00 4.181502350526503098e-01
1.671491395382145750e+00 2.845231669503650362e+00 9.723853363797647642e-01 2.275499779528253885e+00
2.458516524177776663e+00 2.380467557420470115e+00 2.494837835838593421e+00 1.926635447491134301e-01
2.783501374562784569e+00 1.301446591126476759e+00 1.865610841835908307e+00 1.293736113294004175e+00
1.012234550953363676e+00 7.586643774713787147e-01 2.788103481758005486e+00 1.282402123975634467e+00
2.949712201220388241e+00 2.349713609238376577e+00 2.202340163601099299e+00 9.638000122916241530e-01
2.276340184276974821e+00 1.806018516433943510e+00 1.247671195212332940e+00 2.005109631298807926e+00
2.887015060383814724e+00 1.361217698167225709e+00 3.312822646892744083e-01 1.868587152522539929e+00
7.204083669054569539e-01 1.061432752863846085e+00 3.055938163638067806e+00 6.289939092639417195e-01
2.230220453901046451e-01 2.844015269742377505e+00 1.673380987469696102e+00 2.890765017593152741e+00
2.311865170980929030e+00 1.198409626613091472e+00 1.799379759395109746e+00 8.140627408322261838e-01
1.714980574871004970e+00 1.482484060675005377e+00 2.751252002047249512e+00 1.851618483750027577e+00
7.662108695390058566e-01 1.681290301204560800e+00 7.982655210670746015e-01 1.883654206906697048e+00
9.908945279997595154e-03 1.055221791189068226e+00 2.959978783884323228e+00 1.223870297442523070e+00
1.003460352238597419e+00 1.477993975514958036e+00 2.650395834329032585e+00 1.087239908087976437e+00
2.257071179829451602e+00 2.721868107622257504e+00 1.250036620300723378e+00 2.913871384970875500e+00
2.446364816642382145e+00 1.841669304887054048e+00 1.258243558257565509e+00 3.071282906228919085e+00
3.106122425863112380e+00 1.067783808325190487e+00 4.390619987108462796e-01 2.351142107177284668e+00
3.066606716524897802e+00 1.491807899358315037e+00 2.231705714832945109e+00 4.010949117509560735e-01
2.428345801811243376e+00 1.776307327527410607e+00 2.782636514638082481e+00 2.617936268013073331e+00
2.521473099156801290e+00 2.463678010185583744e+00 2.863430174646731885e+00 2.908222296005803287e+00
1.440068554373777676e+00 4.826510784529488562e-01 2.784229830074846035e+00 9.738404991722524606e-01
3.730131001600806573e-01 4.437836316678385740e-01 2.263675689165483007e+00 5.781089483933358197e-01
9.223519187302737787e-01 3.123866529592599139e+00 2.638861115514796296e+00 4.330927347954052764e-01
1.656350118923160419e+00 2.119667647350867767e+00 3.049127373333855306e+00 1.568372112335986390e+00
4.828351836861566881e-01 2.528640572134031927e+00 1.140150988581633440e+00 1.996216389004684455e+00
1.948258971350483204e+00 2.810637620946007775e+00 1.620334564127905441e-01 2.498490907561210950e+00
6.331492043038349227e-01 6.109097101199645330e-02 1.855894477316620605e+00 9.625488291374098004e-01
2.679498706894582583e+00 7.441634548395130722e-01 8.191108688579707975e-01 2.881432173026982291e+00
2.154150474755291977e+00 2.820058291461472244e+00 1.041387621208836434e+00 1.460448501256132348e+00
2.866797715499436183e+00 9.437254092862148447e-01 1.621506256976140925e+00 5.176228447784101405e-01
1.015690685602551824e+00 1.564321228262322228e+00 2.193429914427984517e+00 2.085954905655114544e+00
1.755796324103118478e+00 1.777034532505730402e+00 2.082781797096596998e-01 2.808735762695459659e+00
1.439772856253465960e+00 2.185516904630171897e+00 2.967276373830551872e+00 1.654717425815785514e+00
1.969650365232866518e+00 1.987579196668001646e+00 2.128605202821334252e+00 1.776431576007581281e+00
8.676417387418745575e-01 6.773053535743048803e-01 2.348178961908240048e+00 6.695255353848119650e-01
2.112773778954082360e+00 7.314889079130239002e-01 2.932621178583640908e+00 1.469401702881521499e-01
7.426456645604129214e-01 7.843985535035266077e-01 9.383251386120304849e-01 2.028920656141874890e+00
7.605107004895694800e-01 2.971899450853647817e+00 1.345216448014268096e+00 9.916583453690610561e-01
1.939429240622163597e+00 1.575611512986600404e+00 2.405670615688395575e+00 1.128590269111163780e+00
8.286323348795070487e-01 1.723498819532054860e+00 9.213739168779525590e-01 1.713104624547554078e+00
3.078883361895758952e+00 1.238281759959788619e+00 1.825974602436754468e+00 3.131663737409668524e+00
2.098702390666435047e+00 1.380031717495604049e+00 1.571066830631940192e+00 1.082623867791007388e+00
2.557143927150017149e+00 2.332411879345961392e-01 1.778437453588805894e+00 2.776945164535226773e+00
1.863398815109197804e+00 3.065265914362647059e-01 1.859067527122461261e+00 5.820030747626131484e-01
3.071065137904994913e+00 9.717553931840543502e-01 1.000456875034262838e+00 1.623392192066016870e-01
1.254758627326192644e-01 1.438680917712351903e-01 3.106293196252739364e+00 1.620882206973153661e+00
2.937513697059882301e+00 3.022170682620401561e+00 2.734128868057522421e+00 2.232681735243148058e+00
2.738937117527496579e+00 4.774210888560210808e-01 7.332028698133782330e-01 2.829836462102188754e+00
1.644503792522500119e+00 8.988742654311105973e-01 1.490593429179526863e+00 1.266309436401772626e+00
4.564659343788248780e-01 1.586732823644106061e+00 2.080030268855756592e+00 1.821404316345841823e-01
1.566145151633684396e+00 2.119919581531302555e+00 1.823353784932349564e+00 1.231753403716570938e+00
2.469739838939054355e+00 1.953909852375726341e+00 1.318056025153155231e+00 1.577717848440598702e+00
9.211769492102698242e-01 1.737430934322923004e-01 1.902792754501649586e-01 4.186329824641022435e-01
3.573100432219402101e-01 5.466017857527366575e-01 3.799264704991500152e-01 1.289534452094646344e+00
2.259050321709240361e+00 2.792722966707107179e+00 3.024822948294700442e+00 1.308534298786152350e+00
6.778805968169754337e-01 1.937624062588102491e+00 1.936664685956437815e+00 3.203639645061509555e-01
1.716450123421032981e+00 1.014628940580922123e+00 1.530211694872547074e-02 1.196778232782780282e+00
1.841135360155401690e+00 7.420000113656378682e-01 1.458979516626049522e+00 1.114898150288827772e-01
1.594251314893311733e+00 2.016140851625974617e-01 1.543413802351184083e+00 8.108213901919283373e-01
2.744462855962896075e+00 1.755697042247133854e+00 4.360218617807552072e-02 1.382770671269595519e+00
1.752438612418319330e+00 2.537736881761883390e-01 2.592682443510551771e+00 1.190176331612579075e+00
1.700326329497278799e+00 2.450330315847269791e+00 2.639966413561750436e+00 3.047030885550246371e+00
1.926817950279209324e-01 3.512880127360900606e-01 2.632895553158110413e+00 2.972940269002424252e+00
1.679695775968762295e+00 2.283424748519850667e+00 1.624212329826222323e-01 1.161532334279150591e+00
2.800240229619434196e+00 1.172250700483859598e+00 1.368999024026907430e+00 2.716412834293025380e+00
2.650055058708855604e-01 2.843128392452686448e+00 2.772614683450100426e+00 3.006977303610118391e+00
5.805624459082381339e-01 2.726663992966306793e+00 1.614291344866574995e+00 3.001056009007767589e+00
2.265153879582124663e+00 6.344463566144855626e-01 8.604652704271064101e-01 4.233479330330583990e-01
2.755432703973340391e+00 4.528441953887564486e-02 7.182612410335503794e-01 6.427510420890765186e-01
2.369675780955944333e+00 1.737096849597930259e-01 3.047305785651511112e+00 2.302935540723185071e+00
1.756257595245990899e+00 7.001747370839673801e-01 1.705106491376188194e+00 2.583721669465760762e+00
2.766184027144129032e-01 2.415822276109210076e+00 9.944912534235563761e-01 1.579453850547392957e+00
3.090310313225249850e+00 2.553589895259793074e+00 5.163931788393490985e-01 2.573661768351981127e+00
1.463110406037798850e+00 4.487891963020634867e-01 1.131218099075663730e+00 1.007222404725398368e+00
1.383043364486158611e+00 4.741128618143782281e-01 1.063959233249971215e+00 1.056445503590984547e+00
2.250755617189851066e+00 1.490342565706799904e+00 2.999227955482380192e+00 2.269579540929340222e+00
2.394435380403325375e+00 2.315389767001482024e+00 7.480766743919482487e-01 6.366713034405037108e-01
1.853154901519828757e+00 2.628695179167622964e+00 4.723593689318923428e-01 2.382213804106920296e+00
2.352294649997916653e-01 4.177956759159492245e-02 2.448656503897472803e+00 2.546148081483413872e+00
7.368586329249754430e-01 4.385113687016672923e-01 2.741735161880427540e+00 2.205390825046214864e+00
4.954630156185505507e-01 1.882098413811703397e+00 3.672317313975770880e-01 1.982566343745090887e+00
9.813058483694794276e-01 1.380693375959990199e+00 2.980937255673098196e+00 2.197324749443117398e+00
3.122871924997086435e+00 7.486575859903610297e-01 1.802838194111791692e+00 1.516305541648430566e+00
5.075188960912715430e-01 1.315721808556510553e+00 2.109580397887193204e+00 1.337477107213355110e+00
5.515290702126878220e-01 2.381963526523589003e+00 2.662561053633339725e+00 2.912436403562416398e+00
2.231975586815317047e+00 1.627009476177862624e+00 3.017069342408113197e+00 2.817069670803759696e+00
1.662580813021795612e+00 1.010260107556677278e+00 2.965514739196700056e+00 1.854264253165506915e+00
1.381878126704675802e+00 5.516282265244055322e-02 1.292164224953302298e+00 1.684303844847315323e+00
1.930122089426088705e-01 2.575874611164992611e+00 1.889146990698260309e+00 2.623211810148882606e+00
1.937488853398455113e+00 1.389881495881063689e+00 2.646164409032579989e+00 2.217897210016366305e+00
2.545445655819897013e+00 1.226967207343658967e-01 5.470407925259521825e-02 1.653919235141678268e+00
2.033765810999765833e+00 1.061250518308882951e+00 1.505038666249359336e+00 7.294383859267788983e-01
8.208134617646594133e-01 1.941608361795164051e+00 2.580619597044140789e+00 1.210573850618613889e+00
6.110093896136572500e-01 1.249309757066432880e+00 6.935356997378224753e-01 1.736848382748021669e+00
1.152655839471430577e+00 2.980025618772906837e-01 2.077070206127769048e+00 1.461607293638080007e-01
2.957354621286640839e-01 2.959840172136291248e+00 7.274119825418218221e-01 1.098071095009122811e+00
2.489414222570525137e+00 7.218789815064531323e-01 1.461773735686197506e+00 2.024871124633587538e+00
2.920104158686283480e+00 1.153183283239995749e+00 5.090070089163531986e-01 1.946749813291031916e+00
2.679385080032737676e+00 1.548284463691394386e+00 1.176783670008385352e+00 7.372303401240645204e-01
3.227222699589647747e-02 5.369380627449119592e-01 6.396673422003312792e-01 2.540024363858412126e+00
2.023940364241097356e+00 2.224461756137516844e+00 2.624095852923240102e+00 6.665932988689613481e-01
2.581328785309448204e+00 2.624599260172365556e-01 2.906034575430906486e+00 1.756312452666757062e+00
6.649980262361951389e-02 2.859824981795141330e+00 2.480905626325040914e-01 1.361668061679504715e+00
2.735380671360358562e+00 1.739482381184928705e+00 2.034880908215142559e-01 2.412919266730108703e+00
2.462698612301203127e+00 2.302045949605597275e-01 5.204524577805298424e-01 2.698278662092422842e+00
1.484448427026876072e+00 2.969882385472751296e-01 2.177816309311782828e+00 8.417620185209266914e-01
1.997253234384702925e+00 2.942200207072132478e+00 2.931337560297832212e+00 3.130349278751542563e+00
1.891569568825892222e+00 5.975493621530995059e-01 2.766288059898851515e+00 2.506790665193997292e+00
1.585537986893555296e+00 2.875284507130591027e+00 2.592614322903812329e+00 1.732166760392331417e+00
3.091364121881582605e+00 2.550826539312686325e+00 2.105284135294377634e+00 1.240353481218784415e+00
2.643174495449238659e+00 1.286272642628814022e-01 1.410486061198047647e+00 1.896604729269693923e+00
3.093663211331536544e+00 1.372968927574141906e+00 2.739616281867265357e+00 1.451007917859443053e+00
1.425662302709242990e+00 1.794624853083345961e+00 1.351773588698328643e+00 3.000490326114042094e+00
9.712327821449805443e-01 3.074033232026000206e+00 2.413511891666114462e+00 3.440739183604754614e-01
5.444657764827515178e-01 9.770350281278791238e-01 2.262111866970112573e+00 7.103197624242416630e-01
9.969202772706372562e-01 4.322909014341573819e-01 1.225190420884491038e+00 1.302070727518605198e+00
2.861335668964942069e+00 2.914142018848254967e+00 2.212531279683785268e+00 1.806521829391018796e+00
6.836036035814070377e-01 1.673626504951770233e+00 2.892660371644372841e+00 2.838722561249067966e-01
1.735592604701609032e-01 1.363212686600992374e+00 9.726114614144270032e-01 2.175612026459676329e+00
2.514671238127208053e+00 2.038931521105866729e+00 1.497709814578813470e+00 3.132740777368399510e+00
3.077501413440485223e+00 6.139696648567989357e-01 2.401163345555512585e+00 7.694902226735595985e-01
1.107315175122167261e+00 3.121935245224239708e+00 1.212487252076473787e+00 2.275129963261827815e+00
9.450808067655741551e-01 2.388513770728688090e+00 3.086605136632077695e+00 1.841711037957521668e+00
3.087093171753094722e+00 6.437247928573548716e-02 1.580732343596896960e+00 2.992007079616745724e+00
3.320006227627306794e-01 2.629977086716159373e+00 7.272095952814335851e-01 1.503549017255055853e+00
1.266921714508559837e+00 6.644248200879050437e-01 1.395862616470507467e+00 1.789795424970137772e+00
2.686161652015325862e-01 2.359698047790039332e+00 4.525985915487260591e-01 1.508139303266714748e+00
1.316231865870445938e+00 1.548179147086826690e+00 3.038209818959542563e+00 2.040561013420504111e+00
1.051222168535050683e+00 2.253102605818429804e+00 2.787732613694049455e+00 2.611954471212877493e+00
9.530201413311952807e-01 7.039233239897058070e-01 1.223099351472221707e+00 1.619419256351150915e+00
4.789835641599624744e-02 2.987107304178042710e+00 2.160810666504163535e+00 2.552969644061967802e+00
1.711463869605781785e+00 9.066458436532729426e-01 2.425639246577453445e+00 1.146621699925958193e+00
1.086158719278800033e+00 1.316014533278976550e+00 4.886858794515627769e-04 1.339266964209478328e+00
1.489163676994449181e+00 2.168197173617371742e+00 3.131792901632540982e+00 2.210857138079060924e+00
3.924079740351773538e-01 1.429869600103390592e+00 1.714546922513177973e+00 4.858596649951603119e-01
3.541612562559252053e-01 1.785045032084037198e+00 2.246219667865040071e-01 7.571435802792139680e-02
2.119688566335827584e+00 2.857273339970132220e+00 1.439258441784013520e+00 1.733931454012875628e+00
7.171157614777434741e-01 1.795525267559663574e+00 1.206065633563545569e+00 1.158315943030604922e+00
7.254090136059413441e-01 1.150852824577203393e+00 7.416955187831304475e-01 9.048937378563657319e-01
1.518388958187917970e+00 7.946554006404850101e-01 3.077156242804399255e+00 1.255550953606272557e+00
1.430228314522670463e-01 2.775883399845106014e-01 1.258542259336029145e+00 2.101896319646646916e+00
1.566989267861689239e+00 6.475775393016678372e-01 3.085475931549256368e-01 5.003854555654343311e-02
1.837188761823606242e+00 1.305004594786236760e+00 5.924849271406215090e-01 9.218035871127646663e-01
2.379543751530685647e+00 1.729259262428544330e+00 2.507047246306462362e+00 1.374560041733187798e+00
2.353106280134035444e+00 2.600148369585939534e+00 8.128331494663250112e-01 2.238109437902868315e+00
1.814360300371909540e+00 2.075627116304019193e+00 7.888601011625685500e-01 4.503325616218985528e-01
3.103540430345758772e+00 1.699609651482372197e+00 1.180620045505061055e+00 2.552002654024647099e-01
1.987082858028701882e+00 1.095251900834148584e+00 8.360524865112242132e-01 1.450842264415057148e+00
2.263242122203620310e-01 1.078521943693935281e+00 5.148886723532241083e-01 9.769418746974211087e-01
2.706685220596789510e-01 1.765547008177198673e+00 2.436660869967437915e+00 2.244646959472580416e+00
2.482541935408618894e+00 2.433766093654842866e+00 2.708739242205081332e+00 2.303767628393877498e+00
3.592126356772057383e-01 1.280453400361827088e+00 2.839055977911513207e+00 1.808032145845311633e-01
1.680412695259898115e+00 2.123197758379946620e+00 2.655706478947374105e+00 3.198889518835270618e-01
2.458552945996471450e+00 2.565390539789675906e-01 9.778170724254706681e-01 2.209048986822338634e+00
9.781246523676149218e-01 4.145322177881263781e-01 7.076340310130637690e-01 2.106458614159098519e-01
4.615323924471020356e-01 1.811605737280486350e+00 1.425956812585392974e+00 3.046181644596808624e+00
2.448576155181259484e+00 9.147590138146692862e-01 8.047930598656023449e-01 1.705068906216928859e+00
2.115103318604402816e+00 2.162312078394474035e+00 2.661530376954969190e-01 2.232280859760995995e+00
1.460255892114954213e+00 2.065194262281708770e+00 1.141600722413077751e+00 5.821977035765242281e-01
1.066244046791682720e+00 3.276463697376559847e-01 2.700197622549316723e+00 1.591100959249079683e+00
2.041444730192551571e+00 9.196649326733432606e-01 7.077214171745520588e-01 2.965584232458454483e+00
1.737372526511083537e+00 1.359013176055824390e+00 1.559920297040691795e+00 2.340951328815049415e+00
8.092338256279537623e-01 6.442562909823292827e-01 2.130091975021857764e-01 1.523548507112898021e+00
3.033854928371540804e+00 1.209640086202511844e+00 2.614681271684360375e+00 1.630610261143060402e+00
2.921905454426504622e+00 7.070746233202400699e-01 1.543988256172256657e+00 1.701178297060085720e+00
8.318138462104710529e-01 2.559385687353987748e+00 8.260733767629960811e-01 3.913545860982075575e-01
2.124987833752276511e+00 1.097619990830000836e+00 3.561085411947132462e-01 1.692064414643310366e+00
1.317037008135981901e+00 8.673635731568801743e-01 1.840542673110201699e+00 2.802958427439159461e+00
1.596822803518182621e+00 2.398843884617329447e+00 8.452825737018776486e-01 2.787886882917763653e+00
1.393121008765769497e+00 5.421085147708617491e-01 1.252298060529891011e+00 9.697342582525705912e-02
3.341335854505005920e-01 2.680576244012107257e+00 1.446966742561731856e+00 2.283750915230813749e+00
1.872602986190469609e+00 3.390106885057933561e-01 3.028544374129392036e+00 8.595491550415028659e-01
1.876518209363682854e-01 3.117866115560902429e+00 1.630318697501340841e+00 1.060264967060458918e+00
4.306538682249136940e-01 2.942932264243050433e+00 2.838434915927628310e+00 2.257737180124268050e+00
1.315373715509470243e+00 1.278242160861998711e+00 1.512349661506904752e+00 2.454744645112438395e+00
7.835282437307069525e-01 1.133198613496744223e+00 1.809872208793931403e+00 2.968904347377132602e+00
1.464484414785973465e+00 1.682842370521007436e-01 1.339823242276706461e+00 1.447847988458471180e+00
3.577726808372544975e-01 1.236174202291829394e+00 1.476719294555666265e-02 3.308385463188445175e-01
2.129164281892390598e+00 2.271819925834685616e+00 4.101666113908907785e-01 2.712310022646449603e+00
6.328849354227742419e-01 2.657976245142704474e+00 5.956900349470978240e-01 2.903194514425379680e+00
1.578008726929827299e+00 1.617020111057885678e+00 1.387812866109657373e+00 1.880715970477244703e+00
1.748790054880500433e+00 2.468828120690107930e+00 3.945071644339152167e-02 1.097678222973215989e-01
2.522979294630772529e+00 2.438655458300548418e+00 4.763524717576458345e-01 5.638151363275122341e-01
2.032486374006605701e+00 6.801659865106307601e-01 2.164921687951341323e+00 2.326792641108510029e+00
1.063280135322759890e+00 9.070924881263117134e-01 2.378996852288555175e+00 1.370534656650149730e+00
1.007233851999548957e+00 9.125260262027742320e-01 1.544191155299888152e+00 5.772285043567790819e-01
2.297611499136727742e-01 1.663895679519588278e+00 1.335334605389292939e+00 1.819313973154177200e+00
4.347721987684472628e-02 1.783842842022447694e+00 1.107560502159878002e+00 6.985689140018088716e-01
2.495019992872326231e+00 2.805040888494355844e+00 2.171920557386051165e+00 4.268807852616171572e-01
7.718258374162910718e-01 1.872119433757206020e+00 1.459842407189032354e+00 2.182880001841239093e+00
2.708204572873416982e+00 9.546787721565430651e-01 2.151217098602193900e+00 1.711075818174750740e+00
1.619385269176606856e+00 1.148000038884112728e+00 1.669368309558841412e+00 7.257424026487367952e-01
8.151124060250239944e-01 2.770487535009241942e+00 3.027742562496454209e-02 2.395896506318339725e+00
1.136828860238813244e+00 2.207297700610489632e-01 1.701862440363713480e+00 2.949392608174422836e+00
2.519542698696348282e+00 1.217056882884090419e+00 1.711989577011176156e+00 2.367555775243116223e+00
1.447824441870039891e+00 1.883613251946380407e+00 2.238801223009894592e+00 2.032472730180740150e+00
7.628033741193429584e-02 2.737410484478635109e-01 1.797404492182945956e+00 1.286860195473570112e+00
1.671353358489447327e+00 7.141796431402733791e-01 1.172526613728543277e+00 1.249390618984465240e+00
2.081212716211032099e+00 2.817185148455385590e+00 1.847458542875643595e+00 1.048651360304949209e+00
2.116683435917188660e+00 6.341027352935753036e-01 1.306005388443556292e+00 2.567171726030705869e+00
1.324101602560704971e-01 2.182539347122705919e+00 3.067835445690302532e+00 1.674515610021613421e+00
1.369469559875699405e+00 1.123816531658039075e+00 2.571062217802806860e+00 2.216856727621676626e+00
1.377847307339959748e+00 1.693501705041267513e+00 1.639904535547709319e+00 3.998897730716487464e-01
1.093334812255543631e-01 1.530502094635282306e+00 2.481031491686871426e+00 2.490826946013467436e-01
1.900082223588868580e+00 3.883151195220180818e-01 3.008813386325444927e+00 1.392710328678654907e-01
2.256840027893494138e+00 7.552401858109245580e-01 6.627851847797933127e-02 4.367988858230233973e-01
2.055147453591075646e+00 6.557455501221272076e-01 3.099160278409939462e+00 2.340003820735097939e+00
1.271445369124978741e+00 4.198691584513768449e-01 8.779501554262167939e-01 1.339653275882942696e+00
1.783230896803218668e+00 7.908818055296009675e-01 1.294915334565269527e+00 6.379393717379293616e-01
1.090706359937950939e-02 2.141843758561949418e+00 2.601506437868879029e+00 1.491604078777978959e+00
1.327100261136264114e+00 1.589790006021833513e+00 2.585676151760818886e+00 2.654317529663103858e+00
1.009774697673642585e+00 1.034936869957341576e+00 1.372215322562270190e+00 2.660107607452789402e+00
2.686040871431564003e+00 2.035408133057968527e+00 5.708650787568234630e-01 1.511882964739030166e+00
1.140894300402216510e+00 1.387131641159419893e+00 6.095925556312565829e-01 6.265034210901939682e-01
1.563234024902195651e+00 2.951773824027533077e+00 2.030069781738321311e+00 7.457997084583386505e-01
2.380647466455619643e+00 1.251035731444804844e+00 2.941626741527830213e-01 9.883717318666761509e-01
1.160492880274679450e+00 8.175759941970001110e-01 7.990283360031831261e-01 2.313267959057004663e+00
2.554132478007384410e+00 2.437273092405549235e+00 1.825286252188061065e+00 1.807086305361465639e+00
2.588124276576085236e+00 2.368549879786992385e+00 2.367301586186167928e+00 5.222876141304699793e-01
2.314220102518441902e+00 2.638285675059873103e+00 1.948910007314264892e+00 1.821545461602402050e+00
2.248535602768233055e+00 2.855670380325659785e+00 1.917718706879576018e+00 2.833487474432262676e+00
2.627472166150262911e+00 8.697132135282790166e-01 2.329665705107377693e-01 2.744508945532309951e+00
3.588840723318199588e-01 2.857937467290668110e+00 1.256508098871856050e-01 1.670025528817587479e-01
2.402834579874848497e-01 2.214621483658388623e+00 4.606520916595465143e-01 2.910062526568534036e+00
1.891234562858416623e+00 2.510707129277974570e+00 1.410553291311279267e+00 2.281742820877047162e+00
6.923035465958516932e-01 2.004175204160147938e+00 1.634785039661598383e+00 3.005299315489506906e+00
1.838015211274073302e+00 4.100341354942083627e-01 2.900197549788811280e+00 2.863195166045327422e+00
1.960879964000200149e+00 2.755634023592480109e+00 6.994612975923704123e-01 2.951124822957505778e+00
2.634880282669953999e+00 2.598143569668331043e+00 2.945149224501223184e+00 1.468278374585110679e+00
1.167871859534935330e+00 9.268130070581033220e-01 5.392173086590206221e-01 2.761207597627613808e+00
2.195717067399564071e-01 2.012920845419454707e+00 1.710571123958815942e+00 2.659197420922373212e+00
2.082504614622305184e+00 1.962267808340503850e+00 1.576746184613791665e-03 5.474320494593623021e-01
2.657390791939326480e+00 2.113121612883047895e+00 1.715458620210134288e+00 2.722934419944848639e+00
1.802541190473053501e+00 3.112213786842353613e+00 1.161439835306311119e+00 1.262257418995735625e+00
1.276906950741410585e+00 1.317779864049697158e+00 1.735022959970480491e-02 1.771665278943843624e-01
1.489503943814289855e+00 2.539792466998464615e+00 7.356266031742081379e-01 7.618299506384991204e-01
2.546149028349300458e+00 2.808923904651730918e+00 1.489665469268353082e+00 1.177233119564743191e+00
2.685150192936757829e+00 6.975976243232203666e-01 1.264287706688125734e+00 2.966817361252753749e+00
2.433415311926879987e+00 3.258046500150906799e-01 2.908147443645412444e-01 1.844651878127643974e+00
2.023697560264798412e+00 8.056452560656276463e-01 1.167737505257501418e+00 1.570700868925397176e+00
1.907797089555175463e+00 2.305404969819926819e+00 3.934733907035568579e-01 1.864642421408395867e+00
2.342484287599698956e+00 4.222305348445689610e-01 2.119291106822903004e+00 1.863458603995043372e+00
1.463661160633982217e+00 4.700255752281614491e-02 3.093249478432756661e+00 1.249386234306552268e+00
2.282752871037867060e+00 5.220074388859863301e-01 2.366067978229774216e+00 1.262589907510248911e-04
5.262660193390484853e-01 2.596789742269011381e+00 1.079425927202803503e+00 1.524447762753237789e+00
6.290647461901724968e-01 2.735833615731437796e+00 2.954011540571167327e+00 2.472911138316134405e+00
2.831447021607910175e-01 2.951341796258683536e-01 9.534848996878241278e-01 2.058718307381917356e-01
2.677309629825828541e+00 2.699124081646674611e+00 2.015661303793845782e+00 2.977334606144207196e+00
2.885935911342779825e+00 3.045259665572815688e+00 1.066789500966022208e+00 1.455403977375368418e+00
8.064529623083935839e-01 2.108937800298649190e+00 1.097191267125358083e+00 3.118673423150664981e+00
8.477500698317758099e-01 5.167771987674745215e-01 1.175328520430752866e+00 9.297939379561689366e-01
1.602853089306227830e+00 2.875777844687530838e+00 5.639708110946404229e-01 1.706100498976938162e+00
1.244901956530935161e+00 8.915906882744742967e-01 3.446306738602932795e-01 2.473895884765499265e+00
2.042151184299672462e+00 1.867845385272675962e+00 2.338563608599257382e+00 7.545900836373676812e-01
2.053313419534084638e-01 2.283216797484355076e-01 1.264090749408543768e-01 2.410278373030838139e+00
1.521030898251715335e+00 6.280352537086666964e-02 2.831424523907465129e+00 2.511278896908275549e+00
1.585839781821532846e+00 2.367821900781851507e+00 1.123746940105959657e+00 3.009651238531156014e+00
2.427750304580770901e+00 1.999796271178972518e+00 1.413049976717167366e+00 3.033092054585532882e+00
1.842239860643809957e+00 1.845848326208503698e+00 2.432730294882154531e+00 2.391982817496709046e+00
1.422466295279513737e+00 2.775672101359032418e+00 2.970947478457723445e+00 1.523945893924681938e+00
1.324841508238969956e+00 1.179883508634744116e+00 2.980665718153439059e+00 1.459831338633521769e+00
4.427118233907437750e-01 9.405723529916456549e-01 2.286667196026658910e+00 1.143502651718114382e+00
2.480406879400816500e+00 1.529532563000650214e+00 2.824313078488821738e+00 1.694131846519218776e+00
1.100583540288710305e+00 2.490602993218440919e-01 1.687788708935282489e-01 2.916565248136679056e+00
9.550529102828007044e-01 7.725399662764776965e-01 1.432325781895101402e+00 8.111881578237426504e-01
1.294795317762430953e+00 1.078668910094116251e+00 2.867807661420453513e+00 7.730923633804014095e-02
2.364918296078801330e+00 2.181680988419141265e+00 1.341459352307522890e+00 1.481361195125339147e+00
3.009133598501035900e-01 3.622603621081426084e-01 6.987755339816492661e-01 2.063904613448692249e+00
7.768222508605183985e-02 9.291970928966714061e-02 3.046114361088286593e+00 2.463582604243720109e+00
2.305324467315075232e+00 1.947184335530403487e+00 8.182331080852932592e-01 1.200512858930443238e+00
6.525364237949523583e-01 1.421319750940130744e+00 2.655765082069450500e+00 1.427741044840886042e+00
1.665224913520240824e+00 5.284548134504095662e-01 2.900653300375984345e-01 3.063067423439861603e+00
1.424243431180773678e+00 3.261612521144361398e-01 2.716609732234270158e+00 1.019884604757383961e+00
1.368036427806340050e-01 6.991121898656853517e-01 1.777631839519298707e+00 2.038904694026836051e+00
2.877627173091053425e+00 2.832824180940531456e+00 1.510174633405865663e+00 2.342226728426647142e+00
2.389524347165817186e+00 2.454654857318960826e+00 1.606208186610118105e+00 1.073154341999726480e+00
2.634041155569859516e+00 1.444542857049051277e+00 4.928479547614633138e-01 4.733827305552846254e-01
2.503768838122015783e+00 4.663399778555168407e-01 1.545073263217036752e+00 2.650028440013526332e+00
2.483434414624423325e-01 2.096930049542785390e+00 3.700479207622360822e-01 9.762369474134522385e-01
2.084898286069518214e+00 2.924956015722437019e+00 2.609257273112107534e+00 8.368155349991547309e-01
1.333334430280295413e+00 9.924521569663683485e-01 2.074736384469458628e+00 1.704056650314925148e-01
2.692583254657248126e+00 6.734711647756747022e-01 1.398925515628499094e-01 2.539310481485149484e+00
1.127939326602294567e+00 8.144915782810871474e-02 8.384665677075915369e-01 2.453820283968886962e+00
4.275410305277373424e-01 9.872800760229980543e-01 6.873143040014183525e-01 1.004570812320569440e+00
1.355220633796053065e+00 5.559166764894742929e-01 3.950229240289517690e-02 3.784838233783453104e-02
6.463031843783891839e-01 6.487909574206841556e-01 7.479324564132421305e-01 1.832640110009765566e+00
1.396235205881912300e+00 1.764773741389107808e+00 2.204392639942849286e+00 5.302254495924758615e-01
2.029638531146780167e+00 2.593888943953974291e+00 4.897182135467100239e-01 2.579377252742143689e+00
7.620683961091659908e-01 1.081108572747189633e+00 1.448859170948331609e+00 3.888663495017009031e-01
2.850848962722804636e+00 2.436627353486012559e+00 1.037139134435597132e+00 1.073980657932379179e+00
2.963264270576298376e+00 2.434073055709884414e+00 1.170318923948663326e+00 1.240617629977114778e+00
2.700310549154898876e+00 1.543137795848910532e+00 3.045562684783063467e+00 3.108332379574996751e-01
4.151885535294833063e-01 2.947609245965098879e+00 1.926253134376990361e-01 6.210135040834323661e-01
2.447000071816471944e+00 2.612644849108891609e+00 1.386221348044783808e+00 2.042334300965108707e+00
1.886059404034921005e+00 1.284301434505001005e+00 3.023975939131830160e+00 6.286304139845173555e-01
2.284516074542340736e+00 2.139761668586332155e-01 6.064064878206099074e-01 8.651626803821817202e-02
1.095069511329353595e+00 2.832356868672665229e+00 1.844909279013972281e+00 1.684993949009854886e+00
1.627266306770244420e+00 2.713632595389319224e+00 1.339359213775206392e+00 1.966262645797737241e+00
4.473290766745831593e-01 1.284486780497219982e+00 2.555543763184216388e+00 1.835295862592372318e+00
8.833526961865648675e-01 1.463395285859582451e+00 2.558488928833455134e+00 1.295637827804902109e+00
2.566306743213083941e+00 3.021100934859640486e+00 1.007782157953357904e+00 2.109333671366455665e+00
1.957323122927746573e-01 2.127745111365900499e+00 2.666348658015456952e+00 2.843408139771931964e+00
1.602493396220707467e-01 9.413009431806615979e-01 1.814395066137362234e+00 1.349712771879290729e+00
1.747695209572706521e+00 7.582954537409135332e-02 2.890665151193323457e+00 2.993742429187564280e+00
2.128720777396859720e+00 2.666482980642491452e+00 2.491308879868420867e+00 2.162690113550891802e+00
1.362197969653033525e+00 6.219802599172210567e-01 1.639827891093504630e-01 2.394039361692156032e+00
6.506439493373010752e-01 2.928574497453873882e+00 9.290193017964401001e-01 9.038333806147360594e-01
2.675511350507858932e+00 2.924749829671197787e+00 2.780517563782941348e+00 3.027314120800846720e+00
2.114949811088262799e-01 1.391718941780982544e+00 1.541958601431747011e+00 1.523630997316549607e+00
1.506903496830033662e+00 4.939117489954947260e-01 7.017229779878630946e-01 6.884336657705112383e-01
2.812765231291698420e+00 1.823366820594100268e+00 2.782187232931882526e-01 2.139809112549436954e+00
3.129429964441632905e-01 6.152629277978908240e-01 1.666994275159322747e+00 2.611200881435578491e+00
2.512683834184580967e+00 1.021437125170781890e+00 9.373515840752026929e-01 4.483404822613117763e-02
3.772242683977151123e-01 1.420704990550696989e+00 1.178728221885507743e+00 2.863243638873704811e+00
1.286926457903782461e+00 2.662274092311250229e+00 1.212413665916197009e-01 1.015184025621225672e+00
7.529965531539442036e-01 2.344370033549552090e+00 6.638089057462773224e-02 1.580949162287367260e+00
1.010032960858565199e+00 1.345891770359501360e-01 2.833842641937306173e+00 2.652096037637095893e+00
1.498869871229312034e+00 2.459146757978923681e+00 2.703944502743945932e+00 1.210003662999746821e+00
2.141239221692057715e+00 3.414002921369898025e-01 2.884816210660555491e+00 2.720155409327948526e+00
1.212320797212039780e+00 3.038972827317095948e+00 1.027484939511165152e+00 1.763737746061017742e+00
1.182511626243734959e+00 1.649070244650393535e+00 1.491729261367722215e+00 2.992799456608407738e+00
2.045519987217128133e+00 6.380554333196214456e-01 1.858632559075338087e+00 2.104017769154168160e+00
2.324933948413370199e+00 2.921114595565101890e-01 9.550970889925793905e-01 1.014143024829070816e+00
3.629914247374659841e-01 1.039897790351318463e+00 6.890991549255026660e-01 2.489787182734232829e+00
1.469505146133261331e+00 7.004747129943009742e-01 1.223347495127655282e+00 1.728056692910923342e+00
9.239954700292464518e-02 1.636600451470557882e+00 8.145187215406943793e-01 2.156274456827132813e+00
1.659876955241768870e-01 2.840485555787822580e+00 5.442113351809024779e-01 9.600137338861097769e-01
8.015581064432033553e-01 2.108920550675964734e+00 1.237296260722695829e+00 1.769949607455321816e+00
6.158329766594365928e-01 2.748876570186000734e+00 2.136212267857893199e+00 3.885870831286475924e-01
2.680079399103898030e+00 1.547899616214492680e+00 1.851776972475896788e+00 1.227682286596306183e+00
1.399926907509623453e+00 1.432807322243743631e+00 2.931347414529194007e-01 2.553544621280291693e+00
1.975348046896860499e+00 1.546321343998067865e+00 2.344303009778885727e+00 2.736266676489667482e+00
2.478090339738094006e+00 2.261389523770141352e+00 3.136426125853549518e+00 1.686769054976330062e-01
2.180541923358799039e+00 2.607361102333434211e+00 1.990332701947662430e-01 1.726986298376872231e+00
2.395449762088376122e+00 1.000607493275860183e+00 1.423092246178450537e+00 2.979164420796780011e+00
3.260872328913126950e-01 1.878836848456727715e+00 1.620341970093978956e+00 1.025521165193413076e+00
2.944525723498118808e+00 8.196901681571716614e-01 1.095707288607693064e+00 1.849761629864817847e+00
1.615141000840549124e+00 7.264987549353622009e-01 8.991985602841335856e-01 2.582494879780462327e+00
1.971199859610945460e+00 1.685193048868391497e+00 7.965063820041620168e-01 1.360626826504665488e+00
7.385706870484406439e-01 1.804158631326037154e+00 3.104090486357673928e+00 1.780945083777576654e+00
2.328686360793081001e+00 2.229721881897596791e+00 2.810775604953360318e+00 9.727483238743603877e-01
1.763192724025759439e+00 2.878926702926455139e+00 6.537928255046205894e-01 4.270692300122881369e-01
9.919636978857553355e-01 2.322461463227694534e+00 2.896388952132342265e+00 4.448752941634932512e-01
2.840444367177602736e+00 1.487678297303169916e+00 3.092883052987066339e+00 2.681246742661945515e+00
3.089353211169061364e+00 2.285942339909089682e+00 1.742820237153648533e+00 2.981775905044943276e+00
2.322311416090329761e+00 1.160544130017452380e+00 1.891777607665953431e-01 1.517597133651205521e+00
2.446802475366391505e+00 1.768809289581134425e-01 2.934285762474527548e+00 1.503630938249446158e-01
5.174855380167490138e-01 8.957431199830523383e-01 2.718999543913744432e+00 1.384849939613244096e+00
2.456189372785927194e+00 5.995341778755792772e-01 2.160158783004493266e+00 1.292090434270105836e+00
2.164285592258051061e+00 4.440409841773768629e-01 2.460318773244583035e+00 1.546501864545609672e-01
9.082359153723038592e-01 6.192115883585483926e-01 1.516345177148354706e+00 1.803747247501638729e+00
4.459142562993371750e-01 2.493386476078923941e+00 2.781490044362493919e+00 1.879257432085436719e+00
1.906323970182532079e+00 1.301863110778591071e-01 2.018361341733593495e+00 3.023762775451784623e+00
1.890093906398617074e+00 1.316847733779663798e+00 2.370251761573740623e+00 2.255034652723518107e+00
4.298369640974731842e-01 1.639747953636227606e+00 1.702891834161871731e+00 9.821429715862257936e-03
2.821004440080330244e+00 1.256973137553435649e+00 1.457945304165959355e+00 1.227999394030712565e+00
2.365814716814018670e+00 1.309666062810002085e+00 2.975943339587492353e+00 1.254925972528370570e+00
1.453178032494501393e+00 2.961384705767796888e+00 2.777337015825149802e-01 2.523991281033008516e+00
2.689580693876061357e+00 1.673527808718745236e-01 2.620131239819670554e+00 1.200237261783761722e-01
1.542104264577203177e+00 2.218096783427041085e+00 2.920594098799058069e-01 1.371631351925611808e+00
1.147353541322855053e+00 1.241042107622333246e+00 7.882765120463276487e-01 1.113790287658522837e+00
3.297238102477151322e-01 1.005872057196257163e+00 1.161021121975732262e+00 2.740693434106921345e+00
5.573332839018036999e-01 2.384850127251125773e+00 4.418033542190856200e-01 1.666839752517576878e+00
1.110378757144097062e+00 2.275685974979728687e+00 2.792036827834671886e+00 2.424470794099956805e+00
2.438137580971773577e+00 3.696845007464549249e-01 1.912821330091436289e+00 7.841916628284185675e-01
4.885872661281665530e-01 1.022849479908084058e+00 3.024152481079719568e+00 2.715080018738666112e+00
3.011454040475460836e+00 1.651681311780960781e+00 2.719580438799065636e+00 3.125190440043429163e+00
6.954225147646496685e-01 2.803849212184101880e+00 2.857254118580893731e+00 1.432476991768606212e+00
2.409627222023844162e+00 1.556419807376641096e+00 4.351031669587387407e-01 2.154011611132299997e+00
1.991295355607626938e+00 2.393013311084131622e+00 2.361753201290301973e+00 2.438939559580348249e+00
7.338512026953910583e-01 2.585592536364910377e+00 2.412200796492517618e+00 1.227837559628583985e+00
1.772726980665524144e+00 2.399134552092168526e+00 1.251574997340682005e+00 1.361827357571925967e+00
2.309173483975529795e+00 9.800226470333504025e-01 2.959703617239029860e+00 2.521162524626627821e-01
1.901279166144609345e-01 1.834874886895982771e+00 1.871069844915905778e+00 2.887248830117803422e+00
1.412434276261842481e+00 2.004032923256184429e+00 2.793495852718542949e+00 1.186675013363790443e+00
1.963722654750253982e-01 1.038564120143295133e+00 7.644275222789405078e-01 1.127652209555354057e+00
8.262394849635446015e-01 2.520567921141179557e+00 1.802188327681133684e+00 1.879326161998825073e+00
2.819931407781187449e+00 1.129556792205398397e+00 2.617304194881078239e+00 1.575860156215456609e+00
2.507737439822765868e+00 1.607430284447194602e+00 9.534476777118712221e-01 1.726958368952462852e-01
3.012723636249531989e+00 1.961017594045280532e+00 2.970980139435885903e+00 6.979001708709952068e-01
1.169529544563282508e+00 6.539311061158231686e-01 1.767320679432573538e+00 4.234915160801245859e-01
2.312184718568808695e+00 2.821167610293960681e+00 8.389105668931653992e-02 1.244122838163066236e+00
8.453773444753543975e-01 1.376710687458596816e+00 2.876572158005437085e-01 7.031486251511949170e-01
1.201785880019943020e+00 2.606414715287407313e-01 2.119123830726176383e+00 2.790023970585833180e+00
2.710072324249588327e+00 2.553289480656692145e+00 4.053261969618832117e-02 1.632801373875346851e+00
4.469808861487803431e-01 3.640084902079024354e-01 1.129778668704539690e+00 1.383148701079059295e+00
1.800925343939358658e+00 2.076726710190705205e+00 2.052904610820328823e+00 2.560813460081586612e+00
8.859161574854450549e-01 1.664458693401541955e+00 4.501075435005255643e-01 1.833000039265345604e+00
6.061228228131713136e-01 1.958967501479946804e+00 1.348042774440687097e+00 3.259084502900617686e-01
7.760851285855393522e-01 1.406800429123205909e+00 1.727980209075270279e+00 1.922272095413693815e+00
1.419437573340540881e+00 2.244987812312681630e+00 2.260565449927877391e-01 1.409874221287216400e+00
9.941763336699495079e-01 2.684155446017405300e+00 1.797659529331224748e+00 1.695894006893547079e+00
1.606879590256133472e+00 6.515358944400204688e-01 1.167998099022178327e+00 2.872480031244178278e+00
1.297928835444490669e+00 5.367365592910838812e-01 2.522985190098363528e+00 3.123203481611851462e+00
2.137329852814651432e-01 2.894740627704321945e+00 1.279412684884452256e+00 7.041083498100086935e-01
2.365877357622102828e+00 1.373923945199469587e+00 2.240799657299348713e+00 2.908601255081123771e+00
5.621894072523753172e-01 6.877871573086028478e-01 1.992243953404857937e+00 1.380924907781460043e+00
3.183138709650151776e-01 2.905847874456521929e+00 2.131238183795395980e+00 3.570863845710129519e-02
1.288488394927415737e+00 2.146221260448665902e+00 1.419742594193906804e+00 2.678261741713354738e+00
2.566974294260853995e+00 1.721482552394844046e+00 1.314250478800620625e+00 9.094941596801768835e-01
5.219812761451202328e-03 7.151179185508352854e-01 3.026258086543539783e+00 3.620303229517726762e-01
1.072144101212617384e+00 2.829148860120691111e+00 8.688746440257192477e-03 1.570875403183055047e-02
7.215524427310447686e-02 2.869133817320491442e+00 2.473048474242375061e+00 1.448624074896654346e+00
2.553598758810927905e+00 1.625414652598050846e+00 1.077282732705040047e+00 1.507221412304182939e+00
2.103559239846471751e+00 4.328860156268071191e-01 8.911079683266374118e-01 2.222337230509081607e+00
2.583197854951210237e-01 2.678287692830489508e+00 2.108979354536919093e+00 9.359025805544881615e-01
2.573454370662098256e+00 1.574201766715064066e+00 1.254848055525742190e+00 3.821457791933819959e-01
9.503264644315904119e-01 1.074733194949479165e+00 1.672290086453330549e+00 1.967248881932644133e+00
2.651659133446114258e-01 6.603211920012709291e-01 2.239475336007322070e+00 2.488138960645714270e+00
1.355569324113355512e+00 5.031420795754817377e-01 1.169230249522662524e+00 2.619993817912698031e+00
2.217135747053629313e-01 2.828722532851070337e+00 1.352939317849969125e+00 2.955619104626452387e+00
2.051829708350481507e+00 2.856087104411999977e+00 1.703654730947061102e+00 2.268011019522640392e+00
1.484466794684466295e+00 3.338098991610612964e-01 7.860471227556337093e-01 2.286975522959203477e+00
3.916401750764214040e-01 1.383994905030366263e-01 1.415241155543126794e+00 2.433035779529745479e+00
1.259383947166208273e+00 2.974574679087184315e+00 1.211548919410055714e+00 6.725966943340108140e-01
4.449808587452437347e-01 3.043823102646210810e+00 2.631140047239659996e+00 2.941410776840402086e+00
2.723769347225522885e+00 1.986223314340948454e+00 5.491531747229310145e-01 2.033568691573600873e+00
4.824188191592160280e-01 2.362959580871394127e+00 9.636800569064328803e-01 1.479769378752394005e+00
2.390621923428084106e+00 1.334839197810826050e+00 2.933908972007715388e+00 7.153354023369108694e-02
2.573392779027291688e+00 5.642597231978988548e-01 1.511595689741472015e-01 2.053036480282476095e+00
2.987830330917002453e+00 2.269358305770618589e+00 6.236857912899392842e-01 1.126111290660209541e+00
4.219771437210880771e-01 2.478030823291032636e+00 2.065423432264497983e+00 1.788072508378445891e+00
2.067288038678146034e+00 5.357697890645772842e-01 1.531651257788759546e+00 2.725724562085690472e+00
2.364667652042665935e+00 1.424663222813971508e+00 2.585339730006945391e+00 6.791058050771828780e-01
2.143265237567578030e+00 2.933651867321720896e+00 2.979777986143254065e+00 3.031342364589374672e+00
9.587088925501193737e-01 2.406373161994949772e+00 9.062140040495512139e-01 1.033760209369368077e+00
1.139764401004511596e+00 1.461261639979541060e+00 2.624769376618131034e+00 4.626170319422012733e-01
8.701816120309548985e-01 6.818594451499950804e-01 2.587407926252796031e+00 5.895241208456198923e-01
9.756129576678833626e-01 5.175982213590112346e-01 1.223884942909287676e-01 4.585538352610723511e-01
1.184178525829336248e+00 1.414638541962288665e+00 3.271971809312337887e-01 2.805616925012842433e+00
1.695330344960816804e+00 1.206478599329366519e+00 8.270177199090109621e-01 1.582249369897217040e-01
1.782993881168208450e+00 3.295149850722230433e-01 2.184300231261221192e+00 1.225996957888989769e+00
1.299661876000870464e+00 3.005641348468651497e+00 1.728437796384694192e+00 1.593501308895606927e+00
2.054021097789164862e+00 1.989998338400368549e+00 1.041572871864921312e+00 2.346283964197087624e+00
5.378540296357290362e-01 2.705529313438567840e+00 2.115310184167346730e+00 2.103315004831650015e+00
2.324787178278808764e+00 2.400077088470133069e-01 3.005742382794627243e+00 1.184308162463447278e+00
1.690927248654600756e+00 2.939087427697668176e+00 1.310935838797995467e+00 1.566757689257989528e+00
2.383629941407525710e+00 2.623702446382532916e+00 6.619549966750855330e-02 4.795606257019125462e-01
1.538272754628149608e+00 1.076823321086270768e+00 1.533951852663636206e+00 2.607667092946277076e+00
1.261405906803441335e+00 7.604017030747241002e-01 3.115756205134027734e+00 1.217877139124496688e+00
1.299340057328094156e-01 1.213135885638447320e+00 1.231391613955782116e+00 4.929715557602797338e-01
3.098658279700324147e+00 2.820338570521709887e+00 3.338573933257897863e-01 1.075208207625942158e+00
6.531064664916361728e-01 1.841901677751581312e+00 5.779148262679686399e-01 1.789993741870183008e+00
8.529029742671289105e-01 1.631532976939321644e+00 1.333065026070384684e-01 1.044109360486619176e+00
2.440858235685717137e+00 3.195214043859145869e-02 2.024760989437242920e+00 2.105145967042019173e+00
1.393671498469966963e+00 1.984863866615463879e-01 2.220584199387020785e+00 1.136392381209967994e-01
1.390414321825211852e+00 1.736923823779959353e+00 4.162193379913848301e-01 5.270490273414497606e-01
1.462138888439410422e+00 1.554570157690085663e+00 1.822604859263431409e+00 1.164485951787270324e+00
1.211718996485761313e+00 5.695112106002390151e-01 2.624215160035539451e+00 1.503421116140847502e+00
1.514229046491971875e+00 2.592586956840861934e+00 8.448526734414349981e-01 6.271218786559505931e-01
2.010645096057516845e+00 1.710456613422162153e+00 3.070986104595132993e+00 1.960458784227530060e+00
2.462318103375486622e+00 3.095568023986426276e+00 1.200472724354589849e+00 2.521530109691964228e+00
5.918343642160316387e-01 2.424589706455995586e+00 1.895222590895754955e+00 1.470690417701264074e+00
2.432135578989388591e+00 1.297797953061941845e-01 1.784890171797077540e+00 9.605217658079927556e-01
2.305198741664015838e+00 2.123688811654953934e+00 2.703926290055488568e+00 4.314606681577016212e-01
1.885153966341117426e+00 9.081382490556199061e-01 3.050305206570412597e+00 2.030116574689122544e+00
2.209061737893987853e+00 1.577050952271634721e+00 9.544669330390719297e-01 3.603168062423504070e-01
1.790253257694835787e+00 2.014108482659267008e+00 6.430063123409038850e-01 1.847066410576226059e-01
1.716076223564315217e+00 2.116019886315563703e+00 6.870645373419089763e-01 2.017512083120917232e+00
2.896778056455564965e+00 1.694529002490894998e+00 6.425606730611310713e-01 1.468607082575583922e+00
9.965469383808445158e-01 2.518402632412283237e-01 6.422978116120225955e-01 3.976103932078526859e-01
2.211633931473789172e+00 2.770917475347375980e+00 2.680472935111132937e+00 1.379893263036541251e+00
2.055260799945294037e-01 7.850798548332292848e-01 8.630704647581585176e-01 1.930380453249399997e+00
1.593339135595668976e+00 1.563685099362349673e+00 1.290931033294150820e+00 4.466129543812758507e-01
1.404305834930108077e+00 2.504842138889975534e+00 1.349934078026589157e+00 3.063238027505865269e+00
1.062945225850432385e+00 5.256431516563156991e-01 1.729690385705992872e+00 1.322790715887146362e+00
1.267284760718466519e+00 1.997173997168519399e+00 2.563765351549803229e-01 2.350128636420326433e+00
2.187984258423963657e-01 3.027120746124503547e+00 1.080061603951486093e+00 7.032028479616759808e-01
2.771128504819615035e+00 1.621487709047922499e+00 2.390238360674071139e+00 1.970062611169391520e+00
1.019496095072264019e+00 3.320119952432352695e-01 1.863299738820424434e+00 3.092019864872582957e+00
6.650221807253949846e-01 2.086834580236166303e+00 2.295878490769641012e+00 1.881373167929237533e-01
1.823850335078771812e+00 1.910051319780091017e+00 3.770485782568065991e-01 2.351139402758761765e+00
1.631760789837728653e+00 9.711651112042913869e-01 7.434334565271162321e-01 2.500992916032474422e+00
1.013555148875744383e+00 2.815595236748563490e+00 1.445766908842526899e+00 7.642092392203772566e-02
1.113431103083130536e+00 8.906330417484744633e-01 1.963799375471258157e+00 4.814139439500845219e-01
2.725315667972950440e+00 1.969819147899321277e-01 2.196527163374368818e+00 7.438739761260534933e-02
1.098140485236543257e-01 2.488290026104677644e+00 8.897698493420037602e-01 1.796970485583009758e+00
3.958967967118065534e-01 1.756527053214473000e+00 3.115402445998994629e+00 3.128463438397256713e+00
2.885667638365561505e+00 2.604137756911704127e+00 2.268274351162601343e-01 2.020306858322317378e+00
2.998458493294345328e-01 7.574725496961904891e-01 2.194347798883283573e+00 1.286255799391889276e+00
1.762243601969322393e+00 1.934978013236314354e+00 1.464690680494930897e+00 1.864749372652282133e+00
2.565815283582374207e+00 2.676804064540201367e+00 1.258753730674288862e+00 2.504557571355239709e+00
8.811532568129246679e-01 1.657610622193769201e+00 8.491291953169012308e-01 4.540256588866034004e-01
1.923278459937857621e+00 2.880845613435200292e+00 5.813845458881736761e-01 1.825278681015209514e+00
2.056425805796163520e+00 9.509213832952470025e-01 3.246146303425658797e-01 1.106133126887363538e+00
8.703007579218313694e-01 2.081546316339052627e+00 2.624928641541966812e+00 6.385182722973516967e-01
2.726628329381775906e+00 1.370038340237312413e+00 1.586087831783520308e+00 1.469885756792632669e+00
1.068000068510725153e+00 2.160548907600071955e-01 1.232246060392034187e-01 1.479731975157692947e+00
2.346201485371583129e+00 1.284820013492027124e+00 3.039364231409880990e+00 1.828549175969891749e+00
1.544440166615347110e+00 2.034549646397626255e+00 8.692935983151142132e-01 1.210821021033652967e+00
8.055779249996676272e-01 5.426147889101056165e-01 2.333205793683954976e+00 2.441255835783235906e+00
2.393579102658092150e+00 2.445705485711417548e+00 4.201846234632769517e-01 1.010411674290469408e+00
2.443720133738391809e+00 2.104553697470231910e+00 3.198647472527592628e-01 1.861969330247733811e+00
2.165673877840665895e+00 4.572186086339500299e-01 1.535658320418227696e+00 1.717387314022740918e+00
6.077446057661949341e-01 3.139921375535799974e+00 1.150071462106939890e+00 2.230252037470365156e+00
5.789730572786975227e-01 2.187283814421305372e+00 1.758565589035105292e+00 1.282881644728454784e+00
2.766800807130926021e+00 1.536526817494791475e+00 1.565263019970844383e+00 2.436336543019128609e+00
8.057642411095712331e-01 2.824546815801042832e-01 6.629279091385731348e-01 8.232406374226882706e-01
2.232344775468424469e+00 4.813412035429402436e-01 1.014712008294929912e+00 2.513468660923876108e+00
1.376317059693795475e+00 1.332094926583709205e+00 1.041217509575765199e+00 2.865627959230265254e-01
2.670627278194626975e+00 1.533366062677709862e-01 1.160970634603916585e+00 1.511452108343681378e+00
2.619492941151949861e+00 2.757639958018038295e-01 4.348038536653444641e-01 2.386489027343812630e+00
1.247374657512503759e+00 2.380249517425379879e-01 2.743030955245577551e-02 9.963846850978002045e-01
3.077687751182341280e+00 2.352460546282301834e+00 3.078843714433343148e+00 2.557520934336081186e+00
1.254267217559901504e-01 2.942729825930819665e+00 1.907951641555729161e+00 4.505125153692597639e-02
1.242000095591401093e-01 3.123821946853070575e+00 2.990674638687313536e+00 1.381741745510679298e+00
9.938391572678856312e-01 7.114676312301507766e-01 2.876905964355104928e+00 2.467565586834338021e+00
3.484402961890472605e-01 3.108199785212859112e+00 8.725703989739260757e-01 2.075718038398897569e+00
2.259068202852112961e+00 1.847599250813469540e+00 8.738422170132682520e-01 2.895044760245259585e+00
1.864341007997756261e+00 2.662060469710132438e+00 2.658111131048044751e+00 2.260994620281224776e+00
2.065575066349660371e+00 1.114397791745722177e+00 2.413785363043301491e+00 2.859422345220530293e+00
2.557302332828144120e+00 9.331470535724870619e-01 6.651814212341445876e-01 1.775319616190148553e+00
5.235960326264380016e-02 1.543033822397174459e+00 2.998440060886993219e+00 2.588888114474091617e-01
7.656223661905786626e-01 9.223835781565467018e-01 2.482871786916071244e+00 1.640207530505612743e+00
1.415618652918434472e+00 3.032789764593280868e+00 5.976115384049430768e-01 1.367181198753969207e-01
1.849072092633666786e+00 2.934780863901846448e+00 2.867219270848591517e+00 2.250272726255734268e-01
7.292173672082662428e-01 6.789933559441134747e-01 1.638344280083550375e+00 8.602339706389714458e-01
1.006929842582515944e+00 1.060913160315514414e+00 2.886219975190885023e+00 1.756194998809913921e+00
2.117820489454161681e+00 2.448287852682105470e+00 1.636650733900417265e+00 2.960356708521406865e+00
1.755077996986296407e+00 2.393068498940831290e+00 2.738559739048808117e-01 1.061499714338038913e+00
2.192669294531686686e-01 2.629975040240857265e+00 8.930070000116099305e-01 2.207090503995041697e-01
4.436484820595565370e-01 1.200135377600846542e+00 2.927940365535622647e+00 2.046700908295755461e-01
2.285163800371424081e+00 1.361874752418511081e+00 5.056269155922183955e-01 2.041459525712005618e+00
2.987128647056677355e+00 6.792005996446497385e-01 5.060317639529117173e-01 6.373919652236404998e-01
2.228723198977915931e+00 2.483222109234347386e+00 1.140611295062798236e+00 5.909970108560127361e-02
2.746867678763873943e+00 2.656723145505031081e+00 1.923572368736037541e+00 6.556814290864769745e-01
7.029877514063856969e-01 5.253607836417608645e-01 2.140666160230321857e+00 1.467685695838465421e+00
1.919242807193336731e+00 1.719603662134235877e+00 1.913383718148563561e+00 2.352401886955318044e+00
1.073424289831013789e+00 2.984419620634250148e+00 1.148494500550209185e+00 2.138875980502712881e+00
1.739711412392842993e+00 2.082882410471843304e+00 1.729683162712764843e-01 1.416360737097545508e+00
2.214714717531520716e+00 1.733644214280038343e+00 1.482812321498737429e+00 2.963692841522928223e+00
2.358265539552642842e+00 3.685078866861935531e-01 2.205465664696607764e+00 1.516923804983294766e-01
2.216673865914311481e+00 9.730994391747902483e-01 1.945996817773809839e+00 8.158380295923355341e-01
1.188303966738037287e+00 1.367431704194906006e+00 2.049818895585509448e+00 1.579142178913835126e+00
2.669374450158471745e+00 1.941366433081805676e+00 7.927327651694207056e-01 1.564264245997539771e+00
2.607374942601923262e-01 7.591610708749551018e-01 2.267730326478976988e+00 2.944126041398925420e+00
8.798935720639244895e-01 3.948339776943974311e-01 2.432147433595670982e+00 2.522517237545040203e+00
5.241587327061151269e-01 1.732460987227476323e+00 2.577138079745159072e+00 1.792842595066773459e+00
3.098504324648832409e+00 5.932653875108514496e-01 2.953762955021498549e+00 2.747765130918501164e+00
1.030579546991421180e+00 2.824139666600816723e-01 1.410377654110487100e+00 1.676416732300833656e+00
7.394284682757098492e-01 1.660956250161248482e-01 1.298059552934672789e+00 2.117708985327590554e+00
2.178553558875412133e+00 1.090057644569297324e+00 1.325341839973061653e+00 1.866201775327685608e+00
2.604037730530403216e+00 2.766939387986227850e+00 2.005619672214075333e+00 3.041535519733229997e-01
9.996692731440127988e-02 2.582293694822774377e+00 2.549150289991852336e+00 1.013470113308039044e+00
2.735522481594401700e+00 2.928105352763304747e+00 1.406863119685467733e+00 2.536731217779272907e+00
2.025718283261427999e+00 1.049790399235760896e+00 1.575921338433173835e+00 3.088376993619166289e+00
4.611683821310043063e-01 1.002910434885809998e+00 2.412813525351401367e+00 1.244246308655875266e+00
2.716444876174820000e-01 1.382892866764507289e+00 1.152018288092012233e+00 1.454823436247617285e-01
2.512739695049952093e+00 1.637579734521386721e+00 2.990367009204343063e+00 1.894680193911831845e+00
4.555006269583486977e-01 1.901689869961426194e+00 6.537595623207076434e-01 2.698971509289775916e-01
2.845298484140510009e+00 1.199706951504574848e+00 1.424435648982018465e+00 5.181323219471735131e-01
3.715876924683948479e-01 1.260316753024982139e+00 5.475663147145480858e-01 2.320390147769528788e+00
1.558052919150228144e+00 3.389777122911706853e-01 5.857607662034423068e-01 2.887708456781157285e+00
3.073228944213402425e+00 2.914067982754471764e+00 1.806194759499400726e-01 5.420557005618161783e-01
3.733013200509026075e-01 2.009237994924546022e+00 4.149449602239824175e-01 3.042325668486272061e+00
3.120372666815358631e+00 8.783539269609034195e-01 2.062744486148281098e+00 9.324317710382264979e-01
4.589951060111602810e-01 2.551009929627269024e+00 1.802129490813568546e+00 2.822712636909216144e+00
2.805281242295276645e+00 3.136755493929089589e+00 1.653379995071647901e+00 5.203500726596329562e-01
3.399768422611112451e-01 3.031556839807079573e+00 1.352923469529859313e+00 1.201320744651836803e+00
8.627533885273362957e-01 1.772645608422278807e+00 2.673669109985594261e+00 3.201794591381721400e-01
2.904559651043459034e+00 4.895117972016910929e-02 4.926643248348992477e-01 1.546543960922031578e-02
1.715494094254991664e+00 2.615137069412248216e+00 2.102920875410741797e+00 4.070410601316983290e-01
1.730933060755439623e+00 7.343618380556368175e-01 1.882371976896360044e+00 1.888374499423619790e+00
1.482782427330340713e+00 2.516046682274541979e+00 3.123941861534632825e+00 6.221641117420274592e-01
2.306976964824343668e+00 4.268521356271012812e-01 2.618388340341851750e-01 1.027437965173667811e+00
3.956968351310028442e-01 1.764408001422562489e+00 9.464720933136057390e-02 9.152094621672773878e-01
8.582614573273372738e-01 1.717075511111477715e+00 6.408046556005811967e-01 2.889097191931661701e+00
2.784336886047746429e+00 1.451968944901629532e+00 2.751379681346698414e-01 2.200917214161474345e+00
1.936382762592536055e+00 2.559729200478018551e+00 1.935887140436582721e+00 2.659623447559640752e+00
2.750845039400720893e+00 1.052639340164838400e+00 1.645451660838470165e+00 1.985229302099869253e+00
1.039086583352453630e+00 3.123851464177523685e+00 3.109636542365644463e+00 2.670323338739970076e+00
1.060802891524479818e+00 2.465500368266506648e+00 1.989762588262484533e+00 1.915196361047111884e+00
2.512299877609343923e+00 6.567405740964478156e-01 2.912928305011321939e+00 1.872493140088334895e+00
2.095664730907227824e+00 2.362367634762210677e+00 2.235027399807388182e+00 3.075303019518615066e+00
2.014487454287758439e+00 1.261733257288438326e+00 1.580612026588246621e+00 2.003924490280621473e+00
1.566334570172300156e+00 2.311293499980480916e-03 5.887889645420895102e-01 1.935190671232811521e+00
1.158748828477347503e+00 1.308420784133324410e+00 1.472565813001998070e+00 2.322149379871954356e+00
1.921988863476109310e+00 9.387126037684657698e-01 2.167174115353617481e+00 1.703280095725770993e+00
1.094113228111832425e+00 1.449558359252466344e+00 1.094778123304158246e+00 6.385421538576585565e-01
1.629616800392426346e-01 2.245302796289806724e-01 3.183843385015781569e-01 3.003210826155133795e+00
2.263437302164574394e+00 1.525118966607946991e+00 1.072321350559440195e-01 2.679876596775154218e-01
3.705826609623975587e-01 1.549070693556763301e+00 1.019813418374940772e+00 1.837740410823436532e+00
2.684495741965873261e+00 1.999379792009807755e+00 1.132579247948028556e+00 7.318467495111870003e-01
3.890874259206262287e-01 1.324366929617294408e+00 1.421930662241369277e-02 1.138819230156096873e+00
1.724108140812295353e+00 9.062943126334080737e-03 1.560714413157015201e+00 9.167483448361464227e-01
1.946347017359312537e-01 3.973974081535792680e-01 2.779792485618906461e+00 6.516525945571411960e-01
3.019666899529557913e+00 2.945627554324358410e+00 1.494034287533065886e+00 1.262559442873448790e-01
2.036552858817249678e+00 1.506950716768160892e-01 1.059276296746036072e+00 1.418728352890456845e+00
3.495751578340613452e-01 1.912062016463923264e+00 6.445506908815784586e-01 1.596654736185930679e+00
1.324970624931813612e+00 8.848064621750009184e-01 2.254165614750868407e+00 9.234187981208856755e-01
1.636293314896339002e+00 2.083715422960666641e-01 3.132938688045884046e+00 1.108571133368347672e+00
2.871079434040165967e+00 2.513844947734896529e+00 1.134091328643903163e+00 1.135949299896940184e-01
1.960509877402695444e+00 7.280889632537904665e-01 6.294064335024598389e-01 1.330103479573286229e+00
6.218173765734958947e-01 1.962249116667999393e+00 2.405937299326176060e+00 1.741475938207498020e+00
3.041494632083718841e-01 5.465155868840189113e-01 1.191628560951658811e+00 2.850664500968652426e+00
1.906482329609554993e+00 2.836673940443747988e+00 1.237081221782563023e-01 3.086919921363746044e-01
1.172248286512030724e+00 6.687308330040313553e-01 1.022484389745033084e+00 2.905273468230685108e+00
1.938437175877414820e+00 1.662144510158364952e+00 2.713383854969921405e+00 2.870679999508330305e+00
2.722518854208055838e+00 1.455641779788218848e+00 2.498176223589232858e+00 2.385180172486595751e+00
8.527384375335348432e-01 8.040448859012945260e-01 1.167726686967997640e+00 4.259065892664528064e-01
2.057948527129170938e-02 2.141578092014115864e+00 1.369256032677608870e+00 2.781289815368387153e+00
2.705367312811560065e+00 1.509568040133764333e+00 1.060396716384533589e+00 2.104601185987904799e+00
3.929414108980752163e-01 2.365232492139846876e+00 1.332896083810492183e+00 1.691952653228916859e+00
1.127325814511676683e+00 2.046233234035460757e+00 1.122820323288151734e+00 2.951047048961496166e+00
1.971922468381316573e+00 2.470991636646716394e+00 2.106767916376967698e+00 2.158172933429139295e+00
2.687769135697298140e+00 3.042618623549096402e+00 3.007248649454739020e+00 1.716240391894657824e+00
1.017257997878807885e+00 3.129601836827181849e+00 1.450577206202483094e+00 1.411016573880625735e+00
2.452272460046558411e+00 2.209688207989647601e+00 2.489341900805507102e+00 1.216617054388628549e+00
2.517693802618357068e+00 5.777174125233044411e-01 2.824968814139297457e+00 9.673641452168146859e-01
8.775002718426596626e-01 8.922467864158641904e-01 6.595257027666018290e-01 2.928016382077960333e+00
2.447759445592675442e-01 2.810306167032848634e+00 1.443727843384046361e+00 1.857160535826635872e+00
1.451913370285597082e+00 2.524884959168933740e+00 1.575020207309973497e+00 4.885378727266716514e-01
1.354406460552780300e-01 6.720950697192491496e-01 2.045041916329983778e+00 2.033223798390837889e+00
1.650288961206756388e+00 1.872457403374699458e+00 1.776814733118427414e+00 7.687178001628112156e-01
2.571785646443620177e+00 1.983831205073510295e+00 1.968534400322587141e-01 2.100446614510289578e+00
1.161170065112100191e+00 6.839552408334604872e-01 7.842108868172137370e-01 2.967110578204981142e+00
1.508019018867383432e+00 1.991953864729147039e+00 7.798604922475756984e-01 1.085298914187095454e+00
2.864998868460670423e+00 2.578191714865131878e+00 2.059935319458287228e+00 2.351712842711581430e+00
4.300350079076794008e-01 1.446591487712791890e+00 2.727062341332846973e+00 2.371033433176526373e+00
1.879717318035792006e+00 2.501933853126701024e-01 1.029847646100243264e+00 2.856893388353488383e+00
5.508052031904798751e-01 1.215120640469205426e+00 1.010114862462198504e+00 2.289907747702223162e+00
2.357263906779672791e+00 2.297637910018850427e-01 2.774169096084136310e+00 2.947400371548974718e+00
5.317742115439260120e-01 2.338424115979296225e+00 3.031018775366673523e+00 2.976391250141117606e+00
2.327837413876616246e+00 2.033777778123777136e+00 2.140985089155745147e+00 1.687651710754185963e+00
1.238721931702024159e+00 2.588207846798610490e+00 1.433379031744034471e+00 2.346134074486242671e+00
1.777284351664728757e+00 1.861507947246294314e+00 2.386691856053367200e+00 2.372673790142646677e+00
2.211933568347344448e+00 7.531304584523543788e-01 1.221081373412325366e+00 2.362504698980982365e+00
3.181489610784670741e-01 6.855746511714188030e-01 5.053253483935176149e-01 1.038014482354919998e+00
1.569622401824416202e-01 1.916664563753951001e+00 4.266471109853362531e-01 2.055631058735513772e+00
1.396994203452266881e+00 2.357381692688205632e+00 1.388818814487701447e-01 4.536189062940795824e-01
1.380901471829484528e+00 2.933562862395958426e+00 2.944409769223506945e+00 9.598440682698202719e-01
2.083391054672203424e+00 7.923449331473099433e-02 5.724520719772117211e-02 1.426028909012399426e+00
8.573519128486027929e-01 5.807716419050005241e-01 1.932206287899164820e+00 3.055255937052819171e+00
2.204835448439965706e+00 1.267412442722122723e+00 1.020096311677133105e+00 2.581315919115506397e+00
7.539714803530152276e-02 9.803296543400530361e-01 6.815719547291846370e-01 2.691076814666638839e+00
2.598135428870375074e-01 5.798296093267035767e-02 4.278080546573347354e-01 5.187678257777623703e-01
1.963866675304359211e+00 1.868756393766404456e+00 2.844925019447380965e+00 6.096892700652041253e-01
3.013903949120690928e+00 9.980731492407381999e-01 2.616238510771398129e+00 1.515418370327286546e+00
3.002202741374655037e+00 1.041096287949551336e+00 2.949533081870826745e+00 1.310785445062464305e+00
2.882788259658515706e+00 1.298630425853096515e+00 2.001871847172923546e-01 8.111296748860807870e-01
1.196001498764590609e+00 8.287601470318410601e-02 2.868984422537215639e+00 4.498801729488233758e-01
1.388555503374211408e-01 2.690510498104077552e-02 2.642703419435478374e+00 6.846630168907762437e-01
1.258695192788676254e+00 1.694457788516602337e+00 1.187338554543212688e+00 8.492379283158386638e-01
2.018783490402311198e+00 1.366360581515905226e+00 2.667455247007640029e+00 8.376158826136496094e-01
2.160054878078261353e+00 2.328520638859065794e+00 2.663467293211592146e+00 7.019953017057399547e-02
2.133434954247260151e+00 2.445792872348891700e-01 1.966720316147385184e+00 2.889323821768344569e+00
2.723442549886335939e+00 1.642558196282406957e+00 4.791531168804989971e-01 2.040971453098894273e+00
1.778996738048535420e+00 2.136797699997493805e+00 1.623511658827732296e+00 2.238354353866693902e+00
3.302721704329226737e-01 1.857392068302449184e+00 2.949295798369790944e+00 2.770444813118961402e+00
2.080030770534909146e-01 1.234702026435146927e+00 2.500856047094912160e+00 3.841076985721916248e-01
1.306227284651712450e+00 2.495568137745975967e+00 2.417672275617118505e+00 4.985025665164423136e-01
2.419100577693959142e+00 9.373839096391074488e-01 1.035760880184479982e+00 2.890023734864655580e+00
1.143394337272559680e+00 2.465535029049051197e+00 1.544932563053527330e+00 2.605712536777170296e+00
2.066764859676734289e+00 2.372166144427293233e+00 6.158338669234979523e-01 9.238125668588583750e-01
9.992526269227763880e-01 2.625447633655678681e-01 7.552585155437301356e-01 3.023441591288518748e-01
2.708896002949507498e+00 1.648006085704266210e+00 2.578058696062892619e+00 2.367949651507319953e+00
2.507153404048870771e-01 2.536005729847073287e+00 2.325160529903078199e+00 2.642189170018763633e+00
2.840286643164206648e+00 2.782166562018402178e+00 1.889547368765517321e+00 1.203596572873722348e+00
2.934714958381641203e+00 2.413400663738257901e+00 2.878527948014581561e+00 9.664504752842725255e-01
2.212615996837290488e+00 1.214705463226428250e+00 2.736086108881423229e+00 1.082503448568947313e+00
2.455521746888410295e+00 1.861130448867871046e+00 1.549660399646211051e+00 7.618255305491927754e-01
1.182134967341802456e+00 2.273174034602805538e+00 1.219464723370402570e+00 8.834706186063225886e-01
8.006227757905109987e-01 1.513060326150940105e+00 9.679297985328336740e-01 2.311125282826300698e+00
2.841069483944904217e+00 1.052102696914221758e+00 1.250322898444899133e-01 2.010723508608870114e-01
9.308618652856339576e-03 2.649268960261016659e+00 1.348882283841852381e+00 1.263926287682159533e+00
1.140906289730010625e+00 2.820496701948983720e+00 1.334862876098601880e+00 5.634535110988982964e-01
6.581360669421194576e-01 2.026270769205280597e+00 5.605356774031263756e-01 2.769710759385483723e+00
2.918411283635506503e+00 2.260221974252193178e+00 3.314996587973491060e-01 3.457866009048867206e-01
1.520595976362660418e+00 2.297408110977416928e+00 1.615414664008939294e+00 2.232460144655906920e+00
2.565075127935923405e+00 7.056487038083568419e-02 2.483104161631040085e+00 1.291036774828603129e+00
8.187556604299279783e-01 1.736685122971064033e+00 7.717612460233570504e-01 9.041892643357734016e-01
6.391622297063882518e-01 6.426912279025340791e-01 8.574962906087858772e-02 9.776582961281890527e-02
3.817623218689211173e-01 1.260567422893771550e+00 1.869585505518836177e+00 4.202077068056104397e-03
4.694640369232270377e-02 1.253384927472863675e+00 1.352820067164498985e+00 6.762559459198748124e-01
2.413972135739495872e+00 2.695178362011694806e-01 2.834917498447099948e+00 2.627754452995419765e+00
2.626714895352348034e+00 2.294208764239742848e+00 2.065967112456668919e-01 9.699378879535675013e-01
4.839703395904692007e-01 8.255022209587550286e-01 1.738297053826306726e+00 2.317772856901481493e+00
1.211556736799420886e+00 2.462657475876251834e+00 1.284836572121794696e+00 2.985609080039187013e+00
1.859281010530355660e+00 1.343916121745750036e+00 2.506971683979101861e+00 2.029228773332198088e+00
2.817058288192576754e+00 2.468011563908693251e+00 1.904321718641343919e+00 3.066513298018886058e+00
7.749827949164713736e-01 9.612753785804141193e-01 2.656065110739200374e+00 1.307479472072452076e+00
1.853357938946217226e-02 4.897168862802008804e-01 2.792226691721284126e+00 2.132021220753466118e+00
4.995031723694653980e-01 2.871086261967524145e+00 3.092471696841649464e+00 1.383040004910907950e+00
1.340388112592745706e+00 2.389074956013161000e+00 1.375237724579980059e+00 9.940101558505889390e-01
1.745083915366795260e-02 2.089308253995761255e+00 7.919718288698144315e-01 2.648936631047478230e+00
8.290732934118100195e-01 1.218517261627666270e+00 1.353090273264363264e+00 2.876073252594118390e+00
9.193767445409127825e-01 4.463659606612371267e-01 2.713462048518041847e+00 2.334395498661929302e+00
2.170419485325860265e+00 1.941502679232995243e+00 1.117651389743982371e+00 2.458217944674130795e+00
3.086665611173738277e+00 1.696776908477147239e-01 2.224107331775581731e+00 9.848959500511630383e-01
4.305537580320948354e-01 8.540497691817813264e-01 3.004153022544370000e+00 1.804432378948801485e+00
1.367982842273405941e+00 2.728080664677374312e+00 2.492256574673826552e+00 1.390019076711464852e+00
9.463009481597841610e-01 1.750538034655868325e+00 1.367910851949779349e+00 1.145279682952798028e+00
1.841220407883791488e+00 1.047477446068074691e+00 2.526487369757117740e+00 3.903299200070682873e-01
6.441051276222452548e-01 1.066939168617693889e+00 3.059703000011549268e+00 4.422289508697376248e-01
2.510539556825691410e+00 1.644564019446247194e+00 2.615528619233523866e+00 1.291379345399814582e+00
9.561864841545016924e-01 2.880254704999305915e+00 8.005764798299688234e-01 1.238467230819016551e+00
5.953063716193552901e-01 2.510445482185561961e+00 1.982496549898483007e+00 5.654457200712340592e-01
2.290003219310097204e+00 1.352668446764927923e+00 1.483170955166387195e+00 1.521393490457027431e+00
1.954218280473013492e+00 1.827531722454234009e+00 1.575555925110389346e-02 2.083848025217544198e+00
1.016223190134211363e+00 7.412545493381665629e-02 2.236350036996790358e+00 5.987502416985667208e-01
7.611819431664492708e-01 1.832777617241894141e+00 1.179703805818234530e+00 2.140151851058815780e+00
2.903704657856319482e+00 1.856302007690108224e-01 6.443810514600679662e-01 4.336684782458632426e-01
6.434349519522617467e-01 2.927931461657843570e+00 2.534714499110747976e+00 2.208390482586615633e+00
1.963643059483293873e+00 1.521051561209529668e+00 1.614946271481140228e-01 1.078359180915921867e+00
1.195499443135094264e+00 2.447991108307001173e+00 2.617143080941536137e+00 2.758732877108027726e+00
1.892975464369776928e+00 3.122688787557066359e+00 1.365050377709684737e+00 1.699299467434824074e+00
2.821595679329159445e+00 9.896778853221867012e-01 1.400546235320005106e+00 1.744024252072523096e+00
2.644341148308066991e+00 1.016170572211598337e-02 2.208210041947975821e-01 2.284521742162130220e+00
1.474290582258189319e+00 2.236230552630254831e+00 9.505531242070668352e-01 1.368210582783577989e+00
3.313253572996884277e-01 1.882217525859503748e+00 1.039055416653650310e+00 2.875255893352216763e+00
9.668655320260362007e-01 9.482805245000452965e-01 7.068126674121913977e-01 2.655637994064524943e+00
2.259221833797882883e+00 2.678222214064903017e+00 2.471351888533350305e+00 2.318354375790445676e+00
6.770549563834193929e-01 6.983255088423279133e-01 3.037585430357357730e+00 2.153803102862506869e+00
1.268787831528042753e+00 1.552175040891067281e+00 1.924109660110711717e+00 1.339327761750285672e+00
2.923573300125047680e+00 1.231551857068728939e+00 2.749361143774047722e+00 1.893253267069286094e+00
2.065944994957420455e+00 3.946224837486677628e-01 1.939148929597455773e+00 2.520682246627190093e+00
2.384837433774487980e+00 3.042799812098963663e+00 2.523173577231600628e+00 7.744619167996333875e-01
1.077299998395901293e+00 2.643556019952993719e+00 1.607300265139405715e+00 9.712550030197345530e-01
4.322644677671361735e-01 1.656495221882913871e+00 2.952366390433030841e+00 4.344367830770322070e-01
1.537058267942312595e+00 2.331696029632738920e+00 7.926291295024023853e-01 6.529909941135237927e-01
2.387215017765360159e+00 2.323316878508082939e-01 2.810791185567444561e+00 9.680071385796297223e-01
1.009803619153563231e-01 7.227633067374457099e-01 7.970739124822547872e-01 1.795197290801926471e+00
1.559220265570279373e+00 1.574578061889949421e+00 2.574744064502810570e+00 6.083043634696042035e-02
2.848319349401766676e+00 1.045038906374572418e-01 2.691473477887377896e+00 1.705203779162118849e+00
3.075705905164701104e+00 2.480884688244167524e+00 6.074540612413443785e-01 9.707295373646419590e-01
1.669922625748212486e+00 1.556879747955510096e+00 2.234402213759353995e+00 2.051540272889906369e+00
3.885711241958391127e-01 3.513295462187229212e-01 2.189125743399475965e+00 1.797247681070244685e+00
2.794184015155556811e+00 1.038883836495798185e+00 8.343076966088434077e-01 1.081463163392446525e+00
1.759402773925116126e+00 4.203799201835692889e-01 1.520813242652841568e+00 2.907336618973527020e+00
7.795517762917628657e-01 2.409867047909167059e+00 2.836881920085503772e+00 1.037304580571703216e-01
9.103277720691039798e-01 1.405557579186389461e+00 2.830891140083217294e+00 6.567364789909898581e-01
1.888653146086248347e+00 1.837213754823866951e+00 1.998726970224689592e-01 3.111790220410378893e+00
2.987946241566093786e+00 1.178539749357700339e+00 3.029945563843444933e+00 1.540032213623971469e+00
8.009948207147181698e-01 1.874310640355665747e+00 1.895376837382661134e-02 2.598160859955611635e+00
1.556569448771917497e+00 2.903212347477143851e+00 1.495725679400458308e+00 1.740361062016073435e+00
9.485104964269961414e-01 2.234232338851311062e-01 1.507570389870613203e+00 8.140409051174246624e-01
2.838934120475041567e+00 2.704931843614098330e+00 3.126686518619010258e+00 2.630449023981439094e+00
2.213495854061362067e+00 1.667307373120510361e+00 1.743117784818156490e+00 1.565844236070598638e+00
3.074582516037234203e+00 2.965553717513451204e+00 2.391461084446838026e+00 1.836439821881212131e+00
1.561783045816568460e+00 9.264542814200210641e-01 2.671357273824919609e+00 2.760261545265168426e+00
2.742212983127342962e+00 6.857377454484688828e-01 8.203615018354825095e-01 1.939894862097265138e+00
2.844030334148488492e+00 1.954359491846086039e+00 4.979464451886234100e-01 1.550048370230603378e+00
2.546770019496801929e+00 2.535297579131339241e+00 1.850683651840426380e+00 2.727136034104090445e+00
2.438660506606574074e+00 1.500171958036150999e+00 1.148080423307243247e+00 3.076089032598306350e+00
2.448963897394531131e+00 1.781796279786554971e+00 9.081147083764807837e-01 2.306484199445909766e+00
1.262581124993912507e+00 8.935453918503639958e-02 2.442257608447480521e+00 9.057154321003724196e-01
2.989309299505249040e+00 2.190152370953129868e+00 2.495650758492329757e+00 6.997600288257630474e-01
1.531012469985553848e+00 2.068914347565009137e+00 2.023921681792499871e+00 1.172978008996302224e+00
2.569516940018685691e+00 8.557865552848066271e-01 2.018559608947349648e+00 8.477890903521771993e-01
3.039695006358641205e+00 1.088117076340926248e+00 1.832879907504604722e+00 2.788633481216244991e+00
8.549905705522672372e-01 1.491669456593306631e+00 3.123429623051257487e+00 1.955368957425256848e+00
2.843957859633820195e+00 1.203190082972263930e+00 1.171245361156734610e+00 1.667104083089623989e+00
2.375852598764853330e+00 2.327127730504172654e+00 7.289532729172768510e-01 3.190485674752058798e-01
2.899222391210622973e+00 2.449919685011004322e+00 5.948269906569265686e-01 2.885218777150841074e+00
2.176597012544839504e+00 2.070312287171057086e+00 3.910934642980474218e-01 5.579486165260113539e-01
1.156535526766083732e+00 2.448840340594174769e+00 1.798401574786728352e+00 1.111424503025905564e+00
7.042383432578296354e-01 1.749614987409787936e+00 2.921389627942032163e+00 1.413936866125642178e+00
3.114897445159242384e+00 1.451812168840538542e+00 3.130187926549337529e+00 1.114153990310897679e+00
3.324454464438338780e-02 1.573115341118897614e+00 7.411472273320488524e-01 2.081257887073729496e+00
1.417195146860638522e+00 6.836190001736520694e-01 1.052687159967882868e+00 3.053347185441546707e-01
3.061303135628013372e+00 1.465599179612398384e+00 6.373667743903083105e-01 1.810207733631939542e+00
1.529284956229847836e+00 2.315339531638542225e-01 2.007145547298883059e+00 2.075886604080193987e+00
1.240313423169216112e+00 1.218794546607422147e+00 1.677233562399853106e+00 2.509585861452486188e+00
1.464631541372665158e-01 2.329896462536742430e+00 4.075075430061695925e-01 9.863253475541096105e-01
5.290004254831397468e-01 1.354124703033187993e+00 6.824658804676976276e-01 2.310746364879376458e+00
1.463141403416504005e+00 1.834026790171377375e+00 7.738501103893047350e-01 2.993505636040812767e+00
1.599948068665496548e+00 8.204711855248528751e-01 3.036919505514310114e+00 1.683938982346376623e+00
1.710721681908113689e+00 2.665784379841563467e+00 1.592368414724334214e+00 2.022146310113615009e+00
4.796376227308397633e-01 3.044417841363410204e+00 1.509276860379686669e+00 1.063404641977540699e+00
1.747936953762277978e+00 2.215208702446780809e+00 7.188272331747157518e-01 1.705738401975195995e+00
4.903950595286403757e-01 3.126854947380888206e+00 1.610843508705280813e+00 2.225976392743459265e+00
3.140002182130575914e+00 2.588909171090650663e+00 4.722712765327546566e-03 1.771601516022793366e+00
2.380080732738859783e+00 1.713028342211710742e+00 2.499576312540418233e+00 1.932183362085408307e+00
6.058385193771086419e-01 1.879386465607579826e+00 2.993661504233873227e+00 1.810868452733296996e+00
2.120620336715546284e+00 1.870678994405449380e+00 1.608525051343286494e+00 2.543468822292451303e+00
6.097965355106584884e-01 2.431305161143043847e+00 1.117435774831032846e+00 1.723992981946501857e+00
1.779501349223288509e+00 2.992065501955077700e+00 2.105249824049799379e-01 7.651899088626337164e-01
2.962883461285737763e+00 1.823490390129076433e+00 7.157967058962647622e-01 1.970692674276012912e+00
1.634208852695764325e+00 2.016041494611733764e+00 1.138835015715255805e+00 1.207318506939504710e+00
1.259139450643888658e+00 1.622364116567354797e+00 5.079680748800740053e-01 4.075033373007521109e-01
5.017072090145802132e-01 2.751266368992187239e+00 3.138645514726038144e+00 2.621133201617815267e+00
9.359227043372644328e-01 2.877753579616554536e+00 1.837909311242627686e+00 2.806867497336088313e+00
2.668324954605642563e-01 1.871402897192567583e+00 1.119180765480958017e+00 1.726408604133341296e+00
1.619408684981669955e-01 1.934954305206823655e+00 2.157321567109740101e+00 5.269051252155032561e-01
1.779057757607337698e-01 3.413145701611123295e-01 5.943429802935898953e-01 8.618974068326277216e-01
2.411451665397871924e+00 1.548278167198076760e+00 1.054511643251782704e+00 3.124153443416484155e-01
1.405872972617390637e+00 1.746024846284309540e+00 2.983871001155972369e+00 1.739271799572845278e+00
2.569953955911674637e+00 3.087412804817862622e+00 2.904287541289146013e+00 2.706204684196535037e+00
2.092984731813749277e-01 2.041734166985165189e+00 9.322939980905438351e-02 1.481456214272453220e+00
1.951576402570166513e+00 2.857569824058064256e+00 2.536572440713348975e+00 2.789056068497410390e+00
2.024055869814920694e+00 2.112879611814635628e-01 1.041036079957271987e+00 1.108386166810539031e+00
3.067726388826950590e+00 2.038998948974565906e+00 1.830856681033271149e+00 1.141127297680132768e+00
2.638151878305515563e+00 7.915649312548646288e-02 5.706047926779959090e-01 2.986916770158410284e+00
9.727559460898316246e-01 6.983329885812833426e-01 2.288153668215070269e+00 1.628111895383509200e+00
3.095684482028493889e+00 1.201547534756186586e+00 1.269841077831494136e+00 1.915702342717806594e+00
1.814182481063293384e+00 1.539735237667394785e-01 2.055904879518244410e-01 9.402574735512229942e-02
2.495732064795348037e+00 2.002482275915564713e+00 9.844637156236150932e-02 2.513468168193817576e+00
2.501681643738760563e+00 1.185726812767758709e+00 5.387625808991650667e-01 6.359396333512451482e-01
2.029340348416381445e+00 1.573267888554858329e+00 4.103779488056845115e-01 2.821066632893733939e+00
2.924264955240807318e+00 1.541619459047248286e+00 1.661770004860855465e+00 1.505993145020781299e+00
2.258210865692937205e-02 2.697644814009662051e-01 2.383316455712838788e+00 2.915147571940662097e+00
3.145371278884095956e-01 9.380273701237128448e-01 2.645545140510898285e+00 2.166464637289269024e-01
1.310943662729539216e+00 8.137984353138190130e-01 1.272029334478932183e+00 1.431036285453726409e+00
2.694862899473186690e+00 9.912260330751233584e-01 3.025442288321165574e+00 6.229156882048030724e-02
8.031844745350369408e-02 1.305553723702492119e+00 1.499294880160529286e-03 9.677583625445360660e-01
2.198341224043661946e+00 1.922142588996981205e-01 2.214462487552047332e+00 2.263734073429081839e+00
2.812845532959519002e+00 2.429711684048760922e+00 1.284701001011117477e-02 2.076362218571218055e+00
2.019803119832230820e+00 1.341435940121240789e+00 3.015765948487446391e+00 1.948195991195315502e+00
3.028327315546444964e+00 6.332762909561909792e-01 4.465704564398651974e-03 2.854588866642657763e-01
7.179788734651789683e-01 1.143665658252474904e+00 8.863064353721556987e-01 2.937243665865981068e+00
1.687274092708260564e+00 8.687182710761505167e-01 2.229490937530235861e+00 2.395746423758865706e+00
1.206097536644122226e+00 2.929362367863627803e+00 2.496709792762894953e+00 9.089056345394261882e-01
3.000828707404068929e+00 2.573658165217707960e+00 1.671765743075454669e+00 2.235632536540881787e+00
2.934964640321938489e+00 3.161877660085578995e-02 2.812102058453711528e+00 2.010848777109815799e+00
9.000823552493679713e-01 2.165792884137637486e+00 1.020021526577744364e+00 2.000386919428467802e+00
1.731277202703583429e+00 4.060306238101035192e-01 3.096638972976061055e+00 1.003214557061087087e+00
1.483905648045770187e+00 1.016495091178116317e+00 1.435869390072596063e+00 3.051340601802862373e+00
1.829424364370269229e+00 1.308979606837896048e+00 2.187499059194272011e+00 2.521556491905124098e+00
1.854880328362721986e+00 2.073748498291322573e+00 5.061923129649290587e-01 2.008460038781187063e+00
2.085262478332623459e+00 1.510351484629767205e-01 1.503066797850339809e+00 1.253256209964230150e+00
1.042954627864582789e-01 2.160595533483793851e+00 7.869423274061211337e-01 1.136189734945895591e+00
9.533323238389631582e-01 1.260130772713160985e+00 1.745041509786761980e+00 1.788838287014958395e+00
2.896950572183865980e+00 1.656949167176864357e+00 2.850629180627529458e+00 2.304466445735505520e+00
1.376477413879084066e+00 1.019498217729866596e+00 2.900809909887715476e-01 2.090508766368369908e+00
3.018355485015141504e+00 9.673365475282231785e-01 3.525902804738101359e-02 1.407528443237891169e+00
2.028668757541521650e+00 7.420698323348805525e-01 1.515759392429348873e+00 3.100445952970382280e+00
2.892466980655734154e+00 7.986352593075750628e-01 6.140846280454607120e-01 1.142377913461740224e+00
2.978995357679496081e+00 4.436413680055180109e-01 1.730033894464012345e+00 2.571245599048373354e+00
2.044920651725667948e+00 2.029588797856058058e+00 1.476381464211393713e+00 1.342335456575789010e+00
9.393014225017715102e-01 1.481514736227116380e+00 4.956019033452411238e-01 2.994188867035597390e+00
1.518753571925046675e+00 3.092681920133490969e-01 6.527373270505494318e-01 1.456831485899204637e+00
2.549083223519171271e-01 1.040977184849807724e+00 1.593340772371385716e+00 2.505132197836432151e-01
1.503602490839855976e+00 1.858486553355007453e+00 1.589137336293363623e+00 1.180790125359348464e+00
7.781153859067021505e-01 5.661948099011763214e-01 6.527431924527234974e-01 2.710036005897645150e+00
2.739254064400666877e+00 1.677873888922955636e+00 4.220016332688455440e-01 1.390865219483779835e+00
1.690176814365276448e+00 2.372380813267336297e+00 5.129487546735839176e-01 7.860403009830413401e-01
2.001766650098060651e+00 1.493553234902076643e-01 9.599268698348576434e-01 1.444952843834267808e+00
2.198256484085943541e+00 2.489325910045976364e+00 8.780029864239332626e-01 9.493450596190557977e-01
2.108504704907377736e+00 9.101196944194015481e-01 1.997470440311978068e+00 2.348360107791823470e+00
2.944477145591151146e+00 1.613692069329053957e+00 1.305688727057780607e+00 1.270386286548366828e+00
1.702607767174475761e-01 2.723289735939151690e-01 1.235839256769162064e+00 2.163410061905860715e+00
2.598201695319802607e+00 1.331515029441243225e+00 8.394986143747440455e-01 2.831884468229840746e+00
8.777672419080913002e-01 1.821225129595495762e+00 1.353542422108551024e+00 1.809356337175790586e+00
1.275509558351120232e+00 2.912694595087799598e+00 2.680847730058727674e+00 1.024211454746013272e+00
2.928105414525730588e+00 2.801589506421474418e+00 1.265232346983395928e+00 9.867355662893161072e-02
1.413174903998474230e+00 1.154508888695724211e+00 2.169460502295844362e-01 1.674380844146372338e+00
3.093949774926511687e+00 2.224476034060905771e+00 7.762089438669840247e-01 2.259766071958704825e-01
9.096876025964222290e-01 1.445175334785302468e+00 1.732939787791782510e-02 7.792455192905579642e-01
1.462465274021503836e+00 9.576807080830882501e-01 9.042898361026097120e-01 1.589274163860602274e+00
2.391424280261438273e+00 2.144828709688971990e+00 4.552790831088386891e-01 1.565421306855438788e+00
5.035356991213387756e-01 1.071309224545971661e+00 2.434016980513140638e+00 5.100380113336319132e-01
2.727846727570039653e-01 3.038795403561505015e-01 1.664022103003156783e+00 1.793839760795556071e+00
3.078763233878274441e+00 1.514511383503769570e+00 1.656122705686774665e+00 9.220292788281271301e-01
3.004740130626330608e+00 2.185047883982438599e-01 2.560389717242399499e-01 1.977595566870435029e+00
2.349026195975548958e+00 2.373960991420854538e-01 2.338272373181112807e-01 6.563027046326955771e-01
1.254241333138305103e+00 8.316929232302762154e-01 1.439912678792812706e+00 3.118444615698813038e+00
1.356895236045414066e+00 6.667346659582026325e-01 9.302814450122666445e-02 2.809121114030495470e+00
1.266834987277693614e+00 6.882021699964535610e-01 4.194937537984402831e-01 1.479728604302240846e+00
2.672411019599877369e-01 1.783086307377275137e-01 2.753298717856187849e+00 2.486996668077279704e+00
1.571348225012690447e+00 1.502572408197482723e+00 2.650350730619107420e+00 2.280399695448710184e-01
2.320876925699679738e+00 5.608155315377312267e-01 1.838311498061621085e+00 2.265431642676371204e+00
2.026656475391713563e+00 2.504551525481486518e+00 2.428717805547677244e+00 1.240420513799101565e+00
1.556715246529241925e-01 1.983653185400327201e+00 9.232885187629600310e-01 1.083171322971709039e+00
2.302908010564310715e+00 1.580590413566628438e+00 2.297005185991628728e+00 2.371581319431004697e+00
1.624868827410045791e+00 7.272912899384040841e-01 7.829718927603936118e-02 2.749471778468250527e+00
2.981360237663027046e+00 1.985898928467684010e+00 2.319828250050274487e+00 2.811440148017942064e+00
3.036034275351226608e+00 1.608669923619472808e+00 3.879240023071436338e-01 1.269773716375028672e+00
5.500257191515918187e-01 7.758815096176966408e-01 5.766375794648554987e-01 2.228287165268366010e+00
4.674906952125251758e-01 1.007173270193677084e+00 1.494449298594725306e+00 9.102151716797257652e-01
2.948819219877498732e+00 7.573980040221824916e-01 1.959020118453363990e+00 4.834465622486860958e-01
1.067822142110830541e-01 1.511511780327978061e+00 1.004256143779218791e+00 2.322751536058147437e+00
1.959999878798982742e+00 4.289612851210887201e-01 3.388999682356943488e-01 2.373533385981621002e+00
2.564886634295810985e+00 1.605223377986963573e+00 3.525500617250807989e-01 1.871795183036883747e+00
2.774912224477565470e+00 1.174852340356083324e+00 1.135744223605999359e+00 2.667532320979026039e+00
1.274174736889690296e+00 2.015413715819879936e+00 2.491914177848914225e+00 1.656541715722002595e+00
1.171527501028678253e-01 2.384195101302534425e+00 7.229466592261598601e-01 1.332143893018285619e+00
2.452174639818412771e+00 1.222312241661475785e+00 2.791268415711319228e+00 2.924701347852832534e+00
1.467712719790395637e+00 2.596042344046438632e+00 2.163208021287110761e+00 1.543006337928933380e+00
1.149765353623962483e+00 1.130379418001073555e+00 1.775341343353861401e+00 2.711264728741388463e+00
1.604967511825014237e-01 1.602698399958966569e+00 2.225727234673702259e+00 2.206751668604898686e+00
1.435091440877638069e+00 2.706402355372677704e+00 2.768821213946788262e-01 2.955311652582604420e+00
1.366944092149793732e+00 2.617111600681091055e+00 2.377694857274514906e+00 2.486292672685505245e+00
3.129190632595934218e+00 2.815558800044303034e+00 1.049229058155109140e+00 2.929934440061363610e+00
1.371870692397890279e+00 5.937977471684374731e-01 1.288437750099692192e+00 9.503213242041304021e-01
4.889385652630724999e-01 1.768549852261819266e+00 1.985937951015809277e+00 3.080691113617707089e+00
3.078359539654841992e+00 4.527066627674368737e-01 1.107670748018093843e+00 2.578029044221138655e+00
2.803697955062625535e+00 2.646495585613303447e+00 9.661920129679733016e-01 1.676849421019600550e+00
2.028165794165925462e+00 1.383305582240783371e+00 1.054532990560099970e+00 1.645701241251130709e+00
3.061294437074093988e+00 2.783392607496820936e+00 2.052288889909992253e+00 1.965003929717033415e+00
1.368789345064638008e+00 5.125010004982046841e-01 8.539482473117044892e-01 9.396726066567124835e-01
1.105909594782286343e+00 8.958720971987539639e-02 2.122485258625683269e+00 2.265271132167155699e+00
2.389055717097425813e+00 2.418808884976017648e+00 3.032302100386764288e+00 1.937492592321037765e+00
2.905699956943278206e+00 1.320751732955500302e+00 3.156512840720661628e-01 1.533775004680765663e+00
2.298419621900606558e+00 3.057008103242582209e+00 2.617431072207976772e+00 2.889077862618511627e+00
1.775671425458312580e+00 3.007309800113114218e+00 7.724917520295164486e-02 1.858771297381540455e+00
2.245438001916694404e+00 2.383986972002032356e+00 1.799317288728586650e+00 9.231230064074713582e-01
1.410508491501158979e-01 7.184328122519011151e-02 2.399215021193360720e+00 3.027052610927406517e-01
1.026134773007216339e+00 6.337455332721082524e-01 2.854884151868521069e+00 5.206262018622930254e-01
1.845060303838563343e+00 1.976200335225748006e+00 2.370686215506805361e+00 1.165486790010117568e+00
2.311900960744189604e+00 1.034878042514049357e+00 1.405174858628378265e-01 2.162384613169210379e+00
6.025684851268691550e-02 1.577422335221747351e+00 3.069480927703380324e+00 1.441418215687070736e+00
3.101673714374812540e+00 2.678838722549579554e+00 8.492512210999015876e-01 1.630322964240732642e+00
1.361295652300826609e+00 2.321932581607243584e+00 2.253209116144104796e-01 2.890505937577280360e+00
2.112953732662636419e+00 2.971876019416306747e+00 1.187460046012133175e+00 2.673783665455461200e+00
1.775562782257328998e+00 2.828588836614556179e+00 2.175478785263381454e+00 1.730360191123111679e+00
2.264583673349473969e+00 8.674137333794142979e-01 1.866047256027409063e+00 8.230599786716518151e-01
5.103267112761131763e-01 2.730378290399394725e+00 6.164330006254826744e-01 1.067683337521493803e+00
2.482470115351181228e+00 1.053718766202575763e+00 2.302850113985800640e+00 1.651013090069561665e-02
1.413145468464133581e+00 2.401242734957897085e+00 2.377725485019006157e+00 6.327113612251487051e-01
2.287509172971665450e+00 1.153154398316167395e+00 3.125416379373024411e-01 6.400920435861667812e-01
1.711923578703674176e+00 2.495794367133746139e+00 8.800258434524772522e-01 7.324647560320076689e-01
7.413672854354629305e-01 1.873765885528803743e+00 3.936313432190344241e-01 1.013016790937186329e+00
4.740670137306026155e-01 2.217069866039484527e+00 6.626003351935259023e-01 2.681944114084263919e+00
9.532932860265196096e-02 2.547379130287040550e+00 2.673093325976130252e+00 2.146722095120371154e+00
7.270170223500803663e-01 1.512915107048715679e+00 3.703355577615932148e-01 2.609027718060680456e+00
1.283909877101327757e+00 6.038962516769829092e-01 2.882662447431913577e+00 1.400363125354304961e+00
2.655791919892118713e+00 1.955197772593934014e+00 2.896134431070551130e-01 3.040057586361816000e+00
2.761240588081031788e+00 1.896260117757994301e+00 5.961325501138784455e-01 2.365201408565008823e+00
2.798923572368539059e+00 2.238844534873234871e+00 2.671383053075692349e+00 1.748843498982323441e-01
9.982839428580932983e-01 1.716758706578869420e+00 1.917530642598810120e+00 6.508088860512267759e-01
3.140575424294949070e+00 4.757984765092042045e-01 6.067122349950424542e-01 9.158761140299095382e-01
3.045079742682941237e+00 1.943624749707293597e+00 1.949054034548289571e-01 7.004420957648013757e-03
2.121913915990243371e+00 2.195429083439829565e+00 4.862238005291441567e-01 4.981065017804865436e-01
1.041379198662732986e+00 1.716241197243753902e+00 2.349301935105119199e+00 1.882420598672551293e+00
2.514538030033006688e+00 2.993999548303849956e+00 1.156988669314190643e+00 8.991007694575311460e-01
2.535260049799163973e+00 9.089807741130097041e-01 1.048810054485014964e+00 1.757056264301486648e+00
1.081474037981627889e+00 5.973074605424032180e-02 1.295297621441096059e+00 2.733664360548137662e+00
3.700241460107943636e-01 1.948877598449389792e+00 1.359590939099766915e+00 1.273905301879674212e+00
2.618173312097682892e+00 2.126938933196972581e+00 2.416657927309542764e+00 2.162648355922981214e+00
5.075263482701361517e-03 3.069019742856768374e-01 1.262381474063627662e+00 8.179171249460611692e-01
7.465671058261814652e-01 2.336410114187345677e+00 7.816462348476351796e-01 4.792157763863898468e-01
4.886590624336045185e-01 2.675945979815251174e+00 1.387904325409003325e+00 2.542089172984872913e+00
1.887548205823356806e+00 2.864671874014787623e+00 1.150369693700784124e+00 4.144224174326833765e-01
2.272036456206804722e+00 1.337551223919009713e+00 2.638110645821909905e+00 1.218885961205175672e+00
9.147476864662668072e-01 8.701689349755417080e-01 2.742560022924065422e-01 3.776142096044773910e-01
7.280059777143634003e-02 1.348711147607964511e+00 1.904830656148181589e+00 2.126687042695142527e+00
7.269244067112686780e-01 2.183496446679130454e+00 1.764252231968535201e+00 2.032198100215268255e+00
1.243096897936756928e+00 2.280615271884315121e+00 3.325210982756599543e-01 9.730454974082856090e-01
4.838369622730801511e-01 2.453491329025631718e+00 1.968167555153458093e+00 1.007845870710363689e+00
1.029933206690943015e+00 7.739386473606775230e-01 1.989599191292612312e+00 1.097303790084421804e+00
2.860701136600522609e+00 2.558242707508359803e+00 1.644987441633555258e+00 2.949383868076715487e+00
1.869217607989416496e+00 2.450954146382003263e+00 5.430879963822863310e-01 4.754929783575241875e-01
1.730288682944585155e+00 2.507988950894188829e+00 1.301062835509050108e+00 1.815516942469744155e+00
1.882535952213101327e+00 2.293544514577814386e-01 2.694059509084937520e+00 2.398239927104906855e+00
3.118413122579436259e+00 1.698613117772689862e-01 9.770346324292761286e-01 2.322037141767946622e+00
1.112137913871458439e+00 2.955617823967108038e+00 1.879603671561572709e-01 2.000391622422718896e-01
7.953848342975906593e-01 2.400012641886531295e+00 2.119914478722245033e+00 2.035004791702857752e+00
2.948250117739183995e+00 2.689868281964471919e+00 2.427475115046735077e+00 1.198400365802219092e+00
1.700235995994787030e+00 2.012608381552652315e+00 1.900494425578750146e+00 7.365980220037352533e-01
3.098733440428360186e+00 2.432194905885130431e+00 2.653714516013519376e+00 2.049869849216930273e+00
2.148186408926872737e+00 1.873061186929266819e+00 7.719346471940208287e-01 1.260279612274015859e+00
1.136111350951862553e+00 2.085778869883117448e+00 1.709949938369993983e-01 6.349034404260317510e-01
4.140987903120347258e-01 3.138578654402543133e+00 2.598639262588063215e+00 2.911347776722547298e+00
3.509775998127344643e-01 1.987515633297406437e+00 1.757468537779272477e+00 2.368772364215626425e+00
2.494008915696045658e+00 1.037510405154829618e+00 1.471091591085435413e+00 2.869422638675165782e+00
2.511694845888457817e+00 8.634963689090102701e-02 3.427446560042003987e-01 2.004606138780058000e+00
2.706073513457394775e+00 1.689849539562897851e+00 1.586670879969016790e+00 2.481847028230860897e+00
3.116727554496216523e+00 2.196852091198036927e+00 3.032087759325833076e+00 2.430824475655905648e+00
1.870201816288369789e+00 1.096621027588826403e+00 2.700753956622523155e+00 7.569292824966722399e-01
2.045211061601963198e+00 2.682914945118942462e+00 1.726333845929629129e+00 4.215939470395881350e-01
2.885859633745389452e+00 5.763967699720173865e-01 1.307242452081434747e+00 2.131373777486254006e+00
2.006300594494117018e+00 5.311458662957841970e-01 8.026634832158102695e-01 1.448428261923346172e+00
5.884759476041907522e-01 1.357819923425735320e+00 1.924969556229513934e+00 7.429456184219140891e-01
6.952726925989969331e-01 2.758549988839023026e+00 3.068156919230491733e-02 1.916777157390221920e+00
2.844220538540823906e+00 1.829581152991160309e+00 2.887310908243026386e+00 8.354144315306269997e-01
1.884919039766828286e+00 1.068325133645658731e+00 5.660301769409672307e-02 7.563363937082475674e-01
1.632347748394040510e+00 2.035068920599325537e+00 2.351220581107312135e+00 2.260733986081810087e+00
1.232844408375789215e-02 3.100721230697823572e+00 6.218742298420738834e-02 1.659811745236425606e+00
1.844575598260874250e+00 2.304774773728569759e+00 1.560320026479507183e+00 2.033673190330374858e+00
1.355801564635278122e+00 1.317362120631040412e+00 1.348053771489456265e+00 2.816404781361161458e+00
5.635909163915318043e-01 2.728866850337333005e+00 2.824406563598947706e+00 2.121109245156150624e+00
2.728852922318620422e+00 2.553822940476903058e-01 1.832471298930631987e+00 3.086487166243469638e+00
2.112973210687992598e+00 7.680521866280964893e-02 1.533664546052663669e+00 1.127832073973817906e+00
1.494328505574692878e+00 2.271250746661057640e+00 1.741409729640922777e+00 2.861895392800250182e+00
2.804816277089725141e+00 9.215237665583646542e-01 1.045380810998287169e+00 1.480032455537456437e+00
2.111730786519927960e+00 2.342022446035295413e+00 1.063685658303948234e+00 8.065434773446836791e-01
2.062670131840623533e+00 2.117212435101530232e+00 3.848953849881028844e-01 2.142399729850158197e-01
2.927875311374664169e-01 3.010496398441032451e+00 2.192827043725971592e+00 2.524289101650351697e+00
1.035293671094261958e+00 1.875374911635385944e+00 2.076436621781974967e+00 2.566408025934177051e+00
1.018796451071606324e+00 1.511121134811491684e+00 3.005990079502902201e+00 1.958726368679936769e+00
9.295292107941032222e-01 2.697774066711026375e+00 2.778311056490539777e+00 2.014793495864938500e+00
1.334089910698482928e+00 2.271535830996825212e+00 3.459866848993444211e-01 1.101724474794339548e+00
1.717529051860680278e+00 1.513964902036909477e+00 1.509870139668913591e+00 1.086841287730734518e+00
2.943063473360903348e+00 1.614726479951303029e+00 2.585765914138257404e+00 1.023854273775016699e+00
6.836521574047064141e-03 1.854603330596151567e+00 3.696964037736696906e-01 6.468170853129225906e-01
4.877951564255323946e-01 1.929926816819550250e+00 2.320260328987219012e+00 2.756251120975459656e+00
2.152316010817363345e+00 1.451305440959854032e+00 5.814344671103942597e-01 8.923122540398027436e-01
1.313520597791425049e+00 2.938352365374450770e+00 1.568841588697536205e+00 2.597364579266685514e-01
1.922003220870334983e-01 2.306130657413434815e+00 2.793580525124599312e+00 6.688880629556515078e-01
2.460395618456124200e+00 6.456464480809974704e-01 9.769619136123915970e-01 2.825080933898175051e+00
6.183232695158389358e-01 2.282090810862955621e+00 3.278445416270643897e-01 2.683408605837405592e+00
2.812479962628184449e+00 7.524605907999126764e-01 2.371508316716309128e+00 8.034069144160422837e-01
1.769597166383385600e+00 1.805795697712456294e+00 3.039411451455387603e+00 9.967593466787157963e-01
1.261404573856246714e+00 1.756735923961977308e+00 1.287346310717705222e+00 1.696958607063044910e+00
1.481397765653469811e+00 4.119342907242633522e-01 8.485589100348145397e-01 1.443031367125668041e+00
1.361584568967824982e+00 2.113949531101329438e+00 7.554455662014233353e-01 6.988258298896483645e-01
4.035961388370560843e-01 2.754801257565419714e+00 1.961237220744705134e-01 7.052272097740940326e-01
1.177415515207369090e+00 2.651536664578921787e+00 3.231327804097449130e-01 1.018744877265362669e+00
1.505072863588206911e+00 7.053835848906966355e-01 2.718305922162388644e+00 2.269221125090122304e-01
2.652816985958615703e+00 2.810168396514163280e+00 2.286133718473357224e+00 1.562597909366366666e+00
2.300885285035862093e+00 2.643431157695879108e+00 1.646014941877296245e+00 8.236351691699705935e-01
1.729620368347662973e+00 1.139704139708860975e+00 3.107378572910591608e+00 1.011364901234832692e+00
4.954688890876712271e-01 1.249824797188081871e-01 1.561543131810308571e+00 2.517745726931932548e+00
8.780925835654450617e-01 1.571417769434598766e+00 2.421067550305157301e+00 2.244522999503949290e+00
1.091820121849389924e+00 4.345264460288563169e-01 1.425756158295119480e+00 2.018074781134820750e+00
1.533012681970704394e+00 6.115034685709667128e-01 1.730047209557179777e-01 2.758778646445733340e+00
2.049326247384331001e+00 2.268093932576226823e+00 2.655606997108709511e+00 2.387701640816404236e+00
1.265502680228961729e+00 5.634789906798596260e-01 1.794284226705055829e+00 2.380562771621007379e+00
2.828472922580304694e+00 2.162150585691446025e+00 1.467853206380700826e+00 7.434006303320345177e-01
2.542017206716187250e+00 2.876027837063286796e+00 8.890479394942837899e-02 2.089403312280404990e+00
2.235926003169937282e+00 2.649814997421532148e+00 2.112214768669321285e-01 2.471743178784806982e+00
3.785421219331074338e-01 2.113290133599242948e-01 1.220937785338362058e+00 3.781638894839143283e-01
3.131471602483714367e+00 2.942446935522168960e+00 6.184315142276654020e-01 5.642299552494823844e-01
1.430553209680261728e-01 7.723416280445304372e-01 1.597804297604688673e+00 1.510435422666375427e+00
8.642858186865828296e-01 2.405311213036925633e+00 2.686526345633107216e+00 2.691829848518779295e-02
1.817377157196912618e+00 1.709934733806737217e+00 1.214759678560379141e+00 2.446063270607343743e+00
2.316367462343806416e+00 2.587504571575778733e+00 2.658435259859584510e-01 1.260950816286475762e+00
1.321990892150836538e+00 2.730691880787758721e-02 8.146613300846706762e-01 1.311712045357639855e+00
7.240235925462568112e-01 2.128569559540755662e+00 2.735872164611223845e+00 2.205237746630111850e+00
1.321136710349781751e-01 1.497556344600927902e+00 1.624410056188677398e+00 2.968119172609048118e+00
2.627388777492496885e+00 7.283165235169081209e-02 8.599286325155574007e-01 1.337937158612797495e+00
2.183605833666745433e+00 5.714591142618811320e-02 2.865314491538526465e+00 1.677323263112553642e+00
1.938542374057600437e+00 2.041319097891107770e+00 1.593950608832522819e+00 1.064044167118662232e+00
1.297184175495341041e+00 7.021570775403768172e-02 1.180662673021420916e+00 2.947619299615587884e+00
1.500513681741767247e+00 1.960365120337019373e+00 2.739011755900974787e+00 9.297951418382588429e-01
2.477146954991892525e+00 7.830873880010013055e-01 3.736360973184364997e-01 3.058187562438175355e+00
1.160307968219957520e+00 3.586888439865981160e-01 1.175292471664749705e+00 9.025904071049388744e-01
1.023047006201985853e+00 2.970346099062415757e+00 2.005517369116074811e+00 1.841001406778179916e+00
1.022286347087607572e+00 2.100625041079335453e+00 8.899527526837270885e-01 2.824410088902253424e+00
2.095131643934101895e+00 2.118013685802841106e+00 1.010537662754686039e+00 2.726828097551667884e+00
1.082175193318491768e+00 8.754577032661857716e-01 8.966864578473926484e-01 1.067715229791665665e+00
1.037458994910489984e+00 2.653944904419160533e+00 1.036670352233687309e+00 3.663781852999741240e-01
1.959075154851009248e+00 2.148307456020805528e+00 9.104902912394756687e-01 2.799214069536846594e+00
2.331728794722523812e+00 8.235427239180493908e-01 2.892731829803008470e+00 6.517129127018190804e-01
1.931958152251018968e+00 1.595172215418998674e+00 3.864412780197824526e-01 2.513234518061785994e-01
9.537852669326590815e-01 1.803302619047862487e+00 2.034961155853711734e+00 2.825185006204706362e+00
1.199048546881056776e+00 1.079760965686143104e+00 3.074673086570055780e+00 8.965361759732943803e-01
2.349456028519809614e+00 2.001056356149557569e+00 1.999182942980999522e+00 2.712512746506017702e+00
2.964465867246039110e+00 1.989767481232952218e+00 1.420508291475365725e+00 3.820857702290018226e-02
2.287693010395654536e+00 2.748885380898555386e+00 1.829206272782525566e+00 8.174698957136731226e-01
3.957740490774961511e-02 6.554626763681151713e-01 1.302443245758336809e+00 1.395537446358396272e+00
2.695554187203665464e+00 1.236068169382421811e+00 9.343827060657908801e-01 2.993454757312949965e+00
2.783629364598985134e+00 5.223939283333631778e-01 1.660677994608445340e+00 2.273904981336017928e-01
1.271308133743853652e+00 1.877964361644996139e+00 1.239860532523178183e-01 1.900283732020199290e+00
4.688612684787552554e-01 1.980299581805904152e+00 2.762397139710747851e+00 1.991283709621900710e+00
8.056199142697750837e-01 1.856439251736502927e+00 1.605046339697257407e+00 9.292813100464896170e-01
3.118901981623372510e+00 2.414133389628408732e+00 5.243522347473654754e-01 1.919891302386450560e+00
1.767560348409724202e+00 2.694359551829348387e+00 2.391190778116011550e+00 2.612105170825215428e+00
1.995335089722233723e+00 1.522220932225585965e+00 9.198641986741974419e-01 5.593339624625106588e-01
6.701949342798455556e-01 2.131567704810997554e+00 6.752225163818135201e-01 6.400265873721024956e-01
1.334257073433431362e+00 1.823270294731602764e-02 2.664598473559995906e+00 1.690737057330372384e+00
2.834413175718353273e+00 2.074921269776317523e+00 8.831174435455118044e-01 1.907939962435622583e+00
2.335401453222271773e+00 2.322895325742662997e+00 2.110518674751354240e+00 5.060577797177450154e-01
7.993506365515933298e-01 1.387514271292913826e+00 7.470571168318566047e-01 5.120164617872617618e-03
8.233250378140960501e-01 2.057721619137558910e+00 9.612023397932546454e-01 1.592955230078631379e+00
3.215165660179246654e-01 2.970968250366514241e+00 2.752576570158944413e+00 2.261441109740272015e+00
2.032425816956776377e+00 2.444283927022308234e+00 6.778394263300264733e-01 1.003001375976040332e+00
9.814780799679078127e-01 1.932629625722289468e+00 1.806904583685783772e+00 2.313963433107108614e+00
2.162539468002268706e+00 2.544856038114396313e+00 2.109541171397899095e+00 2.706460355698053544e+00
1.245713121182613348e+00 1.415262131682016422e+00 5.340144294293818206e-01 1.287902169964878496e+00
1.282704040450928895e+00 1.193125979003419913e-02 3.265448678657127402e-01 1.785248838344135391e+00
2.530542638538067379e+00 9.046457803950169740e-01 2.686306588182350019e+00 4.065860951020438541e-01
1.876656616637502273e+00 2.870301672359716783e+00 9.754868017569844341e-01 1.997215071915087625e+00
2.057602564662676936e-01 1.773731241568739181e+00 1.259736204779080271e-01 2.291034681152587904e+00
2.072791899430946216e+00 5.200348969088093298e-01 3.943293516339302363e-01 5.521009236443998880e-01
7.378835071412532809e-01 3.111242481239675506e+00 1.010263177991887362e+00 3.210358227746411552e-01
2.475574229130328430e-01 1.018048649326900090e+00 1.581745675664007145e+00 2.401103766369341308e+00
2.174283477255908537e+00 2.630958656375038895e+00 1.882346521643300630e+00 1.487081193329589768e+00
2.822701580453296000e+00 1.108623390698662003e+00 1.749693214609816305e+00 2.227061971429622922e+00
2.948030257956458122e+00 1.452931526249776617e+00 2.898431857621587060e+00 9.228282951006406831e-01
1.069918724500901197e+00 9.877280127077889826e-01 3.374568762993055970e-01 1.217273510418305449e+00
1.993596997869189869e+00 2.121084260955820588e-01 3.131720381447043788e+00 3.405612146191092648e-01
9.492402592773965253e-01 8.158701265210483999e-01 2.084634499800787300e+00 1.199606439390332069e+00
2.936404408370308694e+00 1.030454825964289611e+00 2.179349438233700864e-01 6.175526993118541919e-01
2.239647827863654239e+00 1.178728646516739920e+00 1.538791835695586974e+00 2.378409242201533491e+00
1.612558571964912479e+00 1.523145466191601960e+00 2.080877995565875160e+00 2.259407803418007177e+00
1.644771594626962097e+00 7.933357093610142741e-01 1.358338579153581138e+00 2.102763603273541726e+00
2.492189310140384251e+00 1.028241559938058297e-01 2.303000022930790092e+00 1.824841476894841108e+00
4.550800103557390286e-01 2.212797145443295310e+00 1.418113125026679855e+00 8.214216204614084305e-01
2.443349796149032027e+00 1.407998794928074782e+00 1.323987303480039346e+00 1.968254438218066449e+00
2.317517146141230278e+00 2.423250647981544770e+00 4.507790492778344094e-01 2.250049283109317511e+00
5.925274866692135101e-01 2.585377667915027988e+00 3.977995045493517429e-02 7.435988436274886260e-01
1.234579839918209077e+00 1.310653862461850006e+00 1.869638302350235870e+00 5.113842576571449028e-01
1.487637995468143792e+00 6.229256713641632137e-01 3.040598332587732155e+00 1.498765005905505099e+00
9.557840398792243342e-01 3.219179581783954136e-01 2.132290080275400790e+00 1.793233818330954410e+00
1.257579740679443558e+00 1.437856434920401716e+00 1.266216831747260629e+00 2.738417002542282486e+00
2.901013848950500851e+00 2.705520367259273140e-01 1.993965221269326182e+00 1.084109550452295512e+00
3.050177948748769463e+00 2.431229051020539877e+00 1.217176239641055258e+00 1.364751980483491334e+00
1.570208964520273254e+00 2.365002322839421023e+00 1.172477980124464331e-01 2.223029489559152694e+00
2.824169669813377803e-01 2.565814755088015042e-01 2.563379159342343616e+00 2.091037779308075439e+00
2.231742710765978188e+00 1.095211536276686992e+00 7.399172365576290877e-01 5.560095161726217317e-01
1.628272165652361325e+00 2.277664148479453754e+00 6.841564976847722690e-01 7.488817445862752109e-01
2.629986511130284921e+00 2.350329785184428477e+00 1.117697181412467655e+00 1.627581661563621829e+00
3.553070455247905324e-01 1.252617860801690908e+00 7.287103844451348067e-01 2.158402226601832119e+00
2.345189831884065157e+00 5.788302344035044511e-01 2.220765177901343090e+00 2.599644001503968127e+00
2.663481040321638460e+00 1.418503915146551275e+00 8.933757544655261951e-01 2.406042201891719134e+00
8.654903612958328996e-01 1.366053830223564969e+00 1.624997517360468491e+00 1.236342202341149443e+00
1.624496012333111361e+00 1.245639953405980771e+00 2.739668068367253184e+00 1.429344039683261069e+00
2.004258678120357740e+00 2.270173267381377702e+00 5.149033784504143396e-01 2.172026619188506036e+00
1.215556407818879414e+00 7.225912533670495463e-01 1.183433757109706219e+00 2.067057062332368744e+00
3.378077790373358313e-01 9.868229790082313491e-01 2.429792592896744985e+00 1.747909263413925274e+00
1.037159002043516409e+00 2.832107540426928582e-01 2.382466097650715930e+00 2.171144143064747123e+00
2.674597542489240531e+00 3.117428844848936897e+00 2.197755450724652171e+00 6.506923474119605810e-01
1.683068809956780987e+00 2.351099418105606187e+00 1.132831134987987154e+00 2.644676387002550921e+00
2.354602758187716471e+00 1.930416795937105912e+00 1.999034361506796698e+00 3.371515922553731670e-01
1.877894491555385015e+00 1.157969724255466515e+00 1.663810698548058020e-01 1.517904277908660227e+00
1.350680863891959183e+00 8.754594839844268561e-01 1.935200653027569218e-01 3.496066828159746787e-01
1.287916209001710888e+00 1.753716613450696959e+00 3.050882563633867228e+00 1.273452441442147753e+00
1.057803448774288890e+00 2.029187424285064267e+00 6.421674963695577221e-01 1.488424708947583941e+00
2.484549231956515225e+00 2.885082477649581811e+00 1.256878277333968175e+00 2.529297124125323037e+00
2.646076886728930599e+00 2.934496175307511390e+00 1.140143782162872599e+00 6.150553877250519719e-01
3.055422712925363715e+00 1.956464977349876289e-01 3.631632989062253541e-02 1.588175238524857091e+00
2.853233593080304775e+00 1.711191566609528092e+00 1.346844185233071256e+00 6.676661847372598046e-01
3.099104357251205588e+00 1.440519220540920520e+00 2.059841321073478504e+00 7.636389995740984205e-01
1.630791445334615286e+00 2.236437293251628822e-01 1.796630433100474544e+00 1.237423348773679550e-02
2.412025786483616763e+00 1.032891678094750854e-01 6.415670363904932838e-01 2.996698776741090753e-01
2.600482016358310222e+00 2.971915790090184362e-01 8.476827422596088235e-01 2.764362189313153362e+00
1.206110461385993204e+00 9.988693962727378528e-01 2.812240513206183401e+00 1.986242734925917741e+00
6.747748026838998880e-01 2.115393375848074520e+00 3.002780961919124803e+00 2.195475864860600534e+00
7.909669526137960704e-03 1.796641224959537597e+00 1.841600858959008713e+00 8.003633622977025519e-01
2.166871377986098746e-01 2.599262742694270489e+00 1.046320371601932697e+00 6.267173450640863841e-01
4.230332817619856800e-01 9.411923847162689816e-01 2.171416353122847642e+00 1.014122273013192410e-01
8.734772849754313118e-01 1.003358872349786379e+00 1.055063812430455106e-01 1.366489094140517668e+00
2.514107731725696127e+00 1.508790738604565362e+00 5.269913534774595121e-02 2.815268582246656770e+00
1.578314942006385113e+00 1.449901726842759864e+00 4.777682170565466513e-01 9.465761433042463313e-01
1.122079972805752224e+00 2.840690142654517469e+00 1.318807315156406146e+00 1.469810465383643572e-01
6.337999091641269844e-01 5.010153797765554140e-01 3.181843443905797986e-01 2.368793776624171343e+00
3.778389074259708713e-01 4.394802894878221400e-01 2.999270083929225450e+00 2.263803732507445599e+00
6.480459790051663616e-01 8.494254525753888174e-01 3.053087765762290129e+00 8.852617202607588887e-01
1.372346832266205130e+00 1.895644970673826757e+00 4.478334114171405034e-01 1.054973188302858605e-01
1.068908851329308352e+00 2.295779624087230797e+00 3.092231120287337598e-01 3.940452470366289095e-01
9.543151370948065315e-01 2.311959755254076043e+00 3.024034642048043064e+00 3.775122825312184904e-01
1.806630797153953027e+00 1.848669813962840136e+00 2.658135131061963641e+00 3.050685198413347177e+00
1.981142188803186599e+00 1.649581886261446861e+00 8.242969825679352658e-01 7.556198868728294243e-04
5.356764800094699908e-01 2.128807742956126070e+00 5.476861365544803961e-01 8.813662423497383713e-01
9.032857982495687832e-01 2.407655621342157382e+00 1.210838489537363172e+00 1.127194668717334813e-01
1.984442814171077263e+00 3.325265741326611235e-01 2.744627439091926746e+00 2.377173093090294120e+00
1.710096261569851839e+00 2.488636925155985224e+00 2.896227634644711113e+00 2.260645194422474802e+00
2.160642014523262322e+00 2.001026962513678065e+00 2.543038277407821734e+00 6.552611809485376915e-01
2.669515977998269562e+00 3.306761343443889167e-01 3.915633928341313297e-01 3.036470345827153139e+00
2.901709191209636440e+00 1.374520179514362450e+00 9.988389054156271429e-01 1.180126874757203154e-01
1.799993215681186198e+00 3.016205948213471766e-01 1.970742044242355107e+00 2.359780188262595058e+00
2.038393799759815384e+00 2.726235840099041852e+00 2.179724384795440173e+00 1.414844165447443736e+00
1.289018371480691316e+00 1.316823044189884828e-01 1.981971459825317750e+00 2.953887696094860349e+00
9.677316366192104113e-02 1.141290383649951945e+00 3.024788245560721123e+00 2.767921093419369427e+00
4.023290103897277370e-01 1.712346707322540462e+00 2.666107520357480887e+00 4.736193891386875077e-01
2.760631660825786593e+00 2.572718203273034465e+00 1.891810201553731030e+00 2.730237527975993395e+00
3.331398642595749249e-01 2.351751459537903433e+00 1.109360034718094995e-01 1.761859852048494324e-01
2.239688474053971756e+00 3.595771308904660568e-01 2.282890437100562941e+00 6.825771581975698110e-01
2.297903614243495873e+00 1.355177481233895920e+00 1.994413566887059286e+00 5.712151378379396460e-01
9.813687268094754002e-01 1.103273279575711419e+00 3.113683067356923795e-01 2.831539346915864730e+00
1.015720597236836609e+00 2.636978436349798116e+00 3.022685364707270228e+00 2.596201757143818512e+00
1.320266764015620264e+00 1.855712174089759747e+00 3.112840644474499374e+00 9.522985501543109743e-01
2.780065419226969592e+00 7.922261564478967344e-01 2.536293426591526234e+00 1.610275257948144745e+00
1.028692002870164268e+00 2.126995607291098267e+00 2.043223205820468902e+00 2.543767423195007371e+00
1.905575816690415536e+00 2.174471957434782610e+00 2.995934316058852076e+00 2.415722671625383899e+00
4.031939343850806656e-01 1.927541732476046876e+00 2.207864046925135160e+00 1.513148275549005328e+00
2.308473155256745901e+00 2.215714850080820544e-03 1.041113051975320669e+00 1.031787586050692873e+00
1.356488869005757714e+00 3.079437891343774325e+00 3.310067533079150692e-01 2.655060067070032837e+00
2.700298649802171269e+00 1.840697289370067491e+00 2.608714278118861252e+00 1.141483169542107712e+00
1.385014473067182283e+00 2.146964312052306312e+00 5.776103228160309883e-02 3.760580468455278491e-01
1.917007611743718920e+00 1.627553619014993069e+00 2.319911414333482025e+00 2.312968405510676728e+00
2.593841090641122893e+00 1.039470897893521206e+00 1.970184248245190339e+00 1.336790295818970076e-01
1.911027635072142017e+00 1.180840262352832237e+00 4.310657334306051691e-01 2.363841848104795584e+00
1.328148661996856106e+00 2.155820205166342429e+00 2.409581303766105798e+00 9.362491861437293172e-01
8.045511294950362657e-01 1.698478409002234901e+00 2.457512810817877591e-01 1.188833351943992422e+00
2.874673313956206400e+00 1.819486307723058527e+00 2.262347497035447574e+00 2.158970951503795366e+00
1.303339770651820606e+00 2.485915432418349891e+00 2.966397502798251207e+00 3.006032310614377590e+00
9.158804691996854652e-01 1.393004631685941797e-01 1.477582284953789626e+00 2.866188694464060660e+00
2.359045325683953642e+00 1.538963613936735531e+00 2.823627946602688787e+00 2.485769401257300171e+00
2.632419816272586033e+00 4.672179605196274399e-01 1.705369670393086956e+00 2.674452998568652151e-01
2.451288829680542847e+00 2.240881318227600616e+00 1.487880612094014898e+00 2.808464182663103159e+00
1.076292986599913931e-01 7.802302182373271888e-01 2.877447553996591800e+00 1.232937806650476059e-01
1.376477312386662044e+00 2.474956370844574760e+00 2.166878358649338310e+00 5.679733051708258929e-01
2.168628795966440315e+00 3.947731045710538567e-01 1.243235236923277309e+00 2.847827929865382135e+00
2.858872093114966706e+00 6.625072184863730618e-01 1.817101035058673153e+00 2.028085195582427058e+00
1.688328042174845223e+00 1.080314199483702442e+00 1.813327015745586079e+00 6.145629808859558452e-01
2.669031665140721987e+00 1.924121058248720928e+00 1.206836954402046302e+00 2.468436007037098534e+00
2.063360815478136434e+00 2.202724120597723267e+00 2.438937528054385240e+00 5.903142993237144864e-01
1.802751496940075970e-01 2.791146892074037211e+00 1.223438774193920775e+00 3.320092078942498137e-01
3.025429786366195639e+00 3.075179645949356555e+00 1.001978710309925802e+00 1.549821777473287199e+00
1.350116884361684200e+00 7.233592792286153150e-01 3.295423238409928568e-01 1.879587897148139009e+00
1.550873089093163792e-01 3.087609830623466056e+00 6.911316662966338065e-01 3.600973114373099970e-01
1.121681599265924589e+00 2.808779044380199430e+00 1.507271914811320501e+00 2.907038750944156202e+00
8.391814025334297378e-02 2.252159448420512522e+00 2.494499112061235202e+00 1.231546818730028470e+00
1.277362272264158882e+00 9.496888310783438980e-01 1.615168782257894620e+00 2.589812311611471518e+00
6.525570157244955372e-01 5.002937855151403657e-01 5.568160934600572265e-01 1.172352593852777458e+00
2.192692307994101863e+00 3.617131837412041473e-01 2.519050554372853412e+00 2.902442177110307053e+00
6.862585402317258332e-01 3.973119292418491044e-01 5.349311990739052947e-01 1.657227884804019835e+00
2.762544267948395804e-01 3.452039634831983728e-01 1.800476909009931736e+00 1.534692273684990171e+00
1.111484924437842192e+00 2.669114916832029838e+00 2.057443744011807629e-01 3.112618035449016496e+00
1.930961921276075577e+00 5.087446050629208794e-02 1.699279534939324598e+00 2.993662920977845587e+00
1.848374784420757644e+00 2.782196868820811186e+00 7.393241332898271498e-03 8.336715901849293120e-01
8.604862834967103025e-01 2.403965618966532602e+00 1.514272130491830293e+00 2.336680240329788383e+00
1.372276655268039880e+00 4.264468816787427841e-01 3.582790822051389323e-01 2.824377350155352850e+00
3.444244544538173636e-01 3.099877626934056885e+00 1.949271986357605790e+00 2.279177119265472506e-01
4.703893897715558658e-01 2.346464996727625429e+00 1.760205660991826626e+00 1.359090398949260647e+00
1.180703508504944654e+00 1.151263781011516274e+00 1.644036145086766654e+00 4.257455106926606725e-02
1.609090523042367771e+00 2.820312071243359586e+00 2.537829380306668159e-01 2.750854447216349641e+00
2.884095974308978683e+00 2.978866425159050646e+00 2.870992969349966728e+00 2.677641931240307471e+00
2.059714489489777645e+00 2.468623086551387846e+00 2.320840368337614645e+00 1.273835328617761942e+00
8.144244936214923847e-01 2.584318894598269356e+00 2.173843320336453555e+00 1.357623241861711350e+00
1.856964025818976571e+00 6.248432065063166396e-01 5.614401910584460031e-01 1.104647086759090291e+00
1.380710442796921900e+00 1.435589340602569264e+00 8.131748625218031545e-01 1.990014126054831411e+00
1.552304686656277743e+00 1.291752041374682802e+00 9.853950578613367151e-02 2.030677377940697692e+00
4.977927219385297475e-01 1.999621815348329723e-01 1.776502854989302049e+00 3.070979262213146210e+00
2.887246638122351161e+00 7.233387192697477985e-01 3.041647441242745220e+00 4.368137420931402781e-01
5.428876326369050931e-01 1.277370771910196323e+00 7.553599041776483114e-01 1.389458305205508948e+00
6.809042944966972044e-01 2.555578957353402014e+00 1.797466987933632687e+00 2.614658006649803745e+00
2.229468759605360173e+00 2.041528548582711156e-01 1.585065582985127675e+00 2.156348368116035807e+00
3.952184152424550456e-01 1.791275417548643167e+00 7.205584394732374165e-02 2.291788122278133777e+00
2.376030654515958407e+00 2.056831200118300063e-01 2.314689061537879677e+00 1.677633350351132258e+00
1.507038273020024244e+00 1.999853734180981002e+00 1.619216567590815448e+00 2.478645121157211362e-01
3.663620732564070170e-01 2.728697591001158607e+00 2.372172015680792612e+00 1.701494390352055186e+00
1.116668077953532290e+00 3.726041582981807210e-01 2.105282221452720037e+00 1.745557739184086410e+00
6.318546342037618946e-02 2.287553047166537290e+00 1.649806086178233544e+00 3.574022102188344485e-01
2.885498990670877006e+00 2.981657904223317335e+00 1.989427731767631435e+00 1.359666700780056248e+00
2.802782440755335447e+00 9.066128173449899963e-01 1.902116235907318931e+00 1.602011314762095573e+00
5.432620133693166764e-01 1.717028645569920853e+00 2.403523522006965507e+00 2.441878632690545725e+00
7.626627103265324337e-01 2.121469205627379007e-01 1.010969178020213688e+00 2.089639042942810221e+00
9.755111323068947904e-01 2.922300908504318784e+00 3.138144460523396795e+00 5.203351409489332946e-01
9.187405372283923288e-01 2.875233041442842641e+00 6.026894265788249605e-01 2.560483898795097080e+00
2.636476227130401528e-01 8.288945615976508474e-01 2.505277809855952942e+00 1.365529144514701532e+00
9.084396460375593341e-02 2.635595862337739348e+00 3.643937356457199739e-01 1.801810423258835892e+00
1.170260832683715613e+00 3.128528215952685709e+00 1.314344948042796890e+00 1.760510657666806589e+00
1.666747993639340564e+00 2.323910678674120156e+00 1.144377434500197577e+00 1.466177366103579960e+00
1.983041045240514277e+00 1.867068768995514993e+00 1.720528445835645126e+00 4.371172466520669153e-01
3.335208226701835144e-01 2.444460500425138072e+00 2.242949847569524646e+00 1.347142821075657970e+00
1.636462936512285360e+00 1.829841750984575466e+00 2.327902542937496655e+00 1.012859956670359551e+00
3.042437916007887377e+00 1.839370312918478245e-01 1.058698326201875428e+00 4.185844392926172386e-01
2.135044292358638351e+00 1.553694901772323833e+00 9.668793848403089974e-01 3.360743804051754546e-01
1.115416398565775014e+00 1.240986813404664879e+00 2.795619214974513156e+00 2.994948286575529472e+00
5.964198355862809775e-01 1.736199892044679727e+00 2.651413504810093968e+00 8.564195781603194391e-01
1.345807131131979251e+00 1.062844825640767210e+00 2.217961680940932212e-01 2.704804785474474560e+00
2.213892133399251172e+00 6.381939892901786759e-01 1.794417915354992843e+00 4.229219042133951501e-01
7.977806586427788060e-02 1.116581063727736245e+00 2.703910482792156067e+00 7.899015242263284220e-01
3.131071877402220593e+00 3.081339877364155821e+00 7.147777735992082437e-01 1.269469475508308687e+00
1.021825484396063022e+00 1.975829586279437944e+00 2.812188047976892147e+00 2.733498703876642733e+00
4.078484846875188308e-01 2.566525275484763391e+00 2.363027987659409135e+00 6.752874344346432300e-02
2.669369758954615257e+00 1.550542004582347588e-01 2.286044362432449351e+00 2.187160477536319814e+00
2.104506556292421227e+00 2.507074892957776857e+00 1.583106167256052021e-01 1.247798069367410445e+00
2.391942388112538453e-01 6.200317721106983759e-01 1.511194369858369191e+00 2.158985003212865905e+00
1.152121077697326745e+00 1.620257200997059721e+00 9.662173096994065569e-01 1.829375440838719502e+00
2.589294000295486065e+00 8.480415862977463970e-01 2.071714147855494015e-01 2.149674796932836696e+00
1.609785686932106774e+00 2.774227796328873286e+00 1.013054549716230879e+00 5.656962390686653963e-01
1.751710288258992998e+00 2.231121122818697511e-01 5.144375349838005151e-01 2.179569304276566921e+00
1.005865702010843243e+00 4.878769796076073972e-01 9.962666097558268152e-01 2.033049989335088181e+00
1.399685462046023621e-01 2.762441011190533757e+00 2.461505306757455713e+00 2.852796007269176037e+00
2.644440994495824704e+00 2.649643533064649059e+00 1.905259343997647070e+00 2.015387575173225532e+00
1.744023162765073742e-01 5.086880528364614434e-02 2.978969573154112371e+00 1.097646821725599464e+00
1.981783092065306340e+00 3.012882623888411437e+00 7.336719343819094741e-01 2.953273577368435099e+00
2.970883815524569815e+00 1.233520388012764535e+00 2.889624775676894464e-01 3.113625711476853963e-01
8.995606137639891031e-01 9.244688374541807363e-01 7.731053832736319853e-01 1.045634353999319588e+00
2.572113692570280108e+00 2.306224955299617463e+00 7.181048925598506605e-01 2.583351745485800155e-01
7.444394316104749887e-01 1.710234774383609269e+00 1.433418439465622196e+00 7.876000570781228893e-02
1.609788653938646563e+00 2.518975712360247421e+00 4.197489187143377265e-01 2.956941856263992197e+00
2.397314634666764199e+00 5.896689177491377665e-01 1.574489511220310778e+00 8.495007324933916415e-01
7.140565047349962668e-01 3.059703556436602856e+00 7.197650825701074062e-01 4.901242850850089372e-01
8.939408478855382922e-01 1.855813381581656429e+00 9.432502609276336436e-01 4.892366513794992322e-01
1.825027202202322174e+00 1.573210902819255796e+00 4.749324659428005857e-01 2.219321303800532608e+00
2.860957331378182644e+00 2.636830944832002643e+00 2.623153305159378945e+00 2.876031621695125384e+00
9.893278475113204129e-01 7.442540991469314138e-01 1.149368323936726943e-01 2.101657238858858356e+00
1.208679148549110377e-01 2.358090521840530585e+00 2.068642455163185012e+00 3.770665227103616735e-01
1.206176881244098498e+00 1.839909143480649822e+00 2.811950438314620992e+00 2.379736989134103808e+00
6.794440219547011051e-01 2.254976611006464182e+00 5.643521873991780291e-01 1.743030830987742252e+00
1.471322628518390241e+00 2.852680266827065214e+00 2.782297964221576714e-01 2.724335780603894364e+00
3.090699460095435724e-01 2.223276952809895679e+00 1.297969068300526718e+00 1.175979546652197394e+00
2.870681192936133552e+00 3.363318487508644428e-02 1.969252056064044298e+00 5.624831934357811258e-01
1.940017536672574039e+00 1.387594724013878400e+00 2.235940394171060941e+00 1.169950378676060110e+00
1.133051057476520018e+00 1.685794033851202967e+00 2.760267487099389960e+00 1.353747810612164315e+00
2.773804436588965583e+00 3.721688574681575878e-01 1.885379227903929200e+00 2.476912380680994730e+00
1.297239449471758954e+00 1.094882212289677081e+00 1.766697324222529009e+00 2.450063953142580520e+00
2.958832191206681284e+00 6.910491133645848549e-01 2.378767565295912600e+00 1.300077862900367309e+00
2.246558243048725867e+00 2.014497969940870270e+00 3.081152727338034580e+00 1.949122209966640817e-01
3.093703462507346291e+00 1.901051337666382901e+00 7.971069019141209522e-02 3.093149297181310153e+00
2.911797328884351721e+00 1.979701087603873422e+00 3.134180539759760187e+00 2.521062107326922153e+00
3.132259546884208934e+00 1.454393858676783280e+00 1.877391566214855256e+00 1.243608450158231404e+00
1.366820884555724147e+00 3.051248197525929129e+00 3.121990625173213463e+00 1.247754986056750282e+00
2.007533307113903209e+00 8.403557426048388068e-01 1.098820813620557058e+00 1.642587374973377035e+00
8.433864973041519386e-01 2.929002243704871056e+00 3.924716290455479428e-01 3.140951195629985371e+00
2.122168746450895593e+00 1.371745858894916736e+00 2.348965220448846924e+00 2.139697143417820246e+00
1.577572104361636640e+00 2.534544334090921058e+00 2.857318267944330081e+00 1.739527618130418639e-03
6.286744150562051381e-01 4.027047502206181351e-01 1.639506478446468574e+00 1.015327685733654839e+00
2.107226353197107827e+00 2.394162830122019248e+00 4.035669540915871600e-01 8.212320511042302540e-01
1.350526656831354311e+00 2.474455611451065629e+00 2.120434604980593551e+00 1.553785293848371607e+00
1.854300368322191916e+00 1.989501797947544448e+00 4.422133790679350640e-01 3.032695460808236820e+00
1.351637719766555445e+00 6.413527947187218636e-01 3.138153590693704587e+00 1.148718317429102909e+00
1.158216078008754923e+00 2.354447497490808505e+00 2.513374633217317022e+00 6.563919314176016595e-01
2.873584014776712436e+00 1.745491144143958007e-01 2.237397659368292491e+00 1.012433023042481173e+00
2.305218514601043989e+00 1.314766647783486286e+00 3.434389943756800956e-01 2.703249660552104472e-01
1.723449659709604287e+00 2.676759402400873178e+00 1.307432793661435166e+00 2.243022983325208219e+00
9.187834032274035945e-01 2.542986893503849544e+00 2.669475285297902900e+00 3.137249785646547995e+00
3.084074811441505748e+00 2.915620318740665518e+00 7.032710246208444538e-01 1.269634389719096479e+00
6.946110922030289681e-01 2.415745158959789585e+00 5.076871058835235040e-01 3.811541398117512247e-01
1.861504577801171401e+00 2.300283564845562623e+00 5.314615555512283152e-01 1.499459019564971740e+00
3.536584113740014884e-02 2.990223382228113458e+00 2.219373011970227072e+00 1.884549672791362207e+00
1.609834568090657170e+00 2.261325825178877480e+00 4.338650975482278294e-01 6.736084179697792163e-01
2.880851163697516704e+00 1.821533430063422054e+00 1.973458535717516726e+00 8.804924715593505369e-02
2.691524152884210874e+00 2.801382153145266063e+00 2.832300448092423650e+00 1.296104489742012644e+00
1.017344652366421576e+00 2.421675427126951607e+00 2.156557508512683352e+00 5.664546154992411431e-01
8.873550636168549277e-02 1.797643760459407269e-01 2.092207000028980524e-01 6.764059322521661644e-01
1.544790445699748771e+00 1.496939105054111652e+00 1.472805206018747759e+00 2.366438704978933494e+00
2.903868704203436124e-01 1.001433571979037040e+00 7.657069244482075376e-01 1.141661359780941520e+00
1.341115128984600169e+00 2.394750842171768479e+00 2.344938676019943102e+00 6.228790933156924670e-01
1.761543221975465867e+00 2.746563561398899900e+00 3.135618585557927496e+00 2.390339736707839613e+00
1.674981119176345845e-01 2.327832069413747096e+00 1.965182429236410178e+00 7.952710874516980555e-01
1.623694687209178145e-01 1.806901311697793888e+00 2.643028649581682821e+00 3.088099144184799805e+00
3.047473723579453342e+00 1.072385449214511510e+00 5.734460297667890449e-01 4.007863612906573669e-01
1.556852269680880196e+00 2.527069869266395319e+00 2.118091921703645575e+00 2.334237594541378247e+00
2.065597985934291891e+00 3.892401742358130301e-01 3.997218879542918102e-01 8.742629638544793802e-02
6.201893825181363784e-01 1.797851440036012605e+00 3.865271925996201507e-01 2.830152564574782481e+00
2.109262054058308689e+00 2.088327996502206574e+00 1.405192162423669344e-01 3.683292365886232100e-01
5.482906381202968561e-03 2.778245979917568498e+00 6.145003599199300170e-02 2.110067144258003680e+00
1.525660303865935319e+00 1.934031763551842920e+00 5.198990839543548431e-02 1.078522351393822465e+00
1.791468495201536948e+00 7.000503760428536393e-02 2.903015173142729388e+00 2.185043539524985867e+00
1.776132515266535261e+00 2.775031143415902513e+00 2.012331002752084430e+00 1.538216832087252905e+00
3.127022587807385179e+00 1.051655401815903890e+00 1.934627183398573536e+00 1.398332755564048790e+00
2.870785861343080558e+00 1.074673410519201067e+00 2.563135339326824358e+00 9.892854508728141649e-01
2.165683630682508465e+00 3.027356424583705241e+00 2.796232498454162663e+00 2.189280195859719225e+00
2.973959187326674414e+00 2.446589031237487166e+00 2.153513481985717348e+00 2.584584065750577864e+00
6.672031406182548086e-01 7.900578953605637000e-01 8.260165740369843634e-01 2.429296841646600758e+00
9.275559105137644034e-01 8.454483437152695569e-01 5.164946258580361826e-01 1.676781733033639865e+00
2.302479617763943054e+00 2.560101965766659937e+00 2.192954447463709433e-01 1.060465523074992200e+00
2.770943421573067944e+00 8.564778599596396536e-01 2.487094078608671488e+00 1.381426879347440240e+00
2.617440339798892124e-01 6.182518321732057842e-01 1.650244772410179195e+00 1.405539530621532585e+00
1.653787289124281079e+00 3.039090792651746753e+00 1.287923376157287469e+00 1.283791762517749513e+00
7.625873738021949899e-01 1.893978956957689475e+00 2.144313638749801409e+00 3.156728662661205664e-01
2.544973800131173469e+00 2.632508793457475349e+00 5.696954733500310120e-01 2.731414120819559699e+00
2.973987730446020272e+00 1.978684500670288227e+00 1.280766210304047137e+00 2.154305543951356428e-01
1.109073891925126842e+00 2.037462438800352604e+00 3.020044186477901071e+00 8.470388605526146808e-01
1.679970274415589993e+00 1.467875775660468562e+00 1.232373157445814327e+00 1.095804193796286574e+00
9.188304791874357669e-01 2.882753076974723605e+00 2.194058577714709024e+00 8.064072464500799953e-01
1.823345235921440599e+00 6.210732827572288395e-01 2.982430389318809993e+00 2.455249090965529124e+00
1.648159945257128722e+00 2.460788771259429186e+00 4.303588289223524987e-01 1.512730362241662962e-01
1.434638185777312280e+00 1.771713586148805919e-01 6.060756344960001318e-02 1.361033454543345789e+00
1.866176481370569240e+00 5.500086665101069361e-01 1.680186368105895944e+00 2.614320720933351883e+00
5.765218109312316708e-01 6.200666354013304460e-01 1.824767279729458958e+00 9.508157166468220733e-01
1.484190129814799031e+00 2.240753623321363186e+00 2.835135023214094829e+00 1.719293375324216999e+00
1.422515779473469077e+00 1.839893279281339458e-02 2.724163775008021204e+00 6.434467709158549209e-02
2.255291498623896995e+00 2.973064855254945016e+00 1.359075266365305623e+00 5.869094007861354045e-01
1.669793791962114859e+00 9.855653457562112418e-01 1.738542487655476032e+00 1.545923331715645110e+00
1.491529280457992934e+00 9.832016587065746105e-01 1.963750388639315503e+00 9.290890360242435309e-01
1.880598371560422644e+00 2.457723856920013716e+00 1.868785032468550933e-01 1.842422826763370214e+00
1.609366874310663498e+00 3.113339740321285465e+00 2.686317195346758169e+00 1.066402585984558948e+00
6.058713744331867268e-03 7.252884902294371994e-01 1.091145351726094948e+00 2.723007452630897829e-01
1.026669116608284194e-01 2.939481303635426368e+00 2.097280900196127007e+00 1.230995056323413772e+00
8.602920585383724145e-03 1.427121728934463984e+00 3.026036662352658890e+00 1.024976540710099915e+00
1.066777975508428122e+00 2.815602624784629415e-01 1.435605658493373404e+00 1.303814112941559689e+00
2.582675617159905901e+00 2.310612323573978166e+00 9.622893227153554996e-01 1.178701077008345921e+00
2.875491034616063590e+00 1.119755971870287858e+00 4.234696061403764866e-01 1.596792450624984427e+00
2.456855437229169326e+00 2.331382113716207627e+00 1.836845170439366459e+00 2.578479446187952995e+00
2.788060816323980173e+00 9.561728225096821632e-01 3.255962854606093693e-01 2.542419616790552617e+00
1.669609579994220327e+00 2.211857519823008378e+00 1.855613940416530161e+00 3.100574282515903946e+00
3.130542585383311871e-01 5.949673747020312042e-01 1.501081981184672953e+00 1.535837621776783068e+00
9.067540524551072068e-01 1.637035848444240715e-01 1.009167501069052175e+00 1.588814759999303883e+00
2.312295544903412381e+00 1.974088324697857999e+00 9.197464581927463634e-01 1.175394255408862554e+00
1.215574023515313268e-01 2.454534701900850990e+00 2.382959895373885750e+00 1.021519557082902541e+00
5.141167740092466437e-02 2.052030882314086480e+00 1.592890247495684308e+00 1.814207244154996346e+00
1.327307017215562324e+00 1.787650405918102647e+00 5.721982709782365006e-01 2.486676035753091707e+00
2.122492755054138647e-01 1.551343067165229739e+00 5.628843690537341793e-01 1.870626300787444490e-02
2.073053098436027586e+00 6.458268210927288200e-01 1.782462610395035396e+00 2.037666042225412699e+00
1.970692437757810556e+00 2.747919320691477374e+00 1.186583021218658551e+00 2.478313826178465185e+00
2.462054605385002759e+00 1.048659057091146263e+00 1.829956157781287285e+00 1.595528208659997560e-01
7.053584232467920989e-01 1.793658857416862595e+00 6.800637078070511654e-01 4.629343745444526870e-01
1.153342473170040350e+00 1.176259130452475210e+00 1.478266734647395664e+00 1.003202632380560955e+00
4.927086327829316437e-01 1.318732895760439172e+00 1.755038046328235790e+00 1.808396064452609808e+00
2.022251656909733519e+00 3.027474123216990165e+00 4.984416666921783201e-01 2.743802618350044575e+00
2.979010066123554790e+00 2.905829774010475930e+00 1.024485734772175638e+00 2.346451130164460608e+00
2.497002276808970578e+00 2.119730895790673308e+00 2.656981189187258785e+00 1.724345076987711556e+00
2.841498712974325769e-01 1.627937299663188231e+00 1.719023047460962239e+00 2.810622467949676295e+00
8.720603573498069139e-01 2.300851896529332308e+00 2.037766074810515082e+00 2.740106252375286155e-01
1.816424694150651886e+00 2.726032935684190139e+00 2.912801932834404806e+00 1.099632379225254031e+00
1.126583060826674920e+00 6.183087344670831209e-01 2.666241013054340137e+00 2.703009982057246408e+00
1.230115528865255659e+00 1.622614660591828573e+00 8.614873396659640248e-01 2.764448231632594677e+00
9.877237953187364417e-01 1.780782187197523125e+00 2.815911096924618384e+00 1.242684820879449425e+00
2.239552176113226434e+00 1.347221661199787812e+00 2.333234722460320043e+00 2.699885651564518874e+00
2.868410466617052901e+00 2.573453538587064493e+00 1.366017042439942486e+00 1.669707493016372890e+00
3.982876918191321503e-01 2.138661565880495719e+00 6.162255435030022932e-01 2.790407015342664110e+00
1.456142377779227726e+00 1.957095319727715665e+00 1.577153207465118001e+00 1.991212875071501243e+00
2.537963381951162667e+00 5.185724952716570524e-01 1.057764599638029018e-01 4.756120947369101848e-01
2.957201386491539630e+00 1.012780268890935309e+00 1.466025024119270048e+00 1.501983136374311023e+00
1.865835931342793685e+00 2.047487836997134547e+00 1.042482224084897435e+00 1.123186469504093621e+00
2.631252206127532300e+00 3.036075593012251606e+00 1.495650935627548028e+00 1.564763728122231523e+00
1.459050610198437514e+00 3.003517084695314754e+00 1.154302574317627617e+00 3.036572413080718125e+00
2.935611384948966229e+00 1.249390035639547092e+00 1.665677334878729876e-01 8.906405817835951755e-01
2.469710360837183316e+00 2.876992549082507900e+00 5.369711765350783095e-01 2.585141874310059151e+00
2.761036187412561627e-01 3.039622714863123853e+00 1.717789106850688974e-01 2.127254699489355971e-01
1.521196243150414462e+00 2.974027242204684285e+00 2.090807341306010425e+00 2.514600042816548697e+00
2.491432910886918872e+00 4.494385710420560620e-02 2.264527891674788851e+00 5.233712311537303680e-02
6.222649927445164098e-01 2.547808733615655186e+00 3.585994469738100210e-01 1.268406261812126568e+00
6.703641373909206003e-01 1.612013567337279074e+00 1.373042486508741611e+00 2.865024323107841830e+00
2.673891382438854603e+00 2.672689829008431328e+00 2.823682394930356221e+00 2.421974165934392520e+00
9.265373616358641984e-01 1.142344399206907779e+00 2.816061829386407478e+00 3.887544138105952785e-02
3.021302142151647718e+00 1.756086836433230491e+00 1.604657800549092128e+00 2.846669048904720167e+00
1.239173167570828626e+00 1.610762524004477392e+00 8.908604065361244162e-01 8.222153607494154803e-01
1.452330614700255929e+00 1.576784356176632595e+00 1.573974954107317581e+00 2.420557931417788744e+00
1.364624476293912592e+00 4.950210593393422065e-01 2.046209620076891778e+00 1.613776606694483196e+00
1.296560158942900776e+00 2.608509349851687809e+00 2.485109658478862116e+00 1.613474369511547657e+00
2.048984395902317068e+00 2.265417133122936466e+00 2.751118793288787945e+00 1.847274233600731064e+00
2.352254808679978826e+00 3.014558290396271101e+00 1.067450834693763229e+00 1.614035844679571507e+00
2.589125732201075891e+00 2.187948440662280114e-01 5.606012589373609023e-01 2.690641464990036091e+00
2.937090796721316899e+00 3.708967143842733516e-01 2.003944367330877885e+00 2.175463221549005954e+00
3.383474995309635469e-01 1.758143357574182275e+00 2.719807178093587297e+00 2.879904363481949225e+00
7.924642951200009389e-01 2.596315403468497429e+00 3.348411386491098596e-01 2.105506920872633358e+00
1.777813559978586699e+00 7.879422876394226449e-01 8.887121469168413057e-01 1.715028964087577101e+00
2.452297368661533916e+00 2.527281798376025179e+00 2.478474753668779229e+00 1.953486619940542068e+00
1.437035669599448839e+00 6.392924016310619351e-01 2.317132136451052649e+00 1.826926026086393706e-01
5.371738703735331466e-01 2.099757149483670648e+00 4.156928924346139365e-01 2.144791150783373901e+00
1.780282304174232388e+00 3.115478621740570553e+00 2.630509827872689499e+00 1.534274652060457322e+00
1.827387171743839245e+00 1.511940946781455075e+00 2.041481181233491871e+00 1.958583425862230554e+00
1.452110396318726515e+00 2.690964489990688602e+00 1.932898532162624416e+00 1.803229101682682023e+00
4.795342468875511688e-02 3.034433191718044487e+00 1.733145568707743944e+00 2.698835693418681458e+00
1.699231434137284502e+00 2.460876509420044100e-01 7.503711811092239614e-02 3.725632014112032486e-01
1.883398356667474349e+00 3.207382521461841773e-01 2.599008480742716731e+00 2.577940824270351872e+00
5.372401454785193931e-01 6.859997111029907391e-01 1.193649664106852581e+00 1.133885684408363126e+00
1.947610880187793159e+00 2.040640520177578576e+00 1.435932567742572274e+00 2.024409260335098715e+00
1.446276740085821189e+00 1.896801841200397742e+00 1.991041039892104347e+00 3.096147283946936390e+00
2.561506705925426175e+00 4.903986800472870944e-01 7.400618024248175608e-01 2.505272535722539828e+00
1.830088547491845186e-01 4.664166824684269352e-01 2.450484449031416379e+00 1.410906545992859085e-01
1.361394806714153471e+00 6.617524222922147037e-02 2.107823321368888614e+00 2.278000096013138798e+00
1.491138975367272579e+00 1.086215134727735121e+00 1.973858785434945418e+00 1.196190926631541140e+00
1.845024684667695869e+00 6.750357485594705720e-01 1.302526913087145299e+00 2.782351696490129367e+00
1.540120263052940697e+00 1.239597387739700629e+00 2.764112055072279528e+00 2.412247187996633624e+00
2.251182372608607540e+00 1.086362702389831458e+00 8.049345739543170009e-01 2.855860334840345072e+00
1.947609785813432692e+00 1.330851857520010340e+00 2.913947014262655788e+00 2.234125309724664721e+00
1.305404420473648575e+00 1.315518306705577845e-01 3.799172829498215775e-01 1.939314542262632557e+00
1.392965935997191096e+00 3.510172089759424074e-01 2.116641025002257592e+00 1.792715659723578936e+00
1.439544717503571158e+00 2.418200087182684310e+00 2.873443407960545315e+00 1.783977921138143241e+00
1.105657364474744497e+00 5.121491933583273148e-01 2.541824251207610796e+00 4.575485447445781784e-01
1.080023059585599077e+00 1.924635379068341035e+00 1.942452441013458930e+00 5.317677366331883260e-01
2.675977321852400781e+00 1.811142267067875899e-01 1.237659325625100060e+00 6.538418066844874366e-01
2.348671433483360271e-01 2.793767966081981413e+00 2.749224713605237458e+00 2.533673481125584548e+00
1.714334403766577308e+00 1.223702718942897061e+00 3.313222522392875180e-01 1.231594289441280132e+00
1.411890347054010730e+00 1.581059224972547028e+00 1.889149907898740377e+00 1.909206935230694402e+00
1.328627170479955266e+00 1.329190512639888411e+00 1.114535457055247258e+00 2.613119783788689698e+00
6.671621139586280114e-01 6.028784052426957585e-01 6.503223463609266730e-01 1.315735558432708230e-01
7.805184427558233828e-01 8.982440616353802587e-02 3.032112904310684698e+00 5.646985430232094316e-01
1.811755237709188338e+00 1.880478038156029319e+00 2.947459373671302285e-01 1.577220708424245388e-01
7.571287328307288456e-02 2.803387910691941709e+00 1.858491012323755465e+00 2.435585969050175326e+00
6.310890796221026999e-01 8.822195686623657274e-01 1.519614807555428881e-01 2.182748512530215734e+00
2.987759565343318435e+00 1.987087014805393625e+00 1.076905075462161632e+00 5.469940399177273260e-01
2.661500533313934547e+00 2.398989430549830715e+00 2.082273519003519091e+00 2.848223120674447273e+00
5.126260300785208113e-01 3.922752696942810036e-01 2.396511705904982747e+00 1.294736735308974929e+00
6.464531228903938054e-01 1.183457653219846861e+00 1.652712699862399770e+00 1.220418424494462917e+00
5.373272219171065789e-01 2.726912495216264887e-01 2.724884674932646522e+00 7.085629578424119668e-01
2.402210115378700106e+00 6.589950377441147200e-01 1.774020216564353714e+00 4.888715529721894271e-01
1.407240250944252979e+00 8.876202920645936967e-02 1.032941868862522039e+00 1.606598810622177131e+00
7.061732202682932114e-01 1.812458932828333369e+00 1.254599987273195438e+00 4.651611068666809401e-01
2.008739186950456723e+00 1.310876869436253589e+00 2.510911746760479790e+00 3.119706437594008896e+00
7.234485109562237559e-01 1.598519898210686074e+00 2.286651575119011515e+00 2.100293148810046695e+00
2.539831541830795958e-01 2.209903639867368597e+00 1.607926240058181522e+00 2.369740607948818134e+00
2.939149305483405694e+00 1.077951791406732696e+00 1.787808063809793180e-01 2.748035435260483439e+00
9.768185454462748885e-01 2.226580347389274017e+00 9.460674746618360498e-01 2.556790210837511790e+00
2.117676400457980002e+00 1.700961191705209874e+00 2.584521871734294374e-01 2.585669009636891946e+00
2.330682240974203623e+00 3.126957405774441479e-01 1.505715646162290922e+00 1.065397645711356978e+00
1.021896599486669110e-01 7.012951628460615261e-01 1.005911050274504781e+00 2.628936583529223103e+00
2.535477334940943184e+00 2.667303795820820667e-01 1.265169008758701530e+00 1.000310901574138933e+00
2.891195505722726988e+00 1.397539121503009962e+00 8.722409827247336045e-01 1.120774667796012425e+00
3.055184973272508486e+00 4.028975126355781033e-01 2.197028150740798935e+00 7.076837731842701151e-01
7.186295820514559951e-02 1.760320993931316025e+00 1.788982267424373607e+00 6.380964078180227927e-01
2.189877842798547469e+00 9.384863625862097658e-01 1.458840620777010155e+00 2.670709856172779784e+00
1.181566519394293246e+00 2.550955827162304512e-01 1.500642746891290402e+00 1.075182643378250757e-01
2.788900857488908702e+00 2.919830940285208717e-02 2.283628635454221900e+00 1.699380457614087514e-01
3.627208854021475859e-01 1.892082327748132453e+00 3.010239100046887994e+00 2.490884118328398511e+00
2.634372215782106341e+00 3.025242621007088406e+00 1.053001897034380852e+00 7.690497910627279443e-02
3.958577809357545219e-01 1.254972922494104859e+00 3.102283876809971197e+00 1.493303520004302554e+00
1.105442054464510493e+00 2.543405123843863969e+00 2.494480956576468955e+00 2.860646852392507267e+00
2.269848358028875968e+00 7.413693591530141624e-01 3.503905785134463491e-01 1.984151829318235860e+00
5.899920071309253666e-01 1.980886419383968144e+00 3.858494691109623509e-01 2.596589608720394349e+00
2.128828695307645180e+00 1.078068750228488859e-01 2.466580935173316558e+00 6.644646973097469989e-01
1.110675207352398886e+00 1.837507120934265492e+00 3.020694922015905171e+00 2.107466182636615060e-02
1.565328902393663624e+00 3.127833022515705608e+00 1.556445247654898889e+00 2.493232993307426870e+00
2.628072715807337367e+00 1.072674107640859908e+00 2.036345511828715704e+00 3.247039874334302079e-01
2.875547337216361576e+00 1.059495104103173935e+00 1.177258572902986744e+00 2.221264442428583674e+00
1.125291334568827128e+00 2.489347821982140108e+00 5.580371073434596818e-01 2.277937041631563631e-01
2.720624617850716742e+00 4.941414558093218390e-01 2.484746327052027581e+00 1.874202993735982314e+00
2.612528207777487843e+00 1.812533899713879570e+00 2.906049603523826352e+00 8.991704293412123850e-01
2.030778464235699410e+00 2.046516594636988984e+00 2.336837728857867891e+00 2.367150295941800930e+00
3.137966067092914813e+00 2.500975775434301163e+00 5.798580482438819850e-01 9.945800817644859793e-01
2.370597978483004464e+00 2.729601067505630141e+00 1.510300300842466026e+00 2.109332254852661848e+00
1.626325387733587036e+00 2.679968292407891362e+00 3.653253508308129671e-01 1.324758936785980890e+00
2.965079351757239579e+00 1.412571026350297743e+00 1.313415421328587129e+00 1.877884446042890287e+00
1.614323250751109384e+00 2.549674427100832030e+00 7.471083798627912165e-01 1.687316564226210902e+00
1.228969669403346288e+00 1.260277658886982399e+00 2.858497594386807172e+00 2.378592031087924052e+00
2.927390962321536616e+00 8.117846940857085247e-01 2.182419452877526922e+00 5.244558611790880315e-02
1.539220151176530660e+00 1.692987414856703010e+00 7.801948686588224824e-01 2.598487925041066848e+00
3.627650953561071812e-01 2.131518695408606501e+00 2.784064553337447512e-01 1.103640116934747395e+00
6.603531158084692265e-01 1.961724403205121536e+00 2.215128459497016866e+00 2.652406625722454961e-02
6.738210864062828265e-02 2.484153250509281374e+00 2.986711512459848450e+00 8.580379248763916333e-01
5.250750783999031945e-01 1.422794865681169307e+00 1.356787113295273572e+00 1.082220649047102690e+00
1.903798045462752109e+00 9.811430370123506162e-01 1.987529551626774804e+00 2.554072580576944418e+00
1.782661150782330450e+00 1.057448689176296863e+00 1.321787428978365320e+00 6.566389743756413377e-01
2.954414901382152348e+00 1.311044843652986111e-02 2.600768003296774822e+00 1.897885632575933013e+00
2.390004518635159947e+00 5.873729089849092366e-01 8.727594168542430753e-01 1.172454411685290632e+00
1.356009775809646767e+00 3.068092488794135431e+00 3.003967760404620435e+00 1.955572586144631309e-01
1.233715362594770992e+00 6.614908665186580716e-01 1.017165677015929637e+00 7.452706024988903222e-01
2.132066948071159818e+00 1.681518567778955919e+00 2.889713937642988562e+00 6.824216795061839591e-02
3.073445574135820646e+00 2.662127071739243345e+00 2.996595304762266654e+00 1.625640806194361909e+00
1.190068781654763486e+00 1.623839258044318390e+00 1.608497753286314558e-01 1.791227726226491290e+00
2.313517951864781264e+00 1.827411775881591982e+00 2.275308367426653433e+00 2.437926513163892306e+00
1.418020566753983025e-01 1.052559314777906235e-01 3.794460531315063667e-02 2.969528303170151595e+00
1.343331607539887784e+00 5.133513678455452478e-01 2.071201692432476538e+00 3.545060896544414697e-01
2.594412319453642368e+00 2.056740117689753511e+00 1.780612443490012131e+00 5.808337289385976376e-01
4.598732312846426917e-01 2.200613960844973072e+00 2.891751743228796911e+00 5.218039536861371896e-01
2.153148439844416728e+00 2.494372935570978278e+00 1.531376411080453449e-02 1.115791492683742447e+00
2.618923671851268953e+00 1.916273752660837548e+00 5.999676164955743962e-01 2.568621126399382337e+00
1.797226499339768857e+00 1.138982405200005932e+00 5.737949999521835265e-01 1.749873207809300002e+00
1.593175638052763743e+00 1.516911466326120450e-01 6.287325812879300535e-02 2.017351394758015171e-01
1.316044943480516372e+00 9.012559074541758308e-01 1.748009534629436645e-01 1.682472689373807340e+00
3.037853125703802615e+00 5.555416166658273536e-01 2.110296767765992954e+00 1.988419247534002121e+00
2.865415446357403528e+00 1.446959831243927130e+00 3.085205341016471703e+00 1.790637192292289903e+00
3.176270449245359728e-01 1.512181117848563350e+00 1.239118781356554955e+00 1.121267775714056780e+00
1.864959397958636966e+00 1.980186263431240379e+00 1.620853108570243339e+00 3.017923019085227310e+00
1.246265220580874855e+00 2.346127119972141184e+00 5.426953089065508218e-01 2.328649889891950320e+00
7.316297287588440224e-01 5.856471145904448283e-01 7.402069608646522081e-01 1.627952864792745702e+00
1.209267971419441423e+00 3.009652737839039194e+00 1.863217557258966428e+00 7.113204129505329432e-02
1.897745059280483204e+00 1.351043684193943717e+00 1.696933395704930680e-01 2.809476359493621178e+00
2.362918212407084440e+00 2.592266567263987298e+00 1.111322022975200552e+00 7.497390944537758450e-01
1.984832734740686333e-01 3.115534866731761721e+00 1.968938715995969480e+00 1.806590726244087675e+00
1.921953345247557676e+00 2.027742924607708996e+00 1.281548947289118612e+00 1.144950563571594637e+00
1.651651669573472203e+00 2.760444388592445009e+00 9.725163797261479059e-01 3.065576032953381880e+00
1.953151217539296658e+00 9.018566977051322153e-01 2.441108685873553785e+00 8.061673391468567873e-01
1.103361802413166615e+00 1.527554410344486913e+00 1.885882045684023067e+00 2.318490897418659102e+00
2.407577734811900072e+00 8.930344050589112959e-01 1.599350535913677929e+00 1.260974207215085796e+00
1.926185996812038947e+00 4.524806469670131781e-01 2.934012763034007154e+00 2.575011877182392883e+00
2.502849574990780646e+00 1.620146028948881378e+00 9.198519073653784739e-01 4.725208575994562787e-01
9.690768260783483301e-02 1.170524980922475589e+00 1.259637135465567992e+00 2.284747988088218662e+00
2.375709408375946019e+00 8.354814746247430923e-01 1.537717605289827816e+00 2.056387558012235939e+00
2.049936328891712733e+00 1.884303675280364909e-01 3.406381294237751378e-01 4.874320742672664242e-01
9.230590488590408871e-01 1.127229512936062772e+00 1.109178050680495797e+00 2.372034760526425146e+00
1.880779501898745210e+00 2.526248067799961028e+00 2.842098319661983119e+00 8.170255777037129796e-01
3.103265863267615554e+00 1.708240191490113247e-01 7.679506799695740016e-01 9.729098677136681639e-01
9.793823411724746908e-01 4.769852920157954257e-01 6.244092204283667735e-01 1.336376733712349552e+00
8.017170951728691541e-02 7.176723588378501884e-01 1.760402339585395604e+00 3.130608182058184141e+00
3.904540250769959753e-02 8.295958568290703328e-01 2.330526005572508108e+00 1.617506643480070894e+00
3.099437931809598812e+00 2.185720021316089667e+00 1.520787612966218560e+00 1.279488646022072684e+00
1.336845039304211842e-02 1.304047925862510671e-01 1.239703762670041204e-01 2.108722737520030144e-01
3.117922310789334794e+00 1.758598167814967361e+00 2.372058405471040743e+00 1.814787693330604523e-01
6.724183091386704003e-01 2.782808585106964827e+00 1.853660044880026891e+00 1.821900221185357882e+00
1.149957474901004861e+00 7.536891922664697985e-01 2.149333678457130414e+00 2.488298738105969576e+00
4.071785367130472122e-01 2.932998089496274829e+00 1.086758016788775816e+00 1.534004378112363343e+00
3.055871188033156383e+00 2.306740672384150592e+00 1.448428763119654406e+00 2.514667134176702845e+00
1.372866834753866949e-01 2.444844469382581320e-01 1.474341868783807241e+00 5.382836438153264513e-01
2.825511090823122018e+00 1.610560795559357050e+00 2.419949928617441959e+00 1.958527076634247521e+00
1.848552221345555191e+00 2.826597501087031450e+00 8.257948777265213813e-01 2.523332898127907509e+00
2.230161578548047085e+00 2.932246519689388542e+00 1.164430957757167651e+00 2.979567891958163184e+00
2.910084584409582398e+00 2.915968843231640406e+00 2.246501163935363365e+00 3.033670322871322433e+00
1.323118093388238048e+00 1.426936205427270954e+00 2.238879529668166946e+00 2.496766923192643262e+00
1.665068034652530615e+00 2.587435037884580513e+00 3.229209116171422589e-01 1.530619202648848987e+00
2.570483724721590590e-01 4.772018516368095598e-01 5.423999440326948696e-01 1.966351705375327885e+00
2.846003161519278901e+00 1.119945505354634330e+00 1.435077075423622395e+00 1.975010934406746577e+00
7.988634276376034293e-01 1.358746506846435054e+00 2.815653180481088924e+00 1.300920718424618538e+00
4.830362858413672078e-01 1.228208245323986869e+00 2.577264673092172664e+00 8.003890900363705985e-01
2.223882856722657841e+00 2.073537911734014916e+00 2.815161073660349622e+00 1.567912561754473355e+00
1.029411730701510708e+00 2.666772280235679027e+00 1.189795533383131154e+00 1.157930494348938799e+00
2.928056863960699197e+00 3.338381451313892079e-01 2.912152026856708598e-01 9.952782753699127571e-01
2.900298644130897330e+00 3.039476698434740776e+00 3.016455584326876327e+00 1.388415315050305798e+00
1.029588408845966807e+00 2.271288996978387598e+00 2.090383467223170477e+00 1.167270158361752186e+00
5.687773464167865667e-01 2.365259628330209196e+00 2.645343057410647347e+00 2.840392762675140736e-01
1.910258407854340312e+00 2.909992471452674589e+00 1.525493988195290029e+00 4.140884022023974542e-01
1.276935158421431904e+00 2.651727701570538200e-03 3.666733520749830832e-01 2.006921482810243518e+00
5.923555565274055829e-02 1.168080942571060987e+00 1.522047142526587127e+00 2.831373843653783418e+00
1.971906708180640067e+00 1.514087614550633676e+00 1.092040134513226679e+00 4.177860921896722757e-01
1.303115725315716400e+00 3.067497820829163224e+00 2.416898082558142313e+00 2.987634250226772537e+00
8.354062424738112336e-01 2.933145686018505227e+00 3.008171470082717125e+00 1.439937377005422459e-01
2.630529993105791497e+00 8.140690882960065489e-01 2.091741810594699214e+00 2.473527173115408040e+00
1.441662179896197271e+00 4.480779149332631550e-01 2.221962103306530878e+00 1.525941677500746607e+00
1.631838364999459223e+00 2.298383273639978075e+00 2.580186568593330509e+00 1.753676186742637366e+00
2.549448431945374516e+00 3.029558047100972651e+00 2.180095159576354025e+00 9.148795875652216969e-01
1.936403928519558226e+00 2.864332823477354850e+00 2.315643357349529197e+00 8.497776072039170403e-01
2.329947426601616023e+00 6.376499702815745518e-01 2.951070728184516323e+00 1.685322771233428440e+00
2.639379975836042558e+00 1.203727116796683649e+00 2.590394174456450704e-01 7.304732149909747285e-01
1.441342222289477393e+00 2.493536414675178836e+00 5.311885104507908517e-01 2.169852986289400487e+00
7.986299003270072028e-01 2.653847138128259786e+00 6.913986639174187765e-01 9.524944253536790084e-01
5.009838159284427661e-01 2.212995284083686176e+00 3.083835258349853711e-02 1.657494577005215186e+00
9.607678005851583158e-01 2.071631780636130626e-01 1.204202376281324094e+00 1.440245847787849032e+00
2.986505028711891274e+00 3.906880467876240881e-01 1.921511036893614355e+00 1.939578608672898996e+00
4.882198750016183419e-01 2.266993274297800232e-01 1.777219099963982807e-01 5.408001583200559015e-01
1.660544406144418117e+00 2.783507495950477306e+00 7.073010603220935000e-01 2.039083908944274715e+00
2.159117815878198954e+00 2.027720451558065129e+00 1.312646413692680092e+00 6.725368953636016167e-01
1.519642609896011631e+00 1.187581576429078911e+00 5.406123145427863541e-01 1.505504529034007444e+00
1.463374992111396988e+00 8.685740321046939716e-01 3.467458068922991132e-01 5.959839767772691088e-01
2.728875231424413350e+00 9.331347458165558661e-01 1.714778081934929643e+00 1.795092569407388261e-01
3.106921704126248240e+00 2.893643098852764162e+00 2.018650654467128103e+00 1.212758086170153682e+00
6.120909260396175666e-01 2.724486052907102884e+00 6.782401810801340636e-01 1.513379996097573565e+00
4.511365945114065856e-01 2.281250342207012949e+00 2.522871819895169843e+00 1.695827165822096472e+00
3.450151401362160364e-01 1.305126719655566259e+00 1.674650460886813186e-01 8.234468198060930222e-01
4.290449831288407900e-02 1.443838326223152224e+00 2.631673818833072942e-01 3.750358574565343939e-01
1.244765921836814559e+00 1.907676601778192982e+00 1.858009444606971705e+00 2.440674633684398298e+00
2.746575339690394912e+00 1.938883556885691917e+00 2.767174856565032481e+00 2.968037235530255114e+00
2.791783578642093921e+00 2.583456077836163267e+00 1.818014578990470032e+00 1.043031170707831023e+00
2.504454128190285012e+00 2.876001871704013890e+00 2.036288042249540187e+00 1.710436571063376210e+00
1.383284906947862325e+00 6.798184844654736603e-01 2.471164897464276505e-02 2.885704364955247847e+00
2.804828103529055650e-01 4.423814749118213929e-01 4.159571469531047616e-01 2.415129523791585964e+00
5.027018670546905543e-01 9.384098005239944751e-01 2.724779375866922315e+00 1.934829040877823703e+00
1.749507065905217651e+00 2.252471805793289317e+00 2.049554157658022735e+00 1.954382715639457979e+00
1.393600529087062112e+00 7.799983256678131305e-01 2.154494804110876238e+00 2.294668653096902489e+00
1.028634486164307499e-01 1.652449056610215239e+00 3.028090712408763707e+00 2.764768332952491914e+00
9.399452963333954081e-01 7.866518574140204945e-02 2.269852657893767223e+00 2.515391706405680772e+00
1.018903231677447258e-01 1.520584383719404631e+00 3.951634502892935608e-01 1.013120186149319535e+00
2.479271197507506574e+00 2.462684527987807570e+00 5.238492576587192584e-01 9.718842641415127437e-01
2.725463677181852340e+00 1.935249808551504636e+00 2.922598222955816172e-01 3.095361073480586978e+00
1.291463746587865113e+00 4.814451895060802289e-01 1.456458591019178239e-01 1.957101357499023031e+00
6.060025009038383370e-01 6.998637972141632524e-01 3.009735321930614216e+00 1.109061337473020298e-01
6.789905324429741373e-01 3.810142885343630326e-01 1.673523431572615239e-01 1.275853575822347930e+00
1.371424277953388060e+00 2.310134895829007440e-01 1.762753344522530519e+00 2.216510853232395384e+00
3.032580001603730313e+00 1.094742932677421621e+00 1.415470702263369907e+00 1.062063884353509069e-01
2.689746140149735787e+00 3.406945491924874281e-01 2.785408220685249070e+00 9.903371768130342367e-01
1.935669994254656801e-01 1.492931192495110970e+00 2.013933167756827292e+00 1.504658482306217682e+00
1.224010517480960347e+00 2.119841628172146386e+00 2.421760433996875239e+00 3.931636486316842927e-01
4.663532226296346339e-01 3.733092950799946630e-01 1.846408967557505276e+00 1.995833711470396565e+00
3.031598782468835074e-01 2.322502710447254426e+00 6.459372660727172866e-01 2.354366268957430730e+00
1.360293775007045181e+00 2.640554196427362665e-01 1.368985413060177958e+00 2.170189846126064026e+00
8.975111390323119442e-01 1.227292587630435250e+00 2.996420174021360960e+00 2.512865694227117697e+00
1.373203076652008026e+00 1.791011638344324419e+00 2.904239523574462911e+00 1.618985047736267724e+00
1.057729208507789176e+00 1.180293440714145436e+00 4.060186731717317921e-01 1.846661801759356611e-02
3.396899927667363928e-01 2.325358272616466770e+00 1.078885128916666908e-01 2.085948720250624611e+00
2.347192265665511979e+00 3.102709655910951714e+00 2.605131312234107988e+00 3.731138222958653439e-02
2.881342767248867176e+00 1.316131706721220151e+00 1.906763061725805786e+00 2.154793039947597855e+00
1.668920258587945238e+00 1.042551247756130506e+00 1.346387955829286831e+00 2.909158015678514619e+00
2.029336615674000477e+00 2.140538479232035662e+00 1.948556983472068183e+00 1.999226982643618200e+00
1.539397102570087661e+00 1.274424458749303435e+00 1.313688242597075062e+00 9.068811928605229333e-01
5.903917290054541134e-01 3.135237845931190925e+00 2.571055152834543112e+00 1.171712075838791556e+00
9.317433074581807917e-01 5.193101656587862935e-01 2.272355662618389616e+00 2.805812476358993113e+00
5.716530454315407184e-01 2.688238258882030274e-01 8.246357077816828252e-01 3.006403720109173339e+00
1.767942719601394708e-01 2.772311037236061093e+00 2.631203273623987648e+00 7.492780087545803935e-01
4.836326777606964056e-02 2.701406248907944896e+00 8.666009649221916300e-01 8.463332854309978392e-01
2.099661593402458060e+00 2.000342034003795622e+00 8.319230173378552307e-01 1.075039901690708399e+00
1.531155303148692415e+00 3.006943726303203945e+00 1.372089197769135405e+00 2.501673613260715356e+00
2.549376416718717397e+00 3.515615107961307384e-01 1.323820566729556614e+00 2.494393394784015783e+00
2.940856512917596088e+00 3.007667055127756672e+00 2.460026953240824099e+00 1.502676981344548190e+00
1.347897340972043834e+00 1.597320258584338015e+00 4.442513097031909886e-01 1.197321793639809728e+00
1.956847259849592291e+00 1.152561034015936903e+00 1.055312780170788889e+00 3.323514332410596461e-01
8.677855618129401982e-01 1.542395082886248936e+00 7.163209062479095057e-02 1.959208027430548116e+00
1.182344453938867224e+00 2.417387903201509314e+00 1.264464164320616257e+00 1.441333647135308871e+00
3.091339531315203004e+00 9.914690468765340325e-01 1.916437955836545193e+00 1.920177892737227943e+00
1.591903937348363884e+00 3.109105943257534754e+00 1.444350679026228601e+00 1.407958585529744733e+00
8.556773451824918331e-01 1.483031116314654785e+00 1.461580859366769181e+00 2.420582285180439719e+00
1.108411989171450784e+00 6.475766037783863283e-01 1.998171825800775236e+00 6.709161258181542409e-02
1.911045309842920092e+00 2.862761228281727188e+00 6.267602740038963338e-01 9.095972198258233110e-01
7.431040982777114001e-01 2.347911964505375870e+00 1.937800569858105781e+00 2.506658120362881714e+00
3.010448697700985665e+00 2.021556762177260769e+00 2.955467793454417680e-01 1.352690593382184669e+00
2.247281937852113387e+00 8.238806812285304204e-01 2.396835309192215213e+00 3.027523110247344995e+00
2.874573455539693345e+00 2.227453298640618140e+00 2.077562272435246715e+00 1.855763035461470922e+00
1.413399655841480529e+00 9.811636431600215813e-01 3.471753079530028319e-01 1.455029180876921124e+00
2.396039651056469211e+00 3.332303509949895992e-01 1.315967555798574162e+00 6.317465920359637277e-01
1.561124935783634093e+00 3.326892803865063586e-01 3.140488359907239513e+00 1.430544926553545260e+00
1.551772749623502978e+00 5.713273744043496638e-01 5.100501803501843456e-01 2.534607659443585348e+00
1.804637985957847857e+00 6.510280492643272243e-02 2.381553117101200989e+00 6.684017511338667950e-01
2.606219001197590757e+00 1.775541040491355860e+00 3.139015811236546938e+00 2.387096694555040255e+00
2.116090473015429296e+00 2.230389600779549841e+00 1.928982514351052502e-01 2.874729934420707345e+00
8.659418753555345738e-01 1.881180634575034150e+00 1.399011786309191319e+00 1.779707014785238406e-01
3.059581961247809012e+00 4.742644433466348952e-02 2.304472423685060001e+00 2.743350836704167017e-01
2.374065796008891560e+00 2.995524280757417834e+00 2.464799762836559438e+00 3.801700750007042662e-01
1.724034018588042061e+00 2.878723590419354661e+00 1.481675341351986086e+00 2.919495115078626579e+00
2.292735610945563440e+00 7.286529324115320616e-01 1.101324757177875480e+00 4.701797607447320559e-01
2.389178582233612236e+00 1.619182839715285871e+00 3.535013530097800838e-01 1.493960576540675378e+00
2.947005264151714599e+00 2.148361889362660371e+00 3.098006087349542526e+00 7.726126834395203868e-01
2.042581519290331826e+00 2.817721298726767021e+00 1.727345971958823112e+00 2.701668386557560364e+00
8.059037553316173996e-01 1.252531953644727913e+00 1.259967757242121122e-01 2.908910291079196409e-01
1.095359702267167501e+00 2.677961917832616390e+00 1.580812920444211844e+00 1.220950841313058977e+00
1.891823935050025884e+00 9.103897858901752183e-02 2.089664155973484316e+00 1.672081039796529556e+00
7.072664760257911798e-01 5.736030890891355982e-01 1.756646040379558515e+00 2.981440022209383311e+00
1.984160602135231821e+00 7.795233834911495796e-01 1.021047122414247221e+00 2.711736213035645715e+00
2.401707492397903376e+00 1.802282184020125744e+00 1.351548943222099064e+00 2.562980891420192919e-01
7.712604033847211826e-02 6.322057828321632211e-01 1.373243747060087783e+00 3.034825454345270734e-01
2.951119348807907383e-01 5.597616896693777822e-01 8.040636482919137906e-01 2.685793054747221742e+00
1.788908851595371274e+00 1.475629263703562621e+00 1.198513207516691104e+00 2.645342962755244276e+00
1.755748355186043330e+00 2.998146795698414913e+00 2.502228085324119000e+00 1.995226110217499738e+00
3.080888087161834932e+00 2.303870664432510207e+00 1.343562884623258791e+00 1.941682191242834810e+00
2.786111569348188599e-01 2.847576366380197843e+00 1.455382657905627486e+00 2.836940975997197079e+00
2.546236014026874273e+00 8.615840371297829314e-01 6.650498652970381064e-02 5.650701105930797663e-01
2.333633714460499498e+00 1.260927094659294312e+00 2.279731280508854763e+00 1.308842559197204158e+00
2.858083983418172047e-01 1.004668908728724386e+00 1.814325316229527418e+00 3.457782458591789343e-01
1.313851271442942226e+00 5.038772731608174293e-01 6.174112335341921387e-01 2.307153342259024242e+00
2.486822223542529020e+00 2.032777732451523267e+00 8.143371788113051846e-02 8.264882195062759340e-01
2.901650549222787312e+00 5.956223556013540144e-01 1.425741601646670853e+00 2.362065090363947739e+00
1.031982068650357132e+00 9.481867530387697585e-01 2.582288654010775009e+00 1.252435766063938916e+00
6.817833133050527072e-02 2.313483455901008234e+00 8.043516638548169340e-01 4.970196548214307342e-01
