4.493198310104136173e-01 7.884460680554284950e-01 3.529716884833340035e-02 3.132798505379680520e+00
6.207280582040893835e-01 3.130498594093988896e-01 8.379870435979058785e-01 1.911057167188766837e+00
2.524832736167060609e+00 1.059581147532580259e+00 2.902246736203148103e+00 4.083970322293268840e-01
9.458798231226709374e-01 1.583491907557718736e+00 5.721358247697065913e-01 8.931872678733673299e-01
2.237904743627050497e-01 1.755262364752203652e+00 6.120221536889073333e-01 1.354084953097136612e+00
1.469421132919891626e+00 1.555565344584880050e+00 1.468922058877812242e+00 1.012809261449820086e+00
7.008515423203929284e-01 8.017533130321990997e-01 4.939354241548238322e-01 1.294844950334102407e+00
1.139989523429524754e+00 1.416758901946070015e+00 1.014010540595739140e+00 2.706277786580846723e+00
3.021265516574064058e+00 2.579792297065881090e+00 2.525016603711199292e-01 4.190040586732738936e-01
2.099150906756473756e+00 2.327699091689702016e+00 4.196367474549595467e-01 5.306789552333645021e-01
2.280385962249257048e+00 2.099626907651546415e-01 1.962970975453041778e+00 2.036947218189008257e+00
2.813898316755369500e+00 1.317124401324570648e+00 1.203814493941259278e-01 2.943459169770502371e+00
1.238034852072038117e+00 6.041009810861639462e-01 1.578046651678051804e+00 7.751905701983721753e-02
1.544278825462496729e-01 2.135158323489548593e+00 1.580505208989160248e+00 2.508542910345742172e+00
2.327504804763786961e+00 1.979404414108737909e+00 9.558343952476772154e-01 1.953741083086325547e+00
2.003076027154095939e+00 5.903504477716968735e-01 7.030400278365986355e-02 3.050257479846161246e+00
2.861698020285952548e+00 7.883597165612949986e-01 1.855972151678896065e+00 1.351801915515154384e+00
2.156093259473154777e+00 2.473887760224840360e+00 2.270323002833252612e+00 1.472513475838175268e+00
1.178213819303637777e+00 1.405198369013248572e+00 2.254249609999949833e+00 2.033141100778163235e+00
1.259095651230137003e+00 2.915848116657691946e+00 2.419931086186630331e+00 2.881227192180799701e+00
1.367567318345056959e+00 2.507394951128228300e+00 2.443232024519384371e+00 1.281395048443060514e+00
6.964977348099516963e-01 8.607142672727430277e-01 1.257547199489383871e+00 1.273591383563824397e+00
4.316797016650394253e-02 1.247098544884737148e+00 3.067327589147458955e+00 1.488239587398856312e+00
8.757300611430541837e-01 5.928800107750850090e-01 1.612541129339321699e+00 2.813651013316432081e+00
1.669721904946045887e+00 8.165224535185874322e-01 2.223174996058489672e+00 2.718312190431375619e+00
6.704213329859485260e-01 1.480918846117164955e+00 2.327187138287304169e+00 1.595243829178955908e+00
3.084143378491138954e+00 1.294189638785378627e+00 5.031152313760380856e-01 1.748384121485436093e+00
2.596321221059705753e+00 1.467996227414656518e+00 1.031542447823218023e+00 2.393748400387129549e-01
2.495836060627097730e+00 1.355425508856878736e+00 2.013995894348021842e+00 5.069940154039129787e-01
4.184975447425318129e-01 8.490242339957111417e-01 1.625496670217274620e+00 2.332084043583529276e+00
8.303271608244500168e-01 3.736792606439068853e-01 8.725542205827124809e-01 2.554903203855696692e+00
8.609775708847054038e-03 1.508240422058982677e+00 1.258277698161158309e+00 1.603096599966941538e+00
2.502377946767200267e+00 2.475799805567860723e+00 2.014922139933461143e+00 2.292684158346866674e+00
1.532294108809005850e+00 2.371783640486472944e+00 7.663933239609793668e-01 2.556286858814588836e+00
1.086861400388607901e+00 8.327503921047826330e-01 1.638767399670809199e+00 4.005641747707207045e-01
1.104984416675395265e+00 2.741658033240845338e+00 1.442031037448231467e+00 1.361634851234952759e+00
2.537448880142086249e+00 2.346119366154858721e+00 1.679393502643178104e+00 2.983665946466929508e+00
9.500382110733469609e-01 9.974953398522183878e-01 2.970666961290209240e+00 2.646497207461786072e+00
2.237654363208638753e+00 1.828642633502089110e+00 1.724322964603574926e+00 2.633383472621429799e+00
2.386259246255653388e-01 1.305103852766138217e-01 1.930103552668358091e+00 1.321143261208391984e+00
2.737141634005583857e+00 1.039443193582079594e+00 1.852625023086364786e+00 2.350787205052931039e+00
1.632587433792354048e+00 2.104854983136754232e+00 2.650308470385340343e+00 6.932530896034529988e-01
6.905283196327220985e-01 1.245601581035318040e+00 8.319039404264253479e-01 2.426676971903076740e+00
3.806432012224295058e-01 2.265512269414609925e+00 1.046985544834630355e+00 1.714918241362957563e+00
1.933955821805875441e+00 2.655795388156456660e+00 3.085048013416598067e+00 2.654740491610158681e+00
3.903769087202694221e-01 2.174757022074342405e+00 1.516345754684127689e+00 2.524390300970487555e+00
9.703388062373607958e-02 1.910387183492099794e+00 1.868794112382899053e+00 2.107091948276876181e+00
2.513537027605928120e+00 2.247382004928458965e+00 1.837167938373545972e+00 2.246420356250670380e+00
2.701931638504177169e+00 2.386206550300704887e-01 1.912390830128475327e+00 2.093616713809963503e+00
2.275541243304468164e+00 1.599256651245654914e-02 2.702182922051773240e+00 1.133172716820098902e+00
1.747197596064387737e+00 1.306843928687484169e-01 2.560029827134540525e+00 1.038203704377632208e+00
1.360100184730540063e+00 2.876699649435677575e+00 1.251364849441090055e+00 2.693739291559171800e-01
1.485631135261816560e+00 1.951802484807630689e-01 2.227189535816064492e+00 1.575283176638401672e+00
2.160993645021752840e+00 1.658706516255989083e+00 9.219971813951231832e-02 6.534348324919714290e-01
2.588927584899299639e+00 1.134250260517625231e+00 9.819335985268654587e-01 2.264601729330484758e+00
5.614029045660536843e-01 2.089395968465918685e+00 2.760469460977085010e+00 1.908215363943645437e+00
2.408085185736568157e+00 3.052383401209824432e-01 6.663758600474721794e-01 1.773841787074416976e+00
5.032060760782042924e-02 1.060987433298819616e+00 1.712611652799907125e+00 4.885981180100169574e-01
1.981942617424698128e+00 1.459065814694554541e+00 8.363104408694979064e-01 2.780690500923523878e+00
2.032137330695685140e+00 1.233348642600582190e+00 3.604534860262962881e-01 2.365461612932131086e+00
2.420529350010557357e-01 1.422861752968845650e+00 1.711117473452877125e+00 1.792804180584347318e+00
1.065321028669209191e+00 1.941820508684963587e+00 2.772807816364279532e+00 1.655280108104583814e+00
2.563600057232862106e+00 3.040141346754710039e+00 1.319094526197797768e+00 5.999814309662232503e-01
2.510952212486632362e+00 5.319811221359765918e-01 1.431167660208137793e+00 2.177791279526054335e+00
2.891611973582566275e+00 2.951196664432906402e+00 2.410223397261478162e+00 5.686768185969413025e-01
1.232605219727023638e+00 2.795509447904376277e+00 2.327858287250358149e+00 1.777150877182765543e+00
2.063897374250899031e+00 1.974198395109472981e-01 2.045742073102617020e+00 1.121722047074309669e+00
8.341446882597092216e-01 1.698619158148406416e-01 2.193206829702214034e+00 2.974675968970163509e-01
1.300599067611328152e+00 1.195682175956594984e+00 7.341241991492665486e-02 6.085671746320610032e-01
5.646257513288631680e-01 2.206612532945158467e+00 2.061287717877579251e+00 3.013422321188457431e+00
1.076560175360386645e-01 2.854544711847754712e+00 3.066573808294250636e+00 2.358059309764249711e+00
2.277488725618004750e+00 8.627539352354535174e-02 2.228714002450211951e-02 2.346768528716654423e+00
1.555655111228863463e+00 2.503201980649960579e+00 4.052060687012620788e-01 7.210520272610074777e-01
2.115162800810511001e+00 1.183468682749580170e+00 6.735274526329685374e-01 5.692548763124364308e-01
2.629867932534680208e-01 1.873298996977540876e+00 2.494869712797248784e+00 2.881965316113695774e+00
1.456649531982182388e+00 1.090542946859843987e+00 2.685445544786484451e-01 2.734912084939783217e+00
4.083449997356215500e-01 3.106657469392508641e+00 1.281242969794937236e+00 1.923880908681032897e+00
3.860728034445697759e-02 2.953488239754863631e+00 1.886475173829809560e+00 2.226959728087611334e-01
3.357030252554796257e-01 1.295766127613753538e+00 1.761408615874030303e+00 1.341855347500883644e+00
2.989189462337999537e+00 2.690538568528611840e+00 1.874366879639974171e+00 1.146348518445293507e+00
1.160351837110255913e+00 6.373598818226632323e-01 1.324431981676335912e+00 1.016252232551232426e+00
5.067669209912881723e-01 2.370837813686591744e+00 5.206431381138565406e-01 1.891460977485754258e+00
1.097690155499875475e+00 3.073752025487997308e+00 2.258223088974084636e+00 9.702574062509936037e-02
2.276579494498579770e+00 5.597404810165560463e-01 2.150890450765686968e+00 3.006193441899203123e+00
2.116213427698963923e+00 1.140050295863929558e-01 2.506105252481884094e+00 1.736989583033706541e+00
1.622506627938752555e+00 7.516017471933628125e-01 3.744162495457212247e-01 2.998654139073410274e+00
6.013555386369170419e-01 1.191728020141196609e+00 2.103659432944456231e+00 2.092173772256175734e+00
1.783912316831204770e+00 2.256652950098966937e+00 2.996952957737183176e+00 2.958029405674992507e+00
9.415069849113797407e-01 1.963625884219802886e+00 2.718962816050952025e+00 2.496559870137560644e+00
2.343754013334678810e+00 3.012869743063564254e+00 7.058010746213515541e-01 1.840194379821383786e-01
1.488875256111746870e+00 1.753253580908965992e+00 7.754096424323858594e-01 2.936119861752489513e+00
6.498048646363642211e-01 5.564136456236263850e-01 2.397845244766931394e+00 2.761148910463545825e+00
1.108190016042132742e+00 2.769452153046938925e+00 2.451312481948675348e-01 1.340748377039483907e+00
1.102441185118006484e+00 4.663757332067174910e-01 2.150424766181679992e+00 2.625141970103515021e+00
2.612303945658668081e+00 3.141563246695463718e+00 2.304350382565789890e-01 2.491125553594199626e+00
1.253352322339318148e+00 2.495789299706791198e+00 1.570376137861170029e+00 1.396806244046404410e+00
1.172134718455086544e+00 2.072114705083643926e+00 2.026190947823121480e+00 7.730958038651734032e-01
6.053627591006717490e-02 2.477598791192541672e+00 2.026859329948981880e+00 2.887187574372114707e+00
1.238592714970943698e+00 2.648279670070453617e-01 3.114309847868713899e+00 1.947294151114810079e-01
1.559855373773722631e+00 1.269747280306438908e+00 1.984038736135294467e+00 1.930921788896682534e+00
4.489789389144299148e-01 2.387654652688437462e+00 1.898773155494887677e+00 6.173091539406333483e-01
1.261946264973918597e+00 2.583829887510127765e+00 1.857380800432614665e+00 6.446780733671410024e-01
9.015785375714823191e-01 1.962359742349938374e+00 2.161102302477244663e+00 2.849964390149346105e+00
1.311047660107003354e+00 9.955439050103571663e-01 2.322476181060906697e+00 2.218733465194306032e+00
1.976908948469694893e+00 7.565459871424800031e-01 3.754090864029609453e-01 2.130465685166632372e+00
1.802980930618621747e+00 1.827963693682429280e+00 1.322118316193651388e+00 2.305056044226028722e-01
2.080882335725334986e+00 1.506042754590307231e+00 1.609484062140426053e+00 1.748859469291789148e-01
2.090343094559242498e+00 1.510857296490280666e+00 1.402274274469961224e+00 2.507252849992625432e+00
1.000899215925446839e+00 1.487947341013060365e+00 2.022801942110199036e+00 1.315707383767276362e+00
1.568631461936425830e-01 1.343375430887205013e+00 3.880040694510676902e-01 6.805292341829481950e-01
1.031578958860145168e+00 1.532850931431297033e-02 2.108581104730530065e+00 2.446069604614033111e+00
1.684002637673057134e-01 5.010254775686349138e-01 2.995417912780041991e+00 2.308755718147867508e+00
1.154955817111737865e-01 1.011766313853041277e+00 1.524992499392392009e+00 3.024812825492046109e+00
2.651104606122076657e+00 9.744245285065407103e-01 2.957053360012158016e+00 2.897584048029088422e+00
1.123447541921856807e+00 2.441990545463508244e+00 2.898951964061773801e+00 2.477447950651405773e+00
5.124739978655931116e-01 1.984060420217027998e+00 9.318888849482739323e-01 7.739401526218677718e-01
2.491281407469770226e+00 1.296414400430803804e+00 2.472622136584604335e-01 2.329989880754668174e+00
1.724943567509775511e+00 1.268634560051928650e+00 2.639697875431818552e+00 2.692048087114752963e+00
7.629012797113833289e-01 2.635140017893283115e+00 1.516624675937660038e+00 7.894459542710305922e-01
1.784554464993782119e+00 4.385124848607860892e-01 9.432076854546424249e-02 2.303391705399563616e+00
7.270869212198376175e-02 2.534835483686244118e+00 1.821758520527472891e+00 6.864804459987012830e-01
2.101442589502747982e+00 9.463914212009871818e-01 2.865289285036750844e+00 1.299249096744264698e+00
2.312867695897855125e+00 2.555328158559008855e+00 3.108681115792181204e-01 2.288584323423924261e+00
9.968058760464625356e-01 6.451415184253784796e-01 2.490961214806952650e+00 1.189484375596548960e+00
1.743127145488564844e+00 8.475579707244462746e-01 1.243688930327672137e+00 2.177366603720539473e+00
5.073448635844014509e-01 2.320778318744369240e-01 2.856931071480771855e+00 2.631575283918978325e+00
2.221033395390497933e+00 1.020377327824887992e+00 2.162183248228628230e-01 8.045745073816493731e-01
1.721126938354656133e+00 1.327395391533001012e+00 1.543217471338317326e+00 2.480793010744467786e+00
2.172607861839363164e+00 1.707193896587897441e+00 2.179772624630323730e+00 3.046003002275528893e+00
2.976725150256337438e-01 3.066733775452776811e+00 1.273406161875438869e-01 3.105444473912482461e+00
1.892068203844194052e+00 2.629912689748412635e+00 1.706135634513959776e+00 1.563311519758760815e+00
3.006265982711398888e+00 1.597353882897660338e+00 1.889505388530255514e+00 1.661456212391011045e+00
1.705916933245363420e+00 2.208871953209328165e+00 1.192787789443874091e+00 1.629172313605514955e+00
1.738744142429600625e+00 2.613991647838771915e+00 2.017401905595551437e+00 1.433849012076436003e+00
2.583882489861848875e+00 1.429588465298107680e+00 7.347548146269459179e-01 2.630072571907322576e-01
2.597235878080036642e+00 3.115957965004526820e+00 1.365863340791506175e+00 2.093430284867981328e+00
1.217590700241403256e+00 1.121128376669159987e+00 1.673854317136778125e+00 2.881934089934967247e+00
2.835880082255662682e+00 4.272900520884629350e-01 1.975957949854748152e+00 6.813239241742088392e-01
2.471602550535933585e+00 9.432096997038939001e-01 2.559865574469884386e+00 2.983232698500858149e+00
3.019050424089201101e+00 1.148641914229694416e+00 7.246079388385781028e-01 1.110692515670402170e+00
6.709051502198973838e-01 2.312076807375956111e+00 2.558214075902705442e+00 1.744033058551565318e+00
7.685673205502939753e-01 1.826016953756088190e+00 2.203268228080263569e+00 2.701587745680110508e+00
8.279033796065112805e-01 7.219382257125180891e-01 2.051374668878988672e+00 8.888305331275250243e-01
1.129281279928167292e+00 2.239819331463210439e+00 5.978587875229677273e-01 2.044371729904541191e+00
2.778337391880377538e+00 2.084189634097619592e+00 1.213765907817968337e+00 1.233928786881646200e+00
2.776297824966947658e+00 2.250671477506913654e+00 2.491968632780705295e-01 1.694649225863083197e+00
2.216281155772717781e+00 1.380189532962979415e+00 9.432525359227995621e-01 3.197165446174033976e-01
4.412629674077446218e-01 1.424057373437195739e+00 2.544104698465091463e+00 9.063329453157561444e-01
3.063552346778472657e+00 6.363574934300142427e-01 3.252691743983296968e-01 2.361859733977355602e-01
3.077716398275524678e+00 4.696421378932588153e-01 2.587671361038604179e+00 2.397540337238275310e+00
2.828613361021599104e+00 1.045610093394662377e+00 1.066758338980995369e+00 2.127704073479669056e+00
1.791929829869230550e+00 9.938765793998992626e-01 2.892474500515641034e-01 1.312929512109709540e+00
2.845146517751159010e+00 1.484814631525835260e+00 1.235551457597853897e+00 1.872864729614184931e+00
1.900022167149242325e+00 3.038693902717377604e+00 6.725684488058895072e-01 1.789687640347839226e+00
2.726378756470695830e+00 2.806017166258864659e+00 1.821168595207021568e+00 1.271791271041355698e+00
3.128122852503648410e+00 2.478390478860347024e+00 5.178065745325232117e-01 3.009328271124112053e+00
8.308464338041384734e-01 2.414017552949161871e+00 2.873753776944823812e+00 4.590938275202766095e-02
2.816700980141178534e-01 1.555412261409032215e+00 1.365990087510002615e+00 6.171813699104968798e-01
1.868677873564941638e+00 4.782604246114899871e-01 1.722069506113681259e+00 1.753014802410101103e+00
1.235800933440429406e+00 3.316735594399831677e-01 2.629532980032459388e+00 2.499252756978102674e+00
1.932839948382778783e-01 1.064566588236359079e+00 1.454660313769999380e+00 4.816191651221357617e-01
9.006962283539088343e-01 9.228292332086972527e-01 5.541594880484225216e-01 1.397955764082962293e+00
2.343385358540640340e+00 7.504774604791010217e-01 1.234118374834025200e+00 1.144390154655449576e+00
1.111212459033706024e+00 3.936342701650467069e-01 3.047163233307250696e+00 5.658773933566795256e-01
1.208114073042259040e+00 1.569940474727990143e+00 2.465656036571402532e-01 9.579018640674985541e-01
1.578341882907408511e+00 8.762552865023781612e-01 3.140345869297900272e+00 1.978536967763183663e+00
1.287394376294650922e+00 1.540046914639003228e+00 9.000648361399724018e-02 2.730513751774463316e+00
3.005775445982775462e+00 2.824039788601075407e-01 1.261006205962623250e+00 1.843657925870705983e+00
1.956168237305231372e+00 1.340709871196140934e+00 1.671959708023232072e-01 2.962632278390401996e+00
1.186545384293744565e+00 2.236277123479180950e+00 1.853303296667359934e+00 3.097208665261957927e-01
9.468524909427957770e-01 1.289491591116392000e+00 9.824681232818073262e-01 1.703331845529703625e-01
2.490168272092522783e-01 1.525210474968996310e+00 2.538956587946816335e+00 4.782344606655887231e-01
2.645050437021363443e+00 9.900670487981444445e-01 3.035518503716059691e+00 2.262093059444277188e+00
2.412154270999310235e+00 7.374953971531733599e-01 2.307184846319871419e+00 1.631987955735972218e+00
1.660753328918369798e+00 4.378907176060396478e-01 8.273471257992671690e-01 3.208359705103943083e-01
1.501886514072142020e+00 1.891017416179906929e+00 3.092640902847475282e+00 2.906480452609137566e-01
5.397654955729482701e-02 3.005585438680150823e+00 1.764066108772990527e+00 2.417975486890209691e+00
1.955849249658613509e+00 3.081527019642703813e+00 7.220216344696485100e-01 2.920236688685771131e+00
1.198846748243312277e+00 3.085301783364081896e+00 2.506712717362283183e+00 2.567179084142616308e+00
2.710086667963388596e+00 2.127296646156866977e+00 2.554322749432664241e-01 4.924369170103206073e-01
1.406370025877741847e+00 2.185911267584759621e+00 1.242513482923175649e+00 1.617288721693014297e+00
6.333590167363242207e-01 1.330238086415666876e+00 2.151013268746957419e+00 1.969657805149339858e+00
2.304277668645194677e+00 2.450050826027601492e+00 1.170782914792032114e+00 4.979503950841792093e-01
1.655465816450128136e+00 1.757533766242146633e+00 2.381015209810653843e+00 8.535862917322180055e-01
3.019223315285560538e+00 1.876520060966932357e+00 2.154469948373582522e+00 2.206578979638620819e+00
1.035887262857137614e+00 4.952278665505495114e-01 1.312445537546702790e+00 1.160343174650962483e+00
2.014319453943126115e-01 5.377685712229742787e-01 2.479312039807097523e-01 1.334247041450016269e+00
3.363680603414770376e-01 1.315410337140973773e+00 9.229598970899137722e-01 8.874166692226241882e-01
1.954970851816703326e-01 2.985381228015697275e+00 5.419749881573037165e-01 3.069827958298560588e+00
2.207989694758442312e+00 1.131244626819000620e+00 2.147599514962371892e+00 1.794777358938983047e+00
1.464210865457539867e+00 2.183962111471174250e+00 2.236238715031029223e+00 9.636475040128884562e-01
9.080493921830948834e-01 3.411515353303596343e-01 8.909764338804229133e-01 2.349209788050949488e+00
2.921385156328131671e+00 7.374844449607579344e-01 5.684343118515165078e-02 1.611300359414396199e+00
2.123773531299557454e-02 2.101186273950972072e-01 2.186745626837397261e+00 2.488900290857366748e+00
2.380582325773822561e+00 9.324872940865437387e-01 9.840018334287593538e-01 1.689792404512182378e+00
1.409410233403416868e+00 5.081629068075390609e-01 1.539093719005507843e+00 2.723250715788929188e+00
1.951083032672813466e+00 5.641552771622897477e-01 2.757339461365448496e+00 1.186494771976022600e+00
2.098257501733211683e+00 5.294747591337083392e-01 1.178923075397009690e+00 3.071102355559645058e+00
2.046738288306589659e+00 2.096694939358862531e+00 1.430489448546645948e+00 1.828157911790919243e+00
3.417611003734887798e-01 1.043141815223807001e+00 4.672517505193821696e-01 9.681845677807598971e-02
2.912466588549046609e+00 2.481796608806279281e+00 2.205679470400890435e-03 5.242876818523642957e-01
2.258635692206939716e+00 2.980634527721712335e+00 2.870269692848798737e+00 2.641814834689143243e+00
1.876724559516461888e+00 1.654887936378961477e-01 2.505707662894046450e+00 2.506264188448750763e-01
1.582951235018759117e+00 1.640414139149455997e+00 6.683542728599715099e-01 2.862412750976595976e+00
1.862525287678758357e+00 2.880845266076587308e+00 1.329376508867900597e+00 9.958479403550918319e-01
1.070200812440452454e-01 2.881773239842947643e+00 2.906382030690393137e+00 7.926220207538551277e-01
8.538354484471613048e-01 2.112271467026926863e-01 9.192478906946677242e-01 3.140600009316633634e-01
1.651774020993977743e+00 9.776256412517225769e-01 1.588708480292414738e+00 2.225494257722342439e+00
1.552940303578180248e-01 2.290810744400252619e-01 1.190901957444811643e+00 2.145345302205132310e+00
2.602689651165084328e+00 4.957563920285002618e-02 1.841867635491244659e+00 2.976311530280515871e+00
3.967430082584966766e-01 2.809746386801462492e+00 4.853176191944308382e-01 3.066790429230108916e+00
7.597331133661809899e-01 2.385863533263667513e+00 1.637730602726247930e+00 3.008533622818082787e+00
2.762683955695008908e+00 3.654278718190420716e-01 9.080349993401003461e-01 3.061319745959946381e+00
2.727068308581070410e-01 1.090799061447571550e+00 3.411974192643325021e-01 2.114747693759503111e+00
7.192369786519059449e-01 1.036651410378208071e+00 1.971439840779957375e+00 1.156031233114015011e+00
2.537304625541544123e+00 5.356723272630870003e-01 1.800787872191446759e+00 7.870144970826339348e-01
1.369921631806507722e+00 1.634296884720549681e+00 1.766806978441613385e+00 1.569070566119279198e+00
9.537467482110226769e-01 3.863047314179368641e-01 2.067487877869436552e+00 3.106195794531371401e+00
1.906928491524404912e+00 2.332429041175828832e+00 2.795677170403494394e-01 1.788023799280465287e+00
2.931096474494238713e+00 4.723136570377886034e-01 8.405516449509382593e-01 2.669532198126025602e+00
2.783522280621165024e+00 2.069401457434140390e+00 8.852554795894029827e-01 2.085884078316027512e+00
3.103800098189497092e+00 1.462157092076362241e+00 1.234936971334642974e+00 2.883892795588962166e+00
3.764035192017502474e-01 7.597877361825611416e-04 1.949170776336866640e+00 5.889979652080862271e-01
2.867266862612289469e+00 2.630886667577417182e+00 1.767794673745773260e+00 2.217610099082325537e+00
3.324516389363051938e-01 3.437487938312190905e-01 1.064560565311454265e+00 1.423434695882391576e+00
1.921803060823307874e+00 2.031846548326147861e+00 2.141522761164325939e+00 4.786185021833794795e-01
2.752489099849610099e+00 1.693349712170151844e-01 1.574083153119853806e+00 3.456219865471845121e-01
5.874322792615014333e-01 8.930948725437560798e-01 2.772170249753720950e-01 2.662821858789788720e+00
1.684607906531971233e+00 8.593107025383680542e-01 2.434870123315081347e+00 2.766294266596117102e-01
8.868513300280427281e-01 4.492584678456729153e-01 2.745867869990200827e+00 6.959601632945907612e-01
2.990362126179161528e+00 1.793915411597896581e+00 1.155054431005777316e+00 2.094899669558187405e+00
5.490200435410721447e-01 4.158277439154313693e-01 5.888559914414612795e-01 2.682712226967455926e+00
5.515235834033240803e-01 2.254896523955598031e+00 1.372972754901350845e+00 9.317137510071935580e-01
1.250768203385256294e+00 2.264615094057029765e+00 1.506085838665281784e+00 5.100587294899970869e-01
1.263089447326482206e+00 2.241960458864920014e+00 2.755806159531950073e+00 2.993626112291750130e-01
2.607006044263206146e+00 4.724449863059999033e-01 1.059283328100478538e+00 1.303737500046818765e+00
8.256671901406671676e-02 4.697503763603013138e-01 2.124811719525505183e+00 1.680838393040503753e+00
1.516381541998475191e+00 2.424300786741924618e+00 3.112548495703590934e+00 4.783655715340708325e-01
2.987580397346910388e+00 1.642766204897836424e+00 1.631332554413157609e+00 2.923024769517854615e+00
1.885469276207477618e+00 2.707381001989480840e+00 1.669663360611502556e+00 1.130642512115415776e+00
6.680173368974851034e-01 1.795733793114598020e+00 1.614408874073627043e-01 2.576349611782667193e+00
2.209729361233655709e+00 2.931048473782985386e+00 2.108907243377539764e+00 2.874993476766701250e-01
7.458693237200461068e-01 2.312576158906862300e+00 1.551209133052626088e+00 9.025081799550049855e-01
3.014957711058631418e+00 2.514409718403044725e+00 1.809444903936114013e+00 2.321494800554686488e-01
1.321823861773130826e+00 5.878331566913249651e-01 4.603343082585706347e-01 2.020660522954179861e+00
4.891743632041158918e-01 1.097621867757062830e+00 2.578136369913681669e+00 2.228933081998575538e+00
2.811749234056283075e+00 2.168459511847933729e+00 1.438903356272532186e+00 9.567898866383015566e-01
1.790950592384422446e+00 6.136562407474450698e-01 1.321137244831487312e+00 8.787209861742947270e-01
2.328252121037324596e+00 3.076121447662786945e+00 2.518172801041667075e-01 6.619975084303779678e-01
2.128183326881492476e+00 2.238022440636051602e+00 5.506331786388639626e-01 4.622500589102021551e-01
1.504579770657710203e+00 1.972751531424142168e+00 2.124337862255346820e+00 1.985174416397047281e+00
2.699444475914142050e+00 2.759316349532695334e+00 8.117944380793838954e-01 2.495749142643690188e+00
1.199978304284842645e+00 1.159033921058449490e+00 1.615417959181808305e+00 1.585428581885971022e+00
1.476864071169129877e+00 8.417134749635645230e-01 1.419521803753821310e+00 1.753350167595356668e+00
2.758119575338298990e+00 1.292719647441486375e+00 2.670691693157488888e+00 4.643470384042964194e-01
2.480429902891821303e+00 1.781130739257584583e+00 2.269007896273504965e+00 2.364224232219676036e+00
1.425046370453433520e+00 7.015813851237344689e-01 1.249532739472660747e+00 1.506325114764946127e+00
9.768726862090668650e-01 2.674957759446001671e+00 2.970744326301657967e+00 5.150672581039825726e-01
2.679405150395317126e+00 2.805328257633473044e+00 1.272605666601476893e+00 2.764084748749258136e+00
3.112089209408197998e+00 1.949884465997979432e-01 1.122140668083125181e+00 1.706645911056901666e+00
1.431207326242019073e+00 1.189768051365783785e+00 1.155918630010768666e+00 1.531027940408295374e+00
2.018599173147964443e+00 2.613577674441700527e+00 1.637523843739882468e+00 2.789931311073804210e+00
9.629548924048103586e-03 6.682021623333384008e-02 8.723195718967409196e-01 2.434957604159916578e+00
3.319287447522302759e-01 1.326033111188542613e-01 2.926678656487476271e+00 2.674276575221609775e+00
1.488178937182605965e+00 2.043076173521194416e+00 2.462024680804321797e+00 2.373572443046426450e+00
6.849621592650934065e-01 1.267057608733014318e-01 1.209956920100487388e+00 6.226496830799775895e-01
2.266169288734936504e+00 3.916429657358680427e-01 2.124010446332101676e+00 2.952043213922935783e-01
2.032730440345553724e+00 1.253447922709417739e+00 1.849973167279320707e+00 2.395299729856894100e+00
4.340014597283959885e-01 3.818506100211582210e-01 8.777591373848102618e-01 2.803727891012713247e+00
2.569935909432040422e+00 2.318380916572353900e+00 2.155722579975351660e+00 5.253690227382457056e-01
2.131642487737654967e+00 1.058242420306711118e+00 2.615553039981415306e-01 2.376648959010106699e-01
1.435119656890191164e+00 1.081692647787903416e+00 2.668661153424100707e+00 2.059467630458610810e+00
2.387389140036225932e+00 1.423243442853689311e+00 1.142425387761810240e+00 5.028152761296716955e-01
2.038705609469463997e+00 2.424924102389476310e+00 1.545879818370911041e+00 2.391337383557947671e+00
2.021667392955213582e+00 9.333332034879243677e-01 6.219307384201243627e-01 2.691449621192580910e+00
1.136837146910341378e-01 2.032220848217318743e+00 4.237172518742612359e-01 2.427409080057624458e+00
2.102075043322586101e+00 4.261943565220618346e-01 2.211301609216347330e+00 1.956400479090252498e+00
1.005897604439399684e+00 3.026783831358097476e+00 1.307452338194126540e+00 5.909348272738452756e-01
8.627933006034983476e-01 8.600125653311238016e-01 1.740211631188383734e+00 2.807389033786024335e+00
7.818205378545485251e-01 2.091177105261094571e+00 2.552903733959937416e+00 2.532147039830048740e+00
2.249714101094185015e+00 2.626102231043594859e+00 3.640763533547509700e-01 1.861465686774767425e+00
2.475332583836052702e+00 2.078380860459061008e+00 1.354796516525193173e+00 1.999578598553329867e+00
2.394507152798075744e-01 2.446245379663768427e-01 6.720744485011900249e-01 5.463119410343192373e-01
8.353686873658874301e-01 1.896013116249011254e+00 2.801917115302694938e+00 8.009487155130736724e-01
2.076680254646245505e+00 2.374533457838485795e+00 1.348697926571676142e-01 1.201853185508880983e+00
2.009063135116367249e+00 2.827676529835721819e+00 3.766245368718242337e-01 2.891968066151332284e+00
4.977373757105433838e-01 2.760048926956572224e+00 2.646767852270146104e+00 9.116464484792281553e-01
1.401768437803190936e+00 1.374170473261083769e+00 3.063316054670915722e+00 1.957201777347522098e+00
4.778018833171258084e-01 8.311702212551513869e-01 2.083761312885288319e+00 2.413164999850025083e+00
9.518672086713541036e-01 2.147651865738208432e+00 9.951446542957749497e-02 1.190671425986875809e+00
2.714315954082709315e+00 2.598980190341727003e-01 2.920686398662308836e+00 2.809664838122741148e+00
5.749708690433134040e-01 2.768837022970912276e+00 8.508090867300682758e-01 2.963309651715658521e+00
2.472880578287095510e+00 1.479864559063248430e+00 2.886882517250230484e-01 2.607774353200526196e+00
2.665831623096130087e+00 1.303663381404898791e+00 3.082654458014972287e-01 3.626344220290849130e-01
1.403963023119493003e-01 2.296272907819461473e+00 1.011628672921947247e+00 3.029071892565241786e+00
3.064226077460021180e+00 4.368411456313668340e-01 9.028766329800601287e-02 2.330158763783692244e+00
1.116604733469053201e+00 1.721310834701371029e+00 2.896446805999854046e+00 1.067048703699772449e+00
3.004562354151509851e+00 2.978728907061338305e+00 1.278585713116271005e+00 5.996963678778313156e-01
2.259858641158053238e+00 5.596034683782431518e-01 3.115887180658209132e+00 1.760937279233739217e+00
1.105448777790781989e+00 7.862229056065866972e-01 8.129441730876556527e-01 1.378698588280172999e+00
2.823013209972357274e+00 1.682122172850276876e+00 1.018059588948922345e+00 7.819841906804433362e-01
2.889127646475201372e-01 2.939665314070461388e+00 2.810653381450516353e+00 1.330718403282913798e+00
2.391547592026586067e+00 9.922219648751877674e-01 1.258311722955116618e+00 1.630525915916509971e+00
3.924837540892214816e-01 1.326739368580645895e+00 9.772108308307806412e-01 1.697704694131828340e+00
3.079158052156874437e+00 3.062497040914435309e-01 2.954665025970683256e+00 9.089425399915169734e-01
7.412289804407505844e-01 1.765382403256152699e+00 1.949057462529196538e+00 1.534140395267685308e+00
2.148785072088370995e+00 2.016342871875657750e+00 2.407785371225041438e+00 3.085629517809778122e-01
7.954908881260197573e-01 5.193692364213585710e-01 1.392939214920888791e+00 1.841339612499593714e-01
3.133870403813978633e+00 2.122609689209844941e+00 7.076963249792685984e-01 2.087393275617444477e+00
3.888810419100885429e-01 2.866033076574779681e+00 2.455946111616953420e+00 8.909928483508636754e-01
1.125916006705270367e-01 1.452984630789856402e+00 8.226913060914304854e-01 2.903701133809530877e+00
2.907565265057527437e+00 6.340270571467890859e-01 4.240441502180098965e-01 9.631729855006914143e-01
1.876146865717917667e+00 2.111265451499663381e+00 2.228805834785056561e+00 3.079369847423722995e+00
1.127515131836594353e+00 1.942980285800621321e+00 4.615484187937642369e-01 2.240438955882618099e+00
1.576752171721706175e-01 6.739696545399692651e-01 2.142889976550617082e+00 1.711526986014443752e+00
2.402500193681859297e+00 2.847416459308120193e-02 2.693775591774885569e+00 1.177421991331782491e+00
9.827295892201341754e-02 8.005949302999729733e-01 1.755522128164801465e+00 1.169965302102550009e+00
1.613325366203251843e+00 1.239544066822974910e+00 8.839060387170173394e-01 7.833440553374911852e-01
5.232097194998546197e-01 9.630911966102829735e-01 2.702973497821101190e-01 2.166717030752062012e+00
1.422974843706330983e+00 1.621312249563124475e+00 1.960943841759460238e+00 7.887022820788456290e-01
1.225923507197189677e+00 1.525774027418761225e+00 7.084052572994009589e-01 2.689203119239747863e+00
2.701507501840802128e+00 2.251057508749088498e+00 1.151086396500506925e+00 1.812011092515933397e+00
1.996993401527670520e-01 7.344921593172393237e-01 1.946418655354936744e+00 7.488732765869355879e-01
1.371948303612873232e+00 1.910771269256381910e-01 2.972662374236988203e+00 2.476257803448306538e-01
2.433799513350720645e+00 2.922009936763642735e+00 9.401496616372471138e-01 1.157062322021000567e+00
4.058716469807283067e-01 1.782313053029417116e+00 1.797685148812029066e-01 9.714559998397785945e-01
1.844453486522143471e-01 1.530024773534183202e+00 2.806076115929573844e-01 2.436448054123433682e+00
2.815701054104203571e+00 1.753098197481510079e+00 2.886107887902169988e+00 8.343003100586485754e-01
1.298590725501464371e+00 2.679278977333409362e+00 2.852956954764889641e+00 1.651795270171489971e+00
2.479375779019843407e+00 2.713015184320633377e+00 2.734748124972622652e+00 1.767943853173070679e+00
2.690408674542760004e+00 2.260741670392032887e+00 1.819301568896431798e+00 2.795660882106279832e+00
2.668394909351529787e+00 2.218898330212391024e+00 8.613794092985240791e-01 2.430164782229089937e+00
1.531566560336302119e-01 9.122065056831032415e-01 1.216276724753229121e+00 2.693914652434271861e+00
2.600328158867412309e+00 3.047093057408329475e+00 1.002266370885481761e+00 2.755219153625496187e+00
1.020897795821362308e+00 1.319734342397973048e+00 1.341738801050911034e+00 3.003471271650907326e+00
2.124457858062948734e+00 7.810116435366973864e-01 8.159744545536908866e-01 1.027732738422071801e+00
2.173019697473610012e+00 1.137803592281196652e+00 3.135288917460452129e+00 2.203632689546581425e+00
1.618768259763581630e-01 1.410456242046213893e+00 2.510972798817320495e+00 2.682140927270976860e+00
7.107291607109713638e-01 4.127790969178198321e-01 2.300289260709789563e+00 5.160552820479598346e-02
1.032604977704081550e+00 7.144253934857021093e-01 1.925136291612203232e+00 9.842157597462584118e-01
2.706717666939722378e+00 2.387745162170967994e+00 2.931767739213958723e+00 1.289036283586616927e+00
1.347695016601050400e-01 1.399675412239827166e+00 2.182683769150479680e+00 7.996271454316851157e-01
2.756873285826842768e+00 3.889374344466083877e-01 3.079034053799132309e+00 1.884723860434018627e+00
3.215380825214065874e-01 2.094819363970075177e+00 1.215245904359063822e-01 7.317421931969521065e-01
2.810597468756121931e+00 1.330329319304522029e+00 2.441659600045662071e+00 2.738852864485308847e-01
2.287220724515443226e+00 8.542046764878115095e-01 7.644731989857499466e-01 2.943870834206443465e+00
1.768187929307334150e+00 2.662618930628191549e+00 8.454986051575988926e-01 1.265495705700551587e+00
4.860632570333695002e-01 6.192285079971769912e-01 2.127157880923444822e+00 2.930037579013225812e+00
3.871818417739631979e-01 2.822052950840860053e+00 1.028589532335529161e-01 2.146400537730470237e+00
1.968801549425352349e+00 1.419380097411719888e+00 6.254502898738263372e-01 2.887100597772675581e+00
1.369487846623052452e+00 6.170015621980181608e-01 1.217252938113316141e+00 6.880572781519689318e-01
1.835470030909581718e+00 1.072972976720098615e+00 2.957490558054488794e+00 2.088862412549516545e+00
6.922027862437126755e-01 7.888087447463527635e-01 1.042789730324712449e+00 6.648330718581124676e-01
6.910967364816601455e-01 1.400835339765531762e+00 5.947946313591166989e-01 2.215129243188855845e+00
1.104073068547404279e+00 2.136406154988589101e+00 2.974278017887021619e+00 1.105131910299754328e+00
1.723219696721542071e+00 9.695749062308769428e-01 2.299090801650099714e+00 1.035548450632721940e+00
2.411559306721286600e+00 9.276965706059566719e-01 7.420343650176272621e-02 1.656535207327999304e+00
1.244865376446537164e+00 2.458661836138290813e+00 1.207805015956310957e+00 2.500817194779136887e+00
9.450210770875998589e-01 2.935480432439858234e+00 8.176984916495100286e-01 2.829382309265746631e+00
2.053191605670872555e+00 1.660281508914760451e+00 2.340785958307798342e+00 1.884079245218273746e+00
1.849864049077292849e+00 2.734130599852968135e+00 1.049256458762235278e+00 1.035795806088028126e+00
1.107325987851196292e+00 8.875268987162050482e-01 1.569408070988643544e+00 3.139424647104268828e+00
2.292105070078469975e+00 2.228702957772123128e+00 1.824607288513559744e-01 7.210847420168047250e-01
2.324641461874801807e-01 1.436867116432280822e+00 2.357598437698956939e+00 1.480147417141450150e+00
3.135253193087828461e+00 3.884995892508023574e-01 2.271933222852113410e+00 1.467691089605116517e+00
2.809435839559099701e+00 6.497219451736306883e-01 7.080381724339844807e-01 2.962904423537252363e+00
3.038872461487862164e+00 2.750367712553817845e-01 3.009115597465583658e+00 3.638986849937697055e-01
1.486194551043056755e+00 6.834080801779792713e-01 2.914886268360130206e+00 7.425107737235019378e-01
9.037628336428654707e-01 2.506125784067403384e+00 5.244112103191973517e-01 1.970279487908892069e+00
2.113163736247097635e+00 2.979051986765584470e+00 7.523608804796920735e-01 1.637494798857044964e+00
7.620482132395590691e-01 1.039135239184796333e+00 2.313042765042152837e-01 2.614868759275319920e+00
2.790839976731588123e+00 3.291824060313748301e-01 1.790433937432216904e+00 1.408235345278490147e+00
6.150802360623089937e-01 3.233248645052349546e-01 6.031053845894928100e-01 2.350814758313577002e+00
8.315358125969496417e-01 3.012977839691393545e+00 2.051544553633926515e+00 3.872104855320052108e-01
1.982967407888970024e-01 7.064031419243963494e-01 2.511442682977646612e+00 1.472671432178275452e+00
1.571020355622166687e+00 7.409585486182478087e-02 2.065670482379947881e+00 2.016439464468101850e+00
1.704716780876271098e+00 1.058784955818086626e+00 1.901928057393490912e+00 1.583055497521856092e-01
4.449946987643309954e-02 2.651332802472644357e+00 2.824826335148014511e+00 1.441774800711245863e+00
2.137109501521340160e+00 2.571699740950506907e+00 4.506881885513451813e-01 2.271080138075750807e-02
1.506262322124930775e-01 1.901461512975825219e+00 7.516100243753601751e-01 2.370263442766555873e+00
2.569182960752134370e+00 3.034460659746081479e+00 9.336107200703418485e-01 1.310058435401357801e+00
2.799469770845981920e+00 1.857849431175943034e+00 8.285354985057229449e-01 2.792582283134887322e-01
6.903546685638484171e-01 1.412809518234866835e-01 2.264134402198919371e+00 5.976733643665870233e-01
1.822456227870118850e+00 1.457066675506915709e+00 1.812780043582400413e+00 2.581410978940390510e+00
5.806851414392757427e-01 8.014951498532004726e-01 1.771074859877048713e+00 1.691387542204621175e+00
6.400613908967385246e-01 2.231298849348047675e+00 8.860657555013610187e-01 4.534320675028447600e-01
6.761399063600475046e-01 3.974335103075801179e-01 1.392765712894129537e-01 8.485543182173949095e-01
2.807324457529896122e+00 2.213651090614506156e+00 6.997225662949976277e-01 1.522466881103668457e-01
5.319270571398150294e-01 1.688072805430201884e+00 2.307394678033967139e+00 8.932572289888546235e-01
2.972519027785654355e+00 2.132968969125225822e+00 2.792906318293186807e+00 1.675291828766385827e+00
6.159097566362280451e-01 1.350517795973547264e+00 9.853608351895107864e-01 2.786128242179559233e+00
2.538967116280680947e-01 2.074994314339418722e+00 1.285454325713961010e+00 2.379711098871748920e+00
1.931205985074779363e+00 2.535193121279244899e+00 3.064083174602107551e+00 2.124763715142488518e+00
1.552230486529443843e+00 9.600812214573426484e-01 4.474240379242622745e-01 3.287148476166562028e-01
2.771087879605810045e+00 3.532636463049628195e-01 1.949612211177328636e+00 2.434183214584602961e+00
5.965613603534517528e-01 5.424806644750106432e-01 6.475981503227481451e-01 1.074476351861841206e+00
3.560586764409385263e-01 7.993394217730183104e-01 2.657887309434448397e+00 3.097888728219830856e+00
9.969371285130930183e-01 3.099774820620612825e+00 2.162308397113089864e+00 2.483184415086258312e+00
3.029836485163525772e+00 1.283860565239725915e+00 1.229009899929854460e-01 1.268580086667267848e+00
2.539605658771242891e-01 5.481587628577655469e-01 1.690994041549910731e+00 2.171465407854134444e+00
3.032201303732639630e+00 8.386693243234870643e-01 5.200578878591634036e-01 1.812661814371869573e+00
1.189507186592906773e+00 2.813838609959824044e+00 2.797555266291066545e+00 1.817376677684633623e+00
6.947633949299074629e-01 1.256340710115965598e+00 8.572391573125238695e-01 2.086111194861123199e-03
1.619191256970330617e+00 2.327958068046644069e+00 1.332475009208611505e+00 7.260554486609590574e-01
7.408756904382595154e-01 1.689523353831024810e+00 2.844258362646417959e-01 1.247511250928498239e+00
3.599596148877625135e-01 1.370925703294002096e+00 8.240902439739866692e-01 2.234475116103646908e+00
1.497291337928244315e-01 2.962538800048427623e-01 2.690018574728421541e+00 1.057691825724747403e+00
2.633603971700060331e+00 1.138309070912142951e-01 2.668522494509915521e+00 8.560832194335767087e-02
5.575354451428610192e-02 1.887788030994431709e+00 1.175077410121349253e+00 4.252734869665630857e-02
1.116026466263172257e+00 1.900338018708196408e+00 2.551503931919567314e-02 1.382547174141951496e+00
9.287920537278344657e-01 2.095230849921690730e+00 2.658732315035209126e+00 2.495491570114095392e+00
2.905993753262333890e+00 8.047059786880037535e-01 6.366439881452493066e-02 2.260075583530073651e+00
2.177818022838853840e-01 1.259000457033942512e-02 2.120911850641478136e+00 5.884584752771968713e-02
1.531225288044376187e+00 3.056601386169000456e+00 1.089708086797571474e+00 2.161672821592351301e+00
8.360376596817484240e-02 2.426784860752423612e+00 3.071975479894295535e+00 2.927677864345410441e-01
3.141412953634742600e+00 4.480477229136706763e-01 2.032000356503206095e+00 2.874668751089284324e+00
3.253892330320962145e-01 8.147772099805471457e-01 2.699787702343573681e+00 2.734776954764399082e-01
1.679429687742678867e+00 2.210387841905575357e+00 6.389895646177549127e-01 1.701516445079870987e+00
2.949439524272968516e+00 1.150971976578694100e-01 2.186824642073614267e-01 1.912385725273142656e+00
8.443209257738542028e-01 4.951822973364954361e-01 2.144206074879804191e+00 2.738743302238574095e+00
2.452488086202638584e+00 2.393284319559885187e+00 1.130614455443323063e+00 1.760378649849307253e+00
1.680955653680084483e+00 1.270119387652017373e+00 1.518464119460201767e+00 2.912099618973368331e-02
8.951210756976404337e-01 2.992370544038508662e+00 1.593067833270939371e+00 8.310443083155195643e-01
7.751078412866930778e-01 7.601190900594777533e-01 1.092436367828065524e+00 8.799588525631957259e-01
2.403189666680958236e+00 1.761021557524755421e+00 1.859902082545659363e+00 1.154308988719873197e+00
1.732504534396000828e+00 2.347229216641418592e+00 7.119723388028104116e-01 1.253175772116247311e+00
1.862440549383624022e+00 2.013486804399388763e+00 1.856868255568509873e+00 1.827217090835342450e-01
2.929916140833398686e+00 6.140073371725774942e-01 1.597851488052769664e+00 4.597299093039294848e-01
2.393531999833279134e+00 1.869310738149273510e+00 1.498172716213604483e+00 3.182709995451385443e-01
2.107173421304346039e+00 1.012752288640376364e+00 3.506343902223554299e-01 1.382269527122176545e+00
8.434701268453139722e-01 2.131322331304406514e+00 2.959020078953719768e+00 4.728632510225194013e-02
3.933532984238370389e-01 8.058795904602257254e-01 1.427702309289555771e+00 1.540596494610192879e+00
2.589340107341192354e+00 2.553995371629023126e+00 2.990999480459938464e+00 1.770515160973610946e+00
6.080556032284695211e-01 2.965376219813539826e+00 1.210435288364851480e+00 2.373205183000312246e+00
8.245382732591176600e-01 2.327029791273113268e+00 8.252226136605445017e-01 8.436586056057413519e-01
2.565612368523568332e+00 1.287166818001818536e+00 2.694667609861152613e+00 3.047463946632846366e+00
6.170137391699250795e-01 7.776368735543496280e-01 2.444517626970740931e+00 3.102602830671684409e+00
3.093828811021775760e+00 1.906953183102934046e+00 2.370121099815591048e+00 2.712350871495115445e+00
1.674737773217668702e+00 7.454268591995161231e-01 1.316045205327522449e+00 1.267513168769577092e+00
2.324390165193976898e+00 3.717756611739886363e-01 2.694394659341888598e+00 1.771810928054535550e+00
2.539997945436939464e+00 1.445511645139144097e+00 1.298420138170827354e+00 2.355879806484517225e+00
4.090754405570108145e-03 1.184344159728794699e+00 3.086975742731555172e+00 2.063428986633504270e+00
3.214132723195211594e-01 5.959611299070596280e-01 2.753798657687848817e+00 2.916207795430365013e-01
1.245670603349928046e-01 2.303148646775649011e-01 7.230313449548340099e-01 5.915159880489447852e-01
1.243527977995066564e-01 1.543536539766585003e+00 1.054039114895667817e+00 1.354550357443613295e+00
1.167003787574114160e+00 3.381166508538265281e-01 1.243801840406452586e+00 1.161773948711049664e+00
1.303619759291059443e+00 1.288519703249835224e+00 1.266882237984994219e+00 3.388054294282123041e-02
2.772695529376768331e+00 8.169887109903682942e-01 2.908614251867580158e+00 6.458251758145883148e-01
1.418433086302943513e+00 3.653012607138961254e-01 4.715185840223002356e-01 1.562196988136477005e+00
2.541962869947908890e-02 1.303741685609147050e+00 7.787759239771909758e-01 1.472345980088762829e+00
4.035527420573112867e-01 1.492242199930252866e+00 1.974536269734709359e-01 1.883702947111619563e+00
2.856904662209106771e+00 2.041734168028113583e+00 1.053470647927008175e+00 1.088292458216795877e+00
1.903698723997771181e+00 2.180618138788869842e-01 1.795278656156677588e+00 2.962534436030777485e+00
1.537133036773808081e+00 2.404412330871681380e+00 5.830050031338187555e-01 2.625155847860917824e+00
8.173889506959240991e-01 9.038898295495262358e-01 1.386358428198394721e+00 1.648821936440223679e+00
8.048479830743133778e-01 2.612849354576420868e-01 1.711259427733175631e+00 2.118570820127552157e+00
2.910007961764924822e+00 2.545103490111428002e+00 1.486756676722304826e+00 1.622995675522981074e+00
2.663052042225732219e+00 4.013676157185365745e-01 1.773977764589176109e+00 2.335445534064387818e+00
3.838316919426119078e-01 1.190788927893231097e+00 3.008254380662613414e+00 2.403956819556691826e+00
1.902726072797719770e+00 3.048379953760035566e+00 3.256190657154237611e-01 2.935935051838299836e-01
2.835899108060028428e+00 4.064239830016800337e-01 4.913174134271994231e-01 1.106094918362294788e+00
2.591416451150598821e+00 6.014236271234431053e-01 1.744835508865731022e+00 2.977048656549130978e+00
3.022145008795969812e+00 1.972723689782637235e+00 9.218179674702338122e-01 1.318497357698987793e+00
2.234268117464578651e+00 1.529217075259483138e+00 3.024320342611576784e+00 6.380143524816194178e-01
2.421944705058186820e+00 1.439919354683044106e-01 2.380705849028340371e+00 8.109063426090838966e-01
2.595618449154756036e+00 3.053412340037867434e+00 2.843118453625719244e-01 2.002428917509020412e-01
2.113007377654185337e+00 2.783375874179422338e-01 3.324698596394545236e-01 7.243653942798996548e-01
2.213422673245568184e+00 1.119783275785495857e-01 3.364863779700719704e-01 1.039658692083979208e+00
1.469028519592021187e+00 2.880571068814021363e+00 1.690176394057059106e+00 2.803019726910736864e+00
2.669822510298916374e+00 2.644875556622253487e+00 2.236999104586312459e+00 1.968205920457479330e+00
3.102262181524196638e+00 1.552023241572168866e+00 1.752693009035946936e+00 1.163867293633787270e+00
1.196077857392910504e+00 2.172255936845193802e-01 2.873774900432662704e+00 6.030204507326968333e-01
2.239858923861263174e-01 6.185373034963420613e-01 1.275191824853549427e+00 7.333422875833881527e-01
1.031342902816489548e+00 5.585619143874507309e-01 2.532175745277448486e-01 8.136365216031778980e-01
2.523323505053640670e+00 2.386125146692859911e+00 1.569123358206136576e+00 1.196269456637231721e-01
1.249710741964625615e+00 1.519749094609671891e+00 9.430864111890340240e-01 2.722282786190345139e+00
1.143635555482287236e+00 2.404684915311946725e+00 5.740528405505295195e-01 2.001455999595352697e+00
2.720949485454828398e+00 3.064336671281838065e+00 1.544353115566254431e+00 8.927187114897100484e-01
3.347503488809624450e-01 1.354766632623717992e+00 1.953353528250799664e+00 2.230221919258790653e+00
2.638855503002708769e+00 1.770536945138925677e+00 2.279218132005750075e+00 1.270771399617628861e+00
6.511966706025787976e-01 1.158170803455745579e-01 1.109003483943227675e+00 2.410218628154403131e+00
1.099115997686356039e+00 1.560054240895336397e+00 2.851557671622288570e+00 5.647650886203018361e-01
1.003070481565324079e-01 2.570307065057158891e+00 3.323625052923363105e-02 1.923844326253691506e+00
6.473250656475134646e-01 9.457467530880843132e-01 2.802321234583653897e+00 8.442106567995254496e-01
9.300787452052193816e-01 3.098730502418432398e+00 9.562322464214091378e-01 1.289097186695522257e-01
3.574345416058475888e-01 1.917992754031530245e+00 2.040263129656637808e+00 4.478054505190922630e-01
2.391023473049754600e+00 1.196099508928442745e+00 8.378742210907819121e-01 1.853952814562772389e+00
2.264826960675625500e+00 1.919837950463095355e+00 4.554436589149315345e-02 3.056224360159860431e+00
6.661789566549670694e-01 2.171541924532940815e+00 1.739200662405244513e+00 2.037171173909414712e+00
2.021123590110300849e+00 1.066099398284406252e+00 2.070397796581179950e+00 1.127737697759778834e+00
2.307415001958940337e+00 2.072301335146438994e+00 5.163923710065345674e-01 2.238945360002150053e+00
6.456015576544074097e-01 9.183781140411455546e-01 9.602354443766836223e-01 4.398579699069506410e-01
1.602311202049482741e+00 3.056947941276937364e+00 2.928704713914632052e+00 1.906245853655208711e+00
2.284573548663538123e+00 2.576367714576102586e+00 4.259613263794095883e-01 1.258813958349034090e+00
1.790669205019027155e+00 1.305782949050609876e+00 1.620820432721435944e+00 9.223372467594401769e-01
4.605885824788531480e-01 4.585672423983461754e-01 2.402675479908738532e-01 3.100506635073783102e+00
8.318406115392641409e-01 8.187523652422530329e-01 7.882855719546026929e-01 2.835834882414618008e+00
1.984686666202019723e+00 1.306705700121016944e+00 4.360586965912029433e-01 1.221322405264673394e+00
1.146138565691705358e+00 4.613482482987705247e-01 2.056468511817949540e+00 2.660692459181006608e+00
2.496035305249096226e+00 2.688433503800839119e+00 1.023945873976213505e+00 2.339127757965296261e+00
2.105400582414510779e+00 4.498474045867969506e-01 1.403537268169242402e+00 2.690558357748157547e+00
1.803515492608146920e+00 1.643172145092549163e+00 2.404359215027666030e-01 1.757812017569938323e+00
2.680590505175535210e+00 6.852753849967667676e-01 1.476478943802425725e+00 2.496530078004629560e-01
9.587634839291231392e-01 1.069275148419193355e+00 6.862746744872285642e-01 6.389192559427463447e-01
2.560559112295938355e+00 1.758543209124528328e+00 1.838987550748273581e+00 1.007341183395022988e+00
1.812825049298606883e+00 1.875899500293576327e+00 2.245583901253822123e+00 8.749818979590021639e-01
1.630380943644848202e+00 2.438161772829014584e+00 4.158743348701456760e-02 1.179601842305013193e+00
1.016793650256602843e+00 2.847271211751002173e+00 5.387936285447029183e-01 2.102286136926156512e+00
3.055677706849758035e+00 3.281242424530843582e-01 1.669635381630290683e+00 1.829970419939435766e+00
2.874030403261234934e+00 1.611989793970322493e+00 3.331705598791608047e-02 1.457714748629913792e+00
4.712530811467883773e-01 2.702870976250784540e+00 1.745893075997850818e+00 7.247733920307234401e-01
1.649845976791445512e+00 2.119430500351008106e+00 3.100106353744658705e+00 1.007422867367590902e+00
2.923157929494745733e-01 1.492473237203217895e+00 3.130204585019569219e+00 4.699786016294951185e-01
2.746934786787555538e+00 2.078189166331003257e+00 2.770221367028127823e-01 6.888241109131124640e-01
5.379303061877227510e-01 3.080426697371216438e+00 7.654995015196127683e-01 2.255255751254768182e+00
2.471929343211051039e-02 1.980670448811411855e-01 1.936535738619068248e+00 4.222470566729668029e-01
5.710866839228830871e-01 1.188858045437268363e+00 2.925456115670940882e+00 3.030830012379831517e-01
2.732125742455615125e+00 2.693417534622157383e+00 4.488625769300870205e-01 1.026194913349678384e+00
1.081178639292605714e+00 9.098954134932586424e-01 1.107081548384170055e+00 4.297409010390418338e-01
6.329958155223844862e-01 1.991779486605863292e-01 2.127362596133340222e+00 2.872297138965620444e+00
7.472774853201289424e-01 2.383690514678117101e+00 2.754688029339438238e+00 2.525557192622403524e-01
8.543401898901455960e-01 1.895832024636515123e-01 6.828693518706903109e-01 2.306607077241300541e+00
1.435096524633389548e+00 7.303603344580886780e-01 1.738435659279982670e-01 2.558626319979816710e+00
4.914784775205473938e-02 1.549582837239398270e+00 2.989668294055256581e+00 2.434950327972318807e+00
7.611497414831699393e-01 1.347802480924984225e+00 3.759219792106591740e-01 2.291867615411572690e+00
1.971419916140320638e-01 2.354490590184044940e+00 2.698556957652659349e+00 4.722990160076271371e-01
6.429007185825585946e-01 2.013319840505080283e+00 1.948095173432245586e+00 9.667579623428291802e-01
2.172219905521679983e+00 1.676163595100455650e+00 2.577945106080422377e+00 1.907526514627862602e+00
4.299407598567644428e-01 1.623556493306379078e+00 1.802219918484240235e+00 2.850796289510922676e+00
2.374498973110238165e+00 2.837845237390477782e-01 2.389960435704679753e+00 1.602163819393315425e+00
2.492802806881112276e-01 2.907883617493947463e-03 1.116519759541269030e+00 9.556416042072803929e-01
1.181195984728888870e+00 6.282675709946341502e-01 3.005823185244730578e+00 1.240610801845490441e+00
2.175962381510618826e+00 1.039066927868841139e+00 2.577878951776990224e+00 6.645993535267396002e-01
1.552994906171814848e-01 2.569132011004728433e+00 1.045061953514035302e+00 2.506524453716504564e+00
6.723729616020994726e-01 3.508722748394484947e-01 1.806724445987630823e+00 2.639732041913815497e+00
6.111869256380982884e-01 1.964914391378168590e+00 2.846893878665058164e+00 3.110197243333054473e+00
3.068164318470953944e+00 2.405690895119535710e+00 3.341895002630514422e-01 1.613788347045462368e+00
2.299576802129692954e+00 1.379417129789690888e+00 2.439725397190797285e+00 1.098422949505129864e+00
1.089274680570120557e+00 1.709263082824061364e+00 3.183347715442658155e-01 6.029971997672455286e-01
1.254567936521768345e+00 1.761593652445188729e+00 2.231858963693090558e+00 2.983958998034772492e+00
2.198548016809775962e+00 1.512128577907298821e+00 1.533673209451790864e+00 2.520961922115279030e+00
7.604559480293994200e-01 2.265626203535236804e+00 9.483784943900767095e-01 6.054488205902145391e-03
2.897478208886389517e+00 7.021278212376638184e-01 1.333985498506683465e+00 2.708748723221287680e+00
3.107306395596176607e+00 2.230209807491715157e+00 1.185950424943906567e+00 1.254913974915795594e+00
1.922204859213699546e+00 2.870098831240738946e+00 2.433507329312437850e+00 6.619555278676010623e-02
2.125880541115207301e+00 6.993088700897895915e-01 1.256695389468523549e+00 1.486016849008435337e+00
2.928815201215489328e+00 2.926527692818287729e+00 1.826854675159929497e+00 1.592208822970138937e-01
1.392607743586511626e+00 6.885264605792483783e-01 1.845701158486669213e-01 7.891379078505578182e-01
7.780049832406006338e-01 5.677682597823126009e-01 2.294085528250735084e+00 9.346898142663432330e-01
2.026708919226534622e+00 2.126684292094729312e+00 1.429146173005627185e+00 4.446411701927929783e-01
2.573026761816253893e-01 2.521024094505846413e+00 7.527834805053126299e-01 7.182334842887178050e-01
1.745145498816433660e+00 3.078291707833159752e+00 2.042306539166121482e+00 1.356702961071606817e+00
1.105402001714241023e-01 2.774114271990572700e+00 3.033827860575434965e+00 1.353162077168253763e+00
3.112490778593542284e+00 2.790921602919959277e+00 1.645893317472307160e+00 1.885072030688750067e+00
2.055202029399422869e+00 1.058731763878211496e-01 1.377887538704835935e+00 2.744332268731889624e+00
2.565960822081946979e+00 1.135613983248961345e+00 1.566512234038329454e-01 6.308551420272109356e-01
1.030374614087201435e+00 4.605523480745594145e-01 7.320138778608643593e-01 9.604268644975501035e-01
4.063575706674442123e-01 1.735663715421726927e+00 6.069567403558510099e-01 2.324645442351328750e+00
1.898300580986419517e+00 9.110899780189797570e-02 2.977293617819981808e+00 3.443949030829298041e-01
7.790435842303190528e-01 2.679290937336731737e+00 2.004167861050988986e+00 1.858857610479902611e+00
2.806913430656333919e+00 9.027703666173613195e-01 9.939674357706103081e-01 1.128344218250692199e+00
3.069470525332954836e+00 5.197493650171684104e-02 1.022606741539926922e+00 3.923618070682595160e-01
1.160336952303770763e+00 5.150143718893686051e-01 8.859822168719504176e-02 1.586334281445507921e+00
1.467947255624560521e+00 1.141784057850121714e+00 1.931606440093986077e+00 3.066922267339490027e+00
5.097183417912767300e-01 8.815386054918377123e-01 1.593104825442088313e+00 2.965055236360995217e+00
1.065727729223580944e+00 5.297695893415352852e-01 2.881196728874690027e+00 6.865240578714576491e-01
1.179599710601323626e+00 4.525113730663023470e-01 7.284894270747805933e-01 2.284875257805651927e+00
1.558337397971248039e+00 1.496373628262761768e+00 2.309063803239928436e+00 1.540192176148580394e+00
1.772797305060735074e+00 7.668704091499009001e-01 5.259463040954303996e-03 1.943344366251567701e+00
2.552139150529637135e+00 1.963341967941875099e+00 2.458115360498922985e+00 2.929294522217010588e+00
9.509937986502416951e-01 3.057450275273447815e+00 6.134548452036828747e-01 2.164530734392733802e+00
3.024993031896998641e-01 6.741781635689202412e-01 1.770693098040297508e+00 5.489105742459847725e-01
5.528124674955378071e-01 7.262485226235599889e-01 1.556867057174265323e+00 3.087001645511746162e+00
1.080444548404929234e-01 1.187583880305622452e+00 1.943966547494835329e+00 1.818769028973232504e-01
7.062979218066990361e-01 2.003519355201730523e+00 1.495486969866133720e+00 1.386204598731073379e-01
8.505283275546774435e-01 2.576358794899717974e+00 4.821078743570851866e-01 1.638204292649584337e+00
2.683903142444669321e+00 2.571756054409872760e+00 1.242272263868038573e+00 7.056899782537168209e-01
2.290147789214684426e+00 1.622884927377618025e+00 2.624778950663190447e+00 3.058855020325173868e+00
2.194086249719854553e+00 8.756557918895294668e-01 1.858803950681895634e+00 2.313091385327052496e+00
3.038177955327741930e+00 1.585373505263240723e+00 1.251578631596297564e+00 3.102290094670014042e+00
1.003670286743334472e+00 1.073712624932037674e+00 2.004284290281796554e+00 1.821427075745420732e+00
1.593879402244293697e+00 9.544134904641624617e-01 1.756251118981218884e+00 1.075129834236071558e+00
9.565244502721623743e-01 2.223301855933815130e+00 1.059848043116416116e+00 1.748562058362306049e+00
7.081660854089103507e-01 1.771300564893553586e+00 8.356686925360108376e-01 1.719382046359289484e+00
8.135081624424159719e-01 4.447580382244766678e-02 6.492246536383009525e-01 6.950104416698391629e-01
1.998248629163969614e+00 6.979316346382192782e-01 8.709703343178410995e-01 2.669712708339341933e+00
1.803679583155257227e+00 1.762355814986304337e+00 8.680147455492130959e-01 6.263488493505247057e-01
2.432596121697039315e+00 2.139857206144647694e+00 3.010930691811760873e+00 2.695535939766916744e+00
2.540228838752097928e+00 2.204889326507677438e+00 2.154237520122106453e+00 5.312831609199019506e-02
2.582193394598866210e+00 1.410598983137896667e+00 2.941793906900768807e+00 1.188191221383078533e+00
8.495167714134044257e-01 2.400276911248413025e+00 2.310520377930426861e+00 1.832289461106790585e+00
3.142529234792696413e-01 5.630609433613001924e-01 2.134127088183351617e+00 6.492734639365577154e-01
2.265028048919714543e+00 7.825838151025757417e-02 2.987246361194328959e+00 1.454980837746019162e+00
3.054625844753461994e+00 7.577731528417891438e-02 2.629123993010019644e-01 1.058677770397437046e+00
2.029115465716555100e+00 1.212126391000868386e+00 1.823033388527100618e+00 2.363905997436953399e+00
1.826939809296203254e+00 9.772329605919657380e-01 1.991211066706901844e+00 7.089807563902223997e-01
2.172890489830201055e+00 2.756608324070486837e+00 2.439164876134943594e+00 1.793118842447831707e+00
3.032951116424018601e+00 2.737725239528001620e+00 1.300211455003441374e+00 1.213304072917644749e+00
1.698867771267555504e+00 8.901782706639925768e-01 2.017691872930425845e+00 2.997999299034997733e+00
1.880327552888550358e+00 2.141664125437330757e+00 9.100587518281476607e-01 2.490300817295242997e+00
2.793968162618970297e+00 9.971683376659136455e-02 3.150275057556715108e-01 3.000276553697041604e-01
1.530162341963289485e+00 2.751133688186945925e+00 9.247990688169360762e-01 2.463896127989610108e+00
1.585064004917659641e+00 2.466549081610150740e+00 1.388120277214556442e+00 1.299997930659477330e+00
2.757576961652499214e+00 2.469922874122246537e+00 2.031108694099188483e+00 3.052538344430745898e+00
5.536925197391896480e-01 3.135641536079670111e+00 2.085812483389579697e+00 1.583264726364958241e-01
2.368308958017715682e+00 5.298709889487079189e-02 2.277105050199823122e+00 1.129138770535684566e+00
1.614733565344484978e+00 1.059905259628513230e+00 2.425848322019136027e+00 3.200594297308748670e-01
1.980498258958823588e+00 7.575988830421136466e-01 1.217966879883244813e+00 1.138107859894247342e+00
1.407914345460151706e+00 2.506580113634582219e+00 1.518169486065731322e+00 2.799515247884142966e+00
1.737989620223714393e+00 2.948240619128693840e+00 2.178606369454461955e+00 2.271828061724647352e+00
1.293743541643217254e+00 9.476431242625343865e-01 2.557481236180453532e+00 8.819444036426119515e-01
9.936476640318373521e-01 2.830397737334677366e+00 1.084548717664348683e+00 1.446622780714363676e+00
1.672951523654082839e+00 8.847998600387141366e-01 8.603745326871442556e-01 2.249392978151728784e+00
1.246665230951560649e-01 2.557590254194046508e+00 2.441088957721168295e+00 2.397142085260303368e+00
1.318158535313892932e+00 2.614785485846277346e+00 2.727026642233866482e+00 2.941897771275315598e+00
6.050293598915443827e-01 2.307360514300420107e+00 6.181486525612460703e-01 2.529949689381807976e-01
1.875527986592133933e+00 9.643086383703376452e-01 4.384131184116532576e-01 2.293523244207968492e+00
6.040568525637140217e-04 1.199264102756802508e+00 2.629355165992306009e+00 2.270590855407592645e+00
3.079994782167243983e+00 2.589481634085643691e+00 2.787488469017689319e-01 1.964077124939991537e+00
2.783760527678404095e+00 1.460481159965132170e+00 2.907684333709426472e+00 7.382112154534035131e-01
2.889145139894623959e+00 2.274797974382316568e+00 2.945781482525004158e+00 1.849974809020358407e-02
1.360819724925919516e+00 1.462580254444809214e+00 1.977866277007283902e+00 3.116924299910047491e+00
1.331906947348217463e+00 2.648074906384176419e+00 1.300637962859339414e+00 1.888190174217843742e+00
2.472323868825712534e+00 1.630835308773335823e+00 3.107168449937525168e+00 1.899339437205379344e+00
1.239904679062505233e+00 3.946823737633139983e-01 1.295550236829759561e+00 1.487483677793935533e+00
1.958327315247944123e+00 2.736445901438530615e-01 2.140790444231726042e+00 2.992287376480921246e+00
2.055021466732846580e+00 8.386929878410076533e-01 2.579858503823114990e+00 3.715461329964403481e-01
1.271772031897363320e+00 1.271291782960570771e+00 1.386377127154896360e+00 3.465056499886962071e-01
2.566435606761417354e+00 1.860047244784077902e+00 2.127930416444370643e+00 1.986181233612852370e+00
1.286350721232915495e+00 6.667088478953261399e-01 1.258905599484715809e+00 1.465420467180963415e+00
8.556528079509788665e-01 3.310756622530438009e-01 2.995311232236554044e+00 3.073195778904116438e+00
1.069473486199895296e-01 2.521625140924758757e+00 2.526224495888307775e+00 3.016275882361231009e+00
1.329680528998650857e+00 1.397532700080501344e+00 1.310596930714826858e+00 2.320772990717139717e+00
2.383255494481264503e+00 2.791890802091585577e+00 3.921186978323615985e-02 2.610962574494320787e+00
8.779609891773874075e-01 2.723834981320029325e+00 2.616565933369346286e+00 2.787606688175159331e+00
2.636458162583951825e+00 2.395848847601364628e+00 1.197136161740892879e+00 2.697778899747106385e-01
2.763839936417310739e+00 2.301761567038409506e+00 2.324436977486871392e+00 7.616261677290180332e-01
1.858905625565598463e+00 3.805893064670431980e-01 2.968032351016494985e+00 7.174541154192870529e-01
2.858121843230743142e+00 2.406716883219167880e+00 1.390217319217763148e+00 2.210786160993960525e+00
4.828918479845471512e-01 1.050159448455452837e+00 1.081206607573944600e+00 7.731519355232530089e-01
1.481132833466783927e+00 2.265776545208156634e+00 2.245302897352813076e+00 1.053395767612078204e+00
2.329542520134906258e+00 1.688437155401493861e+00 1.166824388778594734e+00 1.216366853673147341e+00
3.060468936684139329e+00 2.816766190678083426e+00 9.957405336799757256e-01 1.242716536734256527e+00
2.376998981105807207e+00 6.189858569733991400e-02 1.323062203717198404e+00 1.609161052711634898e+00
2.230118401401301187e-01 2.497831272606926056e+00 1.440452029812425705e+00 2.487040564322463343e+00
2.290509200738035656e+00 2.884298383810514732e+00 3.140523887003409120e-01 6.103734877540331061e-01
2.384394634611459285e+00 1.688144865652586590e+00 3.086236919415231483e+00 3.780409663999736991e-01
2.301891259536174239e+00 2.800634996312806102e+00 1.493869170952202730e+00 2.060147281301990763e+00
1.880683124685349927e+00 1.087327329326589931e+00 1.019448860260484313e+00 7.430165559214035875e-01
7.926614321424201304e-01 2.829408291453570090e+00 2.086357771354233392e+00 2.676938406928502712e+00
1.964733420262504637e+00 4.310323846749373189e-01 2.717770923734945221e+00 7.259787885130527529e-01
1.031970142522943279e+00 2.743784767632095001e+00 1.873480390543077911e+00 6.843188033128327907e-01
1.114844987325243952e+00 1.608504351181202274e+00 2.581936112585817344e+00 5.975558243467341546e-01
2.151603028252199845e+00 1.351200198400670960e+00 2.891454451772887069e+00 2.442339389518440207e+00
1.557804997696791593e+00 1.088719072353734107e+00 1.447020771166639186e+00 2.505046753060019005e-01
3.942594205077034064e-01 4.647946325864246719e-01 4.375417496725407807e-01 1.440223002920053119e+00
2.640868146550346740e+00 3.108845882836946739e+00 2.693970904072882977e+00 2.455838335943631989e+00
1.732196640440940572e+00 4.190516354186938908e-01 2.797468251589058319e+00 2.024470384171299209e+00
1.512006198948854241e+00 8.660723410210418027e-01 3.073468611974712432e-03 2.505174758610504426e+00
1.732666548894151448e-01 2.197366207350330392e+00 2.848757465569435876e+00 2.255616445093664435e+00
1.251536243688396333e+00 2.098927523854406729e+00 2.529274650162344429e+00 2.623763084886424846e+00
3.929287921156313645e-01 2.645366201390309868e+00 2.934187037135764786e+00 1.732654484951561713e+00
1.111809744448642334e+00 1.744778044420489005e+00 1.589929426687907155e+00 2.008972122093394042e+00
6.200491513529365895e-01 1.817029257078406346e+00 1.765051959179052277e-01 2.449944465394958068e-02
6.454948790863316299e-01 5.783756643022608390e-01 2.172121093267427583e-01 2.250193793589616131e+00
2.050245115941240481e+00 1.972569693039311289e+00 4.131527155232234128e-01 9.780264950432899784e-01
3.741298089590723297e-01 5.342704653959861050e-01 1.627736395066854691e-01 1.553671471025320550e+00
1.222142193688277478e+00 2.141564096288921082e+00 1.733708983602954223e+00 1.148119257361714496e+00
1.233662095566446126e+00 2.692490465906137498e+00 1.693307233097321562e+00 1.389918553124769862e-01
1.092657549687276797e+00 2.170539234558721553e+00 2.699273884440854254e-01 1.758148999669408186e+00
2.109635409107826209e+00 2.830727738550326222e+00 1.147952713248866496e+00 2.989798027303572692e+00
4.597518746210009777e-01 1.130102838782112373e+00 6.514702807243781812e-01 1.643930339026973497e+00
2.499398016846020809e+00 2.651437666800077864e+00 1.265658265291775164e+00 2.312068509543492301e+00
7.781354458443221489e-01 5.397211550072419373e-01 1.070784211470598324e+00 1.348598110038127462e+00
9.330786450791284103e-01 2.583933717332250080e+00 1.852548292328481283e+00 2.091162881394468265e+00
7.886262630197155010e-01 8.226610281595868324e-02 1.699757609931602520e+00 1.284368909733260677e+00
1.549237942025012638e+00 2.288968921438504278e+00 7.166351551443058687e-01 2.258497911102666400e+00
2.261986505907891409e+00 5.484663092269094209e-01 2.190307007143539320e+00 1.362624623909594490e+00
1.250905486240353248e+00 2.073360156489231887e+00 1.665650259466441963e+00 6.898061682115111948e-01
7.520499965866915548e-02 1.291916937961628264e-01 1.995381317741958593e+00 2.653281392708140451e+00
1.093181783740279522e+00 2.693776586077113233e+00 1.514461960314580136e+00 7.036680209743059744e-02
1.501368930335731378e+00 2.329362300115686679e+00 1.859954535505567552e+00 1.213347113113410813e+00
1.560775563318416381e+00 2.948722583172134648e+00 1.342760999209286765e-01 2.015962077256496343e+00
1.473021394945715157e+00 2.914625626102849143e+00 2.659895968873739538e-02 1.584988082277915655e+00
4.505000022995803155e-01 2.539136105026991608e+00 6.082416311394687192e-01 2.934309565312378076e+00
1.692299352894717446e+00 2.225971517870352745e+00 8.471898706342112506e-01 1.858508860953210551e+00
5.345466069937474529e-01 2.027601372779614053e+00 1.368466383569930445e+00 2.006096156993147694e+00
1.165705669349521356e+00 3.042963157648028716e-01 2.424843389809309357e+00 2.008117470937080817e+00
3.808347109060507552e-01 5.615186058967180927e-01 1.535376991634656019e+00 1.239752943160674914e-01
1.857110695653468868e+00 2.987508308029973136e+00 2.888201362432203378e+00 7.341507005818893594e-01
4.585743390587043722e-01 2.210988857096499505e+00 2.949047097295844466e+00 1.211257892749610487e+00
2.861146021140878126e+00 4.459381188995368839e-01 2.626769884883402018e+00 2.923360527168870959e+00
1.319841353879106505e+00 2.123609484340038822e+00 2.489198485881577660e+00 1.407589485101267135e+00
6.281244429794592410e-01 2.256210410917502074e+00 2.378161476933932650e-01 1.777676588304786476e+00
2.300221038390177331e+00 1.844564982247856033e+00 2.838107111300866681e+00 1.320387439231768711e+00
8.738338562248582075e-01 1.017658339831914782e+00 2.003629334532190054e+00 2.143496558280005182e+00
1.739901716570297019e+00 8.646980137227380236e-01 1.940179798086785867e+00 8.618367025505724310e-01
2.059048419930883611e+00 1.783604900666885484e+00 1.196783342107013537e+00 2.416033047664121192e+00
1.325022098299351025e+00 1.430021205045057142e+00 1.983438725858980289e+00 3.001554708034747332e+00
7.290638826436309783e-01 2.505111194114080231e+00 1.822300316542779353e+00 8.981903011226308742e-01
6.463298201724778647e-01 3.005776450023156077e+00 1.351505301057517316e+00 2.990924134779764820e+00
2.523446342302103407e+00 3.845291628536317008e-01 2.436475965291479806e+00 9.240173000156767236e-01
1.771392871020392779e+00 2.154602589490849152e+00 1.839544867901228065e+00 3.148502209164638077e-01
2.178336413465900456e+00 2.127187673462432205e+00 8.909168109801546276e-01 1.255302516364675824e+00
2.782001347552816473e+00 1.446098156848579563e+00 7.698609845207999847e-01 4.661547699941549494e-01
6.646275465505659952e-01 2.280151993502645524e+00 1.768355631706758357e+00 1.086737953699503878e+00
2.019839705776824701e+00 2.403575737774822585e+00 9.886534292744034724e-01 2.950093815888280790e+00
1.332117788117262780e+00 2.623748230217854527e+00 1.218001049922854850e+00 2.934012521068347201e+00
1.153968518432641616e-01 2.315827230955512572e+00 1.598601455729474097e+00 9.016525079397649245e-01
1.182963525173539976e+00 2.110052781099876817e+00 4.926443999790990902e-01 6.296020118034006963e-01
5.124846628795952652e-01 5.641822203766220234e-01 1.062719626292564890e+00 2.305220708797088847e+00
3.063556113558760785e+00 4.960001256458170249e-01 1.155564259419113782e+00 1.418566617159928933e+00
1.087494700908776757e+00 2.595678337648860801e+00 1.108508692074341218e+00 2.459086364758633625e+00
2.148720925568119888e+00 2.341820339275206830e+00 2.244731992281721489e+00 2.179149141176233151e+00
1.117457329224663010e+00 2.245489759364899029e+00 1.125079968633092342e+00 2.875513729802444129e-01
2.508672581097805665e+00 2.773167233207892934e+00 3.875129588617716725e-01 2.311402109672981542e+00
1.679275698408525752e+00 1.802363361482363757e+00 1.622717388025303187e+00 2.328801865002491311e+00
3.130874835186518101e+00 1.091351668319995749e+00 1.994508144563109209e+00 2.838495375306090418e-01
6.699684149713696080e-01 1.291149447663708927e-01 1.603180785588882662e+00 1.089421433097907066e+00
2.122048777547267839e+00 2.402901271933172822e+00 1.930040341213311139e+00 3.059270866242914888e+00
4.057489312832469885e-02 3.097626989465211977e+00 2.411299795375058341e+00 2.609324073756307261e+00
1.198662327469545597e+00 2.164018218740835775e-01 5.216000563852493110e-01 1.809469966071837632e+00
2.341561387422728124e+00 1.500835697422342019e+00 2.175427892073728831e-01 2.858119256767550187e+00
1.215709788889724807e+00 3.100289454547548118e+00 1.456082014446016260e+00 5.370749808509148737e-01
1.484326203323997673e+00 3.102538656730456257e+00 1.732203597192964573e+00 2.615344492089572093e+00
2.605037633432837563e+00 1.507846323054626403e+00 2.627580960562477586e+00 5.811309166253990632e-01
1.959428770104388873e+00 2.182632950367771052e+00 1.492091611338751900e+00 8.969496758309467577e-01
2.094612665188437806e+00 2.336536439820263489e+00 1.225904095262100757e+00 3.009473582690706639e+00
5.417269008545150255e-01 1.004224991972974435e+00 1.006642115905959756e+00 5.785966822839880841e-01
2.443329888416256868e+00 3.088240648416951117e+00 2.615058576164169590e+00 7.379852320223606599e-01
1.492985478195657967e+00 4.920871046987077557e-01 2.520995802879078429e+00 1.755612481381402246e+00
7.377717402054080331e-01 2.363663421209367677e+00 2.908630570185579245e+00 6.406438761445913954e-01
9.351062468905735336e-01 1.228438988558394174e+00 8.156835533046632447e-01 2.794207442248951567e-01
2.011033759256002362e+00 2.179719270452435076e+00 1.809351141911802463e-01 4.018411459255666340e-01
2.652656751317050698e+00 7.782034176656091873e-01 2.451428142848029346e+00 1.271975489129724801e+00
7.552213855128407927e-01 1.810760482475139543e+00 4.080079665222696161e-01 1.014262835576595245e+00
1.030402114946910697e+00 1.514133893116520690e+00 6.769914561720344337e-02 4.235654378747502058e-01
2.844739718319178046e+00 4.140347640176826882e-01 2.782927073282906782e+00 1.384289900293375064e+00
2.464979244935931568e+00 2.727608416826147852e+00 9.688032316985041303e-01 2.767228031124891796e+00
2.305235904988554907e+00 2.660277002844090966e+00 1.248124517100417608e+00 1.727659762714153446e+00
2.977048293008324631e+00 2.649863964742659728e-01 2.665409250656973317e+00 1.972571142081577245e+00
2.181383052503205189e-01 2.325625634394023589e+00 1.278077786907382052e+00 1.833670100055351249e+00
6.774127418482147611e-01 2.028998509662233829e+00 1.348328491887887726e+00 2.453309337945678570e-01
2.435826339752513281e+00 2.918089633807363192e+00 1.224094545094653319e-01 2.974080717298215326e+00
1.345096794462791401e+00 1.734372659070277489e+00 2.298698408005876104e+00 2.595829950330946767e-01
3.459837146899941152e-01 2.523205169423325955e+00 5.008211140073371981e-01 5.378259897431152403e-01
1.348879438125997199e+00 1.696413404837527006e+00 2.177958600668033373e+00 2.178049760064717955e+00
7.667372308775107781e-01 2.370098488121321623e+00 2.056317654407654183e-01 2.056081954561687908e-02
4.023923710398972231e-01 6.234321171395507122e-01 1.122166862829894640e+00 2.187482906845590325e+00
1.410260243722920803e+00 1.865493635407138084e+00 8.703395434403122799e-01 2.492069703264144120e+00
1.213919137114841007e+00 2.995334772636638832e+00 1.766113944515230960e+00 9.805488694261911276e-01
2.371247617478766667e-01 3.114676563919797747e+00 1.841481765298558004e+00 2.789860287829316388e+00
3.135904343608761025e+00 7.015982681849280977e-01 2.403558135170857923e+00 9.350822513023576699e-01
2.090524176391343580e+00 1.528604546214240800e+00 1.816277921080435398e+00 6.291892288193809968e-01
1.822872718807949877e+00 1.655055598392496607e+00 2.665831415363901780e+00 2.360540761841908530e+00
2.483913306796132758e+00 1.463781049561582615e+00 1.560192034563652630e+00 3.334547535639139637e-01
1.380200644939227894e+00 6.367643326353760180e-01 1.009953200551704899e+00 2.522604363203098998e+00
1.312183023498787904e+00 2.227411305151661303e+00 2.180587042286571631e+00 1.464896677845545669e+00
2.347046987512364957e+00 1.729718194979883883e+00 7.847334880028306037e-01 1.252564639333416108e-01
4.013355431568497167e-01 1.096518635311920731e+00 2.161509048176909253e+00 2.035006887493235883e+00
2.006712021967893111e+00 1.601338369364280201e+00 2.661550997357754245e+00 1.911129384145637600e+00
2.216715641208037546e+00 3.089644338005300028e+00 1.639924093545496397e+00 1.239974803491403321e+00
2.737914950980908646e+00 1.442481807213408795e-01 1.464788920906817227e+00 9.721629172155566989e-01
1.917744200312436531e+00 1.957219824045081102e+00 2.206971284610182715e-01 2.652330711821456521e+00
2.266724060580106226e+00 9.852371853625863096e-01 6.770194887080590584e-01 2.528152995248425849e+00
1.001379452166394790e+00 2.920755228601020992e+00 2.308839024391122319e+00 2.030339682534929135e+00
2.914986901282878851e+00 7.713562792621693198e-01 2.145294669493724271e+00 4.255030899268353872e-01
1.918831931227451826e-01 1.873079703038535548e+00 1.125974900365505071e+00 2.683294040811619485e+00
1.276660785200478099e+00 2.969052524730892983e+00 2.868392949608081999e+00 4.855978558423429958e-01
2.006954214803300829e+00 1.668096892486568006e+00 3.595283495524679851e-01 3.023837420384664743e+00
1.657350972135944067e+00 1.561778478604740839e+00 2.788077465843961544e+00 1.582386098684067210e+00
1.975827172655695740e+00 8.427769698183725788e-01 5.707009319480940146e-01 1.239621683923896267e+00
6.889487838281235232e-01 2.134608037140065750e+00 2.685446888116532982e+00 2.131829141558495788e+00
5.172575995061522436e-01 1.263864284933636561e+00 2.320419474769112700e+00 2.341887988637409101e+00
7.684876239779897533e-01 1.821145500685948937e-01 2.074546443002085905e+00 2.544191768192521685e+00
2.321410091312080315e+00 8.450474867203344731e-01 2.298755298388531987e+00 2.879287598749115773e+00
9.257157033421936632e-01 4.991795008544445689e-01 2.175361169505220627e+00 1.362488165189147171e+00
6.842732650746929934e-01 1.948177121619227847e+00 2.704383804980986294e+00 2.543843038114486976e+00
6.716663000773207548e-01 2.376450608163596545e+00 7.140772233034723415e-01 5.225847569314859831e-01
1.070114657224674692e+00 3.069570654063671356e+00 9.204464991064728041e-01 2.456097683238239515e+00
8.008653854871182753e-01 3.781553786548341733e-02 1.389917737019684241e+00 2.840877592281268349e+00
2.036240982885499928e+00 2.823489872056283101e+00 2.732897775552938668e+00 2.995329917600009662e+00
1.517460516726909958e+00 2.450305442624538532e+00 3.126447425330923569e+00 2.648811633408228783e+00
1.530349930248390944e+00 1.900538707297054986e+00 9.913675427096945159e-01 2.431841632735171288e+00
1.597503303328944302e+00 1.719373659865692572e+00 2.808569825088742533e+00 2.479991988131533265e-01
1.683149749556590580e+00 5.687467028651023160e-01 7.059777743407080752e-01 2.998226018013336436e+00
1.278659627895339379e-01 2.076592259702540577e+00 1.789969440514578736e+00 6.697338703406593430e-01
2.770563468944343466e+00 1.268630076527132999e+00 9.254456051126402905e-02 2.987551035571597513e+00
1.829769797459526393e+00 2.767451166564341314e+00 2.858954633967595527e+00 2.474062173380159546e+00
3.051942478730718999e+00 2.105754502958371577e-01 1.850873864158457005e+00 2.585482555071939359e+00
1.043769662793851083e+00 1.257943285410219714e+00 1.537108490873255739e+00 2.134684372476428837e+00
1.395274274690556648e+00 2.247961651383192816e+00 1.307105406667879777e+00 1.769900572236898117e+00
2.645162663039569484e+00 1.753845980861435505e+00 2.543408060128487858e+00 2.959134236426383513e+00
2.853759588191908225e+00 1.385716164776447545e+00 2.514182980843711945e+00 2.203034004574194960e+00
2.505332792414253884e+00 1.392465907460117336e+00 1.258111783705964992e+00 1.350285641250855928e+00
1.222219988318705708e+00 1.479408774969379614e+00 2.735138765793009297e-01 1.879061582897429750e+00
2.608866876441191529e+00 9.291397871411877230e-01 2.575223110735012977e+00 3.003001302066095946e+00
2.606137774939048413e+00 5.824870845771047412e-01 9.497748641090967281e-01 2.244257601092962684e+00
1.665361181903616261e+00 9.955525045268337481e-02 1.928625894294126120e+00 2.768726205738484492e+00
9.143435120973361085e-01 4.258932040759297877e-01 2.140098766630797122e+00 1.071393928176756605e+00
2.383041311514757066e+00 1.175508037043623277e+00 1.260017359380063873e+00 1.294299230538735523e+00
1.980742000845446382e+00 2.980857934750418270e+00 9.713614671627653907e-01 1.283194168556051062e+00
4.751407287295387194e-01 1.786561386619690828e-01 3.000840707397821050e-01 6.229576311065232463e-01
1.249746044022539859e+00 3.023457591806108180e+00 6.952974373508982175e-01 2.720446231483840460e+00
2.162450335407970048e+00 1.334819078208441034e+00 3.100405378549174973e+00 6.610269495425203923e-01
7.704911625642418826e-01 6.894101691442889868e-01 1.536883995776223144e-01 1.617413995709596319e+00
2.831865622759685230e+00 2.739286772041368945e+00 6.236175096203420143e-01 8.044181425793676121e-01
1.445899131599521326e+00 2.947969543378483159e+00 1.945239909696049319e+00 2.163201532829151841e+00
1.629395470200328155e+00 1.048243429175272912e+00 2.415989668168695426e-01 1.750303525115046277e+00
3.070736670674244495e-01 3.071580690581080741e+00 1.460611908425806682e+00 7.310718522450250223e-01
1.533736085554583184e+00 1.482579729423507409e-01 1.534215905113765821e+00 2.748372483488489504e+00
4.378741149471598870e-02 1.912080849573382757e+00 2.389650539062663004e+00 1.544426366698548325e-01
8.527005378454884932e-01 1.145078513725791947e+00 7.436161275719345154e-01 2.224528073256331506e+00
2.792310041438276436e+00 1.390773134907573150e+00 2.835466843673188464e+00 2.895150924770847123e+00
1.986513240999105978e+00 3.051191583143332831e-01 1.971624838712485728e+00 1.139061300785864761e+00
4.968287162346524677e-01 7.693747266945394347e-01 1.301766075187928973e+00 1.755683369831753105e+00
2.430159941383187583e+00 8.118831756946747191e-01 3.078205021407859565e+00 1.713672763278900057e-01
4.452699137673428731e-01 1.626590887674354668e+00 1.451307568297708572e+00 1.853308726173223064e+00
1.585061292573608949e+00 1.069888746454897177e+00 1.276188696960077307e+00 3.653662299861015206e-01
1.476953156157950309e+00 4.699780873858049879e-01 4.837098965042544441e-01 9.387547106269700237e-01
3.102706570608837922e+00 2.811248905349502003e+00 3.061133602656008978e+00 2.969446107778323629e+00
9.555150624995385478e-01 1.523545675915165321e+00 5.639636900879636539e-01 1.395660349427945146e-01
3.681087322961084651e-01 1.510466372963848725e-01 1.222557245168210516e+00 7.183775402088610207e-01
1.104055430387673953e+00 2.794505688155207501e+00 1.562958871430010888e+00 1.543169014184990306e+00
2.312194821409637946e+00 2.588994641700630872e+00 3.776778329199944051e-01 2.067041257012671274e+00
1.685157324879370311e+00 1.851304135988788957e+00 3.670652881371287979e-01 9.677677709151123464e-01
2.354976099736794115e+00 1.043458046528858985e+00 4.780268307995459987e-01 1.875878423659792293e+00
2.998734850239771266e+00 1.965777357475959164e+00 1.219013737919276696e+00 2.624914246156386355e+00
1.378313246687873805e+00 1.736921979126799798e+00 2.315969635003991112e+00 8.416214726051118866e-02
2.316887992253420236e+00 2.400562034665420175e+00 2.594332473740360023e-01 2.895347557682514061e+00
1.900446463144128462e+00 1.819792272826952217e+00 2.197308563799929892e+00 1.991983979085918621e+00
9.948096465274954836e-01 2.160987111032394992e-01 3.828365745930388531e-02 1.628389025299088022e+00
2.442070345423228872e+00 2.474100848534239727e+00 8.532437504968947151e-01 1.718342001874289870e+00
1.775293015443746070e+00 1.463643101709444005e+00 2.515741840632840454e+00 1.870339256516518445e+00
1.405919580959188897e+00 2.339905894931607389e+00 1.336689119912126689e+00 2.310762474751806295e+00
5.792913961143245638e-01 1.265633988365232776e+00 2.768460039150662411e+00 2.331472128881314276e+00
9.832024947348475541e-01 9.548936155964298234e-01 6.779896693372113869e-01 2.727288610861665408e+00
2.538303069830383230e+00 4.631377878880955090e-01 3.137140376019035504e+00 3.043274633757429903e+00
2.192258363037406177e+00 5.423974873082697545e-01 8.852175308639376183e-01 1.072882698812953839e+00
2.890812766654685895e+00 1.348322857211779136e+00 1.637454173716077044e+00 4.288435613869703289e-01
1.690326441767942001e+00 8.891524806068901166e-01 3.106898465620618222e+00 1.205220555871515664e+00
2.288714277340478109e-01 2.974699434519849195e+00 1.947981113108127937e+00 1.730753041647806079e+00
2.952177505275446201e-01 3.360665016872902977e-01 2.387589106443736675e+00 1.724050197703583143e+00
9.496662209074540062e-01 1.090600382213033903e+00 2.244303840760883073e+00 8.045533620329776980e-02
1.608329011441182788e+00 8.649119022372223631e-01 2.659956085665301728e+00 3.656741189310573903e-01
3.014845602111780209e+00 1.965752583221050509e+00 5.383463901846836652e-01 6.228409254791625882e-01
1.579835541730003623e+00 1.689383261348485155e+00 1.708951134582621822e+00 2.994129113909754114e+00
9.202044678523841892e-01 2.790478236207214954e-02 2.018677086832607159e+00 8.557136514533119076e-01
6.179524859131216991e-02 8.986424084575596050e-01 2.346242504506234727e+00 2.439186726972961683e+00
2.372462842350816281e+00 7.037354103685335982e-01 1.499399636348244025e+00 8.971191741608177672e-01
2.970806264972734034e+00 2.680510125203438676e+00 2.038574293692041461e+00 5.214603262964414565e-01
1.954385258381996282e+00 2.180376073150338989e+00 1.396941477608462101e+00 8.521417316543264953e-01
3.896552116700039425e-01 2.702076428951837306e-01 1.894716864613756879e+00 2.723860038959933672e+00
1.869197320271226981e-01 1.515116116623442144e+00 2.140764705400569401e+00 4.106906693138739906e-02
1.683076188739952794e+00 5.545604512206935288e-01 2.517071504873621191e+00 7.131487669545016894e-02
9.192345467530392833e-01 1.925951716393614843e+00 1.002488744745116067e+00 1.931464074294280575e+00
2.334930046798381120e+00 2.264717748328498870e-01 1.378518241993062832e+00 1.935173437350078629e+00
7.011390206080612975e-02 2.223484931078617777e+00 5.386418453796107952e-01 2.153080955842831656e+00
1.423199690034434584e+00 2.416216080428136515e+00 2.925892911802757124e-01 1.161205783904069588e-01
1.410430817127041436e+00 1.986675965213653694e-01 3.076771135212514441e+00 1.709684968368627489e+00
2.057502009382068398e+00 1.480481011771255684e+00 1.824922067072906717e+00 1.235536203192064919e+00
1.388480076352881953e+00 2.878337693082507087e+00 2.392814262699548777e+00 6.885147459373667234e-01
6.792832958738349580e-01 2.782599729670716671e-01 1.449614229684798916e+00 2.047977335736310689e+00
8.446442546388525097e-01 2.067196899054822179e+00 1.459385285374980024e-01 4.972596786285525261e-01
7.084365698074255313e-01 1.509793647508964609e+00 2.777229450486947027e+00 2.037847362510508020e+00
2.072748053397916124e+00 2.159700736839886559e-01 2.191294071313392156e+00 1.983702288135139380e+00
2.292176220578982182e+00 6.580163337137461266e-01 1.685870069606605570e+00 2.039339434552982055e+00
1.739678561682274527e+00 2.973172409885275425e+00 6.177569661023913916e-01 2.785250597104309556e+00
2.862292227869602801e+00 1.509504417968438483e+00 1.599692297965663812e+00 1.256881319873422997e+00
2.230936314805031517e-01 2.513574536852020813e+00 1.015641268101242778e+00 1.370444553377524244e+00
1.833026074602423394e+00 2.459528683034309715e+00 1.329866481830204394e+00 3.050344551913345192e+00
1.347080599838054171e-01 2.683455412133223916e+00 1.731952236715728510e+00 1.655478650054583445e-01
1.953864470160360245e+00 2.787940680797322823e+00 1.442685228990175927e+00 3.022126448196107873e+00
1.615849287547592716e+00 2.849249309929112961e+00 2.175181762918022788e+00 5.478435372651957458e-01
2.090128587903029023e-01 1.885107561909103113e+00 4.624144087009368076e-01 1.745925081374922971e+00
2.697188108805403384e-01 5.767508363250632986e-01 3.311786884778732953e-01 1.135148838587484832e+00
2.014888777711942414e+00 6.731819966282409640e-01 2.111043852658432307e+00 2.747999623894389565e+00
1.845205707414074858e+00 2.711407033613933131e-03 5.174022278453092524e-03 3.364675465354410866e-01
9.013814072879372530e-01 3.136256144893270648e+00 1.825334911561954154e+00 7.580424516916668409e-01
1.460494753740215756e+00 2.549063940407871390e-02 2.230724853983883538e+00 2.008135830214658135e+00
2.138113294697244982e+00 2.254776062992287500e+00 5.084541273677387618e-01 3.111029876134899563e+00
1.329407408248840960e+00 7.343709285439332657e-01 7.005272962069689635e-01 1.270883475268796525e+00
7.333036187148129770e-01 2.603424372293361433e+00 8.936907615140471384e-01 2.472030767851356725e-01
2.203773653964783641e+00 5.474085207833914168e-01 1.950565816127677321e+00 2.171416704628116978e+00
1.025959253768091495e+00 1.384190335535157912e+00 1.607918869990750510e+00 2.318678445489139595e+00
1.718532389952506900e+00 1.350299397000070289e+00 2.151805948079928310e+00 9.850955654969430209e-02
6.675012736045894401e-01 9.729399763001519430e-01 2.428808138744815714e+00 7.740500089277081441e-01
5.869811020892016229e-01 1.066906113831142866e+00 2.337724327364232746e+00 1.968384291142976750e+00
6.335131702068413917e-01 1.709934771789688862e-02 6.187505096447583064e-01 1.815808005334929254e+00
1.987633185799609237e+00 1.106923903929913466e+00 2.113788467333631349e+00 2.067669372092905355e+00
2.216259446187848425e+00 1.522156128057169822e+00 1.545269544734807043e+00 2.279672256832899535e+00
1.849570295233448070e+00 4.438683682193122482e-01 2.000800057679835486e+00 9.467435881450545487e-01
7.118510841365952579e-01 1.028779207027226361e+00 2.354416901266380702e+00 2.652420116337821376e-01
2.662617336222289133e+00 3.026155643083191293e+00 7.308329180974164618e-01 9.484047228609232549e-01
1.850332049543162771e+00 3.108937496501094522e+00 1.228516868422551589e+00 1.621325886267072969e+00
3.426621274652517646e-01 2.662718765991827663e+00 8.704914215347312467e-01 1.301828524938136722e+00
3.008781018259971241e+00 2.321129676869144731e+00 1.089650049193962467e+00 2.765732023345689683e+00
1.320495651814629579e+00 2.869546777664885528e+00 3.055831360333348456e+00 2.431491553181308607e+00
1.513885052873052528e+00 8.135115510458257315e-01 2.027725642432023356e+00 5.250005547179925625e-01
2.609803360966930441e+00 1.840598381973761244e+00 2.575885179939205294e+00 1.733275908858307401e+00
7.708978202958789439e-01 2.832432523625220799e+00 1.881302093399556563e+00 3.110081683853783474e+00
4.520776633815934975e-01 3.104889521512279593e+00 1.906709441061922083e+00 2.374146754758471811e+00
1.048824468192199211e+00 7.819269275071080161e-01 1.056150347493563402e+00 8.904418689431533585e-01
4.741134295746100569e-01 1.674462505900070841e+00 1.327956554927875787e+00 6.785769215617833139e-02
1.546876947083709153e+00 1.532473372684534374e-01 1.775938860267159525e+00 3.145115960712120406e-01
1.334773094192760245e+00 2.336948850156219226e+00 2.665300608924457748e+00 3.038631084966237239e+00
1.463205573357695410e+00 2.481030234656566857e-01 2.752753879821703276e+00 2.113244043249325355e+00
7.670755934621198424e-01 6.872167556273742761e-01 2.669570860942077406e+00 2.631080193395787248e+00
1.503086431775649823e+00 2.592120084937126201e+00 2.984912188120939724e+00 2.143973677173696968e-01
3.338422889920444891e-01 1.771357602903784745e+00 1.788982697746176187e-01 2.181538085732087406e+00
4.572868697985602582e-01 5.757714119412662424e-01 1.402731894138750990e+00 7.745627833763202297e-01
2.443739596894361821e+00 2.178235861526575334e+00 2.658201646218561365e+00 2.580698217757505297e+00
2.057201897886095310e+00 2.967155983744409031e+00 1.733789355040468827e+00 2.820226942165225292e+00
1.237356116793429717e+00 2.678777236167070974e+00 2.845943318534451816e+00 2.863814016462285991e-02
2.580983954972458250e+00 2.609808849790653529e+00 1.551560110559323968e+00 1.571104074213363289e+00
9.055891883018239996e-01 6.111961759488928614e-01 6.579626342933305727e-01 2.794001552169738112e+00
2.090247665238643915e+00 2.647866595688101121e+00 8.394138121219238968e-01 2.018147258482793749e+00
2.744136442734403492e+00 1.613349437369762773e+00 1.758213172593661611e+00 7.540592871807416664e-01
1.775944264527068883e+00 3.130659171575486788e+00 2.575533037830991301e+00 1.408003442232112601e+00
1.245459866917963732e+00 2.128256076519621676e+00 2.892621708685207960e+00 3.575956422600038431e-01
4.854491868077445704e-01 2.972102448753884296e+00 2.622210183387102767e+00 1.513733580550749913e+00
9.812753283654884751e-01 2.486851011484772389e+00 2.460910396112763188e+00 3.043596282039063183e+00
1.295708523044472926e+00 2.455039458665630114e+00 2.141330932464301284e+00 1.719834625688907437e+00
3.079722728917236863e-01 2.751563539699703576e+00 7.229224730420648060e-01 2.964651943470626438e+00
2.900318175191596737e+00 1.956530914989117020e+00 2.442319391574879206e-02 5.803313116250087556e-02
9.183142088204384601e-01 2.197756684764548663e+00 2.439638412020718405e+00 1.353578244775097028e+00
6.618309396454642446e-01 1.463323857540676232e-01 2.132464617628518910e-01 8.634783231516512947e-01
1.593088145941918388e+00 4.625790948243871381e-01 2.813129682458550551e+00 1.680596171769423108e+00
2.070422177578320477e-01 1.158827435758877478e+00 1.671582004309940084e+00 1.951683763602429567e+00
8.500674498099253240e-01 2.460145607470206386e+00 2.061668327826630787e+00 2.261386365577853219e+00
9.772430448342914189e-02 1.828012872178090387e+00 9.527560320657533222e-01 2.072109485262839446e+00
2.110678966490131536e+00 4.807494444531983380e-01 2.064927222360430914e+00 1.968762791865068529e+00
1.807327646941472299e+00 2.443676265506722345e-01 5.915828538170487816e-01 2.205370951102302857e-01
1.096512637007811097e+00 2.985788615975442539e+00 2.726268622051567281e+00 2.209627586578430503e+00
1.248321688883064828e+00 1.967240745097548649e+00 1.178778377550400158e+00 2.775675816820744934e+00
2.591210124622143951e+00 3.116933660651507454e-01 2.609712607025163944e+00 2.316667865642478563e-02
6.094141626270420664e-01 1.949996710936854560e+00 2.983243962792061943e+00 6.968098180665796004e-01
1.046583487724773054e+00 8.730182506758030758e-01 1.872931693887522009e+00 9.276188649727915569e-01
5.860450643220551648e-01 3.569391318381777145e-01 1.657283305156271203e+00 3.323116709198586372e-01
6.766966413024019245e-01 8.889203547798739669e-01 8.023463969538144336e-02 1.150679759301526550e+00
2.127086013442847090e+00 2.902277739076600249e-01 2.656862755699777701e+00 2.124236552944702261e+00
1.123064478444746106e+00 1.307083414541024169e+00 6.670799600615630043e-01 4.602379521635689419e-01
2.765651973529562824e+00 1.362240790771207299e+00 1.452652959576916425e+00 3.035350088528250279e+00
4.867870782494705950e-01 2.481888605812254678e+00 2.646727213660997613e+00 1.005178144783952510e+00
1.107851384120698945e+00 8.820959600863145234e-01 2.191475917598922629e-01 3.125758635120856166e+00
3.817708471354587796e-01 6.114297786926196077e-01 2.803104378706117839e+00 1.642927600709481517e+00
2.983353409062889372e-01 2.943957565814503408e+00 2.814491589487337908e+00 2.828129701999629653e+00
1.836004988803710214e+00 1.863078433986522953e+00 6.976948490724463325e-02 8.437555151337246262e-02
2.437435194884390588e-01 2.189699346662999258e+00 2.818608057853923654e+00 2.825576020474327987e-01
1.264469714316286852e+00 1.950254966967027936e+00 2.850456121025266132e+00 5.160866620191928433e-01
1.675965951386795050e+00 5.035182573480785351e-01 1.688811566162657041e+00 2.661262465468919203e+00
1.822120591990812333e+00 2.638351855601683393e+00 1.930018748409414675e+00 5.686536601076260800e-01
7.820263399404784321e-01 7.117538440611942407e-01 5.091625808482698190e-01 1.726439844422480302e-02
1.832661656123849570e+00 2.853048723892078087e+00 4.578561336071086396e-01 4.231112335931769275e-01
4.449960904503129644e-01 1.779540301325105434e-01 1.384164225274800604e-02 1.496474680355958986e+00
2.226522298079377737e+00 1.772604408321915015e-01 6.708869324877650975e-01 4.282579530027976200e-01
2.120805652755371806e+00 3.030420363950260043e+00 3.902125355622287906e-01 1.430002358846737653e+00
5.407494219759532150e-01 2.127444955021210171e-01 3.872390034549543225e-01 2.159314493099309118e+00
2.987353821051281777e+00 1.396506601378646684e+00 3.008483636131840111e+00 8.011896873437402977e-01
7.105602865101195986e-01 7.170780762575280909e-02 2.963901902880375361e-01 2.013979119869472034e-01
2.800782932772474254e+00 2.259848858791491999e+00 1.118378180918776721e+00 1.701626340461000364e+00
1.410036770200682854e+00 2.710078186231624109e+00 1.234970651770626260e+00 3.912527943618980264e-01
1.439834299838708809e+00 1.469041804053974110e+00 3.078909397908751622e+00 4.502245500866670636e-01
1.952821717706030524e+00 1.731028150192476023e+00 1.043055320876391967e+00 3.811502007528406732e-01
2.486373107982008168e+00 1.139399700963659834e+00 5.374192449025138457e-02 2.944289749548560042e+00
2.186055540777166684e+00 1.902624971854477209e+00 9.843502641981344281e-01 5.689239270256364334e-01
9.788334977745442034e-01 8.572316267716590943e-01 3.552936420705021248e-01 1.065417379041323276e+00
2.820292586419963943e+00 2.692850296508527030e+00 2.622106815228427923e+00 2.928563414144522703e+00
2.804407910352442815e-02 6.309674220456268356e-01 2.374067458169486056e+00 2.719400080096388006e+00
1.215093043514037241e+00 1.426799078968556733e+00 1.763133987819081927e+00 1.665312898873359648e+00
1.833976709650994241e+00 1.780691657352869051e+00 1.145864719714855040e+00 4.201273386933259690e-01
2.808310601895478431e+00 1.448358620809025776e+00 6.580483935633776316e-01 9.068345110422763033e-01
1.745704130634409434e+00 7.952288971825486330e-01 2.659954601300807742e+00 1.656648807860587214e+00
5.294380879912513604e-01 2.970125039052837312e+00 3.015544534219523509e+00 2.479717981839108187e+00
1.520792853262831201e+00 3.447775259598469533e-01 6.883952392190335612e-01 8.147597313548572417e-01
1.679627616988847327e+00 1.615677049981143032e+00 9.367884378559085956e-01 2.723310867497295451e+00
2.649081335886615651e+00 1.905877722966207610e+00 2.712442512878659340e+00 1.443251562537500199e+00
7.602354823628064695e-01 3.049808504750220362e+00 9.015309215309197377e-01 2.667575024859161203e+00
2.260325673125432644e+00 4.897620898995412864e-01 1.714713685528757914e+00 1.373105555075368356e+00
2.632780717357556810e+00 2.785640096066330784e+00 1.288398267934136365e+00 1.389466696926944689e+00
2.389127002542261291e+00 2.931039765468339997e+00 1.948239427866194973e+00 1.753485896818812950e+00
2.363872372654783227e+00 2.749385518010446727e+00 3.770693457237473956e-01 2.489517844158342541e+00
9.359803742954234673e-01 3.115767776226338714e+00 2.157119832196019882e+00 2.719923491851523156e+00
1.549740590957025432e+00 1.735474325340721657e+00 1.276310062298298131e+00 6.771487658937975773e-01
1.430249699461345170e+00 1.504087225463202948e+00 2.815340475750818250e+00 1.181948485129864945e+00
6.338774358796130937e-01 2.363755285851215415e+00 2.525663162592911792e+00 2.263598888330771608e+00
2.449975586517257664e+00 2.283789894225408013e+00 5.227113293479671574e-01 3.536498263420536636e-01
2.655045199116189636e+00 8.337210815683874232e-01 1.337030475923208561e+00 1.530399384857706047e-01
2.201596690619622265e+00 2.781394653125701666e+00 1.815765617842481028e+00 3.056862878182118770e+00
1.910976045826326408e-01 5.629366414433201182e-01 1.185918340618465017e+00 9.526045187444416307e-01
8.654966779734526439e-01 2.205999480267077040e+00 4.231110370937213871e-01 2.396605571181872896e-01
1.971734272668838939e+00 3.134054420123704165e+00 2.515089155123020781e+00 7.575434348037766163e-01
1.123340386434461546e+00 5.830095326240583020e-01 2.758848047265925807e+00 1.772131550205075401e+00
1.611393665786530427e+00 2.064387183491406541e-01 7.673420336274907605e-01 1.932267958316219891e+00
1.541528840302917924e+00 2.492124470314524221e+00 2.759625389718589061e-01 1.466741055231513546e-01
2.869474010137952114e+00 2.697621768729953740e+00 7.870150285660358902e-01 9.312908530211574387e-01
7.125576453248665398e-01 2.310671795750512736e+00 8.168081853002998605e-01 4.992404379444868590e-01
1.900168126542395530e+00 1.128073627469300226e-02 2.860676980027290650e+00 2.832920728828636769e-01
2.055724300798777160e-01 1.418154655851096901e+00 1.967422467330554703e+00 1.970553936682009288e+00
2.142396226873656939e+00 1.045323065915149119e+00 1.082775569781165848e+00 2.216769126592979422e+00
6.172665219326746167e-01 2.645410289759318356e+00 3.050998294744970085e+00 2.495391019654901177e-01
1.773480844003020751e+00 1.586262918170479930e+00 9.594327013113559399e-01 1.051261183914385500e+00
1.131521437703566946e+00 2.925820263489959494e+00 2.917087212599926982e+00 8.070120958381772347e-01
2.499247203844268128e+00 9.825454226508969491e-01 2.690368571965354061e+00 1.005462548905344811e+00
2.645239365257969211e-01 1.233616184390411874e+00 1.517997450112992697e+00 1.190660205647132042e+00
1.046372138021637532e+00 1.497033831891834144e+00 3.807726094771620162e-01 1.163502011218197074e+00
1.992435455289496726e+00 1.366807936633774423e+00 1.676373505627723581e+00 3.008673445663642365e+00
6.786768267114536846e-01 1.949587552145817249e+00 1.524943663343531486e-01 1.645336068085997860e+00
2.219536255864604790e+00 2.064720829110001876e+00 2.937906678426716933e+00 1.376408412272190684e+00
2.939318762735477208e-01 7.808647028818458402e-01 6.857186085730881953e-01 1.432939142450360692e-01
7.818467965738464809e-01 1.366330960808330053e+00 1.208989038584943332e+00 5.703653428862696106e-01
2.751577603190620724e+00 3.088206951229557351e+00 9.375889625319713816e-02 2.694112656741220579e+00
2.640342094538694173e+00 1.072078369987044422e+00 2.182009869801313506e+00 2.899314487034529098e+00
1.104307312742089042e+00 5.891395373505021738e-01 2.746004487988379372e-01 2.169136838699567527e+00
4.210141844533817346e-01 1.713473703456152436e-02 1.894447086449167594e+00 1.778150355900770085e+00
1.025063683510020418e+00 1.224563799657835128e+00 3.061678003922891911e+00 7.849994632964730767e-01
3.114208213434047856e+00 1.321670664386741745e+00 2.195867565255163800e+00 1.929101990900017105e+00
1.018056870375465772e+00 7.075886104008412003e-01 1.304007619920089400e+00 1.718275804415504426e+00
3.015964886606915751e+00 2.662253409799987924e+00 2.732287516782570425e+00 2.618688065321494562e+00
2.867290276333886556e+00 2.539858392009865518e-01 2.263099113843979049e-01 1.513699888582481945e+00
3.053194566315776903e+00 1.548500476055913122e+00 2.879266042162424988e+00 5.287445310580436431e-01
1.335055543401822753e+00 1.392729316356855707e+00 1.326019013364846177e+00 1.866390078039932510e+00
2.411257736410613806e+00 2.168053349600439772e-01 1.922963962888897704e+00 3.964678853117264978e-01
1.291028957415578216e+00 2.009919119369628415e+00 2.102949558529596807e-01 1.717000096657805841e-01
1.669103818970736786e+00 3.108976258694073458e+00 2.846750988511578928e+00 3.118087236630249670e+00
1.663858765779349769e+00 5.087366873033969394e-01 2.204825919996221406e-01 2.858298478244924112e+00
2.487988641792692412e+00 2.478566831896525713e+00 1.897304029548161353e+00 6.701352301613985318e-01
6.424807788152989696e-01 1.330554329138102787e+00 6.680124132014921834e-01 2.935808873286089415e+00
1.118145002919305853e+00 2.261784790206963880e+00 2.488640681083267026e-01 2.695723636229831577e+00
2.734784076626245453e-01 1.285302646387572301e+00 1.839002686472900550e+00 1.473761804601500247e-01
7.719728400137032542e-01 5.260851392874679178e-01 3.069397917184907065e+00 2.246424035917703232e+00
2.862212031141389446e+00 2.507298520078113047e+00 5.317167815999337410e-01 1.893607990980383571e+00
1.346773237997958450e+00 2.654145358539606203e+00 2.707170673712353093e+00 1.028565144545346310e+00
1.949172695888673923e+00 7.121537417269533377e-01 9.407419214580421685e-02 2.212487111870506507e+00
1.079687478062685724e+00 2.215335605628740545e+00 5.399604895061438370e-01 1.704837879439968118e+00
2.406735227732984761e+00 1.094025977462450561e+00 2.422522029347947914e+00 7.772758803140940032e-01
1.037207190578302685e+00 3.492751580253428134e-01 2.677741082306148712e-01 1.256533984055998809e+00
1.803763979041657750e+00 1.946321151853876552e+00 5.307638860624391830e-01 1.678866287886292330e+00
1.148936610693679583e+00 1.951157202271001090e-01 7.407559419216496188e-01 2.528114392923479947e+00
2.719624519294953746e+00 1.701923145856125252e+00 6.306353447103537624e-01 7.840751288878637926e-01
1.327331416403131570e+00 2.294802699475184948e-01 6.483503443421286816e-01 4.882583665052652178e-01
1.024092569237699646e+00 1.492156446438770434e+00 3.819259668529825791e-01 1.485353741169174402e+00
1.513989787600474202e+00 1.300480753611541695e+00 5.195817265490209058e-01 3.138051846590893312e+00
7.891482865041558881e-02 5.529341018708326949e-01 5.539847737312211251e-01 8.003268506306342178e-02
1.762761329561582047e+00 2.716115165660566877e+00 2.802446711306341154e+00 6.152489437589314658e-01
2.172063838832491101e+00 2.550302422568809124e+00 1.355893075378835855e+00 1.816840617963860094e+00
1.847835498241157559e+00 1.147393623176257010e-01 1.894845282325173574e+00 1.162525999249125919e+00
1.727987126613274249e+00 2.046575499562295786e+00 1.120493886691716900e+00 1.724907453945603852e-01
3.975879773361258307e-01 2.533264664196739346e-01 2.307266002463378651e+00 2.232757341503699422e+00
5.116594064671778908e-01 3.888061117802251165e-01 9.299506484968197428e-01 1.895459653157272273e+00
3.138327837493413153e+00 1.573369348047020999e+00 3.964104479963254102e-01 2.928816041411656190e+00
5.167311504997360583e-01 1.839936203909773749e+00 3.921425386146215608e-01 1.151867352670049582e-01
3.035646156659793427e+00 2.721845264210689841e+00 1.715976923393005116e+00 2.370738694258171186e+00
8.551934656064836826e-01 7.413533653844162075e-01 2.006129713050886387e+00 8.583284198606682125e-01
9.993136147321432516e-02 1.496708457870707720e+00 2.600849659883667897e+00 5.016047998814902572e-04
5.293970897863512493e-01 2.902331937533796147e+00 2.838482981162771424e+00 2.508506137192570429e-01
1.290486361886454381e+00 1.717577764743140056e+00 2.813468679918369020e+00 1.153793025412273465e+00
2.804216663683139377e+00 1.939806295163893690e+00 2.847609535477125586e+00 4.367647531419661250e-02
2.819398993613490223e+00 2.178473161926059165e-01 3.072673796252256118e+00 1.462384009487111447e+00
2.297096837110333301e+00 2.030999584068940156e-01 7.472193969833391680e-01 2.213730558817426086e+00
1.063038267453969343e+00 2.255161530160944228e+00 1.730391978439894229e+00 2.042319905734176544e+00
1.575541444376474809e+00 1.043773672708621536e+00 2.768824082610211956e+00 1.888300519421908907e+00
1.812458823204570635e+00 3.567257750665175364e-01 8.483800302235351698e-02 1.407005477329988485e+00
2.665648833548821983e+00 1.882320777115471078e+00 1.581440540611970480e+00 1.384413535011330243e+00
3.114425636642069506e+00 1.699538859783581435e+00 8.446541073221888185e-01 2.616912028372753163e+00
3.018557813871656226e+00 9.893316512808738583e-01 8.777832943081252948e-01 1.654316873845176339e+00
4.284835225799862868e-01 2.091408796831081940e+00 5.199668192508321019e-01 4.528221390775947763e-01
8.764473001745655134e-01 8.434488709915343163e-01 1.627029360664864477e+00 4.064652636151153131e-01
1.078483889717805067e+00 6.520404249839595323e-01 8.574678728103843905e-01 2.722576876255480283e+00
2.659870491384022095e+00 1.045147690413834596e+00 2.128521191049399075e+00 9.819676826336595776e-02
2.246947167201796880e+00 2.782824755845235476e+00 1.871554194346444211e+00 1.214482128989593956e+00
1.727325375022820353e+00 9.289514591394357756e-01 1.845821273639274285e-01 2.130602778848767365e+00
2.080332698433263960e+00 3.067038268230232179e-01 2.925819131875611490e+00 7.152481386127383933e-01
1.961867651693993464e+00 2.299359894931220172e+00 2.451486292579198700e+00 1.292145408005828333e+00
3.075592834824222077e+00 1.891899461958283402e+00 6.207555749314712656e-01 1.576898478860901065e+00
8.433739432336746500e-01 9.928689557162646562e-01 6.853918914200581858e-01 2.543282463015762662e+00
2.759232884543725284e+00 4.725626648653358797e-01 1.416866456287346199e-01 1.136725954632455293e+00
8.427104799192356444e-01 1.496229662236735702e+00 1.537413532990571818e+00 2.101759706735867539e+00
7.688834039021575917e-01 9.704980497602667955e-02 2.504613381503524305e+00 5.386494921141550263e-01
2.871606341822591890e+00 9.947636098091817702e-01 1.734987740969174075e+00 1.812353791546403414e+00
5.564386087458439434e-02 2.052598547645932303e+00 6.952648375738732511e-01 1.757589352711240727e+00
1.263091657925462741e+00 1.566381689931801713e+00 1.372765707952740000e+00 1.814461824100758403e+00
1.287055363657050089e+00 1.566699057908671922e+00 7.107398656988563879e-01 1.437043690693121212e+00
2.761129829000603664e+00 1.242069556354488791e+00 2.456473050941278657e+00 1.019814717067247356e+00
1.377438678171200692e+00 1.436821140526869156e+00 1.361570640538686261e+00 6.150875180608950804e-02
1.053206769989210478e+00 1.376490364633666842e-02 2.071458200173344366e+00 4.906604442564581614e-01
7.470634606728804306e-01 2.687212352464898757e+00 1.827610441005750319e-01 3.056299840649432387e+00
8.914834101685936707e-01 2.555621174687387587e+00 8.309682876785559058e-01 2.899809915845098285e+00
1.085340327104584501e+00 2.276765562472587323e+00 6.615754589360253179e-01 4.518566514262413736e-01
2.504371468149609203e+00 2.990055882243638941e+00 1.949179043147913459e+00 3.220172816948403960e-01
1.816820290592213283e+00 2.105116329515458240e+00 2.441146858342630122e+00 2.113687181287578820e+00
2.966087303562940924e+00 2.622026255423296703e+00 4.811096170506105052e-01 1.268726058244028065e+00
2.404654819827241941e+00 2.126931777935201939e+00 2.471535019101897657e+00 2.287222800073044127e+00
1.552026807997285651e+00 2.290448407700229172e+00 2.065388647623337182e+00 2.567056235905944006e-01
4.125991885934081616e-01 2.397229553795115820e+00 2.904005188084407330e+00 2.348745096561616563e+00
2.154364374546380301e+00 1.274307324844467848e+00 2.320918861010705214e+00 1.375315538489616962e+00
6.892203017718472324e-01 2.108872174263375088e-01 2.557337873027377029e+00 1.545217936253385788e-03
6.216749627438867831e-01 2.826345413505471083e+00 4.804049012360260273e-01 1.513290350383346805e+00
3.079687049641019581e+00 2.908940927356960415e+00 1.909396662793421351e+00 3.334201098065586039e-02
1.375662208243191853e-01 1.016288113538239113e+00 2.861685746727639756e+00 1.164088769429850290e+00
1.651471717098061287e+00 2.793965033570422474e+00 2.007499572455372638e-01 2.064177503452714266e-02
2.217724188883225978e+00 7.228260331397248772e-02 3.064136428522131972e+00 7.686424787345612630e-01
1.359545420534117088e+00 1.864579515225771034e-01 1.977688950275712898e+00 7.619883426956949313e-01
3.092963458217745654e+00 1.472409627823644540e-01 2.821880046534326780e+00 3.193285573779109376e-01
4.846024751306471923e-01 3.467818250017898341e-01 2.031141823172099237e+00 1.030097037670590632e-01
2.859409528013177937e+00 2.249859795385804606e+00 9.815839008234995833e-02 3.101037919434061152e+00
7.309023348543031151e-01 9.183399720259921573e-01 2.351480596805561429e+00 1.333547982391552589e+00
6.741556507193648962e-01 2.429427766015339885e-01 2.526680332304742205e+00 2.963120714645949838e-01
1.860048528077921093e+00 1.083822259910391717e+00 1.210563653243944410e-01 2.829152951013716777e+00
5.775182195577546196e-01 1.293270394686475977e-01 2.232639168910429905e+00 2.263436022222470534e+00
1.158523785863057487e+00 2.498966514752578139e+00 9.030513723486139899e-01 1.980391892764654438e+00
2.695049766501683930e+00 7.728492381519256327e-01 2.227182164773116035e+00 2.279285240951993252e+00
2.015750413005335417e+00 1.986911150007207416e+00 2.533448758163501680e+00 2.598400246351621146e+00
2.135373824659798636e+00 2.751291415023738307e-01 5.228334669261331946e-01 1.337805488863804237e+00
2.650686746148663175e+00 1.575913758506644058e+00 2.186369086714178067e+00 9.178812146842759701e-01
1.743849917733773847e+00 7.379849408936522970e-01 2.085139429674840894e+00 2.119739010776580557e+00
2.266921863910744683e+00 1.362754149679760385e+00 2.487911798128003671e+00 3.097256143507108317e-01
1.375835023166680271e+00 1.509775225216853034e+00 1.356150112518397011e+00 1.470121869363423706e+00
9.401601135911571427e-01 1.834318672190942578e+00 1.586356689794943708e+00 1.124531674724452257e+00
2.623731329199297857e+00 2.855178027782465211e+00 6.900451542500343205e-01 1.294327559108066517e+00
2.583868403993388352e+00 1.266246870634151644e+00 1.538665465165540036e+00 1.304984029840301263e+00
3.660685076113086105e-04 4.159343876893391578e-01 1.207060192164453039e+00 4.059036790604879097e-01
8.032685166992212800e-01 8.136110277006294855e-02 2.163259227594948597e-01 3.920411758029045957e-01
7.505812164768944639e-01 2.065290453843825702e+00 2.844688018193091139e+00 1.717324566407752107e+00
2.237585866088111164e+00 1.897326375973502899e-01 2.482994246038884523e+00 2.799546297212327950e+00
2.112902047861716870e+00 1.711920232372850181e+00 3.097605445637078958e+00 1.959279243134881776e+00
1.849892128406786407e+00 2.247608410699146297e+00 2.385652232439571918e+00 1.474699210360607804e+00
1.172690514568099696e+00 8.060476375388917480e-01 2.014056641835849926e-01 1.512673107082773916e+00
5.611175473867052732e-01 2.523422060532074518e+00 3.007727070645934475e+00 3.293349624030865175e-01
3.550897634349466370e-01 1.325779883441573048e+00 1.403177726079413157e+00 2.384061669894408819e+00
2.634361274262500885e+00 2.839186680273446672e+00 8.963968593740262447e-02 2.563612165103520635e+00
2.226139994928789889e+00 1.999367225535059855e+00 9.358489363824867846e-01 2.527341084247657910e-01
2.260795929362047652e+00 1.752367658808809736e+00 1.087621348977790836e+00 1.474255647143651426e+00
1.148921440953726947e+00 1.457415223131139359e-01 2.635590753567569333e-01 1.544991260772317521e+00
5.231304442779173280e-01 2.723015572115712768e+00 2.709634172986415290e+00 2.178959549818429986e-01
1.082979963286718750e+00 1.669289196589885060e+00 8.213957491087605645e-01 3.132533649119893515e-01
3.102270352117246777e+00 1.731809526869353189e+00 2.578423942835391891e+00 1.056478143458507768e+00
1.492180642967688708e+00 1.910099993245588934e-01 2.061954381434724315e+00 2.240386323634333987e+00
2.435379932529673219e+00 8.163875971702535539e-01 2.794936920738899655e+00 2.171562222065613224e+00
1.709679425510066464e+00 1.793229272828917864e+00 2.906303861919502740e+00 3.117428751519081498e+00
2.286698504172492985e+00 1.177332630820915105e+00 2.144794414197803700e+00 2.666452370409980954e+00
8.195118978096039841e-01 3.064813811268964905e+00 2.270631607473644564e+00 7.050264733147527663e-01
1.418520668294710019e+00 1.336335626094368623e+00 1.552615573606484223e-01 2.960723623535851168e+00
1.780437705493181699e+00 2.707066005501514550e+00 4.550947496163258998e-01 5.383454618701730837e-02
1.062091183477268608e+00 8.579927171445714262e-02 1.200078926534440704e+00 2.804972173665415180e+00
7.944638021312242504e-01 1.414319711091208243e+00 1.189974983132845165e-01 2.966553172303637576e-01
2.636694891081237113e+00 9.684080834734950516e-01 3.268172636519486862e-01 1.689378684916933437e-01
8.810630861106366618e-02 2.190342478926627034e+00 2.899569041877126940e-01 2.712607800188131524e+00
3.759032793481885126e-01 7.031434678219692369e-01 1.090871163094230489e+00 6.097931988586426932e-01
8.501805110273231714e-01 8.563899804778456470e-01 2.013188255390763182e+00 1.858243081819630715e+00
2.213571064861981963e+00 9.709133958781268614e-02 1.818787940559315475e+00 1.663024258781958586e+00
2.873617850736796431e+00 2.028538356312826529e+00 2.635032650328992809e-01 1.288709228683849517e+00
2.277791073700309532e+00 7.707957797918788545e-01 2.572606799151464507e+00 9.961983333742752134e-01
2.044131754639539889e+00 2.293604403843311879e+00 2.582428549665490625e+00 1.547288582118948146e-02
5.342050158576530094e-01 2.179410829602179689e+00 1.077839956553612977e+00 1.399712844556806779e+00
4.958832673263246504e-01 1.406029271056921326e+00 2.944658957596319571e+00 2.735243186675807014e-01
2.415359544757406329e+00 1.875936003139883512e+00 1.172026105243596961e+00 1.187912109027910335e+00
2.487562636464475396e+00 6.191810676828218840e-01 4.756033262498667868e-01 1.430629462309851885e+00
1.843229105781153121e-01 1.926853955699660892e+00 1.532217837525144954e+00 1.623863206343483245e+00
2.341125853863186723e+00 1.411152594400060245e-01 6.122933454926173663e-02 3.036579810407241009e+00
5.225549539401875832e-01 1.345359423346503824e+00 1.690339671061687810e+00 8.851526996428125127e-01
2.452616376574479506e+00 2.001418276869697088e+00 2.556329541175785813e+00 1.805402579477316749e+00
2.104382345637898499e+00 8.278020930403393596e-01 2.402053308818821620e+00 8.528573468562561377e-01
1.723430645835248187e+00 1.116068668384301160e-01 1.836824455010894752e+00 2.169435706623936699e+00
1.568241694649535223e+00 2.738121889105470608e+00 1.634088313098617240e-01 2.652913191535994031e+00
1.225765029126315797e+00 9.543292347126780539e-01 1.350039339091587687e+00 1.296172567660758945e+00
2.895334424979142174e+00 1.799098861414036410e+00 2.190240958241625790e+00 2.197569977989067613e+00
2.412357774739579686e+00 1.445792115863951066e+00 2.220611169230116477e+00 6.116026889484870166e-01
2.675664467133761271e+00 1.969823279392686644e+00 1.232500420727148382e+00 2.097775933701190088e+00
2.597379248086546522e+00 4.105821507223262889e-01 7.135286698643601433e-01 1.019977915048640327e+00
9.571920413649182002e-01 2.249419124680123172e+00 1.990003308768015122e+00 1.351135616523229555e+00
3.470858309551224097e-01 2.977396430504718694e+00 2.578710080128080673e+00 5.615971900410839934e-01
2.189157986387376909e+00 1.499198175967281665e+00 1.431933026372978812e+00 2.693172087912191426e+00
1.148049559265015285e+00 3.656511744585084767e-01 9.805125081570142953e-01 6.288034652440515071e-01
3.323452507935041600e-02 1.783829195942092660e+00 3.557102621050381441e-01 3.692112916723315208e-01
2.432917564663502397e+00 7.614377033602949263e-01 1.825896593684691371e+00 1.265660590337020386e+00
8.895239014803377753e-01 1.071520232908162784e+00 5.762698446369489691e-01 1.987694413292130924e-01
1.322792095743573482e+00 2.611459458233804654e+00 2.140681314116237743e+00 2.269607281491198503e+00
5.163903021029142559e-01 1.920029595083106777e+00 2.171444363259948052e+00 1.411806792761938656e+00
1.322124806347293902e+00 2.646291785714087741e+00 1.538323444320160549e+00 3.014955256333822664e+00
2.229177598287639395e+00 5.995559174773510414e-01 2.411888011087337080e+00 1.305764733996669813e+00
7.045699199105617261e-01 2.637373289659579623e+00 1.752520113770636101e+00 1.184680996905365769e+00
6.241092046720957409e-01 9.646265401492898350e-01 3.663482731085913602e-01 6.431603192949706393e-01
2.619277834185527620e+00 1.077198730040220154e+00 1.166062834902966902e-02 5.104497886282308716e-01
7.453741065851776648e-01 9.735294324854216752e-01 2.918298251336312266e+00 3.071630374386243645e+00
5.870587523052288592e-01 7.884430326893804297e-01 2.632276425857420499e+00 2.739069550480583537e+00
1.835112963448092271e+00 1.951015816524126256e+00 2.864826888306756025e+00 4.851021415131800407e-01
1.863234037489600814e+00 2.550486726249622915e+00 2.312705362441998869e+00 3.514333907197773194e-03
8.113766209849712086e-01 7.968423104027736459e-01 2.277158983546581916e-01 6.230035739626226254e-01
2.244324586588041903e+00 3.026932485989477950e+00 1.461911952437413786e+00 2.869959867070423165e+00
1.984351852313102293e+00 1.778261517357357047e+00 4.489293634108564857e-01 5.751960395873917387e-02
1.403370818145647680e+00 1.892242336473468178e+00 5.188491287119560980e-01 1.892600167465986916e+00
7.694594651735727764e-01 9.977059480187272511e-01 1.359635603047969932e+00 1.081230804606705398e+00
8.590403705379572319e-01 1.721019194674029418e+00 5.943846588584731361e-01 1.675930442227925976e+00
5.084211511491180113e-01 9.891911288919932876e-02 9.496646642178355746e-01 9.890682316901815430e-01
2.339974660217228219e+00 1.137504463859519144e-01 1.744516369876941420e-01 1.846109918013784768e+00
8.897024595370154332e-01 2.079949567805432054e+00 8.808015469536089048e-01 6.773454005262587174e-02
1.050023012098120434e+00 2.874613733358289291e+00 1.734157695293158552e+00 5.957329990901936156e-01
1.534132488511623205e+00 2.604242686178995569e+00 2.354084711422291143e+00 2.678853298298711216e+00
2.340331474842461290e+00 1.862238212419323524e+00 1.663007670140565386e+00 2.606388709091390865e+00
2.404813572857545267e+00 1.736715938686136607e+00 1.890261411967903538e+00 1.459710481237727286e+00
1.384838808836880819e+00 6.544635599502209855e-01 2.876372613642302678e+00 1.388333948696461873e+00
2.230116075694989597e+00 1.114461720808330308e-01 1.065978471829453156e+00 6.358660919119236699e-01
1.972330074717117743e+00 2.717459291481754580e+00 6.540275408171267735e-01 3.034803039270257408e+00
2.472578224281509474e-01 5.677549479293254597e-01 2.919602242202112841e+00 2.414417273003042208e+00
8.094582857908145801e-01 2.310996087023625467e+00 1.510968173426435524e+00 1.255893182027520316e+00
1.918637891970493614e+00 2.351702309241431976e+00 1.569859722256026435e+00 2.262848911165882715e+00
1.626373909374780324e-01 2.752292373065873488e+00 9.544774231976519419e-01 2.035549051609742310e+00
2.489427297076332035e+00 1.336594390008160049e+00 2.218242248762070545e+00 2.946838084878829811e+00
2.985320117078933855e+00 2.245414714665523448e-01 2.606245541044723169e+00 1.218089964141960246e+00
2.808387589848690968e+00 7.194865288821490346e-01 2.470125452367306629e+00 3.025668255268502804e+00
2.776328064452967759e+00 2.003128480753081142e+00 2.751923570085353266e+00 1.572858800737892082e+00
6.682243293095412318e-01 1.209447446764304379e+00 1.630007563934408266e+00 2.907212223682161589e+00
1.435690370586759412e+00 1.795700293559099325e+00 2.351970185430734883e+00 1.910815749029835642e+00
2.730122621412647832e-01 2.124555046364522859e+00 1.170363476068055020e+00 1.972186618111260170e+00
1.993580866905241500e+00 7.320782436096762158e-01 7.911722371132470233e-01 1.490872886065513381e+00
2.375461638551877863e-01 2.032009913269233525e+00 1.455815112159863922e+00 4.518472871480614383e-01
2.620347931362174698e+00 1.571947822141588791e+00 8.615691522669662872e-01 2.212705772401617033e+00
1.636201522359121974e+00 2.800502150744873298e+00 1.098977875384601788e+00 2.685175000905971832e+00
3.000032108907045636e+00 2.128882286303891647e+00 9.527460724155395466e-01 5.011059562773469978e-01
3.102367306943114134e+00 2.547575020256932277e+00 5.228529760528883852e-01 2.246371537043734712e+00
1.274232380241054008e+00 2.846171836973350189e+00 1.584388988140854881e-01 1.177214614944804838e+00
3.099970419511953512e+00 2.729615206313735221e-01 1.463291128871498037e+00 2.847389000058959674e+00
1.658985786071503821e+00 2.354584600487088064e+00 1.729275132591890696e+00 5.668400342162376315e-01
1.307414021656097880e+00 8.114023444270536123e-01 1.834150348185735302e+00 5.263223655711164461e-01
7.090485988144313856e-01 1.274483292448620464e+00 3.088056972639900533e+00 1.311373376012332281e+00
4.711306350294597878e-01 6.310573284431812702e-02 7.621971191632300746e-01 2.347382540165818376e+00
2.446421287762089669e+00 2.622720748741843799e+00 2.819958472776852521e+00 2.666594042502495210e+00
3.081399273691860063e+00 2.636597665501996257e+00 1.691128830861344357e+00 1.994552574055436400e+00
2.079572458777165345e+00 1.855479663399891774e-02 1.034535574404849889e+00 1.397190555299744785e+00
2.722942148375163129e-01 2.718264920889526426e+00 6.287451616197823334e-01 5.238012255906956405e-01
2.070550435684253454e+00 1.205784636599861182e-01 1.805426195988691473e+00 3.137217744112375528e-01
1.197732513756753825e+00 1.275271783914704748e+00 5.263439643916628663e-01 1.973941368717373024e+00
3.009740234928645286e+00 1.890417390488323690e+00 1.698086918932316669e+00 5.704194357703160634e-01
2.775987543810717106e+00 1.123751542412186000e+00 8.011266615974783623e-01 1.374199207793646238e+00
2.595163812322581087e+00 2.973895260135770435e+00 1.696358501170903033e+00 2.781239326182631810e-01
2.628733681798404831e+00 2.018731304155857664e+00 2.912341501466938265e+00 7.786739982782145963e-01
6.025226091563271602e-01 1.445249157602495504e+00 1.432147629188419646e+00 2.403319723937600738e+00
2.207362334565400985e+00 2.278397403740536065e-01 5.364081978169612380e-02 2.375025422158265176e+00
1.759550423013922282e+00 1.525105329060054027e+00 2.887748853403388161e+00 6.226128706040183758e-01
1.483154698006296179e+00 7.748612403625255718e-01 5.589113237870159921e-03 1.444672204918463709e+00
1.740380928985156395e+00 2.760627319768033106e-01 4.141741882193301083e-01 7.542560695974442897e-01
1.798647718285681651e-01 2.662248206499981062e+00 3.023971706142936089e+00 5.076707273628112693e-01
2.313013641968826750e+00 8.914846816391168716e-01 1.039128624594285011e+00 5.310404301447136932e-01
8.692117983614677801e-01 1.270817372279660962e+00 1.389324023766636662e+00 4.535511946667414307e-02
9.622183291512812486e-01 2.304013148810617917e+00 6.707807479195851963e-01 1.810886755419841010e-01
1.224475482749700861e+00 5.833370407962884530e-02 1.185411448657230915e+00 1.474181723380225684e+00
1.102768482453187815e+00 2.061763866591393324e+00 3.679542796147033390e-01 7.686070003694601693e-01
5.037317230797939693e-01 3.754973087768659346e-01 1.231278502271238917e+00 2.477222792620140390e-01
4.777524960197125914e-01 1.916117835277955761e+00 2.318672003829258088e+00 2.519591180389401330e+00
6.899368495196764872e-01 1.281627422936675975e+00 3.360876019726520281e-01 3.091809700420267593e+00
3.797130514604872831e-01 2.823878937659312527e+00 6.753105515670944081e-01 1.585091700310867546e+00
2.400634421779221039e+00 2.123942192233846615e+00 1.966596017470915614e+00 1.311313011028927056e+00
4.263064798608491301e-01 1.936710304201505695e+00 8.304700750492411965e-01 5.641350282608655897e-01
8.385714066958920299e-01 1.067888944256147887e+00 5.631974106464571195e-02 1.651678356601424369e+00
1.977394349530460227e+00 1.516142133849067930e+00 3.073098173786100951e+00 2.390444084668402525e+00
2.146903898176146797e+00 6.868102674618027370e-01 8.066568382494238021e-01 2.976592541026578331e+00
2.765072488031392606e+00 8.386830160979638071e-01 1.251753103568916003e+00 9.939608852760445368e-01
3.104957404583297276e+00 2.023896718859842903e+00 7.954249033677830427e-01 1.592491506567736748e+00
1.846575065066743182e+00 1.509104170472837847e+00 2.866221979295410893e+00 1.320506890055205940e+00
1.727743435875745526e+00 1.993020244104799776e-01 2.488913400506468143e+00 8.115329673286680867e-02
1.618052994363537112e+00 2.320252165147575596e+00 1.642754485492490035e+00 1.901455430027259308e-01
3.458534174267387518e-01 2.029745092419332486e-01 1.048847471247868063e-01 1.416269926339638108e+00
2.430877947065148259e+00 9.747620054214626295e-01 1.185342791234168525e+00 5.103392295813070634e-01
3.012441567657549779e+00 3.104231742203215294e+00 2.480831604774496935e+00 2.243893947563359692e+00
9.661730781332235063e-01 1.369708570287020422e+00 6.255179969711731625e-01 2.638541342752786026e-02
2.581126498705216932e+00 2.897764710547187317e+00 2.939968070809790834e+00 2.020893427338438020e+00
2.744075809492630746e+00 4.069496121148309387e-01 2.760355367104836866e+00 8.362574297949302293e-01
2.339896428940465345e+00 6.835786054426994385e-01 1.897977323953129680e+00 8.701798442106296883e-02
1.252769851631900522e-01 2.668764985866374229e+00 1.068952491487290324e+00 3.193714221451946500e-01
1.025194850305407801e+00 9.289194439457031383e-01 2.370433990602086816e+00 1.850444723088774390e+00
4.377421182139961675e-01 2.987562419675217296e+00 2.559699272549427640e+00 9.076204726529800426e-02
1.333449985327475718e+00 2.648953810112800733e-01 5.206714414842879002e-01 1.023273461642214333e+00
1.104143187255598457e-01 9.529893264008967302e-01 2.544497666365781896e+00 2.082393752744407411e+00
2.214598405694616634e+00 2.747517145895234325e+00 1.710772073001589400e+00 7.677241380533637027e-01
2.825555874745152796e+00 2.030960667090681682e+00 1.080935435861031246e+00 2.961246104703033399e+00
3.027275275608949379e+00 2.563749415250395902e+00 2.331554791007787841e+00 1.045371358804273454e+00
2.103189017187914622e+00 1.975845537174132582e+00 1.130094513177265281e+00 1.240261134593285908e+00
1.084974283458689071e+00 1.959408051105913762e+00 3.298484925446997229e-01 2.774826610541064609e-01
2.863311301766204409e+00 2.302858764294332783e+00 7.518869493691515693e-01 1.896891346259461431e+00
1.499634511193638886e+00 1.345643453457862959e+00 3.082608964018937137e+00 2.264781347396999323e+00
7.038727290064278330e-02 2.836313842720065814e+00 2.470929831525218390e+00 4.731662829262931469e-01
6.555934708814865619e-01 1.897030649069977176e-02 2.166129164560764764e+00 8.562310850418232144e-01
2.793874278629751573e-01 1.408065418430909821e+00 6.077513759307200392e-01 1.762196145354633536e+00
3.085340333294782411e+00 6.085948142725242649e-01 1.438317206582419641e-02 2.131734447086613304e+00
1.111984621815094582e-01 1.120808925867154970e+00 2.657711363321754727e-01 8.938646909864049750e-01
2.375020904277177713e+00 2.828097874260062650e+00 8.885121499076031881e-01 1.563900790247185313e+00
1.343819908201084656e+00 9.249613151507301775e-03 2.152872724989065123e+00 2.749453369478113807e+00
1.987913765981677905e+00 2.894577774275032045e+00 3.094654038547056452e+00 2.314018629009335637e+00
1.030373576736864694e+00 2.376429515530079417e+00 2.778569020036443793e-01 6.640594229741235699e-01
1.759448956506179051e+00 2.047704276420027725e+00 1.750307395072975503e+00 2.687097004493379071e+00
2.404487675922161838e+00 5.307864204734794589e-01 2.278907914684960012e+00 3.097231924820023519e+00
2.456693123043755200e+00 2.239116801614503327e+00 1.831814197328911931e+00 1.304570495743161640e+00
1.855895098346553307e-01 9.078691434188652931e-02 1.961170667039871196e+00 6.010185260254902184e-01
1.543692201314115664e+00 1.622661404709369870e-01 8.892236233886918750e-01 2.382262347507112743e+00
2.859389776101921576e+00 1.202471970884882113e+00 2.392681156705130707e+00 6.827157613998725560e-01
2.427427876544242746e+00 2.609458383806945392e+00 1.090368470033715953e+00 1.126021721597198599e+00
1.835041278260892916e+00 1.735998887428246817e+00 2.623665178849896140e+00 1.013093048342333713e+00
1.631290360585442023e-01 3.138007813225904385e+00 1.366947460682655491e+00 7.946052119745590503e-02
2.363066860753480825e+00 1.843378689855069918e+00 7.055027017919057730e-01 1.178270336906354965e+00
1.413248933235115856e-01 2.412586248782794929e+00 1.609348011920950006e+00 1.072430751528396176e+00
1.884107862996468596e-01 5.049240835895445895e-02 3.046724093826093327e+00 1.384313639217355840e+00
6.540245295850695140e-01 1.544086955886058377e+00 2.623945890977728457e+00 8.746472941553685709e-01
1.091775121567927220e+00 1.562138429593491029e+00 1.738900186540552673e+00 6.357665000179230086e-01
5.056754197114771837e-02 6.137031602487189597e-01 1.777126440196494572e+00 1.089768234479547626e+00
2.179645953182979934e+00 1.383085568657139497e+00 1.678411660780248837e+00 1.352199915304588274e-01
3.137334253709262555e+00 1.458243641544214597e+00 2.610368322788467754e-01 1.149597020685591220e+00
1.297221846363062259e+00 6.857390946393109310e-01 3.003613132440631883e+00 8.310172131222932634e-01
1.580871597378778359e+00 7.049077200461432990e-02 1.705597332340157202e+00 6.062336897646776190e-01
2.558900112984237918e+00 9.596510168126621831e-01 1.959040843519364472e+00 1.333170366925598538e+00
1.590652315328382749e-01 2.147175471558405935e+00 1.094003480435990383e+00 1.670510452969334592e-01
2.681161956171332239e+00 3.343411551458889130e-01 2.587455508094392176e+00 1.674479460035666611e-01
1.968386268868802524e+00 2.888233201937639549e+00 1.112041883635943584e+00 9.743206380010283052e-01
2.919223486278942570e+00 2.769328565658778274e+00 7.442179406223915494e-01 5.513169859386269911e-01
9.951548292978004140e-01 1.699138227216808961e+00 2.325809451723604759e+00 1.370238649225544281e+00
7.320037143052249284e-01 2.476303619062949046e+00 8.445077484168965753e-01 1.145866646580168791e+00
8.072048651597906188e-01 3.097563457287958677e+00 2.440132404821116485e-01 2.081533931297732121e+00
1.170929064967399791e+00 1.609898073942740648e+00 2.821713523514633781e+00 2.718621867762827549e+00
2.967066236638621124e+00 4.884688278497504865e-01 2.275725294064546045e+00 9.639671042129512868e-01
2.912587987943841661e+00 9.108875028558947040e-01 2.139928858892372165e+00 1.171443503546396592e+00
2.251731355561558789e+00 4.390736045328384046e-02 2.074693888527355146e+00 2.355046001896103469e+00
2.347200715257850678e+00 1.303406319113610712e+00 7.716967588932841515e-01 1.974063225852873860e+00
1.040267251673823168e+00 1.577603528913209097e+00 3.766339342241904475e-01 2.200477879792365421e+00
1.362592547339908755e+00 1.011539660737533319e+00 2.636542562402742096e+00 6.618768673021188098e-01
2.657358455846839274e+00 1.548855535960229624e+00 2.843426764101097959e+00 2.935776754277020784e-01
1.657515138207057648e+00 8.752531588788480255e-01 2.310069771211272105e+00 2.107240882443961461e+00
2.343276684173357438e+00 1.110154533205307992e+00 8.836641680250814090e-01 3.518845017497803096e-01
8.065226699106881059e-01 2.756904970432197732e+00 2.628133838754453500e+00 3.289615708422710116e-01
2.285465978685696092e-02 1.213158686432811662e+00 3.640011821566586092e-01 2.169166061174861770e+00
6.994207873519114882e-01 4.928300642865605097e-01 2.203254723056571329e+00 2.292082945958421547e+00
1.032326858083901122e+00 1.975050049198041391e+00 7.316525574014604016e-01 2.268035610971192995e+00
2.355892603759295323e+00 1.691637863949989606e+00 3.140455100996686788e+00 3.018758563245433013e+00
4.471040930445318029e-01 2.316387433063323842e-01 7.436485604628754187e-01 2.457273139918334515e+00
4.428140229180419496e-01 1.327519487593853187e+00 1.683208892488853747e+00 1.556941752882981422e+00
2.051066239481869058e+00 2.700297664309695200e+00 4.621280892780172400e-01 8.940314496067390815e-01
1.481946919925371808e-01 2.093335956801873010e+00 1.055545993731964671e+00 1.641571688799682960e+00
1.487988061125302242e+00 2.639062142791003041e+00 2.929261700355271891e+00 2.995767096354124526e+00
2.524036435861242156e-01 5.840663198007060020e-01 2.811678791782907361e+00 7.626050261870261915e-01
2.684682630103870427e+00 1.273602032220563451e+00 1.616092748715832750e+00 1.850012786945914200e+00
2.674737506702818735e+00 2.946177610162457938e+00 2.068573448718856511e+00 1.769246909013343805e+00
1.167675427806644128e+00 2.661397164123879389e+00 8.218047793721315886e-01 2.873026814482281033e+00
1.666574085974167563e+00 1.313258410167473134e+00 1.622075030011819852e+00 1.293005052215537576e-01
2.956245462330734597e+00 2.128282755951149241e+00 1.758144532302501784e+00 2.094384385062697085e+00
2.424152418448787927e+00 8.350477304765709929e-01 2.046797723760309384e-01 5.074495724625627258e-01
6.495369660226956166e-01 2.645140256058148509e+00 6.198624549636504860e-02 1.143300927758806429e+00
2.842516330699492944e+00 2.453522002664815793e-01 9.049883147809104633e-01 1.029638509756310105e+00
2.455003206814459382e+00 2.619346671703040474e+00 1.959457221420138229e+00 1.413499916721245420e+00
2.160010139789962480e+00 3.003366894927232522e+00 1.032491990334484466e+00 3.337396024607867107e-01
1.889955993648533950e+00 6.311909319712021016e-02 3.030174457112365438e+00 2.973491312344390014e+00
4.476968726954885236e-01 8.148442623125466966e-01 9.039242603573323376e-02 2.034579697647626695e+00
7.923006492541833090e-01 1.593591674202952779e+00 3.093361274274349704e+00 1.239441269157150360e+00
1.907168768297439643e+00 1.595038873037832206e+00 2.876148872710719395e+00 7.850400224101183877e-01
8.665317192164416482e-02 2.859831671119968943e-01 2.450736068101709630e+00 1.838876486013664824e+00
1.905778719976598756e+00 2.977849577139803472e+00 1.632425402972258466e+00 2.124150256717273422e+00
2.655185045668144728e+00 3.045871505821543757e+00 1.695351596928446725e+00 9.025086343971169267e-01
3.069986462628233159e+00 1.202147252688515966e+00 2.389405712349538913e+00 2.551140837183446752e+00
2.222745019418852774e-01 2.520769116678334587e+00 3.102971413766447473e+00 2.034443664996585355e+00
2.434952555812817554e+00 1.182015507418273881e+00 1.423086722110901814e+00 2.244755973690448325e+00
1.809710386451312436e+00 1.322684463795431586e+00 2.704651420982211008e+00 7.198836302917701602e-01
2.326215119345655946e-01 2.890897675075505546e+00 2.648930661696755617e+00 6.469081863838866964e-01
2.253314235853449699e+00 1.434361691696915742e+00 1.017839891401013386e+00 1.845887401305126518e+00
1.031020763541123708e+00 2.703829815714984708e+00 1.650975830923436138e+00 1.900182029758923585e+00
2.033753784690572886e+00 2.268456608866883939e-01 7.470203893425704234e-01 1.404007977876118973e+00
1.032824295381418400e+00 2.266731408545638315e-01 2.273796468817443017e+00 2.533371367895567161e+00
2.839755748723197915e+00 1.954947374995137377e+00 2.870442220869479311e+00 2.050899428897658971e+00
6.764437691430400523e-01 2.708496795383661837e+00 7.827540149504991218e-01 2.230752802803151358e+00
6.083865085714252885e-01 1.648444379272085092e+00 1.281330757193422487e+00 1.659974064420209894e+00
8.840788793992836458e-01 3.082260162803615700e+00 1.930698413231309196e+00 8.631002073143423381e-01
2.051384081553197181e+00 4.087146574588635950e-01 1.132125859169353266e+00 2.807161001106070586e+00
2.656979218973245960e+00 3.280849698887049470e-01 1.344266665971474595e+00 2.069304866351418859e+00
3.727974703452876515e-01 2.639312685640893275e+00 3.546477864759186582e-01 1.164351154167747371e+00
1.682402988168212044e-01 2.990088383589280863e+00 2.107184620053286661e+00 3.044275399171252339e+00
5.473952877772965131e-01 2.373702728273244134e+00 3.089151359347625636e+00 1.875923550937614204e+00
1.661962373316630215e+00 3.046282638291044176e+00 2.481307150949110252e+00 1.332291159882902587e+00
1.702053732557128773e+00 1.918914709899645299e+00 3.010692847331155164e+00 9.857213793736123719e-01
4.475004192565859018e-01 7.896533686168627497e-01 1.248206627902715748e+00 2.470388061269222502e-01
2.303790171474569437e+00 6.744874540366172476e-03 2.713443431188961696e+00 1.915597021035822189e+00
8.615955521378207971e-01 1.849633928277299166e-01 1.597730457395432069e+00 2.580857280636032147e+00
1.236419576585952695e+00 1.809686377585099093e+00 9.394136715527630077e-01 1.633182186099536137e+00
2.259240407722112209e+00 6.247861928188415126e-01 2.206588010567022362e+00 9.704300478553644638e-01
2.779054501478317452e+00 2.107311802612666263e+00 7.426416504527948437e-01 2.890597283442597032e+00
1.217910231648195563e+00 2.297294599650817393e+00 1.598099230713915464e+00 6.972095363038071092e-01
8.951724258755864305e-01 2.019285574574065212e+00 1.351872605377713255e+00 2.490195987021250890e+00
3.695404610463843831e-01 1.758168085996723473e+00 1.299029690179374530e+00 4.877601554588736343e-01
1.322229862629080044e+00 2.016200179410632565e+00 1.887197649089885854e+00 6.922812214076339288e-01
1.849088839335176537e+00 2.838266361215434852e+00 2.730922174376590572e+00 2.585512812263535132e+00
4.425075680871380923e-01 6.376864149998696663e-01 1.698570069971481189e-01 2.646677819593517444e+00
2.966234872716991156e+00 2.931069525350817884e+00 2.891469242993415900e+00 6.809696306584899217e-01
1.332759501564017901e+00 2.085569680437844298e+00 7.177474222130668657e-01 5.071391263662800020e-01
7.511824923499316360e-03 2.469478836052283910e+00 2.288342415858267920e+00 5.508010913750195359e-01
9.804679982228713397e-01 2.407771523341278030e-01 1.343380907339822627e+00 7.969980647066899904e-01
1.114575832167460367e+00 2.592285210742265811e+00 1.086464849424027435e+00 2.517236178115081380e+00
1.974110971245287338e+00 2.799728331852405550e+00 2.437577171400981957e+00 2.842106112598026701e+00
1.194418454246031880e+00 1.323895455335417415e+00 1.173723074721475801e-01 7.691785085612830031e-01
2.703729445472662807e+00 2.182887027456692941e+00 2.937076304089337508e+00 7.781478324564813920e-02
2.519099519855920732e-01 2.015840443865783982e+00 2.811352807243625129e+00 2.716590362408338954e+00
2.262597399792127373e+00 1.990558021379771114e+00 1.920050170693082148e+00 7.643879926334299357e-01
9.089556605128684685e-01 5.219461473946621632e-01 2.964092476260100195e+00 1.935906166161054376e+00
2.833863718907069007e+00 2.514553986516594453e+00 4.604014280024141259e-01 2.732180253594648445e+00
7.551546247979142867e-01 4.611264690067660987e-02 1.331970246867992813e+00 3.072940602008134459e+00
1.459765625698749569e-01 9.127080599494592494e-01 3.429301103157892383e-01 1.389504037080415255e+00
2.549691066260306727e+00 1.340317003969676291e-01 2.381359281643750769e+00 1.491809668919084064e+00
2.979240714989871197e+00 1.640517925688109724e+00 2.999873797866577707e+00 2.467070559505289307e+00
1.536519917004417479e+00 3.552378485965050903e-01 1.141602831595520007e+00 1.400195597886239041e+00
2.200979197323649217e+00 1.537768735196684666e+00 5.719972620921526252e-01 2.940521617024511425e+00
4.350838648470493619e-01 1.640876966915434609e+00 1.057584571363594073e+00 2.826118297747478358e+00
2.267974897938185574e-01 9.421041573420279036e-01 2.631709689519324158e+00 1.820729385334419526e+00
2.077641072813320555e+00 2.054847793801720890e+00 8.737610115538549937e-01 2.871873387333929162e-01
1.743912030694609872e+00 1.515812590365791079e+00 2.236404082863695297e+00 1.695567801945024655e+00
4.755074509671480265e-01 1.866378676274573767e+00 6.096458884626756447e-01 1.284837082967182242e+00
1.095765086303312902e-01 2.634168672169531877e+00 2.778119098864622050e+00 2.368249298598759101e+00
3.687764934820347840e-01 1.129412148933454096e+00 9.910573441283712093e-01 1.101752231537022952e+00
2.397925751791948557e+00 2.175255755527441548e-01 1.750181188628270323e+00 2.228706046427687770e+00
2.172062339445771650e-01 1.557542177073967249e+00 1.750934100365605095e-01 4.513260584817454513e-01
5.691454897370170629e-01 1.473409214111259802e+00 2.968631259474222350e+00 6.287907124614264265e-02
2.118158191065364182e+00 2.718971402817802474e+00 1.163851686667291663e+00 8.367761552012583648e-01
9.000855811507835202e-01 1.702803031087293695e+00 5.295999773054127502e-01 2.421056607782315240e+00
2.338157628652338893e+00 1.132570001661547421e+00 1.622469206676375730e+00 1.465449688400288109e+00
8.565938516985146522e-01 4.866953813759555825e-01 2.595699280405952436e+00 1.495231504189284966e-01
2.219969062028753104e+00 8.565732981823474812e-02 1.045127643615963775e+00 2.100724007692749584e+00
2.298441589418624087e+00 2.501943035657227199e+00 3.107262438372135449e+00 9.290446391514498581e-01
2.834464422992675647e+00 2.836287112289496370e+00 2.023098862611383275e+00 1.059558075898234808e+00
1.927271559376543930e+00 3.153356314390305393e-01 2.769830494834695789e-01 1.356716410417882213e-01
5.748287084176637030e-02 2.293132853105765534e+00 1.181556685214969038e+00 1.781546292535048925e-01
2.109298549052692540e+00 3.061852690316682502e+00 2.208228744258946274e-01 8.231781096921092500e-02
1.336515983561479493e+00 2.056668568736858216e+00 2.431453637882873053e+00 2.000891539758458570e+00
1.431272107096980051e+00 2.054135318880161432e+00 1.751030533910338027e+00 1.056951394023186497e+00
1.912847175938314548e+00 9.754739696323092568e-01 1.555392289348155099e+00 1.861896266335038685e+00
2.073409567932288589e+00 1.466064858573393748e+00 9.394529715493038502e-01 1.027037949727880317e+00
2.033938753523439225e+00 2.235234522980553251e+00 1.908467385045229114e-01 1.655626928281040133e-01
7.608038925036327838e-01 3.004174839709228273e+00 2.375837523339505708e-01 1.261264391324396605e+00
2.362714531198568668e+00 2.158221990656178146e+00 2.313986886787114727e+00 1.669282335034661724e+00
2.678855106312254541e+00 2.445736506455895132e+00 2.856152214367445819e+00 2.310568196104856309e+00
2.511441630858717744e+00 3.064803271041089516e+00 2.572202816013978044e+00 1.741364311649038488e+00
5.551444211280840424e-01 3.021464963326614850e+00 8.443283325141460738e-01 2.334684478378874939e+00
1.975025824997762303e-01 2.296403782752082012e+00 3.040870517271293316e+00 2.226343488506114188e+00
6.393124417201972998e-01 1.467614773795825833e+00 1.211750150013080285e+00 3.460464165051274077e-01
6.527796861140007234e-01 4.845794494775201855e-01 2.170020162427895305e-01 1.722228734720848697e-01
3.091840724248692052e+00 1.885463263707255699e+00 2.264354495553084323e+00 2.239651630694646511e-01
2.535472244935052633e+00 1.147059179613650004e+00 1.507656143061050003e+00 1.231489332799073244e+00
2.229770464011207043e-01 5.562953605938331103e-01 5.957338064247731380e-01 2.915344088789472377e+00
1.744673170142426732e+00 2.305211075114930452e-01 1.661992013655459788e+00 3.046334689383223715e+00
2.877658319788117591e+00 2.857437743523696838e+00 2.854125332120534875e+00 1.792357608991675066e+00
2.991520648418624084e+00 2.117515808092720775e+00 1.471371479025024076e+00 2.041527375547111500e+00
9.831804997379638422e-01 5.216066854983748557e-01 2.682435707459926544e+00 1.836695220574020793e+00
3.755475139084090141e-01 2.432526013231519624e+00 2.600446409443682327e+00 2.264280529217702398e+00
1.046634901332772261e+00 1.219271206929524398e+00 1.067769898798193839e+00 5.402910688538498790e-02
3.023915924081036266e+00 2.926822716650051337e+00 1.147816768094586104e+00 1.353690443018526812e+00
2.582013198832424195e+00 1.861483347147102174e+00 4.911402153647735358e-01 1.641624151548871868e+00
2.188766075486481721e+00 2.398065368984871881e+00 1.519222558908935428e+00 1.260023146379725567e+00
2.649131286569879062e+00 2.790451291237943998e+00 2.466547950110335119e+00 3.126831056988951918e+00
2.207545872921957919e+00 2.733822486613876723e+00 1.437355882166657439e+00 2.000069303045789670e+00
1.100956830170300105e+00 2.466788047600078304e+00 1.840793649560527490e+00 9.113982789716166266e-01
1.188808968455341342e+00 2.813958404730016127e+00 4.641693467639665949e-01 1.407642112955931335e+00
1.359580191015939077e+00 1.868245430306416210e+00 2.548409265448468908e+00 2.820200331693713203e+00
1.822095002734947400e+00 1.335589997530029827e+00 1.568279931680790718e+00 1.287299688407616216e+00
8.845285697383443724e-01 2.667357432928993966e+00 5.172748776329827436e-01 5.036409515672489456e-02
4.670694257270492922e-01 3.357265579223464580e-01 3.004067920649981183e+00 1.413067217719918278e-01
1.604645965499932547e+00 1.929619163782854585e+00 2.436088025340096053e+00 2.111935360497801284e+00
1.856291113834074968e+00 3.164240751241259031e-01 2.105228252990912097e+00 1.743702423065695672e+00
4.484085709839665257e-01 1.040473308178083478e+00 3.093276646437778332e+00 2.437644247591328472e+00
9.920284751647922006e-01 7.675314606196901313e-01 2.110362098901614303e+00 1.506317296496258562e+00
6.202600320096399861e-02 2.193156597822598086e-01 3.848467901005528935e-01 3.069309079594001677e+00
1.140867221843241630e+00 8.874406268854544422e-01 2.484064588485335623e+00 1.478207667375415646e+00
2.224112379776521209e+00 1.731909226520370604e+00 9.196763464034831692e-01 2.035295762610377146e+00
6.557062038497637468e-01 2.552706236092318726e+00 1.271080400244990916e+00 2.438398436089423971e+00
6.457927693151209736e-01 9.543862670497228751e-02 1.828900935822368679e+00 8.432865051406486234e-01
3.021033976934890397e+00 1.603744928563156646e+00 2.055565807515273402e+00 2.069254070021595115e+00
2.641800845521431462e+00 1.619839618198613829e-01 1.324016726793497967e-01 9.803733784463612988e-01
1.286376212656480611e+00 1.670036634625225724e-01 1.597171381823543346e+00 1.427469769026669333e+00
2.337655572038127794e+00 7.690123240726671749e-01 3.208330111024146336e-01 2.798766708426802197e+00
2.417401034748368760e-01 2.432566455423206264e+00 1.894576795544808956e+00 1.399521148364440082e+00
2.338878298152826662e+00 2.667048097566551146e+00 1.610387017304359514e+00 2.005978477905682400e+00
6.390087419398311763e-02 2.448022746808833805e+00 2.135744550713475132e+00 3.092713258613544181e+00
2.905438910636035654e+00 2.411316513663111394e+00 7.919701861428608547e-01 7.159624938764411750e-01
5.197975209084831905e-01 2.538797688256559937e+00 3.026574541437365706e+00 3.074221319941130126e+00
4.490067532328314570e-01 1.054183394820670472e+00 4.127031478126484965e-01 1.029858964635842478e+00
3.115744570432117388e+00 1.825678145980751621e+00 1.146635129807866971e-01 1.428785360940828808e-01
1.977938655429021919e+00 2.417247748509153915e+00 2.089161939012594171e+00 1.530523792737766620e+00
4.745120104555177742e-01 1.986438846934546421e+00 2.416693676041359762e+00 1.448054247026537567e-01
2.118233771969875168e+00 1.732460329016061173e-01 5.304162963699448063e-01 1.734434951086864185e+00
2.206737592225521016e+00 2.483045198075032101e+00 2.176106324915569434e+00 5.028490254155517647e-01
4.368061574720579765e-01 1.671932753213703382e+00 1.779386183243840680e-01 6.910187659030114782e-01
1.244061557260072171e+00 5.664448695870254458e-01 2.795931220441491671e+00 2.131352550527911394e+00
1.701132065367217672e-01 4.956144764313912265e-01 1.229765650651983400e+00 3.109824769758881224e+00
2.476210913401800884e+00 1.813958300583401462e+00 4.696984853316769626e-01 9.240793340991677873e-02
2.284841774151950666e+00 9.479645047463367558e-01 1.727048892697433669e+00 2.418137196011896251e+00
3.015939184777608251e+00 5.239680321520441275e-01 3.115775265527374049e+00 1.200246163367452379e+00
2.856665700398637320e+00 2.414918653639176238e+00 8.533655303210687659e-01 1.906262450846873513e+00
1.656185065103991938e-01 1.383700574436207642e+00 2.072989151140292030e+00 2.466485500693162969e+00
1.471771089952320422e+00 1.548600043725662179e+00 3.252044154961572509e-01 6.273953740205626683e-01
1.919072960310025167e+00 2.067664654379061773e+00 1.303562216822019559e+00 2.200719164663216265e+00
1.961141517142409363e+00 8.302054902653159818e-01 3.123333781808740550e+00 1.658903277033644263e+00
4.756875998317214305e-01 2.374819921403023226e+00 2.056285423204159635e+00 2.327850597537765687e+00
7.416969554435286494e-01 6.613043675462958459e-01 2.324058931999566369e+00 1.729695748075634976e+00
2.443977038077924213e+00 1.510276619126522224e+00 6.316103640332298985e-01 5.976482063990156135e-01
1.472438704856808167e+00 1.050930279590025940e+00 1.602258146185502774e+00 2.789506343166909375e+00
1.078677657021019476e+00 2.322454686124583834e+00 1.803892806595595699e+00 2.667195399412280565e+00
4.214848901012938076e-01 4.489060483315429062e-01 1.774001630037484123e+00 4.307099329960253908e-01
9.800691411238732220e-01 9.180813036282384765e-01 8.224279522796408282e-01 2.996508892681734038e-01
2.353943840991715941e+00 2.039222697670335815e+00 2.663883982753949553e-01 3.043224676097866954e+00
2.125584309103881187e-01 1.542588376471474065e+00 1.838175962879764480e+00 1.651166756497506105e+00
1.054701248516561440e+00 2.834489980480829452e+00 1.800574441502727829e+00 1.211066313863976562e+00
9.383274168778648061e-01 1.295630746095510766e+00 2.501869299132267965e+00 4.383910157744662639e-01
8.349588926189444038e-01 2.073287315848244827e-01 1.364765360390270521e+00 1.632251515410698017e+00
1.878650366960651130e+00 6.926853976048086281e-01 2.499454132675121842e-01 1.879982284523756375e+00
1.317425920458160649e+00 8.879745556172899956e-01 3.106422179115482685e+00 7.356661863196453099e-01
1.286300190256127740e+00 3.064167711826987883e+00 2.300611579819748620e+00 8.757815178019209279e-01
2.097938991317974899e+00 2.318978954905041689e+00 1.091439025455204215e+00 1.512757919661493311e+00
7.812856648853784280e-01 6.622819863074452806e-01 1.186565832743396998e+00 6.490747548353321683e-01
6.678453798897384663e-01 1.296779381376302887e+00 7.339936965517713796e-01 1.823154846664678308e+00
2.909238558032250843e+00 5.495032323488892034e-01 6.254955943923827533e-02 1.281844247173728135e+00
2.656844426513907287e+00 2.807971467520907094e+00 2.776901104594581948e+00 6.813033995124184901e-03
1.315273694644846669e+00 2.514437250143279456e+00 9.559145374032010367e-02 5.213791327687407051e-01
8.287882500985270795e-01 2.743453239408745414e+00 1.826149301954011817e+00 1.849437907542496928e+00
2.973530505291172688e+00 2.629292475983361577e+00 1.030919022336061475e-01 2.885601577289067965e+00
1.188286509893625054e+00 2.938861802369657550e+00 2.341567351713068845e+00 2.543340156071961733e+00
1.766603912161009537e+00 2.210812610312886228e+00 1.650873587441674450e+00 8.717557995863310927e-01
1.405943054782554436e+00 1.645211957329383856e-01 9.120708030725704907e-01 3.655468204713784308e-01
7.035552244835383551e-01 1.070689865340475722e+00 2.169121495428737223e+00 2.994312824874110213e+00
5.926354493085462805e-01 2.371713205642792532e-01 3.057573849841745517e+00 1.780932937367144531e+00
3.193901434142457640e-01 9.315072589186192964e-01 1.495526564180459150e+00 2.946204878340888289e+00
1.340248710399443821e+00 2.866155461392577042e+00 2.707684881641721386e+00 2.319628864423385117e+00
2.030637943124433242e+00 1.457743071588695871e+00 7.954107922896801464e-01 2.319271698634585377e+00
1.479814614562366959e+00 1.919247609792289921e+00 1.745481084790964532e+00 1.834230180412163458e+00
2.476526398628339454e+00 1.534861071505838837e+00 1.377116021482209240e-01 1.680049172056994333e+00
2.075108793193719769e+00 3.140002154698926656e-03 7.558434607220002599e-01 2.988785037930799859e+00
1.116839008830897484e+00 2.497110302926604852e+00 3.003827305105217782e+00 4.033138702676033333e-02
2.033588228997148750e+00 3.003371484884304277e+00 7.365819210713198117e-01 5.864160227216745902e-01
1.095423385430460250e+00 6.831693535857228383e-01 6.823185184287677840e-02 9.100640320704126429e-01
1.515782029536414832e+00 2.298118114426416003e+00 1.513341077029419113e+00 3.844047667837345861e-01
2.728344602643675731e+00 1.395310885574209792e+00 1.437373086271495515e+00 1.760623563768268784e+00
5.129757151847140761e-01 5.950047470287685991e-01 2.927827823726522727e+00 2.381338256655037178e+00
1.281350717811330808e+00 2.253057858224103427e+00 2.649135650015677967e+00 1.924319791721795347e+00
2.798904941917533140e+00 2.102074720219084369e+00 1.079653683403934084e+00 1.700803401191621322e+00
1.257064303180330578e+00 9.031337182301529820e-01 2.691651194350792142e+00 1.812331981738834807e+00
9.763301434341881135e-01 9.408280174770979887e-01 2.684291581891484313e+00 1.441343375851360742e+00
2.756968168725264956e+00 3.037393327376467944e+00 2.791285743617842208e+00 1.504615406940944977e+00
2.709019522666188173e+00 1.354938594290170384e+00 6.124072233488543349e-01 1.424271033021724087e+00
1.749541688338331347e-01 3.160070976700189438e-01 9.608937399765965504e-01 2.299179786578154250e+00
3.416863108208826327e-01 2.882269858870900592e+00 2.404227374764976499e+00 1.584412375254238725e+00
8.067175301622930839e-01 1.404281970941412050e+00 2.446001592647873313e+00 1.299696863647351597e+00
2.103949304013563282e+00 2.909530697025601298e-01 1.045369156572278024e+00 6.128036352852395119e-01
1.544340413661085210e+00 2.276298016982809980e+00 2.654263653986160598e+00 2.949584958838281867e+00
2.621362314777006208e+00 9.769882153536925129e-01 2.923838682712767145e+00 1.792797940760968434e+00
1.084189997686962670e+00 4.571870617624883004e-01 2.440633131731076766e+00 1.155056830262092493e+00
8.629163466526367232e-01 2.007947162053111523e+00 3.132500472245765000e+00 8.758824174687269704e-01
1.172936649786944674e+00 2.250801725950449583e+00 2.733992950668047150e+00 2.809861473956555278e-01
2.410552712348689397e+00 2.132587902411102299e+00 1.114136299107470807e+00 7.183963675467654186e-02
1.453607434673350074e+00 1.225128602938344580e+00 2.161016958176062985e+00 6.749619753721471938e-01
2.235405602008696757e+00 8.623210693903128332e-01 1.352440894354715262e+00 2.166169374915372536e+00
2.833630353991304140e+00 5.441615259155094808e-01 1.140052596241556193e+00 1.926880956872866646e+00
1.121702068938654762e+00 2.231426332964544734e+00 1.738184329873371459e+00 7.220564944159842957e-01
2.898688279379787236e+00 2.693055162117988122e+00 2.552691466620481631e+00 1.897410297392739364e+00
1.379990275410624356e+00 1.640810115166157823e+00 2.319155589294062680e-01 2.844215841218137975e+00
9.228590904201615375e-02 1.210204539986947658e+00 6.546185457562704313e-01 5.528251025512672667e-01
1.806945426837512692e+00 9.118348112314728082e-02 5.470344143953081474e-03 1.082703919271091886e+00
1.090273290156053010e+00 1.223808158614271502e+00 8.669680029338383553e-01 2.484047903818538128e+00
7.432030830884027717e-01 2.684857045869863512e+00 1.982201745412419891e+00 2.740144577546962168e+00
2.957889148387955469e+00 1.350415927257836435e+00 2.136224749153852631e+00 3.115141912394725043e+00
1.352124438309668442e+00 1.611337882338948591e+00 1.978634299522416873e+00 1.238143286890943218e+00
2.481768510216149526e+00 1.177969099426677824e+00 2.604890574016830662e+00 2.312941727276739634e+00
7.793724735873864828e-01 1.511896740459462540e+00 1.171333573526861516e+00 9.397184749561411365e-01
1.741871871273391381e+00 2.573831286711483646e+00 1.543713729470461704e+00 1.939122066658370169e+00
2.064652751337327174e+00 1.634602150481266891e+00 2.822873516498591862e+00 1.887079527232087717e+00
1.132686162088888171e+00 1.098872268559326626e+00 1.205117193413443033e+00 2.164811796748070893e+00
2.347125240814822433e+00 3.015339203913076638e+00 4.649794057948883341e-01 2.271457619736669820e+00
5.457771949969771885e-01 2.137757734125614650e+00 2.070157582696996013e+00 2.524535417079976973e+00
1.166288285875372921e+00 2.131515220572432590e+00 2.443158113134742848e+00 5.731860540190035769e-01
1.637658911649251925e+00 1.229608909757232915e+00 2.422388010333882402e+00 1.392021038383253195e+00
8.526822477558935187e-01 4.727711549061316409e-01 8.459552539411624439e-01 6.460356326347822531e-01
7.783758974828770549e-01 1.265950372616858610e+00 2.985861876332804865e+00 4.130097778991326796e-01
1.604104187292021200e+00 2.114168410583540325e+00 1.334542202542308431e-01 2.798726304873149218e-01
2.893884500762991419e+00 2.632521704364186643e+00 1.627194268691141588e+00 1.867838674513565556e+00
1.722578879085858050e+00 3.021041054281903282e-01 4.485735101641773470e-01 8.506333734138838976e-01
2.632529987916376157e+00 2.406078123638875521e+00 1.111483777936146805e-01 2.993632485309334790e+00
8.708046335044519193e-01 2.555856187432310911e+00 1.090461689896792957e-01 3.354686819209893311e-01
7.751045744063193021e-01 2.241365597361145490e+00 2.845397031358221973e+00 1.740937783828498508e+00
2.022417420037876834e+00 9.925664906480449190e-01 1.439631563732234110e+00 1.322688053458983548e+00
2.392224241627344039e+00 2.673419781990807320e-01 9.596626439523915364e-01 1.325490066321049598e+00
5.250316011727341747e-01 1.980034536392612843e+00 1.389939746724062841e+00 3.701848054144142863e-01
1.946478043257796164e+00 2.831119682969767570e+00 2.040181773320041803e+00 2.960575368843980204e+00
2.049695086130287169e+00 1.480778900025399303e-01 2.355663088969091046e+00 1.133120222686146317e+00
2.404877705201233340e+00 2.484671808076373445e+00 3.110866488725154255e+00 4.820828377113753338e-01
1.033699005418066807e+00 1.256369632600527586e+00 2.212891912426553365e+00 2.472280004312980228e+00
2.816397305285913699e+00 1.859851346760045709e+00 2.576864940777883639e+00 2.106803082332102672e+00
2.044464261764775692e+00 2.551041272174466634e+00 5.177247435661943564e-01 2.080800733243341583e+00
1.859336295543616790e+00 3.044492914366447422e+00 2.037088092587163057e+00 2.783437660153481374e+00
7.820086999691026886e-02 1.106793039969130588e-01 1.459850869581725386e+00 5.234730707205764721e-01
4.271385473764339191e-01 2.351455244866334837e+00 2.127674558361973278e-01 1.938380782185211426e-01
2.194845852542105735e+00 1.223648651752955781e-03 4.296053929579760622e-01 1.382373239626684347e+00
3.548170117653658973e-01 2.039839552365048103e+00 9.619503541606920782e-01 2.400679787695776390e+00
1.948193898114786826e+00 2.535619682549560938e+00 8.534969897042827824e-01 1.263477977041369549e-01
6.490457612875693005e-01 1.625346349189250028e-01 2.303106679990319261e+00 1.896019888470633852e+00
9.316542171317280241e-01 1.864859746378537242e+00 2.295391131062173073e+00 1.881832782646833735e+00
2.567961774425977062e+00 1.097269289306630480e+00 1.212232891161940884e+00 1.463573104960530946e+00
2.564341003669147412e+00 8.726449710140061766e-01 2.510148905082911774e+00 9.043502735525302261e-02
1.560351014925541069e+00 2.225803282105424330e+00 4.292482852531507853e-01 9.209643500243784864e-01
2.907408540067745406e+00 3.000931779532227672e+00 2.798634695844831599e-01 1.316339528734417508e+00
2.491869431976006855e+00 1.934939538298201089e+00 5.798844034324552865e-01 1.144410540779657454e-01
1.892740306665350314e+00 1.882667950463055018e-01 1.999666845181490960e+00 9.994313628053321796e-01
8.059336171410173000e-01 2.309125653093541342e+00 1.957801256796961820e+00 1.998535387200493174e+00
1.726223391874394386e-01 9.403154240282033394e-01 2.813884643333069757e+00 1.134693235873308170e+00
2.780834594682201732e+00 3.411174032172529236e-01 2.583821531897847912e+00 1.164601004875706725e+00
1.130272429717531057e+00 1.880047482661636682e+00 1.687672845459808890e+00 9.058267306519074413e-01
8.527953655720629245e-01 1.511495939298027336e-01 2.792483342795836876e+00 2.070572278883265060e-01
9.853607212375446733e-02 1.208685567114159864e+00 2.410998367824847666e+00 1.881868256077891433e+00
3.460803874869889940e-01 1.227417993195787149e+00 2.187360447963588861e+00 1.281228144095464261e+00
2.864775664153393020e+00 2.002932023462264954e+00 3.069287035479550507e+00 1.760036580725690358e+00
1.660878897961463485e+00 3.767950600462804944e-01 1.830397217924056186e+00 5.786026304097222767e-02
2.406412295238120613e+00 1.396890573701206284e+00 2.674257217181694291e+00 1.577615408217855730e+00
1.986150042611850575e+00 2.537512691242756468e-01 1.424434670109408774e-01 4.051347356407939970e-01
2.884163532102741012e+00 2.862393049955544111e+00 7.174868904386125790e-01 8.585641259542028392e-01
5.151951410224244743e-01 3.062851522537175075e+00 2.424324268244991476e+00 1.908093498103184071e+00
2.658431246951685978e+00 4.587508991350567333e-01 2.301982043968968217e+00 8.389306151107343013e-01
3.030849966272108897e+00 2.975828332584397717e+00 1.946722906164271016e+00 3.722818743352287463e-01
1.713711694051199386e+00 2.465821664633793819e+00 1.193346031455738032e+00 2.683702651290380992e+00
1.854379370261740601e-01 2.110672146937977889e+00 1.717788432696993883e-01 2.655822262908225095e+00
1.084865082069675912e+00 1.490504714694302235e+00 2.647198731237493163e+00 2.016006563665834417e+00
1.236049612681944687e+00 1.452534580311064749e+00 3.571231289444880552e-01 1.483831227888828153e+00
8.989671466580448911e-01 1.598004334701671247e+00 1.248933336903767399e+00 7.426708032887385791e-02
1.886839612100374541e+00 2.038963548128422065e+00 2.139239003398984540e+00 1.745655976542668686e+00
1.346479228069106915e+00 1.027669086311149060e+00 4.771878481654507342e-01 8.914795268606064971e-01
1.780111201145946120e+00 1.429790456348222438e+00 1.346166949049957262e+00 2.169986142105689186e+00
2.064746769556666528e-01 5.416742425673819472e-01 2.774620315712424734e+00 2.900642699866852414e+00
1.763877737069161844e+00 2.700777992249964399e+00 2.450093953201092578e+00 1.645651918858707374e-01
1.979572385269161350e+00 1.842949290860364797e-01 1.142805218102602050e+00 2.464803546881149110e-01
2.482549980197928718e+00 1.606852565259710985e+00 1.714959474889057756e+00 1.475675065584274526e+00
2.015378976131909194e+00 7.233277033931360123e-01 1.060561107590933583e+00 3.019066475542930394e+00
3.139568549287209631e+00 3.377267143261776239e-01 1.038005855488195905e+00 4.521746936367871395e-01
6.624253816500752512e-03 1.080272928057616877e+00 1.108803630701328036e+00 1.539636145850288518e+00
2.906883395276560034e+00 2.025520214611168102e-01 3.637965751412008952e-01 2.578174248800028767e+00
2.795469123866837879e+00 2.244736068188429190e+00 1.954622629850139903e+00 1.617249543630612463e+00
1.176157314290341871e+00 2.005380085596188522e+00 1.947589588673882099e+00 2.697986923593961084e+00
5.361777536998412197e-01 6.912928630424589604e-01 1.452603744078158954e+00 2.959427879655963434e+00
1.656875599142142219e+00 2.250968385070759137e+00 3.608173920698040105e-01 2.885569525054973550e+00
1.384541492657792139e+00 4.913689420736772617e-01 5.645607119279798525e-01 2.650250032907026654e+00
2.328444838669979422e+00 1.534456881142167717e+00 8.971115697730984717e-01 1.875950073832523213e+00
8.800019779096026618e-01 4.785050967299073199e-01 2.543832533555658415e+00 1.337487512410295176e+00
3.137199611071194383e+00 9.208183932762806778e-01 2.641268718036295926e+00 1.033555305730221363e+00
2.375230631341509469e+00 2.012598334964958546e+00 3.412254044063289804e-01 2.696666869904359665e+00
2.700958519790952916e+00 3.097414306926478567e+00 7.634761110948635743e-01 1.928217853800676007e+00
2.825123298461761578e+00 2.916887637752753615e-01 2.024129523280142617e-01 7.704526636822864871e-01
2.227947100092175781e+00 3.008863927129429516e+00 1.223048314184322249e+00 2.791658377660383383e+00
2.055962805493916079e+00 2.431928046919727415e-01 6.817739874436641312e-01 2.821826515407507507e+00
1.090964303583924266e+00 1.814001638145361195e+00 2.871534366162031393e+00 2.904782760420621557e+00
2.001502526797815040e+00 1.702116524245493645e+00 1.760641773156393919e+00 2.461337542102717713e+00
2.944036933337192963e-01 2.257089785806086990e+00 2.177058033912026680e+00 2.782974127612672266e+00
1.834148635754704104e+00 3.723496225551653493e-01 1.564513231815832820e-03 1.380231287234772841e+00
1.281221294453537496e+00 2.752410265802587297e+00 1.451635801371664369e+00 1.733523292906693491e-01
1.110602355693611099e+00 4.842107688706377977e-01 1.752123620105765944e+00 2.388898818678157454e+00
2.937951706041166400e+00 1.082346365198513016e+00 2.691964168142621183e+00 6.063843663395642736e-01
2.808661043380741962e+00 2.491147072679336549e+00 2.925599948299300923e+00 3.090038606564290191e+00
2.011109657203188572e+00 8.777221248077456961e-01 2.846494611333377778e-01 5.287704900645346928e-01
7.610932739861256957e-01 1.212058990591984076e+00 1.579359662278483123e+00 5.641452883180013700e-01
2.739787971807737588e+00 2.920007942010420798e+00 1.469270679688094106e+00 8.982206028046870738e-01
1.990842764141269372e+00 1.378754681245289326e+00 3.073074834211887429e-01 2.342178136191598536e+00
1.348451184686976667e+00 1.135102635639982704e+00 1.117493733327259875e+00 1.698380620163509214e+00
1.828333846172240373e-01 1.727583108667155587e-01 1.285899917660152880e+00 6.487667312464816538e-01
3.006120397047103765e+00 1.502350048396187354e+00 1.333657588040046749e+00 2.509488349742136748e+00
3.640753667770276203e-01 1.896736335943728091e-01 2.744405205745729770e+00 2.848816869331297075e-01
2.788171657880134102e+00 2.396475185878314651e+00 2.270809019862961797e+00 7.732379129288413644e-01
9.252891171726550512e-01 4.654822332296197906e-01 1.171357106210552779e+00 2.300674441553938188e+00
1.480953748465059672e+00 3.004341070263636837e+00 7.775328717325471484e-01 1.982292561538361308e+00
1.921682218772387610e-02 1.806315484141214567e+00 1.587778286007863970e+00 1.408654409985078848e+00
3.004597080943894216e+00 3.096406229810380495e+00 2.115363195930883566e-01 2.880124407013438415e+00
3.139032166034424698e+00 2.726903694148507196e+00 2.457235263221456023e+00 1.697269220276087509e+00
8.903267156820736661e-01 2.973093214880312196e+00 4.914286554442423016e-01 2.491418668204805176e+00
2.072872210323372322e+00 1.441365713290797546e+00 3.024203193156156821e+00 1.365780419330814954e+00
1.911186561282062213e+00 1.583154510731126230e+00 1.835316864023057049e+00 2.945076034176657309e+00
5.835976092353477584e-01 2.221257355819368229e+00 1.904393108705336290e+00 2.104455638089380187e+00
1.336258309400395250e+00 1.182271211199295013e+00 1.967102085893004393e+00 6.049003539159365506e-01
4.509278513957308832e-01 2.106913382232160181e+00 1.749129224458926934e+00 1.624281459896506297e+00
4.474296454306959658e-01 2.120308191330492864e+00 1.652556019378572216e+00 1.727232581499496655e+00
4.715107573165097099e-01 5.584500664200416908e-01 1.990176259569586881e+00 1.798641239933327363e+00
8.010657597428685328e-01 2.779083707871865538e+00 2.649927518335412069e-01 1.210366198842981245e+00
1.548679769715945342e+00 2.835704897728798635e+00 3.072167582509488959e+00 1.559255483912937557e+00
1.494750583381892817e+00 1.795843917388493471e+00 9.715431160121932308e-01 1.282636324315316045e+00
8.334898164093093031e-01 2.125868981448724604e+00 9.771268259174821225e-01 1.626188938300194176e+00
9.936792717477294090e-01 1.454409429594964720e-01 5.149260153136692164e-01 2.659338055455867433e+00
2.157587031079998496e+00 1.785562411142207762e-01 1.715015961401226141e+00 8.126595410858994395e-01
1.364220414750409116e+00 5.979761818284673458e-01 2.627569510906523131e+00 5.609936696155977121e-01
2.081318881989789038e-01 2.286308060962293887e+00 2.968309972946261421e+00 1.799654459510852123e+00
2.041561109835203336e+00 3.053494145346414168e+00 1.395595367314207635e+00 2.815860200062361152e+00
3.083586096158365653e+00 3.103545954785670524e+00 1.390335574165587618e+00 2.405883490751774545e+00
1.276293622705366060e+00 2.513266544445021289e+00 1.394229372600609862e+00 2.824590049789324819e+00
2.995065229711021182e+00 4.246170653482522206e-01 6.541093853374455036e-02 2.934914202379471870e+00
2.563524143408376865e+00 3.024807763420060969e-01 1.437877415315789831e+00 2.266665826711965259e+00
2.359915317465579587e+00 2.968670172208149882e+00 1.682502064932233754e+00 3.051214361660285146e+00
9.825418325858505803e-03 2.211015224212720121e+00 1.709353138846393616e+00 2.421699672245970714e+00
2.288368575021905382e+00 7.900404470918184208e-01 1.541506325394698340e+00 2.094303673846416025e+00
2.539765980089897512e-01 3.616418305840642944e-01 6.252376088787223729e-01 1.423657995466368842e+00
4.804173147290343171e-01 2.155088810282378198e+00 1.971284782352359932e-01 2.168600917743370271e+00
7.336718015607481824e-01 1.678197966257972684e+00 1.936654316146201094e+00 2.006845510306833003e+00
5.691989491278310886e-01 7.962210252858682447e-01 2.371742453265394679e-01 2.272653017927718455e+00
2.113867200646517119e+00 2.460875730493811808e+00 1.579600584730271207e+00 3.093844167701211401e+00
2.293030136487294701e+00 9.794463058280674650e-01 7.792831945886401490e-01 1.452962379792177849e-01
5.617131301726799308e-02 1.911558927631310523e-01 2.296051287221338555e+00 2.642344110766202903e+00
3.119842163109334265e+00 1.518129874855998374e+00 1.407587333490553982e+00 3.264635474730285813e-01
8.955981335126468323e-01 2.087040987656232804e+00 1.460627240190948140e+00 2.760697690626108702e+00
2.326652061186931242e+00 1.345197974991855894e+00 2.935567046568704486e-01 3.141307763474300851e-01
1.985493525026170714e+00 2.039803850209243485e+00 2.874382606527114525e+00 2.815243810883608422e+00
2.552778650680240347e+00 4.796789867108851996e-02 1.783637829294927091e+00 9.729247714865348895e-01
8.331831563592807521e-01 1.261303136186688212e+00 1.629426416156621649e+00 8.897441350095429066e-03
1.983918780959722294e+00 2.831103296389337221e+00 1.844827344291029458e+00 2.439359221016895729e-01
1.031907666789742217e+00 8.994931909350474264e-01 1.147042173416839228e+00 8.893793830433689429e-01
8.798249317921993384e-01 1.150556790557991788e-01 8.154549768738820203e-01 2.774919654584579454e-01
1.906099810233910841e+00 1.781337292865762478e+00 1.164854459092087707e-01 1.899732992296411682e+00
2.845959427169323597e+00 2.097326090446832936e+00 1.226583130558286661e-01 5.186250534902886455e-01
8.267572552186959189e-01 2.631746243675837427e+00 4.701165206409059771e-01 2.956157152823989609e+00
3.013301876342437513e+00 1.173569722948259120e+00 8.994550643582739369e-01 3.274507167633550209e-01
1.780082423873667663e+00 9.179682986672293987e-01 2.558319828489595160e+00 1.102232365110701551e+00
2.501332608758020548e+00 1.531179639598881703e+00 2.079283650484880397e+00 9.841187782955007624e-02
4.386805124839952552e-01 2.118682871593404293e+00 1.117588195779384952e+00 1.571560751547700363e+00
3.399143874394519593e-02 1.198641967831422628e+00 9.680214101946198468e-01 2.385489693811000844e+00
5.312297841925919251e-01 1.018180614628722447e+00 9.049680356258827940e-01 9.777906266783313871e-01
5.696310915447290180e-01 4.549698235708473093e-01 7.791980717727871042e-01 7.672801884592179711e-01
1.715120136621391289e+00 4.978557221359652396e-01 1.476966606169265672e+00 1.078419769399415529e+00
2.892370711393976279e+00 1.970066581635659064e+00 1.884012353416608443e+00 6.097448352579477593e-01
2.512061519748346239e+00 1.752289931986248384e+00 1.436276478418435421e+00 1.969490756526641073e+00
2.721686799034895632e+00 9.424530091629220729e-01 2.603580980346522189e+00 1.540869837369136741e+00
3.621782173999878451e-01 4.628728954639566018e-01 2.684945084898304302e+00 1.686903658353957169e+00
2.113171242030811303e+00 2.399454142972169635e+00 2.534245670471634959e+00 1.446471001964870773e+00
2.887814754055885724e-01 5.420733292234974909e-01 2.507036409213502015e+00 2.993187394009687363e+00
1.545062554801431398e+00 2.311613519699024621e+00 1.001990150454810519e-01 1.564622088593347948e+00
1.952041681887211944e+00 8.650095104011686423e-03 2.105613482153495308e+00 1.088103575032927317e+00
2.999309171480716962e+00 1.664025675949396099e+00 3.013555891810282272e+00 2.092960152274857322e+00
1.755549744526185563e-01 2.948811448810132241e+00 1.178298441961546983e+00 2.420456514403357129e-01
9.204906529141198002e-01 1.147674695322897787e+00 6.909310078505552510e-02 2.856550523110155115e+00
7.206053549314298534e-01 1.199492870755848095e+00 7.206459048483896401e-01 4.452004367300519544e-02
4.529815528046987061e-01 2.773110046481934710e+00 9.364304827202111214e-01 2.802338144020531274e+00
2.499475426769273589e+00 2.023493238011865536e+00 3.067025500947345940e+00 1.660304890491546503e+00
1.586011730451086121e+00 2.386421201078416043e+00 2.150742905256341153e+00 2.181688688866369130e+00
1.675523688857896598e+00 3.099469097680401797e-01 4.279427733950214030e-01 1.049425348653353574e+00
1.889902151292147003e+00 5.019064910830643989e-01 3.048256004703095545e+00 2.724152633340323870e+00
2.545940897052884733e+00 3.612616185618804376e-01 3.048318406365392086e+00 4.269593408265197620e-01
6.604494726559984041e-01 5.385709139408034751e-01 7.722839869931956425e-02 1.780841373876513201e+00
1.952789558057975272e+00 2.148526471564862206e+00 1.198819889025624530e+00 2.789302624133460196e+00
1.149716785086699611e+00 3.137164623496105698e+00 1.339402375994333649e+00 2.006565504330533489e+00
3.076853447247113404e+00 1.723988287172741218e+00 1.046156948547221077e+00 1.158221887127743654e+00
2.217622000196796339e+00 3.740581186984882622e-01 2.170453773002992470e+00 8.559925777944806802e-01
5.904309454384897293e-01 3.090701428922541627e+00 7.155540683094123722e-01 1.763395208787810198e+00
2.653672458847645466e+00 1.708883150720843791e-01 1.545108664684327060e+00 1.855758876909278543e+00
8.553362192639298867e-01 4.919646088460845612e-01 1.858232824801816507e+00 1.697786224590355442e+00
1.259886498580346403e+00 2.102135017735936806e+00 2.825071320558538712e+00 1.701159371606943527e+00
1.341428662426657592e+00 1.797752971461514138e+00 3.105186518273729046e+00 3.095026582866054365e+00
1.302904669537865434e+00 6.065567768836610529e-01 2.328499215801570710e+00 1.085127151542087942e+00
1.527621439414901916e+00 4.124012641468572937e-01 1.984946969099622649e+00 1.481690861088279965e+00
1.698224092216186865e+00 6.845056419279641480e-01 2.945598800316850507e+00 1.246579690747799285e+00
3.059019882711952576e+00 2.305441001359762154e+00 4.456835749355966270e-01 1.536866173254699097e+00
4.447247730940611099e-01 1.906841717560982641e+00 4.396138972465834516e-01 3.099814083083846761e+00
1.688323847551647550e+00 1.135763941887588446e+00 1.866021344918816105e+00 3.140100192268417412e-01
8.115879848635071392e-01 5.235310047907583142e-01 1.051582106044592679e+00 5.982481744272256652e-01
7.555005316084674183e-01 1.407695958363207822e+00 2.384924543552937148e+00 2.793274016593210618e+00
2.516803489682248873e+00 5.209451862351813789e-01 7.350904295183200432e-01 1.810678721458210294e+00
2.461451227948488807e+00 2.731255503980668298e+00 6.269571890399437963e-01 1.674832921922623008e+00
2.600733918824165158e+00 7.708787435886110817e-01 2.027569275682584937e+00 2.908550758074543996e+00
1.350059479979297983e+00 4.715322300099552555e-01 5.385734503211842689e-02 3.883602108734974245e-01
2.002056111715841080e+00 1.878555598294989748e+00 2.732520596828934001e-01 1.606721822804357824e+00
2.604983688232342942e+00 2.700856125211728020e+00 1.822617469020592629e-01 1.677597870042871531e+00
3.066932982470821578e+00 2.613303336351987305e+00 1.322249298713824128e+00 3.034895226446558514e+00
1.089201816485743102e+00 8.449204491527033678e-01 1.790734957087539714e+00 1.599778377617554925e+00
2.099643364320648242e+00 1.892559248372922553e+00 9.112565266476047032e-01 2.863584337617226971e+00
2.466070431947326558e+00 7.255898547424348699e-01 2.558316156875704461e+00 1.826920889719458652e+00
7.378688850383265940e-01 8.695502297181462170e-01 6.346845309010870073e-01 4.067221369779534523e-01
2.530622774286412024e+00 2.488367253193614292e+00 2.836341940145777230e+00 2.174720267041598820e+00
2.408790962324545593e+00 3.001183315139005270e+00 2.306671944981140143e+00 1.259732402881433400e+00
2.340243813748950519e+00 1.119019618927740156e+00 5.342280586050645041e-01 2.154654106304608963e+00
2.852303109902892264e-01 8.707216480223888277e-01 2.147386390550010571e+00 6.132156055531449157e-01
2.905876372359333271e+00 2.962449024713765255e-01 1.263923668565483327e+00 1.960657932584009666e+00
1.834356678659805340e+00 4.107142150162018113e-01 1.301497386197533190e-01 2.357856125558877913e+00
3.118582198919872539e+00 5.987466071320953764e-01 1.731701116189839462e+00 9.800376968462730654e-01
2.582439131016582845e+00 1.204778901223840348e+00 2.333229907088142596e+00 2.471026908597608873e+00
1.096305552121438875e+00 2.190436309021473793e+00 1.290094578043895934e+00 6.961010756454105719e-01
2.501349055828460788e+00 8.514353049874339163e-01 1.541098072619502046e+00 2.699317122481486919e+00
1.659551406342368862e+00 2.906734490319260011e+00 1.035100828457509836e+00 3.102406864837595979e+00
1.310843900688029917e+00 2.179260922041055704e+00 2.960813796607915549e+00 1.169672292626571464e+00
2.743327903943669210e-01 2.499585342583540370e+00 1.218397201542095187e-01 1.768711717702374564e+00
9.008542438674650432e-01 2.602009155699402498e+00 1.986665901077333984e+00 2.937373202037326436e+00
1.698196184553726340e+00 3.066914908006851181e+00 5.435541432860976352e-01 2.330284486760993978e+00
1.763732834344982070e+00 2.592614044555955566e+00 1.466662143665540707e+00 2.817963637617463268e-01
2.705728282695364140e+00 2.813654858967166827e+00 2.899569186648053964e+00 2.287936775433995873e+00
1.338614432623847383e+00 1.599754779285814221e+00 2.761825442800001529e+00 1.443034114398021650e+00
2.797632528321884582e+00 2.871918287093829236e-01 2.161459188970086043e+00 1.678906353708911059e+00
2.815523739139294435e+00 4.666576967804302312e-01 7.568720481667018385e-01 1.851480206776789705e+00
2.804210188923090374e+00 9.158897320801484554e-02 2.910388466930703633e+00 9.937016124338251544e-01
4.580909384293195830e-01 1.588447293582259778e+00 2.642839232235286051e+00 9.529364291780434426e-01
5.098606825612681526e-01 8.749377774924154139e-01 2.409578803187879981e+00 1.004861344851745386e+00
4.852672424328131617e-01 1.824117326591666310e-01 2.363003789236627572e+00 1.119370847494038923e+00
8.888840862044097291e-01 2.838042462816644296e+00 1.175324534970546120e+00 2.385890269325392499e+00
2.311077339902586125e+00 1.479125163151288502e+00 2.354168586332494151e+00 2.783470236585866342e+00
2.952798441155382037e+00 9.371758600918277393e-01 2.566880857566524288e+00 1.254941429143963394e-01
1.596632075820333119e-01 7.019322306814629320e-02 1.710582776925754445e+00 2.075266753105934114e+00
1.335197482692264570e+00 1.053582212930120221e+00 1.708579423339130932e+00 2.424506863850410365e+00
1.666339301429849984e+00 1.596095791432141420e+00 2.537426989038802372e-01 2.005879382505058484e+00
2.615600977043352149e+00 5.113856082712856521e-01 2.478540887459357744e+00 1.915485561196500930e+00
3.328741348512774256e-01 1.074466399702738828e+00 2.530027596585721295e+00 9.682368797961555806e-01
1.772717007308212134e-01 2.461975698760252129e+00 2.161500061227882297e-01 2.408439712132181221e+00
1.042792466863067258e+00 2.841519837106770474e+00 1.676863911797416895e+00 2.466759237099661384e+00
1.503457654781238606e+00 1.822663441902592885e+00 3.277503451650899957e-01 1.150923103298152173e+00
1.874098063842240258e-02 6.525423432313686156e-01 7.591414129519163945e-01 1.512024627737859728e+00
1.259010223518098881e+00 1.439251368840971379e+00 2.596393799820455150e+00 1.946310485401939960e+00
9.740739846714590033e-01 2.560290055037787393e+00 1.699158662551569998e+00 9.376735941880719460e-01
2.300894040738330482e+00 1.794126225618953629e+00 1.689909870317002794e+00 3.080787373124372230e+00
1.330379316338121676e+00 2.441108521700805056e+00 2.720543394396795822e+00 1.524064323645014873e+00
1.131593312056352829e+00 6.173731332076530798e-01 2.077125479694556631e+00 2.489022040476672526e+00
1.913459155753621577e+00 1.278579225511068618e+00 3.108007035745483204e+00 1.903864898166041542e+00
1.138986497202493453e+00 4.073887229837342971e-01 9.980740822454048367e-02 1.142732152885227892e+00
2.577531485754095186e+00 1.373985276470489181e+00 2.366094329873331681e+00 2.572761240238529368e+00
2.592999563387944129e+00 1.194806829627542144e-01 2.632736994742584269e+00 1.600002275585814981e+00
6.306732609179985793e-01 1.013786549948863858e+00 3.602898344953849863e-01 8.623029456058309838e-01
3.094326372670734848e+00 3.076174542322674288e+00 2.812250944395441099e+00 2.786133834561772993e+00
1.182001630699009098e+00 3.159429062233732877e-01 6.515132897521432875e-01 2.505575133647713892e-01
1.286822759027503871e+00 6.598874293628165244e-01 2.341642448407360355e+00 8.255418757778187899e-01
2.888504526877261114e+00 2.641903552641721165e-01 1.205794323891482778e+00 2.425892038685519836e+00
2.473512607562062371e+00 3.854002329442453578e-01 1.776718059099233082e+00 2.256691484849745244e+00
2.728058208442701194e+00 8.661449440548062428e-01 3.704337717444252526e-02 1.618384227328191649e+00
2.554433678326784474e+00 2.688033654488154234e+00 1.064510511628457223e+00 2.169017265845579523e+00
5.206537870140394153e-01 2.441125466354696183e+00 6.470739474579416672e-01 6.983656506403027597e-01
1.765168369001943738e+00 4.247095536331659815e-01 1.133368543718350496e+00 1.463780412972438771e+00
2.758809156985347677e+00 1.135625542721361736e+00 5.720204535651809419e-01 1.024064828489129164e+00
2.857736895653134254e-02 1.312302946157429595e+00 7.400310416710529360e-01 3.050039813100196451e+00
3.077473332904287595e+00 3.744976204490420568e-01 2.878907000391967674e+00 5.376759970228666558e-02
2.358705841533931036e+00 1.044999068956990129e+00 1.663206360483993063e+00 2.084128231659750696e+00
2.409259977276475340e+00 2.635348897097106846e+00 2.756883332541967935e+00 1.662108998082778843e-01
2.141644226852415400e+00 1.184486141127193692e-01 2.390471894693797950e+00 1.019934808086548239e+00
2.356940448702168567e+00 1.156498403001052111e+00 2.732056020342212399e+00 4.139994733748254552e-01
6.635709360642548793e-01 2.223825599166509459e+00 2.414146238512911324e+00 1.830349991694769196e+00
5.793761199466265222e-01 1.610927129301297667e+00 3.134954889606813122e+00 2.154045378761956453e+00
2.911079091324912049e+00 2.779140126662718480e+00 3.736609571793721996e-01 1.915027696924249678e+00
2.652351534331396365e+00 2.541363987036982408e+00 1.689201104115171992e+00 5.874238370959925515e-01
2.015694547994037578e+00 2.247107717515213210e+00 5.917073078385289842e-01 2.962800912229568873e+00
2.674292607842241112e-02 2.122417246599607843e+00 1.823013606709675272e-01 2.844930043951246379e+00
2.773738135155846773e+00 7.521457726452598358e-01 1.923016531927478345e+00 2.580679551970752161e+00
2.671275085299406271e+00 9.890347817730251734e-01 1.329573827092126737e-01 1.212560757365780173e+00
1.504836788987163297e-02 1.926341380889666111e+00 1.502852242267948668e+00 2.429360868528443795e+00
1.699369720363492986e+00 1.694878025999550841e+00 1.544150020567124360e+00 1.099609569121263314e-01
2.490962322439284282e+00 4.334951974235812244e-01 1.441348664954442693e+00 3.010443726694224775e+00
3.048628242710378355e+00 1.698313291818130288e+00 7.698798311980659115e-01 2.396027690773385288e+00
5.278284855670768022e-02 1.736200173904329347e+00 2.997325634508770431e+00 3.906058084095966054e-02
1.313153248931561823e+00 1.667520415549471613e-01 2.630266167941893052e+00 9.939332933702409445e-01
4.730910785323582668e-01 1.086381012972563953e+00 5.289036867352769899e-02 5.737028297643108621e-01
2.083524136463069443e+00 2.259648004306547886e+00 2.165610267340791761e+00 1.759802383068999498e+00
1.770902504367145802e+00 1.642526770412057413e+00 1.635447571898738239e+00 1.624356395971834788e+00
2.171103388278706969e+00 1.889381575899507171e+00 2.655560262084695200e+00 2.644217402180047749e+00
3.297548194760996920e-01 2.968972494651882510e+00 1.154582314487920147e+00 2.112595412145498841e+00
1.700926365280978070e+00 3.088184388040913220e+00 5.102278450501911422e-01 2.584667405180498978e+00
2.760920935438951229e+00 2.956663421451726226e+00 1.037363112354067640e+00 4.307842710421434795e-02
2.107085995071722895e+00 1.546466217854761238e+00 2.444936601684201960e-01 1.401090539813387492e+00
5.805864030579698243e-01 4.444706208150354110e-01 1.692686388405905351e+00 3.008729861528496308e+00
2.344241354875761019e+00 6.217416640016808493e-01 1.040777189895817773e-01 1.444865286303092411e+00
1.870001886519239154e+00 1.284006181343357644e+00 1.159832503375100687e+00 2.094114341483827246e+00
4.794720247135547675e-01 2.618140887956802665e+00 1.761697648068339506e+00 1.596758214821367927e+00
1.264755074249720446e+00 6.397449234105688498e-02 2.083724315781822600e+00 1.572615522680951283e-01
2.622463806465336056e+00 1.780822172842441597e+00 2.718773440020089804e+00 1.025130591481416165e+00
8.919236769536743603e-01 1.972228370536070141e+00 5.021491453718085474e-01 1.311698624076789998e-01
4.335467945959435854e-01 1.809542556043905348e+00 2.755565232420690069e+00 1.168659518594521884e+00
2.000013622111553035e-01 1.150384456273088496e+00 1.755215284253172747e+00 2.760158674875725193e+00
2.869981650593143918e+00 2.450771476400181170e-01 8.600245315996837281e-01 2.104882813050091617e+00
2.067893291255494148e+00 2.405730030524193097e+00 2.631062259479327037e-01 1.641573265702950701e+00
8.145807930352099158e-01 1.839006342197150978e+00 2.311933929109642349e+00 2.721743310558534801e-01
2.494752200184744417e+00 2.688340938019864623e+00 1.376885817489923169e-01 1.780798801396518138e+00
6.923953711816670520e-01 2.320863036080627939e+00 2.136051352702730721e+00 3.088949137785734766e+00
1.072089576240999209e+00 2.496165111022459471e-02 2.989033584597557969e+00 1.914528185903409563e+00
2.690353635795109444e+00 2.319641520723481620e-01 9.848306472297605474e-01 1.194886108342488651e+00
1.506390556696533212e+00 3.102749563102381591e-01 3.082699028412760889e-01 1.386084693008185154e+00
2.192244783796961638e+00 1.095073906811975917e+00 4.101777443171057969e-01 2.035294101103031217e+00
7.649579068207694732e-01 5.841032294703649708e-01 2.772709755072952476e+00 2.283928647352790442e+00
2.026801489015134461e+00 1.083629984006893449e-01 1.414064568237249242e+00 7.267727514685731749e-02
4.555504544674599532e-01 6.777752946303428061e-02 2.545343434756126122e+00 1.057512870598838584e+00
4.507822654955189745e-01 1.614836954107752076e+00 1.362797090270884415e-01 2.034062703619941459e+00
2.753174570862863657e+00 1.645879364474945650e+00 2.456203331478179486e+00 8.374058064335471174e-01
2.615235149188421815e+00 6.027828621223807470e-01 2.549740007927826291e+00 7.059011732416149432e-01
2.265238250646262497e+00 1.395258551304928263e+00 1.962327227728339896e+00 1.892759203020454972e+00
1.198486441978307004e-01 1.209120634888562140e+00 2.104100039158656177e+00 2.780420545744255900e+00
2.419624900877614948e+00 9.680713005920732472e-01 3.059173323669126976e+00 1.661538954502693510e+00
2.308546667677554773e-02 1.864748051904652204e+00 1.225593777256337225e+00 5.860396307351301015e-01
2.149825322091506230e+00 2.801479508671444574e+00 1.488431833716040931e+00 3.439419425118025453e-01
6.202408642817709428e-01 3.603014059737880137e-01 3.981073145615442455e-01 1.520567175728617215e+00
2.999931217121151739e-01 1.460777032939554188e+00 1.860056510586300504e+00 2.205943105631066992e+00
1.082922047499498053e+00 2.431968890878269285e+00 2.066504632995171953e+00 2.586870449334951694e+00
1.849363240233614647e+00 1.572621256342284557e+00 2.892104209152360550e+00 3.009995266908813694e+00
1.259813693553309966e+00 1.548571280623971536e+00 1.297267266227931426e+00 6.691689308704942274e-01
6.147648163687440270e-01 2.240757664261695314e+00 1.506163202210862639e+00 1.006459546761464402e-01
4.568182279480006991e-01 2.377006766165734142e+00 1.393785154187578756e+00 1.279059264049377864e+00
7.676453799247727749e-01 1.541971352663751293e+00 1.630765357412972960e-01 3.048103838889347550e+00
8.172585953760223010e-01 1.680105336185921949e+00 1.749111850668125800e+00 2.357338107831011609e+00
2.129219103095554289e+00 3.081019135153513222e-01 2.526185127263787855e+00 4.630816738316102521e-01
8.143971208061014933e-01 3.032499714256992718e+00 3.094294876030875052e+00 2.300617348917782579e+00
1.344365993479242682e+00 2.710253136253991002e+00 3.241921300200973910e-01 8.846604291908184425e-01
7.969644621076448221e-01 1.485301307546318172e+00 8.727309202391810850e-01 1.388689161792336479e+00
3.191009601700035558e-01 2.703432481961434153e+00 2.493876940241431139e+00 9.560830789067843449e-01
2.428283436482397750e+00 3.117854923553738389e-01 1.909192333760410420e+00 2.607260135213553376e+00
5.669727702567711747e-01 1.568731856306103123e-01 8.260408977276730846e-01 7.201265972397113968e-02
2.183049497250217019e+00 1.302936370454913284e+00 2.188520175874324458e+00 1.333053716650177023e+00
2.270197770475980370e+00 1.597727717370109879e+00 4.966601273701695130e-01 9.436898124726890158e-01
2.270488676605978196e+00 2.104860592854105317e+00 7.807445810197435332e-01 1.767218269643000550e+00
5.566213086356820439e-01 1.541883350969920130e+00 5.044218595478346945e-01 2.115425342695893995e+00
2.790464639903454391e-01 2.027222861897331807e+00 2.595087391846498726e+00 2.716236598570304306e+00
1.041310949779239436e+00 1.291565129073223961e+00 1.176804010847692754e-02 1.880456858481297289e+00
2.255056544123546391e+00 1.964340850527338089e+00 1.490461442402463588e+00 3.045574130588756256e-01
2.707163941465863921e+00 6.072143420477016384e-01 8.535387295196190938e-02 1.077642775057230162e+00
2.112689386996586816e+00 1.683798786597530572e+00 1.158395084899913829e+00 3.374851332977840124e-01
1.405095896423659507e+00 9.506587040947960254e-01 1.716832420271124260e+00 2.669101983829407665e+00
4.691170000145336028e-01 1.086229599950248259e+00 2.340731634814647411e+00 2.214850292163573542e+00
2.880016760558689271e+00 1.753359600661319240e+00 1.614431679204549219e+00 8.842830777383102747e-01
9.738573101958207801e-01 2.319556782580805443e+00 2.205040072273032337e+00 2.549755245263802816e+00
1.008008464835144835e+00 2.155863399983601436e+00 9.271344576882992738e-01 2.209183941226248837e+00
4.170923366187461179e-01 2.498398742432794251e+00 8.017152596181554847e-01 1.932859819009716817e-01
2.070297963882163028e+00 3.061755286961206579e+00 2.213217074023366759e+00 4.387157701684225586e-01
4.405817964480377991e-01 1.184280638625246684e+00 1.777215488972556878e+00 9.428813209055618705e-01
1.538195043557617714e+00 1.750311644220564899e-01 1.886623253316703552e+00 7.618997108787755046e-01
1.700314737569252221e+00 3.092181625522198107e+00 2.044749768818936442e+00 1.178256048370536213e+00
6.457815676076906763e-01 2.400621247424183924e+00 1.921933675134347874e+00 3.371475061033984977e-01
5.945223666634678050e-01 2.377242825637257528e+00 8.265843437630530088e-01 5.854776613158478582e-02
6.966793803674092844e-01 1.405612143164535199e+00 1.141213416647772094e+00 1.143218922673722160e+00
2.139146981904006317e+00 2.533618160484490289e+00 1.697313613462232418e+00 1.333807692107061182e+00
1.226878933866088595e+00 2.993071409601263166e+00 1.196510065386300781e+00 1.934373126525102071e+00
1.170224661758535456e+00 3.830066162489508819e-01 9.737192713319507975e-01 2.802885195046742606e+00
8.039189368238042199e-01 2.140324816307382250e+00 2.889101428070847355e+00 6.274171496830082129e-01
2.363932471695561865e+00 3.100053373226153930e+00 5.106810697121740850e-01 2.079435785419952720e-01
2.803876598810701726e+00 2.469014427838670311e+00 3.145785926899841156e-01 1.133861770317741262e-02
1.743157305936931190e+00 1.881667624912515047e+00 1.665760145031930595e+00 5.088106761965314195e-01
2.148555787424809016e-01 2.330786351394440459e+00 1.779943690762443076e+00 2.140262686422719884e+00
1.107603022441193019e+00 2.308424604415716175e+00 3.062387294468058574e+00 1.451254603754864037e-01
4.569603043568186140e-01 2.358831969006057183e-01 1.956620051323263443e+00 6.845808562736123148e-01
7.000305802521313014e-02 1.643075549425291104e+00 9.354704398153083078e-01 2.905293381450798074e-01
1.005299622785154723e+00 4.765074597530868927e-01 1.972140645568707606e+00 1.740611810214145738e-01
2.308644985705951835e-01 1.229217517171757645e+00 3.205337295527865282e-01 2.149778216342543402e+00
2.611819734186091591e+00 2.804211644023343997e+00 1.341958347378172933e-01 2.563976256295748435e+00
7.569478964813818322e-01 2.255433057492586713e+00 1.688752047392020783e+00 1.261332913799281474e+00
2.470978439691765338e+00 1.326721802419911000e+00 2.150787736406755801e+00 1.340286221895582663e+00
8.221262356287386552e-01 2.644870776058387829e+00 9.993067087867105736e-01 3.284112718280999821e-01
1.542590118202139093e+00 1.983775628317335782e-01 2.698284565475616681e+00 1.814830371150272237e+00
2.817676348685710597e+00 1.935648037873048732e+00 6.836272359279250699e-01 1.903942085317256394e+00
3.005747054696170650e+00 1.602420007043481087e+00 2.965284839717820642e+00 2.113185482989801134e+00
1.848777007042709419e+00 2.013938637422995281e+00 2.955385044545651763e+00 7.228668167854146454e-01
1.193071140916903472e+00 1.394187417827849718e+00 3.767886890486152884e-01 2.861027172736090751e+00
6.439160847529482035e-02 1.346637175155410260e+00 2.502296413825056298e+00 2.426784601491706272e+00
2.916454483980898793e+00 2.720695692161381185e+00 1.065851920327774538e+00 2.898931232916768241e+00
1.898820881016978879e+00 7.769687943114075290e-01 1.016865739307069250e+00 6.986500926278795820e-01
4.074029032517936799e-01 2.362527795726597102e+00 2.418364559633131794e+00 2.955022044247060720e+00
1.988985100465363365e+00 2.114075646841039990e+00 1.461579345990229040e-01 9.529251308808402154e-02
2.828655606336925032e+00 2.716816456184953044e+00 1.242161445551949850e+00 1.448180656176020875e+00
1.908358818872513574e+00 1.864197643233070023e+00 2.873606842462356870e+00 3.046207494983681041e+00
1.783316446755464746e+00 1.480648796289935065e+00 1.950137808416153806e+00 2.416518608344297547e+00
2.850459979492823592e+00 1.003254970421513459e+00 1.866005515767894307e+00 2.115787879491972223e+00
5.896928046712033300e-01 1.325036638248880128e-01 2.411132297250103029e+00 2.069437676093909051e+00
1.836663377574591749e+00 3.009056721595334327e+00 1.705633860751764486e+00 1.834264465189757942e+00
1.230411476847817154e+00 6.262251732222698930e-01 6.853472021240641920e-01 1.309735089921853390e+00
1.106430290489428314e+00 2.422570144987168383e+00 5.393639595151781263e-01 4.721502680975864230e-01
2.404384316959657486e+00 3.011787194216982488e+00 1.020206144713059038e+00 2.041916182923649181e+00
5.378862783994771135e-01 3.951781219264361433e-01 1.777501927391383685e+00 1.755574099309635372e+00
2.403144152251747379e+00 1.701145314079288429e-01 5.504704533069884054e-01 5.999308202834298109e-01
2.017076463751999338e+00 3.938034339630981373e-01 1.581325978905369078e+00 1.882934284784560264e+00
2.635027268676419343e+00 6.170402046303223864e-01 2.149929466246260357e-01 4.964861329882953034e-01
2.963669328332721786e+00 2.635985976332622549e+00 2.008361524358023509e+00 2.173295326080624701e+00
1.464606074445891526e+00 2.929188541976259774e+00 2.047323127422311650e-01 1.898316601042284946e+00
8.514953793918048630e-01 1.015592746001645841e+00 2.160939869851435713e+00 1.330090402313670150e+00
7.568838501785286610e-01 5.940480667890616351e-01 1.343755700046447066e+00 1.569137649782035737e+00
1.053999023554363035e+00 4.148094035261971069e-01 9.232034271931043312e-01 8.729974208013283610e-01
7.150222829800848556e-01 2.549307534225139005e+00 4.314170161573230855e-01 1.131437150819368576e+00
1.207965666950095107e+00 2.456107374028658086e+00 2.997080741135514259e+00 2.798494457715563488e+00
1.605409186956829437e+00 1.821851921531287832e-01 3.052294694180246459e+00 2.881144446556670236e+00
9.749604366640465258e-01 1.133741248586889405e+00 2.094887345827787239e+00 2.379420225135132405e+00
2.907627811760696623e+00 1.829644538353021543e+00 2.239124570176455276e+00 1.302850605414669793e+00
9.877072323194121539e-01 1.155720930140859082e+00 1.318903304104225738e+00 3.103827203289915460e+00
2.705571308606403047e+00 2.607931619411849589e+00 1.826050424768693281e+00 1.942648255567725801e+00
7.649437731074935076e-01 2.623701008350765473e+00 3.018487010755836586e+00 1.139474476353714572e+00
2.512620482444444914e+00 1.170799723075614196e+00 6.773535003032497004e-01 2.950594873725842948e+00
8.274144039979760556e-01 1.912026317681527976e+00 3.036466606471640350e+00 2.155555580646486113e+00
1.152280854096917384e+00 1.128881965926906927e+00 3.091675738381678862e+00 1.919718533646401992e+00
3.511538709877996545e-01 6.155918482842777095e-01 9.378875839146620930e-01 3.016056130738887120e+00
2.110124753579643297e-01 2.988319566407232619e-01 3.101028727344481428e+00 3.759905842886673843e-01
1.662794229928097556e+00 1.699949257823978765e+00 3.075471271388191763e+00 7.058500535072438353e-01
2.980067419146377627e+00 2.752675272147146579e+00 2.575173078195958531e+00 2.387529821288979281e+00
1.305844313226319109e+00 1.038102089266451422e+00 2.199615995671932112e+00 2.859159581519469251e-01
2.123401407823860776e+00 2.663049077285251975e+00 4.408537622458628125e-01 1.151417198395288999e+00
8.245496721381848637e-01 7.710336410643824356e-01 7.695614860562456361e-01 2.241382391029205667e+00
2.243252417362878504e+00 1.898546101893466398e+00 1.808976547867657825e+00 1.728810626025401032e+00
1.704441220744431273e+00 1.005190968537359897e+00 1.970632547094115727e+00 7.772742040642176553e-01
9.900546493569631901e-01 1.131939843734566464e+00 1.177455940753287800e-01 2.662289400400748907e+00
7.055225850383234354e-01 1.249201590861211075e+00 1.174001556384237865e+00 7.754862556504701354e-01
3.031397362675915641e+00 1.010150023676495312e+00 3.037237131893541608e+00 3.922063593210626253e-01
5.104465988304534019e-01 2.866562071507620324e+00 2.392886013752000718e+00 6.828887182531911959e-02
6.867143373860277178e-01 1.682291397291585167e+00 2.245168811358510541e-01 2.612439862512407895e+00
2.965734940465838854e+00 1.802389956662564297e+00 2.832482300830634792e+00 1.600213108024069797e+00
2.917983768930039634e+00 4.832959234739465093e-01 2.086072364611501140e+00 6.205993963009643899e-01
2.966957624836203067e+00 1.667037209860516178e+00 2.507522630418068221e+00 7.551488683676622626e-01
3.899972821497815212e-01 8.828027095729620299e-01 2.800077273462188709e-01 7.012635894439414042e-01
1.140874501842389505e-01 6.206796139480460495e-01 2.330282385383072530e+00 6.757170547209168099e-01
1.526126304053328164e+00 2.932348383297719074e+00 7.549390024424146306e-01 1.692103464255515721e+00
2.869451794036951053e+00 1.165802776561742027e+00 1.892576634966819160e+00 2.066026263052994416e+00
1.116427082468567811e+00 2.575730190617389059e+00 2.094653911054692230e+00 2.017511197575819981e+00
2.979989942030810690e-01 2.338928677734834150e+00 7.024762845061137684e-01 2.291254939372093347e+00
1.411861611642585279e+00 1.634432399750531895e+00 1.470314319014199400e+00 2.866366451263012483e+00
1.819833788771327010e-01 1.677325156999806222e+00 1.421694661369135471e+00 2.844037065028423239e+00
1.444352860743874228e-02 3.387451467904514790e-01 2.340557515949476919e+00 1.575184196669235925e+00
2.783845404319263306e+00 6.996221306531649198e-01 2.237320843617389254e+00 2.772860537720518881e+00
1.947700783611939102e+00 2.746372216503246921e+00 2.979004840014735311e+00 1.548637790980095019e+00
6.477168008908463781e-01 7.237757251838055073e-01 1.615728446450996447e+00 2.575014769566940309e+00
8.816711091335600187e-03 2.494568048044539577e+00 2.807897722995804202e+00 2.285812487686360306e-01
2.190840715786357418e+00 2.940160950177571841e+00 8.762930516943195913e-02 1.298687209535238640e-01
6.447051776333505811e-03 3.498618189086722952e-01 9.526646070643458586e-01 7.131348426168980792e-01
2.594463522605017669e+00 2.965025986960186266e+00 1.234447534261429613e+00 2.024585293238490458e+00
1.156093338008959276e-01 1.971342815125506798e+00 1.036825040583515989e+00 2.293119507842093174e+00
1.986696019742960395e+00 2.638105328767895941e+00 1.566148467912473974e+00 7.949583254787907782e-02
9.888085919244312683e-01 1.514690554288342650e+00 1.909337843136892587e+00 2.281221657947182901e+00
1.074857372342380435e+00 1.174027859763137727e+00 3.933193036695479261e-01 1.173478749599360826e+00
2.311536764815573797e+00 1.917566743676840213e+00 2.368285632364099058e+00 2.423656250956997216e+00
1.976544051286222903e+00 5.972181227856976360e-01 1.111620365800939148e+00 6.521852411643381808e-01
1.166539206755086600e+00 1.583832984893599694e+00 7.058196111945055917e-02 4.068597676108799965e-01
5.008365714020901471e-01 1.428655584380418508e+00 2.715152635979070972e+00 6.611411111425110620e-01
2.015532213295008646e+00 2.832450784697809087e+00 2.551598720548706734e+00 6.990313607854030664e-01
2.943018821955014630e+00 2.720117771166123966e+00 2.113694856436552971e+00 2.636895831424849401e+00
1.818915670725052225e+00 9.611400718005831401e-01 2.018545307908730546e+00 2.528441873704132536e+00
1.444811738240433518e+00 1.024694314675889784e+00 1.354520395725142601e+00 2.284586892467677988e+00
1.791890358029242236e+00 1.976387963824927319e+00 3.288090948931398083e-01 2.966610668648455906e+00
2.530373054169915203e+00 7.954816394608036356e-01 2.941480035018911643e+00 1.423068517823028234e+00
7.401355255869418448e-01 5.255516000394186982e-01 1.762078924079996112e+00 5.962874290526141152e-01
1.374332787201859807e+00 2.185838025597025780e+00 1.362426029254911741e+00 7.348040672538748153e-01
2.615758024389149838e+00 1.063630434475391739e+00 2.100934269880655236e+00 9.862885458207727440e-01
2.861847686088531351e+00 2.452288042860993222e+00 2.366128639428737745e+00 3.073721653559188471e+00
2.681779621860755469e+00 1.969260056264250824e+00 1.467521730132585578e+00 1.931933058136780845e+00
6.678731089342008209e-01 1.874711327905903557e+00 2.062451638678445498e+00 1.322493454412898339e+00
4.237871576840878673e-01 2.188121363829024446e+00 1.638157578397227532e+00 9.110193905828922745e-01
1.092355045852062112e+00 1.141265784160311991e+00 1.910726247433054414e-01 2.590539928688308180e+00
2.472962952748169574e+00 5.804960229092650525e-01 8.557238639207808602e-06 1.817666537809324190e+00
1.563260536152670244e-01 2.586510246233550081e+00 2.515550866007158159e+00 1.439085945518722598e+00
2.870987224205245880e+00 2.300947162078162411e-01 1.329290750166703949e+00 1.603828481954318486e+00
6.127733057289879159e-01 1.880884409463157853e-02 1.963671602987632658e+00 2.505249643356009859e+00
7.320525922824301646e-02 4.399275602332403112e-01 2.764763925064424477e+00 2.534735800095699876e+00
1.858526577971290950e+00 1.333275407258483480e-01 1.024409083467619608e+00 1.379884928548850143e+00
2.452520651422625542e-01 1.363250424099290425e-01 1.589420452048924348e+00 5.123152057923484604e-01
2.747063920499742462e+00 2.978701804780112261e-01 3.044976014268628184e+00 2.242675122975350543e+00
9.098502702189558144e-01 1.313274249209735345e+00 2.031212042963758790e+00 1.984037356407323482e+00
1.761275585952678302e+00 1.982749566291881260e+00 1.871925913266484720e+00 2.601962069715249903e+00
1.174108816465397664e+00 1.372589121679922197e+00 4.636650247753246745e-01 2.261650219203225731e+00
5.179959819741305482e-01 1.641250029555590961e+00 1.370602396611664497e+00 8.024644167731422861e-01
2.444572471643859934e+00 1.752266636292608482e+00 1.930139652304178721e+00 1.603697611472129969e+00
1.665145021027330641e+00 2.984627895522016239e+00 8.062507739025028819e-01 5.070992322012557452e-01
2.356826313134992468e+00 1.843744666113768194e+00 1.387634378270260038e+00 3.191184056180356721e-01
2.212663807293092866e+00 6.442472835041259671e-01 2.641203394571190799e+00 7.731516291694601195e-01
1.709827006662070437e+00 1.485404307289091674e+00 2.709372205103860676e+00 2.878063248223189596e+00
1.442201840207207431e+00 1.594457118401324314e+00 4.210714893270774417e-01 2.693412204520456488e+00
2.820232307334432420e+00 2.970175429132481337e+00 8.089015052427456220e-01 1.197543642033570999e+00
2.163428365789187013e-01 5.442326924673286381e-01 3.042441321124880638e+00 7.569296468953079504e-01
1.380768806735153675e-01 4.065908253283784801e-01 2.860385032217116930e+00 2.398932710256107548e+00
3.042070675993034268e+00 2.535808841882783771e+00 9.777933202539231816e-01 2.927090138290349558e-02
2.100306879310787078e+00 7.714224754045014842e-01 1.661783287967216527e+00 2.345627970863612077e+00
2.909763330480465982e+00 5.946492860694820859e-01 1.894709950687544775e-01 1.344051761767215858e+00
1.819498357922427534e+00 5.875939380776810106e-01 1.794359376720303656e+00 1.871335916978098757e+00
1.938588295438947506e+00 2.794722146422319309e-01 8.752598971606503353e-01 3.045904755939071062e+00
3.056145802190186611e+00 7.701924120756575495e-03 1.484320912490061595e+00 3.019232612524764381e+00
1.945502706921512059e+00 7.541166459010769652e-01 5.736497453959250592e-01 6.339055766884055254e-01
1.292072919720256730e+00 3.229017385643471738e-01 2.885191576339830810e+00 1.770733371660215272e-01
1.674762758473818947e+00 2.685435281233617300e+00 2.495991784444177686e+00 2.868475172100086290e+00
2.611421461488081519e+00 7.580808333592975456e-01 9.384977007796190263e-01 3.057200662315101347e+00
2.348196785765801486e+00 2.818948218636896819e+00 1.199121600760928885e+00 1.866013168565938241e+00
2.007412505614153631e+00 6.398152621926380679e-01 2.068812922409181798e+00 2.816192450452486007e+00
1.109383813199109614e+00 1.077633375842532271e+00 1.275909374441097199e+00 2.617319637377456321e+00
1.260043134752803162e+00 3.140120407252233736e+00 1.515839339784986334e-02 7.549773877808579892e-01
1.655125121510408803e+00 2.823781856007878233e+00 2.914199321734099346e+00 1.685656452898795843e+00
2.760594591429963884e+00 2.670483648271740229e+00 2.756188689452703233e-01 1.961787917122858715e+00
8.523725117800812212e-01 1.770318779589044045e+00 1.823741253760575942e+00 9.690366990439664985e-01
1.717168476273303934e+00 1.234836062170524773e+00 9.434218303742730738e-01 5.909284243040482387e-01
2.014696313067615208e+00 1.014205413083686669e-01 4.962126948790341330e-01 5.389587499542716209e-01
2.471526549824833552e+00 2.922914026222680040e+00 1.475308306699092409e+00 2.822604072406602604e+00
1.235437182650757498e-01 1.707661026903435575e+00 5.099484305921185845e-01 7.975524526267279146e-01
6.498695200952149253e-01 2.773232252782394269e+00 1.160627667765465609e-01 1.830838454584707842e+00
1.337504502704417453e+00 2.164918499988929046e+00 8.862671642308461717e-01 1.197715536961899030e+00
1.816434411093533985e+00 1.422518910406334491e+00 1.414991639877489549e+00 2.921088759272265634e+00
5.949122020584398651e-01 3.307089785788307479e-01 3.112936524432829977e+00 1.228570015921499836e+00
9.146626000254295397e-01 1.928925962193298149e+00 1.634549900127173050e+00 1.253646526312698128e+00
4.155696891496804546e-01 3.019713169569571698e-01 1.076096251227104172e+00 1.772311655952152787e+00
1.518121823935927983e+00 1.586086935313102630e+00 1.412277407056086176e+00 3.039425613215685829e+00
1.747877440763531964e-01 1.317726232051318558e+00 4.892949203158132865e-01 3.009415981219518255e+00
1.803801535602910677e+00 2.563725739593172293e+00 2.407489835940632261e+00 7.927794904346001648e-01
5.603675525140140445e-01 2.603170538384247390e+00 2.499293504307178448e+00 1.543713659821717821e+00
2.573073211397906679e+00 2.086531543799021726e+00 1.127558313796509282e+00 2.848705977800197742e-01
9.424676007252071885e-01 1.357082273005251860e+00 9.981916496837532904e-01 2.608565988663910762e+00
2.229667600554970708e+00 1.513790863120621388e+00 1.102043347079654456e+00 2.759239870934833139e+00
5.619973827904256591e-01 2.291948601928023965e+00 4.417777107605758702e-01 8.690798716747492048e-01
4.968883907211637529e-01 3.631904524981408033e-01 1.766106455031229094e+00 1.326090093169487893e+00
2.568110098569500455e+00 1.365536721708265455e+00 1.906013856590842437e+00 6.374940509914986397e-02
1.427051096688329412e+00 1.016076919619185004e+00 2.301212415364562336e+00 3.783755254105357624e-01
1.580213881769647610e+00 2.391143864850349132e+00 3.318939663715754773e-01 2.487514159551764414e-01
2.517157713441813272e+00 7.009112090471819601e-02 4.259198044345550160e-01 4.502901133187200422e-01
1.220218893033096164e+00 6.015651961822250371e-01 9.484471584425234747e-01 8.614417750377301175e-01
1.004639465252504804e+00 2.757575736148363266e+00 2.979273265162033280e+00 3.088320492212709656e+00
1.479849508823001480e+00 3.704675694159030308e-01 1.419276726851962156e+00 2.273078363754852838e+00
1.095574662027501534e+00 1.648477884258378046e-01 1.554678366793593947e+00 2.642267115585066772e+00
3.004275505330441742e+00 2.214040191813309466e+00 2.200894655484220142e+00 1.821788596433028262e+00
1.090842223239180953e-01 1.008015408933790491e+00 1.405225884277460757e+00 4.451377636262621729e-01
1.302368221345007182e+00 1.845440853837310824e+00 1.859155627621538409e+00 9.717702262573432170e-01
8.703901190180948211e-01 8.249450102885012015e-01 3.588846928313667584e-01 2.723056491102986421e+00
2.998398583136114404e+00 2.068715945316314808e-01 2.773850008253913924e+00 1.198357261154107345e+00
1.849087388245618024e+00 3.000303373173838217e+00 1.896478694957179079e-01 3.629390846077826804e-01
1.139438806104811075e+00 2.985642533750631156e+00 8.113544398248863088e-01 1.968664019113871566e+00
2.725025378926407615e+00 8.534485177187368654e-01 1.417893063784828822e+00 3.302205358165996585e-01
2.912256709111091801e+00 6.220887214864940784e-01 2.977277911838288604e-01 1.084210365743812687e+00
2.126928145468924836e+00 1.740639329234201504e+00 1.417457782129642352e+00 1.553029792389136465e-01
2.193020883433625556e+00 1.130215132420908652e+00 8.982073164467947735e-02 4.823044464623673089e-01
1.668247823751531023e+00 4.683520007338261015e-01 9.313404633072047689e-02 1.087345286201595318e+00
1.589320791452344617e+00 1.177297570593506482e+00 2.896311532147606727e+00 1.397034737608073562e-01
1.827983367927747516e+00 9.007163764445144105e-01 1.461059706448389006e+00 2.010471919329885448e+00
1.244418915862620878e+00 2.287740802116775107e+00 2.607654169084181461e+00 1.605385434979972048e-01
4.600082982160859646e-01 2.797107268348857367e+00 1.513690452725263258e+00 1.145894349531201062e+00
8.918827235370687667e-01 1.099953026371504272e+00 2.340478184345894608e+00 2.262640767467801461e-01
2.718575549385596091e+00 2.733555594158999513e-01 1.875306497030405195e+00 2.909227734013367872e+00
8.437240653475784891e-01 2.355843476053997687e+00 9.589124422430818084e-01 1.119797984228873000e+00
2.328134329856451412e+00 5.405374815565102686e-01 4.674830256730238554e-01 1.008765145042669342e+00
2.822560451286263206e+00 9.899342663335949366e-01 2.297289168461434716e+00 2.001474185334758182e+00
1.659709200688406217e+00 1.396589540775027283e-01 1.584659030577209915e+00 3.879060297902687249e-01
1.810547322733644826e+00 2.126368922505563752e+00 2.675622924437001671e-01 3.103233276841734334e+00
1.588435971117616363e+00 1.227215714206122188e+00 2.453461315385426555e+00 2.823173444986071257e+00
2.756475006797713512e+00 2.923894643286550021e+00 3.339376327228162911e-01 2.064223070766176171e+00
3.116902541776464197e+00 2.621550233674518893e+00 1.881067974658268971e-01 1.121992947679792074e+00
2.436482633345449234e+00 6.751127298633977647e-01 9.026590633477502568e-01 2.928667752895230070e+00
1.866218924421401804e+00 2.238654052707014230e+00 9.873218087238939955e-02 1.721699229862620140e+00
2.795868055889339399e+00 1.685122053821756616e+00 1.227383751604328666e+00 1.243590317607710327e+00
2.916708317967663611e+00 2.623001165764098808e+00 3.031768172060011590e+00 6.007765295517206727e-01
1.773238228663363225e+00 2.868867622322901489e+00 3.752538099358279089e-01 1.300243330835035627e+00
1.656858288373309201e-02 1.942264378038151440e+00 1.222552841972880833e+00 3.878227719699842146e-01
1.177521974390211890e+00 1.752883116013977283e+00 3.594949748829849301e-01 1.914629928679178361e+00
1.353222311254838495e+00 7.709543197378011803e-02 3.030457407452136209e+00 2.357394179735233575e+00
2.157558910236340388e+00 1.223831948998368668e+00 1.220510500853324992e-01 3.107531844060860138e+00
9.064979175017865431e-01 8.370238527631096437e-01 1.681446835016504604e+00 2.469126517303529944e+00
6.201876356714770555e-01 2.138393570701680346e+00 4.459018252664946336e-01 2.828431528181517329e+00
5.304039774793700701e-01 1.848109139168217618e+00 3.526212702574021418e-01 8.191428497916564133e-02
1.833248429584791506e+00 1.892974715652583795e+00 8.829090511196072688e-01 2.983562573295471587e+00
1.272510605148870821e+00 1.364577082561630572e+00 3.116444356595078347e+00 1.102884125176925023e+00
3.266238244969906779e-01 1.187111582957910860e+00 2.084642095714244192e+00 1.345796733596031691e+00
4.230343757397198035e-01 2.613733942580592107e+00 2.870295558384665657e+00 5.494224375298853991e-01
4.241787993952279567e-01 2.474472899322623931e+00 1.082401520004977608e-01 5.146944318517566730e-01
2.653069804428522804e+00 2.542526893549900358e+00 1.390462041867112752e+00 2.315969907378353732e+00
2.822719741961140283e+00 9.331796348798305774e-01 2.567812584578883950e+00 9.357106517126633216e-01
3.433350569245151029e-01 3.116549486384451395e+00 2.432066779806510315e+00 2.811791227267273818e+00
2.788751285853775519e-01 1.640536633709680281e+00 3.004859498179693222e+00 1.964775515661260352e-01
3.854514700066055677e-01 2.651075240600465843e+00 1.855565874663310799e-01 9.647766453225816718e-01
1.065842358611840401e+00 2.205271333709446502e+00 2.957822715015426596e+00 3.013566674160282677e+00
1.435645451934285832e+00 2.065991272272631907e+00 2.180952306868004342e+00 2.189884676560309718e+00
1.768446119338165312e+00 2.862382748042793246e+00 2.092840854773319492e+00 3.677231392805173638e-01
3.102209288599483195e+00 8.942557984949682792e-01 2.806738354020102744e+00 2.187310728403565552e+00
2.929229323840777166e+00 2.114398567796322403e+00 1.087843672899021730e+00 2.827733732566423352e+00
1.505723158646224746e+00 3.130857549313766253e+00 4.720897115844384651e-01 2.005931373473984092e+00
1.380690861771307176e+00 2.697882311039241809e+00 2.345291810456857640e+00 9.880435834521178462e-01
4.737880093080538701e-01 2.999108309511215431e+00 2.454286912889484196e+00 2.541218593240592849e+00
4.133695411409392673e-01 1.904999214015661524e+00 2.047038001624805759e+00 2.005127775147887093e+00
2.111965771511726597e+00 9.996551601161374201e-01 2.018770270781761411e+00 2.682699996926472430e+00
1.276969983206998061e-01 2.743467125439006171e+00 5.148047699769192631e-01 1.399613441300442851e+00
1.578704576247492719e+00 1.368940934225760575e+00 5.147691585909298650e-01 1.654167007649054666e+00
3.466989316337655835e-01 1.512454244732388986e+00 1.176339264170940035e+00 1.735461289213469760e+00
6.090248409479019631e-02 3.135100472017210205e+00 1.789910607383212060e+00 1.597979547099037889e+00
1.976443213787813624e+00 2.332704130227976069e+00 2.374168258704495660e+00 2.152835116265007898e+00
3.201281292915097443e-01 1.674738976910185917e+00 1.301456851800730563e+00 2.639153127918154151e+00
1.288365566595072176e+00 2.636947472932807957e-01 2.102829343681161145e+00 1.681937065245194596e+00
1.186250999168830367e+00 2.757024837533136097e+00 2.193903150561356874e+00 5.796901021056766190e-01
2.366752383397039861e+00 4.902165775409498827e-01 1.633950151168099607e+00 2.274719352566911823e+00
2.402051660638091779e-01 2.730829858093155593e+00 2.418938189947857087e-01 2.151298997427513182e+00
2.859778738623656835e+00 2.214945645174800151e-02 1.426576718845612435e+00 1.275280056041000476e+00
2.808745130704611181e+00 1.544971256351060251e+00 7.304011948178545932e-01 5.465471065144136276e-01
4.809927730367015153e-01 1.853388775322635906e+00 1.121693133031125500e+00 2.511258121933205967e+00
1.530941007147576416e+00 1.084335658169828243e+00 1.982825633609018590e-01 1.273696478662572185e+00
2.767169254612376950e+00 8.230943255438059047e-01 2.051144191793294436e+00 2.664333933607922589e+00
4.390388734279066507e-01 4.016243793208966739e-01 2.952737980302231890e-01 9.617386267436137670e-01
1.323161644774967671e+00 1.270724197033490654e-01 1.673675321724602316e+00 2.554131161582548604e+00
1.884447354994152501e+00 3.788121277625951522e-01 5.026723051564110367e-01 1.868918743274606831e-01
1.735516111142640483e+00 3.764042371232390050e-01 4.267799601985990642e-03 4.046631161002488541e-01
2.631679174791002329e-01 1.130501254402953792e+00 1.919753650039375703e+00 8.152654912741554849e-01
2.438756747101084255e+00 2.027223943689133723e+00 1.457571908608078726e+00 2.335258929479735457e+00
3.076860782061699773e+00 1.830569974049865101e+00 2.273240967741407825e+00 2.888740089415565038e+00
1.959611582352481340e+00 2.607466899393923399e+00 2.854208412715969256e+00 1.049859964398677376e-01
8.972725966879686599e-01 2.706873155188526781e+00 2.907821549866131505e+00 2.151330664760776834e+00
2.490459593710202757e+00 7.197799109006826068e-01 9.143211913111185529e-01 2.601689567163679495e+00
1.974111077291713201e+00 2.061892301322703958e+00 1.094012924193714098e-01 1.706109999244826758e+00
5.039386954609479385e-01 1.998864818805098920e-01 2.998579447335541825e+00 1.033155357779145689e+00
2.120561284779879152e+00 1.162647702369239644e+00 1.339751575694363650e+00 8.024567672321368805e-01
2.809997637939065651e+00 9.515976204768140934e-02 1.475827054862730137e+00 2.193449560514901364e+00
2.094810286984112313e+00 2.486523134793981793e+00 2.880266430858534399e+00 7.394101819163421130e-01
6.879643671799731131e-01 1.475680655817728670e+00 2.680459226185322841e+00 2.372309083792468964e+00
1.897289896500839124e+00 1.439790125086480854e+00 2.978801043381474223e+00 1.139989106462880208e+00
3.027230995588793272e-01 2.666228910866497603e+00 8.756550431870864237e-01 2.037175479215565854e+00
1.338748840665405337e+00 2.090922889802502294e+00 9.666565428632118984e-01 5.081794527995812105e-01
2.922772572139835656e+00 7.281683070096088839e-01 2.317558400719180067e+00 1.902837689647740582e+00
2.606755170422859202e-01 1.598159165336563436e+00 1.389400737275156672e+00 2.535312983318828817e+00
1.826460320979361285e+00 2.792775963568048248e+00 1.536515654081994864e+00 2.000251593080089041e+00
3.936587508642645436e-03 1.452834359833548694e+00 2.535988802159882649e+00 9.780560567046235887e-01
2.731820407549723217e+00 1.099673205763609163e+00 2.220287924975856697e+00 3.077962031614662752e+00
1.430527182240853401e+00 8.370617448248198755e-01 1.009471502521888553e+00 1.143832794770546002e+00
2.311580793765159125e+00 1.440546296793388414e+00 1.919694017059276892e+00 2.697437559295358778e+00
3.034288270978235946e+00 1.923212805826013616e+00 1.803146814716636959e+00 1.650317491200955722e+00
4.444137090756265507e-01 1.622292300817560706e+00 1.147582971280648678e+00 9.940681762785910092e-01
1.624188389488197437e+00 2.796820333555078530e+00 3.054432975892437785e+00 2.796494680623648588e+00
5.216288247820900503e-01 1.800311612609509337e+00 1.247442848670377469e+00 4.576106324331760122e-01
2.725511628848477752e+00 5.220996376745278278e-01 5.334771669767124358e-01 1.513972043723877503e+00
8.160574312729472826e-03 2.239103754688381631e+00 2.385828970233729418e+00 9.455763883000642966e-01
1.944297759401744541e+00 3.109157957737584077e+00 2.025264478311965988e+00 2.021448480193107855e+00
8.241927978194796278e-01 1.780813478748009882e+00 2.093332992897326772e+00 3.374555846523842328e-01
2.989597686615713013e+00 2.955799926132652633e+00 1.188113567483518151e+00 2.882395366640544854e+00
2.651869554653933925e+00 1.894088307866433007e+00 1.460826114787237451e+00 4.494126094619640965e-01
2.755006898010848637e+00 1.682427911172249768e+00 1.456374340822214730e+00 1.438593331570150680e+00
1.513282492394995904e+00 6.471574399820340801e-03 2.478085690909546113e+00 1.277824086225972211e+00
3.024706455716591247e+00 1.130410691370369980e+00 2.252495316527866720e+00 2.829284057682088349e+00
2.299983410013963336e+00 2.214916539099182735e+00 2.746704639446846397e+00 1.095795479088144120e+00
5.970303543260209178e-01 3.003497007554354337e+00 1.765224686824138578e+00 1.500023005523239972e+00
2.473479486230690583e+00 6.909235244434999146e-01 1.606744245049707809e+00 2.468168898997162852e+00
2.261216418663020811e+00 2.486864913043965508e+00 1.731293585182019035e+00 8.339867459111590664e-01
1.599914313317671199e+00 7.460546970380872445e-01 2.292012396780978456e+00 1.573202875179718907e-01
3.081234858302304147e+00 2.528282542239149944e+00 2.617544334391864069e+00 1.003685311735766472e+00
9.833112405787819421e-01 1.396389326625174121e+00 3.938007678161059566e-01 2.945393703379594053e-01
1.984627738777001049e+00 1.202284965376551273e+00 9.907744614659820259e-01 7.213873374603191335e-01
2.115907931709710255e+00 1.162717389439839932e+00 2.641597079870468878e+00 1.333192604880069521e+00
1.421693121372515689e+00 2.222234894353892098e+00 1.087544036292627636e+00 2.170325480843484367e-01
1.993531600079455846e+00 2.245393644694194446e+00 2.897832168956911314e+00 2.694508799641325059e+00
1.753715313281050792e+00 8.879423192894718708e-01 7.510713689998681497e-01 2.425306644452360771e+00
3.447511670037876202e-02 2.557263347920646801e+00 5.291496411941488676e-01 1.654727302037220626e+00
1.279157236555891419e+00 1.792363029910888583e+00 1.590345659854424776e+00 2.972807478991983832e+00
2.029170835621634694e+00 1.706154416497183413e-01 1.787308273661136759e+00 7.536381985461441113e-01
5.745686833671764804e-01 1.492839859395486968e-01 1.961570641062883924e+00 2.244129791352106107e+00
3.079693261176902119e+00 1.624132158521805813e+00 3.090146466573555184e+00 2.677240181228968674e-01
2.515717813491389343e-01 2.757195888734769729e-01 1.973516776913145199e+00 4.493800038012349396e-01
1.601165589437663073e+00 2.594372044658800114e+00 1.379776775180119319e-01 1.387682176938540790e+00
5.253653043038424703e-02 5.344268278894955815e-01 2.204721875284850530e+00 2.200901111884831174e+00
1.083564424158727224e+00 1.945236476449119456e+00 8.040790822133166982e-01 1.017378847792109742e-01
2.161734883726726952e+00 5.994076491012291508e-02 1.871503281877086922e+00 1.310163909228914125e+00
9.068663434503765330e-01 3.098243885203371573e+00 1.053540149234469592e+00 1.543303492701542545e+00
2.426615046506617190e+00 2.668356732890001304e+00 8.715018049437487369e-01 4.843248223224514565e-02
1.560436474534758478e-01 8.267676024538407331e-01 2.460658716290746728e+00 1.221774773304106360e-01
2.821289387463948639e+00 1.929946674462086786e+00 1.263683726270786511e+00 2.974033088660168911e+00
8.896064742492070243e-01 4.416734743634586624e-01 2.077307396538714546e+00 2.566898098711440479e+00
2.410541777693505860e+00 2.063363238716575232e+00 1.369636511480134544e+00 4.364946316626043266e-01
1.663273837849672754e+00 1.074643559773894363e+00 3.023066000261100950e-01 1.676772786489643785e+00
8.684064529848228853e-02 1.627836554208121678e+00 1.684299550192937422e+00 5.538086958486053701e-01
5.063174254757122350e-01 4.715584956508040992e-01 9.962911605769596557e-01 2.842224188312129307e+00
1.226768833835708339e+00 1.111210498212263031e+00 1.721598573197588911e+00 1.271309164254942337e+00
3.661149570867867631e-01 1.249637106420332433e+00 4.973729317727849097e-01 1.482366701016223087e-01
1.726369721472709173e+00 2.094744599326763268e+00 1.736413548911018623e+00 6.154465164932971799e-01
5.969693373347336740e-01 1.077191497957687538e+00 1.626480959928442216e+00 1.104672804654301642e-02
2.616189131130908230e+00 1.450404341547749665e+00 1.739446474063829573e+00 7.977964990778222409e-01
8.492840902600312658e-02 2.693938294139274880e+00 2.378480538863478877e+00 3.072792208204283004e-01
1.825000295218927038e+00 2.042182627580131360e+00 2.120275813739539661e+00 2.450185889906714376e+00
1.649888429152584379e+00 2.928724363463198532e+00 1.033182090928008057e+00 9.970274686819697862e-01
3.225459371181578216e-01 8.039134808206417349e-01 4.513570776686349761e-01 2.647872477940942382e+00
5.026832982986018106e-01 8.633921345775633638e-01 2.962896210271433350e+00 1.148777316205390697e+00
1.046440186229828040e+00 2.771738621355667398e+00 2.215792881222445221e+00 2.273687466192780171e+00
1.979395245537448833e+00 1.795326465569967000e+00 2.239950486803788277e+00 9.144574166735361942e-01
6.289164531551679760e-01 2.650748732546583053e+00 2.965996829790735756e+00 1.933302121615472657e+00
2.975908323032101510e+00 1.143205468542732861e+00 2.799612407323920582e+00 1.165300456770733462e+00
3.009702861043114464e+00 2.535101230447943887e+00 2.355752133956460881e+00 1.552893800902572785e+00
1.018926055807383824e+00 2.616734683210089951e+00 2.592175907418210912e+00 1.262574607043030817e+00
9.708819418518145339e-01 2.229537031415471215e+00 3.041015589241680139e+00 1.616446861807348201e+00
2.509612369922353814e+00 8.303745185983800736e-01 2.540402158058272963e+00 9.643518338592843575e-01
7.692926376000766564e-02 1.172126540553343421e+00 2.813760948559874908e+00 2.860220642231196125e-02
1.026445260457373276e+00 1.656139267828298900e+00 1.694732431736311939e+00 5.968475736231960704e-01
2.639375486951186289e+00 2.407500288260526755e+00 5.185333503592745585e-02 2.576988087276256834e-01
2.344962342540967359e+00 1.205815660385276544e+00 2.896484566281729123e+00 2.188857843051604579e+00
3.201252137754828642e-01 6.675954801196213317e-01 3.045233768563622601e+00 1.044298249330690043e+00
5.672209323199975950e-01 2.544908986420670871e+00 1.385273686531066639e+00 6.204229371323618514e-01
1.453817563099620180e+00 6.384441422203518401e-01 2.117165099710646814e+00 2.406506275962065011e+00
1.742084286879184152e+00 1.127194968194133312e-01 2.753147518595937093e+00 1.027029258793249689e+00
1.711793101746257095e+00 3.436960886497356094e-01 2.192263295222686814e+00 6.583257836362379489e-01
9.464616272843213718e-01 2.972950916137639954e+00 2.147295277099634081e+00 7.297724104260739919e-01
1.808149550652653759e-01 1.392713962018020668e+00 8.121938547479451431e-01 6.350626329012630800e-01
2.836960755828377589e+00 2.821475987065574564e+00 2.868610713386713362e-01 2.208474317829836497e+00
1.490526284524859912e+00 9.042580393948491668e-01 3.337494810126872546e-01 2.523153138915416260e+00
1.262041365904522650e+00 1.640695434052147794e+00 8.620496380191866592e-02 2.780289535091824416e+00
1.263414835269370151e+00 1.333196494279490052e+00 2.456866924206550618e+00 9.330353009453526414e-02
1.776330447935634771e+00 2.760395317804942295e+00 3.096021198709372757e-01 2.863061056828273276e-01
9.033200441106721268e-01 1.820092232022184342e-01 1.812522346535817119e+00 1.918465680868617129e+00
2.738525523950247287e+00 2.193218498130153016e+00 7.119626001181672548e-01 2.052106199213599158e+00
2.062815486000735277e+00 3.072973355614011748e+00 1.674124704380617779e+00 2.188794104280854302e+00
2.108882610473583608e+00 8.287448687471269393e-01 7.669389798378259959e-01 2.606942041230633667e+00
1.463207997061642285e+00 2.772729872494998471e+00 2.896758381861344489e+00 2.824139880518014678e+00
9.534988171490126341e-01 6.648860439035072512e-01 4.031716587359458238e-03 3.054356147839178526e+00
2.096842863477412333e+00 2.434261258815569651e+00 9.935243123947303800e-01 2.095298733473771158e+00
2.961126596565736069e+00 6.394230876702478028e-01 1.807320661331709433e+00 1.088586704720552856e+00
2.383406177188707176e+00 7.642735704376109052e-01 1.028566760750173392e+00 1.221397312349961739e+00
2.380885920615660734e+00 2.826728810919673762e+00 1.756730348366373651e+00 1.100216629699809268e+00
1.090966884437164497e+00 2.652217938424952792e-01 6.107028382504242625e-01 7.095300734587610680e-01
2.676859181423131950e+00 5.316827264276896559e-01 1.920896755894712093e+00 2.868124351571070818e+00
2.997685267438494172e+00 2.356741272288694500e-03 1.409969231540170398e+00 2.950962009405037278e+00
2.620838536959887222e+00 2.597795024273300779e+00 2.053277048560744333e+00 6.136053370638214766e-01
1.809965002671978684e+00 1.871623474480289984e+00 2.715970300672208460e+00 1.591184544301212478e+00
4.909605428033133045e-01 1.201824400664482484e+00 1.285527039075137434e+00 2.276753842750040668e+00
1.278620199477240371e+00 3.064434211735996616e+00 2.132339825166640779e+00 1.856698009296722685e+00
2.982546883020852357e-01 5.729793763990755906e-01 2.464134430756501626e+00 2.684381156861542994e+00
2.048699203119649592e+00 1.393100971829134282e+00 2.439576919523059662e+00 8.700820964211801734e-01
2.037427609749959956e+00 1.394601698122801825e-01 1.267328053510303087e+00 2.718517791969157216e+00
3.788465119005949289e-01 2.587419266224109560e+00 2.480600408420256642e+00 2.861150031298745233e+00
5.218119528712689137e-01 1.081407048232668311e+00 1.829419982994844096e+00 1.557870694850565840e+00
1.595487915900492437e+00 3.297304180915179295e-01 7.212121025685469533e-01 8.301199511851609092e-01
3.129803270557388828e+00 9.021216719870432943e-01 6.426542732221235399e-01 2.007009198672168537e+00
1.361868642047301181e+00 2.831599597651579092e+00 1.452370680673678249e+00 2.154223267185596757e+00
1.778635497333339033e-02 1.925365724741809670e+00 2.870678724559540207e+00 2.353614273434573967e+00
1.727711372564068038e-01 6.011414381296525944e-01 1.274410571670739900e+00 3.100514141415691149e+00
1.715397169574729652e+00 2.965924867141291887e+00 1.572766252898252226e+00 2.165024023363215200e+00
1.739289596731877219e-01 1.912123706827520087e+00 2.136484156862462847e+00 1.324997121123445254e+00
1.304043076954587710e-01 2.527715506572657755e+00 2.495294320867757154e+00 9.742722271736911077e-01
1.654134575448404698e+00 1.212672499827174066e+00 1.657570457943639441e+00 2.005369962354438762e+00
5.543297028385649750e-01 1.864133028746127074e+00 2.011226214116572208e+00 2.169033171680262218e+00
1.891154251496619532e+00 2.275295056572737451e+00 1.305313924118478797e+00 4.050497581927985091e-02
1.513556445563950081e+00 2.339834537865986608e+00 7.426808120276735536e-01 1.445823083724976366e+00
1.982488759992105942e+00 2.820547324268660727e+00 1.972129329341875570e+00 6.561401356186907785e-01
1.599533866108775904e+00 9.345975978148952645e-01 8.919437104394081217e-01 1.990785663073287415e+00
2.669830069164591091e+00 1.666771644562672794e+00 7.478862128944563370e-01 1.144506334183077012e+00
1.760968716450364235e+00 2.658283272039747569e+00 2.286742221480305481e+00 2.123275370930896022e-01
1.484330191747933236e+00 2.696313818962481346e+00 1.748976573186011185e+00 6.378277491370355490e-01
2.191124353583804307e+00 6.012607874936972685e-01 1.550562633521784250e-01 2.893140645631439689e+00
3.141400909167787692e+00 2.392419234130656935e+00 1.489034679779697390e+00 1.015604226034064084e+00
1.676468806609398426e-02 2.633996124334634370e+00 1.475426126151660133e+00 3.099209268558452468e+00
1.962216991354639894e+00 1.597871942611208684e+00 2.136190594475169124e+00 1.101764565345738633e+00
1.337696170340398893e+00 2.235519931053407738e+00 2.316709516335276220e+00 1.236338285409004145e+00
1.335212930874136505e+00 3.375245488128866267e-01 3.082941603609287817e+00 5.050539835410742251e-01
2.517181031077190045e+00 2.720083099503322721e+00 8.532954207471720176e-01 1.825920104838997693e+00
2.287086941445086730e+00 1.319833815070218908e+00 2.953875471347317205e+00 2.690783308799090445e+00
3.074151459671453424e+00 1.095081299766185456e-01 8.716848732867842342e-01 3.632549921313329433e-01
2.417838765481860275e+00 1.215320651300217047e+00 2.407075888518314333e+00 7.350544645963262846e-01
2.531765953014729398e+00 9.901624335961012324e-01 1.180328701658739599e+00 4.767534475860921162e-01
8.110863840239150857e-01 1.027869652749292123e-01 3.068004148551921606e+00 2.684058845286117378e+00
2.277266183718279269e+00 1.090498399645044136e+00 2.606413136300664846e+00 1.037288375585011746e+00
2.432494194501326756e+00 2.292909708854064199e+00 2.397208771289848883e+00 2.868836133708744018e+00
3.113805296986908555e+00 8.917923587137837060e-01 2.445191636409351332e+00 2.953166616498386965e+00
2.039233436118116985e-03 2.202128154345524003e+00 5.995492379871117938e-01 3.131129012311967941e+00
1.242775173843331249e+00 1.203354491493572986e+00 1.300776468085123039e+00 2.782733303958921933e+00
2.208100718356472036e+00 1.729140957079692731e+00 1.024416468076484010e+00 2.587541915905817724e+00
1.038771627749830895e+00 2.875086363233388953e-01 2.745518377708283886e+00 1.407749774584472480e-01
1.716512388210801765e+00 1.842741944865391668e+00 6.974901771063263256e-01 1.642404345433272184e+00
2.756710118740163473e+00 2.196647416178167944e+00 1.466154182413837992e-01 2.559934531052841855e+00
1.241392710770788721e+00 2.753365165613472776e+00 1.124802543630050611e+00 1.323506234039878660e+00
9.057970680984792078e-02 5.789073471490459033e-01 1.092871398616751755e+00 3.070722708509235677e+00
2.817586414077788870e+00 1.914800375996575266e+00 1.954542414879925361e-01 2.574515891142186708e-01
5.905022111079751834e-01 2.877114477621443012e-01 2.759504433289027059e+00 2.339256616068585148e-01
2.085120558720384487e+00 1.207860412151818608e+00 3.084673957813125700e+00 2.382701661079051014e+00
8.959120740910070380e-01 4.855372513863410733e-01 1.883708319696281164e+00 9.811036498503054037e-01
2.114210706110207116e+00 1.251500117522960309e+00 1.447492667394076671e+00 1.840805645363719600e+00
2.496885141384298290e+00 2.314641226421173315e+00 9.827044077306660297e-01 6.484957612561191853e-01
1.942166516154738565e+00 1.870191577439868968e+00 1.792907030488033682e+00 1.753811384060743217e+00
8.491071652755485255e-01 1.131935142608796241e+00 2.293002970808486030e+00 2.467195682989296923e+00
5.604409348240156907e-01 6.587126285011537519e-01 1.255749537513855429e+00 1.333672412776178540e+00
1.285395344526407246e+00 1.881793634412646687e+00 4.565728030026395268e-01 1.117651829872206293e-01
2.946834192165469712e+00 7.350535750174260752e-01 2.804695740833655471e+00 1.102903889197723197e+00
2.690914687111259251e+00 2.817719698293577046e+00 9.667771752545083475e-01 2.989744718433656079e+00
2.156736203245033678e+00 2.908119928156432721e+00 2.242225600309814659e+00 4.970592898117935921e-01
2.256856580481982011e+00 2.895772847562173347e+00 1.382828680806640564e+00 2.701236482052010057e+00
3.128116435980093701e+00 9.310166053830812860e-01 9.761839260904761062e-01 1.499033090230757370e+00
1.134714570506478948e+00 1.092635990359678511e+00 3.101789774442787806e+00 6.202508460945669322e-01
1.879186226229594636e+00 1.452513226518685530e+00 2.878580024328102560e+00 7.722532339480722152e-01
4.648333194483164066e-01 3.032464279991638367e+00 1.597857439597654361e+00 1.680923372014233141e+00
1.540933067813403001e+00 2.026261279676083049e+00 4.147278942085536046e-01 2.763098590267232813e-01
8.625826852871227857e-01 2.405846054654465771e+00 2.162595037945139964e+00 1.510512482460617312e+00
7.826377876790328036e-01 2.344655342685483479e+00 1.970540872187200865e+00 1.705109988426367407e+00
1.881388463135980516e+00 3.134070856702188657e+00 1.672819738067402362e+00 1.178390335936679162e-01
2.780748654552207100e+00 5.888362890869444088e-01 2.039088949287707120e+00 1.206812467094665831e+00
4.536772960164077440e-02 3.042500570885358524e+00 9.481931528917559859e-01 2.624485646535595240e+00
2.282674982581156087e+00 3.091539232233178947e+00 1.629082427060078553e+00 2.290063020248424674e+00
3.307176246399166075e-01 2.413648963201798558e+00 7.954563487170228375e-02 7.577751237334002798e-01
1.075043478500028238e+00 2.472412995552364379e+00 2.167822555198725687e-01 1.843513590705370575e+00
5.260006071919952619e-01 5.926276003621366861e-01 1.450496720820211971e+00 2.861476859834179098e+00
1.437422035609032367e+00 1.360941394323595510e+00 2.415486937634008680e+00 4.743640964999122356e-01
5.761271478271333679e-01 9.606767316695766223e-02 2.895366732403263921e+00 3.391113838928623281e-01
3.932920632934577831e-01 1.965487033952462992e-01 3.021391678213913856e+00 2.092574006341098247e+00
2.139159689399408038e+00 2.065321795650122194e+00 1.712277822564860497e+00 4.857774448724499344e-02
5.562165227761844966e-01 1.572802021622883073e+00 2.254541154186389118e+00 1.795579292150334960e-01
2.276255179812049501e-01 2.680390579265917061e+00 6.183303486224974721e-01 2.453690511442540245e+00
8.332235775681464673e-01 1.098806145458106842e+00 4.143768091926496311e-01 2.844704104200113548e+00
7.818172998651863326e-01 2.846624535579514337e+00 2.802631583195573040e+00 2.396769347257389215e-01
1.488786150932376318e+00 2.197829352650914281e+00 2.664572598187516572e+00 2.518058842922668572e-01
3.110182126765750787e+00 1.032348871009449276e+00 1.980302373344850375e+00 1.226591762924010620e+00
1.029115858358530256e+00 2.842280739352606389e+00 1.856606338583288718e-01 2.351111036926657238e+00
1.538126789893823898e-01 1.261458800848412054e-01 2.424902723287192696e+00 5.236074142028361855e-01
5.201223998521661285e-01 6.450172967771453658e-01 2.481879280919877306e+00 6.687971847906317713e-01
1.652861877221727616e+00 1.913815356601328732e+00 2.223256232304311464e+00 1.236573839327505420e+00
1.067017621996874777e+00 2.680024431408855712e+00 1.297587920236445980e-01 6.251395381208325885e-02
2.785121119042127891e+00 2.186537539194719493e+00 2.109018158680683985e+00 2.812504142858835543e+00
1.573887266780628291e+00 1.724485571430110831e+00 4.404926279598282979e-01 3.085580568160099180e+00
1.264543242590801198e+00 1.480746918961896030e+00 1.928883836137645469e+00 2.753082791921785510e+00
1.403422581012138348e+00 3.067526811093480354e+00 4.589725725163988357e-01 1.489432967458649726e+00
1.512988797590134382e+00 1.474297075972759163e+00 9.088264554301342946e-01 1.694803352041083455e+00
2.639778171362115344e+00 6.493586404264434231e-01 3.051804172393902004e+00 3.073900313482629709e+00
7.976836251823435919e-01 5.450764598563786478e-01 4.348746702723076951e-01 2.609797968402657542e+00
1.990869334518656775e+00 7.320216570249681309e-01 3.004034882100230064e+00 1.269557354590254317e+00
8.873257238660674506e-01 2.574467711752096655e+00 2.661362303255288442e+00 1.351444327276229096e+00
2.703652926772629694e+00 2.747251688056131957e+00 2.918881291473959916e+00 2.235755789777650548e+00
2.592742228758931677e+00 7.924720187419248552e-01 1.406143542418705650e+00 5.481066497953666072e-01
2.245289600795786100e+00 4.242621814155429494e-01 2.413164890771108073e+00 1.008620028548599779e+00
1.358049627872834453e+00 2.623826190539755743e+00 1.309237376408882159e-01 2.274217485519459458e+00
1.885339337207443622e+00 3.042252940095133695e+00 7.498907481542848030e-01 8.811268098000312188e-01
2.679057924005979086e+00 8.728460660295108697e-01 2.672405473717869739e+00 1.062043562619720438e+00
1.619901045615869117e+00 2.108696178517916131e+00 3.356555682928315520e-01 2.987164388555280770e+00
3.112455124033730591e-01 8.747646945061819945e-01 2.073744082961288981e+00 3.274109200601432734e-01
5.776859451227279313e-02 2.567041617867756642e+00 1.662416478732388958e+00 1.347132781183948413e+00
1.556484810420667442e+00 3.139453723854881861e+00 1.006098045951754116e+00 1.382928005169530516e+00
3.028060421729402929e+00 3.163142511458835737e-01 1.956295056042657743e+00 1.547715049555522304e+00
5.896713342999209545e-02 2.648719862464913977e+00 2.121889149068913571e+00 1.788330570499614414e+00
2.581769941259382861e+00 1.418519938112274170e+00 9.729446068299845152e-01 1.220651868729061729e+00
2.618732644421437605e+00 1.407512741505956011e-01 1.497095529352311827e+00 2.023936782115878685e+00
6.259126682045331735e-01 2.169456517886399760e-01 2.140432035933852450e+00 3.025956039861336322e+00
3.007502982741304121e-01 3.724140633379784404e-01 1.666560734015955836e+00 2.329046859320007545e+00
1.498997168346192232e+00 3.281947121808891782e-02 3.000606198364596189e+00 8.826733736678579190e-01
3.050714177207614064e+00 1.837179592735568523e+00 7.558851247612229374e-01 2.569791766209112094e+00
2.447231132054675573e+00 2.262202358324036933e+00 2.382901112801396881e-01 2.040685116626832218e-01
2.096298901667799919e-01 2.257063681711062753e+00 1.948386933126202258e+00 2.839815439289787413e+00
4.949335584655701337e-01 1.791737663984106499e+00 5.008318645246490064e-01 2.076945842273747900e+00
8.527263078072244706e-01 1.482137421257795795e+00 3.061959934851094189e+00 2.610185325122889921e+00
1.769237620282566148e+00 2.572828982364197881e+00 8.860265482646608737e-01 2.485347609217329445e+00
1.151427812732672473e+00 2.408945543075007301e+00 6.644584337381412853e-01 4.645343861597167612e-02
2.361518480699135836e+00 5.825438073620908819e-01 4.229220299094578195e-01 2.175000624961392237e+00
2.889088961282641588e+00 4.476351929230826254e-01 1.697476639799288645e+00 1.268882461339562395e+00
1.451269018592711735e+00 2.320981189549337298e+00 2.151102960835518996e+00 2.258249409284582843e+00
8.812694532306546424e-01 1.662490256741375738e+00 1.098870221553448906e-01 4.073103451978461464e-01
6.604864070716905955e-01 5.459235356843956666e-01 2.380766419799933975e-01 2.521978359709178719e+00
2.748015109819108126e+00 1.840995667013059833e+00 5.815489901446229126e-01 1.575347453523907593e+00
8.841392853404904661e-01 9.578881096388832672e-01 2.012189168986641796e+00 5.642423287517749353e-01
1.112063003057446736e-01 1.969910424337892429e+00 5.499796873046904899e-01 2.812286073365255046e+00
2.848302765379926438e+00 9.903986486729701166e-01 3.465494344062519660e-01 3.897704886643957312e-01
2.510822188673305089e+00 2.207728575809539961e+00 1.645690108286625541e+00 1.099700969368478942e+00
1.894857059357357154e-01 8.057737057908158640e-01 1.015277572625232327e+00 1.633914287977497493e+00
3.040345711231176473e+00 1.255245178147727847e+00 5.101652113497079366e-01 8.710326668399102079e-01
1.219870642666924798e+00 2.441542841752999848e+00 5.100371577176445737e-01 3.114255464575318655e+00
2.539746073973311535e+00 1.329428631509505188e+00 5.478063248225550214e-02 1.143280408805915860e+00
1.631748326828004858e+00 1.171956797317109000e+00 9.102179612501213324e-01 1.323750794526962649e+00
2.601608396071970919e+00 1.803048201751475732e+00 4.178518187426182862e-01 1.031746978679601190e+00
1.156785043027052984e+00 1.454210814153697795e+00 1.523388011818086918e+00 3.850906432488517273e-01
1.536542294529739339e+00 5.615961735541864508e-01 2.967142425106515269e+00 1.586159329466514167e+00
2.450991788606030897e-01 2.527654298995173132e+00 2.832905539112931415e+00 5.726630334982191206e-01
2.590933038303770086e+00 2.080560135263895827e+00 1.121989424175572569e+00 1.056168057077248701e+00
2.951098058117215484e+00 1.925776163142085107e+00 2.016618245285269673e+00 2.202778392377764849e+00
5.960694872957489343e-01 6.375074526741825176e-01 2.260632993659956291e+00 2.237627190486003226e+00
1.177741406057046802e+00 1.311765296295233307e+00 1.787658791001925027e-02 5.935312439157920672e-02
2.719247496981861190e+00 1.810084143468338791e+00 1.628918925075007573e+00 1.583931637557060235e+00
1.166059147047218414e-01 2.141273268988120648e+00 1.589748950360619029e+00 2.356043599336190564e+00
1.536646200497481018e+00 5.022797321808865068e-01 2.143493971519833341e+00 2.433534435640659854e+00
8.207385611291055927e-01 1.774498720576750399e+00 2.426893559445074011e+00 2.907547800356288459e+00
2.704485833127262762e+00 2.909540926183746823e+00 2.996830642826894930e+00 4.523850375376359811e-01
1.720423600939721354e+00 1.587554508321477487e+00 3.259467867655250206e-01 5.323549593944504332e-01
2.546112902488300023e+00 2.703240323862371230e+00 1.523432387592293935e+00 2.903624910488342259e+00
1.284279678672003211e+00 3.066695180239831231e+00 2.463015879962884735e+00 6.768506072056000855e-01
2.880289240457710065e+00 8.957081065407765941e-01 2.781260952414579268e+00 4.210569721402239729e-01
2.291793198939931830e+00 1.493227866661705594e+00 2.478331424012476081e+00 6.863056017441908629e-01
1.400176797242109084e+00 2.074380538315079736e+00 1.001067169682184899e-01 1.154940535239382227e+00
1.521230197643428150e+00 1.241935694632114950e+00 2.071201729324493590e-01 1.910360208239265667e+00
2.275022146690361513e+00 1.203277535677845567e+00 5.802993897650637889e-01 3.853340362908416750e-01
2.674327306100829027e+00 3.851979289777594517e-01 1.714685495487859868e+00 2.153508837067773296e+00
2.730151599067813795e+00 2.202108942472668307e+00 2.146895546559604906e+00 1.198089640151717816e+00
2.679063769428746689e+00 2.575818143009281691e+00 1.389620151525301051e+00 2.806311164878472653e+00
1.338968088487747732e+00 5.120209022455812775e-01 1.923739828965145282e+00 1.370166014294759815e+00
1.340049262484023229e+00 2.297464834235345421e+00 3.229682059131209343e-02 1.030209755893344986e-01
3.084177656412923074e+00 2.146220022433999564e+00 1.695494351002499345e+00 2.948299759598314917e+00
1.567528055657811503e+00 6.648170652572319428e-01 1.595629770162792171e+00 3.089633264033618598e+00
6.216405422754517351e-01 1.570146859523161798e+00 3.036131571675168672e+00 2.752881967921781969e-01
2.878539893789742621e+00 2.365416008162752881e+00 2.715387089360397521e+00 1.098648135956605543e-01
2.290726061966127158e+00 2.571282680899933837e+00 1.796777943986404447e+00 1.666347884365845244e+00
1.278916050022124162e+00 3.997291054638624774e-01 1.400054126812427135e+00 1.522048179602388585e+00
1.827451102896916701e+00 6.291315601519303913e-01 2.018317358009855678e+00 1.072712023994516706e+00
6.105089323398075335e-02 1.731117587078374154e+00 7.176139851875225073e-01 2.717740382893695017e+00
1.235815610891408678e+00 2.959720687881946866e+00 2.474528185095720367e+00 1.869802018254479226e+00
7.727871783158631880e-01 2.644643874607283340e+00 1.278660626740003581e+00 2.723206518516097852e+00
2.534495072885183831e+00 2.275259828429750275e+00 5.202488672789720159e-01 2.568043841789222070e-01
9.190381466548974698e-01 1.992295159542011973e+00 5.415135480199635420e-01 2.044878796992579240e+00
2.319203984822967968e+00 2.900039724804452046e+00 8.193801929516026927e-01 1.044886316067707099e+00
1.706892751879490744e-01 2.964702685436504392e+00 1.016734532303363858e+00 1.930223072930105754e+00
1.068341480508624874e+00 1.877062105709808859e-01 2.434260142016873907e+00 1.195221278096787687e+00
2.473139607137636364e+00 1.587232981473720494e+00 2.031421414073482090e+00 8.329413067583094632e-01
1.233256644094215426e+00 7.265041272839338760e-01 1.499973307634042304e-02 2.963102686330915780e+00
2.799404481519224941e+00 1.062121344918333987e+00 1.947814651791759166e+00 2.670366759227770004e+00
1.875570872102967135e+00 1.807309668893732235e+00 2.423547543893624923e+00 1.279197849693474165e+00
9.891338193516274746e-01 5.470194215154792206e-01 1.294733011469384243e+00 5.096777819170190682e-01
3.020097395465182188e+00 2.093729976300075624e+00 1.804823718037499303e+00 6.915692988500747873e-01
1.807494377243416883e+00 7.012683539134821897e-01 2.110923605134599423e+00 2.111125596825307760e+00
1.971795012359063737e+00 2.114927803849293131e+00 3.036126459151013535e+00 6.916424398505832682e-01
1.015543404732095034e+00 5.457119269450767529e-01 1.931404403064268305e+00 6.525924222423656884e-01
1.558315853084467850e+00 1.588018308606854445e-01 2.259391341296915989e+00 1.668213855191528427e+00
1.943090420471470514e+00 2.169914489612921216e+00 3.023514096080788693e+00 1.372583716317665292e+00
2.674361083649232640e+00 2.168932283755737878e+00 2.948756439993698852e-01 2.990134806943888002e+00
9.381133300190849234e-01 2.075974602291086046e-01 8.095703432799149502e-01 2.647980686544260998e+00
1.168789354615659359e+00 4.371841106243500308e-01 1.940729286427799405e+00 2.721610515168631395e+00
1.394200462880313740e+00 4.878715287311246596e-01 1.025385306459533519e+00 2.845379321154956287e+00
1.572633549045694412e+00 1.459565058601557608e+00 9.727596403576181938e-01 2.109683337468729381e+00
6.013196474539950209e-01 1.794294731996820547e+00 2.469156104266073459e+00 2.416299432983136874e+00
4.381430678107104404e-01 6.084193961935722150e-01 5.361777280664102863e-01 2.415988884638367917e+00
2.102750390456588070e-01 1.080102243013908031e-01 1.525148927635213036e+00 1.081900862511375072e+00
1.165700718655988011e+00 2.628362389029974988e+00 1.452749614002463385e+00 2.293564523799628940e+00
1.607469375533728817e+00 6.842149111199673506e-01 7.734172998701422941e-01 4.751703316722186710e-01
2.337809047618061520e+00 8.981776410716184600e-01 3.854228681842298276e-01 1.203591276450215908e+00
2.106680185351611279e+00 8.003145096360252397e-01 2.274515311401263506e+00 6.728462454861746656e-01
8.311607453835287984e-01 3.106878520580083070e+00 3.264001620010141824e-01 1.089837716809716639e+00
1.803491824323829318e-01 4.477259836858570874e-01 1.468344585665280810e+00 2.448464325046751267e+00
1.954171486707983130e+00 1.730993559090359346e+00 1.216377969873847720e+00 2.128049405808069672e+00
3.041359730729374711e+00 1.020019812850105456e+00 2.691539290985127675e+00 1.310390192410921806e+00
7.220440890700916547e-01 1.938446794631623504e+00 2.144636517976903356e+00 6.858631184455789009e-01
4.111723068835102524e-01 1.329621626027104320e+00 2.088242758771770902e+00 2.017135972060001059e+00
2.890207447401095808e-01 1.097504162172311171e+00 1.940738418248876829e-01 2.959342852365740573e+00
1.838829401136040209e+00 2.200299226790463636e-01 9.192864552969433056e-01 1.471785835114772123e+00
2.318821220910168623e+00 2.354033383346781250e+00 1.226178700799446242e+00 2.498749129123208235e+00
7.530282066423232834e-01 1.570642127181018255e+00 2.970513247173481197e+00 1.181755900465213838e+00
2.947346458186937745e+00 2.335318205647933798e+00 6.995915031983679366e-01 1.514473264556956078e+00
1.354628718093083162e+00 2.294047684871174941e-01 9.762344266256711700e-01 1.965415752219798751e-01
1.723909249532992627e+00 1.455554529756512672e+00 1.352346748833401779e+00 4.347118639725952027e-01
1.456326879571709254e+00 2.155693134958550861e+00 1.122451741401824021e+00 9.654196801861401056e-01
1.852958567770354392e+00 2.878751151411954368e+00 1.435578482014905788e+00 1.449697178630714900e+00
8.886243911279152474e-01 1.972470428517834495e+00 6.911404132680097900e-01 9.933787942505316326e-02
2.976661834428000475e+00 3.041665273610291376e+00 2.404486122740741028e+00 2.130756953030133793e+00
1.210339815971626765e+00 1.105184409071406915e-01 1.843057681858838448e+00 1.850812100569312335e+00
1.469638018973988158e+00 1.717531686999288931e+00 1.032943128363346119e+00 2.061147033893847347e+00
2.748092899955391299e+00 5.446807816630679921e-01 3.451974634968908995e-01 3.131422040214232538e+00
1.888905987022226229e+00 1.759658805018299965e+00 2.343298365987029619e-01 3.705722429010875341e-01
3.974980591598462759e-02 1.623053043157445696e+00 2.806195883832703242e+00 7.409252422525830495e-01
7.865934200021262868e-01 1.596456635948936720e+00 1.542951709488761480e+00 2.987854829577389459e+00
5.840576064262351791e-02 4.876490064108993105e-01 2.091592714093424288e+00 7.603886623582275517e-01
3.006651828925750003e+00 1.992200899136772119e+00 1.697144162326589489e+00 1.326639465104365367e+00
1.883150356547693693e-01 2.852091531268780233e+00 1.341172996781414994e+00 5.288354771658847486e-01
9.103936675240917320e-02 3.001669186564525749e+00 1.948830453094246629e+00 2.031872838976225726e+00
2.441343256723368160e+00 1.274862215596272774e+00 2.332170108052533664e+00 2.245888354154073951e+00
2.380533998742029311e+00 1.171143955026206385e+00 2.466591767050244410e+00 3.010551417993982071e+00
1.192766445582448487e+00 2.323296752288804612e+00 2.823628307413027727e+00 1.277255458612287509e+00
4.164319158549820155e-01 1.242278930172181078e-01 1.933125748673002908e+00 6.059418563966940674e-01
2.980481735171708113e+00 1.177004225644828983e+00 2.283754976951669069e-01 1.951074228361556306e+00
2.447147523023211590e+00 1.158201130265468226e+00 2.192131232285908560e+00 2.450139949715034682e+00
3.120849593886508622e+00 3.269548306353164957e-01 1.396927964164942138e+00 1.074515709031989452e+00
3.112617725619019282e+00 8.607763256564605614e-01 1.389337581033692981e+00 1.436670639813668160e+00
1.117858664486981235e+00 7.688538540346450123e-01 2.270603022660289128e+00 1.217988616534673829e+00
1.383203653896549978e+00 2.622139667968113041e+00 1.919701229678080656e+00 1.160157225330754778e-02
1.479756883819549618e-01 2.819442789988437337e+00 5.102977611262918822e-01 3.480991582432811926e-01
8.825575791943284232e-01 1.404098811350599663e+00 2.591941522772000184e+00 3.804378437057713835e-01
2.066722072137137989e+00 2.679712070780107425e+00 2.766932717588796997e+00 2.393439641871866197e+00
2.653952736267498391e+00 3.726322400963399395e-01 2.630328081475732382e+00 4.240993238503688034e-01
2.381998136775257402e-01 2.262659997436590853e+00 6.997221913920335101e-01 1.468091159853321725e+00
3.822060860444585484e-01 3.707878229878622811e-01 1.487354356611293671e+00 1.006485299707108094e+00
3.812600539913182929e-01 7.513155463927434496e-01 1.861125856722492422e+00 1.735539545583471455e+00
2.634308998657984624e+00 1.850545720355714518e+00 1.828693590089790710e+00 1.840961114480371696e+00
4.713129318240723564e-01 2.109128317550063025e-01 1.706041058103406449e+00 1.730583171274131971e+00
2.351897708572818768e+00 1.143015618390397892e+00 2.970847920629980710e+00 2.321199047798043313e+00
2.329105112913042230e+00 7.581014655319651130e-02 1.134659658383379899e+00 1.247715674887280995e-01
2.889156535977643880e+00 2.621567362183059302e+00 2.061727287688002175e+00 1.820448271464238488e+00
2.904363563218458899e-01 2.271959375206816123e+00 2.642993551873466185e+00 9.794542643822440331e-02
4.609040020957547723e-01 8.094192189513629287e-01 2.153484473199565041e+00 8.126615934468307545e-01
2.576784710707722414e+00 2.122939544939656198e+00 1.005500956043535066e+00 7.423442352468295757e-01
8.417618315208110769e-01 1.213618833242280592e+00 2.556973755892316902e+00 2.011919221047371309e+00
6.853155927643268530e-01 1.849082691259074096e+00 4.108465564608813625e-01 2.848318339450096826e+00
2.874865501797501999e+00 1.942289223726290537e+00 7.193756903617773979e-01 1.944233789790178246e+00
5.024183903433974141e-01 2.239986142372830891e+00 9.766240416422720116e-01 2.805307612669557749e+00
8.950801743243551323e-02 2.771619715349496804e+00 2.153287006081314736e+00 1.773338063986260593e+00
8.487483811625413654e-01 3.140526082595655577e+00 2.562138687718286789e+00 7.028035737753798307e-01
7.555597256332122202e-02 1.976889750231605847e+00 2.891190092588298288e+00 2.016114050383587486e+00
4.368024890866524235e-01 2.356119087092197972e+00 1.538688793945092836e+00 2.164879892001311479e+00
1.984087273691539921e-01 2.386829522602131881e+00 1.520298327777876546e+00 4.828584004667632601e-01
2.943872055185332126e+00 9.341808990179580885e-01 1.937543032441131574e+00 3.027971924031648498e+00
1.453846910192770625e-01 2.960786653054999107e+00 2.371247966695371190e+00 3.692808377726760627e-01
2.202783904016677230e+00 3.042573645578265484e+00 7.562535737899589439e-01 1.106594539452653361e-02
4.638454518561161422e-01 9.808640451427289575e-01 2.469038131185094631e+00 2.563831134056576477e+00
7.121338307744046192e-01 2.114145307011166874e+00 1.475154999332181749e+00 9.400325207517387094e-01
2.335588502517577325e+00 7.632212228810474342e-01 1.202687619403945973e+00 2.111534718349115991e+00
1.920798085100794861e+00 1.906969444846028372e+00 3.591960846339654623e-01 5.620226077790689834e-01
1.906329259265261700e-01 2.277430381674465654e+00 1.772393466166916065e+00 2.638419191854773249e+00
2.471422879936224337e+00 1.945624919639139527e+00 3.084492061405641028e+00 2.924647138827481396e-01
1.588911775419128203e+00 3.003570451401577301e+00 1.023451948153482061e+00 3.063472983299829089e+00
8.116779625639102269e-01 1.213566873784537758e+00 1.582960881053903979e+00 1.072084864143516558e+00
4.430550524463647832e-01 1.958408324285932034e+00 6.893196997493468148e-01 1.423203715148567028e+00
1.933535183077738917e-01 2.133329480271290546e+00 1.223032733495500901e+00 3.087431999017326678e+00
1.612994196041901418e+00 1.689611863160165095e+00 1.733743306168872067e+00 2.007394012517312198e+00
1.574902691012446176e+00 2.811087733960367707e+00 1.994400566741992842e+00 2.222224166351282726e+00
7.181527544580038613e-01 3.352622006000252064e-01 1.407531342937514696e+00 2.167190193993326908e+00
2.236052250829249743e+00 2.395209006046436162e+00 2.901119539934223113e+00 2.058077954382241614e+00
2.038030117864216617e+00 2.258440749976631690e+00 1.431746456528867117e+00 8.837125678271814389e-01
5.488337650165699966e-01 1.902859357847734023e-01 2.366943136591207697e+00 2.885199940422384479e+00
1.912512199856089223e+00 2.159201696884572197e+00 4.229651901803708758e-01 2.434782296739661955e+00
2.335980189655259665e+00 8.214703774818798987e-01 2.531610321171732902e+00 5.357058392194018470e-01
4.872738940492879478e-01 2.345025945065521533e+00 1.443189690267964842e+00 6.813694825083562723e-01
7.327703200637892822e-01 2.669888413462893961e+00 2.627344577595687625e+00 1.079409668411664081e+00
1.243356538731991368e+00 1.009183152798377225e+00 2.456704295431229923e+00 4.792646131839472523e-01
6.564738201383793492e-02 2.360314968949433767e-01 2.971508875326775989e+00 1.504541102470876135e+00
2.050082976402411994e+00 2.003276777307799073e+00 2.128473539080723675e+00 4.755198095314958628e-01
6.826238918294670333e-01 1.232540472829102729e+00 7.544793921367441980e-01 1.130598924088301871e+00
9.339875680469249541e-01 1.220320498298088863e+00 2.241472847318665362e+00 3.085191378618412639e+00
7.171325970972906028e-01 2.860733713783811805e+00 5.915402512976509763e-01 1.756523072659525786e+00
2.274776087275950154e+00 7.727765102048459456e-01 2.342831920928759359e+00 1.687378153105080658e+00
2.391161508193714313e-01 1.850335794013131252e-01 1.653119112155577275e+00 3.009656078559292514e+00
2.197221660381143415e+00 1.094541693181819042e+00 2.784510379176647898e+00 1.028317540445654821e+00
4.805481382288220304e-01 1.667864339292466358e+00 2.929074533055916696e+00 1.366567688325072583e+00
1.636908345019626010e+00 1.091427963713835991e+00 5.014049137571621184e-01 6.589771275278131224e-01
2.021922681900574226e+00 4.772775824508826981e-01 1.860972715249202825e+00 1.022781268515719377e+00
5.287770087679786180e-01 2.219963048211754941e+00 2.355331929214993902e+00 3.368364981466420716e-01
2.837010597926998834e+00 1.949882981607144350e+00 8.409972183027499826e-01 7.137348011783350987e-02
1.437969422678107234e+00 2.434773858901341015e+00 3.035481797056596598e+00 1.671045761305032018e+00
2.422916331637861465e+00 7.373561406170819899e-01 1.278461443829986277e-01 2.100093056880736331e+00
1.157717287640673387e+00 2.676644968821829007e+00 2.438864073560905954e+00 1.472317881516068017e+00
3.150856026104820878e-02 6.183863471799215805e-01 2.804976431194900144e+00 9.206597194698624698e-01
2.561475146334767583e+00 2.731482270021736269e+00 2.660283982472039011e+00 5.696860575187010639e-02
2.199674679546756551e+00 1.220869930075340504e+00 2.553658020138983797e+00 2.838032559718393522e+00
1.108250886184188877e+00 2.485957837922707636e+00 2.799778615899580547e+00 1.335982548558641403e+00
2.076494593740203065e+00 9.459093156631416255e-01 2.041602762677678040e+00 1.636363464217625241e+00
6.944011085950435591e-01 1.631822122327257762e+00 2.001874650220440088e+00 1.395916122336094523e+00
2.081887540221377453e+00 1.492038456676554325e+00 1.599009353673457756e+00 2.140141888709059081e+00
3.710376950827166675e-01 5.800407155075640864e-01 1.223015649441573593e+00 1.716173159533898929e+00
9.226107200252051666e-01 1.774980835629280107e-01 2.475175683628736856e+00 2.372235197594863010e+00
1.776772996482717693e+00 1.191619371974249830e+00 3.019089574723084812e+00 2.564079636017007502e+00
4.787485215614263323e-01 2.427748920114028985e-01 8.399945031008588803e-01 2.178760229986167474e+00
2.669247153069318271e-02 3.110044118367044086e-01 2.817585922264439269e+00 7.970158765076826857e-01
1.890683328495172288e+00 1.599857087786821452e+00 2.578790197848866317e+00 1.819188388262510614e+00
2.427982357892436216e+00 3.067696766170590617e-01 1.218415390377956875e+00 3.650582905412460555e-01
7.713311207979037798e-01 1.673602210782293986e-01 2.753356148215643007e+00 2.765849731427934000e+00
8.427352467486814991e-01 1.132843677107718605e+00 1.830531370844946437e+00 2.778971735977462387e+00
9.781791342605699047e-01 5.068153405919960386e-02 3.598531681185856423e-01 2.036298262441245122e+00
6.083450988232587120e-01 2.429940861037570343e+00 5.237078152150760335e-01 4.358209095437477476e-01
2.356136620964293105e+00 7.297014323288293358e-01 1.954808123383106944e+00 3.046339320226393532e+00
2.020086491334325274e+00 1.319427228442526578e+00 1.512954526565593483e+00 1.364287450461755480e+00
3.109534534579931009e+00 1.214812384035144133e+00 3.886882223957496274e-01 1.871133839930017695e+00
1.441595214426510285e+00 2.018842848537600876e+00 1.073119557613690267e+00 9.303067289463426981e-01
1.231993384635583277e+00 1.468120825394611639e+00 1.488104844020005535e+00 7.285069732869269288e-01
2.282702846917027184e+00 1.084233891392914373e+00 2.901265064431773677e+00 4.938177318629121682e-01
5.439274201392497732e-01 8.900218505694380555e-01 9.209324940178222063e-02 4.762163865607952906e-01
2.715332244763606795e+00 5.632189564318597075e-01 2.807747882790834759e-01 4.566760722499865199e-01
2.810010836663650924e+00 2.151853878337978698e-01 2.492622478962414512e+00 8.884149479515508485e-01
2.222267278761876685e+00 9.005179034479162681e-01 2.645724225880485392e+00 2.241796451326013795e+00
1.711928839590719065e+00 1.427238960187227956e+00 2.128758308570081859e+00 3.010825231604716823e+00
8.842179724601598734e-01 1.271711781594158763e+00 2.350770943598616824e+00 3.374900346473609924e-01
2.292343356623261830e+00 1.873977406296170489e+00 2.546094874367961225e-01 2.417732047710048793e+00
1.662849553161235505e+00 8.774880721524556948e-02 4.685502472658930606e-01 9.509890325853073700e-02
8.139553758415483120e-01 2.851946973389888118e+00 2.822976561850374821e+00 1.345441645803518993e+00
1.054379372538303716e+00 2.203923083253874093e+00 3.111493561295046284e+00 2.970767428510179275e+00
1.555621109232912858e+00 1.916728742494081983e+00 2.782000668488397999e+00 5.823893629983187825e-01
1.463543594569782558e+00 6.170516428204892989e-01 1.648740123136581914e+00 8.841178251519243858e-01
1.340563940003619781e+00 2.813350424512829906e-01 1.319422005230787676e+00 2.424713046426862473e+00
2.464424967896926777e+00 6.306236411001198139e-01 8.988595541673153333e-01 1.978889605556772402e+00
9.759750521541962764e-02 2.686897233503815485e+00 2.475343343276332320e+00 3.037129506029512260e+00
1.830215480690733143e+00 1.199368060694943505e+00 2.761634210534560374e+00 2.550908035614260161e+00
1.409543727534105506e-01 1.550545399775342670e+00 2.720749993912248588e+00 1.470555606114091862e+00
1.266871427328150501e+00 4.772571530640123960e-02 1.555256375252885626e+00 4.882926185801272911e-01
9.535133594563778292e-01 1.181336985867060818e+00 2.110889285009412752e+00 1.763993518602437138e+00
2.115839543591023997e+00 2.209255818975272234e+00 3.962618382926209049e-01 1.759853248434784245e-01
2.267383077849942641e+00 1.919368247760331325e+00 3.128957836094211409e+00 3.631287993118758051e-01
2.842311359568115758e+00 3.068728465308297348e+00 1.822365725521891966e-01 1.511858825407748741e+00
1.195927221566051690e+00 2.820034655618173680e+00 2.747334428932179051e+00 3.000283045918958447e+00
1.262436951694650977e+00 1.155082445342934916e+00 2.406630019416266197e+00 1.234259531837612611e+00
9.043233766168324861e-01 3.605914519436582283e-02 1.936797991746281866e+00 1.827425287348782623e+00
4.316994789542530908e-01 1.639020186708623816e+00 2.909281957717655853e+00 2.066237036090686541e+00
1.694839696747344748e-01 9.458435761651479146e-01 1.277260718526477823e-01 1.896416221537389202e+00
1.375109521168389248e+00 1.590628700015174868e+00 2.503455188994938574e+00 2.517475463440646877e+00
8.346966280682398542e-01 1.329002875581139165e+00 2.412074266994928551e-01 3.586787015088626629e-01
8.435069209528797129e-01 4.629726859471702261e-01 1.013877153726827185e+00 1.920995819370565405e+00
1.169041812749163967e+00 1.338480349263440505e+00 2.462391068658398297e+00 3.037559224676985359e+00
9.390147251126683692e-01 2.497719237713879270e+00 2.651265723726602630e+00 2.388260510643396284e+00
1.784354385153416267e+00 9.089364819045967492e-01 1.368324583632590130e+00 1.817233168606502858e+00
2.978160829282026079e-01 4.934291813771223834e-01 1.888603384596116319e+00 2.156793794483899684e-01
9.074023172174410234e-01 1.201096129105939436e+00 3.083420933864248870e+00 1.647970362137154865e+00
2.741731802258198236e+00 1.031008127824534215e+00 2.853664594501411411e+00 6.326200291921757479e-01
1.479087337695822679e+00 2.038313449727402915e+00 3.076340291570995866e+00 2.001490089888570800e+00
1.185342136195804530e+00 1.958191965130139933e-01 1.185121415526443206e-01 2.980532410119042019e+00
1.705520000898085087e+00 1.552591356680102841e+00 2.843545088008238686e+00 2.792368931322312342e+00
1.657686336385818970e+00 2.294964565392038747e+00 1.096371476577100879e+00 1.207014221066406101e+00
1.238497812557896260e+00 1.572618298035948659e+00 8.367586827711752662e-01 3.081803723307759313e+00
3.064237125599982736e+00 2.908430014533381680e+00 2.951861857943010037e+00 3.517549621792759318e-02
3.162812735381880791e-01 7.955575711586900800e-01 4.798529771222130869e-01 1.680735779551670417e+00
1.337566135799563405e+00 1.094190817857354059e+00 4.752615914686716403e-01 2.307090355502530610e+00
4.543534772443502678e-02 2.852511905500062284e+00 2.301899786197625808e+00 3.951567422366145110e-01
1.090783131864942801e+00 1.468794075760201157e+00 1.979310906352143018e+00 2.046529139862854674e+00
9.088748995177634571e-01 2.778117948928378489e+00 1.294556755594185926e+00 9.280576518093754945e-01
1.603496415616679771e+00 1.783529964003450541e+00 1.477396335940928340e+00 2.244516385578310125e+00
1.522648850218715211e+00 4.252198757573751875e-01 1.084084594702630744e+00 2.257637912146990278e+00
8.572491927178578219e-01 2.648662536332618167e+00 2.075160516687974521e+00 1.757043091204148810e+00
5.935737410363757238e-01 1.318362435595023197e+00 9.855879240696500954e-02 8.610454560278447966e-02
1.634241196734415924e+00 1.998078624154160821e+00 3.300843867417465050e-01 1.692288800512919522e+00
9.115901823723964181e-01 2.382105004178282748e+00 7.992140652305665949e-01 2.599311027717068345e+00
2.878153349312053244e+00 1.011406964953246890e+00 1.860594131826186270e+00 1.785383684791171044e+00
3.111618949445020821e+00 2.654170830275862869e+00 4.358616247724306225e-01 1.387473444441377657e+00
3.127023083529291370e+00 1.858894616723911764e+00 1.099048799640719887e+00 2.275316740669055982e+00
2.714899411848983313e+00 2.917550280706771915e+00 6.822039583068199020e-01 9.169832090536114144e-01
2.668828823365656522e-01 2.679711329920618224e-01 2.110754413591141798e+00 8.912029785650350533e-01
1.210173906928605714e+00 9.690571248122287207e-01 2.633607549502899658e+00 2.122638129681573727e+00
2.886918176812612646e+00 8.803909186787237662e-01 9.430898521889220509e-01 2.382608716499022172e+00
1.542724470097705858e+00 1.351263070259142385e+00 5.657660693070372115e-01 8.569067924400200487e-02
6.454049593564299414e-01 2.147093839769343759e+00 2.999294148064913568e+00 2.864625215487948129e+00
3.095904939060082572e+00 1.208823403600219448e+00 6.679418542681876403e-01 2.219888478030517032e+00
2.257059156295790903e+00 2.563305691878596804e+00 3.840844501673408851e-01 1.118661253563096647e+00
2.483194783002468764e+00 9.766935510428275125e-01 8.864726039570198779e-01 5.869543472537473716e-02
4.452462691919634730e-01 2.477599500931417342e+00 7.051138913905266037e-01 2.858952735329695072e-01
2.431505710712384527e+00 1.322603474189869344e+00 2.334247559208528777e+00 2.385556789497384589e+00
1.188936949593785597e+00 1.946485386140262008e+00 1.343217809705098187e+00 6.290381011434643677e-01
1.409556976016683949e+00 2.635758997255875258e+00 7.633351793657001672e-01 2.457290180461158435e+00
1.375207096369122750e+00 1.271830882125108531e+00 1.983379329333819552e+00 8.594880687733291724e-01
2.175402927298099698e+00 6.297615921940253880e-01 1.439261502704153983e+00 3.692654711151757696e-01
9.214177219412710285e-01 1.574273223926562881e+00 7.214450492699444606e-01 4.128567912167673271e-01
2.508735560236585727e+00 2.719021143714407174e+00 1.806722927224320152e+00 7.455561200815757905e-01
2.079849863040716951e+00 2.895851200359639055e+00 1.972381763183906900e+00 2.514364609847655085e+00
1.500167946703804711e+00 1.500553988187238952e+00 1.269998054063855131e+00 3.076802854376032847e+00
2.743378396875906788e-01 2.747335208636978887e+00 3.634079720323621920e-01 1.953146648497168902e+00
2.699781500751007868e-01 2.225659828881531244e+00 2.742148701654621767e+00 7.379346123051064299e-02
2.007641821023939954e+00 6.287960251189353977e-01 1.835641211186857191e+00 3.028775729789388915e+00
2.285976045723666417e+00 1.822559117705939924e+00 2.539574424422736509e+00 4.793571716280550787e-02
6.869983520642407582e-01 6.795814211895501167e-01 1.728622057230948528e+00 2.441081674984571404e+00
9.795607296645295614e-01 1.672931785674782956e+00 5.982761779256525747e-01 2.989232981948508616e+00
1.947263935182219186e+00 2.983490200535789061e+00 9.401288690456105490e-01 2.681441345531152542e+00
2.309120522854488211e+00 1.598516639219089042e+00 1.241368582551174882e+00 2.165797766636962773e+00
1.232119889497538118e-01 2.431146780334220825e+00 3.027684565426255414e+00 2.630895161945356442e+00
1.655224279701201784e+00 1.114312997828735829e+00 2.833381337070016937e+00 8.871588466939858142e-01
2.495698661724227163e-01 2.283727869993090742e+00 1.782110430333339046e+00 6.878456426167808280e-01
2.730848948082249983e+00 1.697685668724694841e+00 9.785025969224311337e-01 1.360609164402856841e+00
1.108370668884551824e+00 2.129833086575375400e+00 1.410693202979863559e+00 2.589386681917456468e+00
4.338993259000764047e-01 1.832587495660050081e+00 4.434166935857317138e-01 2.236005549010740445e+00
2.895793292602284019e+00 8.071308404379065049e-01 3.021741001935753790e+00 1.562938421905969710e-01
5.961895905928392692e-01 1.601782176074451725e+00 1.576247151132720958e+00 8.621040891438828957e-03
4.982245052019888543e-01 5.056733394844984408e-01 5.584822160975485561e-01 6.656144141888750143e-01
6.668620221456432740e-01 1.421035440962242768e+00 2.048016045580843603e+00 1.531752563634665609e+00
2.272062269249531585e+00 5.810654350827022530e-01 1.883945577317055031e+00 1.654657998792794960e+00
1.081044127169124236e+00 1.938757531006865209e+00 9.452486456648420132e-01 1.578407719319928404e+00
2.909152528878914623e+00 1.363654399397404848e+00 2.917984986756284815e+00 1.090516056705876480e+00
1.438911504404861708e+00 1.712338734388621830e+00 5.783721135510478950e-01 2.198900846743953696e+00
1.669508347531843739e+00 1.527973563668999502e+00 3.917060201647191708e-01 1.290411642164732697e+00
1.552941211009658762e+00 4.514906835696578247e-01 5.472475853567948523e-01 2.529678425691840982e+00
2.648962957166411059e+00 2.500788986053181340e+00 9.429236369909554938e-01 2.369114413927376539e+00
1.107942528115936742e+00 1.752713999262957456e+00 2.555973995285198530e+00 7.961411453319027220e-01
2.021094585504305652e+00 1.096968666656002345e+00 3.088431819682169621e+00 9.674500085598303212e-01
5.033791496128385834e-01 2.150660435214389210e+00 1.901049007226049081e+00 1.087671261251837773e+00
1.546521273555049092e+00 1.410737627159063923e+00 9.097662804002328851e-01 6.016585108448301716e-02
5.093399878798381408e-01 8.378311495923161933e-01 2.867192620768496347e+00 6.988954097768947937e-01
2.657174511272350159e+00 3.814241039753777374e-01 3.778415008021758781e-01 5.671795398589332127e-01
1.742342916119115737e+00 1.775089132237266387e+00 2.079885702011643023e+00 1.818303058465849498e+00
7.024580109663763894e-01 2.735372856816810305e+00 3.025862922876115135e+00 7.123455764706136950e-01
2.418042662579119817e+00 1.036620150888371450e+00 7.149287813495215638e-02 2.040046667832435823e+00
1.421754264523284794e+00 2.504265729021246223e+00 4.576548087975420565e-01 2.210795830510147830e+00
2.436318752788732667e+00 3.636952789789659191e-01 1.072010024923943039e+00 2.912426674293270068e+00
7.159091381047034686e-01 2.497099269473854299e+00 1.840188666780610660e+00 2.893804247439731303e-01
1.959755058252360183e+00 2.976003365328125927e+00 2.884044578420813298e+00 2.056522967916985856e+00
1.781963707317293366e+00 3.112820097353146576e+00 2.297511401974166922e+00 8.748477122442490650e-01
1.697228886741505516e+00 5.663868225518436939e-01 1.430591300839845204e+00 1.998222868786219797e+00
2.698260870575912129e+00 4.735980295542226992e-01 2.269887862161798608e+00 1.056861623915203774e+00
9.411295842984114257e-01 1.808335485596478609e+00 1.244368738174982170e+00 4.162449397752725488e-01
5.357673993728823136e-01 2.966989598526653005e+00 1.226585330442135247e+00 2.818507809615982129e-01
1.944474688060378043e+00 9.094473745450384339e-01 2.105703813107483668e+00 2.774646665723233152e+00
2.891014120548743183e+00 3.668485202796966660e-01 2.612143561743012654e+00 4.468205034291059530e-01
2.511521395164001635e+00 2.158272531805558003e+00 2.218724913407597477e+00 3.073263986435609940e+00
3.646824988591308714e-02 1.481300662541044311e+00 5.836443284661935182e-01 2.643873609457423335e+00
2.923287848897273999e+00 4.876252959538781018e-01 2.538977571369910979e+00 1.026804752350439776e+00
3.005940815826904089e+00 2.967424862777480410e+00 2.890608809264032519e+00 1.515119278961884364e+00
3.803491494254835291e-04 2.486744788663687533e+00 9.783963810374031178e-01 1.867069609836439215e+00
2.034623483669816491e+00 1.972670511990772590e+00 1.106098824105210543e+00 2.952676750668412176e+00
1.730329239298992627e+00 1.006914834841992734e+00 2.279237006895215689e+00 1.621050000248644762e+00
2.167779342653824770e+00 2.208477358798039525e+00 7.502385979665596727e-01 6.512315145791638393e-01
3.525421751859599273e-01 5.574602182434860165e-01 2.846333933835922370e+00 3.252806977039759406e-01
9.154349723468275801e-01 1.139423150757276515e+00 3.084623140677989817e+00 1.775746263347646181e+00
2.308564047908883143e+00 2.376851906567357897e+00 2.430306476762227330e+00 2.454117345998285238e+00
2.211159899063761980e+00 2.454951101195307128e+00 2.544940901731846061e+00 1.670057360028443627e+00
2.935004803456294997e+00 2.523737691059114940e+00 1.586042708292974890e+00 9.586916685552409056e-01
1.708893405906516394e-01 1.277725629360856874e-01 2.926672189179682526e+00 3.014976580378085913e-01
1.585203207618856247e+00 3.067000513045492927e+00 7.670447883225369745e-01 7.052281955446503270e-01
2.927850543834821240e-01 8.568259314300508134e-01 5.310944467517708656e-01 2.912060167365162044e+00
2.795611567136428111e+00 1.706319016203854400e+00 2.482133835584797943e+00 2.270417252848845546e+00
7.479061432853322255e-01 4.029928727791529802e-02 2.905158729636725390e+00 2.417893351167824889e+00
2.275327950080832551e+00 2.162255566718594757e+00 1.029815046486276753e+00 1.042036593478473883e+00
1.419874330087714132e+00 7.147649128957220821e-01 2.674110355410327156e+00 2.523028088821632320e+00
3.089395153878139677e+00 2.825831784052674323e+00 3.357313033963617577e-01 1.090692011629111891e+00
7.974042902688063261e-01 2.488203030436566099e+00 6.923557752579853064e-01 3.084892837107667596e+00
3.061855849827911591e+00 2.775133469122067709e+00 1.385992644941946850e+00 2.229233510614363034e+00
1.778230352149310495e-02 6.190844302565996493e-01 1.540767802118996999e+00 1.396496283486504453e+00
2.988683885579733968e+00 2.002033484768776628e+00 1.826612880306270448e+00 2.264900296363408838e+00
1.592425051484177123e+00 2.725288219097855791e+00 2.413736115912898939e+00 6.388611345348305104e-01
3.487453521316755678e-01 2.767521271658198945e+00 1.491189653328038656e+00 5.790697847195652725e-01
1.018762816234000335e+00 1.805299128924336305e+00 2.618013701710780516e+00 1.192101297576334762e+00
2.968647296018826598e+00 1.192758257354532558e-01 1.445864729240561308e+00 1.529015780546493231e+00
4.105105663633475954e-01 2.346909241086222675e+00 2.932458479560630327e+00 3.052649124441832562e+00
9.361438947247068265e-01 1.841472687791686047e+00 2.675263760347052600e+00 3.048024583136673460e+00
1.447482479364360364e-01 2.630376746682774769e+00 7.941678375003548007e-01 1.333229046555822528e+00
2.973331118505244230e+00 2.578424683903391745e+00 1.524120100270575096e+00 3.131920750912202678e-01
1.483863440853065319e+00 4.600085129419023700e-01 1.785534365583509198e+00 1.890421602841684479e+00
5.807720705522374516e-01 6.109019561976807289e-01 1.284898187178845907e-01 3.081960076750608346e-01
2.795809162354064181e+00 9.804313667708082214e-01 2.358729196236721393e+00 3.022719704809901931e+00
2.492301454073892475e-01 3.101258617034635456e+00 2.126712546078770583e+00 2.133189628112705627e+00
5.693133692838622251e-01 6.242330117199915707e-01 5.894619217216425788e-01 1.808711746281916610e-01
1.590927631554910793e+00 1.317900020761238578e+00 1.190705517032661254e+00 1.989653910855664121e+00
1.675002710159253727e+00 4.926420864892291918e-01 4.469973700786255555e-01 2.886592745762801115e+00
1.906262351214114359e+00 1.471413637758558712e+00 2.272946576781921912e+00 1.831811160212038603e+00
2.852950532748891543e+00 2.394385946282018007e-01 2.092009974088661739e+00 2.637253118677755914e+00
1.612165739718065316e+00 1.055753846309060773e+00 2.461527652096716867e+00 1.200471457768511607e+00
2.709036650797775447e+00 7.363452897734383829e-01 8.802046767575399944e-01 1.891155243947629350e+00
8.525578908527865485e-01 1.121471348620596276e+00 1.629034957706956277e+00 1.569461021154660907e+00
2.255518636630085005e+00 6.387061148858653725e-01 5.857535705141677512e-02 2.926781727942308287e+00
2.098083640828598995e+00 2.352969773732521974e-01 5.520731801414641149e-01 3.568435563476256012e-01
1.110309476766248249e+00 2.691790137669607397e+00 4.180514251051208885e-01 2.046186273260961030e+00
1.219582568161528879e+00 3.536019052122154477e-02 2.231628674406652468e+00 2.636007912766872074e+00
1.400781640456634503e-01 2.272224008572638898e-01 2.943086603139402069e+00 2.749316588921502991e+00
2.111979161815631834e+00 1.026505592036814463e+00 1.586775930596121764e+00 1.160361395270757656e+00
1.523542204953474588e+00 8.419759158967022872e-01 6.303078853280670302e-01 9.934742441248570199e-02
3.036853604853397837e+00 4.329452604112123404e-01 2.624860782507220769e+00 1.028103189061970957e+00
2.673339876947775640e+00 2.579124085364210561e-01 1.843069436262001204e-01 9.323201309566419015e-01
2.713450206978860635e+00 2.062484430261540158e+00 1.552493689687983736e+00 2.616751589220737362e+00
1.661823357103522136e+00 2.355390506755111968e+00 1.087905923064729219e+00 2.420311711290632495e+00
2.045725771530250814e+00 2.322143725496311539e+00 1.044960845570581803e-01 1.110467944419355257e+00
2.729661778987548360e+00 1.524758019721336844e+00 1.133048792850515740e+00 6.037977781994136040e-02
3.621370032518817506e-01 1.668249551573076417e+00 8.566265711630118851e-01 2.507423228478443900e+00
4.246564888606072508e-01 8.804929501024164606e-01 1.875243108148263005e+00 2.490360819319364233e-02
1.680396173396989212e+00 2.478156297136848984e-01 3.047346573997758323e+00 1.917486393985569970e+00
3.138296548773825023e+00 8.463471600526176752e-01 2.759627080769198049e+00 5.492173147846768355e-01
1.006849875143870143e+00 4.722843322905920238e-01 1.188492102475859902e+00 1.755008542291373042e+00
4.262582621226096435e-01 2.010763952577077518e+00 9.415772986557564561e-01 2.840521230880287185e+00
1.118179160151391710e-01 8.981475567795733639e-01 2.577355896225761889e+00 1.450234692336904052e+00
7.555899465702551332e-01 1.474545695009279900e+00 5.748050773477795250e-01 1.184006966278351891e+00
2.207940244907338201e+00 7.495839267810413542e-01 1.563831920808695486e+00 2.933776136419691483e+00
1.926186249928739214e+00 1.907439315091282284e+00 2.537444260531778628e+00 2.914853292398386309e+00
2.131972763666372117e+00 1.743693403158918520e-01 9.526178544998683551e-01 5.305568364793591396e-01
1.517075233259583822e+00 2.280131139624772096e+00 4.833297492120586236e-01 1.386170277510899052e+00
1.245292033412056659e-01 1.644772342021855627e+00 1.188961023299478947e+00 8.629281426216741657e-01
1.511887331610761498e+00 1.814977798068249326e+00 8.003037816307665420e-01 2.681571406792996104e+00
3.139629458227418457e+00 2.144677508391995835e-01 1.804845532675191100e+00 3.078528790259311254e+00
1.614931907175042980e+00 5.715467072661070125e-01 2.191756084630546386e+00 3.112798401313074503e+00
1.775322701849147089e+00 2.009474970568811081e+00 7.245524383105049482e-02 9.015974555321695227e-01
5.924882736995248367e-01 2.314156176257172459e-01 4.412740035985219245e-01 3.544346817017665074e-01
1.377851271580868175e+00 1.551895672056811393e-01 2.435196683729500933e+00 1.584897795125901621e-01
9.554944212023216976e-02 1.512003503180793906e+00 3.076499096216341211e+00 2.213570587398840050e+00
2.055764609739118232e+00 1.343410782996483366e-01 3.017644852089826912e+00 1.345388304706426785e+00
1.783887869267654303e+00 1.635126855043514738e+00 2.768905951835204160e+00 8.862358623214302566e-01
6.567570560189015527e-01 3.058782892050821101e+00 9.323060749841205475e-01 1.826803166771138187e+00
2.445186963881046172e+00 2.243687813110776474e+00 3.054723245851088009e+00 2.883193782788385562e+00
3.121761526193219671e-01 8.243827270711521354e-03 2.759726393987994575e-01 2.225155292379578320e+00
1.757416601517433508e+00 2.764643469754817229e+00 2.275940442660389973e+00 7.017618250942173619e-01
2.555669241093270649e+00 1.391683136674284116e+00 1.573942424631000536e+00 2.870116484017505964e+00
2.642613201530854064e-02 1.638350584013421152e+00 6.851818547331193221e-01 2.958110952415109907e+00
3.027471887348114343e+00 3.048102163090352423e+00 5.209228194318074046e-01 8.159585024285003207e-01
7.170097907252681591e-01 2.865385509645778317e+00 2.376309385807506391e+00 1.922978487685462312e+00
3.522103094971236747e-01 5.002860635358881147e-01 2.437502800085746824e+00 2.359088554515576419e+00
2.528492987585781115e+00 2.035571436350752883e+00 1.931695681730410508e+00 1.808843123626926896e+00
2.812005659519242862e+00 3.015466361938632378e+00 8.863089340271739225e-01 2.710149871971474500e+00
7.130188930705115835e-01 2.906142471773021541e+00 1.646769627969576044e+00 2.292356602636858476e+00
2.634159235298006330e+00 7.324017756965643944e-01 3.072458863151336317e+00 4.666607080290290921e-01
2.404660661835959612e+00 2.800001331483155997e+00 1.431472473218249108e+00 6.130637948949937410e-01
1.187514305691628191e+00 2.898370615069998379e-01 1.738600713864832503e+00 2.839161327353100006e+00
1.087370523381720577e+00 2.044801478756881785e+00 1.664933221005457264e+00 9.215907202382771501e-01
3.087295491656949054e+00 9.035234279692914150e-01 2.347242512905388434e+00 2.189535365703120906e+00
2.970073344617523592e+00 9.186574718038663656e-01 2.870290709217232505e-01 2.373872653781039233e-01
3.832359895121236759e-01 4.519188062324193678e-01 2.107542507770985285e+00 1.591241531172097101e+00
1.184295007136970890e+00 1.160731718637242338e+00 1.519139312226976513e+00 1.315721271189979946e+00
1.774769292378215901e+00 9.259863169297267715e-01 1.824554465509466539e+00 2.009275793733237947e+00
2.596052787155883612e-01 2.680063360193871702e+00 2.952411181560790632e-01 1.916901389908265863e+00
2.475378414647411596e+00 2.441506188647140529e+00 2.187229495848889371e+00 1.993576586719942201e+00
1.243759963453811429e-01 2.042133791268089027e+00 5.579855227427266140e-01 1.696267901224038921e+00
1.878136034652299280e+00 2.441311633157987160e+00 1.468944154710302596e+00 2.157654351587987129e+00
1.661396067010007638e+00 1.253823782310443224e+00 2.168332802580965168e+00 8.524445867655872089e-01
1.763135754346055295e+00 2.495811583758422270e+00 2.769352514294322276e+00 1.859304712303593954e+00
2.585461696940169141e+00 1.764156683979812845e+00 6.029368981894941415e-01 2.418970801927295522e+00
1.190578114050935277e+00 2.612515941135918673e+00 1.637687805848518696e+00 7.353555368358102862e-02
2.914401651624143885e-01 1.568457127117816874e-01 1.440857613443401020e+00 1.649047507873328433e+00
8.784393379773937083e-01 2.010141368155626829e+00 1.463693688115256020e+00 2.052540718813425258e+00
8.358422779239257361e-01 2.133375994690766220e+00 2.944828674633083843e+00 2.887610272230906716e+00
1.203268560970437884e+00 2.242495950407759953e+00 1.552218086804548092e+00 1.251708405016624726e+00
9.434267975438556664e-02 4.190763589790344468e-01 8.573076223810791596e-01 1.733455236682498013e+00
2.366225772902300406e+00 1.774589235051654779e+00 7.369622357073333241e-01 1.975226513892796243e+00
1.204846802621605706e+00 6.596790687473055304e-01 3.000715504023718339e+00 1.454928467718145990e+00
1.238576664053269383e+00 2.009935031296622210e+00 6.266820259810210736e-01 7.496968832487606038e-01
9.877808337675897388e-01 2.098909144732153731e+00 2.274232276464938529e+00 2.360040750295228307e+00
6.335592417775636198e-01 2.864500179583824746e+00 1.513964100001606194e+00 4.002598128263114008e-01
9.906870084656856923e-01 1.733015722064123576e+00 2.063776382340090088e+00 3.104040081238506499e+00
1.547711887817666332e+00 3.039908148149629508e+00 2.287002084316485107e+00 4.673497166205751729e-01
9.971009943912318985e-01 1.121772352693334529e+00 1.943884167178997480e+00 1.618748880853290828e+00
7.401001317573778771e-01 3.475165985614674935e-01 1.147577255033900734e+00 5.532763109067123652e-01
2.302685048054680550e+00 8.140185506887338551e-01 4.439374516331298648e-01 1.808036502710834714e+00
2.609795601683418731e+00 1.664744813968892956e+00 6.350635457270966677e-01 2.504461106100802414e+00
2.414852648422511461e+00 1.768348784503401383e+00 1.264425500362773291e-01 6.537883719851299291e-02
1.881881634826106486e+00 1.526400941289059121e+00 2.659577950848053707e+00 4.916969862455784490e-01
2.439588634119344679e+00 2.701058032254766150e+00 2.777435635459601482e+00 3.459988011952582210e-01
5.090403483146010988e-01 2.376354368387339822e+00 4.432972439223155647e-01 6.312284782755190893e-01
8.378434474053294556e-01 2.047505111604100314e+00 2.711926432006943166e+00 1.014675431533403893e+00
2.088880646115970130e+00 1.430531510254999805e-01 1.874850250464966672e-01 3.075592113725399201e+00
3.618150482079357522e-01 1.168613584962437502e+00 1.504747228859727892e+00 3.024935012320242311e+00
1.797263842503261211e+00 8.379508935612841602e-01 2.872656857273332864e+00 1.028677932684406215e+00
4.364523998301928498e-01 1.878087170591085320e+00 1.221898432902793541e+00 1.537424718816047031e+00
2.663252948168080447e+00 2.457836366159683372e+00 1.704760125338961707e+00 1.530677744113904115e+00
2.781868850963257422e+00 1.794556210543661601e-01 1.233452993364068995e+00 1.459471260115185187e-01
5.417536740178946486e-01 6.965610113210713994e-01 5.026854627540136011e-01 6.629947427881025535e-01
1.733631147014031537e+00 5.313946469136088258e-01 2.090795933366752513e-01 2.216516325481979965e+00
2.982945163234315133e-01 3.795607583345744752e-04 4.429911333280409647e-01 2.208489439286225764e+00
6.908490619685478951e-01 3.117814739311604022e+00 1.689322359184939337e+00 9.575690267368708319e-01
1.800921184411444775e+00 1.253732130263081161e-02 3.144211770151036367e-01 1.348920919085355719e-01
2.266053605317875252e+00 4.489600866613349117e-01 2.040799915771250195e+00 3.106118381613942159e+00
3.519024713219165434e-01 1.604996533907870671e+00 4.706588534656636069e-01 1.089219979786880454e+00
2.171372452388553587e+00 1.393055296669842014e-01 1.620118748572999534e+00 2.863795391358350470e-02
2.980591920659183103e+00 3.988201170754261948e-01 2.717466501644721699e+00 2.380949300310940320e+00
1.760066587146253081e+00 8.338911160557723745e-01 2.488298567932484939e+00 1.555512126219082525e+00
1.949013018447410373e+00 1.123403222942188862e+00 2.128844526828594041e+00 9.706162005678480031e-02
2.778746070071144381e+00 1.901592399847384929e+00 2.915383840208377389e-02 5.010427724799333404e-01
2.007104456138814719e+00 5.595746357677322536e-01 2.565816022019755671e+00 3.016161207403403210e+00
6.284297465763019064e-01 2.008073886647437245e+00 2.153150097560542486e-01 2.351363651259127163e+00
1.748784528755939760e-01 2.608737677203885941e+00 1.543391759996828760e+00 6.492082935399472454e-01
2.583463265301101597e+00 2.240169150851083035e+00 2.816594283452972469e+00 6.578242479022523570e-01
2.236241974371358410e+00 2.299100484265720556e+00 1.474353178892476190e+00 3.113903527167817042e+00
1.382292850322994315e+00 2.655532875781192015e+00 1.789479241862222514e+00 1.762098967327566879e+00
1.856795269791311265e+00 1.339612098387097827e+00 2.662717762923946019e+00 1.711233079770108523e+00
2.582638514622863202e+00 9.069877565959241217e-01 8.507845135232233735e-01 1.183520203554675909e+00
2.779637341690207375e+00 1.927540102161852120e+00 1.281195788052557516e+00 1.834786982764924801e+00
1.053630582580581398e-01 2.846677185825277956e+00 2.057614101792938133e+00 1.260954917712174383e+00
1.389873571987888745e+00 2.038509571639443685e+00 1.799098136835427797e-01 1.741857797496556781e+00
2.961154014954442637e+00 2.849178766627269876e+00 2.452038984183503079e+00 8.207463030608640464e-01
1.923837827445115334e+00 1.956007363777338748e+00 1.249348026793693833e+00 8.468504868688440101e-01
2.469784298094738484e-01 3.107257265962364734e+00 2.677548074529246147e+00 1.573988254906715678e+00
1.496715516391725620e+00 1.457189455663675970e+00 1.530180340340113965e+00 3.004184139755913474e+00
2.796132264958624436e+00 2.528371176424030420e+00 2.437436662250516584e+00 2.657378436491502960e+00
1.753417964158232145e+00 1.753514631087188302e+00 1.836584720278669813e+00 9.081454299371696237e-01
2.233913068941909774e+00 8.134234207873847211e-01 1.071599131862350118e+00 2.183663304668415073e+00
1.362795795368904717e+00 9.048793904246994479e-01 2.309882796722376508e+00 2.284413591445785485e+00
9.868510262882953521e-01 1.715773223721753560e+00 1.660883282977253517e+00 2.239955810267725500e+00
9.500762545944381465e-02 1.660535259413952192e+00 2.543855793872849880e+00 6.954604375480435419e-01
4.844242995953679798e-01 2.788639374096941737e+00 1.621561414625667830e+00 4.833174584622305647e-01
3.099185757239318662e+00 1.076747282401245176e+00 2.784789519085794307e+00 8.883558491026189996e-01
9.603405969038694701e-02 5.630301504468935292e-01 2.339126695009390300e+00 2.743072881817143038e+00
5.066536449399378084e-01 1.095330425995469481e+00 4.874912963801025789e-01 3.027304283772867532e-01
2.231649113319735367e+00 2.571960470605337612e+00 2.816836633057364647e+00 1.537322215030453298e+00
2.677466436219568813e+00 2.318490049641707351e+00 1.020339777529498670e+00 2.542072340469106351e+00
3.137434990208746832e+00 2.443631993963231608e+00 6.316161490572964610e-01 2.542607320257242787e+00
3.169722045793961773e-01 2.252736760294008711e+00 1.804361656022845262e+00 1.082427796703870765e-01
2.585275029621833642e+00 8.687253807027808250e-01 1.993272254844477009e+00 2.155303458288440333e-01
3.641695189995201032e-01 1.874233593156862554e+00 1.880474295227890336e+00 5.590470486942646922e-01
1.811197603032657533e+00 2.195971750231118236e+00 1.342454798970306729e-01 2.241528868167961264e+00
2.945481603654525049e+00 1.216064461588138856e+00 1.651861103459361102e+00 2.929717295877803274e+00
1.295059909329339121e+00 6.517384181878277394e-01 3.960810880281090407e-01 2.128263607380443290e+00
2.718564630854169994e+00 8.450344905142096949e-03 1.488607582916707806e+00 1.225624458786075621e+00
1.658151087611102081e+00 2.462868709857648941e+00 2.648956894747258151e+00 3.003797662830052673e+00
2.158061879776759007e+00 2.666030261642376775e+00 2.991065996666455451e-01 1.641418438754852049e+00
1.922711877974845107e+00 2.004323811292052948e+00 1.131157560072165502e+00 1.403386604477633526e+00
1.571140910182464934e+00 2.613852200083371269e+00 1.600848854369451457e+00 9.684793582207459339e-01
3.065230377921515981e+00 2.242099388042569252e+00 2.484812784515286199e-01 9.622711283742666488e-01
6.019791035518222699e-01 2.480702145947399906e+00 2.223233703252380233e-01 2.199485193771759217e+00
1.787800169025270725e+00 2.729204923960940388e+00 2.375327256746089688e+00 1.962094791757045931e+00
7.898876229192715037e-01 1.244342972132771896e+00 2.145309704079229274e+00 1.014108457505350502e+00
1.281714616004679508e+00 1.290349318738143403e+00 1.705082032879717158e+00 2.476087898229404338e+00
1.467109091901700912e+00 1.005018393201117188e+00 1.422405524780268049e+00 3.048943707043960227e+00
6.551091681270092559e-01 1.371747934762787002e+00 1.785253032347867919e+00 1.975149067111961587e+00
1.627498113831645332e+00 1.108521069282329130e-01 2.618691746208531512e+00 3.995201568198561981e-01
2.407082766225010495e+00 1.683642047450405022e+00 2.970904569842996779e+00 8.235388420464135883e-01
7.420577931246717940e-01 9.491226490099979873e-01 2.780787464781966811e+00 2.188081549621831087e-02
1.268959929563340250e+00 2.335347385633870676e+00 6.924727263910253061e-01 2.411150833755583367e+00
2.623924551653705084e+00 3.133758823177331010e+00 9.071177133743011378e-01 1.413707377690155198e+00
1.862127833158187862e+00 2.261392396221591383e+00 2.719597234779724371e+00 2.780616235208908993e+00
3.951494369699917047e-02 2.637863385406181926e+00 1.407570544719999095e+00 1.277269497311516844e+00
8.835430497214709078e-01 2.002830707250327358e-01 2.400258465301933430e+00 1.081181163729958705e-01
2.411037504176605506e-01 1.358090800403744192e+00 8.109204435035691771e-01 6.244601815057486682e-01
9.523440093478565682e-01 2.632776659418627485e+00 9.362603098536491364e-02 1.764305913637016499e+00
4.981032687192045172e-01 1.210480786399329572e-01 9.535459258727790877e-02 7.453801472852572552e-01
2.398272681405042572e+00 1.754105597558293983e+00 1.731288857032045714e+00 3.056516821686757979e+00
2.645696066506394217e+00 1.081288029470676149e+00 2.716335523259721274e+00 1.236150817123721879e+00
2.113233928091192038e+00 1.324498445274703506e+00 4.173774630156878995e-01 6.178770731650978787e-01
1.818596665628764208e+00 4.459297253181070397e-01 2.893945291177252965e+00 2.664840493439249780e+00
3.044807193724420991e+00 1.122889624326619540e+00 3.060815362777779658e+00 1.865275175065487512e-01
2.505023125249672411e+00 8.301612441946542020e-01 2.905461677561682166e+00 1.198887937279943028e+00
2.104750292753193364e+00 3.045383026727314757e+00 1.719853829582941751e+00 2.904565226844493253e-01
1.230707504066134300e-01 2.122604702373935393e+00 3.044968583829017472e+00 6.487673139274540146e-01
2.807743794220825873e+00 8.299952174377174530e-02 6.786597457114091902e-01 1.323629688025856455e+00
2.131782133543331348e+00 6.496788394169439318e-01 2.463094219622587178e-01 8.338583851017110637e-01
1.479287216889239864e-01 2.236037153766680774e+00 2.026543026613932152e+00 1.629278184084300918e+00
1.098667737606704220e+00 2.120576165325256390e+00 2.190950047057071970e+00 5.438407470431801949e-01
5.287575369003105763e-01 2.335793389099865558e-01 2.993143489689978676e+00 6.652912478537909013e-01
6.466242082168701666e-01 2.708309031428492553e+00 1.173018435696042416e-01 1.513775352842891220e+00
1.863858006388635191e+00 1.208119250458571381e+00 4.593995742127700566e-01 1.568393977330831524e+00
2.980850650694126802e+00 2.673598128638123850e+00 2.475119462189681041e+00 1.822136111387841373e+00
1.366981320408076517e+00 8.039395384655746435e-01 2.223272194448048023e+00 1.781408489281632201e+00
3.078860695388518476e+00 2.783442654016525353e+00 2.715317591541995146e+00 2.703974501754053072e+00
2.822091937647589255e+00 2.335599114226511563e+00 1.442172922685825753e+00 2.870070917667387533e+00
1.127387702735940245e+00 2.370695612814324615e+00 1.367626464338777881e+00 2.364070558668699640e+00
1.823350275838871770e+00 2.700144340646799090e+00 1.998359429882422100e+00 1.535522886877971782e+00
2.619512635951119162e+00 1.566316396977128989e+00 5.793717479305332541e-01 2.653567901536207363e-01
2.027288412802852324e+00 3.580421646396259039e-01 2.005848266921748113e+00 1.323185752714777452e+00
2.670312903271621519e+00 2.481045989504716331e+00 2.057452587094064977e+00 1.556254177710528541e+00
1.777778840722527232e+00 1.909059451959532305e+00 2.010509415017369239e+00 9.940988917154909288e-01
1.839096329591932921e+00 2.482863247006304341e+00 1.684947947186066886e+00 1.932983685651516126e+00
1.894938936990589795e+00 2.057318949576925959e+00 1.475850692554526944e+00 2.427545806461537947e-01
1.754091480352490295e+00 1.118806571634268110e+00 6.635489007110522142e-01 7.546148277552613970e-02
9.147841593109762304e-01 2.337953199878326060e+00 4.079615372433997161e-02 2.172531467906928970e+00
3.023502240695742582e+00 1.826446767365419666e+00 3.610219160068172117e-01 2.282672060083343613e-01
1.837545279018897526e+00 2.833764063649796050e+00 2.000533112976239369e+00 6.120270366300831766e-01
2.199802343757427447e+00 1.052840175335575612e+00 1.308633247617840389e+00 1.295347533460513567e-01
2.055367102117469091e+00 2.647240549607290383e+00 2.378675988711402567e-01 3.078676703295847528e+00
2.887530801679267789e+00 5.876001154946579597e-01 1.609060551879232914e+00 5.822907949736073618e-01
8.913266538384034821e-01 1.558281206260579532e+00 7.706224769663565510e-01 3.119045902367781231e+00
6.353911296322024560e-01 2.271006796771530278e-01 2.589261341566196251e+00 1.570784255465502155e-01
2.977455713782060087e+00 7.806495381893405749e-01 2.571049883002947123e+00 6.418517141310678409e-02
2.226498794741557319e+00 2.901301927077653442e+00 7.140475134139259161e-01 4.161509868965327374e-01
2.416391545479909198e+00 3.104447535028553418e+00 2.583292640059957623e+00 6.196568507225729272e-01
2.881674125304878764e+00 2.519722425417141753e+00 5.991938258826371433e-01 1.625442485623768807e+00
2.202005529504396542e+00 4.655933618140649100e-01 2.387086159796552920e+00 1.305461960857343673e+00
2.406413415699182323e+00 1.540502701321629031e+00 1.175559414693074123e+00 2.996970085786380800e+00
1.050450910837140983e-01 2.635307750072467314e+00 2.758371797370543721e+00 2.264591495356436557e+00
6.624581570147333176e-01 2.768699819993939215e+00 5.466694536416182304e-01 7.548961142788979117e-01
2.897717659265274914e+00 2.601180540751526049e+00 7.864161865482391933e-01 7.568323316093723552e-01
2.941945781187708331e+00 4.019712822533492158e-01 5.772194870442082237e-01 1.142267611883195144e+00
3.108957250086152868e-01 2.925085138333982204e+00 1.268344872675331692e+00 2.226989449483128158e+00
1.920169693893605922e+00 1.477356504863543529e+00 1.424072962753968996e+00 8.816441183799910153e-01
2.259705300867174797e-03 2.359889305927030723e+00 4.763256702065605808e-01 6.645454009658480210e-01
8.127776786467175718e-01 2.391098587304393952e+00 2.016892815788159155e+00 2.079493377180108737e+00
3.079103057746337413e+00 6.850579738397347684e-01 6.862888700276760234e-01 1.554884174449206347e+00
2.824985704188675673e+00 1.492110999145695338e+00 2.398887812078011716e+00 9.499593578333891397e-01
1.856153600157201822e-01 1.431821101970583099e+00 1.592149087273270203e+00 1.411544044905177486e+00
2.849157561668315353e+00 2.254140092622823666e+00 2.007719996165040932e+00 6.857223933119179771e-01
4.917572612720372965e-02 3.130697409421308031e+00 1.385466271894730816e-01 2.754431685902771765e+00
4.521864907614255302e-01 9.401767233873727925e-01 2.980667517374572473e+00 1.751929317679046028e+00
1.160302279384113788e+00 2.739761548565574856e+00 1.000145074155633917e-02 2.212304068527485068e+00
3.060710617125773858e+00 1.117978415162146355e+00 1.623254621743063231e+00 2.139711809521124053e+00
1.993289074053373744e+00 2.386328349520046910e+00 1.504869937075395958e+00 1.957409062252325915e+00
2.460522474859200504e+00 3.271569859397754354e-01 1.002989755721158671e+00 5.744346796844223002e-01
9.507536933075699803e-01 1.745975749324701454e+00 2.637056557246205468e+00 6.381618240742029657e-01
2.750149460876410434e-01 6.410895355422322472e-01 1.261881199880099613e+00 1.934243293615401482e+00
2.354040523968050636e+00 1.398940668590102021e+00 1.325137438593750439e+00 2.484767042026439832e+00
4.884142607849221718e-01 8.738350808970006822e-01 9.679938745236178477e-01 1.956848455913077878e+00
1.421038937119128709e-01 1.189619709183948437e+00 2.969334300885060340e+00 1.544360012580035413e+00
1.907269481892843954e+00 6.092074640109186312e-01 7.446061533286075784e-01 2.824192885897286232e+00
1.801873052314818979e+00 9.729318034269657245e-01 9.903580629745051267e-01 1.154783775563893666e+00
1.188747602327740127e+00 1.029277964681363677e+00 2.945703863914182818e+00 2.784032551599913141e+00
7.594935696106763778e-01 1.623408632753166048e+00 1.670084616997017601e+00 1.038245929693577985e+00
1.770889883543412813e+00 4.373881544869462346e-01 3.258057251497104012e-01 6.754286154308866141e-01
9.601805745819808058e-01 2.036926832371098506e+00 7.684914246290225348e-01 1.156167185436536293e+00
1.348574276925528448e+00 2.060742772136117118e+00 2.758348433356182738e+00 1.457542904406532669e+00
1.942734076119728148e-01 1.519985920880795760e+00 8.859422702947153949e-01 1.474795058025063943e+00
1.492632583160528714e+00 7.201467755101373935e-01 7.533257294405927285e-01 1.782386327490497191e+00
8.826128632178905642e-01 1.647855271844607672e-01 3.543760525909578907e-01 1.561856929605649924e+00
2.172546890131654251e+00 8.682596781301046840e-02 5.378367562082119191e-01 2.182212876741694618e+00
3.081433144787550482e+00 4.957803050177722048e-01 1.518907425329338867e+00 4.878817035971173555e-01
5.121343888750721218e-01 2.186982091746688894e+00 2.662846517609896324e+00 2.873788113410477685e+00
6.172245810549851219e-01 1.300686280607153522e+00 1.770616928090805509e+00 2.932788744227629252e+00
1.834947677401368660e+00 3.469213957422881411e-01 1.079066659812196072e+00 1.999050520786887830e+00
1.520994093567729744e+00 8.634706247354623568e-03 5.256385671323537956e-01 3.020424842843906443e+00
1.321094292148045080e+00 2.151961336542997927e+00 6.183843912254202158e-01 1.282243419743291035e+00
2.085113919991879783e+00 2.350290850313955904e+00 2.871499400100312904e+00 2.856452631557425015e+00
4.801805100368965462e-01 4.246775201604451877e-01 9.611706100337036665e-03 2.629739301584523847e+00
2.158356838105686681e-01 2.335016670633468294e+00 2.128593080940785587e+00 1.924941799490115235e+00
2.393974388514453544e+00 2.190927533935034699e+00 2.088030458683449719e+00 2.971047747671004213e+00
9.728919113476627301e-01 1.222198872331367259e+00 1.971783591421690796e+00 3.082833410618088354e+00
1.817381538266427121e+00 6.409144425039801085e-01 1.473628867193964576e-01 5.413537962500510892e-01
2.856601938402134166e+00 5.353019440999107204e-01 2.233729382063096569e+00 2.458848415541466714e+00
2.141812703476920099e+00 6.814836040013059204e-01 1.130987468599385259e+00 6.880976236431249893e-01
1.919015305883036149e+00 1.112222371153074096e+00 1.337052336483707471e+00 2.247527671366022606e+00
7.081310171155370536e-01 4.326749055332009819e-01 2.743491147712923350e+00 2.079346487123505227e+00
1.228022455811014879e+00 4.753820454818003527e-01 1.947967857721096374e+00 3.460091144965554699e-01
7.885197252775667520e-01 1.422125306178022019e-01 1.229230431045894134e+00 1.717890854448939963e+00
3.411916880865553114e-01 4.746309926902466114e-01 2.581960032649260661e+00 3.864322491604216814e-01
4.541526278324584109e-01 2.103392505180029293e+00 1.925014977101758173e+00 2.552588262071807890e+00
9.014496137288153799e-01 1.595970826203751525e+00 2.103520112305375278e+00 1.329664176174648327e-01
2.492437283765120526e+00 2.958345555893203915e+00 8.875507024691168256e-01 1.870625653986412729e-01
8.778327757092144745e-01 8.318072038802865054e-01 1.226620111998695251e+00 1.977886237435280803e+00
9.288243767818825658e-01 2.038832648452675311e+00 2.435466047418156865e+00 9.960751442396176270e-02
1.947343426992142135e+00 2.077517745544555927e-01 4.287315397713669096e-01 1.888322522155498895e+00
9.187104617704837661e-01 2.535693883243515412e+00 1.327134974218986185e+00 8.585005805358357778e-01
2.815622941497650800e+00 4.816434155911993309e-01 1.848484266362066419e+00 2.681008723275413619e+00
1.837800219904243804e+00 1.013497593299195199e+00 2.593498581990870466e+00 1.890418646518437162e+00
4.675390649066080151e-01 3.054179942212403187e+00 2.602350029711790191e-01 2.506913263489005672e+00
5.860648873832793315e-01 1.553660453042911893e+00 1.317350315765497104e+00 2.936627383344819986e+00
2.177765567009497971e+00 1.010531054881857349e+00 1.623142436320373250e+00 9.030928338299926139e-01
1.704312829476040569e+00 1.471321987457910652e+00 1.989618294666205989e+00 1.814439546841477124e+00
2.904209410399132718e+00 2.549550734631843341e+00 1.836445672561946019e+00 4.789784219911579766e-01
1.349601654994698086e+00 3.330421333200216799e-02 2.566321956353397660e+00 2.666019404150080430e+00
1.887468793677385737e+00 2.837999795225234489e+00 2.061281705402353559e+00 2.572824075588201698e+00
1.213383409600993001e+00 2.244684303897752642e+00 1.789138566515640516e+00 8.030615625963208881e-01
2.803719205939461556e+00 2.956087528514414586e+00 6.569030627147293133e-01 5.851142339714773266e-01
7.404330415019649836e-01 1.160524993028738544e-01 6.057215925189723960e-01 5.657195606595626369e-01
1.323399010118114116e+00 6.122425357230789622e-01 1.653657232678939604e+00 8.352415330936974192e-01
9.368076093256795245e-01 1.132649368652745459e+00 1.300439894477920744e+00 2.755797620636988299e+00
6.003949688537322249e-01 2.543934879738511956e+00 2.215881882990584639e+00 1.794505462377805199e-02
1.814157044079886871e+00 2.954713398271569869e+00 3.053241819621448805e+00 1.385018666978202750e-01
1.898748347162384942e+00 1.110707090626938731e+00 1.002963975089297355e+00 1.090858306812282352e+00
3.231127384960320037e-01 6.304808728393093142e-01 3.001934689938233203e-01 2.245137921090541777e+00
1.462651594601732219e+00 2.239599720508768765e+00 2.990657875022300072e+00 2.419997114647806757e+00
2.823268544516217116e+00 2.359636667135348365e+00 2.541420696677308744e+00 9.895550747097693334e-01
2.184863958383887361e+00 2.829714322989646647e+00 2.928851338869761012e+00 1.562153036910223669e+00
1.932664308585264834e+00 2.001861230702359773e+00 3.900122655266832217e-01 1.501734968292073980e+00
2.313716211682395052e+00 1.900623719628631303e+00 6.064302347194978210e-02 2.084170422784331844e+00
2.624791892819096528e+00 1.927635447553178949e+00 2.217178951214449523e+00 3.104225691759150862e+00
2.367589892669070828e+00 1.138314370786022378e+00 1.046071523217325244e-01 2.196328684116807484e+00
3.058392851868763973e+00 5.686200701534892543e-01 1.740092807836646216e+00 1.117001439951036623e+00
1.715741265433045060e+00 2.344499601135463795e-01 9.644261396704379985e-01 2.389355409845335121e+00
2.886198974921431848e+00 5.156281755322779103e-01 1.334055746753704419e+00 6.011507649361836902e-01
2.948656274335416327e+00 1.976799741284711656e-02 3.526000472925252538e-01 1.732323287604565998e+00
8.641285486568388574e-01 2.092616070536167161e+00 2.312970916086600770e+00 1.681035023705713227e+00
1.834140694011914485e+00 2.322314293919715278e-01 2.264419510000182711e+00 2.629890306228257479e+00
2.834393405736364890e+00 9.094707890228667102e-01 4.758451706746392729e-01 4.948750153916753325e-01
1.501845038247678898e+00 2.818575889698163639e+00 1.710759411929690055e+00 2.123942625770657511e+00
3.703717033231460620e-01 2.088231951714863310e+00 1.195477743318031250e+00 2.561798910039416732e+00
2.168092374222034380e+00 1.687590141588074244e-01 2.495440615089001279e-01 1.471905041959807647e+00
2.712580001346044156e+00 2.340443844016375785e-01 3.049847084448061629e+00 8.614441839541663315e-01
6.517245553052075646e-01 1.397063461224319347e+00 2.488639300022226664e+00 2.667937451723090270e+00
1.714051943697335156e+00 2.222731200031939025e+00 1.568093300978350424e+00 1.467730195237751389e-01
1.126962285380932238e+00 5.699171331574961474e-01 7.252537738480135943e-01 2.891567372686665749e+00
3.047618815863649466e+00 2.678109867046946757e+00 7.711454849317853633e-01 1.164193394801062542e+00
5.287292819706745917e-01 3.007911784036448322e-01 3.740674090966798482e-01 1.997253413410138290e+00
1.536941886542295244e+00 1.590377914296351225e+00 1.928438435722323430e+00 5.557052510170553683e-01
9.647216635510961202e-01 1.513171792296093554e-01 2.220544918510475974e+00 1.693521967187072264e+00
2.703415812380980832e+00 1.630716865808134353e+00 1.921807584092441568e+00 2.477049695611828639e+00
3.115978750181301660e+00 2.573950440355586622e+00 2.345955094649108563e+00 1.478410280475178362e-01
1.719412358472544478e+00 2.626079554387398818e-01 2.316768719088106110e+00 2.691096061203883227e+00
1.833653133445294792e+00 2.652260920457708782e+00 7.689409334991463840e-01 1.937616979016629326e+00
1.342064801309302280e-01 4.396372734582146835e-01 2.024321554196794271e+00 8.099241076623412416e-01
2.114520145310665455e+00 9.684841078323374042e-01 3.064485356479834444e+00 1.882580776326124861e+00
5.981862887920336158e-01 6.183416381436909193e-01 1.207997825290373806e+00 1.512819495214067667e+00
1.833393059126248836e+00 1.115301457549360054e+00 1.931632768516223786e+00 2.576299311096831524e+00
7.943135101463629777e-01 3.118769449356960433e+00 1.308117131437045222e+00 2.175415133286022762e+00
2.856240484405060176e+00 2.037537157020031131e+00 8.364429913372199987e-01 1.740720120285128791e+00
1.109095631525980119e+00 2.887675988850030517e+00 1.530022860115559880e+00 2.205660681755008845e+00
1.536598704933996862e+00 1.056590582673496481e+00 2.322362398773695880e+00 2.376312655457911482e+00
2.444757899472350893e+00 1.478243896204709806e-01 1.052651944168454090e+00 1.093086392959506270e+00
3.072279895425720220e+00 1.684992342648369723e+00 1.733269657519086682e+00 1.189148667565839285e-01
2.379438119567706789e+00 2.687946497089128250e+00 4.695037433169114705e-01 1.165334993323469348e+00
1.131036271876617150e+00 1.447622842696455026e+00 2.566808772451382836e+00 1.796445897884537235e+00
2.209098617163722356e+00 1.157088554671388048e+00 4.612059361236350297e-01 5.454719144519939444e-01
9.393559816162955212e-01 1.359046579966670665e+00 1.760656236058581348e+00 1.867792503159509065e+00
1.665523610679855993e-01 2.973394756230696601e+00 1.024041320186408477e+00 3.349972246697045519e-01
2.143208979497222000e+00 2.304717091886604674e+00 1.541041617608802206e+00 5.239085590552011729e-01
1.283051833920132001e+00 1.507372697706121034e+00 2.368258998146061778e+00 2.533770478304364637e+00
1.539970980191806893e+00 1.042493416449687516e+00 1.200911887688477453e+00 1.228214435406190130e+00
1.365712238481342489e+00 1.932204615076157372e+00 1.417167080452268246e+00 9.499998202646966483e-01
1.603205305424919347e+00 1.246790405093673337e+00 1.564474464671617993e+00 6.275031409002209681e-01
1.009494883810825971e+00 2.266041457574909934e-01 2.536175817949041011e+00 9.100271369127581611e-01
8.958120618144951308e-01 2.566310653126735897e+00 6.244539340196735289e-01 1.737080011140661684e+00
1.618812334794631047e+00 2.946843432085304304e-01 6.082908027411747520e-01 1.246525464343027689e+00
2.648155936599750238e+00 1.223546049196966745e+00 2.318859030802082888e+00 1.727047490883239611e+00
1.318955289434335265e+00 8.970773674195551273e-01 1.664010342814035981e-01 1.634031095843331949e+00
1.148738435355668441e+00 2.156285793715196242e+00 2.463742847885549203e+00 1.079895462982996546e-01
7.694350209295693910e-01 7.036500981349586015e-01 1.792327250501959179e+00 2.700202927892457527e+00
2.700607913739465626e+00 6.130785854084067621e-01 2.199782487619065474e+00 1.150657538354725729e+00
1.115986609565343013e+00 2.693563306759680032e+00 1.071048547168060194e+00 7.092958538331465279e-01
5.854669210934964063e-01 2.163323041745393915e+00 1.931497542333526496e-01 1.733732532775313695e+00
9.853108483789677630e-01 1.944138896931988159e+00 1.840460940017528690e+00 2.636139406231549742e+00
3.080200116154275580e+00 2.251550762573892417e+00 1.812607601193100049e+00 3.078797260179824136e+00
2.699274066638175817e+00 8.491037758811997849e-01 2.882267977206199649e+00 1.692363344450376950e+00
3.365066743489448786e-01 6.409548203691828316e-01 2.840939613428374422e+00 6.513665745050600808e-01
2.235414505830917165e+00 1.051106992913952931e+00 2.628814430321314788e+00 3.062787839581993854e+00
1.089495220370113593e+00 2.371588889168635195e+00 3.584404719943528606e-01 1.146715942956583412e+00
2.928414554541752590e+00 1.369740203926778976e+00 2.955197970742110769e+00 1.117001816176403706e+00
9.647737004428400542e-01 1.827458228308617816e+00 2.334551819935849259e+00 2.817429430604231566e+00
1.717892207567951246e+00 2.935261167844614771e+00 7.646147599800657835e-01 1.823236668662385540e+00
3.053779634219917050e+00 9.164715904234768118e-01 7.702901444247184370e-01 1.086493666053602869e+00
2.378482639752057537e+00 1.520815450391369339e+00 1.389860209535282998e+00 2.547108197604253554e+00
1.688822935126206293e+00 3.037292329380198108e+00 9.467856332235521366e-01 1.154473830322042538e+00
2.858622122084650385e+00 2.352931458400177256e+00 2.822165195374718216e+00 1.355040191537946193e+00
2.368140679017665562e+00 4.015102063190736370e-01 6.433373277897987963e-01 2.290752213443478347e+00
1.579162485951909556e+00 1.359573682657513993e+00 2.082432557128267359e+00 2.038341606687541774e-01
2.688182581175458274e+00 1.660742719145201107e+00 1.531612960902594356e+00 2.012294227670063496e+00
1.558396183086849796e+00 2.425938483988082872e+00 3.001488029215530595e+00 2.042981972838536997e+00
1.186268907092500990e+00 2.965872736767445339e+00 2.119808501200384665e+00 1.816771090102374142e+00
2.786739182088076028e+00 2.066806786081183123e-01 1.418148362804183549e+00 8.418916124054736105e-01
1.955705514977208015e+00 1.850695644059540568e+00 1.046430541957271698e+00 2.874232171608201436e-01
1.331168709190604593e+00 3.986317170814018818e-01 1.727174718349340887e+00 2.910926929053220924e+00
1.359090418309292003e+00 2.219622628324824376e+00 2.752117099843780501e+00 1.960477824258878732e+00
1.835564303926532359e+00 2.077372479592267229e+00 1.083375087727139530e+00 2.179234272544056772e+00
2.236359946902730655e+00 2.601152694372726309e-02 1.269475134293247098e+00 3.071400379370627487e+00
1.920877972238140829e+00 4.975368806813670886e-01 1.038892454910969487e+00 1.628371548123670243e+00
1.285395143295744568e-03 1.297705079288160368e+00 2.248443746877459848e+00 1.491245362733498725e+00
8.950703424499951988e-02 2.828900399113226882e+00 3.012340729619843671e+00 1.920330159544744397e+00
3.031734302072572884e+00 1.125796115973572764e+00 1.903340908610551496e+00 2.141886625468313543e+00
3.066092374805393182e-03 7.152893982432920739e-01 1.721150154402347476e-01 2.076243356424912090e+00
2.583571671953860616e+00 2.040711883883980171e+00 1.984360543315783598e+00 1.147489103941756738e+00
2.049903520205339280e+00 2.087131610544199045e+00 1.484652828586622508e+00 1.730113928227732245e+00
1.505579865722967980e+00 1.270623490677800449e+00 3.187299463762157115e-01 2.449566219908760334e-01
4.384198533898159278e-01 2.463442133501412279e+00 2.157892755027640774e+00 3.064491501644554639e+00
1.952312243891139554e+00 9.331292928913207385e-01 1.729680429474185877e+00 2.679392390922966105e-01
6.704989504754793606e-01 6.326944522179172026e-01 2.752828570003782005e+00 1.058831952507362395e+00
1.121252743129258489e-02 1.995122475547190355e+00 1.752025049436849446e-01 2.722230404524251579e+00
2.397216220155462540e+00 1.516604191898471565e-01 2.958404759533580730e+00 2.100504887160632883e+00
1.107540408667356591e+00 1.304220108113675058e+00 2.627941075466745158e+00 2.694924697015043336e+00
9.010796068988633500e-01 8.086583803218559963e-01 1.388094959685516105e+00 6.395879188315799491e-01
2.894031078248542777e+00 1.324275566178224617e-01 7.843120886532899405e-01 6.234511844679094805e-01
2.334966545610777988e+00 1.202085770535569420e+00 4.192091840359353228e-01 2.703551840485843294e-01
2.629110105041657430e+00 2.907360284971735598e-01 6.869810029760402559e-01 2.335833576404621192e-01
6.205599782397358544e-01 9.797018486606207111e-01 3.021115831312874533e+00 2.075945698827621921e+00
1.489425051457329285e+00 2.617429646197790838e+00 2.658364491002759511e+00 5.428618490592828083e-01
1.000108235573921034e+00 2.507467797017614686e+00 4.683944451050680025e-01 2.520754505714950078e+00
6.177747656783871832e-01 6.473012142872845986e-01 1.237462987427983663e+00 2.932119260241662140e+00
2.794859173203906533e+00 1.141979795474960813e-01 1.954694200113842317e+00 1.342584412363375224e+00
2.950488245853679498e-02 2.113161893382608625e+00 1.577269200800525129e+00 1.021179919003743164e+00
2.172159762108906822e+00 2.920261370950505864e+00 9.833838459030491697e-01 3.005194787538228773e+00
2.856135635712608867e+00 2.975504492159675607e+00 1.625470822394252668e+00 2.236594926858569643e+00
2.196694374345608547e-01 5.317726648970417802e-01 3.000611768406843627e+00 8.034973596015098085e-01
2.626018893770392992e+00 9.431751951889466579e-01 1.122763672233794363e+00 2.137065971750074400e+00
3.172104945121885233e-01 4.404022446448916384e-01 3.041098620056898461e-01 5.443680865386021361e-01
2.771216359467235879e+00 2.656029115555765152e+00 8.932921326118831162e-01 2.606880898144923631e+00
2.154089598967666497e+00 2.552451230667335924e+00 9.337440144587428881e-01 1.380113316684594693e+00
2.382312486017559738e+00 1.043661497549736250e+00 2.711625873917522966e+00 3.409372640433004364e-01
2.646273014808174562e+00 1.441554761411057539e+00 2.536433313866381045e+00 3.970653103463721578e-01
1.432840839751969408e+00 2.101989707803642915e+00 3.097510392032094551e-01 1.101622083707469058e+00
3.835943757137902366e-01 2.271033788639999162e+00 2.958540158124856490e+00 1.647967835220486510e+00
1.664836356790827088e+00 9.448074944473656700e-01 9.706480529297222271e-01 1.077942101808761599e+00
4.069221773719096102e-01 7.438961429384423063e-01 4.901235179832911237e-01 2.177035301988792693e+00
2.361595147145223006e+00 2.613479405584515192e+00 3.140707036692286236e-01 2.912906698979299325e+00
4.125282755134379031e-01 4.457330891818604424e-01 1.265028698210310942e+00 2.232917675500659893e+00
2.600808908467615033e-01 1.497629230337686357e+00 3.747279011159060924e-01 3.980533824709703294e-01
1.180962675899483783e+00 6.771445916683095367e-01 7.875358248744268597e-01 3.033138270414817761e+00
2.666328508817861653e+00 4.241748487220501351e-01 2.286959378911927576e+00 2.539360997851719315e+00
8.482026578805033079e-01 1.040566763541150630e+00 1.559524384616927772e+00 2.793870824536616393e+00
1.004793934435793012e+00 2.606435785055201682e-01 3.144260679609102160e-01 2.633552034934600883e+00
1.046862143919643939e+00 1.442341878186884419e+00 1.338327843056335009e+00 6.362141218375357843e-01
2.342291593946413730e+00 2.940943824343992485e+00 1.665269898675704185e+00 1.900281982895097865e+00
1.611408736994098145e+00 1.765147961616733374e+00 1.073961754375037714e+00 2.321308850268140322e-01
1.134052133400260676e+00 2.361827000368522000e+00 2.868856976035114581e+00 2.226763325489105494e+00
1.594468635896237441e+00 2.460355926642320501e+00 2.198799762678509850e+00 6.276424849583617238e-01
2.339325105707752428e+00 2.555923606878107268e+00 2.233503261232494097e+00 2.669595042114049299e+00
2.378709447182501879e+00 1.297138924281226791e+00 1.948870397312967295e+00 8.867618179126892652e-01
4.580373565610950659e-01 7.460974622046840921e-01 1.590928295651931057e+00 1.511499780866223608e+00
7.090453258154493232e-01 2.291066710334828116e+00 5.775770735196368300e-01 2.160837296727737389e+00
2.509695780968995926e+00 2.675454129692059091e+00 2.910843729570101956e+00 3.025630130395209783e+00
6.649702227137974653e-01 6.998559698233940418e-01 1.149524713268022191e+00 1.340051518363733596e+00
3.099426415398229384e+00 1.852421258558205386e+00 1.941503811952945968e+00 1.296158798140159663e+00
1.239446368142111066e+00 1.534263205196287894e+00 9.799543895005802252e-01 1.778388026897165242e+00
1.379263078539954668e+00 3.037264891074942241e+00 8.595900560828684256e-01 1.659778593817615278e+00
1.994431605062662705e+00 6.927727958387233098e-01 2.486688595969447135e+00 2.418916653370616121e+00
1.392659041305542855e+00 1.575054732685734482e+00 1.581355685700222446e+00 1.974175832445121292e+00
2.601337209995219002e+00 1.923287884560023420e+00 3.145586580479040051e-02 2.265181293110511085e+00
2.175977757126138279e+00 2.111751704000845109e+00 1.984738166993953890e+00 2.511417007956978864e+00
1.900360245953871097e+00 2.464283989467704217e+00 2.666757925546386687e+00 1.381351706366298115e+00
1.139199829698328337e+00 1.356474760079913189e+00 2.099630400365350091e+00 2.094229163959330453e+00
9.205639288970550727e-01 9.123926018379672209e-01 7.136260094220590045e-01 4.280072808294023146e-01
4.956358591657991086e-01 4.990440110149372832e-01 2.213944894851854972e+00 9.843464726520421981e-02
9.221609372756865985e-01 9.162832185496740944e-01 1.518590952461814414e+00 2.442855527818348804e+00
7.828062931256374313e-01 3.726178079995584591e-01 1.089386815042592715e+00 2.199531861621377704e+00
1.061620708415460745e+00 1.216033294668356080e+00 3.854543306755515153e-01 8.437789119072175437e-01
2.779550222453213149e+00 5.023723846205296190e-02 1.740411020608256809e+00 3.042448645446370836e+00
1.801881779088678526e+00 2.709453985918429897e+00 1.144479772910290682e+00 2.664942322014482112e+00
1.710832443030486205e+00 3.114279704121924119e+00 2.633205775196548082e+00 2.257138785936239955e+00
1.078605126323266133e-01 5.897732864316060919e-01 2.615552954340183978e-01 2.357451945090860868e+00
1.258699721923971726e+00 1.628491294229605035e+00 1.989260830103469102e+00 1.374272402128388748e+00
1.991394428108131720e+00 7.751637312592841722e-01 5.858777950819964164e-02 1.092967342297352040e+00
3.028655818060494109e+00 3.109079967977261383e+00 2.325400887274585937e+00 1.373345128707575746e+00
2.964335950324970881e+00 1.908898648395563447e+00 3.123308610234364124e+00 3.569396280010753153e-01
7.281725491606848566e-01 3.087902411091968613e+00 2.016140142256425682e-01 2.444898048499484666e+00
1.950597891855454513e+00 5.690302755898727360e-01 2.907411182656134407e+00 2.720800227770732160e+00
2.851662221148325571e+00 3.027153404718746277e+00 1.404822770270548915e+00 1.523449084870161840e+00
1.712240328980876025e-01 9.245608638261535450e-01 2.522231270111972012e-01 8.264686625796058284e-01
2.034707681100041299e+00 2.684016610204319697e+00 8.148132937601554326e-01 2.050163041314658319e+00
5.180050112976777310e-01 1.673499578298850432e+00 1.436899346257012988e+00 1.573752819925569923e+00
9.801312907756248860e-01 2.076509698221599365e+00 2.471864839743209696e+00 1.646072713461500747e+00
3.133870506213513707e+00 9.973352389221056269e-01 2.686518281334265623e+00 2.269396656280923796e+00
1.627467211371407485e+00 6.021306102810889405e-01 1.833978717551089099e+00 1.954679564492931343e+00
1.882914437745546898e+00 1.653381800560278947e+00 6.488932151383832725e-01 1.572837922146260725e+00
2.585276854120662104e+00 2.596489279431632990e+00 2.535161510873817026e+00 2.953687524680706833e+00
2.983187833882666062e+00 9.912284024847879405e-01 1.097336201033358272e+00 2.884933529140297992e+00
1.467442570102385657e+00 3.039533239264503028e-01 1.648524370822326279e+00 6.789367574423961216e-01
2.150975282331336391e+00 1.179286897696858905e+00 1.016688397802635757e+00 3.025128104022209996e+00
7.679549620196706172e-01 1.572539941046423140e+00 1.636949399818263262e-01 8.457181888809328640e-01
6.155400584603785141e-01 2.342327963774620159e+00 1.164322243968618942e+00 6.752743715638532818e-01
2.220128946563550532e+00 2.937881974016261499e-01 1.622235986135870833e+00 2.882469905177416525e+00
1.291425978817492215e+00 3.043246708516822441e+00 2.164460418953602971e+00 5.017278562171183509e-01
2.665037396990856511e+00 5.143300993063180115e-01 1.119024730411697810e+00 1.721033735190657055e+00
2.372171639383596098e+00 5.025619657030531151e-01 1.168140010434789655e+00 1.726906806496888158e-01
4.363433042650984306e-01 2.581820790535159116e+00 1.248603557568347400e-01 2.483758726608739309e+00
1.748055001884557536e+00 2.618744266155937694e+00 8.039402273723259551e-01 2.515668075347054500e-01
3.038914198642784559e+00 3.094517937748697989e+00 1.039392944734977675e+00 4.600826963105227735e-02
1.162626216917447275e+00 1.949836410506586848e+00 2.594328699114681225e+00 1.941195990111169944e+00
2.167583814763566430e+00 8.932964056368775108e-01 2.446059698754784240e+00 9.694632755553782566e-01
2.406443184905007637e+00 1.213043760733718834e-02 5.959651956529893324e-03 2.905975557745934967e+00
2.754283167059900617e+00 1.991221097044206662e-02 8.287455364922189371e-01 7.749036413812629975e-01
2.470560427756440358e+00 1.635696175917878969e+00 1.159194896246044770e+00 2.232559474231254892e+00
1.452226921158439099e+00 2.707033654859177130e+00 1.312913964911934350e+00 2.894645944016961181e+00
2.739125971283990602e+00 2.277570268009021515e+00 1.471301756409122641e+00 5.217394711638483062e-02
1.692420036220068091e-01 6.943850678349042793e-01 9.887101359870202888e-01 3.822013929888288253e-01
2.583344388161236349e+00 2.993928041799239548e+00 1.026707325173778079e-01 2.678892690691966560e+00
2.751962450192636300e+00 3.113272451149791564e+00 4.864860224198002681e-01 2.642733232912620078e+00
1.506385796962060208e+00 2.616152822436435876e+00 6.241441725364322846e-01 9.949704519405312350e-03
2.399762768032627225e+00 2.663425081147285489e+00 3.230772734957081116e-02 7.050274893590222636e-01
1.240368413827135807e+00 1.554018036511854994e+00 2.880930376650821523e-01 6.324241525305734912e-01
2.618622363932707309e+00 1.961593669212694513e+00 2.035301806457780138e+00 2.976719824371118150e+00
2.486379769585768784e+00 1.060219193116156866e+00 2.518529432926019496e+00 9.175950710106521857e-01
8.093393548668865733e-01 2.045050215815047867e+00 2.352206511686622203e+00 3.854553268316764369e-01
1.098067782335576226e+00 3.995075377776805547e-01 1.768187744623890278e+00 9.829168694207940371e-01
4.461979294550156294e-01 1.265490355810345413e+00 1.591790992723004061e+00 1.737314230213943267e+00
1.589731101728625529e+00 1.520449485011075463e+00 4.972296037419445675e-02 2.896488562796560196e+00
1.974443610710824304e+00 2.622767999918711457e+00 2.896795493074608152e-01 2.671685392924642688e+00
6.868747295853419588e-02 1.950551111112224012e+00 6.835982242111980911e-01 4.005585122659305886e-01
2.389087504706187026e+00 9.227369731851294832e-01 1.535434715168205511e+00 2.027899301321068659e+00
1.096236664752841226e-02 1.239771104113289502e+00 1.869368344089170630e+00 2.927720712990273366e+00
2.912009748775604479e+00 1.087966393767424655e+00 2.464610407264000713e+00 4.007520177326120425e-01
5.601582025743336857e-01 2.283189047620963752e+00 5.057125259150717644e-01 7.769436197656663934e-01
2.252482120860139769e+00 2.780754105831920064e+00 2.841356176715024162e-01 2.358770216319943991e+00
1.261424118140050288e+00 3.002861392884464742e+00 2.939621172546831307e+00 2.993323787228295618e+00
8.705059047532078820e-01 2.325778251015960141e+00 2.282656275299215221e+00 2.992578451200965883e+00
6.308229304546245642e-01 1.642226182305304816e+00 2.711181701700532187e+00 2.028978131761608683e+00
1.583923195405477768e+00 9.045558667487918481e-01 3.457106626085246770e-01 2.944119388966960571e+00
1.670656956604311238e+00 7.998229829837316673e-02 1.090066164599171605e+00 4.219700190228753423e-01
3.775356535791130619e-01 2.225766822152190905e+00 6.235211493599174259e-01 9.007428412261554440e-01
2.810800231618491019e-01 3.757667610922372781e-01 1.011285993003282480e-01 1.872571697266633750e+00
1.445810987798391345e+00 8.541616538176732831e-02 2.884730507839140756e+00 1.833008983513674917e+00
2.310126647685291079e+00 3.138093608365851495e+00 2.519399416987317952e+00 2.354222663984924940e-02
8.070500948548727793e-01 1.286172528393323189e+00 2.749949791232609186e+00 7.824992871072972145e-01
3.075384943603193255e-01 3.420384928961122117e-01 8.779805671033710235e-01 2.974399614873335373e+00
2.354271413885226316e+00 2.751199132382397217e+00 3.139164658901000493e+00 2.840113182751907051e+00
3.026869750716564056e+00 2.684785922349409493e+00 2.548020361940268597e+00 1.946408612161143692e+00
2.924446835741335349e+00 2.066938625047388012e+00 2.128982080372483932e+00 3.006632993122100750e+00
1.638613670420179247e+00 1.270616761229801828e+00 2.967351326252760213e+00 2.743739160554135026e+00
2.757691765599993960e+00 1.374837846400907004e+00 2.016114041330281825e+00 5.753111366693135498e-01
9.388901646404164136e-01 1.402135052164892037e-01 1.677441263253028059e-01 1.460740513654013917e+00
9.746880924478841524e-02 1.525998108499545758e+00 1.492312838600117875e+00 1.242084260585213235e-01
2.429437259999103649e+00 2.959647243397615313e+00 3.744244421398515987e-01 1.157344299335607979e-01
1.272834818788892708e+00 1.280528802565347402e+00 2.306296597731160247e+00 9.617932107882115611e-01
2.439883708913396898e+00 3.884063785468498953e-01 4.053103095133113731e-01 1.964947216934458618e+00
1.916923635207170351e+00 2.127526956412126413e+00 5.509493769928358597e-01 3.734419626486896737e-01
2.547111840482618739e+00 9.412485018165529516e-01 2.602989878016396030e+00 3.875979037529827531e-01
1.710202340219850736e+00 1.655319963755135459e+00 9.673543585737013339e-01 3.060022147048359287e+00
2.335331912199049675e+00 1.870524169048265239e+00 2.478670440383043960e+00 3.023949863787829262e+00
8.315442663901673193e-01 3.030151406694294725e-01 1.625137169006556082e-01 1.887014544326439114e-01
2.907862498016285269e+00 1.528275280403153413e+00 1.648086687859180000e+00 2.880381486663261104e+00
1.757327751098672231e+00 9.106985885050253859e-01 2.605858818238983687e+00 1.491059748058916945e+00
1.797645659228018153e-02 8.974947457219166758e-01 3.055828278079030458e+00 6.002283616853997250e-01
8.486772453064169719e-01 7.486030443067932527e-01 9.604884412666416793e-01 7.908495153669158340e-01
2.276046574282967860e+00 2.447924898820911466e+00 8.117988548546113403e-01 2.892094959918931618e+00
2.498016166776934277e+00 6.555008400834242410e-01 2.601216762312250630e+00 2.233400916712996676e+00
1.514550812576332506e+00 1.096956912258058026e+00 7.777361257826818919e-02 6.732672724400588782e-02
5.955578738334629252e-01 2.612787358310596275e+00 3.665189217741056105e-01 2.294631055359216965e-01
1.594913353651961296e+00 1.069096233254040046e-01 2.349608390993568607e-01 2.990088856616408552e+00
2.595266564954692989e-01 4.329251022888377376e-01 2.794123263030257487e+00 2.004434472337578710e-01
1.077035440740292893e+00 1.397831366306427903e+00 5.313200257578343244e-01 3.009131280061242641e+00
2.063374246874531970e+00 2.772176760990028743e+00 3.020542933677775377e+00 7.356589753774024354e-01
4.961003785817008072e-01 1.986188664955029770e+00 2.734075909728442610e+00 1.120996297478928039e+00
8.057473451418685206e-01 8.185664112057348951e-02 1.373574382056401699e+00 1.523672115260643167e+00
1.244957319145795438e+00 1.983183552100396652e+00 2.268459587408163447e+00 5.525543163219408527e-01
1.307223412651000061e+00 1.143985757285594485e+00 2.717771648068671553e+00 1.185420623465021084e+00
2.048512515222213004e+00 8.446667213142800001e-01 2.551135160439719218e+00 1.284942445522629040e+00
3.034760751462408646e+00 8.400452467264551970e-01 1.661093396608539774e-01 5.085363490815307808e-01
2.059518285556709849e-01 9.208025426550537906e-01 5.439078589883453718e-01 2.734423285030427753e+00
2.803467111643799914e+00 1.545870861494622883e-01 2.279416348231682932e+00 1.373370066621428354e+00
2.190333009173784096e-01 1.367174196079176562e+00 1.445114394174861205e+00 2.843977767188567540e+00
1.617800998402887824e+00 2.118468518720115767e+00 2.534057953130133267e+00 2.357301947895164229e+00
2.977522244425686804e+00 9.957917183033544450e-01 1.270409092039718191e+00 2.833334962670801538e+00
2.049663575665080284e+00 2.100122492104258054e+00 2.397340750374273188e+00 1.876560918923505961e+00
9.751716519303472719e-01 2.598119536019865006e+00 1.153481331373261032e+00 6.791313825585666430e-01
2.654080267365931167e+00 2.949639877008570110e+00 1.185148316184114536e+00 2.014719481688342473e+00
1.339735547049692110e+00 2.647734010505280455e+00 1.717889346965245867e+00 2.927249606791944903e+00
2.629108475873133788e+00 1.381908804366811738e+00 2.830493069306778964e-02 8.739245864861823199e-01
6.284757802608895716e-01 2.307913031238983059e+00 1.229446335129074752e+00 7.214358011906232271e-01
1.920551626916244592e+00 1.519779264124215157e+00 2.027043499293519346e+00 1.213728640209118304e+00
1.153739115824917727e+00 7.465785649910400279e-01 1.444072874465630596e-01 2.320420416487140869e-01
2.462719417935487765e-01 4.849312639835829386e-01 1.812868126187530793e+00 3.085316366804696120e+00
1.032006881190752789e+00 1.216768837273174864e+00 2.545623762487260189e-01 2.001616178667198653e+00
1.767020917577813766e+00 1.523809065983861233e+00 3.171586152268927039e-01 1.999074586591906399e+00
3.033563791401026610e-01 1.938599165332605789e+00 8.395734540763877263e-01 2.649268435144596978e+00
5.495827129040418285e-02 2.197242633098249076e+00 1.453424875534858218e+00 1.350805893770532062e+00
9.342392317122599765e-01 1.920114963290423749e+00 2.248814610097726874e+00 1.468315005120065797e-01
4.693779181926904798e-01 1.545623716078163845e+00 6.922414719391827287e-01 9.038801702295731766e-02
1.986156813117240238e+00 6.224549101622456337e-01 2.082859222802020405e+00 2.725908676535260700e+00
1.626071525745295343e+00 8.707170274362920903e-01 1.338454939554648560e+00 9.743246390279329816e-01
2.680062584588074892e-01 6.192787573164888482e-01 1.625536718847010675e+00 5.018757521071279815e-01
2.112756346921093709e+00 8.902383755160168111e-01 4.480372254361292272e-01 1.444148865602066234e+00
4.742795147493488184e-01 6.688306600525463219e-01 1.567704187350066114e+00 6.279316607542136941e-01
2.906669800495421896e+00 2.311326345563157469e-01 8.932607805204118012e-01 8.702183394476968870e-01
2.658046545403751626e+00 1.123456268813852882e-01 1.644762464344880160e+00 3.065278175035707431e+00
1.362985356407832027e+00 2.073722122143835112e+00 3.233820997220239191e-01 1.472146676578206526e-01
2.226741251110828212e+00 1.721654608345017046e+00 1.984578812591302643e+00 1.688476812149031892e+00
7.814550280290304130e-02 2.574210669786233918e+00 1.669011543499363315e+00 3.986557672400091734e-01
1.095727624327259120e+00 2.872068116691004924e+00 2.010786425742313810e+00 2.892669846395782507e+00
1.517094356341124994e+00 6.351928460929860965e-01 2.510878036235917765e+00 1.123898385525078591e+00
1.383620724918859679e+00 8.430767607559606081e-01 1.077582471732111413e+00 5.586274798615318282e-01
3.362491176367744111e-02 2.227185336772934843e+00 2.508453383054752628e+00 2.797525620897555410e+00
2.264608519584370150e+00 9.107545451032756922e-01 2.867642316860528950e+00 2.795539827742683947e+00
5.286489209446828541e-01 2.563661883670197206e+00 1.416762717768616842e+00 2.590789448518011628e+00
2.118539742494773837e+00 2.867249983573304739e+00 1.904282036285760649e+00 1.615380663742130185e+00
6.640651929711172130e-01 7.323033644537277898e-01 1.268501063865560718e+00 7.340442418946145908e-01
2.710566039554667572e+00 2.166118536736129307e+00 2.364955209254676394e+00 7.799222854740970323e-01
2.280611044751493122e+00 8.770754680990975327e-01 2.288640182314332971e+00 1.596869803493931261e+00
2.962609042088223621e+00 5.962026608772987846e-01 2.210096296928886872e+00 1.900606179820321540e+00
3.024032649841144504e+00 1.849019193015785933e-01 8.903048881467967579e-01 2.750006559784748950e-01
2.449056835113284425e+00 2.419674570507591493e+00 9.478115300456786407e-01 2.305694069854520301e+00
1.671961236697469211e+00 1.061536521311128745e+00 1.622268147592255794e+00 2.991318234415917487e+00
6.699863123915906771e-01 2.540457629566417630e+00 2.870217648507240149e+00 1.588403818942264234e+00
1.527055136770734567e+00 1.189827258122687192e+00 1.168065382224778403e+00 1.522911077348103603e+00
1.061091016326459968e+00 1.123830924178262691e+00 2.702612313206393946e+00 1.956143614148715182e+00
2.494602588468083637e-01 1.299846067055737020e+00 3.060803643449540035e-01 2.944037554848331559e-02
1.761881105773626777e+00 4.481939125864770612e-01 2.593635772667731043e+00 8.979576492865785076e-01
2.774216276646274792e+00 8.373490512169489142e-01 1.922954628407902433e+00 2.429550398377405163e+00
4.723567879582310503e-01 3.091302280136084768e+00 1.883523070006331235e+00 1.514636375329136420e-01
7.158177934395569542e-02 2.994066563340452292e-01 2.908910809351377205e-02 1.992002633719032412e+00
8.804936765718948122e-01 2.015477517740587032e+00 1.294662110069366490e+00 1.292174484563139547e+00
5.430476617796379246e-01 5.641236365793051988e-01 2.631287369671838405e+00 2.306527871528650131e+00
1.169921835169394742e+00 3.610239032889411837e-01 2.284737395075059574e+00 2.806531076697304616e+00
3.895813216165595200e-02 1.499358520086689683e+00 1.931306381400958339e+00 1.987099182343728065e+00
1.912976300771475513e+00 1.109659371264062111e+00 2.346126968828972092e+00 2.733693188619736869e+00
2.379405900517114869e+00 9.280868979797599616e-01 1.731234703218780036e+00 1.569064063725958968e-01
1.629392618331225728e+00 1.076226758141002465e-01 9.503765844600413626e-01 1.515435687194548242e+00
2.051352079277287910e+00 2.046994579579720863e+00 2.050330736952252320e+00 2.623822674905770036e+00
2.349536247752189944e+00 2.999353112205277672e+00 2.207998206199557778e+00 1.261968822533713119e+00
5.733500414300460868e-01 5.355173399956345559e-01 2.482530682080863471e+00 2.974310327512728502e+00
2.938611299958431289e+00 6.412478551758610257e-01 1.467272866596200265e+00 3.053123127069516496e+00
2.395544332047906622e+00 2.810233036216344793e+00 3.412206776643449402e-01 2.474310405768016086e+00
4.751992653808626565e-01 1.858286238183002981e+00 1.779651994526565861e+00 2.719745079669319665e+00
1.249539627055842539e+00 3.038533294620925584e+00 3.961872919394271997e-01 1.583263870576035792e+00
4.627167159756589432e-01 6.042347075795642120e-01 1.300193681327009854e+00 7.813631883589130522e-01
2.161642939564941024e+00 1.274847258248870130e+00 1.716757695695165786e+00 2.566693000801682500e-01
1.534890948904683583e+00 1.659009452433417353e+00 5.243647794685539765e-01 1.941634861730654471e+00
7.985438603128186541e-01 3.074747892320027098e+00 1.730657426643568586e+00 8.859354735021737204e-01
1.152221677546502177e+00 1.224352142775542385e+00 2.219794795874640680e+00 1.042002299333998794e+00
8.286087862627034006e-01 1.821129677818009940e+00 1.070867461749352767e+00 1.714749654938975576e+00
1.150065828757716346e+00 3.470506331521284737e-01 1.127154774910681390e+00 2.524511087680811450e+00
2.120682858673808013e+00 1.672976240532505043e+00 2.515115948353833009e+00 8.503795793888929699e-02
1.379246575054529522e+00 4.249704080713879173e-01 2.448404413502299093e+00 2.125136332925827709e+00
2.652830499704540018e-02 7.435556117575475854e-02 1.879235205755804605e+00 1.290422285847435013e+00
7.838094752136242072e-01 2.500991325432151857e+00 6.613866003013572081e-01 9.823040945047702976e-01
1.124008066547339757e+00 2.774378814001788651e+00 6.891093713579728997e-01 1.319759493872656231e+00
6.896052515590795906e-01 2.397320495927302009e+00 1.085086170973847075e+00 2.996435544023528852e+00
2.052045320558619323e+00 2.158167585026275592e+00 2.311059127385366868e-02 2.695322935500847894e+00
7.361683484990151349e-01 1.894882299794968139e+00 2.295831593657819969e+00 1.716851235299072131e+00
9.330009771979620448e-01 2.172423953679915254e+00 1.124233802383869829e+00 2.381905758113529448e+00
3.045111240077419179e+00 2.707760992771705233e+00 1.236809841701314250e+00 2.188391627922122495e+00
7.704516764352858926e-01 7.276962000022239030e-01 1.508168525875353660e+00 1.951004920799480846e+00
2.513690402104665544e+00 2.240748254917667992e-01 2.364226850536993663e+00 3.459155259398825066e-01
3.963251901005034744e-02 1.568643304382711046e+00 2.037199450112954224e+00 7.396904756983135876e-01
1.998750147676634503e+00 3.139201871389706966e+00 2.815552120556702675e+00 7.427628645626613846e-01
7.133064436174076928e-01 2.541531138833330594e+00 1.978018955641870580e+00 2.371137281669304375e+00
2.718774310724889176e+00 1.002911604474262308e+00 2.372625456322418724e+00 2.880374891792877090e+00
1.027961090714423209e+00 2.145989114377575002e-01 4.926546749761996913e-01 9.540121271922823443e-01
2.031962653811761665e+00 1.266503123092059535e-01 1.361754989145109451e-01 1.604650743813377467e+00
2.657249172646323654e+00 1.460985081790021400e+00 6.454464430192622393e-01 2.283940156857499737e+00
8.540412228925940985e-01 2.768132350640579720e+00 2.994240612281291014e+00 2.760607739272760597e+00
1.242149946007398809e+00 2.457455318079404982e+00 1.694790534206416899e+00 1.399709918299549549e-01
7.877489607467780264e-01 1.322713017822554127e+00 2.160517805094482657e+00 8.984383330407619273e-01
1.463742365909841414e+00 5.934405284270776182e-01 1.768553383514158917e+00 7.982273874883706322e-01
2.305250899874877302e+00 3.301624958837809931e-01 2.485755432631505002e+00 1.738223105533956536e+00
1.732259119114195611e+00 1.745579746761438011e+00 2.260031544399778713e+00 1.359794472015461109e+00
9.656649283952510598e-02 1.043590408029209327e+00 2.215933845687635184e+00 1.076767928618527437e+00
9.590831499165883289e-02 2.104577924549577261e+00 3.032833349218551522e+00 9.070218155548944727e-01
7.368551988449588697e-01 1.977489332519259513e+00 1.885110969821733651e+00 7.257214748389922976e-01
8.949087684325511827e-01 7.317778191962674983e-01 2.669131802377906926e+00 1.956582723635973409e+00
1.927584296313208601e+00 2.594273611091543863e+00 1.952336841692148828e-01 3.518016997712969385e-01
2.358601342337480755e+00 2.001750795844032260e-01 2.042583208797863481e+00 3.033339398050006075e+00
2.213010212155904544e+00 1.260278998261356920e+00 2.898130057717123620e+00 4.180824802196470569e-01
1.454970964474034401e-01 1.775154331061838286e+00 1.478943602002874558e+00 1.453900586854598997e-01
2.483513797861458983e+00 3.076032868215803351e+00 1.342552746287866583e+00 9.060208858138414645e-02
5.301964183658893770e-01 2.602679664473643406e+00 2.804547578443793654e+00 1.849172186944290086e+00
7.500717142222713685e-01 6.743651821552545389e-01 9.980394088418845788e-01 2.182578804568353625e-01
2.440366140811556922e-02 7.512718496794734691e-01 2.728805961790905954e+00 2.116886070483193549e+00
2.595230032191959690e+00 1.140867344157224572e+00 1.717217056769883676e+00 2.179093881803065624e+00
5.691795948742345290e-01 5.544887128703520629e-01 4.077527179189636281e-02 1.765114428600514263e+00
3.093678211372924647e+00 2.689883277754486546e+00 1.834836869572302520e+00 5.215673152177870975e-01
6.895340433882161946e-02 9.328279615469413366e-02 1.862235061813632298e+00 9.964600300274724098e-01
3.092169252538360169e+00 3.056451153837393075e+00 4.570018604183216926e-01 2.037494330766701278e+00
2.082993371570597496e+00 8.042809347416522980e-01 1.221203142378902040e+00 1.043352137890693809e+00
7.316249566044270569e-01 2.896505246554474944e+00 7.562398697610350773e-01 1.816887562809520906e+00
2.946525751635176160e+00 1.182853322086814263e+00 4.936801399632448906e-01 2.623468183161838052e+00
2.314602428697426273e+00 1.066293564168188990e+00 8.996986389963342878e-01 2.221205080139292409e+00
1.123029022954832090e+00 1.011279424461823062e+00 5.318069778129457248e-01 1.200125071702039747e+00
2.542518037288992172e+00 8.789956860220994317e-01 7.616143960789459877e-01 2.898382091322910359e+00
8.925300738440566928e-01 5.380258051705316680e-01 8.353594479199067946e-01 1.665852400091167196e+00
2.364018638890247104e+00 2.525096531875199002e+00 2.337410052185757980e-01 1.256025565106721198e-01
2.941219326091695674e+00 2.890710716231999378e+00 2.776198097682634369e+00 8.462471935419064728e-01
1.737270435480158470e+00 2.878147037998086688e+00 2.611674232545522667e+00 1.382638786505809181e+00
1.890723262478632538e+00 1.188157460482982763e+00 1.217456666606661742e+00 1.200459604954398074e+00
1.448284903926086553e+00 1.519109161306999578e+00 6.639780063308157176e-01 1.743728390255642857e+00
1.053674028463784440e+00 2.108518138091360239e+00 2.645451727314840351e+00 4.414523946039746183e-01
9.574317199382811339e-01 2.585684797100451959e+00 2.199603805301251214e+00 1.021796731399011948e+00
1.836224420531581192e+00 6.251577012038254111e-01 2.077919266375131357e+00 2.066246755218260844e+00
3.094637706010396450e+00 9.572456744939156215e-01 6.158187512956500576e-02 2.534325538515480147e+00
8.028502057010481474e-01 1.328238274577329348e+00 7.186072702132917378e-01 4.231174254414215019e-01
4.858179834260929475e-01 1.279571642770035877e+00 1.102463265122226810e+00 6.845474102615258793e-01
1.831514410669270010e+00 7.799364998145281724e-01 1.398546615655071601e-01 2.686155299677796648e+00
1.892269134950921528e+00 2.457021980535619043e+00 1.457966890071507038e+00 1.447201322148597535e+00
2.703639864035709106e+00 2.155536551865209649e+00 1.742709550033091581e+00 2.200978477093336494e+00
1.997469682022372961e+00 7.516690143922427625e-01 8.132004982785726588e-01 1.573310570987445756e+00
4.369209180841762130e-01 3.153799310052234905e-01 1.017549687306054995e+00 4.316671318336953167e-01
2.898743104345689048e+00 2.789174722379413329e-01 9.851448671845778327e-01 1.482532273776781429e+00
2.849410143175833965e-01 1.669747335157023116e+00 2.892039790663910814e+00 1.127291697562938122e+00
1.068632029764795099e+00 1.656939233813608248e-01 5.643719457161801289e-02 1.946975780972341141e+00
2.604229721104938111e+00 1.872415282482808641e+00 2.004320205572371894e+00 2.363160289762407551e+00
5.423733104941186323e-02 5.935624176870443192e-01 3.094914505334924737e+00 1.994424748273765147e+00
8.736014652983621342e-01 2.020286523959930580e+00 2.364282229178992778e-01 2.406503825673997454e+00
2.958189486932893963e+00 2.493922384237895695e+00 5.886968210184442829e-02 6.093522587655798572e-01
9.194843002372348195e-01 1.289459039227706771e+00 3.248545456909295859e-01 1.289580971114821173e+00
2.598079572053113573e+00 1.263976776114687395e+00 2.672724043947294348e+00 2.166772501676843543e+00
6.247179086511969182e-01 7.173991980858560602e-01 2.037172441607962570e-01 4.915074649220773501e-02
2.382477014062144960e+00 3.031521510629518357e+00 2.258322158140176228e+00 1.131747964402981532e+00
1.635288143050472653e+00 1.535703082673585795e+00 8.005448458000666845e-01 2.684332618827562023e+00
1.032371442305855203e+00 2.711871642110533998e+00 1.228700816905818449e+00 2.309940827019673737e+00
1.811857087645859732e+00 1.964861359138390329e+00 1.713888407357677002e+00 2.905183431876751765e+00
2.758352896378873265e+00 2.972784477029419392e+00 2.034727776029123358e+00 2.580767079608841552e+00
2.931965993759745870e-01 2.416600697870446179e+00 9.200227092339228196e-01 2.417496126845459781e+00
6.480047673257586238e-01 2.143831641945903144e+00 2.903132682860068314e+00 2.988504981461341803e+00
1.449733146255512695e-01 1.944336131259016387e+00 1.205475131861586835e+00 1.297139025108137389e+00
2.810232843877178421e+00 2.227180729171956308e+00 1.231347406469776917e+00 2.320173800818571053e+00
2.649849385488440845e-01 2.575994214717317821e+00 1.961032576661151383e+00 2.740224761687690247e+00
6.293288361177037382e-01 8.514199251735331542e-01 3.832113360145536496e-01 1.145308976219351793e+00
7.825276045061511088e-01 3.140700941282591252e+00 1.234029982525616687e+00 2.313331559749004285e+00
6.936138960398678943e-01 2.197430502249692719e+00 1.580174851608395326e+00 1.313114263348188260e+00
1.045882157647709754e+00 5.160551776977636423e-02 2.458000104322433987e+00 3.465701134684731066e-01
2.770037958768303721e+00 1.530135349753101393e+00 2.361701010004038537e+00 1.734821579618835541e+00
1.024793570377531049e+00 7.331526069005217527e-01 1.865868606471382529e+00 1.980156789185825827e+00
1.264534862112259628e+00 2.161670236743619355e+00 2.387765941800734204e+00 5.505959524267085570e-01
7.535510836185197459e-01 4.905619015500798930e-01 1.285468338325898019e+00 1.370874834450723334e+00
6.367726246908850252e-01 4.148948908493444998e-01 2.346132169393357891e+00 6.835387701881825429e-01
1.981102700580167630e-01 9.216123804691336296e-01 2.218270499018208497e+00 7.127908186266829205e-01
1.651962237766978481e+00 7.163370966077807767e-01 4.527347509042533441e-02 3.293723977358883198e-02
2.129475821537835323e+00 5.307028060849868778e-01 5.540093207063958580e-01 1.266441300223011046e+00
1.994501325392429081e+00 7.503295487184836743e-01 1.654404914690301043e+00 2.259683540083568865e+00
2.985578961991614655e+00 1.474256149805635463e+00 2.808236089962586668e+00 2.609323519301974592e+00
2.708686692985503797e+00 1.272964276517393634e+00 1.032802264681723203e+00 2.265546417312258587e+00
2.648285827790788360e+00 1.104908782003309220e+00 2.625541782371013877e+00 4.283488822530925888e-01
2.841303350834508468e+00 4.840455067084202256e-01 7.658614903325129397e-01 2.021888469602078242e+00
2.718919965168981601e-01 3.034414748641485748e-01 3.036366265367921091e+00 1.473301347608062528e+00
2.592319414750598128e+00 2.810288638233375380e+00 1.408166509016445245e+00 2.952412563881403162e+00
7.053294458532272104e-01 1.987714904678929750e+00 1.656985743749628703e+00 2.593077040175341796e+00
8.130957183748095396e-01 2.095538789356280684e+00 1.055639442881052936e+00 1.190659621819858544e-01
2.081082706703107466e+00 2.070053597568246140e+00 2.076137828482086667e-01 3.018276539123056601e+00
2.846970705708339100e+00 2.432606274945896541e+00 2.201731468127577696e+00 1.364438707273871287e+00
8.230236926588481439e-02 2.303146796226121840e+00 2.214151510137016388e+00 2.694595636659140037e-01
1.918309334424753709e+00 2.518473719103094588e+00 2.089787072996190265e+00 2.131263726716286833e+00
2.751901293923476377e+00 1.695998037794250957e+00 5.136297612310325444e-03 9.383210982758687368e-01
1.279670000913278871e+00 1.974902679965322205e+00 1.909924225671779219e+00 7.126002762695178919e-03
5.466554189943988451e-01 2.831178910987114161e+00 2.147327813796251483e+00 2.080109982780626865e+00
1.558214816241915823e+00 4.879514778821135157e-01 2.417047313262366826e-01 2.901897116965032608e-01
7.588517434862838140e-01 2.923368213064722720e+00 1.182939145023770955e+00 2.250401461738787134e-01
2.608018543471859463e+00 1.328874666849170660e+00 2.058857866992146679e+00 1.097791940034486213e+00
2.783402854501915602e+00 2.982080616699556597e+00 1.933521540896973478e+00 6.263674416865511185e-01
1.452846307414977778e+00 2.934666775741933353e+00 2.598211444369122436e+00 2.389828818412104372e+00
1.256928810777156569e+00 1.503660591693702475e+00 2.691186635076999512e+00 3.025171759771346114e+00
2.371613844852196173e+00 2.250907543247747000e+00 1.788455677730891535e+00 2.950655007367239069e+00
3.139311530750734214e+00 2.586599797686288227e+00 7.561454804426188669e-01 2.081072686139525896e+00
2.283125466922339974e+00 2.910464467489175533e-01 2.414634042821002691e+00 7.383289511275379358e-01
2.726263053880700671e+00 1.236460818358862790e+00 2.147773565967979192e-01 4.175406172385321968e-01
1.736657920895619656e+00 2.074357304816455194e+00 3.070416893671317760e-01 3.019702474865983532e+00
2.636227731829575927e+00 1.709899953812599183e+00 2.400459141529597940e+00 1.418618631823909682e-01
8.745510807106458007e-01 1.472683547355159606e+00 2.024636298450218863e+00 4.084019364352951542e-01
2.069105914601487406e+00 3.533118780240277479e-01 5.196006456896924419e-01 5.572018245244063639e-01
1.918093183977097826e+00 2.995180761962693339e+00 4.606460753219288051e-01 2.341463199664001849e+00
2.084271600858863760e+00 1.634387802729531769e+00 1.744904729827314593e+00 1.186329149397747251e+00
2.478879401500191815e+00 2.020771061657436363e+00 1.409513002275822324e-01 2.639165227633189836e+00
1.091816875296691469e+00 1.906953233247512980e+00 1.253620511824093953e-01 3.036809191760439841e+00
2.482664035304686934e+00 5.863804491574179378e-01 7.922471595325949467e-01 1.986563922542003979e+00
1.130976909666270513e+00 5.214802565673032353e-01 2.351451155555081218e+00 6.032669806087433972e-01
2.255364038831649598e+00 2.386681371340778401e+00 2.906249363977055356e-01 2.743559405399806028e+00
2.492074469040259199e+00 1.768945168225461773e+00 1.533410192798078775e+00 2.496119864348410378e+00
5.548175925419516208e-01 2.602393933226465617e+00 2.956629983287998975e+00 2.575701866176254295e-01
6.359444294577207835e-01 1.928010307218452901e+00 2.147086370604838645e+00 2.414418697562459304e+00
2.059254479970052731e+00 2.528599843998621033e+00 2.383006882005962890e+00 1.230733264998776333e+00
1.020021920975807267e-01 1.992889751046109881e+00 1.651156908431930248e-01 2.724118288953098488e-01
6.126759057805474251e-01 1.235721752008568375e+00 2.673189686950589117e+00 1.617536649017317529e+00
1.442745609122790373e+00 2.075034919855050841e+00 4.373180013264358901e-01 1.459461873785708130e+00
1.405287619403994936e+00 2.736909747361667478e+00 8.409027620816729165e-01 2.890617891127817529e+00
2.273165824053174244e+00 2.213799698512955327e+00 1.300600500783183566e+00 1.920001062935709601e+00
2.864256244407418883e+00 5.260224447004241410e-01 4.321788904010165910e-01 1.258513144640825976e+00
2.049104417160159120e+00 2.849618449236538620e+00 7.579216044457529611e-01 4.556122095202518041e-02
2.070668412444647721e+00 1.761491378335787727e+00 1.714517732605356226e+00 1.247404301409865024e+00
3.100372011948312245e+00 1.208191311914874611e+00 3.853256819447490322e-01 1.653369488908777329e+00
2.561246471018094439e+00 5.504372815522019513e-01 1.689532653204402157e+00 1.074679689605697819e+00
5.308631817507231121e-01 6.456531778889295081e-01 1.195674218997649474e+00 5.679074438810699510e-01
6.248315907407431258e-01 9.696449004956845252e-01 1.849829543444209690e-01 5.686341598502742123e-01
1.772700316687502831e+00 1.654556153876562519e+00 2.845681555980420274e+00 9.505149455313329776e-01
1.859669182011390198e+00 9.946597559661244370e-01 2.746208472889728469e+00 2.817286396645104496e+00
9.199081694255739627e-02 5.337415218717207477e-01 7.788517738081378317e-02 1.685143348007828612e+00
3.957083140171729352e-01 1.741981120342213751e+00 2.885115158978800221e+00 1.485096049385004946e+00
2.469729672939431797e+00 4.297896478261333253e-01 4.515347355024202508e-02 7.261139761185414487e-01
2.838010232615771677e+00 1.133971030474367980e+00 3.087271400337696203e+00 2.705938646147886484e+00
7.515601410893393286e-01 2.724106176772179477e+00 8.143953378346435734e-01 1.140305408441009138e+00
2.593566312542760155e+00 1.541886384890130968e-01 2.346762738157646966e-01 8.744684861918041729e-01
4.262102823321457512e-01 3.787792108473471697e-01 2.538778896207681601e+00 2.874028518335653093e+00
8.977330961554793598e-01 4.276278611200718394e-01 2.112834677644432890e-01 3.650688990214880913e-01
1.312108478911854448e+00 3.116241394614168492e+00 6.087462471132434327e-01 9.130250180647064839e-01
1.687528199308945265e+00 1.037917367395833512e+00 3.001481423363874690e+00 2.846869134122966383e+00
4.231333201092554175e-01 3.009743462270509262e+00 1.523106282487436847e+00 2.326566614272507660e+00
2.485926109335807155e+00 1.429564609301228195e+00 2.673987458410315821e+00 2.984567640868803551e+00
2.506375959724880698e+00 8.805680313826123040e-01 1.505418566957997140e+00 2.899823954308814677e+00
1.892977924860818284e+00 5.157378676905972625e-01 5.475443429434888598e-01 1.666413202451471731e+00
7.945842741534003828e-01 1.184781394106446006e+00 1.056264722878919038e+00 1.497203663850210198e+00
2.916460884821156618e+00 5.346843295491514603e-01 2.008184381816194186e+00 1.241405913797970717e+00
2.932103760056171904e+00 1.709893648553727719e+00 5.473779920606983707e-01 3.107356216581484087e+00
3.926338165591646695e-02 9.355143276654747098e-01 2.033297289545052511e+00 2.181343051130392841e+00
4.421778435311374822e-01 2.063723347731368118e+00 1.834652580955193235e+00 3.082404624830170081e-01
1.750960816696906841e+00 1.087047272965928624e+00 7.620657409818037964e-01 5.536186786688290784e-01
2.086077961499872568e+00 2.621215009496892456e+00 9.907750390296182763e-01 7.904443007814961897e-01
4.244220838025383191e-01 1.610657154697900495e+00 1.494973031111120454e+00 2.444782116921035975e+00
1.027256917206043063e+00 1.357379336558008243e+00 1.903791076875303689e+00 2.450480570716207396e+00
1.350484871124095987e+00 2.653332675857225986e+00 7.862220752981124994e-01 2.495986082931923367e+00
1.039648678139939442e+00 1.478242594262584753e+00 1.071427896866332441e+00 2.991227732884145674e+00
7.715919597892730852e-01 1.782896808273588762e+00 2.871680774459021812e+00 2.607474828253210308e+00
2.569324871711112124e+00 1.554792212720501610e+00 1.209061612535673680e+00 1.506585394679012646e+00
1.894151980943405533e+00 2.283132863423110503e+00 2.556480883359136591e+00 2.211954082413749134e+00
2.866157672114998611e+00 3.015445394188205341e-01 1.725316464530913585e+00 2.266500274173567586e+00
3.944286342873516982e-01 2.102600762832933956e+00 1.786486446420042729e+00 1.949529168691570336e+00
2.873261264587254171e+00 8.723811320234285960e-01 1.035590264574231423e+00 2.605389785921270462e+00
2.676300111196598497e+00 2.298243991802053632e+00 1.746862188932904569e+00 3.101577577298590072e+00
2.196118968289384910e+00 2.864827991102344429e-01 1.852420549021196905e+00 5.454195327168739338e-01
1.457217315936254698e+00 1.428879063410860573e+00 2.543307005411213684e+00 2.676341210995538233e+00
2.467056738757564371e+00 5.920165075361440987e-01 2.862038319132091058e+00 2.572175744654341401e+00
4.467112478608605830e-01 2.069583114073078323e-01 1.825087464817331862e+00 8.835713579838505582e-01
1.752050651715532648e-01 6.137775411011868743e-01 2.298708984037446168e+00 2.089769566927521360e+00
2.818527981565398299e+00 7.029254323527969195e-01 1.214676207441159228e+00 1.977551257458795675e+00
2.579472027403630463e+00 7.602929537696631046e-01 7.884313470137667146e-01 2.567865797080681745e+00
1.041548369388741069e+00 2.872932553716105453e+00 2.863938836241155972e+00 1.896343082309934203e-01
1.530508739837262988e+00 2.153694449899215435e+00 1.846568019535642646e+00 1.066340665014596123e+00
2.985516183414933966e+00 3.495697162292507598e-01 3.679262083667935168e-01 3.359531867066397615e-01
2.977190448178570481e+00 3.069965820095696074e+00 2.824330284096517318e-01 2.656738171307154506e+00
1.886930568360224880e+00 1.621313565125730882e+00 1.257263187951763062e+00 2.846684956089168494e+00
2.106562162386340198e+00 2.138053655964525124e+00 1.536555243552229222e-01 2.379864514231796735e-01
1.990125569020562590e+00 1.947443613058145839e+00 5.452506034540961499e-01 1.131514138143930204e+00
2.558857896270631538e-01 1.385580173425538408e+00 2.025442728443330065e+00 6.170867034377214635e-03
6.309330152608899622e-01 2.963166882702845228e+00 2.642547799385040364e+00 2.129951526606560286e+00
1.864788474526128947e+00 7.355061762896968336e-01 1.659060385961689921e+00 2.943904778793536625e+00
1.513705183503620377e+00 2.489865481917453938e+00 1.931170129185769913e+00 5.390048442455729338e-01
2.126106994567279695e+00 4.729392925109389689e-01 1.324471081995769239e+00 1.270842838363289928e+00
1.425512258398028420e+00 2.834930040878412605e+00 2.495240862503172175e-01 7.021942318937281213e-02
1.875534110270445476e+00 3.070225357958483503e+00 8.089782275698687020e-01 2.168392189950080429e+00
4.094669297048543766e-01 2.992052636623228956e+00 1.613211697896281605e+00 1.379023051899802566e+00
1.671738493725445363e+00 1.493769769882017651e-01 3.113181836621245147e+00 5.683140916430311496e-01
3.881408277959879083e-01 5.077214447562017341e-01 1.628476528115740951e+00 2.813875195006768415e+00
5.471510682844735740e-01 2.349703428551075390e+00 1.388999398468255153e+00 3.090877690957412938e+00
1.806932575921966988e+00 1.687162509638390873e+00 1.684090033286345101e+00 1.601256499152990065e+00
8.350307521029051161e-01 1.453659906376524313e+00 2.321289601907484013e+00 2.519350354930315117e+00
1.375821769855137600e+00 6.702358795532494806e-01 2.960596281520638584e+00 6.604510653391683084e-01
2.528077228339011828e+00 8.437651271455763879e-01 2.844728353470407978e+00 3.896749089768064001e-01
1.493591650885672584e+00 1.570922652402159558e+00 2.950013756605394555e+00 4.450252216945536632e-01
1.751233868935863525e+00 3.095099414400978577e-01 1.466377144718494563e+00 2.551000831666215163e+00
2.664629458044309729e+00 4.873801044990184184e-01 7.400610377786990268e-01 4.758948454473375111e-01
2.891600226698118892e+00 1.199144299822324955e+00 1.510753396107091362e+00 4.155165669021572139e-01
3.185534796414163372e-01 2.274960382978927775e+00 1.371503135680000707e+00 1.294406423376214921e+00
1.298169086529924909e+00 1.026032406435763100e+00 6.356630510856196015e-01 2.123192230356388155e+00
4.167507597495621607e-01 2.518108558300534039e+00 2.438251539073441165e+00 2.754070379078996655e+00
4.760055512581027326e-01 1.790740100147504732e+00 1.681588665399083693e+00 1.319488154742615826e+00
9.154949135018601858e-01 2.956035936027662459e+00 2.070489827795238380e+00 2.541914457860500853e+00
2.341885858735905934e+00 5.636556468764103434e-01 3.027965212409205797e+00 1.893399755258948325e+00
3.044414514130405064e-02 2.605045693250915839e+00 2.909092865312581822e+00 1.584684037019637115e+00
2.919706726824966569e+00 1.697096309132298142e+00 2.439387617914275719e+00 2.217316312597405581e+00
2.197541785498905664e+00 1.004581704214672744e+00 1.983678637822468227e+00 9.011574286351542451e-01
2.069773388651553692e+00 3.322860388318165659e-01 2.841457184388217261e+00 7.119030579882108523e-01
3.865225539777188413e-01 2.095832645743599953e-01 1.326969459422254749e+00 7.993269914159349954e-01
2.407311685790126443e+00 7.073260848131072143e-01 4.842086634562326464e-01 2.146680215471380659e+00
1.591821428929238724e+00 2.745240809591027453e-01 2.240696839179346700e+00 2.090539771352741827e+00
2.819537025695462606e+00 1.901165062144049567e-01 6.986500721704712591e-01 6.990822693111982122e-01
1.047359544445855883e+00 3.134778053763601080e-01 2.385717931693879024e+00 2.079642066294298708e+00
6.180300426772206146e-01 2.173911515169258735e+00 1.785358958945308050e+00 1.278552369774221376e+00
2.784845243586845154e+00 7.898196207859193851e-01 2.710983108121786334e+00 8.045095187745725518e-01
7.160135792037464197e-01 6.892494734939108580e-01 5.542271039675957800e-01 1.374009371052425266e+00
1.966402864028740982e+00 1.205107651399516699e+00 4.941571304871792969e-01 2.286690998046573942e+00
2.644294256066612725e+00 5.514387846200740073e-01 2.199435754863091397e+00 1.521744907210395681e+00
2.730598933598692657e+00 1.062802039727296588e+00 2.268198956475576011e+00 2.577665289985033858e+00
8.697313995021070943e-01 1.241706228631735298e+00 1.554238621976811618e+00 1.062969937119536551e-02
2.683629544304408032e+00 1.828111029178699276e+00 1.541787873388661190e+00 1.637943976023900738e+00
1.056474077926135985e-01 2.288419456559753318e+00 1.210694606986592703e+00 2.636054830193323983e+00
3.075318120371143049e+00 6.513578772260730787e-01 2.885325000006386809e-01 1.598837003756406749e-01
1.674732401265299986e+00 4.374807615052198617e-01 8.220036535459841476e-01 2.714067555805268039e+00
1.597182965792345977e+00 3.072631244342290735e+00 1.925890327832985749e+00 2.163120443124069980e-01
1.428290857169776551e+00 2.228906844818917765e+00 1.168399550093882189e+00 2.384598217971604317e+00
7.590545829563548619e-01 1.628376147964052834e+00 2.379149794645083027e+00 1.519970676239306984e-01
2.105207452723588002e+00 2.647150304911306318e+00 2.033216486443123916e+00 1.510022819237456071e+00
1.669052581751502284e+00 8.568069617459640464e-01 2.189519222206293136e+00 8.237088977664218659e-01
1.367947895682731119e+00 2.300525960170123785e+00 2.275349613153433648e+00 1.736801109015569278e+00
2.200604514906669085e+00 4.744669603474489517e-01 2.057356956886932764e+00 2.049880002300114246e+00
1.146144337892310627e+00 2.685353148199320028e+00 1.473341317108906923e+00 5.600797312896391711e-01
1.417046713170967198e+00 1.394388568139693030e+00 5.473166941897276150e-01 8.021521451960775817e-01
2.651106457617439460e+00 1.612415390547139893e+00 9.055179060193627727e-01 2.602817744898397567e+00
2.174890553165016893e+00 2.679104061514385182e-01 7.364958110227527444e-01 1.521469197673145368e+00
6.147474871259182017e-01 1.099870534010677359e+00 1.334871609193862385e+00 2.640667576825371565e+00
3.139025481033183240e+00 1.621251072866948917e+00 1.951418994792164519e+00 1.095992409254395561e+00
1.688864668809473280e+00 2.610020113803340536e+00 8.769960807402878977e-01 9.771434967391683379e-01
6.096285950949850152e-01 1.736705305713213354e+00 1.569600916204182406e+00 1.169218541983217063e+00
8.837364011665211905e-01 1.137158154286588063e+00 1.475080495931626601e+00 3.135317020217956330e+00
1.521666612735636193e+00 3.029198037691158696e+00 2.545098660654422584e+00 2.226600641074792275e+00
1.794698615340520886e+00 1.633151434389290335e+00 2.952454141050024905e+00 2.672502206061046159e+00
2.991928363028728555e+00 2.121987974733011040e+00 2.554096121603151470e+00 1.670596137256364688e+00
1.798798663589843860e+00 5.959345718582667040e-01 1.067356289423678550e+00 1.664085921029371695e+00
2.340783970965644833e+00 2.464910649128194020e+00 2.127741986102104743e+00 4.425217152564792089e-01
3.093141037088564804e+00 1.330616451266033895e+00 1.952969582734822795e+00 2.437092179552375004e+00
2.092449606074274548e+00 1.459261845906644428e+00 2.938141320674682255e+00 1.782420429580710897e+00
3.075249665871984117e+00 2.106108059777068497e+00 2.283734570599215807e+00 1.486754476670713032e+00
6.247234852826273332e-01 6.117629148096637159e-01 2.095461701582465308e-01 1.430715042339885334e+00
2.890440022035829504e-01 7.447610648823543844e-01 2.915112866865252172e+00 3.117460603125222551e+00
2.315624245188549590e+00 2.543916789287203328e-01 1.591054422656009715e+00 2.952158210782994008e+00
2.410826666327342771e+00 2.537235264272192037e+00 7.325556051474066965e-01 2.842807553963845546e+00
1.767201429533505008e+00 2.337605460491015030e+00 5.713404233423677869e-01 1.310690588948473012e+00
7.929119550826537743e-01 2.956472793302224122e+00 6.894415865500134188e-01 1.335221832373072903e+00
2.313911766031460981e+00 1.763850432010680702e+00 1.191408081605663805e+00 2.837080033725375983e-01
3.817589280141298613e-01 1.311723681233911920e+00 6.778182749619345859e-01 2.803806847164246996e+00
1.428343729869277767e-01 2.680241469234568630e+00 3.102088840773336909e+00 1.596909735970618582e+00
2.474202886503079846e+00 3.035408365543609488e+00 2.723288933718110982e+00 3.677690093149464379e-01
3.596515003709410685e-01 2.159855894603448956e+00 2.737173075287539614e+00 1.928684084687533495e+00
2.778819668639640916e+00 3.342385906919252414e-01 5.288899887651500320e-01 4.030522547661573030e-01
2.415976968348665377e+00 1.660018707146315942e+00 8.934378606733583972e-01 1.605236255005456081e-01
1.659887762375387155e-01 2.616556352100322780e+00 2.183015903826474730e-02 2.877161467746811585e+00
3.746861132155928642e-01 2.697629901790013829e+00 2.235557492026337911e+00 1.862889244591795057e+00
2.429753496707695248e+00 1.205266339604696091e+00 2.110298953783807274e+00 2.158835687468519282e+00
8.610627858526168632e-01 1.959568704768774428e+00 1.655774871409236626e+00 2.341463009124315417e-02
5.898270876574442934e-01 7.175836863958586775e-01 2.719543224301009587e+00 2.323083836569572735e+00
7.619607335990309371e-01 7.454383094047478675e-01 2.322800805873169061e+00 2.745085092583785968e+00
8.776833374695471868e-01 2.143682337116977477e-01 1.775952477627083637e+00 2.190745269174045440e+00
1.032283205944620974e+00 8.088071941136152354e-01 2.484424668386665813e-01 2.722559115263688323e+00
9.217427666721811352e-02 1.095474761855134371e+00 1.997706987965516490e+00 1.063172568387625638e+00
2.598179868543072590e+00 6.404211849124790135e-01 1.107605311896340039e+00 2.685627174555378804e+00
2.410908101334142462e+00 3.113400078014787908e+00 2.046058519766118522e+00 1.615552752278572646e+00
7.364006388064909814e-01 2.316925007478491949e+00 2.367431539503606519e+00 2.274767870152918814e+00
2.829317592845003393e+00 1.195574653144714228e+00 9.710877375738161676e-01 1.188872148376511895e+00
1.337453259487944024e+00 2.269884762699799552e+00 1.907948873095989928e+00 9.338492735872493400e-01
3.073146634866247950e+00 3.010998364807362826e+00 9.091980605685903161e-01 1.071205325500637295e+00
1.346531057193338654e+00 1.246118205119995492e+00 1.899787949911507345e+00 4.173550703902864645e-01
2.480049713819120871e+00 8.382802500553240277e-01 1.500082657994972646e+00 1.011871242538455506e+00
1.281192723419968260e+00 2.791338709231475868e+00 1.951921619682154496e+00 2.306299646613355847e+00
1.018829634543202634e+00 7.047785089695514094e-01 1.404594328958067351e+00 1.685529908383438247e-01
1.335024028646539795e+00 2.036608596933651594e+00 1.898501714615216329e+00 2.516220765980954344e-01
2.245201507955276732e+00 1.086407976550856302e+00 2.223668890167560530e+00 1.398862435690922279e+00
1.877240620084373202e+00 2.101019306077940740e+00 1.262862212677169582e+00 1.584155856425051745e+00
1.339093291739008373e+00 1.717347071776410550e+00 2.184146598239679715e+00 5.235949017837649988e-01
2.287758362432100068e+00 1.514739719190269174e+00 2.617353636140934192e+00 2.785830784269669902e+00
8.513320425486607945e-01 9.916390007364804804e-01 3.017552269189899938e+00 1.961021851122286552e+00
2.644294876579533771e+00 1.508042061834379277e+00 1.883363059946205009e+00 3.041733934328285649e+00
1.487117111535401826e+00 3.054143667421657771e+00 3.124119225622169260e+00 2.624475843813491860e+00
1.321607409081082318e+00 2.067163379415167590e+00 1.701613327578649804e+00 1.706657206599082599e+00
1.011132345108260167e-01 4.118509301633163644e-01 6.866192983369758807e-01 1.963514333905399978e+00
2.342891545966641065e+00 1.861513140946624123e+00 2.095010596570324957e+00 3.135394585024054770e+00
1.247423898047280266e+00 1.544328274309083593e+00 1.416534959374351033e+00 8.857154224849832502e-01
2.567129879541697690e+00 1.322587425186091625e+00 1.717964617399326377e+00 1.332875913950593239e+00
1.144237060254805205e-01 7.984322628840175851e-01 2.627853819825885395e+00 2.959324236505259442e+00
1.621239655342803232e+00 2.264344948104022315e+00 1.573047411434499443e+00 2.228748933683405153e-01
1.933879565406542822e+00 2.923370223467355089e+00 3.067718995324199671e+00 2.618189253890585100e+00
1.831542956634332198e-01 2.682513896640964290e+00 1.830740426323760772e+00 8.417223791371383212e-01
1.286389796610974523e+00 9.902859565150239352e-01 6.543766822308945130e-01 2.913356709261269994e-01
1.965094137418495812e+00 3.282188769950497020e-01 1.860452672183665168e+00 2.260074729179484265e+00
9.529784397923168893e-01 1.327305771298358694e+00 1.259566805539058310e+00 1.289038418984978507e-01
8.651620046765033933e-01 1.132582608872057861e+00 2.437431081088512475e+00 2.782943565630419336e+00
2.685527662298391682e+00 2.843815793852664697e+00 3.067686513277250171e+00 1.863316453010182894e+00
1.669030831455878272e-01 9.284620281449121881e-01 1.872012686488763733e-01 3.433281704136307289e-01
3.097002495383184062e+00 3.117237892635088548e-01 3.354939780626658985e-01 2.660670808003579690e+00
2.634330693992012140e+00 1.073782237041664533e+00 3.484824437081989190e-01 2.718833340364779971e+00
5.206426264915524627e-01 9.358872801975431921e-01 1.817679824214105677e+00 3.055045664101307956e-02
2.931998788510494336e+00 2.394886435729823848e+00 3.024060754324247036e+00 1.075874745017850964e+00
2.130535319710908926e+00 2.893281916772310058e+00 1.122436665797664768e+00 2.539715132592493596e+00
1.712422329655967079e-01 2.509494550461154549e+00 1.558471038784658758e+00 1.611419942824964480e+00
3.095349026496867051e+00 3.067977167593605170e+00 2.137339826548178667e+00 2.711220839228849488e+00
1.751953608025659692e+00 3.089687667484316336e+00 3.055358344929879344e+00 3.140229205781303712e+00
1.434435235604103021e+00 6.106207529720845129e-01 5.542327285308741303e-01 2.876102634884844189e+00
2.906839294556383901e+00 6.263534542169756081e-02 2.428475440126987017e+00 3.315011622990416407e-01
3.696773994721193612e-01 2.315452295371645430e+00 1.161281417008025008e+00 1.044239022503731684e+00
1.974459961619032811e+00 2.025260694611152601e-01 2.126444744773285933e+00 2.917246790698018621e+00
1.366121096282508107e+00 1.504222156947981025e-02 6.416311546266246779e-01 2.498852269284887129e+00
2.553466445582998290e+00 1.921187553880789878e+00 2.093736579174094725e-01 1.167561508234984835e+00
1.445187347853365667e+00 2.256004410546559757e+00 2.429747709453900839e+00 1.004951634567832208e+00
1.185444998372005898e+00 1.064632881747445081e+00 2.156059584792236361e+00 9.469464066264926538e-01
1.443608632972792627e+00 2.522732903041892794e+00 2.058989078637898817e+00 8.210731375115241093e-01
2.072552565961999438e+00 7.580284065948186267e-01 2.770424283511951913e+00 3.103764267579754765e+00
1.569484800671479829e-01 9.689074112111717429e-01 2.872763537884953866e+00 7.519556592738305678e-01
1.474272356811302753e+00 8.917828610342466433e-01 2.032817363169768576e+00 6.573597532503603347e-01
2.914616738710823274e+00 2.529754796231407532e+00 1.353720615632231894e+00 1.591383785968032427e-01
1.614703042434370239e+00 8.574551168697556180e-01 3.097545487994488145e+00 1.202727882111792157e+00
2.415488183312330062e+00 1.954801729768945451e-01 2.537266394649083878e+00 1.708643882808340342e+00
2.118915682414507451e+00 7.720653452023216179e-01 1.966870470939244164e+00 1.231450616181314572e+00
2.104999560007891457e+00 7.940118990519366964e-04 2.033244577306712042e+00 1.948219810061257773e+00
1.396552852949770829e+00 2.190818204265284397e+00 3.099802373738436145e+00 1.960676689951311502e+00
1.738089395074310151e+00 6.917194787762793728e-01 1.683406487835253484e+00 2.015005034522885097e-01
1.584544991758598087e+00 2.748243552457355854e+00 2.828793329103293175e+00 1.153900435435927518e-01
1.872976261325438596e+00 6.404554164340743316e-01 2.418640560440328713e+00 1.905105174622626407e+00
6.805477027087784014e-01 1.101545554754922884e+00 1.201303558703445296e+00 1.076939873324121777e+00
2.903039961751380904e+00 1.458774498492842353e+00 1.879594555749389828e+00 2.330606362132270348e+00
3.330299502011472845e-01 2.972842614544873197e+00 2.549070456759324088e+00 1.881526178539277616e+00
6.669511708589990207e-01 1.665251097198183761e-01 5.714590133448705922e-01 2.972812261756796470e+00
1.417332989959069867e+00 2.470581775650428025e+00 2.202791034951646409e+00 1.777266596118223463e+00
1.199255034213895454e+00 4.482283668800560172e-01 1.008877374959249451e+00 2.392915157840743490e+00
3.458732254043561105e-01 2.065937364055198788e+00 3.456500079543279313e-01 2.365438404212351742e+00
3.621536686155127915e-01 2.710628586855358346e+00 8.901197717946909282e-01 2.994589078924797754e+00
2.471373378898889861e+00 1.797216951661743334e+00 5.812527320778678730e-01 2.523487754928355198e+00
1.355031476756661524e-01 2.719121036962075966e+00 2.916575101262912195e+00 1.288694931053584902e+00
5.510947485066578500e-01 2.719423703705342810e+00 2.059445639126841421e+00 7.950169446971020459e-01
1.657969837269405833e+00 2.563554828038296041e+00 1.572961880937470136e-01 1.057383808223714805e+00
2.153850160904149824e+00 9.646201199111417157e-01 1.967978448708618266e+00 6.888801236927211136e-02
2.588757195852164461e+00 4.109948894481568749e-01 2.073154769328479086e-01 1.399855294651213278e+00
1.031830958105131701e+00 1.649594243984006559e+00 2.998035005522449392e+00 6.010987826293857639e-01
1.492363941602237176e+00 2.522340059891396535e+00 2.658561781696545889e+00 2.760684716840463793e+00
1.766248719157571534e+00 1.919589796619833422e+00 2.445479536575681845e+00 2.073430690652447783e+00
2.037053714302857199e-01 3.024652495494184468e+00 3.297322826235822291e-01 1.331309093836418045e-01
2.060457691026879257e+00 1.526780994744407760e+00 9.872328197736913724e-01 1.856779796798726026e-02
1.847361246924229983e+00 6.163429098430513869e-02 2.638785135260746983e+00 1.438866883175443923e-01
2.856320915369467084e+00 4.845728135887849009e-01 1.492954175801042505e+00 2.410418035261854830e-01
1.404831974789978455e-01 1.732204582264900594e+00 2.263006196106331913e+00 1.001963182324270563e-01
2.864665493598669510e+00 1.444151395660324584e-02 3.216534176851260085e-01 2.528994111907208797e+00
2.477884693872745014e+00 1.195396483826965950e+00 1.477310079877591553e+00 3.082821625725936876e+00
1.351749766400768493e+00 3.869744875459773525e-01 2.722494913331592770e+00 7.163329672661171710e-01
1.024517060916259714e+00 2.103654928982640282e+00 1.284303759309677773e+00 2.211697414230574532e-01
2.341257424412355626e+00 1.995517914982684715e+00 2.077241018514736304e+00 2.241345890976727429e+00
2.089903005194675423e+00 8.108679894190181647e-01 2.605316431485797501e+00 2.924834412555369134e+00
7.867266521648436095e-01 2.679909382895898862e+00 2.751388637721414288e+00 1.096783918359086618e+00
3.008782448733356318e+00 1.631730320662231559e+00 4.864766803214376489e-01 7.069090194648316450e-01
1.698640297795430132e-01 2.437165200470333914e+00 2.484489769832322725e+00 1.495249567346331521e+00
2.038274588567814849e+00 1.675911565434358819e+00 2.499297075849914673e+00 5.623524495861160766e-01
3.069577083811720453e+00 1.498263404717550262e+00 1.672672130489948339e+00 1.261438601891492706e+00
1.480668138527410527e+00 2.931269753925648924e+00 6.585116012341031277e-01 2.578757174052983547e-01
2.807510517797410454e+00 2.946019175405196311e+00 2.140995969644076680e-01 1.780016043607280274e+00
1.807824127676029402e+00 2.314620526656015365e+00 1.229749921059346968e-01 2.044375413313225032e+00
6.432064600621919537e-01 2.054740528439400471e+00 2.499477731193733732e+00 1.583762970883822785e+00
1.364987518282912982e+00 2.465229405259974804e+00 1.221905511050241477e+00 6.489242421043859288e-01
2.574698970137303533e+00 1.753479428879753721e+00 2.099387071696203311e+00 2.669671170835401064e+00
1.076687568467076472e+00 8.589103712391724654e-01 1.312746106950463565e+00 1.898818167930090839e+00
6.733512997381004839e-01 2.347838352312431098e+00 2.315902419541358892e+00 1.001483415887963302e+00
2.365646650258154349e+00 1.111091551160589219e+00 8.264591750086570654e-01 2.335878329395687736e+00
1.496036143640367300e+00 2.333841664512152470e+00 1.188552949034145323e+00 2.511590646494172407e+00
1.783646984926982704e+00 2.622174727034658925e+00 1.987772987456933205e+00 1.155412322028623873e+00
2.543363440533445097e+00 2.467395661773373217e+00 1.752417596783286458e+00 6.316998053117266476e-01
1.239866533527134163e+00 1.802117920195620782e+00 2.398957574466400455e+00 2.145626997041794493e+00
2.210999892050247606e+00 2.585195508769239314e+00 2.511254407433446190e+00 2.546733465547036168e+00
2.881092243388348351e+00 2.105308696656893908e+00 6.890762477953267240e-01 2.133569516293298385e+00
6.267964746012583133e-01 1.076553411788374826e+00 4.724416700229213117e-01 1.459160749145097746e+00
1.737492548597330488e+00 6.120204335086371072e-01 1.943263345201908354e+00 3.105353381808265034e+00
6.133036626201684438e-01 1.299548533289059060e+00 4.793505401125959242e-01 8.275045961162245112e-01
9.183938871126037240e-01 2.242073204010903709e+00 1.551291147456654862e+00 2.761508140416973900e-01
1.951660318692822083e+00 3.265078584808375206e-01 1.095573064298027699e+00 2.591776951619123803e+00
1.478997195926055053e+00 3.585158949261281203e-01 2.661164820150354604e+00 2.002544988731966846e+00
4.932723073893421906e-01 1.348536583814256229e+00 1.023251460426104709e+00 2.318102469991364156e+00
5.236506143213818243e-01 1.842153388065466801e+00 9.621200487977991100e-01 1.747790434348471589e+00
2.943614858535833267e+00 9.070546874723734998e-01 1.990580579245665005e+00 1.070633773276512324e+00
4.879830291419988142e-01 1.252541411400222016e+00 2.915865093737935343e+00 9.900893436028757044e-02
2.259269988154248843e+00 1.993484320582407543e+00 2.472914346839933941e+00 2.664747519665913167e+00
2.238292189648745989e+00 2.173918615394516696e+00 2.984773599455089688e+00 2.084312298352990200e-01
1.330281372063315093e+00 2.367671897357424005e+00 2.577574242577698183e+00 3.102717587305898306e+00
1.313091625276725294e+00 1.851115803325828479e-01 1.152381289270870246e+00 2.412335580903937959e+00
2.910075039731060631e+00 6.117093427783870663e-02 2.012486143309680564e+00 3.120569327833644380e+00
1.236657265446104104e+00 2.397901190704328389e+00 2.764584308832326309e-01 2.712774901781918047e+00
8.000907139295954790e-03 1.761207676632487118e+00 2.111468786784960194e+00 1.400308328169386440e+00
1.791009424274735640e+00 2.136540646791818876e+00 1.152611569654125923e+00 1.582036887814308290e+00
1.652517751689509984e+00 3.043235615835100383e+00 2.447291142007967935e+00 6.375645141620828182e-01
4.639414472509391096e-01 1.112900550361518581e+00 2.679326366262708259e+00 1.068212586301279243e+00
2.771569155006690099e+00 1.572999163357788444e+00 1.445284896905050243e+00 2.561548565894491869e+00
1.505790841867163721e+00 7.977138519384360249e-01 3.895504323461878582e-01 2.051296607574713882e+00
1.236944699120701818e+00 2.512828296201152778e+00 1.257642717062528170e+00 4.582979511072954870e-01
9.953180107630208440e-01 2.885445523434637227e+00 1.353912736197526945e+00 2.563820209157156693e+00
2.197919688436917873e+00 3.081855875243048715e+00 2.453911619891467888e-01 3.065796205095865812e+00
2.887379972788037374e+00 7.359902142253148538e-01 2.253005019207805049e+00 2.442456168939871386e+00
1.839753027610748992e+00 2.480920640480706929e+00 2.128454016728801967e+00 2.073558964291689843e+00
1.650345592540593653e+00 8.539915408991064494e-01 1.174341433574946469e+00 2.592188791095361378e+00
9.210797769095134813e-01 6.910627601033332290e-01 8.709049089656818732e-02 9.874099342033925142e-01
2.305941979814715381e+00 2.079386480460490905e+00 2.277473287715628736e+00 2.552306910442693866e+00
2.937244864331006511e+00 2.534756839622568592e+00 7.335830099504996316e-01 9.230327754623214309e-01
1.917262121593560797e+00 1.382091094590034208e+00 1.942988691702154158e+00 3.031333565446402201e+00
2.625865449258008244e+00 8.535483667052907730e-01 9.035629610316435745e-01 2.960800259423671754e+00
2.115444532878712369e+00 2.956005205817032966e+00 1.970489938256716478e+00 1.159740134208627094e+00
1.726530442968509105e+00 6.028983878225465665e-01 1.385333174111180288e+00 1.565288406561604395e+00
5.986805098354028853e-01 2.816493199196988151e+00 8.946927793196173262e-01 7.767706298078829175e-01
6.886607872130273700e-01 2.437345468280993632e+00 1.745830673885666817e+00 2.600326804981648365e+00
2.800153150356373910e+00 2.680407844174391485e+00 8.793435088805551247e-01 2.188880825692628984e-01
1.567741311060578457e+00 1.574179439994307872e+00 4.536615313915070419e-02 7.968788286929527898e-01
1.378921728462997542e+00 2.542538162032721427e+00 2.959862216009312430e+00 6.666822046658416046e-01
1.111037900971493020e+00 1.489421173506253471e+00 2.670045294026549776e+00 8.849714718556295212e-01
2.136231600661715913e+00 1.972482779474747039e+00 1.698097160480499301e+00 2.764465558737696949e+00
9.211660444841551776e-01 1.779566710433192034e+00 1.885735768662716971e+00 7.171953874639350746e-01
2.262361970979219206e-01 1.056351614792158999e+00 1.392972032055153742e+00 1.569509439345029955e+00
6.167412312819043896e-01 6.512838528464230947e-01 2.922182587474059456e+00 1.035550222960074651e-01
1.265379495923084407e+00 2.503430721879371657e-01 2.286050759035544166e-01 2.444047572404151047e+00
2.250011666713577885e+00 5.515450755765235469e-01 3.199862810856387019e-01 3.297833126099302681e-01
6.177925719732382248e-01 2.768301456314942399e+00 1.634418167546088263e+00 2.972234657418534098e+00
1.157192630437974268e+00 2.655166944448442479e+00 1.216948319889021413e+00 1.244842720243823697e+00
1.672812622117569870e+00 2.018535960573686339e+00 2.740409488887938227e+00 8.404075728996107664e-01
2.802476247039856982e+00 1.007601815100755749e+00 2.465667915332308890e+00 1.785028524948752304e+00
1.544258935525377741e+00 7.294345309994653137e-01 9.193626507479656373e-01 1.441062619962348856e+00
1.000899816421675581e+00 1.767847688595628908e+00 1.278538991269806635e+00 5.789834623370367916e-01
3.967061479844230520e-01 5.761407699703566809e-01 2.980034972896391743e+00 9.389591606366415322e-01
1.680069113849382179e+00 1.156434870578869178e+00 3.071679075608118481e+00 2.568831941051905154e+00
9.144065882496305031e-01 2.220451012457735462e+00 5.425569216090575519e-01 7.275826817217090348e-01
5.651542114366119307e-01 1.644157353156610712e+00 2.177681648154333072e+00 2.602108518274410809e-01
1.612579179501688831e+00 2.892667785432415872e+00 1.712395776282780169e+00 2.652733585587729426e+00
1.329093374309752829e+00 2.370654349185741694e+00 6.808557111326252187e-01 1.372854279615587814e+00
2.784816820484405042e+00 1.042546712852197244e+00 3.076221715501082699e+00 7.533856415476998247e-01
1.267013115116780275e+00 1.469618172546452772e+00 2.369442544580507182e+00 9.176943134213534359e-01
2.448321854779724305e+00 2.374802501045291780e+00 4.392491340715706793e-01 3.102414886590105780e+00
3.719979507893092507e-01 2.018144958435811542e+00 1.915329150733348973e+00 1.318486694101296264e+00
4.035889877618015764e-01 6.986489319124450370e-02 2.319565693098713410e+00 7.779813214023278967e-01
2.894599255804947702e-01 1.185686087698398561e+00 2.332724621934540110e+00 2.429811244722280605e+00
4.522259036971217339e-01 7.104532443520955587e-01 2.020806407344227118e+00 1.852698302495557892e+00
1.329463192586435527e+00 8.686270268259167482e-01 2.539193838920556612e+00 6.292135152122707575e-01
9.525560205838176087e-01 1.520073576197024545e+00 6.491881631375017170e-01 7.749952664095633992e-01
6.009210117721167643e-01 1.540961991881123039e+00 2.981125492659614906e+00 1.156255939242811559e+00
2.716582979180938828e+00 9.628325452468723400e-01 2.769970926782491016e+00 2.364656587435150392e+00
6.233521434548473517e-01 2.326719340022960214e+00 3.006959274072028010e-01 3.671189156562797151e-02
9.503410555465235943e-01 1.030650259763532972e+00 2.731374685035457439e+00 8.699566457218349536e-01
2.661051133881976671e+00 1.098125829634869488e+00 2.748602584312118680e+00 9.994898567340056994e-01
2.680083126904387214e+00 6.164028850181358932e-01 9.269359757469106675e-01 1.008197266069376763e+00
8.149666848148964804e-02 9.316882216390527383e-01 1.762200077123668773e+00 1.679593559590747853e+00
2.517546172129952797e+00 1.446942441243574518e+00 7.959204115140436908e-01 4.769775455623900262e-01
2.488571411214286488e+00 2.705194178374057401e+00 2.438060003760051053e+00 1.565234977471742894e+00
1.805257750417438301e+00 2.182896844539709669e+00 1.079825772184318300e+00 2.898198512503328494e+00
1.367709169647560064e+00 2.098006798979295873e+00 1.165694456365218512e+00 4.276221413761801537e-01
1.971669720918900692e+00 1.811088227243906390e+00 3.470682870951238286e-01 1.898444293470549882e+00
8.670742671598999918e-01 1.132441691254114868e+00 2.652881322949646403e+00 6.685942287637465509e-02
4.823889440087937297e-01 2.626052713943415107e+00 1.305419373173534847e+00 2.630286418901679024e+00
1.910884421165394143e+00 1.625472280353703614e+00 1.390859685737068085e+00 2.226308899853358891e+00
2.857373738099600491e+00 3.863427774073841525e-01 1.395458672753710383e+00 2.387772919343579048e+00
2.932439073878041924e+00 2.847763078003144877e-01 1.061797702151580536e+00 2.239392934678263281e+00
2.409536461434162113e+00 1.541819585565831874e+00 2.699346538510354332e+00 2.527564623746197281e+00
7.374115222818262705e-01 2.198594881081145758e+00 3.648489887286083810e-01 6.537341482421034078e-01
8.978540544450832606e-01 1.290766420538796699e-01 9.341848100400614863e-01 1.242654904719486586e+00
2.749064783280801283e+00 3.009476783841073200e+00 2.653294417410453132e+00 1.316057537541970301e+00
4.718787610519676878e-01 2.541325590859447647e+00 2.707469503852137027e+00 8.039779510855282751e-01
1.704264395683501299e+00 5.049363052318351502e-02 3.080936478530060363e+00 9.006364640118561526e-01
8.978978221536402238e-01 2.380284306937129113e+00 8.891064843506457649e-01 2.690199380795837314e+00
2.460804553991009946e+00 6.533242726504933096e-01 1.779507910006178362e-01 2.607785977798053323e-01
2.682064337881546745e+00 4.248571908027978794e-01 9.417990805379778951e-01 7.700135206279935529e-01
2.245287000449267989e+00 3.102619747463454924e+00 2.916780606211742732e+00 1.389875692548298680e+00
9.723233230958456819e-01 1.232292179942170440e+00 1.086111611006909339e+00 2.809383752036377357e-01
1.152581333788755602e+00 3.247450724322082372e-01 7.147115645314287002e-01 6.517482074319412844e-01
3.043429547673242919e+00 2.660456064347589411e+00 1.453010936351128546e+00 2.881716061571958587e+00
9.714531788347985364e-01 2.365642350206539624e-01 2.980047335108741091e+00 2.939858297832790290e-01
1.194907656906825377e-01 2.672224585011967690e+00 3.298958894443000667e-02 3.061738837077466968e+00
1.907345157427839277e+00 2.903195755867021610e+00 1.777701266736354091e+00 2.628429902967569509e-01
2.468413704278010989e+00 2.592198285923100087e+00 1.130160382305105182e+00 8.169907221448640122e-01
2.979828701461446627e+00 2.215451995576318112e+00 1.335171904458888559e+00 1.104789483178791221e+00
1.550088020081126228e+00 1.278093852424439403e+00 2.765936239429730215e+00 9.701294355945664361e-01
5.517787057347955937e-01 2.465959347116020606e+00 2.658663560215792643e+00 2.089225010614075728e+00
5.711902666429663489e-01 2.908228169932702389e+00 3.118525953898622305e+00 2.592820055860737938e+00
1.263706105237153654e+00 2.044064523930632760e+00 2.821418545099035668e+00 2.904063060029315135e+00
1.755127228723611488e+00 3.138173588549365345e+00 1.679871270796572613e+00 1.135356361455463148e+00
2.092217714533279871e+00 4.156316662719379829e-01 1.563740786019202078e+00 1.402262127404407366e+00
1.047100750250464118e+00 1.058927584516767162e+00 2.739708603276440169e+00 7.270244249972326323e-01
9.131605207440408600e-01 8.909272332280704365e-01 2.001073098535289585e+00 3.137706755468543385e+00
2.571814172512818963e+00 2.865840483723233856e+00 2.216793927427926469e+00 3.010924447408461546e+00
1.646892785108147406e+00 1.805115289953497015e+00 8.881618433918602173e-01 2.920769930326392760e+00
2.392740120008636229e+00 9.616042525538667229e-01 1.717215938098009431e+00 2.011816595140759834e+00
5.437472412295579760e-01 4.007533688072023592e-01 1.090973891656912942e+00 1.043110178671598165e+00
2.134070095134697809e+00 2.399683306530838056e+00 2.631929292509573859e+00 2.623506202669615206e+00
1.405840063416785135e+00 1.089931769602144662e+00 4.680594813776248198e-01 2.956814493091248330e+00
2.572429069389105205e+00 1.430817775411686643e+00 3.539786781024901741e-01 2.836804452731140902e+00
1.801750958547234438e+00 3.002021165941082259e+00 2.553255385764694019e+00 6.068697382123210832e-02
1.079349026375373555e+00 1.896079615012704389e+00 1.494482015929332386e+00 1.190954641883129161e+00
1.735020109365507768e+00 7.916953472653266433e-01 1.956277692903880094e+00 1.901314557798376104e+00
1.276285881493015584e+00 7.990650489796385925e-01 1.541334088336903940e-01 3.111853036683511764e+00
5.171411180710201033e-03 2.897671025388849131e+00 2.398566469666400802e-01 4.797857608686122988e-01
1.832378122256681285e+00 6.741091303294861614e-01 2.348418402997360044e+00 1.529779050147763497e+00
2.283388642101803701e+00 9.997313752555506694e-01 5.624230267171959063e-01 2.403030895221914154e+00
2.483932217984744284e+00 1.437775833435682715e+00 1.435389723150983121e+00 1.849250876159778567e+00
3.027881167599774770e+00 2.760913103489146980e+00 1.860124626888103982e+00 9.825928247760539191e-01
2.494510123773646892e+00 2.462706684802864920e+00 1.187307013473658523e+00 2.640293755812815668e+00
7.529412396480532621e-01 2.946654496319472738e+00 2.451587643141453388e+00 2.105083178816369305e+00
3.601591499930384965e-01 1.806743887190994879e+00 1.323245097771579060e+00 1.199023955668611530e+00
7.428510817783123832e-01 2.609496116888966544e+00 1.639094249916153156e+00 2.669944037869645292e+00
2.916673427510168892e+00 2.119549997132773811e+00 3.014316635539153744e+00 2.364176593833403839e+00
7.186469033109030846e-01 2.786808733340725208e+00 1.319996250208670840e+00 1.170616266309695286e+00
1.185035305759993385e+00 1.609642420564910914e+00 1.956651603034569975e+00 2.998697954148179079e+00
5.381329321166578028e-01 4.925000852264637685e-01 1.711064201122159734e+00 3.281123941903085761e-01
7.082835327065597486e-01 9.786549404364779381e-01 5.799575866850953387e-01 1.891543751434330511e+00
2.978031795211011357e+00 2.978456328070045345e+00 1.640549332376208813e+00 2.380623681964657568e+00
2.790505238545890165e+00 1.615997740155050710e+00 1.054219790083765318e+00 1.577146706139848920e-01
3.161249239522185839e-01 3.740887051035493571e-01 2.406510970772002711e+00 6.899408550899920334e-01
9.075823100829163437e-01 1.621602520542310799e+00 8.499826562635800498e-01 2.236532170857858937e+00
2.135166514169042795e+00 1.890609503722681939e-01 1.101400992573134729e+00 1.407373598020999594e+00
1.140143360826214591e+00 7.511481403861912653e-01 2.526985035605353147e+00 2.045873822597695568e+00
7.876664003536366643e-01 1.285622085991788621e+00 2.951430201722137436e+00 1.589824458720307865e+00
2.442470447663253608e-01 8.480532560666348418e-01 8.021422428515777581e-01 2.198728221991766707e-01
1.004759540057414746e+00 1.192516156660924587e+00 3.018509013492061133e+00 2.356763746115182467e+00
2.009053931411661331e+00 2.910085302601009172e+00 4.126771750838221231e-01 1.305176962297628362e+00
7.471309344434372557e-01 2.709744728301598737e+00 2.940859803668696149e+00 3.128872884490631279e+00
2.871235724625789576e+00 1.097614746766826244e+00 2.663262497939293816e+00 2.283271479351435485e+00
1.420021042292786806e+00 2.035573585315211265e+00 1.862239644061131072e+00 1.250032641318627347e+00
3.370567603361261655e-02 1.951203814023491079e+00 3.071029749942349341e+00 8.494462896491707937e-01
1.968167931249446889e+00 2.331067418117901635e+00 2.077634594448250382e+00 1.093040439785029072e+00
7.565364313620225323e-01 1.432143782594235359e+00 2.965880567057158412e+00 2.286127654118293329e+00
3.277388526546878289e-01 1.010024294846834980e+00 2.867547932950749612e+00 2.284473538409534488e+00
1.367067419635283887e+00 1.586548707530742730e-01 3.041955731657204787e+00 1.369209846610199621e+00
1.223220937883909176e+00 5.791210113791749325e-01 4.233122570729541678e-01 1.962092695540615717e+00
1.286666676404303544e+00 2.909736040619535391e+00 1.678577457492285707e-01 1.743159721973851273e+00
1.211073192479386273e+00 9.793747977377427194e-01 5.090299065128494060e-01 2.426237448713119693e-01
1.912122673088293645e+00 5.228321195764485951e-01 2.863572091675195441e+00 1.950194823571810732e+00
2.041783883491866014e+00 3.677829646735847891e-01 2.805022983565888417e+00 2.678258140712906687e+00
1.901702642402602894e+00 2.793428320539580456e-01 1.829749380000590175e+00 4.631436658967879594e-01
7.950526837686627823e-01 1.710889567646439291e+00 2.522164959279560303e+00 1.864417293690353139e+00
2.050406993989690285e+00 3.324457812355094966e-01 2.193328725202961405e+00 6.960336437492671280e-01
1.926988687475851059e+00 6.763351019529645347e-01 2.801203502609375118e+00 2.243975472013115091e+00
6.521696713493911890e-01 2.643694595986912255e+00 6.943289198835905784e-01 2.039362944541482481e+00
1.443934393326022914e+00 2.884498773479087674e+00 1.493106216909330985e+00 1.481833894535427021e+00
1.990670447467704163e+00 1.647130134237312707e-02 2.703412781378104590e+00 2.110136327324949601e+00
4.067691433686480562e-01 8.658011983457920557e-01 1.404214568615001602e+00 2.154387767932580466e+00
2.818728361689528672e+00 2.104917115036962993e+00 1.929638579926898911e-01 2.063017546003004909e+00
1.871774408643407384e-01 2.789195630874635956e+00 9.851800628383016178e-01 2.240760213662377875e+00
2.188898383154014748e+00 3.057787748647631698e+00 1.027819959549956197e+00 3.014638363011121314e+00
9.932767721444394349e-01 2.331536395174866882e+00 2.487384844616330692e+00 2.900750506302892440e+00
1.136844009368637304e-01 2.543643611380598912e+00 1.584790731565260735e+00 4.400319485547388720e-01
2.014607206138618434e+00 4.558953075160940283e-01 1.912149609376839476e-01 2.168409447944069091e-01
2.554837208223293299e+00 1.485872573793513229e+00 3.132744211271508483e+00 1.317626669156741537e+00
7.681005511078584647e-01 6.398417866676245902e-01 2.842333160708653494e+00 6.186678052683862727e-01
2.253639888035634087e+00 1.790901594647030359e+00 5.134710153987140924e-01 5.283632833164734199e-01
1.796679171442994161e+00 2.341155166188019443e+00 1.056981709799370117e+00 1.851004817431108673e+00
1.538954369326197558e+00 1.207757221177807150e+00 1.155751090162743022e+00 1.233076193349306737e-01
5.697543574838700442e-01 2.258610557362079163e+00 2.277741473882199053e+00 2.995060827685017912e+00
2.865918103413439333e+00 8.461825027098077712e-01 1.627851580825512956e+00 2.237529592594798139e-02
2.840307627937803669e+00 5.761199193115479344e-01 7.446372264366001303e-01 1.762444598983040178e+00
2.043888377739042361e-01 8.585136245706411762e-01 2.301555125045837258e+00 1.333071614700937380e+00
2.966223955087520792e-01 1.858507985601509427e+00 2.331740281255075153e+00 1.903353772895837182e-01
3.131583330160538470e+00 6.588009867389685859e-01 1.991617656624121047e+00 7.529314796067110294e-01
2.457723499154893076e+00 2.160783044308749901e+00 3.631670474479300470e-01 6.394963483822233563e-01
1.143609179987285840e+00 6.310452173436066348e-01 1.356482870208296276e+00 2.637344461210571755e-01
1.081917416492104600e+00 9.059976139934207140e-01 1.178190900660263329e+00 9.162993755106919602e-01
7.917465119083927361e-01 3.066021765499371110e+00 1.662680457184372740e+00 2.284402947668664474e+00
2.513797019329065296e+00 2.613159772904102507e+00 4.831161130816302718e-01 2.383180226073164931e+00
1.257978792808127189e+00 6.320061462144617448e-02 2.328732945665090703e+00 2.953990222787928221e+00
1.201066090448403012e-01 1.231216279697911808e+00 6.817648314745807792e-01 1.152837493270052749e-01
1.321476916094410425e+00 1.060195036435260141e+00 2.063757710498476783e+00 2.870264119955401316e+00
3.114028093794847241e+00 1.379930892828274303e+00 2.236654608926084808e+00 1.915576903528969588e+00
6.628720655114602733e-01 2.331944577564834642e+00 2.294498006498646714e-01 1.266236114925447798e-01
1.013280574883088266e-02 4.075994641197237117e-02 1.547007350938507664e-01 2.732837118548277822e+00
2.530873193080612094e+00 1.171672317752972203e+00 2.525693752111275003e+00 2.591830159683436996e+00
3.091016165029173202e+00 2.149724465285629105e+00 1.634048567970900034e+00 9.373507234303295466e-01
1.048254487812557562e-01 2.560415265900887749e-01 1.856499494565198249e+00 1.170219438718014038e+00
8.254934044821701233e-01 1.800070646187903023e+00 2.893738077571684109e+00 4.002519538553487854e-01
1.948487566399569326e-01 2.155419133424187450e+00 1.411655234120237079e+00 1.038716754031835388e+00
1.825256034474648015e+00 1.330393160952108467e+00 1.179969437609799110e+00 1.384870919627831487e+00
2.259349584824969170e+00 7.844551349531950768e-01 1.379862326195816280e+00 1.497405891218329677e+00
1.056206626354269318e+00 1.908032326326742911e+00 6.103572470398429539e-01 6.912404408205347073e-01
1.111306745964549370e+00 1.656658586383050080e+00 1.158872967992325309e+00 2.032294333919622442e+00
2.487302971496112569e+00 2.965190290716921862e+00 1.905222351045187112e+00 6.082056107143911650e-01
2.851676658934602315e+00 1.357142084287593420e+00 2.291120230933873236e-01 1.457712774521284560e+00
3.091676351244750709e+00 1.472088516760258425e+00 2.216152736763634667e+00 3.332600999684851573e-01
1.337087676853642382e+00 2.548435641104295879e+00 9.646569671797468049e-01 8.830317885055694038e-01
1.912608584683989088e-01 2.818523720190869497e+00 2.034008046531297631e-01 2.407761700105013336e+00
2.303890929579628821e+00 2.862555671298927518e+00 2.512770631606120464e+00 1.070379402380549738e+00
1.736942520558743264e-01 2.018199095230094997e+00 8.202755642245519452e-01 2.727046474888146665e+00
2.953713414663652781e+00 2.392913674558809212e-01 2.230640260155446253e+00 7.295558520496017163e-01
2.319761415450517283e+00 6.602899503952284199e-01 2.637717592553841417e+00 9.420167295871828550e-01
2.465999205983131048e+00 1.972988312386683152e+00 1.191831791516165806e-01 3.030267829557002024e+00
2.972114998786696827e+00 1.527007016949271767e+00 5.624733045499173967e-01 9.614536061651761667e-01
1.508315193885321648e+00 1.985393649684862538e+00 2.675376163976309063e-01 2.856920251744740735e+00
5.464895926940296356e-01 1.360028542770743254e+00 2.282574738708500028e+00 1.418392594810010232e+00
8.185767383561490806e-01 5.390675171090116014e-02 1.119224413043112154e+00 7.271147700617039966e-01
1.512617684676520247e+00 4.243289541576350521e-01 2.750750362023043571e+00 2.409837657015172940e+00
