9.332139190248147642e-01 2.020537142004604547e+00 1.670486568257327997e+00 1.689854803471782629e+00
2.209747776627972282e+00 1.853360063329518415e+00 2.620149776684239207e+00 2.036943705088686940e+00
3.347961006039214538e-01 2.560135035810115589e+00 2.967728837784160856e+00 2.299267211286727619e+00
1.282907329942049174e-02 2.760666982650350487e+00 8.074213653338521146e-01 1.609304287709188097e+00
3.711778857432635470e-01 2.549245083237272169e+00 3.113657914009844707e-01 1.913155588705819365e+00
2.052440085983902929e+00 8.105113313452342316e-01 1.079728138304096419e+00 1.414454198321609013e+00
1.599263514726170676e+00 2.755109808740432875e+00 4.477207702603679951e-01 1.138335417326404420e+00
8.587633788786399602e-01 2.100180182791972605e+00 2.108214719687884653e+00 2.888992670394667783e-01
2.889041726164906621e+00 3.402028463116008039e-02 1.494417046538595750e+00 2.658785343785793565e+00
2.646569914469063978e+00 1.054691670504227741e+00 1.558457146816916827e+00 2.358675607260189100e+00
2.025392859070868745e+00 1.886750618389312351e+00 2.714870372859404135e+00 3.122665458301852492e+00
5.471024596803586437e-01 2.432421009539750045e+00 1.180489156752196678e+00 3.065335935202388562e+00
1.065522556901398188e+00 2.018403555800774907e+00 1.599173456359277212e+00 3.031339157324560940e+00
1.726177953542186838e+00 1.616703380158420966e+00 1.381878978066945818e+00 2.821978981504894346e+00
1.886259013147783437e+00 1.951859104840438786e+00 1.915267977436644564e+00 2.284308136019615798e+00
1.736719891745411304e-01 1.506707718082284542e+00 2.818789243878427442e+00 1.019171234509658408e+00
9.940606715828994577e-01 2.084318080915050331e+00 2.317713382524456467e+00 2.808093846090340406e+00
2.193911811212764018e+00 1.088558274571851836e+00 1.923636395057476411e+00 9.172054997687794087e-01
2.490558630470492307e+00 1.274858340646706667e+00 9.665455780499065952e-01 6.605946239635263062e-01
1.697975195247057201e+00 1.714693847491933987e+00 1.201289708759249564e+00 1.048421613562779520e+00
2.834224431052994042e+00 3.095778191118178313e+00 2.229457177995299855e+00 2.790049545645666984e-01
2.329259754865246723e+00 9.587678129940582217e-01 2.924392146418882454e+00 9.670293635848642433e-01
3.327298415424824740e-01 8.521042705052871424e-01 1.117282480467323147e+00 2.536212254359280660e+00
1.022706688255461849e+00 1.485663962068299648e+00 3.332407330792496181e-01 2.085817307903545803e+00
2.285551099144298881e+00 2.052336319916834295e+00 1.389408606540005975e+00 1.142801733202807091e+00
1.412932112048097100e+00 7.779742343101100355e-01 6.472700376781266585e-02 1.622663681221425680e+00
1.187999719932443243e+00 1.550931709355555910e+00 2.609730896004481160e+00 6.915703260370883454e-01
4.776596314839273161e-01 2.497936874062245849e+00 1.472869410477992913e+00 7.792470349772341320e-01
1.548809621003160997e+00 2.554336863148362280e+00 1.478173276927929658e+00 2.030086349820775293e+00
1.844445003698540031e+00 3.973558778695551186e-01 4.317051866786956321e-02 4.704082035826662733e-01
8.513787982748611816e-01 1.344667926606486930e+00 2.686757277204966154e+00 2.599200359138925887e+00
2.455808684991221735e+00 1.654385316491222557e+00 8.196186527697910673e-01 2.376163657065030854e+00
2.640199810421117288e+00 1.753120574218516747e+00 2.166430691125431185e+00 1.599845585609192655e+00
2.096695756877272832e+00 9.207541223314481549e-01 2.581266580653219567e+00 2.648592415165858416e+00
9.118377925309962828e-01 1.387477113228399617e+00 6.356197248190108562e-01 1.560975854635895832e+00
8.872347239307237787e-02 8.456057115369317728e-03 2.589948311831921757e+00 2.175354492170145537e+00
5.104009160840152770e-01 8.895380278912434768e-01 1.832384864067053032e+00 2.390697216878233888e+00
2.417368643890291047e+00 2.798149288001100299e+00 1.967065211688133752e+00 1.028195994071913200e+00
1.358522092745654053e+00 1.725919409653995817e+00 1.929166095551685167e+00 7.433044329601844469e-01
6.579725099303667113e-01 2.892494664449051012e+00 1.621214244975403007e-01 1.320814350976427853e+00
1.053806578089161450e+00 4.132818116736508562e-01 1.234968750373344366e-02 1.436792140607539237e+00
2.052042253897316648e+00 9.671074851447423182e-01 2.750006471642259420e+00 2.030968575477070104e+00
2.917094653701930440e+00 1.376994893761237293e+00 2.067951538519611887e+00 6.274175003649157256e-01
4.819820318757125910e-01 1.654338405587474581e+00 1.978316581496728066e+00 1.438861099806255872e+00
1.408369729551699034e+00 1.699850254740534083e+00 2.132332444261343107e-01 8.232518698708316540e-01
1.177443861371833683e-01 1.320090110552027685e-01 3.316625766278132326e-01 1.732919210410412525e+00
1.576951189920821284e+00 6.256468340799534733e-01 9.762481914450266141e-01 3.791888606890588820e-01
2.208874030222270357e-01 2.893752509347336410e+00 1.203590232422449890e+00 2.989733499878949985e+00
1.749662734641380224e+00 2.367616850658843808e-01 1.125514025467827806e-01 3.080271155969871000e+00
9.204093280750446082e-01 3.094657615094019043e+00 2.522076258236154001e+00 1.427233771982764576e+00
2.694004202423474048e+00 2.498297676162543723e+00 1.147319293785256766e+00 2.459579833283784378e+00
6.303543092918547641e-01 1.816223484408309718e-01 1.588946072467027237e+00 1.962249754495822840e+00
2.353269309776565343e+00 1.868822571743133265e+00 1.693523958329052892e+00 1.466205928323620844e+00
7.392616467207638875e-01 1.782377292493724896e+00 2.705844357104187914e+00 1.334175415535854503e+00
1.984435555583211885e-01 2.921101443575045309e+00 1.967896720341747230e+00 2.657190990304776346e+00
1.491282661784155472e+00 2.977940294815575317e+00 1.264692116446471504e+00 1.256679876066215229e+00
1.241590068919216083e+00 2.545811760885885899e+00 1.658847693201903839e+00 1.086733936446885984e+00
7.836479226269821297e-01 1.512565923652990918e+00 1.372137740478591716e+00 1.133411796364929724e+00
3.318536641795015174e-01 5.273119810574523614e-01 1.954658664571075621e-01 1.232394422578335202e+00
7.299825885860831143e-01 1.925437801474275235e+00 1.368075907997771790e+00 1.801312306803773300e+00
1.570169654991681929e+00 2.218897285038376133e+00 5.988200542359298773e-01 4.838571113576940752e-02
4.466104370870401796e-01 1.181742949819506672e+00 2.741760952000633633e+00 1.699755520528921870e+00
1.705641540758815022e+00 2.558324994596855806e+00 1.864026791625825963e+00 2.766875370628415709e+00
6.293889967368402338e-01 2.535343486189264972e+00 2.037649644064851273e+00 2.682891351736186980e+00
2.141325521650291108e+00 2.338004691723595485e+00 3.948343365396161375e-01 2.159793452891785481e+00
4.665516822273668707e-01 2.594948289377698725e+00 5.294050950702121616e-01 1.183483269969378693e+00
3.042724917107406224e+00 4.710368072285077701e-01 8.616643916369620682e-01 2.166218193288408589e+00
2.344296617271569794e+00 1.515721111364561668e+00 2.008002151398016466e-01 2.145254084320585619e+00
1.378059314460786444e+00 2.616628287996560331e+00 2.629728259955178338e+00 2.537110502996390071e+00
1.399845593325331206e-01 7.342005142545534602e-01 2.397688553488307672e+00 1.196325643759174273e+00
1.081440823626493852e+00 2.748764801789385537e+00 1.652918323438529624e+00 9.746376945079607834e-01
1.055222886106638835e+00 6.012649069210775910e-01 8.709902682902850302e-01 2.882601066270098489e+00
1.727384888010359054e+00 9.430107834382311927e-02 1.912556076033061103e+00 7.712214653717185397e-01
1.225819749692556471e+00 7.722157383446118795e-01 1.374787432035995849e+00 3.061723558948261203e+00
2.799005074986167685e+00 1.992801917627809560e+00 2.284743104231573341e+00 2.152714316732458499e+00
6.328808065924049209e-02 1.556749215955526955e+00 1.776136510322152473e+00 8.620035167107338303e-01
1.807485832012650562e+00 3.104961289168050032e-01 2.776194708341485295e+00 1.411994820365475301e+00
1.031468172790284132e+00 2.895543250449076900e-01 2.633052876054300384e+00 1.208627525599590635e+00
9.878426935957375088e-01 2.930502914264024317e-01 1.142714796936358468e+00 1.926800279568962604e-01
1.722729471311297056e+00 3.100679135749975224e+00 3.115669630936090506e+00 3.320454869209494286e-01
3.084500585011989759e+00 3.064145351576260889e+00 1.150867082493445270e+00 9.194957831892415223e-01
3.108076319807875798e+00 2.802858470754068687e+00 2.717247808328347336e+00 1.498130886600623324e+00
1.776792864297582764e+00 2.267352341974053331e+00 5.484876624873601392e-01 9.619817241261120477e-01
1.676074785536843192e+00 2.497901761414000443e+00 1.349185410337806923e+00 1.995526459476031578e+00
8.593197190921514350e-01 3.572678265060160174e-01 2.111226717967869426e+00 2.280723746451739586e+00
2.812984508410073747e+00 2.265392130759581235e+00 2.884673436867239538e+00 1.743220797629848828e+00
1.630262386986494061e+00 1.251163964820338315e+00 8.961361556646668669e-01 2.992043521046736210e+00
7.552840278034274324e-02 2.306983811920809924e+00 2.597930558399519807e+00 1.317790493593177459e+00
2.328639630320541443e+00 2.165098442616863572e+00 1.310272459227292741e+00 2.589973534690042101e+00
6.024401986135132780e-01 2.688793368384638338e+00 2.913777214172516228e+00 3.131184488164341140e+00
1.914145327431770793e+00 1.595741675236122870e+00 1.261606701571114098e+00 2.035209115521930290e+00
5.250556473626064591e-01 7.498251821717953625e-02 3.372680302796011304e-02 2.672385409132331802e+00
2.037833562706874879e+00 2.513893580735259370e+00 1.964078526564998706e+00 7.126824498439514599e-01
2.780840103089677329e-01 1.931923242999553869e+00 1.425533867942547994e+00 6.257933077566820712e-01
8.703891922471601594e-01 3.196516890388341192e-01 1.345543010442473431e-01 1.550464949466499265e+00
1.690582600746481257e+00 2.546335373751539954e+00 3.081946146850035095e+00 7.680229423374460573e-01
1.597966583390041384e+00 6.026208289096807169e-01 7.277122564633002888e-01 6.314746495157880224e-02
1.843972239843643779e+00 2.941496797338701619e+00 1.782081167987036974e+00 8.155080433655124139e-01
1.880786054920903450e+00 2.713172267993075870e+00 2.536620150323264100e-02 1.916582195320603699e+00
2.122390597993760175e-01 5.899975507720645052e-02 2.436931254936291147e+00 2.538477609276534874e+00
2.038410242344913748e+00 1.506982906861081384e+00 5.909029562424720217e-01 1.555729500299723789e+00
1.536843024185337248e+00 2.334528683425572737e+00 2.918976215224499793e+00 2.993331855984505019e+00
1.105543619443799086e+00 2.536328011513656833e+00 7.895379822180965679e-01 2.993560437711158873e+00
5.689239056537803707e-01 2.695382826753404348e+00 5.793817489255440600e-01 1.743096738095371467e+00
4.009551441540101235e-01 3.057602624888190235e+00 1.698473903623194614e+00 2.202264673642503112e+00
2.134900261615938266e+00 2.427714619286283626e-01 2.809989216208510499e+00 1.735073581097576145e+00
2.885737379138347602e+00 1.651928811473713232e-01 9.749205330934153368e-02 1.452889095348947612e-01
1.059701743221867609e+00 1.752499016290413714e+00 1.177489760860362500e+00 7.699963959476990860e-02
5.711576579532719883e-02 4.246221085854922639e-01 1.466884815211080273e+00 2.173537401837401184e+00
3.127507675702235201e-01 1.242625864590506835e+00 9.818947267918019112e-03 1.866931881511979530e+00
1.270472861223740813e+00 9.897572427267349315e-01 1.089319230882401568e+00 3.296340620238066843e-01
2.128087132174014684e+00 6.476291020207131099e-02 1.758201275657285789e+00 2.699433928019428830e+00
2.353514870515713842e+00 1.402909020168340515e+00 8.968263746494120614e-02 2.052957640064322575e+00
1.967555516733239918e+00 2.902747114599421252e+00 2.003187992022267494e+00 2.843850290236844103e+00
2.146340719459281843e+00 2.603170551222775853e+00 8.956794900784857683e-02 2.113951212249276068e+00
1.044457702108512853e+00 3.134948128182780014e+00 1.397099006562815715e+00 2.545365125505197224e+00
1.095678474178641837e+00 2.393580454138816371e+00 3.030362708911179759e+00 1.204869770825514053e+00
1.351254422099715802e+00 2.662652343119937259e-01 2.954861571404474141e+00 7.765421656162979636e-01
2.193058074280074266e+00 1.119990077853723509e+00 1.012101619781558437e+00 1.356348731050188494e+00
1.687914830251059373e+00 2.791342364932811182e-02 2.167843302596665467e+00 3.033337290727693425e+00
7.094522379036946047e-01 2.113282369199166233e+00 6.056309099240095861e-01 1.452917314538046734e+00
2.639223488830395148e+00 9.364254548384174370e-01 6.575064738271901854e-01 3.038092892164041992e+00
1.281874609615759830e+00 2.891032050186675306e+00 2.866708782623842211e+00 1.705967152132048081e+00
6.380856764539512005e-01 1.610972896271327892e+00 2.888396830166124474e-01 2.307060278684159194e+00
1.205356755591532769e+00 2.517502055486621870e+00 2.281566826486130850e+00 1.466854795699476410e+00
2.747985992525322274e+00 8.831007895814927400e-01 2.929419525010851899e+00 2.573845521963910254e+00
6.247759341762415541e-01 7.407365495517960197e-01 2.742094299223711840e+00 9.991055677255828993e-01
8.435653755851908464e-01 2.025162809627794047e+00 6.863693968260091705e-01 4.913862431847931256e-01
7.517861355847014204e-01 2.741113786637385807e+00 8.457618327621343468e-01 2.089129875931116320e+00
2.506629434128733624e+00 2.311328310376989936e+00 6.838797902557450792e-01 2.915678716790818914e+00
1.326962412178818163e-01 1.138848810706444947e+00 5.620123704540321702e-02 6.483713827908840210e-01
1.470370311034151500e+00 1.590775296430245511e+00 1.368490784201660260e+00 3.070388604453704318e+00
1.805096647856581527e+00 3.105559879366982523e-01 2.897406296858915820e+00 3.082530473948003280e+00
4.631219503824557382e-01 2.845482717986506316e+00 1.086296476375744613e-01 8.804064186156128624e-01
1.783412220844637019e+00 5.084357943584870698e-01 1.563907238955167811e+00 1.899965152553315662e+00
2.612716193161343181e+00 6.840578777807776456e-01 3.082225529847433254e+00 2.556515397592438177e+00
9.001698134782872840e-01 8.666447056909224456e-01 2.923761655058702669e+00 1.480096028508020467e+00
6.501139750273254858e-02 2.643059783647338179e+00 3.103512089875216873e+00 1.382209769464360027e+00
2.796538582360778569e-01 1.867361148412241656e+00 1.412528733743133369e+00 2.338934122355427636e+00
7.667450937504708408e-01 6.105216097271356501e-01 2.675951993863525669e+00 1.798363708257443516e+00
3.112673540046716258e+00 2.059739966814381873e+00 2.490052864004892730e-01 1.802965026605502175e+00
1.431363157174907919e+00 1.887002666072160828e+00 7.450043727456759912e-01 1.941327188113970204e+00
1.838107225572146453e+00 3.002029856774661720e+00 1.901377224174476410e+00 5.360379314265103501e-01
5.749989022139047057e-01 1.634568437178488765e+00 1.313963394209107349e+00 2.832684861150191136e+00
6.730835076852178522e-01 2.233377806585383762e+00 1.469389119477589434e+00 2.340357274484316630e+00
2.653700922664451678e+00 2.410914024479038353e+00 1.208831214833110179e+00 2.565630464477034245e+00
2.672306997099797687e+00 5.047848082520157709e-01 3.161488046156818443e-01 1.872487509867047706e+00
1.862433500771058625e+00 2.818597894666174941e-01 3.062336012477030689e+00 9.365468130322023299e-01
9.637222100024104288e-01 1.452185846658622159e+00 9.485251644210963562e-01 4.575582331039132478e-01
1.337523868314316466e+00 3.053273431766275969e+00 5.132101988217804278e-01 2.782502283469883153e+00
1.874048936485283923e+00 8.228444882660937987e-01 2.890463985530175584e-01 2.419732596617797604e+00
1.357221401567466623e+00 1.752836262516499044e+00 1.346753292486883691e+00 1.925711680647857138e+00
4.741336264033270131e-01 5.320970097902534279e-01 8.256970791800155585e-01 1.677290250790111736e+00
4.688318749911720151e-01 2.930150537930730881e+00 2.080151389510886961e+00 2.098480762963102819e+00
5.037431498364470794e-01 2.453634688446636875e-02 3.435461217654804944e-01 2.310576046764577285e+00
1.464414149306122903e+00 1.544003098768652160e+00 8.773238913461616217e-01 4.680806655082236367e-01
2.914613736982744729e+00 2.452480107179143776e+00 2.575696243914705974e+00 1.042263956508844513e+00
7.578596159473218741e-01 1.407174166068118515e+00 1.962961435741989114e+00 1.932493343599497093e+00
2.566365465457555839e+00 2.515908736905078769e+00 8.539894055706992448e-01 2.227908316182653503e-01
8.287445145681562320e-01 2.941359932143754907e+00 1.515192490026869621e+00 8.200290143301557089e-02
2.264428897756112224e+00 2.252506409519342334e+00 9.188923286120805889e-01 1.848236088197454885e+00
7.159322333043684206e-02 2.981356679077305838e+00 2.275697218793431009e+00 2.461934783606412935e+00
3.061834404658578812e+00 2.253441351768973089e+00 4.443606368197782763e-01 2.544882459779472583e+00
2.772790082443057358e+00 1.014125773399812358e+00 4.981783859685042781e-01 1.699525780011561960e+00
2.468350407542912184e-01 2.876262771552364317e+00 1.949207958801101981e+00 2.584963077826078592e+00
6.276413688288660919e-02 1.894840892969144486e+00 1.278153164428405208e+00 4.659345526042779073e-01
2.352201988584043113e-01 6.487375732147231122e-02 1.434853419794321683e+00 8.963073438620000610e-01
1.731610344366943499e+00 5.720619170734744241e-01 3.565145299912693688e-01 1.170516867073617906e+00
1.977274065270650638e+00 3.487752196071924882e-01 2.572102032417449280e+00 1.370236481835555908e+00
1.588886606641525479e+00 1.503568698215088872e+00 2.444774503364002260e+00 4.640866633661379081e-01
2.118788414999914771e+00 1.080618110395473286e+00 9.292648734648227826e-01 3.057925705458407695e+00
2.359240031073975175e+00 1.108164216857311368e+00 1.452671255338434664e+00 1.728912262920941245e+00
9.347004791143733726e-01 1.583807915320085913e+00 2.241147233884050571e+00 1.100195536929055896e-02
1.646487390062719935e+00 7.755543495701651135e-01 2.988071522287895077e-01 2.343488966004311447e+00
3.494289435117847731e-01 1.213807510744255413e+00 7.901867254497526583e-01 1.692056101237017662e+00
1.875833697687655510e-01 2.369027303587903255e+00 2.132951304259534275e+00 1.196638566894115741e+00
6.240349662274852216e-01 1.126479225669453799e+00 1.854927603091106381e+00 2.506202617696915436e+00
1.646465078488661637e+00 1.549293020366437679e+00 2.384210348908996302e+00 3.121795805702528348e+00
2.161322187673369033e+00 1.614166408990971857e-01 2.687891149752752007e+00 9.740320667164231727e-01
3.102312291162811597e+00 1.272204477421430724e+00 1.309984111965339038e+00 2.005239774440458866e+00
1.059225112045863337e+00 1.868679849087807154e+00 1.982034570850022659e+00 1.297057234563013361e+00
2.951903305572070924e+00 2.969437360142623383e+00 2.608278965764447399e+00 2.792227897384066626e+00
1.643045830761275639e+00 1.434926754876594046e+00 7.636276880948673629e-01 2.942567192386459141e+00
8.335606809682476470e-01 1.888831544870720913e+00 9.825345023172163961e-01 1.790440598179583731e-01
1.831857105261059049e+00 2.118485436333447325e+00 1.813599844761699886e+00 1.768405725167832010e+00
3.026229246230805359e+00 2.026447890317951694e-01 2.564530881738122048e+00 3.051526242846473114e+00
2.879755650590383631e+00 2.423065769310087436e+00 2.394688389283138985e+00 2.167866019711121250e+00
8.448409471264115567e-01 2.196189724883311989e+00 1.518721925540353901e+00 1.141312784762622989e+00
1.990006101375135339e+00 1.861136030980900857e+00 1.153373342796681245e+00 1.468677074511547387e+00
1.171137928563676489e+00 5.072412525362109958e-01 2.652558270671741436e+00 8.398328235573646050e-02
2.793983944386042140e+00 1.124833624187009384e+00 9.568898951591073843e-01 1.068515466376328771e+00
6.124061458157641774e-02 2.448239536175371711e+00 1.370366726273726687e+00 2.702766491186672781e-02
2.503744635550426700e+00 2.756054554880284169e+00 2.585700171327054875e+00 2.615691319449466867e+00
8.861732430747540912e-01 5.980771908688715666e-01 2.857754006638548727e+00 1.642968069358693717e-01
3.122695409134299993e+00 2.980283328615567662e+00 1.237733179416748763e+00 1.365814824460197252e-01
8.039665995173338464e-01 2.065005152173343683e-01 1.907097270294861202e+00 2.280553539642021121e+00
4.742245346169096654e-01 2.114283175167915196e+00 1.029295948147880280e+00 2.767872532501926219e+00
1.246571108493028435e+00 2.725057176711285223e+00 7.425512480242721924e-01 1.703878756112507109e-01
3.076817976119997855e+00 2.173303171754529473e+00 2.494528671559255617e+00 2.149332706960672912e+00
7.677740863721026487e-01 2.494452047818328744e+00 2.729955549831098338e+00 4.458166010601724571e-01
1.092370499114758475e+00 1.752642528548973289e+00 3.030405338065641718e+00 9.918181429463123200e-01
2.426255986878406823e+00 2.715569259188214790e+00 2.649403055625418446e+00 1.915291130794200658e+00
9.228621838861558180e-01 1.765024814944871068e+00 1.497818143802514435e+00 2.369458550342743219e+00
1.358700025942592537e+00 2.717618417775835127e+00 4.290449871819738137e-01 3.064883506789600531e+00
7.002162475202179381e-01 2.553340206519517430e+00 1.122997936656285195e-01 7.362954117753887917e-02
2.477232795810952570e+00 1.766239269988590488e+00 2.172928757701830804e+00 1.147161646533567003e+00
2.756457827209509492e+00 3.491302733428121585e-01 2.196287862123396994e+00 9.831430947603124748e-01
1.680682735908604619e-01 1.459007911398467083e+00 1.907958939955535227e+00 3.092611932184101242e+00
1.662067344372526456e+00 1.714377624790022203e+00 1.860843490839370062e+00 4.600151715101764155e-02
1.693329827556240064e+00 2.845663368724212106e+00 2.234203899554740413e+00 3.299401964261541864e-01
5.530091814373456344e-02 1.451294693458410112e+00 1.806525201157288540e-01 1.352679134753884016e+00
2.207851206631651131e+00 6.451458435334651575e-01 7.731261575679826414e-01 1.779901837379082252e+00
2.793753046619376068e+00 4.494589615940201843e-03 1.647669433025112262e+00 1.466344794443675270e-01
9.491212536604193284e-01 2.242574276120911758e+00 9.852638021796336076e-01 3.412379602012395319e-01
5.975996032008432657e-01 1.550175348074037673e+00 2.722944596232521608e-01 9.802166284930950713e-02
2.534786234762873569e+00 2.387446468726066140e+00 7.632453366673267459e-01 2.753238803205296570e+00
1.946181468872278941e+00 2.514219205752733721e+00 2.008306938646019280e+00 2.357769994179530926e+00
2.632029962506926779e+00 3.472723225740121378e-01 5.708869621733846378e-01 2.875154555829253500e+00
2.719694582301837929e-02 2.619446189369697975e-02 2.497900688714483231e+00 7.056022364506923106e-01
7.224333013708005291e-01 3.096552600195929372e+00 2.927505577274771120e+00 9.644966845503296637e-01
2.345596246173444310e+00 1.624423465580891790e+00 3.072637334664853004e+00 1.626614680787596523e+00
2.965000618805749610e+00 2.072698548496520576e+00 1.355247018153350247e+00 2.732872937392256674e+00
2.646550226309003495e+00 3.137624424920177901e+00 2.263528879616707901e+00 8.524575323852765507e-01
5.915325748277130424e-01 5.953903934257870345e-01 1.365139574650787502e+00 4.770575364085067327e-01
1.831760636032497169e+00 2.125202651702894130e+00 1.121953394894460665e+00 2.114492232961401541e+00
6.511199212362083211e-01 1.092394925425690611e+00 2.990893331035333613e-01 2.865899664227311572e+00
6.562701973897848706e-01 7.261558802091510056e-01 2.459087165142999520e+00 1.582536569658600512e-01
6.030525450878828631e-01 2.475087765835958464e+00 1.146782580736004808e+00 1.508049683786402140e+00
1.220844689200413447e+00 1.902216529565962544e+00 9.897452625186824449e-01 1.906260699701957995e+00
1.111242325683804655e+00 2.024152062659995366e+00 2.505353434701771409e+00 2.403107523659166134e+00
1.129461547809258892e+00 3.951605613795071137e-01 8.213120897576310642e-02 6.512584554218840693e-02
7.124081218855754516e-01 1.073931878497898840e+00 1.645304384455188729e-02 7.427139752875755452e-01
2.035996251516924094e+00 2.193907456412728774e+00 5.461599946428974395e-01 7.671039098647404186e-01
2.265689672114869602e+00 6.336796657109564634e-01 1.215693236001151201e+00 2.507340812499018856e+00
3.741233524250871523e-01 1.217188718360501909e+00 5.847907849494198285e-01 1.668746617854357517e+00
1.006494585269118058e+00 2.944797344215561274e+00 1.764892853669294048e+00 2.699735216429295370e+00
1.816050346681277738e-01 2.093321592416235166e+00 1.736407739119795179e+00 1.793361511604493863e+00
2.016740689681506826e-01 1.968303072123409381e+00 3.018595719071724304e+00 5.627365309726050091e-01
2.492108294070324082e+00 2.464257341837168713e+00 1.938824314065533461e+00 2.574426548026785611e+00
1.691527528617968734e+00 7.826070109450273815e-01 1.737901793010506957e+00 2.284005449477661820e+00
3.007469219885059442e+00 9.188449764974090384e-01 2.236415124622304906e-01 2.948170382591488892e+00
2.625014390962601141e+00 1.833075164466067886e+00 1.254226717155123128e+00 9.893795902895703431e-01
4.556537982734120557e-02 3.517566224960780863e-01 1.227630158755704803e+00 1.868992251815212668e+00
3.081202354335425664e+00 4.716891493803634927e-01 1.567926837833858666e+00 2.469225711416345170e+00
2.014743659815874999e+00 1.317364267293305247e+00 1.146147959997492860e+00 2.162462220867035878e+00
1.009400277835094117e+00 7.093230397518738295e-01 9.975796819987063635e-02 5.737323201963765440e-01
2.902199562527027599e+00 1.498506677559540812e+00 2.135219846613717554e+00 2.537760447175851919e+00
2.560980930265436273e-01 1.848733491983088673e+00 6.952230856087451283e-01 1.113030017140678396e+00
2.841187107199541373e+00 4.456794130506393226e-02 7.499391551274948720e-01 2.514566054890384983e+00
2.464436359676977495e-01 7.871795223883940595e-01 2.435334064848590607e+00 2.600599086469007393e+00
1.701923784364646863e+00 2.554510873853486075e+00 6.945810124865738067e-02 1.504564442361264298e+00
1.302486162310306561e+00 5.332013966247832748e-01 1.980426908675799069e+00 2.116465869798033861e+00
8.250134963418758946e-03 9.356385378985886403e-01 5.177994273900395905e-01 1.224313997832140677e+00
1.536993339542447545e+00 8.767073072515291221e-01 2.320311407741856957e+00 1.464472487983693227e+00
2.644385835911435834e+00 2.237975917175039520e+00 1.344073419377592504e+00 1.051478134154116839e+00
2.695200207297785977e-01 7.397980486617868889e-01 2.212951225734911542e+00 1.519331312873474005e+00
2.475642359436092566e+00 1.702938356321310742e+00 9.909260359650910732e-02 1.839432891604759979e+00
2.470219659077713015e+00 9.367334813902522539e-01 2.489526080259834462e+00 2.406315650948743556e+00
1.576414793116290847e+00 1.559946714783754795e-01 1.094251607084366862e+00 1.904340862703469250e+00
2.472702611428152952e+00 8.407084337813337527e-01 1.786628518510880115e+00 2.190399081342164767e+00
2.189207585200460826e-01 1.829539064034380491e+00 3.061907983246794807e+00 1.568529638438554308e+00
1.004020721363320323e+00 9.838098993118100655e-01 8.251275083438065483e-01 1.001324688224644710e+00
2.508647659448287826e+00 2.315392692557644683e+00 1.918922799900749876e+00 2.715554935153103866e+00
3.031513211543502617e+00 1.251394955630716455e+00 2.135954786049911736e+00 2.600106224740338146e+00
2.876672201922218175e+00 5.144721220077073109e-01 1.385947966507084406e+00 1.686934325828687964e+00
2.388371750204215382e-01 2.971940387601150313e+00 2.328984575115823574e+00 1.656563777708687235e+00
4.050945784015732576e-01 7.006613106137420388e-01 1.365951682106999687e+00 3.057297080594866490e+00
8.151455798486221260e-01 1.760454686900728039e+00 2.224333947036334358e+00 3.089640009429499123e+00
1.184594596887629470e+00 2.953604727986746781e+00 2.486692161695808423e+00 2.479592877851964694e+00
1.425399041874406025e+00 3.131345090508834250e+00 2.785276584445600112e-01 2.921074416996456868e+00
2.937829189440634092e+00 2.627790452335805771e+00 1.414898644487820656e+00 2.176611538679661617e+00
1.755109056135283119e+00 1.206642876936146469e-01 1.639091169356456490e+00 2.460715013011200103e+00
2.960727930962375076e+00 3.210616219815902173e-01 2.315601390996546716e+00 1.281290499729719867e+00
4.380306823826453089e-01 2.626073793522526234e+00 7.493324254389298611e-01 1.283925769376848880e+00
1.838972067525530552e+00 6.408887829334470876e-01 6.195226082632829950e-02 5.709819828700188893e-01
2.772384534781381138e+00 1.869754574976212780e+00 1.848249302968917984e+00 2.686228785303819588e+00
8.571299935308847040e-01 1.807702451221981477e+00 2.198122105820730976e+00 2.709618384463176266e+00
6.419798911122294172e-01 3.727399637081577066e-01 1.446445951563917864e+00 2.456961617094401973e+00
1.916023241516505993e-01 1.200020170803152375e+00 1.553468819567664028e+00 2.524952574460054944e+00
1.820630644785858010e+00 9.323499067058175216e-01 1.583143462354649644e+00 2.439425583719604163e+00
6.643041477100678494e-01 1.590229543582505123e+00 1.679640158130368377e+00 1.025026415604172847e+00
2.265240998582740417e-01 1.951204014292979405e+00 7.938481091176371462e-01 2.080302221814105401e+00
1.609457685954283734e+00 1.451874165639366332e+00 2.304377637426456626e+00 2.240938622010127279e+00
2.368611885680520057e+00 2.550696650671937959e+00 1.807369625931099177e+00 1.694180285391884588e+00
5.029756755489821485e-01 2.172556254335971548e+00 2.017064804207596429e-01 2.968038428710151333e+00
1.131466802155212559e+00 2.529745010281213791e+00 1.245419438455125150e+00 9.782853212334248483e-02
1.293183301733031587e-01 1.445856796090171592e+00 1.991458077220259693e+00 3.092186404630929086e+00
1.721751803975425599e+00 1.456201249503086492e+00 2.101940909030562743e+00 9.346200203831060982e-01
1.052565971932577282e+00 1.858154395070133358e+00 2.886665744449253612e+00 6.877990208214718182e-02
2.653845943069870650e+00 1.928568598419769575e+00 2.899562347344798230e+00 3.023430972202635125e+00
3.044182913316924477e+00 1.349261653477133116e+00 2.542881075236198107e+00 6.064487812086344354e-01
2.730636738634143690e+00 3.125592852824382817e+00 2.760599534017221579e+00 2.340317990596610276e+00
5.718822163182075702e-01 1.752294079648022640e+00 1.481843261819996149e+00 2.501099090347048026e+00
2.962585181598841100e+00 2.535689579104059455e+00 1.644083003240146112e+00 2.903675125640531096e+00
3.590907736594887295e-02 2.937358483997736247e-01 2.801821609749358455e+00 2.441569353591447111e+00
1.603858871265641806e-01 2.825797750626467320e+00 1.329630041916306959e+00 2.304110583591173267e+00
7.116340654864590221e-01 5.998464960699508852e-01 2.780257485105268156e+00 2.937241880649232861e+00
2.513593519331756454e+00 2.919125600155053402e+00 7.670323257926263683e-01 9.322113456883170945e-01
8.939307479168684401e-01 2.421778684783888025e+00 7.520884301510036285e-02 4.726443191922911069e-01
1.488273591641293969e-01 1.580874368443239142e+00 3.103011373908780790e+00 2.225422304422153719e+00
1.039490406207182159e-03 4.041960860542956890e-01 3.422043575490889555e-01 6.340959154567474831e-01
7.081575118153048409e-01 1.150308279479155038e+00 1.687410967819483298e+00 2.092058295516293409e+00
4.727688787917220248e-01 1.332134323518217034e+00 2.634691832732687367e+00 4.005661920323750347e-01
1.201649165040413081e+00 2.934719929529565619e+00 2.508348767213842034e+00 1.749024456016690543e+00
2.899383305112392062e+00 3.334162861126676036e-01 2.258442365261141394e+00 2.876544323659481872e+00
6.021723541247826494e-01 2.728161849280603235e+00 5.970965862544385105e-01 1.511486621174811029e+00
1.438989590424051501e+00 1.942358911648961239e+00 5.209184586927596561e-01 1.381204251557059060e+00
2.078476317182764266e+00 2.225174044624724790e+00 2.440911026225364377e+00 3.010226497322950223e+00
1.414164903042912869e+00 1.981117407085387638e+00 8.563723105215702569e-01 3.024276571675065028e+00
2.945084654669274937e-01 1.896142592269651095e+00 1.844709405269233216e+00 1.520931376759948384e+00
2.698740221962129038e+00 2.297763777038315247e+00 1.388769419862390109e+00 9.692310626956404107e-01
1.379275598264770419e+00 1.483676963136718818e+00 1.893918371185512317e-01 2.219672482020550675e+00
2.166962503383928151e+00 4.196420712628238237e-01 8.801659524660677691e-01 3.407626404013520127e-01
1.598874978933849000e+00 2.282428390898730175e+00 2.073432959345608673e+00 2.642507635747842976e+00
2.252458210161062624e+00 2.915528105981123400e-02 1.116894630088451246e+00 2.292061908460367725e+00
1.037738636209762921e+00 1.916769912211390814e+00 4.855469485099652704e-01 2.118583647931604919e+00
4.325197258664512101e-01 1.989431716439643782e+00 3.035737908369289251e+00 2.125316522671327757e-01
1.789185791906417577e+00 2.904704156700324003e+00 8.270360304439744459e-01 1.849983799189870437e+00
1.809458529212061961e+00 1.629150348243505686e+00 2.944376816644891925e-01 1.449921700791396706e+00
5.833027692607130055e-01 1.215833984213707947e-01 1.860295368167265151e-01 2.055374484807646548e-02
2.273098302756126066e-01 2.272082914407498766e+00 5.886200943866618518e-01 2.555399344330332223e+00
1.007341193982171923e+00 5.192500485066170457e-01 1.395838103580613110e+00 3.873015338376544769e-01
3.101405873325469464e+00 2.335952294227954695e+00 2.817316634980347789e+00 8.104685718000391725e-01
2.417483262449925174e+00 1.590241470603701579e+00 2.101924395246416832e+00 1.249719254353705233e+00
1.317337799077346272e+00 9.260268495589045745e-01 2.968279750981125398e-01 9.642642814716836375e-01
2.145260151261270121e+00 3.519308591212440551e-01 7.362525331892594282e-01 3.036715135868859328e+00
2.137296151750935458e+00 1.819082393660647501e+00 6.741033826786525518e-01 2.070056519021299390e+00
1.448713663851701750e+00 1.690810165354467154e+00 1.445929344456047927e+00 2.580016903892461855e+00
1.069506068161765855e+00 2.475206408875255448e+00 4.997161560652531309e-02 5.500413176272725968e-01
2.920234400201831004e+00 2.197183938698115568e+00 6.002933012203578444e-01 3.080310836651035444e+00
2.277547170495681339e+00 4.904204954833058516e-01 8.699393255797805979e-01 1.954424961422597029e+00
2.582930375071111673e+00 1.626976046433563361e-01 1.938654125744966095e+00 1.980271951988269885e+00
1.218535430644935857e+00 6.297269494224431163e-01 2.363844210650045685e+00 6.611019587349381554e-01
1.569799883938960194e+00 3.013981617578473493e+00 2.533463766531173000e+00 1.667492297717904748e+00
2.654717725080973367e-01 1.510139554773880954e+00 1.305414234287051389e+00 1.511498621405044540e+00
1.345637242356359842e+00 1.281393577718856092e+00 5.089424373094980636e-01 8.430459481687873069e-01
1.365221670292833922e+00 2.539045700636772374e+00 7.124078347937532474e-01 1.792631644002910640e+00
1.351233135781402028e+00 2.993534606400575449e+00 1.693566996972960759e+00 8.782624968762227091e-01
4.075403481403105377e-01 2.707156305364768034e+00 1.375145609943174918e+00 1.549035577042285450e+00
1.620327210599929790e+00 9.270219807089976616e-01 1.528334409671859184e+00 1.159680738836141867e+00
1.914486679718155226e+00 1.318789597070208819e+00 2.121647426975445061e+00 1.677361245956424884e+00
3.023530264390609457e+00 2.763311095443483190e+00 2.704265090101658497e+00 2.742780096106872678e-01
1.750477468488254251e+00 6.775358804533013757e-01 1.377232654010612511e-01 1.631737797475095286e+00
2.275654717409371641e-01 2.835647201175834464e+00 5.257382956608237512e-01 5.088220910697138777e-01
3.538113244185949191e-01 2.540948486861031252e+00 1.871456149278509784e+00 1.321964754718285784e+00
1.832895421434883598e+00 1.025449898598349785e+00 2.284038769577674821e-01 1.635791291309449003e+00
1.675841311130354283e+00 3.050133372509406193e+00 1.354947034089360125e+00 1.443590367239418470e-01
3.909526904267258685e-01 2.797290161219555760e+00 1.627791128972618129e+00 4.107019520175984040e-01
1.701515112952277420e+00 2.434097796267245428e+00 9.535958371917443444e-01 2.122634577727476657e+00
1.842560048845235832e+00 9.055180691294832662e-02 3.980792915878170191e-01 1.846215754762666750e+00
1.512298075565195132e+00 2.770813317484418725e+00 2.581906602363563064e+00 2.673068783973052920e+00
3.127658022411256233e+00 1.198849107190950392e+00 2.419721847822112526e+00 3.003093068932734866e+00
2.335038989688001720e+00 3.932707387893859541e-01 8.209517113132477339e-01 2.942596693876540659e+00
1.941855693584636278e+00 1.862186555803994725e+00 1.883180695131096982e+00 7.451621163368500611e-02
5.253835413729025516e-01 1.336513599906079097e+00 7.866818359123465276e-01 7.469090068272345173e-02
2.257966009631799942e+00 2.504630724366768924e+00 2.952894903405962168e+00 8.545097412921963398e-02
1.791268045140744114e+00 5.018389787657463463e-01 8.092054690865051192e-02 2.896343798832898386e+00
1.548787960227633986e+00 2.556698983414064319e+00 3.102694300179694054e+00 2.639577413856362686e-01
2.240182166226215368e-03 4.208609439762187043e-01 1.549244687096008155e+00 2.067616603255569285e-01
2.072950021275141275e+00 2.873984901332974129e+00 1.543444712660301921e+00 5.821348398580064032e-01
3.007421595610820120e+00 1.278038618795709569e+00 1.065847891652456969e+00 1.559032038323737490e+00
1.931540745647864821e+00 1.932306636659316679e+00 1.186553589577091561e+00 2.473797782496902187e+00
2.134020999640644511e+00 6.466768042118471449e-01 1.386000168770371355e+00 1.043844256252487668e+00
2.844349810864749806e+00 1.718882718641559171e+00 2.278646272611053014e+00 2.218639282180893346e+00
7.213965599229660297e-01 1.247297576027390331e+00 1.248876481285298379e+00 2.168794753662886876e+00
1.571930591624436380e+00 1.956362447925460435e+00 3.071032510527410775e+00 4.241580027880160753e-01
1.082528929282670083e+00 1.370602277628936161e+00 1.907965186016265635e+00 1.212581909673329017e+00
6.690466309700179859e-02 3.518509831398191623e-01 2.034131793432359725e+00 1.004052713295808585e+00
6.421823717344787852e-01 4.913486954865058931e-01 5.623855615155581855e-01 1.811206477898026357e+00
2.863684208635401962e+00 1.819126971194275244e+00 2.777890619211490719e+00 2.374832500134793078e-01
2.199634225000303811e+00 1.880589600861977059e-02 7.124937693110104941e-01 2.869994198081059267e+00
2.303065457051803044e-01 6.346370184724124675e-02 1.803079871835951975e+00 3.094283215726950420e+00
2.948665395776717268e+00 2.971858499881870230e+00 1.427020148814893974e-01 1.686373314047815875e+00
2.246876372677819145e+00 9.662031294687005722e-01 1.132341574877230618e-02 2.606295600784376720e+00
1.525815877355237493e+00 1.272248200567970944e+00 3.004509943602812427e+00 2.557495162899824592e+00
4.176610380485165815e-03 1.513839416132299220e+00 3.709108020465096689e-01 5.652731777928113877e-01
1.118685692714065372e+00 3.307916276970709335e-01 2.430554138144407794e+00 3.546784565368353292e-01
1.912372104473602175e+00 3.223559961632753712e-01 1.472790746014992047e+00 9.759216867603511814e-01
1.208893444177378429e+00 2.504485832636640819e+00 6.179363243362022695e-01 1.342504361784796707e+00
2.630150929829831341e+00 2.164741860305238852e+00 2.809784890525877099e+00 6.070760876861917010e-01
1.541065863805436420e+00 2.892286486451447480e+00 4.728478793129504143e-01 2.963635294684493271e+00
1.801597840753420554e+00 3.557683044055897081e-01 2.992450984690414817e+00 3.007303381687694177e+00
2.089494002544569073e-01 1.408442337598315164e-01 1.441559558356867887e+00 2.016286079251088825e+00
2.098639911535393310e+00 7.586699499847172623e-01 5.652985654026286833e-01 3.106828482938131852e+00
2.382111554842185619e+00 1.212638401882089267e+00 1.461159074894119003e+00 1.278846150514358460e+00
1.852924060682838103e+00 2.609235431862456434e+00 7.934478739461858776e-01 1.836623305534539119e+00
1.858452872745313567e+00 2.711367007707603083e+00 1.990350240418515604e+00 2.879917318564128692e+00
8.415922141960423541e-01 1.644530268670924444e+00 2.148470046751492113e+00 2.901903920857366703e+00
3.612909260665210787e-01 2.928909932516769565e+00 1.253742787533065783e+00 1.530103416704214903e+00
2.020559485409844758e+00 9.779672561488329530e-01 1.373380593635853186e+00 1.156979738737869523e+00
1.955064566493751821e+00 1.353442878533476890e+00 6.018621830304532461e-01 1.869879552307564197e+00
2.323572383444142631e+00 1.780105212793464231e+00 3.605680611792713708e-01 1.499047696379146588e+00
1.178437255639277259e+00 3.098227880068523898e+00 2.463326495335672606e-01 2.532416806102819162e+00
1.878666923681659329e+00 2.725701440435090994e+00 1.224340821783953259e-01 9.971103992517009740e-01
7.177886837345510695e-01 1.907125999027480701e+00 1.380579859697234291e+00 7.411985698328453775e-01
1.925667421578090899e+00 1.245806993491860082e+00 2.127877181804936679e+00 7.830563058153751088e-01
2.567159633000132946e+00 1.232766324920490764e+00 6.250997474758059891e-01 7.183175724337425017e-01
1.451241287663673107e+00 9.181505865029747637e-01 1.924104531281910946e+00 1.015993468657578225e+00
1.106841719999215323e+00 1.561770291426281432e+00 1.424782167232186980e+00 1.125449914852406197e+00
8.909574336917922555e-01 1.849664571492074749e+00 2.112791469910527908e+00 2.201193163922081641e+00
1.985319966938074443e-01 1.145559850765367760e-01 1.152622721720145238e+00 2.550450832148875691e+00
2.798306403244408269e+00 5.012412735038931366e-01 3.673385099690339994e-01 2.074106988219819869e-01
1.365404563058377319e+00 3.885016579158845351e-02 7.376321400841177045e-01 4.263614442977405328e-01
1.409215446749334744e+00 1.054135135067676643e+00 6.593300287005660065e-01 2.529630130977821523e+00
2.444827190584836440e+00 3.676960692558327998e-02 2.086217525531258055e+00 2.275296511683448930e+00
3.046943228839533724e+00 2.547592929006836648e+00 1.982422157786851935e+00 2.716437633202571700e+00
2.686937402880008041e-01 1.876138996863355057e+00 2.252455736429940902e+00 2.479403726240801742e+00
3.939433772969812980e-02 1.066906201054059311e+00 2.123780895007957081e+00 7.576516928701986231e-01
1.448855751726950691e+00 9.682522098407050359e-01 1.198718368112843935e+00 2.319020930643495237e+00
4.792899158044525709e-01 3.610548846790400668e-01 2.610991840629898864e+00 1.849317528823466450e-01
2.521537700258998260e+00 2.527021857008867833e+00 1.416776317331934765e+00 1.625686488096566240e+00
3.088881301591576811e+00 1.094648519980148560e+00 1.635571038726418847e+00 2.284469897542830807e+00
7.854412953868952219e-01 5.556910865216654338e-01 7.778930792554501483e-01 1.285913340754034628e+00
5.917981596897859964e-01 7.750935716565607869e-01 1.803530234356739870e+00 1.615765512636387902e+00
2.262844750820591777e+00 2.581803760652063406e+00 1.283529460860542981e+00 2.170619956278965201e+00
2.665537395707248791e+00 1.844268656035791043e+00 8.713821240134488333e-01 2.774320053091780647e+00
9.185634067789290036e-01 1.633876350434637192e+00 2.643590291685573579e+00 9.022683466129810537e-01
9.873221663032766271e-01 1.005993593105442230e+00 1.491080984802751308e+00 1.744423144626848776e+00
1.246381799526968370e+00 2.576827067631096035e+00 9.708431231095089320e-01 2.966809171379695798e+00
1.579141316710671150e+00 1.300657340106919024e+00 2.265043920544300704e+00 8.200493286044284735e-01
1.352084920644946786e+00 1.864142230796566491e+00 2.182527472286366343e-01 1.817281638834020496e+00
2.249656903457706303e-01 2.236490859493909689e+00 8.537128048652578016e-01 8.761157518721304216e-01
1.667711806440269839e+00 1.910679491583595346e-01 1.387340364395929893e+00 8.452666332106123503e-01
2.899950622468010497e+00 6.036929440389813273e-01 1.240713942050126306e+00 7.006630960546651465e-01
2.510879607059215424e+00 2.383269974446018680e-01 1.572015762708662612e+00 2.002432140755125545e+00
2.159151258743466251e+00 2.050938838970600031e+00 3.024113852831527449e+00 2.856489527789813021e+00
3.117332222570374345e+00 4.465761367854196862e-01 1.096460285664032419e+00 9.042707019923365008e-01
6.654989869886565601e-02 4.428678096658918428e-01 2.443768845822134494e+00 3.106550085569958153e+00
1.415865733671102467e+00 1.970530519607536002e+00 9.350676954538230182e-03 2.360573001578707864e+00
1.308063733504309267e+00 2.688771600611740364e+00 2.518455261025874137e+00 6.208653329021025513e-01
3.092820662038605839e+00 1.613967324019294880e+00 2.126338993918327758e-01 2.039871254475788653e+00
1.650682216885407838e+00 7.120834436128249401e-01 3.782281036050204603e-01 2.592286040060128305e-01
2.849391068500086277e+00 3.702350581451554490e-01 3.037402626515810944e+00 1.790783321943558715e+00
2.886525816142761602e+00 2.960001080491240444e+00 1.692649435972995331e+00 3.098625828856395259e+00
1.126713279718900118e+00 2.929521391448938417e+00 1.330268606715546253e+00 2.934248875947267354e+00
1.544584472808563369e+00 3.043012358602419365e-01 1.279577558657689185e+00 7.571103903477004460e-01
8.330732468076992303e-01 1.153849125015871557e+00 2.183705726679079362e+00 2.869873176191937603e+00
1.619487812197735854e+00 6.910652806408354998e-01 2.401243319607587523e+00 3.373427371955655119e-01
2.595360286919358384e+00 1.407383652977257926e-01 1.313651347776026324e+00 1.049436462831659922e+00
7.254411792665578229e-01 2.295300716379102823e+00 1.149718974155901963e+00 3.755435311105319585e-01
2.661772600765249130e+00 1.998480617971206963e-01 4.085794141241509414e-01 2.562604864278063221e+00
1.143070041238457568e+00 2.576121428946665848e+00 2.398410557256697995e-01 3.139268276534552538e+00
2.768010865370466700e+00 2.289003623348544014e+00 2.203772981364595207e+00 1.001258595824179753e+00
5.314645275874638752e-01 2.141088047293241203e+00 2.465584839452436672e+00 1.752185989223186358e+00
2.691721746953016137e+00 7.230217275263189913e-01 9.971177221119928991e-01 1.998907834587253962e+00
2.003154464224383258e+00 2.853837612350005326e+00 7.653056536321337644e-01 1.056598336878199040e+00
9.969112183535107086e-01 2.707977477054898330e+00 1.561463357821233799e+00 1.185808326721528694e+00
1.317153060242557627e+00 2.087805477624994133e+00 2.892148900013599366e+00 7.445065757331795764e-01
1.326653348239104524e+00 2.156598196244411625e+00 1.048737423126247625e+00 2.245438015561364242e+00
1.419306719417444018e+00 1.651687717586440396e+00 1.221008675693079804e+00 1.483062754047463905e+00
7.904665168852189616e-01 1.324118280506001444e+00 1.439477718054010813e-01 2.226561625746286133e+00
2.087357705513458228e+00 7.086693410169689900e-01 8.090644801050252966e-01 2.937328921186299624e+00
1.335277338880488107e-01 2.245852123760998520e+00 1.227888014777954728e+00 3.030555894705969866e+00
1.961675005990967779e+00 7.525243479579741823e-01 2.152555291454337105e+00 2.311595171348550248e-02
1.487181235872127305e-01 2.072416126440820516e+00 1.555840727847457527e+00 1.754244217775070114e+00
1.639409897383291570e+00 1.106997853441068713e+00 1.524949440279735891e+00 2.961019049755447607e+00
1.802993980353041037e+00 2.558288775176341012e+00 2.992900427927351892e+00 8.574427926589917037e-01
1.685141563438999235e+00 2.160995914014883112e+00 2.046025785062101310e+00 1.364351631514543861e+00
2.392698514954503530e-01 2.124932242806398808e+00 3.499936596381046927e-01 2.974769242763102284e+00
1.946959250805132768e+00 9.245714824011986854e-01 6.687252129443832516e-01 5.378919451760962867e-01
6.372661478292964699e-01 2.363906682290369335e-02 2.360990181673685573e+00 1.061941902868986931e+00
2.293674019808457754e+00 1.775195147614150981e+00 1.455220987976418023e-01 1.725286767282312894e+00
2.297780582360573476e+00 1.398333937610481748e+00 1.036632972129278851e+00 5.635234425515586176e-01
3.398088734641596664e-01 2.310977507517014029e+00 1.956597289897852088e+00 6.140562244955947158e-01
2.334960014136481035e-02 2.109763974578926227e-01 2.104691539202469652e+00 1.035310111442262260e+00
8.543582330013065329e-01 4.438948905102970133e-01 7.958281899213529575e-01 7.653448114679103353e-01
1.737416630060904410e+00 1.967806912767580352e+00 3.065745793224115001e+00 5.324326810781947472e-01
1.601595588125722891e+00 4.110422772175094663e-01 2.745539333898868950e+00 3.795295255804896906e-01
2.480832877334009812e+00 2.915741941161756223e+00 1.794074414643013204e+00 1.680627812567754731e+00
1.240482002049844296e-01 1.116169009062676576e+00 2.569236949496754185e+00 1.597549210576133749e+00
7.016419540688637602e-01 2.901132839690319987e+00 2.248183101083536695e+00 2.754381460593216424e+00
2.646494439184702063e+00 2.015369802563709456e+00 1.154135641013599001e+00 1.381789236180046343e+00
2.695576371863309895e+00 2.981607562092530861e-01 1.479521792391071289e+00 1.366207593755508931e+00
1.908436781205379296e+00 5.254248020674449210e-02 6.534443019954080389e-01 2.616437464388462697e+00
2.913508538818009974e+00 1.431063470299124951e+00 4.282365245210635885e-01 2.516547954879802429e+00
6.011744101053175804e-01 1.251906531831276537e+00 5.733348502406534486e-01 4.622571761366848220e-01
2.313485196360657969e+00 2.865875303549907827e+00 2.362321752969062327e+00 1.126451981818626713e+00
2.688077300073089315e+00 1.758434130162520592e+00 1.707864743457102596e+00 2.335995138912779545e+00
1.595798310363464090e+00 1.823193969775614709e-01 1.603296106625876183e+00 2.944860144459485518e+00
1.306243913978441640e+00 2.197915413611181812e+00 2.290849114114053009e+00 1.663593852587224031e+00
2.715248759052538485e+00 7.685545371703110806e-01 2.342359875281887049e+00 2.590653454947810630e+00
1.352672635039012139e+00 1.589820186637596722e+00 1.502079028251395831e+00 8.817647636526618760e-01
1.951137158439538943e+00 1.281529627484288669e+00 1.478041270382983496e+00 2.078459484058442774e-01
2.934358089914564705e+00 2.153988846288978909e+00 1.959307580414326511e+00 1.034237668244110342e+00
2.595165070466340485e+00 2.533683308615674701e+00 1.011074793163789565e+00 1.830598385137052475e-01
1.892401016004837455e+00 2.633188956735585950e+00 1.078568303007313434e+00 2.311891570041440858e+00
2.463808976642909432e+00 2.923545254665648407e+00 1.868434056819482159e+00 2.401864330887079291e+00
8.028714145515727374e-01 1.902442240325034950e+00 8.777772619758911210e-01 1.052226181104799041e+00
2.518225779510736118e+00 1.808975910911836182e+00 1.206322804725994263e-01 1.155125208744344434e+00
1.210907626218796496e-01 1.769213667639825349e+00 2.331388720813078130e+00 2.935638294435437778e+00
2.436704011036467499e+00 2.402744457273418011e+00 8.507621415312019986e-01 1.079731526682394138e+00
2.368355657001997905e+00 9.614382533843538470e-01 1.396652624932793518e+00 4.456574304304388168e-01
5.728559016626757483e-01 2.513960327523732552e+00 2.255538945024643027e+00 1.162949018563180115e+00
5.686980750099333015e-01 2.902797602722003045e+00 1.132325715739481847e-01 2.685449145201062038e+00
1.411856019401239948e+00 6.732790148839775668e-01 1.989503336637813202e+00 4.801276502003651303e-01
2.579325813953877722e-01 2.209255808047648095e+00 9.276241899016922643e-01 1.533641026566131771e+00
2.424157840421897081e+00 7.412507038430999895e-01 1.402638220076015907e+00 1.568791350856750810e+00
1.763079567078785770e+00 1.861253729786421562e+00 2.086456036929057234e+00 1.104960092876586808e+00
2.717009937527908203e+00 1.277582302590895225e+00 3.071523371096379407e+00 2.791992926932453489e+00
1.147334006782650295e+00 1.379693238855698834e+00 6.233977819808291798e-01 2.951346578229757434e+00
6.887339574044616386e-01 1.347024527317792764e+00 7.832932712598292824e-01 2.867991605509347508e+00
1.421867237468827039e+00 9.783961214211439605e-01 1.913622628206984311e-01 1.576482600322028027e+00
9.555268265798642080e-01 9.963836384835415005e-01 6.065835935360550796e-02 3.048612391356272933e-02
9.661554083716863417e-01 5.244026357540733096e-01 1.707896492179153958e+00 5.623819987263355413e-01
3.166151337831458190e-01 2.300063156526192198e+00 8.776439497705061932e-01 1.382195902272721266e+00
2.785444672179101036e-02 1.812040520414340383e+00 1.789428632306721445e+00 7.955713427730589649e-01
1.040044571010815683e-01 2.887202831221973742e+00 3.091851854383538267e-01 2.330298020790458668e+00
2.172420142585052005e+00 8.223736240271316555e-01 1.972487611689865417e-01 3.764139040749437393e-01
1.736919584096599856e+00 3.395202286128643637e-02 2.873388562392640733e+00 3.565546888557604710e-01
1.982131994779733564e+00 1.451866412461269462e+00 2.542864332489734244e-03 2.912307068358946927e-01
1.036915793350440040e+00 1.648791046619046297e+00 2.773656117254340359e+00 1.538769510340408209e+00
2.147870833468030316e+00 2.487892565924060939e+00 1.265909859226209022e+00 6.179782409992806702e-01
2.771329868209886360e+00 9.563944716716860084e-01 1.005849943702071148e+00 3.088105178400109452e+00
2.131213300460538473e+00 6.999932754551571046e-01 2.839043091406340480e+00 2.205019672901841865e+00
2.269553789883857586e+00 3.010387971623134540e+00 2.498294085234187556e-01 2.744111723616612153e+00
2.173086075045953247e-02 2.317586298648607546e+00 1.640968525266734312e+00 1.555191025476768463e+00
2.812685710432593300e+00 2.863640975045341208e-01 9.622723046151409054e-01 1.198739392054175790e+00
2.171103615829349298e+00 2.456443097783189700e+00 4.240595215508172755e-01 2.170584246455533162e+00
2.465389428741444178e+00 2.672810583700317988e+00 1.378123213602033825e+00 1.266852441466956414e+00
1.129561741341681413e+00 7.832131494832835772e-01 2.346829109955451464e+00 2.047332564693342682e+00
1.825381431575942459e+00 2.808391729939081483e+00 2.189800831512143109e+00 2.716227344385333087e+00
6.749256330068563736e-01 1.188986218666807093e-01 8.517313333733941283e-01 2.814731473539181295e+00
2.558260116141171991e+00 2.786960898152466726e+00 1.540532669799436205e-01 2.092345607567476673e+00
1.633200804231631720e+00 1.667384056946798365e+00 6.715219946810433438e-01 1.548114394681732175e+00
1.092006597757679609e+00 1.278539889051457656e+00 5.864179365473543015e-01 2.057534937333832747e+00
1.767397789050974000e+00 2.971570825185115838e-01 4.741087351864510246e-01 3.411261841262980821e-01
2.096547069526754736e+00 1.160638413334706964e+00 2.697397369700216957e-02 2.125325028584801768e+00
8.051889798655051944e-01 2.650358299291123210e+00 3.558762928899837918e-01 1.870433985708109592e+00
6.842052572267804944e-01 3.236966286813385274e-01 7.553611428552176044e-01 2.960821842485226618e+00
2.951176900916838264e+00 1.820129327483696935e+00 2.717729070473959840e+00 2.094750776776640677e+00
7.333904668010181593e-01 2.742514942190476646e+00 2.725994678404962457e+00 1.438807606387383808e+00
8.027613258680539321e-01 2.195566739163570258e+00 6.423420536880249943e-01 2.169010396070995217e+00
4.052196008333755484e-02 2.519058322190315669e-01 3.322228425884167780e-01 1.337956790924931250e+00
5.231002550914164440e-01 2.241777165766130953e+00 5.359447163006249015e-01 6.275159430644768888e-01
2.564806449607415217e+00 1.475126771014765081e+00 2.459021185944719079e+00 5.714727705866702312e-01
1.110882987877188421e+00 2.343010701858716072e+00 1.080218233495098934e+00 1.950451107148883922e-01
4.357107021647643741e-01 3.104392211121648870e+00 1.077827884438106620e+00 3.272771623548225151e-01
2.562834559448364580e+00 2.899970936574395530e+00 8.891092862351959170e-01 1.136484168012673157e+00
2.801793119480241234e+00 3.944045569343087587e-01 7.147201222871311099e-01 1.067078874294928870e+00
1.393463185629972845e+00 3.111574991023489112e+00 1.183976366941587921e+00 1.247794660604047756e+00
6.769335432409728792e-01 2.899000724151758135e+00 2.887056802951574408e+00 6.701697824711337903e-01
1.334372275647986772e+00 3.561169290976682472e-02 2.947755795670969015e+00 3.989893391873021167e-01
3.520463284041466800e-01 2.222553694565159610e+00 2.481900980447625304e+00 2.036523150178303876e+00
1.224291639003460608e+00 1.160705613542894588e+00 2.315895264950718069e+00 2.397888564704771852e+00
8.760956715529221173e-01 2.817233977656183885e+00 1.499679231346811470e+00 2.303260434000587331e+00
2.345050454612683133e+00 3.670107150190457523e-01 6.747970812973008714e-01 7.985186781063501049e-02
2.459308498092040995e+00 1.490223677801898683e+00 3.107612289011443707e+00 2.856593916724482707e+00
2.384367794363429216e-01 3.106407833480708369e+00 2.504928847247125834e+00 3.908436446705096934e-01
7.060646882982969386e-01 1.597339425502984689e+00 1.774500400953076040e+00 6.378712846598980635e-01
2.391563305339986290e+00 1.085047982466577979e-02 1.523776344907310065e+00 2.447621486802802337e+00
4.088173880552510298e-01 2.264628615804808565e+00 3.007714805145721204e+00 2.661259123545411054e+00
2.166110265454269435e+00 2.038985511967042807e+00 9.582868792619793075e-01 3.028252737889901347e+00
2.915102758050222675e+00 9.517365258027404851e-01 1.868830492404359056e+00 3.124834201031126302e+00
5.741682322384227266e-01 1.037140837219951317e+00 2.820120799936393308e+00 8.140995985742425223e-01
6.021190057160388243e-01 5.468737126895044653e-01 1.316222987102543929e+00 7.274455333583449423e-01
1.851604976643907996e+00 2.384406274539951909e+00 2.003301172444321043e+00 6.897031752755048428e-01
1.988801250207167248e+00 1.673301972577281749e+00 2.053379250882100049e+00 3.103882233807704338e+00
1.157842974546789305e+00 2.045076809211560320e+00 3.141406740307041812e+00 2.439103439279795837e-01
2.337699593628668637e+00 3.015141253383890163e+00 2.361194574015557546e+00 1.351665546957597330e+00
2.451763123550388390e-01 6.845226980858043486e-01 2.750019723852302533e+00 2.457073225770110891e+00
5.906387110314095246e-01 1.711743084049381025e+00 2.889171568696587755e+00 5.611794422596539933e-01
1.649830840616156591e+00 1.851196015807478723e+00 2.493709917310842350e+00 1.017488944345724455e+00
1.558518363217715308e+00 1.973331764605765759e+00 1.325701829491511718e+00 2.100811719592912574e+00
1.662533055620768474e+00 2.722865408509181684e+00 1.361584912058769969e+00 2.511453314773469447e+00
1.121148964851190977e+00 2.719467543083077032e+00 2.156010532518810585e+00 7.770979647760188902e-01
7.222333882194879873e-02 2.090887904926406637e+00 3.068903371739170605e-01 2.832357449110529668e+00
1.434698016373636698e+00 2.985291882276697173e+00 1.514760687884929791e+00 2.827494953105219810e+00
6.364450677536667156e-01 1.654282318744657587e+00 2.734796504956388929e+00 5.155334947100708165e-01
1.042921983530718633e+00 8.127022956956195809e-01 2.483447978967022074e+00 2.829177294941065401e-01
1.650955552066007970e+00 2.505741884723094337e+00 6.777699108275698769e-01 2.101158937417431982e+00
1.094360438528999113e+00 3.342263027435719569e-01 6.206498648467128065e-01 1.581680676752002634e+00
1.080939635736320570e+00 1.167759243792922286e+00 2.284582179519960288e-01 2.640378724931295107e+00
7.280549352053568013e-01 1.820476364822375848e+00 7.365389217326427651e-02 1.533105798254611019e+00
2.173591330900078056e+00 8.643364868148495361e-01 3.524024297527545424e-01 1.283146210664222187e+00
1.409250009540633508e+00 4.406387483797312155e-01 3.300483524399348001e-01 1.025887030708059200e+00
5.515643319568684921e-01 3.077461502092072809e+00 8.419939032044897465e-01 1.532494570601765638e-01
2.082752365656467042e+00 1.553642670907243506e+00 9.072876339297297754e-01 2.652980414292832378e+00
8.254343461256682390e-01 7.703731298414586703e-01 1.473911215201161973e+00 1.772572732180738742e+00
1.393499569353606471e-01 2.243904156766786340e+00 2.817866416785638428e+00 5.622778176212086532e-01
2.101984228690158274e-01 1.673109407365781731e+00 2.149765933175620258e+00 2.494955961674995226e+00
2.201027774971781259e+00 1.825164803931040858e+00 1.915498301025732264e+00 2.530184005955289361e+00
1.361887945158278546e-01 2.373196917954545793e+00 3.013637907342451960e+00 1.750567371496045910e+00
1.904582637036054960e-01 1.281958855566411870e+00 1.602913019552533180e+00 1.352477577030807065e+00
2.712249240388933114e+00 5.303613813158051388e-02 3.034814562668874949e+00 4.040369916622298940e-01
3.847771475941541564e-01 1.988692334700698838e+00 2.622420916386447143e+00 2.058357557457757725e+00
2.795743966285975990e+00 9.922474650464655488e-01 1.688043345168062315e+00 2.172399632936635960e+00
2.718795718083458102e+00 2.325496002634572790e+00 1.152448053047067100e+00 3.223295919336386373e-01
7.581675068873241496e-01 8.310085162176180651e-01 2.774681309480789282e-01 7.581762259809440296e-01
5.551962407930399745e-01 5.859014059311175027e-01 1.847834472597194910e+00 5.419778486134942293e-03
1.469365019746015744e+00 2.320527706805179946e+00 1.177747785793355151e+00 7.762951513214604304e-01
2.317866325254838156e+00 1.238000517816045365e+00 1.433881009735749279e+00 2.481230281047077213e+00
1.146856343812280576e-01 8.106028870448309664e-01 2.053773216798307821e+00 6.273206503035361203e-01
2.529768989803313328e+00 1.069461837370466073e+00 1.135143438039794228e+00 2.276295801003592967e+00
2.526509284087202989e+00 1.081695824069286660e+00 6.983892854699312869e-01 3.083404307783414122e+00
9.951029144224496914e-01 2.005963047212081740e+00 1.031144560978423330e+00 1.069987115048626723e-02
6.023750634694648998e-01 1.460687609514075946e+00 9.592071433830349214e-01 1.593036503992654840e+00
2.220934652625194516e+00 1.297493032416729974e+00 7.757423117474365748e-01 1.360093433208774183e+00
2.977572539326834633e+00 1.105330030399005875e-01 8.937857854000647029e-01 2.765385195219726366e+00
1.557000347134332552e+00 1.009468358788295106e+00 2.588508956651915938e+00 1.317091663661521750e+00
2.288234705479459397e+00 3.089324691954589142e+00 2.766702974057414277e+00 2.475761607261343311e+00
2.130850396906457167e+00 1.943296651411685616e+00 1.528412631930304189e+00 1.389503126200859029e+00
2.994723340364676023e+00 1.577875279655779783e+00 3.010872170770034217e-01 4.148432736332758330e-01
6.654416352314450611e-01 3.910695591049508923e-01 3.108066100157730549e+00 1.699333168453579512e+00
4.900290293496101235e-01 3.348407928811281131e-01 9.416212660877533169e-01 1.038050575961098954e+00
1.736039675637295332e+00 5.716036662075222319e-01 1.826492076601983205e+00 6.535786306589123074e-01
2.297190547230325564e+00 1.356973827499533103e+00 7.729507905221231212e-01 8.300875090288113434e-01
1.735467849138220053e+00 6.389876586400132785e-01 2.672117889765795451e-01 5.828449485404731956e-01
3.040506453412245680e+00 1.630094857122237118e+00 1.801073816191431365e-01 3.024026923454476101e+00
2.747779082957346297e+00 6.762810830788175132e-01 2.660394343799763917e+00 1.677232362427868995e-01
7.515734304425594203e-01 2.679185306720667459e+00 1.799307192460746885e+00 1.424625417292704865e+00
1.285934635982124874e+00 1.990821778212506832e+00 2.299479619024793031e+00 2.800932858954804150e+00
1.235047830167763649e+00 2.475695625830484303e+00 5.849532937961049450e-02 1.766786431838117677e+00
2.693438868229881322e+00 2.836422727891821705e+00 2.566067681638313780e-01 2.501831068662238033e-01
1.748969431336159452e+00 2.733085497722732793e+00 7.684831012920860793e-01 2.762895886383378130e+00
1.398406836377565021e+00 2.376512843762365268e+00 3.012413268999202254e-01 2.812071848537317287e+00
2.247242911455181513e+00 1.782118651061887216e-01 1.012913640703723805e+00 1.066330828624639349e+00
2.442186607610525861e+00 9.981359051132623339e-01 2.546317156178381946e+00 2.504062250020061775e+00
1.051211418490735960e+00 2.378844030552945465e+00 8.484761747620597205e-01 1.029988849704270626e+00
2.993436774764038244e+00 2.388568754097781799e+00 1.328977359950974879e+00 2.151712818332760069e+00
6.440881893428757055e-01 3.070118772821694986e+00 1.352594241569825828e-01 1.427794178375107137e+00
6.281715202115930596e-01 1.022529998034626297e+00 8.773952956031342287e-01 1.290003856981383201e+00
2.207017486427188313e+00 6.048611737613106554e-01 2.868595204170433455e+00 1.388297704760836290e-02
2.623582399249861918e+00 2.801658173225246351e+00 1.036915168266931309e+00 2.801615439602684443e+00
2.146343492635980787e+00 1.736833672491290059e+00 8.794750266793507354e-01 1.871949069651513309e+00
8.541520980050755218e-01 1.659960920365457948e+00 1.560305576130067928e+00 4.831007254330983436e-01
1.815762536010713690e+00 1.694766654636785885e+00 7.878030801773616698e-02 1.138664950112469931e+00
2.827749894096014405e+00 3.049258762625557395e+00 2.250050272637353466e+00 2.954382806541018702e+00
2.707956372998802763e+00 1.765239748855828850e-01 1.515764634806297861e+00 2.870031734199163798e-01
6.970450458897741175e-01 2.671610111052535319e-01 3.558927903139551541e-01 2.091961735060047900e+00
3.024576705080193606e-01 1.238939065905379833e+00 1.018337900429193033e+00 7.386531727753558041e-01
2.245513958611783156e+00 1.797502252810517787e+00 2.123490089511001155e+00 1.690105151995171529e+00
2.881119688726288874e+00 1.736032054284455839e+00 5.059167042767782618e-01 1.461334292115122668e+00
1.862791131243654252e+00 2.972227909289949288e+00 3.088702687089551091e+00 2.142888790159513057e+00
1.670149840843393241e+00 7.639906390396303815e-01 1.031371023534942255e+00 1.471811610353217226e-01
1.950057809364274419e+00 1.440840988679622514e+00 2.748329658410896492e+00 8.076597191254692998e-01
2.075456077578719860e+00 1.323445980712028458e+00 6.327262953379566568e-01 2.337469848013823126e-01
2.943764242362838068e+00 1.653698383292188989e+00 7.460657703727069379e-01 1.087221432523239883e+00
2.137287124427556861e+00 8.988875231054846426e-02 3.070111926809203418e+00 1.093130396757968636e+00
7.272934546829050717e-01 1.313923997531847743e+00 5.222810417264200922e-01 1.247660220804818199e+00
1.246936484505703158e+00 3.078894600147424221e+00 1.571150364027759760e+00 7.736716086749122478e-01
2.033519538238390378e+00 9.739982967099855560e-02 6.832658521257082285e-01 2.156691748368922301e+00
1.660289509091974924e+00 2.888826251939180523e+00 1.453254326707886346e+00 1.863099574310267181e+00
1.800938374895908689e+00 1.517468949676147316e+00 1.698908062809694960e-02 1.177135965812228235e+00
1.460619433551443080e+00 2.889002995395271611e+00 2.558533370139739027e+00 2.451172565076507937e+00
3.060422670534186373e+00 1.243765558951456240e+00 2.861505620002675165e+00 1.286571271080466428e+00
1.477084924488135886e+00 7.525583825507028424e-01 8.732630191980923495e-01 2.759411716030557127e+00
1.019164278577692873e+00 2.236575071900198886e+00 9.856164209305635915e-02 2.893152954960936718e+00
1.510486272841465638e+00 1.239732228298273009e+00 2.596967713568997471e+00 7.175832334746398700e-02
1.702235057359921644e+00 1.028276675048420685e+00 1.903909222158365999e+00 3.076576539679875655e+00
3.122010839663521775e+00 2.015652740186406167e+00 9.046908070607487806e-01 3.000846547049946356e+00
9.478181101513205586e-01 2.466471372880444601e+00 2.901984531281413648e+00 2.678810701272994699e+00
8.413753257949220243e-01 1.530810874591081117e+00 3.632579887015696118e-01 2.939825413362555651e+00
1.283045072196457914e+00 2.085490315934089178e+00 9.715975590968461972e-01 1.495396859043953142e-01
5.842046669878231402e-01 2.941179604802571235e-01 6.736216210829383266e-01 1.471456682249068448e+00
2.413717101017248456e+00 1.527860095793024398e+00 1.496777685208536823e+00 7.383673489316530114e-01
8.557377416961103878e-01 1.080742108936622176e-01 2.556842206903190640e+00 1.438589694681385867e+00
2.861035063352459495e+00 1.090536932731776654e+00 2.700216243491490253e+00 3.990918529472118337e-01
6.249196168439137278e-01 2.296501248067865042e+00 2.779423288543851012e+00 3.044362545898473105e+00
1.266894066548051478e+00 1.531428014950285910e+00 1.892614804635687875e+00 2.829943189798615588e+00
4.944501937147591786e-01 2.395723442210559551e+00 1.452425588767219056e+00 1.976352301866665995e+00
2.713571799398087236e+00 1.914229742832266767e+00 3.061071356385116182e+00 3.124351742806589893e+00
2.587842336215077754e+00 2.044326265798197539e+00 3.121280532634535199e+00 2.557161105112866650e+00
1.924933529223765427e-01 1.700516515762782843e+00 1.800479050070252107e+00 3.064244629567986156e+00
9.390393863011393671e-01 2.659560190991274276e+00 1.354038250633500917e+00 1.213446066194050488e+00
1.017888156709275904e+00 9.478298630850351403e-01 1.588196044938261275e+00 9.278920037488808115e-01
1.983440800190502840e+00 8.217184951124326675e-01 5.664747733395874008e-01 6.740802591154747558e-01
8.043291509300344588e-02 2.292679969980663479e+00 3.022602500532799219e+00 2.281936997758475805e+00
2.499240454085072116e+00 6.494803443317188618e-01 1.037028121901104827e+00 4.594637666828965683e-01
1.547657295278144218e+00 6.022717273060852056e-02 6.038576128192911785e-01 5.018494136831830321e-01
5.710998045510010668e-01 2.955562916025411102e+00 5.820634530969995835e-01 2.878562706107265612e+00
6.940015747412598968e-01 6.185593893498520651e-02 1.406681745679234208e+00 2.592198785837792840e+00
1.933390025510859589e+00 1.430842638324635097e+00 2.488736701258261075e+00 1.574060998176999071e+00
1.352984145931739324e+00 3.382682883198078194e-01 1.033260949857103039e+00 2.869155037650494844e+00
1.849712987570476974e+00 1.885362245249532664e+00 2.691656059244707855e+00 2.979688675804485598e+00
2.325936577785177928e+00 2.175729064422721182e-01 6.285441266550059747e-02 1.703950846978360856e+00
2.737281655996694596e+00 2.572553969971175025e+00 5.338905812580378996e-01 1.039947873649999632e+00
4.329298908102178212e-01 3.876371086445422609e-01 1.159843684318794477e+00 1.910896720025779816e+00
1.817399665862948543e+00 1.735528680793444911e+00 6.211034276482235716e-01 2.546984663482276368e+00
1.307119690160171155e+00 6.821344276732075329e-01 2.759550426759796782e+00 2.532125736927910875e+00
2.798272250558051066e+00 1.105823935023831917e+00 2.807073269916860458e-01 2.462378537634082321e+00
8.103043016369200213e-01 2.274940534286643334e+00 1.721073311386893234e+00 1.986663670144026561e-01
1.310837644496581467e+00 2.798262314152710317e+00 2.872351533251344957e+00 2.134959290308551250e+00
1.958566741933278621e+00 5.319445345138791303e-01 8.212366499862662206e-01 1.857805176865986008e+00
2.002305641410059511e+00 2.427643736497059113e+00 3.083974659650252192e+00 1.946186649720403616e-01
7.030473360889899492e-01 1.800117974990354641e+00 5.696338065657924332e-01 5.015322558140735687e-01
1.397630298417965822e+00 1.295092150289610888e+00 3.091014551970496349e+00 2.574092544853066933e+00
2.079152484577283744e+00 1.560156883809131756e+00 4.151438066843863295e-01 7.240613682024762410e-01
3.016755764188382982e-01 3.040984429657703991e+00 2.423671394155540337e+00 2.865995525290303547e+00
1.490835322243375227e+00 2.144456314138717623e+00 1.981030172176553750e+00 4.535444810145545791e-01
2.974964157801317510e-01 2.520856165575168450e+00 7.911493811024052913e-01 1.032479153370639446e+00
6.584716425258462236e-01 7.585800407666701273e-02 1.255755086345527349e+00 1.237777665030922902e+00
2.185421905636143247e+00 1.545677885138741603e+00 1.720148578114186477e-01 2.202368754329810496e+00
2.080309347498649208e-01 2.296238256104324194e+00 1.879318293513832228e-01 1.956150742842326595e+00
1.645498945095622112e+00 1.123362731332997688e+00 2.583488963749605904e+00 7.946244803439438398e-01
2.713150903094458055e+00 9.659184639413774809e-01 2.432113057437838677e+00 7.069741015637837078e-01
5.861620334540438293e-01 3.431325743299388775e-01 7.071023521680557325e-03 4.878829311570577199e-01
2.386899327554367289e+00 1.073453831648641499e+00 1.250624309571489956e+00 2.695015189511437370e+00
2.193957102070912324e+00 8.541579384780096929e-01 2.419906815924910137e-01 3.021057183594115347e+00
2.778283232736551867e+00 7.231105474604090921e-02 6.235406491203244750e-01 1.302920347677023916e+00
1.042700014223806981e+00 2.566102551138496057e+00 6.389079376920502318e-01 7.157905249262345171e-01
1.600116067566425215e+00 2.777054068588089120e+00 2.947243973323759647e+00 9.690280038728847911e-01
1.900943166850179722e+00 1.206319609631274048e+00 1.555067729349320027e+00 1.463481518190742792e+00
2.907175008788649428e+00 1.484051732849610339e+00 1.442492147712679085e+00 6.598219424297976365e-01
6.005672882338161100e-01 4.258082543303916001e-01 1.183771825600902439e+00 2.543963919790773520e+00
2.693611627820115650e+00 3.111678443129129334e+00 4.020806003542819473e-01 3.108688957230424599e+00
2.770899547997713430e+00 7.602960750568491521e-01 3.014438433331376732e+00 5.026727421367984672e-01
1.010621090109503406e+00 2.573958861641969964e+00 7.454026622762418564e-01 9.830555841113655102e-01
1.001398962230182876e+00 1.274946622386623929e+00 1.940325631995501787e+00 1.875260358745030498e+00
1.924873343806771553e+00 9.927639349505347210e-01 2.332763147220392685e+00 1.929501766046224365e+00
2.804468047970283262e+00 4.192547866130023060e-01 1.729264805887853029e+00 2.168396923022394507e+00
1.703613842466304762e+00 2.239045833239293515e+00 2.273504656678735802e+00 1.013011034113205477e+00
9.826808400198684401e-01 1.330616605315221967e+00 2.119372564861122132e+00 2.495646374875458928e+00
7.140134174854462223e-01 2.075210043157167839e+00 5.057721301736846087e-01 1.267892981583518930e+00
1.367475077780619053e+00 1.772159392555956670e+00 6.707499995936586634e-01 1.488335313215219280e+00
8.891207623305008578e-01 1.233006939323501916e+00 3.005047306336360524e+00 2.284541296493268092e+00
2.568501583097185237e-01 1.166440728103377733e+00 2.851998392611816424e+00 1.100970816907475003e+00
2.757690934867453425e+00 2.131922167841342919e+00 2.602578916371253825e+00 2.731460702224939752e+00
3.081159082746281364e+00 2.414529452217471839e+00 1.644830747402905802e+00 2.885497107428966590e+00
1.741720156923554919e-01 1.482552602091241400e+00 2.824860491803546481e+00 3.376139543093278350e-01
1.046387498589608889e+00 1.393406609335379187e+00 1.831777329791681508e+00 2.041091800223171937e+00
2.427448746702100646e+00 7.552716804110024551e-01 5.299592590563998451e-01 5.170891693572861048e-01
7.629693357035263190e-01 2.373300694738215810e+00 2.754727035110295041e+00 6.870974525851998305e-01
2.121487596025204869e+00 1.691507704077954255e+00 3.091444133351130219e+00 2.180625289554250390e+00
3.061088646418554493e+00 1.520009072199255851e+00 2.221071458457008596e+00 5.991946612532337291e-01
2.494291440249011768e-02 2.718208589994970392e+00 7.213514973987211754e-01 2.423831243421334491e+00
6.417610837509996058e-01 2.824593508781851448e+00 3.075509952721384721e+00 2.302587244223331719e+00
5.851152215953024927e-01 2.764591298255665297e+00 4.982232262805721401e-01 9.314377320348166123e-01
7.873668277974644747e-01 2.342264083738633929e+00 4.139035090324235666e-01 9.487981067958839443e-01
2.451129293001045095e+00 9.683515223210960032e-01 1.815954336574576722e+00 1.085814599665174462e+00
1.492477861337698108e+00 2.915076918653526583e+00 2.532394617703426665e+00 2.425473824783156207e+00
1.681583684833346803e-01 1.980416980560567808e+00 2.620803443183783443e+00 2.136600849652486200e+00
5.409862242382132980e-01 1.332240245481006724e+00 3.094032967351982411e+00 2.922142447988903546e-01
1.047685387595706619e+00 1.596637652779829608e+00 1.158903794514111629e+00 1.088497269129789391e+00
1.349942269798327654e+00 1.938589084409284791e+00 1.500205346495197212e+00 7.289068494770032380e-01
6.035795751707387913e-01 1.676071771874421579e+00 4.601976921026053602e-01 3.052960367872261216e+00
3.376078999013771287e-01 2.711522935406987411e+00 2.273238099890938280e+00 2.780856674664421213e+00
1.908184460694142048e+00 2.248158855661701150e+00 9.190705299985161281e-01 5.687617204366129942e-01
1.260559953701303693e+00 7.596266607796635650e-01 2.282779920957623832e-01 3.083188824902103331e+00
2.012053798620179634e+00 1.939362884567455092e+00 1.761186757239753709e+00 2.899056333908104577e+00
1.470132585057806196e+00 2.078999736551371547e-01 2.850798869155527271e+00 4.848370267089567309e-01
1.033921351774928166e+00 2.523421295970297518e+00 2.514261625363479968e+00 6.581536624874675390e-01
2.314514850534210577e+00 2.302562744530457284e+00 1.053791156792109884e+00 1.032919094591892240e+00
1.264142885852259868e+00 2.182475599412965650e+00 6.767326568663408759e-01 2.991711071615683171e+00
1.154238777817438111e+00 8.841204927118081480e-01 2.990212651243614683e+00 1.395616024069407990e+00
2.730636332298431501e+00 9.988846564772879688e-02 1.193267896903623893e+00 4.701890005273907103e-01
1.339788324485302606e-01 4.896183842354284721e-01 2.897013902110377792e+00 3.068414751447785083e+00
2.349341543310673242e+00 5.564662177783347152e-02 1.883631643452183813e+00 3.815993159457470307e-01
2.533844321012617140e+00 2.854313305651038579e+00 3.037017381102153357e-01 1.129189797015270447e+00
2.428464023546714756e+00 8.651511366233404221e-01 8.474237192283974318e-01 2.557944017612507004e+00
1.207675695010501649e+00 2.957106688263570593e+00 1.253381951088582635e+00 3.562917649393955166e-01
3.092445187534563100e+00 4.041549474869463032e-01 2.999532189380285541e+00 7.865209848403529325e-01
3.135835843392729139e-01 1.010984183826831861e+00 5.192833674146486445e-01 7.156641915943410259e-01
8.051944284205533320e-01 2.361171793486492199e+00 1.695781701945289655e+00 1.831850981530294686e-01
1.989469527986462705e-01 1.545721929377142090e-01 4.810190450975924126e-01 4.505797876257195966e-01
2.165732866445415628e+00 2.397128717727372571e+00 2.936516013108821266e+00 1.475780347128488712e+00
1.129219033636264857e+00 1.217281856406132512e+00 2.006294453435044645e+00 1.589992214817773086e-01
3.999154778192893223e-01 7.729184678273595122e-01 3.807244452290754477e-01 2.915232658411381905e+00
1.971637242436823589e+00 2.462866879147546761e+00 1.854385681084041559e+00 4.530062537252893540e-01
1.162551077095945518e+00 2.448672203979822826e-01 1.335608390182670302e+00 1.893787425622194043e+00
9.149995217121273394e-03 2.011743757489132367e+00 1.883583646590431648e+00 2.222409960742441015e+00
1.154941513787663743e+00 1.449512774335718790e+00 2.147467024279170023e+00 8.816614773587181471e-04
4.256534340410185746e-01 1.120256942761646890e+00 7.689057029549507816e-02 1.954149417669571953e+00
1.412155709431509143e+00 2.912561438376746192e+00 4.018605962553198907e-01 2.306663111573558633e-01
9.698981259216562512e-01 1.886526399515108254e+00 2.202888878090274005e+00 2.896333700726179128e+00
5.477639464519511864e-02 1.337509433297669581e+00 1.190142202976977037e+00 1.998109291350865790e+00
2.752129984532808660e+00 1.226388859086351202e+00 1.976650129209217122e+00 2.893514986581237292e+00
2.369752368666264264e+00 1.160916909951128506e+00 9.740618560579590302e-01 9.485896830238073063e-01
1.659447235533650034e+00 2.507211399091906046e+00 4.056991804093156018e-02 4.166764548307193006e-01
5.910998183699396336e-01 3.039351785594442745e+00 1.412017243318485660e+00 2.573325260780086499e+00
1.516366169132472130e+00 9.772444181278844288e-01 5.985116278743425333e-01 6.309323394644200667e-01
9.089820745376948619e-01 2.620338635785788295e+00 3.127633147971749850e+00 3.774166301998896356e-01
7.307880220081858225e-01 1.288694923563924677e+00 2.944599921642501728e-01 4.983625022128986837e-01
8.216962686763156221e-01 1.297769098185385106e+00 5.332365282941966544e-01 3.161906688026517309e-01
9.602336343501960414e-01 1.347296230575351306e+00 1.415023494355420297e+00 8.143105091750185709e-01
2.255645430177546817e+00 2.610411170026426753e+00 2.209585522604341712e+00 2.089960909858735505e+00
2.092657498461037158e-01 2.519170547688014850e+00 1.745547610695904750e-01 2.927005262476687353e-01
2.883574384773434307e+00 2.259016135161665773e+00 2.645049694379211669e+00 2.362052792902155307e+00
2.012786794501732146e+00 1.258120229519093414e+00 1.622753592049103410e+00 2.849239137499838259e-01
1.285549417168417863e+00 2.846481116758981855e+00 2.513933851307103673e+00 1.860592219702730032e+00
1.629102163688923133e+00 2.229659940753476288e+00 4.367536083902055499e-01 1.393386421911994466e+00
2.887934407337479747e+00 2.494118535263847747e+00 1.740584525963983609e+00 2.940456465398102459e+00
4.513170719789683649e-01 4.257377489650005509e-01 1.535326541955906565e+00 1.389227993588323606e+00
2.574975909318661868e-02 1.832440361993441957e+00 1.447125226176660950e+00 5.307905542747083372e-01
1.463948715645817300e+00 1.756672393815287503e+00 7.197314323664811830e-01 1.730789997799897506e+00
1.732857103035492896e+00 2.315360059792477276e+00 2.253675997012245524e-01 2.390827688012573393e+00
9.850921141792249314e-01 2.316426601695336984e+00 1.953176072402657004e+00 4.442178403131033515e-01
1.646439780858471869e-01 2.333811955289075257e+00 1.429894940948861048e+00 1.917835518493533620e+00
2.323565807962848506e+00 1.691012845316151925e+00 3.165778480699631969e-01 1.054342516453071976e+00
9.152574779915172432e-01 7.262733182520297870e-01 5.529430170212729090e-01 1.723032328829638749e+00
1.534949992244222461e+00 2.803453644426280089e+00 2.279269325569091453e+00 2.308821771332187023e+00
1.368339520702212875e+00 3.062941034550647590e+00 4.228919408802685465e-01 2.556626922543085101e+00
1.472795309522002771e+00 2.488294413155620610e+00 2.907712817303562125e-01 3.070342490221054543e+00
2.262256379296252007e+00 5.959884731545298520e-01 2.114009387388223971e+00 3.045130590457285180e+00
7.608232296557643215e-02 1.706631292372474240e+00 1.994634024409959405e+00 8.120035634576484584e-01
7.786120087227696961e-03 2.447054355879677789e+00 1.440030050887918023e+00 4.469778575467288628e-01
1.053960188149123622e+00 3.102254330814628869e-01 7.164138166899983728e-01 3.018529021204302776e+00
8.681381104465427656e-01 1.099462951257855536e+00 9.312379759113137423e-01 3.199226914757576923e-01
1.742359292853335351e+00 1.034628828956426050e+00 1.817902699228290953e+00 1.623106534467857243e+00
7.948513007384593321e-01 3.127823695790989067e+00 1.853273856414709098e+00 2.111414217186694753e+00
1.082356668296414970e+00 1.684137309451475772e+00 1.956978702472920828e+00 1.121083227413788075e+00
2.345213689087301212e+00 2.205828644067552968e+00 8.817452866524461141e-02 9.441673386130285950e-01
2.538185570390153245e+00 2.591971429174148689e+00 6.197872929073713344e-01 7.881961126400712780e-01
2.638246234761715492e+00 2.996411523149138834e+00 2.550325171514135292e+00 1.732581478992919699e+00
2.219313063657268881e+00 1.876001117621171499e+00 2.862392942225791881e+00 2.085605011432673628e+00
2.458553240737641143e+00 9.909805231158372862e-01 2.422413018674892893e+00 2.762696616293406127e+00
4.126723898510785693e-01 3.063034410200440316e+00 1.222711796073098878e+00 7.886714394025792219e-01
2.407961564480850303e+00 5.770178910271066552e-01 2.012115193084487164e+00 1.095246347841294599e+00
9.760844335838166907e-01 5.074445923170128186e-02 8.345935251891376319e-03 7.779735205475496289e-03
1.036911792664606535e+00 1.340058118793653552e+00 1.446885531090301713e+00 1.725447251936219173e+00
1.837741244404152541e+00 2.755201386107339445e+00 6.189506912928027793e-01 4.458986064866616861e-01
2.003092682012101111e+00 4.984530387657766792e-01 2.827881494759940217e+00 2.654196848320801383e+00
5.516200866065157360e-02 8.576539589366387328e-02 6.019137150500067923e-01 1.669756826805601779e+00
2.651381753953972797e+00 2.131010161275862735e+00 2.458155692830193306e+00 1.570149678592096976e+00
7.228655959999044089e-01 1.961825005381813813e+00 1.861407407342476450e+00 4.754956246177958756e-01
2.763977692281095244e+00 1.344115060350457469e+00 2.729195795320623841e+00 2.380124002331478472e+00
1.319649982104913466e+00 2.125270993624728710e+00 1.463402900685558672e+00 2.498294556354980211e-01
1.312636275724766710e+00 9.575407213321855959e-01 2.550359211329608300e+00 5.760776770691070636e-01
2.360905464137562859e+00 2.966675925991724139e-01 1.426133544510772566e+00 2.011926491654779936e-01
1.576625801976489383e+00 2.214149431501683640e+00 6.823188691351507185e-01 1.973576878089631226e+00
1.403813440783591160e+00 2.662833103688852177e+00 5.961201393512290947e-01 9.924476457943461893e-01
9.868373945132241642e-01 3.098402755206493886e+00 2.526598279103743128e+00 2.196912512754396030e+00
2.549136344427468170e+00 2.489035684065830534e+00 1.787633968268367290e+00 4.765349095200680646e-02
3.054468818532593666e+00 3.047517098009114633e+00 4.832720348655892839e-01 9.787707573537144379e-01
2.837314415553988223e+00 2.467961904646313265e+00 3.404691346774232352e-01 2.458264347253041215e+00
7.331386612605411690e-02 9.471122558037016193e-01 2.921282590469687079e-01 5.799605943617205384e-01
1.591755068805894124e+00 1.584076557442827715e+00 2.932332139048470676e+00 4.294459486359404887e-01
1.414176801443643772e+00 9.807868922881609608e-01 1.405329431899989601e+00 9.615041257831073995e-01
1.794480008468301913e+00 2.971940077278854453e+00 4.960027237330695837e-01 1.017355059328149958e+00
1.594980329698899135e+00 3.024542643989986512e+00 2.254375942432125690e+00 9.223135163954039317e-01
9.665376716256204315e-01 2.338610396015919704e-02 2.182008942069204871e-01 2.946105944104322916e+00
1.033671119961773410e+00 5.041728285479878391e-01 3.671786711004799142e-01 2.849515097726527557e+00
2.151114580607257576e+00 1.838544111437120154e+00 1.058075417325111234e+00 6.487027402381215779e-01
1.769902900271359769e+00 1.099469480424434403e-01 2.357175645764957750e+00 9.078170142572682400e-01
2.067282936308628916e+00 1.421899900803657468e+00 6.607175259999552575e-01 1.087870431637553592e+00
1.519249874388890253e+00 1.468210644441163115e+00 2.061435604556185908e+00 3.057051300137358041e+00
1.281360187051092892e+00 1.971390735981056741e+00 1.305963853506384664e+00 2.934224854614722489e+00
1.725358702206057249e+00 1.141935246893771350e+00 2.812201361485450857e+00 2.534889545537710287e+00
2.754745708689847916e+00 2.173106944289423748e+00 4.318949985574461192e-01 8.731720354147467500e-01
1.997489688480991399e+00 2.633056675085716059e+00 5.466636252506827942e-01 2.238097776746518441e+00
2.931761378768900528e+00 2.115602939231430391e+00 1.414323852454525188e+00 4.505113511110012126e-01
6.135334368328129173e-01 2.481737234083609245e+00 2.735883923470200596e+00 7.415697022701899233e-01
8.674030178232919885e-01 1.533447973425343003e+00 1.684937081069658449e+00 3.088504678990817265e+00
1.212400858122369529e+00 2.682258780478419702e+00 1.983522715855769336e+00 8.282576666573141511e-01
1.869325594490116149e+00 2.448531421009678688e+00 8.406859852496327834e-01 1.905800699236095630e+00
1.686106792805128762e-01 2.091874854275374229e+00 2.137005566673065626e+00 2.549263540844746156e-01
3.442104120261061939e-01 1.954967437202641101e+00 2.147069255694817325e-01 2.333537892360430188e+00
1.033364044696849948e+00 2.204249443251568241e+00 8.956332538823491562e-01 2.342140420550271607e+00
1.162936893726765231e+00 2.446238598672468179e+00 3.876795995610449741e-01 2.729156513764457337e+00
1.610830998446469708e+00 3.101913551654642554e+00 5.973522551852158413e-01 1.142194460625151953e+00
1.945722631520436119e+00 1.254545521375511896e+00 2.465691119335465142e+00 1.251343834857479909e+00
1.535340196793332002e+00 8.485320227051150743e-01 2.395593198141579894e+00 2.116947423959921970e+00
7.390700824527249857e-01 1.042526214525007378e+00 1.282415349541397909e+00 1.235601159425377960e+00
1.372051699863559460e+00 1.180115002311789674e+00 3.489033213683337409e-01 2.796759213787451515e+00
2.456804344442423904e+00 1.571657686241090535e-01 1.417176925320791980e+00 1.516128077881112146e+00
2.943194880799952617e+00 1.636444213796971026e+00 7.749330132235097146e-01 3.584400752688774450e-01
1.702889481396462068e-01 2.257344725528009466e+00 2.659423813358910760e+00 1.395008610848790020e+00
1.235671578046653174e+00 3.062268135399812241e+00 8.579750258968957821e-01 1.987092034510964611e+00
2.455612392957775836e-01 1.551070904774022985e+00 1.152179764924198963e-01 2.028989925682275874e+00
1.941858360060110256e+00 1.387976774637147193e+00 2.580380176771273071e+00 1.144164012835597433e+00
1.181017161886166456e+00 1.937784350551438717e+00 1.111239538488868916e+00 3.114274921128390439e+00
6.056229048421439831e-01 1.182230367760970902e+00 1.384587428351031102e+00 2.935072545345509543e+00
1.450669791298451861e+00 1.452604475137073914e+00 1.787789829524750518e+00 2.201759328574196317e+00
3.581642068336669815e-02 7.463050117819523821e-02 8.398324079528379782e-01 3.088590095305918659e+00
2.921933610191353559e+00 1.976633548062858736e+00 1.724205594635363700e-02 1.693847678430509207e+00
9.916785392032063662e-01 9.887978045413333694e-01 1.263124569666683294e+00 2.042133617450276883e+00
2.871955612267679037e+00 1.593338566880844187e-01 4.658051123478046396e-01 8.147079166830847319e-01
6.856054568659023518e-01 3.123829501591185664e+00 1.886002899278502953e+00 1.971102568005861713e-02
1.831407826221347568e+00 1.342054149616233871e-01 1.285545533339189861e+00 1.853729309046325824e+00
2.514963165864447348e+00 6.255103075764387732e-01 1.044259907317895086e+00 2.962508211599310215e+00
2.894749574115154100e-01 2.843531587798133198e-01 2.234257008105329678e+00 6.953118957636668096e-01
5.141868995067363501e-01 2.246741045640054502e+00 6.711108620625795274e-01 4.520464272124840033e-01
1.422932918458210905e+00 1.989580021079948580e+00 2.330738140621663401e+00 2.379593754806862194e+00
1.393159515162584849e+00 8.535698192188465039e-02 2.754079663301244318e-01 1.381877072658964645e+00
2.941361866415348469e-01 2.109050631839914036e+00 1.081459507950049082e+00 2.042429410024293901e+00
1.964182323780914730e-01 1.660421203221508657e+00 2.040795790334947402e+00 7.396396195073695612e-01
2.127977267048496213e+00 2.825454148455011971e+00 9.961293049417795364e-01 3.445761684228255128e-01
8.477874350655482116e-01 2.459548448849333824e-01 2.628170779012934055e+00 4.337430362142599694e-01
1.570044799073639918e+00 1.221302072438997133e+00 1.631520835164574357e-01 2.683341818158815784e+00
7.558094077087836871e-01 1.973874923009165006e+00 8.173535748317296568e-01 3.601146822117314850e-01
1.950296956185192165e+00 1.824934518301592812e+00 3.044723393899879671e+00 2.974056940100809232e+00
1.129136282271433339e-02 2.575440707556408082e+00 8.968544780579646991e-01 2.618525372399996165e+00
1.061992080468137312e+00 8.214307655353912663e-02 5.107701249955443057e-01 9.079709346659321501e-01
7.815740270456646988e-01 2.786696289184129038e-01 1.027352284518872061e+00 1.216413745746731528e-01
1.832017648299893997e+00 2.835951779556524333e+00 1.927984859581634902e+00 7.383036300278944530e-01
2.455268214243321534e+00 3.127850320487207458e+00 1.892658148149097608e+00 2.955055730698819438e+00
1.910599259084728718e+00 2.373928643933370941e-01 2.353861340788892420e+00 2.155611187031892584e+00
1.903671246812342011e+00 1.563026072931722465e+00 4.633235173862857992e-01 1.035516448937514822e+00
3.591454779477300518e-01 1.567088967815540190e+00 3.023891247895648782e+00 7.581406005294346606e-01
1.531130545837508183e+00 7.354563531970499390e-01 7.241885398350977887e-01 1.742452767756208942e+00
5.854064957559017568e-01 2.031059776440107711e+00 6.288767401570577453e-01 3.125414714692368978e+00
3.009953687423493340e-01 2.717828828740074254e+00 2.020608514115207477e+00 2.187180892516805919e+00
2.067257875277124679e+00 6.740728478991664385e-01 1.768622201789553650e+00 1.991840225015521493e-01
1.599605132936763763e+00 1.115915682861316593e+00 2.494226620673611616e-01 3.938851254620739928e-01
1.455705749353702338e-01 6.121435231290487389e-01 4.477918999084087859e-02 1.202893072598525626e+00
3.105031570976001021e+00 8.296803687328505594e-01 3.076320262681509377e+00 3.070234622346503794e+00
1.062234572373268904e+00 1.318089705593705196e-01 2.453969724514907913e+00 2.741406904164157776e+00
2.371380258947490827e+00 2.376484118683567237e-01 1.329394947338733646e+00 1.320262995578673992e+00
2.735717931599695341e+00 2.985173222082721622e+00 1.279949813822700122e+00 8.992126382648853999e-01
2.406395457945963989e-01 2.290022813451919159e+00 2.385856796933127466e+00 8.242052675121875893e-01
1.856880915068964466e+00 2.497552856879097671e+00 6.738682473649273419e-01 4.593398251267012400e-01
5.076940932227289593e-01 5.574979941874124156e-01 7.406739062893684666e-01 2.928278382625175702e+00
1.103078738537918380e+00 1.562663430768805206e+00 3.108148376496540966e+00 2.465011837449984533e+00
1.884458368440197429e+00 2.389433868309071674e+00 1.076458046013432535e+00 2.185838784672186286e+00
2.871406157700214790e-01 9.141264548768006648e-01 8.578189431460822023e-01 4.027066662239325301e-01
2.767217607826192083e+00 2.487390933858155684e+00 1.463130896354901900e+00 1.782657155118831105e-01
4.238453743232134530e-01 1.875137318954399168e+00 4.465623184388636258e-01 6.830978147186721472e-01
2.320294415249617437e+00 2.563574887731717489e+00 6.328240199304043800e-01 1.764957923515180882e+00
1.760548290279217554e+00 2.070119833444270974e+00 3.078204346538335190e-01 1.906667052593271405e+00
2.179409340897435321e+00 1.095765305433409553e+00 3.022431427499290724e+00 4.676423314557406341e-01
1.944662422511251210e+00 2.335067646677007058e-01 7.368121972288125265e-01 4.872108449719968898e-02
7.738275719107238215e-01 2.363901114253004199e-01 1.693134241449057553e+00 1.489025272065167771e+00
2.501238348607550677e+00 6.137582973033924028e-02 4.884560883677393876e-03 1.212294697197976001e+00
1.712979837160607532e+00 4.997874161739817023e-01 3.355583089320338108e-02 9.503367144492070873e-01
1.097399679400929084e+00 1.250731588397454352e+00 2.669348915702816960e+00 1.570156862025261724e+00
2.107737536483924146e+00 1.656930151591366362e+00 2.318047896200990721e+00 8.775440673311620809e-01
2.797094544681038020e+00 8.509776014535301580e-02 2.080367133896202869e+00 1.611769679046764159e+00
7.674215081137025773e-02 1.501515288197064368e+00 1.518849435804783043e+00 1.205709673806366400e+00
2.066847472930949170e+00 2.440422546729895004e+00 3.518069121459942161e-02 1.915491879703974831e+00
2.859261665859805568e+00 9.528465908757124403e-01 9.975081907277429938e-01 1.698652321181855218e-01
9.072664654239140924e-01 1.922153882206645292e+00 2.364511203951296547e+00 6.107226389243982645e-01
3.128713120652329316e+00 1.543911600088028635e+00 5.271027879974999886e-01 1.859970331204118033e+00
1.923271544995891702e+00 1.520833044479539042e+00 5.801255803317022924e-02 9.955368737139632662e-01
2.072197260087349946e+00 2.797790055344679949e+00 2.776804896797404054e-01 1.522111914223481799e+00
2.194560075026694257e+00 3.080528920459275621e+00 2.927632282945531017e+00 1.638490445311626964e-01
1.605220393723438610e+00 2.132530377921455500e-01 1.759120263305533616e+00 4.447629701124357626e-01
2.738309643585619124e+00 1.265764717210013490e+00 1.313659590013800615e+00 2.893931096608232112e-01
1.813786021284404137e+00 1.830646162928037723e+00 2.738375578301025737e+00 8.698097969077243086e-01
4.485948047304532671e-01 5.577722014582180421e-01 2.005331940521464240e+00 1.612048574974970672e+00
1.909925904811372588e+00 4.771116224021999530e-01 2.879248657427612379e+00 1.724082784136767188e+00
2.728753415270360527e+00 1.801351208079566835e+00 1.101974988741363237e+00 2.343891464864654495e+00
2.160359990886643544e+00 2.568592531707991178e+00 2.425001253003208124e+00 3.121212781052358221e+00
2.411732984047239459e+00 1.503154423447865318e+00 2.480840133167057093e+00 2.018795743775170237e+00
5.973829821047206279e-01 1.743573301752225913e+00 1.026852308585195217e-01 6.829549075032800287e-01
5.930312233371665132e-01 2.221713393574083817e+00 2.505432887679220677e+00 1.906910816589396651e+00
5.467675901894718526e-01 2.273952767830025756e+00 1.604138791099115391e+00 2.974915330637267541e+00
2.309988860000251165e+00 2.720677188727485429e+00 2.099759406877901025e-01 1.283573824505650940e+00
3.052693731848739045e+00 9.870912939217220128e-01 4.020543726584393518e-01 2.715269252917529297e+00
4.802347842722819449e-01 9.025817217842775353e-01 1.138889042505395910e+00 1.052365773769395885e+00
3.078961031296227446e+00 2.607092459153371733e-01 2.431250714550858394e+00 1.458325866021804307e-01
3.765636290609462034e-01 3.415184757757118716e-01 1.887443745319524746e+00 2.474177668454073942e+00
9.956238609005169105e-01 1.654356561390135372e-01 8.247955689077436370e-01 2.295849397033781880e+00
2.472206209005153976e+00 7.852839361560410847e-01 3.865864754366260536e-01 2.677690875351148136e+00
9.794781467803537200e-01 6.001026977542393143e-02 2.033328847361941971e+00 2.306401761944394835e+00
1.151401389206631043e+00 1.661814596723777626e+00 2.101327379110697002e+00 2.724807132264801535e-01
5.037691610545343979e-01 2.245118461869342052e+00 1.458158153445603844e+00 2.586422934737260704e+00
1.532073824281901864e+00 6.989576561501343877e-01 2.144686758808643567e+00 8.138087227431621828e-01
1.200777052268286793e+00 1.188985509987404710e+00 1.899202912067855964e+00 2.560519995245205571e+00
2.092279413946931843e+00 1.748691774518308817e+00 2.428772621099136053e+00 1.522054707860401201e+00
2.474713387340276238e+00 1.440485608602827483e+00 1.185890089861650010e+00 2.161162929563536395e+00
5.741124114066834538e-01 8.578843244458635997e-01 2.330505556124238709e+00 2.250386395661871486e+00
2.626582368327524453e+00 2.700072782011430750e+00 1.903590514495056285e-01 7.942017120500027838e-01
1.179075926258825513e+00 5.336391415189845056e-01 2.178581645310277981e+00 3.924653632498760758e-01
5.655129927797506451e-01 3.130913261682641391e+00 4.905626198054867659e-01 2.561192893039594964e-01
1.262061451723514693e+00 1.223319317175634691e+00 9.245403255278945853e-02 1.254202219185925227e+00
1.753967113357206564e+00 2.714230734302253367e+00 1.318670093472424476e+00 2.840280067629724403e+00
2.589602662620369866e+00 8.912056739157984131e-01 2.145357459364811259e+00 1.624139780573205183e+00
2.272066782958916120e-01 1.641696471516326916e+00 2.812050612934691607e+00 2.546169897238810709e+00
2.134136210509581133e+00 1.540572635694656523e+00 2.397626217685122185e+00 4.645564137440781338e-01
1.475824007518602654e+00 1.304236382387109705e+00 1.065341245661162395e+00 2.054025591164941655e+00
2.579405543486478436e+00 2.474151552403322629e+00 4.362080834358698228e-02 1.808600065208048724e+00
3.081231722622138403e+00 9.031558249282980455e-01 3.338150180356832530e-01 2.342072658962414344e+00
2.642503140658330807e+00 2.973050517959873851e+00 1.600613693255596715e-01 1.694914799154117357e+00
6.657588621259851180e-01 3.029531468973300612e+00 2.405805335713123050e+00 2.524555151055128288e+00
2.378060679987853643e+00 1.936426167479004645e+00 2.592428817582443923e+00 6.185568198701687503e-01
1.753719939439082554e+00 4.441649688159202691e-01 2.456795598022012861e+00 1.863204923270576963e+00
8.243843220763945601e-01 2.193056019042706861e+00 3.087797927737676140e+00 5.569123259965451656e-01
2.217753189101956679e-01 2.104053323786751140e+00 1.657627203557171247e-01 3.046696828965497872e+00
2.852600731577923376e+00 2.284184121861824401e+00 1.218589486121036014e+00 2.116682996434643194e+00
2.548464353018559780e+00 2.320419722558125564e+00 1.131048125255162740e+00 1.092290493316501188e+00
2.668482012822499083e+00 6.776739464986897277e-01 8.158702705285867385e-01 4.417928783989787944e-01
4.260366656210641256e-01 8.851673880908287328e-01 2.503196073731575488e+00 4.480483785592126456e-01
1.549708707117519957e+00 2.362898314899303909e+00 1.359279280063626361e-01 1.978534878789967255e+00
1.404118607040923061e+00 1.539035393918178229e+00 1.143667423411767858e+00 2.676702944538619011e+00
1.031470297563687355e+00 9.065404545250274060e-01 6.756143410792809778e-01 2.392732506542719850e+00
2.467415433141630032e+00 1.702311106914480066e+00 2.707632064879594846e+00 1.118428942534258619e+00
3.481350410326033984e-02 2.746246191449615459e+00 1.669828716277040437e+00 2.570947491631374662e-02
5.654265630868505754e-01 3.524986647784560945e-01 1.057820562588839941e+00 6.536680653282853637e-01
2.493404172215377024e+00 7.510918996322880625e-01 2.686894244615845029e-02 2.270011929693185049e-01
1.325158892945373701e+00 3.296096177465795973e-01 1.059717706582170127e+00 9.363760003523436959e-01
3.077355512956938544e+00 9.476041568914974622e-01 2.499134763543962023e+00 1.582534963602504119e+00
2.715744444980318750e+00 1.702160709477881451e+00 1.636432279973366821e+00 1.963604955626615745e+00
1.145717790139237691e+00 1.368600392126309462e+00 2.801578712769654977e+00 2.442542441335148418e+00
2.198376704873000964e+00 9.796606208458764620e-01 4.383132418363629990e-01 1.577563040148785012e+00
2.698919724110388163e+00 5.942280298795841187e-01 2.935571151531639167e+00 2.962256755575147782e+00
3.424858964311551235e-01 1.876735339841736128e+00 8.695701341093931003e-01 1.809527329804808682e+00
2.945167842899854449e+00 7.761726094868259818e-01 1.125099602741571836e+00 6.710203921390314186e-01
2.229932265756091603e+00 2.685128297131245567e+00 1.382090239478485971e+00 9.545868537799057085e-01
2.782933032620459546e+00 8.694287702478948887e-01 2.704688258150804270e+00 2.934490851010194579e+00
1.050816031532208150e+00 2.814167861709644392e+00 1.574421919787175606e+00 2.177877059055958853e+00
9.936992379125932917e-01 7.736112521974005674e-01 1.288452431009659893e+00 5.120482604271369143e-01
2.483583366781944690e+00 1.068168094400418155e+00 1.803006509616282838e+00 2.586581523996789755e+00
2.085703420572286859e+00 5.777441523465683959e-01 2.751299642297170500e+00 8.027456475251271151e-01
1.789310033156425173e-01 2.486212336643942145e+00 5.923642907094774923e-01 2.623111319141938402e+00
1.851367056169137992e+00 2.638194558423012204e+00 2.851867270104088359e+00 1.748756946288332115e+00
4.677877771663620510e-01 1.667906272809161483e-01 2.934952680670554148e+00 3.044547733686167934e+00
2.324778616441533607e+00 4.756491957489258349e-01 3.096691375781620348e+00 1.554532533793635644e-02
1.568602338593349188e+00 2.021661675627966837e+00 2.401602810960080880e+00 2.140979328331560350e+00
2.818730619866882670e+00 2.236382665713933182e+00 1.100471654671302701e+00 3.083969168912713776e+00
2.598153840421291716e-01 2.690490961045848284e+00 1.247366942258392841e+00 2.539791136867294963e+00
1.238275897438698925e+00 1.653298800762377008e+00 1.974784696006496088e+00 1.049690323156971417e+00
6.838826733843127448e-01 1.696592488467534521e+00 7.568692309582415456e-01 1.378442989333546809e+00
1.870502411007657573e+00 1.564930403020312610e+00 3.485882382267841417e-01 2.224534924254867041e-01
1.727487135541216912e+00 2.250106699154223566e+00 1.187830642748180843e+00 3.610122512423457608e-01
2.854719343218200756e+00 1.336670821832137701e+00 2.432971561749703415e+00 1.503072868955484642e+00
4.137262736104661554e-01 3.574510172485744763e-01 1.542401444300780966e+00 2.257923564613378176e+00
3.005944007154332187e+00 2.724108575558133349e+00 2.019334999848837811e-02 1.233979416917253991e+00
1.385846063710670428e+00 7.553185569116130926e-01 3.653226280230503220e-01 7.504492545047143359e-01
2.753481063961949804e+00 1.137843894752595730e+00 8.640540495512333274e-01 1.429916631402111005e+00
9.669839406184640440e-01 3.136299412214923699e+00 2.600900945468614278e+00 2.894420025880389602e+00
1.070713117409789694e+00 1.093572847884652699e+00 1.259443425275423190e+00 4.282732788347427544e-01
1.357526363308502182e+00 7.118925349032230177e-01 1.520632191144962730e+00 2.216029672549352902e+00
1.460800957472497608e+00 2.662355206584382294e+00 3.012765390990457259e+00 3.062310833059701753e+00
2.066875396683586441e+00 2.118000066107958101e+00 1.916579342810428299e-01 1.763499293134766832e+00
9.605150654057202919e-01 1.737517317340085743e+00 1.581178863792652489e+00 2.584163262750799106e+00
1.362166952583140356e+00 2.170720666560119305e+00 2.591773027677610752e+00 2.846245651869389715e+00
5.621043143661087482e-01 1.483110598171803796e+00 1.799040485021212721e+00 4.969763957161340007e-01
7.723238075562646188e-01 3.518476939135445347e-01 7.593625200112048834e-02 3.211361665770069984e-01
3.068726180049516028e+00 2.361286953230651964e+00 1.395194578530730922e+00 3.113205070961208687e+00
8.937385399920629858e-01 2.624093532114371463e+00 9.887272587096459509e-01 1.669317857093321811e+00
4.403075003493053252e-01 2.876119392636887540e+00 2.502907802885575350e+00 1.422325944183047142e+00
1.123539187176316734e+00 3.056178771246250481e+00 2.072514086179735315e+00 2.603376571375262571e+00
2.454742826029128189e+00 1.304457155157253689e+00 2.050277617950134967e+00 1.834216354319994968e+00
2.304880028792867019e+00 1.985680961307337400e+00 7.535019097566277857e-01 1.657437769539743810e-01
2.632460214934577714e+00 2.192278772016661659e+00 2.679983657875041558e+00 2.432923889766913650e+00
2.997900497124876829e+00 5.885170971103561577e-01 8.357147780269630344e-01 1.645221561998540638e+00
1.391235697349929024e-01 1.648030411918331328e+00 3.062679839882779920e+00 1.074568210870346374e-01
2.521460256339290051e+00 2.267114265050800270e+00 1.251591349930215813e+00 1.533269116334532889e+00
8.201398767999652784e-02 7.076731137717632292e-01 2.478271375398029441e+00 3.960102379233805259e-01
2.585075546256205392e+00 6.616547060860991647e-02 2.487428275299083058e+00 1.864881497942718902e-01
1.977603303043991012e+00 2.558687613757168577e+00 1.877922931759016478e+00 8.606850051425474213e-01
3.773545136985849147e-01 1.695710280076530241e+00 1.239828457840200793e+00 5.296478076568820192e-01
2.820880777592462252e+00 2.284147127051200155e+00 1.214569543147711261e+00 1.419937176568074833e+00
8.144753120419565562e-01 6.371646025516835010e-01 1.666091891543470593e+00 3.424848460757015656e-01
1.844743938685434959e+00 2.484238809685291205e+00 2.212216628736155766e+00 1.355658334201847559e+00
4.080256662942453039e-01 2.523869362769384672e+00 2.596457830139492717e+00 1.912399447075058045e+00
2.500135457864718358e+00 2.993464940467197355e+00 2.475604976998004414e+00 2.105010326601441939e+00
2.244784023548206164e+00 4.596849428905173673e-01 1.447948028494485895e+00 1.517509558011844284e+00
1.181673253493200404e+00 2.469248776664690226e+00 3.401753306430607693e-01 2.426320912626808379e+00
1.911647240025661443e+00 3.112165459125519895e-01 2.944905783581574621e+00 2.926727974018810574e+00
2.573493101997361254e+00 8.736649721573644944e-01 3.054611075193668923e-01 2.473350114282291123e+00
1.555892566765588514e+00 7.892017601000248517e-01 1.862150150102177548e+00 1.780809290210425777e+00
1.271151614139242492e+00 1.326793698328464055e+00 1.167017626111317652e+00 1.270606775683803091e+00
1.649018699805644861e+00 2.612986812239312395e-01 9.881726440655993482e-01 1.094360214640844736e-01
9.801356310209405898e-01 2.029630851923396317e+00 1.918531502738127337e+00 1.420051712801068788e+00
1.734310813624102554e+00 1.341701564275827874e+00 2.912949688432630690e+00 2.064866504530396885e+00
1.363518895045476409e+00 2.832086186052754639e-01 2.849801531436472857e+00 2.934721609608163639e+00
2.206647179128556235e+00 3.775415097455416813e-01 6.181685808115811032e-01 1.186162033135068627e+00
1.061039047243236182e-03 2.300477494794507471e+00 1.122474322305792027e+00 1.426724493948005490e+00
1.597251828229035775e+00 1.696912681159892244e+00 1.613347373257187689e+00 1.715995022203193221e+00
2.313793950452042392e+00 1.902057561027322263e+00 1.498710705852594360e+00 5.652868719908329398e-01
1.128242228578338668e+00 2.148254357116163304e-01 3.002212788714647029e+00 2.035544775785649740e+00
1.029364760648343369e+00 1.412221804242806522e+00 2.666847632818072356e+00 1.819805749494310509e+00
8.137324131854176690e-01 6.850051643173464822e-01 1.576586122625899700e+00 1.655575214618168367e+00
1.640046816292008547e+00 1.856569435102376930e+00 8.923947152602514921e-01 2.224266294975397962e+00
1.040261385980847164e+00 2.594966918676023582e+00 2.960452376803392127e+00 3.994574429050619380e-02
8.821541709937811282e-01 3.071709241897662146e+00 5.944937212000325211e-01 2.936244679529191881e+00
2.405314423551065950e+00 1.213306348712447802e+00 1.498824249504220552e+00 1.704908862048007290e+00
2.900241150780049071e-01 1.615493730203342748e+00 1.724287168997175712e+00 5.187092649376602305e-01
1.443174800157619009e+00 2.750155625929065817e+00 2.934852692870365765e+00 2.468200496312444869e+00
1.316817916559896107e+00 1.558055550321460148e+00 2.044616228716161430e-02 2.125071775345092284e+00
2.380061972618327193e+00 2.911565346010115185e+00 1.272258542957141358e+00 3.076549815978689484e+00
1.981264225887259034e+00 1.309747424231473723e+00 2.160268627086588122e-02 2.679447392784088944e+00
6.976028593435041891e-01 1.453947026695083133e+00 1.260067715961255441e+00 1.684308819551826986e+00
8.550868048639146402e-01 1.495746472865769006e+00 2.465581948621293318e+00 2.918920615602305091e-01
4.009321814311240378e-02 1.266301251195824706e+00 5.572880320560026357e-01 1.432084197432676564e+00
2.368699847416323667e+00 3.008811768420626365e+00 2.807921254967984392e+00 1.221615397602944464e+00
1.456338647953819565e-01 3.619332581182547193e-01 9.639170646671447740e-01 1.263096701940086275e+00
1.916311332204871265e+00 2.709125965894529364e-01 7.590781065319532894e-01 2.093862489964379403e+00
5.480694402415076105e-01 2.093254190120866554e+00 3.138991013268744634e+00 1.255808904981044138e+00
1.809407857714953050e+00 2.078168869776610972e+00 6.145115077432572459e-01 2.438144282129119045e+00
6.061452276500631786e-01 3.073740766671951175e+00 1.059449240710451212e+00 2.984449269498191892e+00
1.356940367233620437e+00 2.125418481155639139e+00 6.014579108951657593e-01 2.460994240471667815e+00
2.047541868796247666e+00 6.262580031803793856e-01 1.435152423268470478e+00 2.175493708742847421e+00
1.467468840294277044e+00 1.700398309298876809e+00 2.023042527570007909e+00 2.852771754094238776e+00
2.892569974779419351e+00 1.709002536986218290e+00 1.959224281843563453e+00 2.368594912716630585e+00
1.684333029223085421e-02 2.090862412729929343e+00 2.142214184831757962e+00 1.284103861162153581e+00
3.118758378782839347e-01 2.904543554492216906e+00 6.213114440926654769e-01 2.158668651342978695e+00
7.738932025434812345e-02 1.467817791655311899e+00 1.094746656664316919e+00 5.455829707291818265e-01
1.735795751469344284e+00 1.900837437601726521e+00 2.806233811531388067e+00 2.052407660826832125e-01
1.079739524277980145e+00 1.580316454453953412e+00 1.187547885210189641e-01 1.440572190509560757e+00
1.936721690359795467e+00 3.731278151497576245e-01 2.802519812963580215e+00 1.558368723473322559e+00
2.223669192431076969e+00 1.039249884105255539e+00 3.329994838972750171e-01 2.822661947394762560e-02
1.490999587296550022e+00 7.544366523513373890e-01 3.014007530222423181e+00 1.032386757212633288e-01
1.771294098706534648e+00 1.892534108009022775e+00 8.973710883651224712e-01 1.249369643654238526e+00
1.802792814288273870e+00 2.202187145325637196e+00 2.611127281726937976e+00 1.921419935747559871e+00
1.027944127929016904e+00 3.070389503470202897e+00 6.718407864071095359e-01 1.922073641383326426e-01
1.765160678332421629e+00 1.695491272101521174e+00 2.738289804792553461e+00 2.087646026818624101e+00
1.476877302553320837e+00 1.615568539860612551e+00 1.915287062559622999e+00 2.518476587308994930e+00
2.838812624652074401e+00 7.186350833358907675e-01 1.254191832327337663e-01 1.592319708675079104e+00
1.769563214829174447e+00 2.437829283879400677e+00 2.864323433192718760e+00 2.636924139362824437e+00
2.128952919794449894e+00 1.803144983193878170e+00 2.666531309941163830e+00 1.971348928876351048e+00
1.780475746965082928e+00 6.297333378691655215e-01 6.376149349807330724e-01 3.101759755035371047e+00
3.538235834087769538e-01 9.318339403444739766e-01 2.142024051122453976e+00 1.639652700750561021e+00
2.188932584222306466e-01 2.680925925531181253e-01 1.570760457914033570e-01 4.796254225535002136e-01
3.022665594725739702e+00 1.845775357016935736e+00 2.882871398766895688e+00 7.487628127303458392e-01
2.320639269286682627e+00 1.764932382962629553e+00 2.972963524425416892e+00 2.674356509761961043e+00
1.860414373765088669e+00 2.850255593942772947e+00 1.376029403881054547e+00 3.363154842715159187e-01
2.811179421224872410e+00 2.490190210272649640e+00 1.876764355753540725e+00 8.918979663374281344e-03
6.492112638420978188e-01 1.774339117108578945e+00 5.783636113829001557e-01 2.359875764236452622e-01
1.289771169442688548e+00 2.415934357325053572e+00 3.638746835686076930e-01 7.073614382363403452e-01
2.256282222583477548e+00 3.057847719100240447e+00 9.409954723508259233e-01 1.225107654232912680e+00
4.183746354699954817e-01 9.636646122424826766e-01 9.588522747836474291e-01 1.077709117237020564e+00
1.148718446586740383e+00 7.800322744464176505e-01 2.873807467290286244e+00 1.365138437542777528e+00
1.210232172560615105e+00 1.098424435282723266e+00 2.446197426214980375e+00 2.224094788528192534e+00
1.532672979315014894e+00 2.995527111290776201e+00 3.117450941692195610e+00 2.434379535218883284e+00
2.484051357402302429e+00 3.071975266773196989e+00 1.812917224410145467e+00 2.797270596753272276e+00
2.122200218288144147e-01 4.199345820908671478e-01 4.760233814035941813e-01 2.508052450307109993e+00
2.421401188188554432e+00 2.480749742571219940e+00 2.270579593452735079e+00 2.076213399175101504e+00
9.231333675353137203e-01 2.304700721139523178e+00 6.750001895416429809e-01 2.678516122362357255e+00
1.914596660720981058e-01 2.919905284672520640e+00 1.506514063223818534e+00 2.561775607013581535e+00
3.722497361089501799e-01 2.389243085458921723e+00 2.681396273042338851e+00 2.980552867464226541e+00
2.559717423976496153e+00 2.935364568581273037e+00 3.261261059657460382e-01 2.498851801830428876e+00
1.840307130136211500e+00 2.350937867829357764e+00 2.330084320890105087e-01 2.990652741900194034e+00
1.116402869707804779e+00 2.095701139392183165e+00 1.512324773569966307e+00 2.227316667053498733e+00
1.577801387180760351e+00 2.779419448061104969e+00 5.031244168052024790e-01 2.114344852179808498e+00
2.488198160532666847e+00 2.510896337102926923e-01 1.654980243351050762e+00 1.107289452471876157e+00
2.856835777203567961e-01 7.036482523872582551e-01 1.909245996628266662e+00 2.325628606730708370e+00
6.149636681073417793e-02 9.895516161980709713e-01 1.192407309862887788e+00 7.285117601458026559e-01
2.189778574090623486e+00 6.974998990738330573e-02 3.705154116765611017e-01 2.336047433833474685e+00
1.384510571560770176e+00 2.332948855608322880e+00 2.164069116998504683e+00 1.553478745661984073e+00
1.408774462394418503e+00 3.515873008929235044e-01 2.195366902192641967e-01 6.942975536019125871e-01
8.938168071395793390e-01 3.041989664888454126e+00 1.586700919041506674e+00 1.991160304428265970e+00
1.722441810574120713e-01 1.776549886977647263e+00 2.797677205397901545e+00 2.911587265838965433e+00
1.108061594488191082e+00 1.357077442450602023e+00 7.704956013722125130e-01 7.000101406659532399e-01
2.422523833269012883e+00 7.858713872176169568e-01 7.848934265733846782e-01 2.449486987210393263e+00
5.981876707261623433e-02 3.395672087029597552e-01 1.561524184114994274e+00 1.578706984285924264e+00
2.589407427096820147e+00 7.786481441466110154e-02 9.500054488649560813e-01 2.191675963733196841e+00
1.600213625418154928e+00 2.698916823293879386e+00 9.533714574885987503e-01 1.540172084398870878e+00
2.290488125077495773e+00 1.532422251525714096e-01 1.132214183326575085e+00 3.110028264938800913e+00
1.847002399727266875e+00 5.552122063241496930e-01 2.959212974692701170e+00 1.808270859692121535e+00
2.384621994363375297e+00 1.230122266882212045e+00 1.011245456710284651e+00 7.478550990987815617e-01
1.507515674759648261e-01 1.077632971259532502e+00 1.720431151284683713e+00 1.857693244351615425e+00
2.598251609675706675e+00 1.160904268883524715e-01 5.780305698236476442e-01 1.927268109525976492e+00
6.029509968283169874e-01 2.099436705519681201e+00 1.961993867102068023e+00 1.761174204768262141e+00
1.305288149435998302e-01 2.296200247944881312e+00 1.937219080615852462e+00 1.899137014193879036e+00
2.344667830383452056e+00 1.091856506787370895e+00 1.948570918073387892e+00 1.237378884638407284e+00
1.206113805154477747e+00 2.004552723202342346e+00 2.755236990976591138e-01 2.731432707313377506e+00
1.849024099295129453e+00 2.166420872290180988e+00 8.581914449646477205e-01 2.484694743859481303e+00
2.343898164498426251e+00 1.159611591508815431e+00 2.809348595139018911e+00 2.241536333064191755e+00
1.957665567302151910e+00 5.841597260053674745e-01 4.161102296682872015e-01 9.221989177499024803e-01
6.198242969180954853e-01 1.051027575145740522e+00 8.086760802020236394e-01 1.786477629231691289e+00
3.024146285941385237e+00 1.102799925624317501e+00 2.190304206915815843e+00 1.797087637651564762e+00
2.286855153333219981e+00 2.102711869909244413e+00 4.245667289325659628e-03 1.338277864986483212e-01
2.723370003086292623e+00 3.065013216828292197e+00 1.744137668295388632e+00 5.044272139638179553e-01
1.073134232251750309e+00 4.852921522622099526e-01 1.293623341409619876e+00 1.476452553127002076e+00
9.705919174591436382e-01 8.870379769848433238e-01 1.952762500935344203e+00 1.121749562697704317e+00
1.357498438415520203e+00 2.622552615229607476e+00 2.073553758979144401e+00 1.220900842909768302e+00
1.922292956772759576e+00 2.395505108221870627e-01 2.994912691940150751e+00 7.350343062649429271e-01
1.765929092673573120e+00 7.294771623237655822e-01 1.182346202064989082e+00 1.492202427336317694e+00
2.592023229808821938e+00 7.662247247287734542e-01 3.064013753434543741e+00 4.193437278250414235e-01
1.091096050129498396e+00 1.943511224764956857e+00 1.014462614209742819e+00 6.189864613294724371e-01
2.892466067375056848e-01 8.367683286833865752e-01 1.722755974150242508e+00 2.156994305780206567e+00
3.071608086070957366e+00 2.272931254473147256e+00 5.101776114777203386e-01 1.427124941647639922e+00
9.213320227085685099e-01 3.798621816352891201e-01 2.102681462048511918e+00 2.429465166431252765e+00
2.862654031260638554e+00 1.017437462735857112e+00 2.961438682399305744e+00 2.957055719585323317e+00
4.093878256759836964e-01 1.522891455768601299e+00 7.182452245414727710e-01 2.675753620594322424e+00
4.502745261572567159e-01 2.321878262712821495e-01 7.994802458947906088e-01 1.006288208875418810e+00
3.679525464082742392e-01 1.645960861917197704e+00 2.747789856938468667e+00 1.666754816029460073e+00
7.082768345300998192e-01 2.184968685608040584e+00 2.245105349660413196e+00 1.750986648736369222e+00
6.101967638829854934e-01 2.520843614616450790e+00 2.412922977774166089e+00 2.376560572863714693e+00
6.730146572041796338e-01 8.715940196190297140e-01 1.716115084882629649e+00 1.828534956935564448e+00
2.245232837586937702e+00 2.186821119851387163e+00 7.604825333991430680e-01 2.340451881088065900e+00
1.115527391619168140e+00 1.067569343961920048e+00 5.090288245380611976e-01 4.429941894169492356e-01
1.899680184064618027e+00 6.658484447207556611e-01 1.152724433488146127e+00 2.456108651286276423e+00
2.543286671921868969e+00 2.337821963379376200e+00 1.490377846170115150e+00 3.061397393055524496e+00
2.275644980515362015e+00 2.449113817267651427e+00 9.642222350566209688e-01 2.584018858683660547e+00
7.607082927693855634e-01 8.335374931832046919e-01 1.248168239298587112e+00 4.231375833207621229e-01
3.021911598272745358e+00 1.505408293366078176e+00 6.638008727507294093e-01 3.948148308172138021e-01
2.676877364585720454e+00 1.148731600698437383e+00 2.811959326139985560e-01 2.475888990040593374e+00
3.922241443489559720e-01 1.542338058603809126e+00 9.904299158093593514e-01 7.518374336204162178e-01
2.230603202368675486e+00 2.191248859222292733e+00 2.145365465829455864e+00 2.966794069024650593e+00
2.434845388251595022e+00 7.917033479561719211e-01 1.827106387159880718e+00 6.942831975329272209e-02
1.736931330211661351e+00 2.795869479161932070e+00 2.322150082267942395e+00 3.121654819859210672e+00
1.544187167548799255e+00 1.806667728188877664e+00 9.938616651331094731e-02 1.746982311480727024e-01
2.271660247383994857e+00 1.211947499071067469e+00 3.246196713554687641e-01 2.521213185869191076e+00
6.545220874302543068e-01 2.653027612891006193e+00 1.962635885298804839e+00 7.547682957743493404e-01
2.704710708751589365e+00 2.827764007275026970e+00 2.432894339239084047e+00 8.622721697771220661e-01
5.859252941154115962e-02 2.370877844364071230e+00 4.249156066798653875e-01 1.290247770453482046e+00
1.180812805742139426e+00 2.089773048044080372e+00 2.622023111609088186e+00 1.180872055216528826e+00
5.774182529540725639e-01 2.313492884616816347e+00 2.273875391688354952e+00 2.931365337033922991e+00
2.437082384866032569e+00 7.164165893751499592e-01 3.620341971765031475e-01 2.892855352545975922e+00
7.821426866686291834e-01 2.421935570583795272e+00 2.710773779234975756e+00 3.197025750130931820e-01
1.026836582984482105e+00 1.943669378665390024e+00 8.494171083023974722e-01 1.399456483607458779e+00
2.413396234170172683e+00 1.802309006690570703e+00 7.849613433568465304e-01 1.090394570474856772e+00
1.678677489455005611e+00 2.331343286783502666e+00 2.853373695056748982e+00 2.006485406734462185e+00
1.574420715371823931e+00 4.336951367204028296e-01 2.415570784425097095e+00 4.732122322102122469e-01
4.571759829384145490e-01 1.970426459840295186e+00 1.029765433755268855e+00 6.524698746053742004e-01
1.114908863934877203e+00 1.983381176937164758e+00 8.247506769038420726e-01 5.234459253167228487e-01
4.513308780591704927e-01 1.102620593786266090e+00 3.139672834316050931e+00 6.999706857147645900e-02
8.255085196449634122e-01 1.582932472486873410e+00 1.177725627953444043e+00 2.341542076511614834e+00
4.773559162908551090e-01 1.655518767956406373e-02 9.301831310998803781e-01 5.268037516685916133e-01
2.372665468065968675e+00 2.862298052942445103e+00 3.009849104270261311e+00 2.178838053833048960e+00
5.901625991190417864e-01 1.182998921380224333e+00 3.788051561377389076e-01 2.647266649833138086e+00
9.577331657688101796e-01 2.660297277486359580e+00 2.750773773853092408e+00 7.296351501414620744e-01
3.114757101654535898e+00 1.190105205904587127e+00 1.169162841146609066e+00 1.861148119132608691e+00
1.462504139593168606e+00 3.706266541749123622e-01 1.116389377951000350e+00 1.793928427893445088e+00
4.040129618821245439e-01 1.514934267393722056e+00 2.562787648434005749e+00 9.297253808461067859e-01
1.367113778254246625e+00 1.838839741491733737e-01 1.401111920040678749e+00 1.227347351695333710e+00
3.087231246857339073e+00 8.199619937151637616e-01 2.063260985237839851e+00 2.777080681370366122e+00
2.043061948537531425e+00 1.273828432161182578e-01 6.829671480365671066e-01 1.441532506361118848e+00
1.501020833889341155e+00 1.078826847370976116e+00 3.595677259597223063e-01 1.476571799405652641e+00
2.626263925661171506e+00 6.126199976485304788e-01 1.903429918339025972e+00 2.170304572206487759e+00
2.146915461088609312e-01 2.328107493480261692e+00 2.294829421018625304e+00 2.595855074611291169e+00
1.038596857534725304e+00 1.378049306022286036e+00 1.610820206454003589e+00 1.882269216000544532e+00
2.007100771934835937e+00 2.748382236163402936e+00 8.020862844191610774e-01 1.985282761905068138e+00
6.400598159243593432e-01 1.484808063450431037e+00 2.206972002845743186e-01 1.706489707952212331e-01
6.250265966797645678e-01 2.373702843889676117e+00 5.799089662684026036e-01 1.643979996688437195e+00
2.159622253238119294e-01 1.279311498013846471e+00 2.815721750970451520e+00 2.998779827396811815e+00
1.605579330147774764e+00 2.572031795937825382e+00 9.802422822041405581e-01 1.038193910726203484e+00
1.615522360690435644e+00 3.105903934119949472e+00 2.077535716619419937e+00 2.757198076298202682e+00
1.294320824806797665e+00 2.785259199828133081e+00 1.972144233935264834e+00 1.423392662987417845e+00
2.222713624502179908e+00 2.169786326467695758e+00 2.876102137082350296e+00 1.736702338762766917e+00
4.353867970938211096e-01 8.039030817966944520e-01 4.733261447264434096e-01 8.251468185675892020e-02
1.070004265937186116e-01 2.264088680452124969e+00 1.665001748440666285e+00 2.924212708764550417e+00
7.263456789959631399e-01 2.857720088256018975e+00 2.706116653162184527e+00 2.383134833291804533e+00
5.446297383843274886e-01 1.041119976835535699e+00 2.649286606568510560e+00 1.479189362622661985e+00
2.436488317080094834e+00 1.927634061372663687e+00 1.155779278970791912e+00 1.598832132131399186e+00
1.322668295141809169e+00 8.517615200283281673e-01 2.474050181457716047e+00 5.076313848507931770e-01
2.244631375850413058e+00 1.290212895413014094e+00 1.660240596717043049e+00 4.278516315064610498e-01
2.804375843190503037e+00 1.745080176106931502e-01 1.842231393580796794e+00 6.995050747155198145e-01
4.856767646580376074e-01 7.235314992765101705e-01 2.192203301652585701e+00 1.513976965572618516e+00
1.649694934856157591e+00 1.110718204264837805e+00 2.129653456391780608e+00 1.287633067746320359e+00
3.559889338407550841e-01 1.696049277003037759e+00 2.680919199078205750e+00 4.543877193861866615e-01
9.946737827564471057e-02 2.125386668394860568e+00 1.253933673728088838e+00 6.448180670756370469e-01
1.654131404035296571e+00 1.254920728673414976e+00 5.094713578248498687e-01 1.378746855393846671e+00
2.469218079520549558e-01 2.796067912502825603e+00 6.714847389647010667e-01 1.842076580004532227e+00
8.656435290030053409e-01 3.238590093600339226e-01 5.092241568890630843e-01 2.121549521577949182e+00
1.246755806268261768e+00 2.169016990191582561e+00 2.484498681578397594e+00 2.556892026569017151e+00
5.916411819882189116e-01 3.140094871289297540e+00 1.205197319956527346e+00 1.215544555654546777e+00
1.849731880287379004e+00 2.648958700498444951e+00 1.568884560391919258e+00 6.564539741113855076e-01
1.811312122904643052e-01 2.798417120429270710e+00 3.101054522614381970e+00 1.877070536990802507e+00
6.498861071441457415e-01 1.446077952040117909e+00 1.812192031028889427e-01 2.427645649314493337e+00
2.497805474379448665e+00 1.869904045079553656e+00 2.196931369044817117e+00 1.344233512890181448e+00
1.894677555159452353e+00 2.127157074915365431e+00 2.373776073319658064e-01 4.922656840382710897e-01
1.654922247350116393e+00 1.695551238953411977e+00 3.288027335125534578e-01 2.680045186340600072e+00
1.380232831572451691e+00 1.034470938537048967e+00 2.628729999416796748e-01 1.323731168297096472e-01
2.118742715221260564e+00 1.177354998504537509e+00 1.529541017512326739e+00 2.323330421758059927e+00
2.437279612530867556e+00 1.075050554546491399e-01 2.288640455214956404e+00 2.737001039555606585e+00
7.389804949454036043e-02 2.826326551120291519e+00 9.683278270843737046e-01 2.326318998316009967e+00
3.088470950930372272e+00 9.204852028283180276e-01 1.747237279693788281e+00 1.786044436103278787e+00
2.443684777841812483e+00 5.581955488511078922e-01 3.660577061015811706e-01 2.864351193527414186e+00
1.163014483776819485e+00 8.531426187541623074e-01 2.849855409608777368e+00 1.380716196909162363e+00
2.665283614504125431e+00 2.413828842357371496e+00 2.632280741221941334e+00 9.904664678778800635e-01
2.446613752870315572e+00 1.220025006183004690e+00 2.854003749438919879e+00 1.084736112586201617e+00
2.169806315138672392e+00 4.871164545411878211e-02 8.246849542629277607e-01 2.906844048847265771e+00
4.818871539963348050e-01 2.271948432766520032e+00 9.011167976735723339e-01 1.961025182557285307e+00
1.584296218317862825e+00 2.151704027699322452e+00 2.821371281517729201e+00 2.369158391964763855e+00
1.326700153553356687e+00 2.821563511736510321e+00 8.299611161976869766e-01 2.721658818570285465e+00
1.799564155530797960e+00 2.644195972863041977e+00 1.612797169470412184e+00 1.554097531671871701e+00
2.563474402185244472e+00 3.644417497138647821e-01 2.177337825000272620e+00 1.682441010136989323e+00
1.259059777187263141e+00 5.406279047178775832e-01 1.320963782005685205e+00 2.133994959680948433e+00
7.910923217735036372e-01 2.538014557693949680e+00 1.547586569671270729e+00 1.981268563134610562e-03
1.094199916909521786e+00 2.729173141157724469e+00 7.543200386899280296e-01 2.925921506144026463e+00
2.623706741928114372e+00 3.062570787699341324e+00 2.556989034772771952e+00 1.288151877084623198e+00
3.494906578050880341e-01 1.201970119984630658e+00 2.531588486585322761e-01 1.287556721541157856e+00
3.093208208351369670e+00 2.275027521606218794e+00 2.402981346371190430e+00 1.737651448166135815e+00
2.105925656060544937e-01 1.595625165319951133e+00 2.492213724838763245e+00 7.276733707281638278e-03
2.014629915237125424e+00 9.436031670817641714e-01 1.142697736735858172e+00 5.258054164445776779e-01
1.383261523804047544e+00 2.325589958880450947e+00 2.285573955192628848e+00 2.533681763222257022e+00
1.247609927885535930e+00 1.439460926672163188e+00 1.234095794237632271e+00 1.426135914248329639e+00
1.835749868061085976e+00 6.808958298788035934e-01 2.327632437014196809e-01 2.002381382753411820e+00
1.964909129195367310e+00 2.740168156651085596e+00 5.798638811617725652e-01 1.575879448905692870e+00
2.097437091626270345e+00 1.715174402837980894e-01 1.981356236432218587e+00 2.136316095866901854e+00
9.170623147695623478e-01 8.515330106283374167e-01 2.642255717469466081e+00 5.660921097114175043e-02
2.522361786556511110e+00 1.418160423726452901e+00 1.367284460389412759e+00 1.907415338192102849e+00
5.116730743093554912e-01 1.259523047143103369e+00 2.963188158887896773e+00 2.656819555165798707e+00
1.597043972716120752e+00 2.353848394592863880e+00 9.950007801367938276e-01 3.231726130051349455e-01
2.651698553238417411e+00 2.616742402942294987e+00 3.055825290335093314e+00 2.149526130033352800e+00
5.432450388570103650e-01 2.654591388787361783e+00 8.027193661577300965e-01 1.989453393106166867e+00
2.757943386320601320e+00 4.899021124186170306e-01 1.023403836258533595e+00 2.437612309499219254e+00
7.656852993765300708e-01 4.857151570606180191e-01 2.323328021574898372e+00 6.674454841756540802e-01
2.186107295043345999e+00 2.403435499197953185e+00 4.088503874380866043e-01 2.449235594013060346e+00
2.915368635090916261e+00 3.030090035423931849e-01 1.252052481328081335e+00 3.444240481908719120e-01
5.702908872574701249e-01 8.382010559416850359e-01 2.101654353354692084e+00 2.769000439600301178e+00
2.391827575918671123e+00 2.013230425816180613e+00 1.523692603247371435e+00 3.124900270260972945e+00
4.802489047236393471e-01 9.531785832501314948e-01 3.139341133429276898e+00 1.772653264831856257e+00
2.688588878982563379e+00 1.877902384844723160e+00 2.451791410975050489e+00 1.083753710737876519e+00
9.746030582009111987e-01 2.157746651107259606e+00 2.636651016270294079e+00 1.998288827967637515e-01
2.033934646757053211e-01 1.363794757817844150e-01 4.866311867441657779e-01 6.954041861184860895e-01
6.318137389904938672e-01 2.304365903686257600e+00 1.883995121486096380e+00 2.944722595488189043e+00
3.187780059304973213e-01 1.914897399427230251e+00 2.714622946775639534e+00 5.100819491916185333e-01
2.002376590627799935e+00 9.341611613104070511e-01 2.263042729962921662e+00 1.175752506128903585e+00
1.287559958958868656e+00 3.610033433463024077e-01 2.900449243416808098e+00 1.571150630514146052e+00
2.838910320742348059e+00 2.226258519827586380e+00 9.958180759117540859e-01 4.639992167955181990e-01
1.197707818232429000e+00 1.915832331430053770e-01 2.487470220589846459e+00 1.044619749859963947e-01
1.895955796994072351e+00 2.217237009277445853e-02 2.892760294741961502e+00 2.898014191646227200e+00
8.117375812351557141e-01 1.032660031341666729e+00 2.235256366325915955e+00 2.356894162383384173e-01
4.731716802099903418e-01 7.194222892128149249e-01 1.411830513297328782e+00 6.865426956600741981e-01
9.083056038875924054e-01 3.535837434459334072e-01 3.594787297086272093e-01 1.626559494995972521e+00
1.895028022708070914e+00 2.161619703223812028e+00 5.129816742846898814e-01 2.876813925281111128e+00
1.829003018025011362e-01 2.818757909647208848e+00 1.382624687980968936e+00 1.204805655409144416e+00
1.424633768011343671e+00 1.786598400598789604e+00 2.932837062987489141e+00 8.981525555306680841e-01
1.846836068041735057e+00 6.140840722464037116e-01 2.607670606595284379e+00 2.196554263534651774e+00
2.406142828617930718e+00 2.853533859017652663e+00 1.360540483675025891e+00 2.292916200221808865e+00
1.803496868955565935e+00 2.751710567298804033e+00 1.452936226246779761e+00 1.974266706492967982e+00
1.202459860861376351e+00 9.057856609289539895e-02 1.294443588667107070e+00 4.375670141333329877e-01
2.887438183841798622e+00 5.146471232812711571e-01 1.267228647957623133e+00 1.406389305991734728e+00
3.115304936361906307e+00 2.268795162624817063e+00 8.620174817651133914e-01 6.309676226848468517e-01
2.044414000878934878e+00 1.221679092528626276e+00 9.709476191428114689e-01 4.769535074331105462e-01
2.626764245954956167e-01 2.974187002666913493e+00 1.389354856343026079e-01 4.124507249588557634e-01
2.531330272046989460e+00 5.310803104237793448e-01 1.340271794444368503e+00 3.061780785455018083e+00
2.089514600179222636e+00 1.142869504652059609e+00 3.141501255376719204e+00 2.960475003662559779e+00
1.529469204321305398e+00 1.961407208278123315e+00 2.489268569778758433e+00 1.992497237877739247e+00
2.635558183314598235e+00 7.536046879347861882e-01 2.481262065605935596e-01 1.654384590387186327e+00
2.205442905540343279e+00 8.888075204855409028e-01 3.113384283588797263e+00 5.393284769263080314e-01
2.335853769682883385e+00 2.130765008897835155e+00 2.735436041019099762e-01 2.252592026331036390e+00
2.433608821588553184e+00 1.348314537320260742e+00 2.358591403849809254e+00 2.893353390934186864e-01
1.696952022939853810e+00 1.175770821280799128e+00 8.345516465606799272e-01 1.872637266816346235e+00
1.766210088021594071e+00 7.197378800547453437e-02 1.416649728856611556e+00 1.275624042103495004e+00
1.251029335124945741e+00 1.338137919374332796e+00 1.897543020012792958e+00 9.467145286083178402e-01
1.695216136287044595e+00 1.407123642161087096e+00 2.689411497997046485e+00 2.948232031366949113e-01
1.462039181900550044e+00 1.169171684462873451e+00 2.027158485072394711e+00 2.041890703785361083e+00
9.395187608975479332e-01 2.196358080654076783e+00 1.233939962660516088e+00 1.514996882776072695e+00
2.052490293745166561e+00 1.743529565443514784e+00 2.740034374366678849e-01 2.509421594897746077e-01
1.387367013249116932e+00 6.609500575755765661e-01 2.550407109394419614e+00 1.609533784915421650e+00
5.819821860695475468e-01 2.410384151451664680e-01 4.158307122385176413e-01 1.168989151091828216e+00
2.713374808617921907e+00 1.406190173156099288e+00 1.037522574155721848e-02 7.037750773741184851e-01
3.329193787735082715e-03 2.609848981544391489e+00 1.890119432381664133e+00 3.330764538507566264e-01
1.045901626360670855e+00 1.595734434475168939e+00 2.654435369840722370e+00 1.419705123717501349e+00
2.538919299609945224e-01 9.873847437558733731e-01 1.318506668571051366e+00 3.033129402551280496e+00
2.115459263864964967e+00 3.014018402992585166e+00 2.271494308712035171e+00 2.167456150486770650e-01
1.058548712555275273e+00 5.281256328035870418e-01 2.712981490053565370e-01 1.034741479069886672e-01
2.808888455670268125e-01 2.655187355594538001e+00 2.656924690127474342e+00 1.581172996263050801e-01
2.811929630489192977e+00 2.474240996533846992e+00 1.244932884683065764e-03 5.702908894457986433e-01
2.091327801440411527e+00 6.134017167626825140e-01 2.947827229552001382e-01 1.771199839249907593e-01
2.888488733041515211e+00 2.326863912887911390e+00 2.722324067115454493e+00 1.120723614486022424e+00
2.087954572020315425e+00 2.173393853552548993e+00 2.626154132044054901e+00 1.669727021594225924e+00
2.171455586232340362e+00 1.977624873429381758e+00 1.303281975427162287e+00 4.330185027388775421e-01
3.429964116696834209e-01 2.770819981971984092e+00 5.877264031138831890e-02 1.359735275973757096e+00
4.512496572817824569e-01 2.518627100384297268e+00 7.345676562997233150e-01 2.383121736067771668e+00
1.170749532023882405e-01 2.660683938108893365e+00 1.671830297278879218e+00 1.890686019168165144e-01
1.863972179860700296e+00 3.102409237571344569e+00 1.845475548978449565e+00 1.743395850619055554e-01
2.756584813665689193e+00 1.977829404767705634e+00 4.518038628381210176e-01 2.747188813428949938e+00
1.350650329107514036e+00 1.373250286486993987e+00 2.399190432900561110e+00 7.148143858958391217e-01
9.637732314425936364e-01 3.018227099979799544e+00 3.792125030568341271e-01 2.023851312830367899e+00
2.747629001370655022e+00 3.059304987232187578e+00 1.143953032521602298e+00 2.486829086445426107e+00
1.992952229479548532e+00 2.628525714900137977e+00 1.521830286030517287e+00 1.373440107756498385e+00
6.528129793943632242e-02 1.519724540429959747e+00 2.562535645819852825e-01 1.736367532918951850e+00
3.386987905627333872e-02 9.462241311238070440e-02 1.020468064364157046e+00 1.953239196489157115e+00
1.130674849850992869e+00 2.290288756879872878e+00 2.732918289024511616e+00 2.821943309981740367e+00
1.532815713484752651e+00 2.392917090953960102e+00 2.668060041853247188e+00 4.540079698395959595e-01
1.923142229011408078e-01 2.813714189097990648e+00 2.501754468960022404e+00 2.336432590162847323e+00
2.174842946020012935e+00 1.104449309304127658e+00 4.936148187949812582e-01 1.785740725045382948e+00
2.179455871228107355e+00 4.218890536644712697e-01 7.344868309266060491e-01 1.771490138593472485e+00
2.538189919678782491e+00 1.696910465952865543e+00 1.902387226536500719e+00 1.895074279533433659e+00
2.752070924041897237e-01 8.309001043165352707e-01 1.480803183418541558e+00 4.667185075501361635e-01
2.123988578553813511e+00 8.159293557857018042e-01 1.246088400878532010e+00 1.417304570448478129e+00
6.766877183936842455e-01 1.028673750872765025e-01 3.044149902380449468e+00 2.941528062368324203e+00
2.116224024623158062e+00 2.201524303405789418e+00 1.877433659232890850e+00 2.738179232212326397e+00
2.504368215968400424e+00 1.575912027581231722e+00 2.238568692438198671e+00 1.925128500395718145e+00
3.081045725223362508e-01 2.721522002201760548e-01 2.860651515371895215e+00 1.593072021336833233e-01
3.111183820924852128e+00 2.781433503844641830e+00 4.817405413691560057e-01 2.620654686185664772e+00
3.558923785099767367e-01 4.435343852474601944e-01 1.361603132472744893e+00 1.995860654831413394e-01
2.627607682595784588e+00 1.930274451124892376e+00 2.586371972550886245e+00 1.232712897127266061e+00
1.445721787544773929e-01 1.224179766554478910e+00 1.161749382954766041e+00 1.148681587382117009e+00
5.381012429760413385e-01 1.313827301569728823e+00 2.499881125472696475e+00 2.864637804417452305e+00
2.493032185130004574e+00 1.693399511217141606e+00 2.638969714945065270e+00 1.418579356350380127e+00
4.065537233943709583e-01 4.005927857375792822e-01 1.749303051130551401e+00 2.055534066276704763e+00
2.637044753964329136e+00 2.426062455351555958e+00 6.869581083656844944e-01 2.895135052198489323e+00
2.259847401372485187e+00 2.999571134193733113e-01 1.864705263117649725e+00 2.120384645044704364e+00
2.792966141913867606e+00 5.192172570656482522e-01 3.374718641270884473e-02 2.646411419362315165e+00
1.192523228172185090e-01 8.796729654400897713e-02 2.270397442404123445e-01 1.916363609180979921e+00
8.144931408920857985e-01 1.882429293154642691e+00 1.949317133483589704e+00 2.721077880391529202e+00
8.944339173268671672e-01 1.997246007240615073e+00 1.297647351522468462e+00 2.557077829377808698e+00
1.437118173292505796e+00 2.997780719514048009e+00 2.971494009516163270e+00 7.302838933823707634e-01
3.689479862893787487e-01 1.204827707808585613e+00 3.110471388147706406e+00 1.746694948924204072e+00
2.274838256992776309e+00 1.096644222259737234e+00 1.649094420948959083e+00 1.218118256329741911e+00
7.455933927318747489e-01 2.305025719560394482e+00 1.209906825109963391e+00 1.741129042033185526e+00
2.193542287188847695e+00 2.702237945158317167e+00 2.941561096630909145e+00 1.648701849546561293e+00
2.400680381504561201e+00 1.841525246915956204e+00 1.829369093717104988e+00 9.935863112363921834e-01
2.878424116389952658e+00 9.164846014556046194e-01 1.402872769374540196e+00 2.856546067446110726e+00
5.404702732500596962e-01 2.667409220313283758e+00 2.436258420704006111e-01 1.670912698609108960e+00
2.962486984137779888e+00 1.697781090098275936e+00 1.172361322215997648e+00 2.539416000943063523e+00
2.387665503348332052e+00 1.901053674307435104e+00 2.404530561789452126e+00 1.126555794771089358e+00
2.607758901174629163e+00 1.947279399876881145e+00 1.966450548546942734e-01 1.233768133322042715e+00
1.300576695319183074e+00 2.120359948133028194e+00 1.305170814417609293e+00 2.355543662884060474e+00
9.957697089224724907e-02 2.156881989247957154e+00 2.388361059549612142e-01 1.863290646561085673e+00
1.942459339153421061e+00 2.689539655712160471e+00 2.470285511049012506e+00 8.896445063320140845e-01
1.140283530349206709e+00 9.903249548119337220e-01 1.968238257120439594e-01 1.824083680794001738e+00
2.083381664769946351e+00 1.675094360299297369e+00 1.402184424367177273e+00 1.027937001118923055e+00
1.653304147464111695e+00 1.515122740475069563e+00 1.840523251368941127e+00 1.002992545769276322e+00
1.140622928792636159e+00 1.787326359347083837e+00 3.488283302713789391e-01 2.612078435174823188e+00
1.548187196728173787e-01 2.829717776300076260e+00 1.753888513482024236e-01 1.196632933052367287e+00
9.002935690424432869e-01 1.794409315364904778e+00 2.733956813989649071e+00 1.312613764423354645e+00
2.392508062588418263e-02 2.300399642323200378e-02 2.091097842265837059e+00 1.719145469742074051e+00
1.725533330522728948e+00 1.142828692323940132e+00 1.102825083839106934e+00 7.725073127644637161e-01
2.148097648868466880e+00 1.613115283200184935e+00 1.802055071127162567e+00 1.502605296781020783e-01
2.204518600783045290e+00 8.298065198682823274e-02 2.698611261404683326e+00 2.106110538784067288e+00
1.462206937869237056e-01 2.100280934647399178e+00 1.245349779651567346e+00 2.829306808308753141e+00
2.738455588041273536e+00 2.830955602879391408e-01 4.094223762842582048e-01 1.090957551920026525e+00
1.748903481752186018e+00 6.962139420286793667e-01 2.511008420490983273e+00 9.990841570071338218e-01
2.420453187509761683e+00 1.582874738466248932e+00 1.881790276319313726e+00 2.448898609008524740e+00
1.218759719429175936e+00 2.836164595104935682e+00 5.586283601721497155e-02 3.042072516539581883e+00
5.062985753467222905e-01 2.789249617256867708e+00 1.156257050470312769e-01 2.542456487302323431e+00
2.050521079865488705e+00 1.742088705364510881e+00 1.817507543471901688e+00 1.523002264570139444e-02
1.310137455476668711e+00 3.133766462335456193e+00 1.561840291933781710e+00 1.983200467818753143e+00
4.920289647729537696e-01 2.492584834876738320e+00 2.944832894045594784e+00 1.267032177053318387e+00
2.041657430151762931e+00 9.051613614547286690e-02 1.816397100987953817e+00 2.655877973122460212e+00
3.002298994289458456e+00 6.844339261166331179e-01 3.066713351912432550e+00 7.925870810510240450e-01
1.960903531345288497e+00 9.450780132303153724e-01 8.916800288048444545e-02 2.411437214866698042e+00
2.376225443461699616e+00 2.359270117995196703e+00 1.552005282461592195e+00 3.117378952995748964e+00
2.626593296699031854e-01 3.003468155187993816e+00 9.282153812611446120e-02 8.544944626627662965e-01
9.458969750536541099e-01 5.181867783088185409e-01 1.694317124415447795e+00 5.861389642679766254e-01
5.426142652450297588e-01 3.141438437037917364e+00 1.757019558432200146e+00 7.233646250170913117e-01
1.934420715347863640e+00 2.358574908260306913e-01 2.426421762946993965e+00 2.341853311217628963e+00
3.070615703665605878e+00 1.283066258877448629e+00 1.831539407725880420e+00 2.774262473578952282e+00
1.760029618005395591e+00 1.809640337153858525e+00 2.847120332586099423e+00 1.515080957957904761e+00
3.174111024999762831e-01 3.129698847092335257e+00 7.667300912600836238e-01 1.046771169521182737e-01
8.865713464022726420e-01 1.581496305640313071e+00 9.066085405156322219e-01 2.529976893862303289e+00
2.220866264113879218e+00 3.099831666852495449e+00 2.984731404531185017e+00 2.785426866618490038e+00
2.651653017107157950e+00 2.617270361814390434e+00 4.363466366996310297e-01 4.938143261452551669e-01
1.330196791721247163e+00 1.668925561584233552e+00 3.056769940849075606e+00 1.100774387131559617e+00
8.589464707878210481e-01 8.344881461487529961e-01 2.174547022366041027e+00 2.315951397835041892e+00
8.562582141655679102e-01 1.495223097046884497e+00 1.340093705926066470e+00 1.148134000518038711e+00
1.718380698034354781e+00 1.052768012942382647e+00 3.122303593270323585e+00 2.161099450975500158e+00
1.406868428540685390e+00 2.918594554128341567e+00 1.973403566829017297e+00 2.041224558271910627e+00
9.845660260133340946e-01 2.131857384764586638e-01 4.024980504854403507e-01 6.000069480100073127e-01
2.117290971971126812e+00 2.007207054190088158e+00 1.254820295503294991e+00 2.891878380492413747e+00
2.282447788594969218e+00 2.112857625553214158e-01 1.048098555222163109e+00 2.157348471343135454e+00
1.369002788601305420e+00 8.534103252502536208e-01 1.558007182928462075e+00 8.508699205121501574e-01
1.064536853354929313e+00 1.573813998082689736e+00 1.949743476964819644e+00 2.122888670858697147e+00
7.027991366669128492e-01 2.403411565865215815e-01 1.213359228562623571e+00 3.325322979711862748e-01
2.384821916994276592e+00 1.766717428841916737e+00 1.860645401675571978e-02 2.932866326873279639e-01
1.239998522871750275e+00 1.389416393521882842e+00 6.908389049510916813e-01 1.339003118999293029e+00
4.420193212204280298e-01 1.305829982284978819e+00 6.692356397772177834e-01 3.046239483346924182e+00
2.523412465655096248e+00 5.256821536744012979e-01 2.831196472263735942e+00 4.972516859032284353e-01
3.064091594081685521e+00 2.148390530626960615e+00 2.686832221722433189e+00 4.148989468164635541e-01
1.310319289562897893e+00 8.333288030718646322e-01 1.619404727403485511e+00 4.017789277236564344e-02
2.985883888768709582e+00 1.407118422630193599e+00 1.741314648640588381e+00 1.077726448939453574e+00
2.124552707885368985e+00 1.068326874757718814e+00 7.709118149248894714e-01 2.470276516110101461e+00
1.188065288380487416e+00 1.489321891344877802e+00 5.228903540502721770e-01 9.976867007196928983e-01
1.637894960176419668e+00 2.208781680610684361e+00 6.381838499568881495e-01 4.240943266145307255e-01
1.648492975701331797e+00 2.930724457474987332e+00 1.351302608488410772e+00 2.962346713207142823e+00
2.827306246987750793e+00 2.369369249333432847e+00 4.696132253416739066e-02 1.063919044509286316e+00
2.170558529938315218e+00 1.521295731079164604e+00 1.266879725394368217e+00 1.250538955350013248e+00
9.184492876846067633e-01 6.829739358602168187e-01 6.349074830037977346e-01 1.356717657918757425e+00
1.396595526882725258e+00 6.953134464552448990e-02 3.073201013365292056e+00 2.507434704000898407e+00
6.537772445471387028e-01 2.547475415390424214e+00 1.268224831297611432e+00 1.867113155554202653e+00
2.265380973987723312e+00 6.923270138847500976e-02 2.605929097623632451e+00 8.236193400904525674e-01
2.555977186645211230e+00 2.049024134097916061e+00 1.137418297616669349e+00 5.587690291437338308e-01
1.048978589611422541e+00 2.616399124519416919e+00 1.941703077751819384e+00 1.296961202015835424e+00
1.451063764364765918e+00 1.166908511412086069e+00 2.341191269637584060e+00 2.466221436791587784e+00
2.350475459515686261e+00 2.137311246208405624e+00 1.407282665547893608e+00 2.355475990740152348e+00
2.983743381462285349e+00 2.867003116655132633e+00 1.622259696320730304e+00 1.725093382654833363e+00
9.814244865152724762e-01 2.985111969058848125e+00 1.621456792615009634e+00 2.028692621704978549e+00
2.302332427712395990e+00 2.164819134125755440e+00 2.530201697360167090e-01 2.847037666521729182e+00
2.198864914500489931e+00 2.962621979310575693e+00 1.285040707216351663e+00 1.381321995898911359e+00
5.669096771572621485e-01 8.946773585051482833e-03 1.904679381984915931e+00 2.533126548277337964e+00
1.999082938144177909e-02 1.063543197574354116e+00 2.128112397200311243e-02 3.031919852938492532e+00
7.484525757982439798e-01 3.100285372088612323e+00 2.264676494651160610e+00 2.613780300186574479e+00
2.089304437930361580e+00 1.421474956645684962e-01 2.386032026539867346e+00 1.842908991785194406e+00
9.626850290109647545e-01 1.710722390761783562e-01 2.250982353398822688e+00 2.762858619624954493e+00
2.802264124721748573e+00 3.142208525095366994e-02 1.088873176981899338e+00 2.579584957873108930e+00
7.039527887904893644e-02 2.748216853408635973e+00 2.136142018455312819e+00 1.537858048285037693e+00
2.705968126288501807e+00 2.952937359556992991e+00 2.448532435677415631e+00 3.028258849750538939e+00
2.893377144361899855e+00 1.313677167377944821e+00 4.939403520369816669e-01 1.030708325278660409e+00
8.346387802592357685e-01 1.177212326552132815e+00 2.998811263202799893e+00 2.541936949317759264e+00
1.804112677380324437e+00 2.426417611845190336e+00 1.326469086968711242e+00 1.075220443666238035e+00
9.296120094908204567e-01 2.968022127274484667e+00 5.934182935428240491e-01 7.994920305325967647e-01
2.092714005693955048e+00 8.456103844872601139e-01 9.838690824939813617e-02 1.359361416005917755e+00
9.915723295310235885e-02 3.026613383951696434e+00 1.965866119444688698e+00 1.519849274866186262e+00
2.153557658554425824e+00 2.650621434228130457e+00 1.400887264751437822e-01 1.719063733484600176e+00
1.623128903475134166e+00 1.872058342305826795e+00 2.836036632360221521e-01 4.325613498566131532e-01
7.896093865057660643e-01 1.500304218524349364e+00 2.211231895707601591e+00 1.670195358500279781e+00
2.772808970636110537e+00 1.295135245823470171e+00 5.302518810179785991e-01 2.943983424445396846e+00
3.099833304418178503e+00 7.165516652351100468e-01 6.208797170101022500e-01 7.936108164226417239e-02
2.921379878475013570e+00 1.569509593708870554e+00 8.536902756099997713e-01 8.601806676670195051e-01
1.991375022735106803e+00 1.677144338427224879e+00 7.905265339339885566e-02 2.254389825538378300e+00
1.887631721868608947e+00 2.465501364910876347e+00 3.129830487017228435e+00 1.291384000504315122e+00
1.816635498074815391e+00 7.596870188961692971e-01 2.152812152049279337e-01 4.570809959158475544e-01
1.232568255699125759e+00 1.889501687210242364e+00 1.681437798233027081e+00 1.429714707686065456e+00
6.139430916575185915e-01 2.167537992652626144e+00 2.751305803290049035e+00 2.311277117480908583e+00
1.134218195169896637e+00 1.384371703342514248e+00 1.591296846935261078e+00 2.360923548990501997e-01
1.018078727603461964e+00 1.303878850042000215e+00 2.731442507046227153e+00 4.690620752999175580e-01
2.877368343493062586e+00 1.756300204280399457e+00 2.110530040431956689e+00 2.111849291683037144e+00
1.209828931246786254e+00 5.215993495385824463e-01 2.577553205301339467e+00 2.893068231543467927e+00
1.370191291914271803e+00 1.227124388227442520e+00 2.682071112278149871e-01 2.034942291539738157e+00
1.632813265699709193e+00 3.125153094016149158e+00 2.365669047437671590e+00 1.004077656184650280e+00
1.137005790777637915e-01 2.261227341271031754e+00 1.432805200562193626e+00 1.608638901570335344e-01
3.138195881780349250e+00 2.462985774471677214e+00 2.481212281029579803e+00 2.361672837739508868e+00
2.973350253053563125e-02 2.344153069525276578e+00 2.798514115180152029e+00 1.132713827856626887e+00
1.207343828777352357e+00 9.810118007088337588e-01 6.006307998508732260e-02 5.024816446562503369e-01
2.913074762923900884e+00 1.049130131175876501e+00 6.304627809948143424e-01 1.270143098034327789e+00
9.487483222210195688e-01 8.648892783942936369e-01 5.743335762444149450e-01 3.126573309361497799e+00
6.406773460437965584e-01 4.692499457973312582e-01 1.718563098173202963e+00 7.614415055070617999e-01
9.259282629880771776e-01 1.817878616554543747e+00 9.500639256538381261e-01 1.491002293711108928e+00
1.650986597830473190e+00 1.116255045378249822e+00 1.836943750879720394e+00 3.056597830043326969e+00
2.628846618209426556e+00 1.514877828041481411e+00 2.068895106222250924e+00 2.160048402165710701e+00
2.762114842026254236e-01 2.967428128269085086e-01 1.777954466456719840e-01 1.224308763355382634e+00
2.556508024240062849e+00 2.884837522130930587e+00 2.268792946562828039e+00 8.060260453048487816e-01
1.926302628764666736e+00 4.801155205379002422e-01 9.820670130561244271e-01 2.284149208921175234e+00
2.335213543777477252e+00 9.841554340077580676e-01 3.584957602238352248e-01 7.654931619052884884e-01
2.073254861695196460e+00 3.023571749404043718e+00 2.329792689015937945e+00 6.401362506695551513e-01
5.202885003607201631e-01 1.701502828008450097e+00 1.593606458878551180e-01 1.917022878473900044e-02
2.348521708282863329e+00 2.568910384882647335e+00 4.872711738220080746e-01 1.690082315481548969e+00
4.987299824875147114e-01 1.220923622714303436e+00 1.699055412634664863e+00 2.477493978671212904e+00
2.709655747618650246e+00 2.123724229226689797e+00 5.225239770735161660e-01 1.068480991614712883e+00
1.516458149912213171e+00 1.272427053406365527e+00 1.202867034086991582e+00 7.281932478667888509e-01
7.217723130678631582e-01 9.958639688187792549e-01 2.271553168680684909e+00 1.358669011149995276e+00
1.589651139801787405e+00 2.501091483852343700e+00 2.042478354973249477e+00 2.960780252542500879e+00
8.423955727113958680e-01 3.622902576244121930e-01 9.894620412066811033e-02 1.351079271274986171e+00
2.394051209637771738e+00 1.157467341937120225e-01 2.190717347951212535e+00 1.208266127857183125e+00
1.866549256809854507e+00 1.240210744509701479e+00 8.564257186147016254e-01 2.015105914315960423e+00
1.751384712316462533e+00 7.108426179646850640e-01 2.936647679747260486e+00 1.299353571743176117e+00
2.937212184269696880e-01 6.523163610464564055e-01 3.051265088091769773e+00 1.197129704298032449e+00
1.338861981667505807e+00 1.355841779914272349e+00 5.822279841674608998e-03 1.696392453028220115e-01
2.944252728428816468e+00 2.979391154082406956e+00 1.708997676612494798e+00 3.414781722357637106e-01
2.978477830693985862e+00 2.459505862869193482e+00 7.143512214901959201e-01 2.255439789497793779e+00
8.125159900745112518e-01 6.503013257533254432e-01 2.391677546752040584e+00 1.552605927932296126e+00
2.133682227167496226e+00 1.136527288406923075e+00 1.210631744107664831e+00 6.394311301176750506e-01
1.902758042488733370e+00 2.463042922913639909e+00 9.108570581259191057e-01 2.582422733204136733e+00
6.518332001401869746e-01 1.198762442592004263e+00 4.221119400370260989e-03 1.534477378890765964e+00
1.921276581454091970e+00 9.074374224748602558e-01 4.867506484021342228e-01 2.749888576691115194e+00
4.312996667252188554e-01 1.173528514636328790e+00 1.297131351573468150e+00 2.175916416941249487e+00
9.682222318547198947e-01 1.472249754745195371e+00 3.049675248718960452e-01 8.581755659509177070e-01
6.362124982935373207e-01 3.004781481779041030e+00 2.981893873505927939e+00 3.104530590751193309e+00
1.489891294953561984e-01 3.075844051656682510e+00 3.563920555121459777e-01 1.768773555899779248e+00
2.874186281620306094e+00 1.362252808078624922e+00 7.114174263614109206e-02 1.599949835458373659e+00
2.507259399779328657e+00 8.260525531222326912e-01 8.970646473583603342e-01 2.962644276677943722e+00
3.075252423964796922e+00 6.290280468940685488e-01 2.869181636924800216e+00 4.530290751317804787e-01
1.894090614641571468e+00 2.756353161446289501e+00 1.954939565394461676e+00 1.969334523802013459e+00
2.200440557272164366e+00 1.777304624371625952e+00 9.035908885154738668e-01 2.769674114537732823e+00
9.364443231160446413e-01 2.429643420246542007e+00 1.309810383131038591e+00 6.880603219136006699e-01
2.036179156118474776e+00 1.063221838966955879e+00 1.564821830793303947e+00 8.343460486917916308e-01
2.327302034652487084e+00 7.760529716461546101e-01 2.936771384669247364e+00 1.036099330143578801e+00
2.426174393324741718e+00 4.942663378521444106e-01 2.918551925853358764e+00 1.500739434804076344e+00
8.554237311786996312e-01 5.033403607376365496e-01 2.199911476157462520e+00 2.143810666975797474e+00
1.737734537934843670e+00 7.149387103168096669e-01 1.314310351276573918e+00 1.409115744975935502e+00
1.090119517156655338e+00 3.076387500096196437e+00 2.348105947572397545e-01 8.676739275313907207e-01
2.118290084206592816e+00 1.554883553214040148e+00 3.077826580171608928e+00 2.418374708616059632e+00
3.099786830867456544e+00 3.845524180654885660e-01 2.416335957874554907e+00 2.071261883821890581e+00
3.026320448040120237e+00 2.377197988460951095e+00 3.239317004898452090e-01 1.216049838827846008e+00
2.585261577072495598e+00 8.045416019973716804e-01 2.077824238506439158e+00 1.251626716989178156e+00
1.599795425043030184e+00 2.997289679609059565e+00 1.014833802113511929e+00 6.059502067228236255e-01
3.013608909239653411e+00 3.663191618297788055e-01 7.305457190346312801e-01 2.758576085403053213e+00
3.132775272653469223e+00 1.831029690480703742e+00 1.847329439051939026e+00 2.385538914015354006e+00
2.126919467719454726e-01 1.626991047118927503e+00 1.434099643084657760e+00 1.097793491750569395e+00
5.468557832009578457e-01 8.237484299811050903e-01 2.807151095967223231e+00 4.019368084758713211e-01
3.123320102422189048e+00 1.915728052928546421e-01 2.429199436181193494e+00 1.910144328352197940e+00
2.146650154310646652e+00 7.245986033874151078e-01 3.038720350583703045e+00 2.187407484199130892e+00
2.722946784050092717e+00 1.423915615670043877e+00 1.420295389530721097e+00 7.815509909588640447e-01
2.937877715778237864e+00 2.946462038784058102e+00 1.450099011699405471e+00 3.063385193362142100e+00
2.393532525081969453e+00 1.769610634308987240e+00 1.085632543464994271e+00 1.725822005647458024e+00
1.181666838160223110e+00 8.492081940158742182e-01 8.872260693682106070e-02 6.898663978133620645e-02
1.025738547749151852e+00 7.120763393573753541e-01 2.152194015247901770e+00 3.037463885687976095e+00
2.191522667003728664e+00 4.738756406681977201e-02 1.926065068727478735e+00 9.250794046303282281e-01
1.391115073282944925e+00 2.082203300053427242e+00 1.199690673808882391e+00 1.230880898425771086e+00
1.171084324908067797e+00 1.358365439299736410e+00 1.906890989260153102e+00 2.000386304026504636e+00
2.057161641798832541e+00 1.347934182228500921e+00 1.476549376060142693e+00 6.620401381271722174e-01
8.307421952746650851e-01 2.849400195732166186e+00 1.598786531517006892e+00 8.084226724854345347e-01
4.594884516869840452e-01 3.132386486681315585e+00 5.761465862603104560e-01 4.443434947595795159e-01
7.069828587344126891e-01 1.357408654109588442e+00 2.483773797588273435e+00 2.203230714586575267e+00
2.865791331633505745e+00 1.931993166932073569e+00 3.019407554818980266e+00 7.253668141923813595e-01
2.273368163081550541e+00 1.717747857499412723e+00 6.126149155150409364e-02 2.536102355406790743e+00
6.625467381117585708e-01 1.791192842818355890e+00 7.403274156941391793e-01 3.040768419520280208e+00
2.417701492973546529e+00 1.580671628335790890e+00 2.668738936391492622e+00 5.911396590291393416e-01
1.578066946078532373e+00 1.986430057876084065e+00 2.664690901457054117e+00 3.090439848518455879e+00
2.078433997663934996e+00 2.416242627422665823e+00 2.244675633152549032e+00 4.400409715131957111e-01
2.566640091312369698e+00 1.084203237587913371e+00 2.328450789752280148e+00 2.023187654998534146e+00
1.078989522668908213e-01 1.800952631812623661e+00 2.820143130318132574e+00 1.941787488024109276e+00
3.038652633033787076e+00 1.299688034163904105e+00 2.687468704265461028e+00 2.037108164723234971e+00
2.993614669350065149e+00 2.172273018064845851e-01 1.251398745531774104e+00 4.824292480169872221e-01
2.280454502085429436e+00 8.332116863461206391e-01 7.985178607959090291e-01 5.339806793920418571e-01
4.910823133015345676e-01 1.181654335522335897e+00 1.003799647247912041e+00 2.411151610700075665e+00
3.003217094850606284e+00 2.414578741658337968e+00 2.337773667357703644e+00 1.891213499005588883e+00
2.365518711673593177e+00 1.428946317469799387e+00 1.209030491079729819e+00 2.648304351317486205e+00
9.077719175008134300e-01 1.002293415461562032e-01 2.364870637512431484e-01 4.729691306974617704e-01
2.274615448258150430e+00 2.225648643590651066e+00 2.577372120642681952e-01 2.069525233425003830e+00
2.309654904159137878e+00 1.587827072385733063e+00 6.704230569465798872e-01 2.782163556291544548e+00
1.803610297496748061e+00 2.542001806608316539e+00 4.077445662738076737e-01 2.242783662649405318e+00
1.821611527762907912e+00 9.890265473235275717e-01 1.427885251552437895e-01 1.969870422539333754e+00
1.006830148057097363e+00 1.203085935276476809e-01 9.829680487388329224e-01 3.107042705842385732e+00
2.087843811090697610e+00 8.501210320562843092e-01 9.393377454068640997e-01 1.827315593494380108e+00
1.082389508313889470e+00 2.362705543446273815e+00 3.040209184794031128e+00 2.310619505025635956e+00
2.995194648720814090e+00 1.527154563440882740e+00 2.366384314512864240e+00 1.270152467678196673e-01
2.475010406683160635e+00 2.333510086959309504e+00 9.958308244772169360e-01 1.700590605181447446e+00
2.878529270934286011e+00 2.993725013958909997e+00 4.616460270620832973e-01 1.004600239694786401e+00
2.007663755467013811e+00 1.241829298279829158e-01 1.541914719844718951e+00 1.297720119857556975e+00
1.015417069935688810e+00 6.252093747413615121e-01 1.109334591822346505e+00 2.588296533959537182e+00
1.680434843567624459e-01 6.639366208394296143e-01 2.689666166446480489e+00 5.237345771794335025e-01
1.514600923734104043e+00 1.575782892477912256e+00 2.107106421740202684e+00 2.733856155037474256e+00
2.637611435350978861e-01 1.900121924678881191e+00 1.282961242440690208e+00 2.775175198227221252e+00
2.130253676186021128e+00 1.719242484549288630e+00 1.908137624648946540e+00 3.014919255931730380e+00
1.395680565778493198e+00 1.510750729356152178e+00 2.872487371560855873e+00 3.937524877554487435e-01
1.752962566732701566e+00 1.195091492899408525e+00 3.068513891397781634e+00 1.608735210100002533e+00
3.181173681167557277e-01 1.015133402811486452e+00 1.070294349597901817e+00 2.882602378690433120e+00
2.313571243448483694e-01 1.789359513474204411e+00 2.808055220439525712e+00 5.089088310472515975e-01
2.694321418699541670e+00 3.623212618630231030e-01 9.658377643325272155e-01 2.590220005074089116e+00
1.733359660298707583e+00 1.920199480186175256e+00 1.022233500202000211e+00 7.226611521120911430e-01
9.766802503415545136e-03 1.054271629670075372e+00 7.340044274672838931e-01 2.088988641396511081e+00
1.853668093968712016e+00 1.467226504145174637e+00 2.371005848072506250e+00 4.458476998974391647e-01
2.001761789927516411e+00 2.925273803866722755e+00 8.903705192073642083e-01 2.761434996293874899e+00
1.278444626061021605e+00 6.236009383059215594e-01 8.090179888698378896e-01 2.003738769245384965e+00
2.298460073626774403e+00 2.132828226180768783e-01 1.059111263955056392e+00 1.935863774735503196e+00
1.148823844806075301e-01 1.035261016435224279e+00 1.513792139435878037e-01 2.063466404714659141e+00
2.715527238702043267e+00 1.418273148737878353e+00 2.932375707690080269e+00 2.518999538367278745e+00
5.769174124631498701e-01 2.429396152479088578e+00 2.951524997294983521e+00 1.597411812529999420e+00
2.600632857077231463e+00 1.861379894260063450e+00 7.673690463160812714e-01 2.387640284525748058e+00
9.487742696994485581e-01 1.044908868120875828e-01 8.613124739106758909e-01 1.492731650827090251e+00
3.788927868491395179e-01 1.848950417722538431e+00 2.106591291411646694e+00 8.861230485599851381e-01
2.753734700289050874e+00 2.631086587353795858e-01 2.073411036707089483e+00 3.312778457080820527e-01
1.328358520128769538e+00 3.667349085333395653e-01 1.675554534170479393e+00 2.052944266853264477e+00
1.590042041891314151e-01 2.876135685405893302e-02 7.417779562725163034e-01 2.358307371639017269e+00
1.223833166711508103e+00 2.492167601002409860e+00 1.303881643069372931e+00 2.494973649423338102e+00
8.056769965014907164e-01 2.187222329561156753e-01 1.572187268020580841e+00 2.061930093039614942e+00
2.757935533909661618e+00 1.760133081982324876e+00 1.627307896630841633e+00 4.425533915521758233e-01
1.298638600289327538e+00 1.244646642994974739e+00 1.587689976557986826e+00 2.121947093507857929e+00
1.886547950691218833e+00 1.745788433467974521e+00 8.222141364609203418e-01 3.062440825333445638e+00
4.207915569182756887e-01 1.995639359474056240e+00 2.858886360438819274e+00 2.906898427457621725e+00
2.322897919721727433e+00 2.169880029609887462e+00 9.564070557573752795e-01 2.899307650050242824e+00
1.744587086909753504e+00 1.809994966342626688e+00 1.015759015316377356e+00 1.362552923191873988e-01
9.932439044673678774e-01 1.958021752040853602e+00 3.128828744778923365e+00 4.083098445630992668e-01
2.775569792904590827e+00 2.527109563411139792e+00 2.534117142611298945e+00 1.937669198149867544e-01
9.025093556429210351e-02 9.138346100267850103e-01 1.250729816876391842e+00 1.916861831086324797e+00
2.365323130492803738e+00 1.858571305954468178e+00 8.871980384114478424e-01 7.057059314365173863e-01
4.994326056946626902e-01 2.746088798542771214e-01 1.422064616589305608e+00 3.091472919042415946e+00
3.149020775177808207e-01 9.743739181196576782e-01 1.978510531405692108e+00 1.524047281832310752e+00
2.881291424487222752e+00 8.908029091615555783e-01 3.837860423705676816e-01 1.190346124793735250e+00
2.951223891931449739e+00 1.994953304672222982e+00 2.775801409098764605e+00 8.225875190361164879e-01
2.640988555846405461e+00 2.198681617058729110e+00 1.209928677209605841e+00 2.065769487989282727e+00
2.026099058490444360e+00 1.208297524841017490e+00 7.606210538342300653e-01 1.931131158216502275e+00
2.088191756843358338e+00 2.782100971138096401e+00 4.880089528768525864e-01 1.944167188053177897e+00
1.839512393312368488e+00 1.913824897283287418e+00 1.291183492338258576e+00 1.582388393154722905e+00
1.477871210197911900e+00 2.486124719163253172e+00 2.152885662701549130e+00 1.048373040747949902e+00
1.444939768922607781e+00 4.564047450193163269e-01 3.989035905459040188e-01 2.192668865144492774e+00
9.763811991661784651e-02 5.366160441112496349e-01 2.843107113838646782e+00 3.010335790532631339e+00
2.837183702971412647e+00 9.127441176910224829e-01 7.348569164108552376e-02 7.740496297687201599e-01
2.933857161206685049e+00 1.046760808241669061e+00 2.566293884032222472e+00 2.866406251600560395e+00
2.727011246486496621e+00 9.254155529825828230e-01 2.022590788217682345e+00 2.874877897523156811e+00
2.343107080928769737e+00 2.193077686055897868e-01 1.275705620961617770e+00 2.126749542965531869e+00
1.008041226445086203e+00 3.477821355782598767e-01 2.171169705888981394e+00 1.871332962408488232e+00
5.354644585528317569e-01 1.716688774855022137e+00 7.552479685961017708e-01 1.165196665902261897e+00
4.161696000502626003e-01 6.247394282700212687e-01 1.393965696911733332e+00 5.364385341044566324e-01
2.737196914077806298e-01 2.078582589087691446e+00 6.686753831584975050e-01 1.462956997666290393e+00
1.243686378946252669e+00 1.896884344547447476e+00 6.752920145142039532e-01 1.094835307055981088e+00
5.003486097248860398e-01 1.166302055761982759e+00 1.406885329224472070e+00 8.306169455171067417e-01
3.093879040808356073e+00 2.442490683265859719e+00 1.975026396923095673e+00 1.456377114881805435e+00
2.333072879260251753e+00 1.059168767921904619e+00 6.158406222404880781e-01 2.376175411584319885e+00
3.107248858859184004e+00 9.478528218766497648e-01 7.385261876759910971e-01 1.350825520958089498e+00
2.667347080981075536e+00 2.165759763735066734e+00 5.930869805971499265e-01 6.264341549363244832e-01
6.484344293968730133e-01 2.679116978284045825e+00 2.423701845634118168e+00 1.749653443484885385e+00
1.206010397613443752e+00 7.309296600664186849e-01 2.659108979273197559e-01 2.374129295884495061e+00
1.053317994156139026e+00 1.622879825842395096e+00 1.982128471091666899e+00 2.368335495432885462e+00
4.717647643726695650e-01 2.499623772736259575e+00 2.359168560023211791e-01 6.650181978109942493e-01
4.385785232615693752e-01 2.780055403399838365e+00 9.557428170301886239e-02 6.796447980540570866e-01
2.936359116123217206e+00 1.215809606234288243e+00 1.976624797242859888e+00 2.054671991924230667e+00
4.125962747945552400e-01 1.761356162972514738e+00 6.727305201347552610e-02 9.423007340968037049e-01
4.071375046332849634e-01 1.780685341361294194e+00 2.951651699541163687e+00 2.784351637098982479e+00
2.343111423378986480e+00 1.599087479118874944e+00 1.692661399939592082e+00 2.748833841887651008e+00
1.817244783915145323e+00 8.987396193803576239e-01 3.813168429803595050e-01 1.184953839743383863e+00
5.653273313307435322e-01 1.631593797154666126e+00 7.891409448328150222e-02 1.810427367551334654e-01
1.314207726873205750e+00 2.925216572135606263e+00 2.402054645082163375e+00 3.774066179516667036e-02
2.373079278476225795e+00 1.503515437412385747e-01 8.634301758243445590e-01 7.483623416637187331e-01
1.740861292523395942e+00 2.812717055323467275e+00 3.045204266912864721e+00 2.167003155430098804e+00
7.194117441195557738e-01 1.097621581683180692e+00 2.907173527814413738e+00 1.469815912734123264e+00
1.773152803700778213e+00 2.450804415325426699e+00 2.167713149408075690e+00 2.673182551897893555e-01
3.119385475618865922e+00 9.471684909515544204e-01 1.471917046870377277e+00 1.445042168149826889e+00
7.441898147837892052e-01 7.670651382190252221e-01 1.348975046436790892e+00 2.578731498127326827e+00
2.424413694530894059e+00 7.322370967120055418e-01 1.857511770255238837e+00 1.264185993162071142e+00
1.702070622626589369e+00 2.252654731601445359e+00 1.505313870737002846e+00 1.449553392445400934e+00
3.024152171039894837e-02 8.666665077047048804e-01 2.050935130815547236e+00 2.890367513718668846e+00
8.009114558364053282e-01 7.793801391739580975e-01 2.848820577105396712e+00 2.247618955282537634e+00
2.967445282889802805e+00 2.219025172503666377e-01 6.542381058372768177e-01 8.016634832406774880e-01
2.944734457618019441e+00 1.441280994242025715e+00 1.897003909877130745e+00 2.734328819438274660e+00
5.030120657633579961e-01 2.320754217449555679e+00 2.516755317799707292e+00 2.347265851487572164e+00
2.687761150440720392e+00 3.140403318766965324e+00 2.393844690898615790e-01 2.219624326992745811e+00
2.421742543886888921e+00 1.208517278572335707e+00 2.873843184653390725e+00 8.321672652036290474e-01
5.223541354286742600e-01 3.055243451944902766e+00 1.865648470163257189e+00 3.266110727866294861e-01
5.221793338144821162e-01 2.279820135867780095e+00 2.128371338322752049e+00 1.047459443112928934e+00
1.681423466148604495e+00 7.379523561220218131e-01 1.893873492146022297e+00 1.288825237992324291e-01
2.885753045665405025e+00 1.334017414839435256e+00 9.692725376338603427e-01 2.073584810235194809e+00
1.490854803645137006e+00 1.416090765557936448e+00 1.722193749130938478e+00 1.863846118396821350e+00
1.622495775218606218e+00 1.735783821547842942e+00 1.441638921593955569e+00 2.917356967641694165e+00
5.232903121562110932e-02 1.007253065831313465e+00 1.878498523879408522e+00 2.762289183883758881e+00
2.070569784178692974e+00 2.053856264805560716e+00 2.103072670961340318e+00 2.972867694219964552e+00
2.568157597919782376e+00 1.794990726893818334e+00 5.723646500123226177e-01 2.946565938898887627e+00
2.816332749104366151e+00 2.864677061114528023e+00 4.977211145201997367e-01 1.895151810593523056e-01
1.543494593352572553e+00 1.915697555975666599e+00 2.262853430734397264e+00 6.181620505769390705e-01
1.852732984284288342e+00 1.551016344662988544e+00 4.374839404242061858e-01 2.045671844003150497e+00
7.126359404144978482e-01 3.745724099767800408e-01 2.476124617750853574e+00 1.841191016312409667e+00
1.375648347584002229e+00 3.020325275547485200e-01 2.817113273306166121e+00 8.141552980315608368e-01
3.044382634265125898e+00 2.972811021676667664e+00 1.019818800746057352e+00 2.527706905303702678e-01
2.452540439024907037e+00 2.101561186329521380e+00 1.362545347428453679e+00 2.972819844358089991e+00
7.468861367382395589e-01 1.073978278109646509e-02 3.560877215512582850e-01 5.954096488507186757e-01
2.252579280796068173e-01 1.626801320482130553e+00 2.164660448816701166e+00 1.794448576694422481e+00
2.696617734569162206e+00 1.174706997342050280e-01 9.440618059429770614e-01 2.908347042979600783e+00
7.104007635161661005e-01 1.609141144655725775e+00 1.353769376526292145e+00 2.717373631810770185e+00
2.676200694301829497e+00 2.872555366123038745e+00 3.122118782333967779e+00 1.596798715620892706e+00
2.674279728948421919e+00 1.792373085340628114e+00 6.373966062582027137e-01 7.364966413138659962e-02
7.533259823648955633e-01 1.388242467370900957e-01 7.320626601072516282e-01 2.139033480933740350e+00
1.689100244883214863e+00 1.147209081114861196e+00 4.696193554033799566e-01 9.182741561225048477e-01
2.789520157739960649e+00 1.534890597253975919e+00 2.533823540092470239e+00 2.185490191719600794e+00
3.126818714617090045e+00 2.228628055916743289e+00 1.099507230407587022e-01 2.465675984048504965e+00
3.052066234107776221e+00 4.464120255421866884e-02 1.594884191502198290e+00 1.651427962135367356e+00
2.478694958497803302e+00 6.974726757404173805e-01 3.405041397435203399e-01 2.256316926993041427e+00
1.139582838110828611e-01 2.871552256180644136e+00 8.585745416941643615e-01 1.971168554379499005e+00
1.531699505888122204e+00 2.614408946563810510e+00 9.545457226090876546e-01 1.116658216505801660e+00
2.539395414002349138e+00 1.482011652164834770e+00 1.052287051936483531e+00 1.382546384569328657e+00
9.830744775787654266e-01 5.305900219457145850e-01 9.758004113875505814e-01 2.915937709125139277e-01
6.909708238916896228e-01 5.212008696647891792e-01 2.201011933169370938e+00 2.223713350808333100e+00
9.902401182159171755e-01 7.036846109986332198e-01 2.563298765742908270e+00 2.343635415255027610e+00
2.365937281963416794e+00 8.662652443827108251e-02 2.374935148799729223e+00 4.056264237792801541e-01
7.562115344948681095e-01 1.068263434985297744e+00 1.343870241547904909e+00 2.015187497831866459e+00
2.246432890197628041e+00 8.679131907674859647e-01 2.328153422462205580e+00 1.935053907246831129e+00
4.530217443600307314e-01 1.059546402891840877e+00 1.217510891029255138e+00 1.786675182450177202e+00
4.412220508941089858e-01 2.681702835431347243e+00 1.476597641383383008e+00 2.895451104542617671e+00
1.562145700651597968e+00 1.375654984651263346e+00 2.873349499824557007e+00 1.560154062286558174e+00
3.803112036733306001e-01 2.784262899777355749e+00 9.610482294565436678e-01 7.213048991624138040e-01
1.118441418385167779e-01 1.218129418583332679e+00 1.644883041338098373e+00 1.917877879248019113e+00
1.523591686732546524e+00 8.785754210236618178e-01 1.568993372312828871e+00 5.419398984719860923e-01
2.419008751330561591e+00 2.796752785073044478e+00 1.831728079250114938e+00 9.199776705771952612e-01
3.187530829589229064e-01 3.500241789534485060e-01 3.550118512999614340e-01 1.262199685816802752e-01
4.933188371206807116e-02 8.406338641581598825e-01 1.391121872957121752e+00 2.828026442518667416e+00
1.592125834115014182e+00 1.332808519565514827e+00 1.630280180938270540e+00 2.156818958843629730e+00
2.151367422264871099e+00 6.172784121270107338e-01 2.202653059520828460e+00 7.601966384138493238e-01
2.465288758925269774e-01 2.798739470063816182e+00 1.979099894023600870e+00 1.790985413660292291e+00
9.366600541112342082e-01 1.552652349530314835e+00 2.289986051648441379e+00 1.092150947292911178e+00
1.411151787329160356e+00 2.126497332904039972e+00 1.695993759271452461e+00 2.078901694757938401e+00
6.473038197037305208e-01 4.955368857831346507e-01 1.211521062686135242e+00 3.015729630527345329e+00
8.164161055076338269e-02 1.072691455675217898e-01 1.834436758553089186e+00 2.256230543151146239e+00
2.228284799783829317e+00 2.642718195750525911e+00 2.778393659259625448e+00 1.938828221693545739e+00
2.840410007849946794e+00 2.509807795691914922e+00 1.488632122669622637e+00 1.805369271879697868e+00
1.853974859045115942e+00 3.799927890591369151e-01 2.880351492907645916e+00 1.433196486230620348e+00
5.808360516866548640e-01 1.814107756782608716e+00 4.046647808871064456e-01 2.083758068305006095e+00
1.003511308386098477e+00 1.058532688803934363e+00 1.007289185513407626e+00 7.335975840739605847e-01
1.112457755385759084e+00 3.041911755134661721e+00 3.049253003299201570e+00 1.375653286923263163e+00
1.641864304559140508e-01 2.807680329702042066e+00 6.019022991467846140e-01 1.152202046571290772e+00
2.958492130234982587e-01 9.384419311247537143e-01 2.869051806369225410e+00 1.118779969905459248e+00
1.832280332178762405e+00 9.532067356893474119e-02 2.381454734170862508e+00 4.858694979405720482e-01
2.643054954846848048e+00 1.085513382714103470e+00 1.050184522012361787e+00 2.796348169097289116e+00
2.297331792624066615e+00 1.295741805123711066e+00 1.829850250102018905e-01 9.925881897900932227e-01
2.502945024335766266e+00 7.559862405309274447e-01 1.741347924739398145e-01 3.012300929744468281e+00
2.176812692908836888e-01 1.819566368474157647e+00 3.052633359894833198e+00 2.289732149340871548e+00
3.467787033574806776e-01 3.152648238014703619e-01 7.060001697686917321e-01 1.734013253152318912e+00
5.617145490419297449e-01 1.378907432499687280e+00 1.079800864009139438e+00 3.425530093509305263e-01
1.066768115259610017e+00 1.358503515582130117e+00 4.923714597715174168e-01 3.043986761915756123e+00
2.633444767684942178e+00 1.746674713311950677e+00 9.555763983152072427e-01 2.859553648774681545e+00
1.038350681393968022e-01 2.973957259775457551e+00 2.268627259988218903e+00 1.630291218938112463e+00
2.357244786394684599e+00 1.376865112499385813e+00 1.869481476704557554e+00 2.336248945003930988e+00
2.094815138644126051e+00 1.737330776256647447e+00 2.224976930574603440e+00 1.478210357949076625e+00
2.509348802710612558e-01 1.881527947316760763e+00 1.393520949590971725e+00 1.103150607471929279e+00
1.169319423766293387e+00 1.577206955500745522e+00 2.652102188766991109e+00 1.950813160673762425e+00
2.713055318946134609e+00 2.012913711387616544e+00 1.086067386391005307e+00 6.161836496894893545e-01
2.399119660555038003e+00 3.104122388314767722e+00 8.629581031515568545e-01 2.588585069987378251e+00
2.381481487190976853e+00 3.068427900662606067e+00 2.670344844121553596e+00 2.878434699881151637e+00
2.965625895297377745e+00 2.186307597048418039e+00 1.330158835758183944e+00 7.260205068636078618e-01
2.074818173450510006e+00 1.568475642348884369e+00 1.405201064934378685e+00 3.007171839863652441e+00
3.626172336801112839e-01 2.477273297302079680e+00 2.283231564155733473e+00 2.961616415656187051e+00
2.154140341829758665e+00 5.153404056446483361e-01 6.219529988907499529e-01 1.660134459537733420e+00
2.022821451498772571e+00 2.153380988681921515e+00 2.078803140549205786e+00 1.851551516195798941e+00
2.906166382768351042e+00 2.805052647186742742e+00 1.337626644891464656e+00 9.768763902161599066e-01
3.076286199447040737e+00 1.841901188671116740e-01 1.841542888775826725e-01 2.414827259575051510e+00
7.665655530503461268e-01 2.792178279907434835e+00 2.580497163659527970e+00 2.235478899242898443e+00
2.043873529479093953e+00 1.946291622363068630e+00 1.631369884648626645e+00 4.277532894308098133e-01
3.123626051185573793e+00 4.794843403264605342e-01 1.569623705795380131e+00 1.132177439230438454e+00
3.159236964461536457e-01 5.300362040552514253e-01 2.459574033220940925e-01 1.564094551754751650e-01
1.323816761332465619e+00 1.680931737661079672e-01 6.920535829201165390e-01 2.513520305892773088e+00
2.240076592583964965e-01 2.755335002091228613e+00 2.338226510324178609e+00 1.394997494913665870e+00
2.594063192261916839e+00 1.096943901049186598e+00 2.918748940648080659e+00 2.655551546605262381e+00
2.852534138244334549e+00 2.716233886968769440e+00 2.480627128884993038e+00 1.805920223304458450e+00
3.024380846346053975e+00 2.289574197452020954e+00 6.694644610003771534e-01 1.047258619128282664e+00
3.137334334812814873e+00 2.858224036990473227e+00 1.198717407780876210e+00 2.823025314771890226e+00
2.941736638979363772e+00 1.303172521925709093e+00 1.410685440880921515e+00 5.357897234990333102e-01
2.683462774826093078e+00 1.285899668124622863e+00 2.571441490744115210e+00 6.498838452588748815e-01
8.383482276043927595e-01 1.970610085368761144e+00 3.008582181645690135e+00 6.145496380995461028e-01
1.879156455175965634e+00 1.910613837718037056e+00 2.229358393482525180e+00 2.842378632283520279e+00
1.125009066600149543e+00 2.574353904643720270e+00 1.442783167218902873e-01 4.553546463489615004e-01
1.757548048387227890e+00 2.833096672812963845e+00 1.707085297790488509e-01 1.418892005639662779e+00
2.616525851475690612e+00 3.018723031165676751e+00 6.560409306533191431e-01 2.688433869814223165e+00
2.180034429968177978e+00 4.310990613379244718e-01 1.291620453493877774e+00 3.149602621095083932e-01
3.399156056185230201e-01 1.114051318260970147e+00 1.821472888290811998e+00 2.165983566599360532e+00
1.631064370111127371e+00 3.310393493451571634e-01 1.943728882419441417e+00 2.846524369350986294e+00
1.723632964808585299e+00 1.834621671681996524e+00 9.973308208032989342e-01 1.933271108438978869e+00
3.099329845761011448e+00 2.325492787072597878e+00 1.889903027407587199e+00 1.975969790118413449e+00
7.654168884455095911e-01 3.041247999979252103e+00 1.513194260645480904e+00 2.033208021616071393e-01
1.284835259217252390e-01 2.605025303975842643e+00 1.140749326757831472e+00 1.038060592597244147e+00
2.185420460344902338e+00 4.621045260643493191e-01 5.727945822681816956e-01 3.092181263631179178e+00
2.499823107891371521e+00 2.174784786291880323e+00 3.130461555904514359e+00 1.063486727637698026e-01
2.879910599333185051e+00 2.245892197962385151e+00 2.352215070541814335e+00 1.578869566505244793e+00
8.789789324669181614e-01 1.616705165343754469e-01 7.756305646523071751e-01 6.435555437540655399e-01
9.959318492844574378e-01 1.884744271793929338e+00 3.659766836749105967e-01 3.168374006790086184e-01
1.406494970873811923e+00 7.622119657586418073e-01 2.253570680772740253e+00 2.755196696202280915e+00
1.926511760609314894e-01 2.687406692411489662e+00 1.291115757252042862e+00 2.026397049244041071e+00
4.068609137256738451e-01 8.627727615048133569e-02 1.623199681206346723e+00 2.594618009749136256e+00
1.760355891002096884e+00 6.767527801238679142e-02 9.429308876784866511e-01 2.393879526325928708e+00
2.792174806347471172e+00 1.862144478166912309e+00 1.284828118724595569e+00 1.068582561523702401e-01
9.523748850780332509e-01 3.248153403898562663e-01 2.112722690995200381e+00 9.993946904827293309e-01
1.834272760351365883e-01 1.970402682309931597e-01 2.562368514991909541e-01 2.447799808905958940e+00
5.436327134366395475e-01 3.111124032310329746e+00 2.478160422596881407e+00 2.239259170398039345e+00
2.310926981602135388e+00 2.189286212221726480e+00 2.021213208276485318e+00 9.914844610980101391e-01
1.703573702198099671e+00 1.514315480821116222e-01 2.414227515953412340e+00 1.869652058360327995e+00
8.914309516361822450e-01 6.627692574506575118e-01 2.599634509028086793e+00 2.092928008662499728e+00
1.917241398971719191e+00 8.913749669694940314e-01 2.020900660416376837e+00 1.335713416601582493e+00
1.693246627189109788e+00 1.761732859328285272e+00 2.913416654033804676e+00 1.343918400172466665e+00
2.419795944289983292e-01 2.650396022879475399e+00 7.636085394255426317e-01 1.232921616967490586e+00
2.706926099623088167e+00 2.728068243317592678e+00 1.330244535917191051e+00 6.715816052004998093e-01
2.828879814034571449e+00 2.935676520954067392e+00 1.376472139639081771e+00 9.521781353765714773e-01
1.333198232091488356e+00 3.009759207106204038e+00 1.653043891443721547e+00 2.849359476516371448e+00
3.110234707729439663e+00 7.318907089151817091e-01 2.304851490903463418e+00 2.138832717059271360e+00
1.255182121523613858e+00 1.654451899238528201e+00 2.178715441500000405e-01 1.755864803204851388e+00
1.669108666259204288e+00 2.199475606376866121e+00 2.709392381224052126e+00 8.399046544981246532e-02
6.187317510533859588e-01 2.546662903413911706e-03 2.787758839165985769e+00 9.241282065157877534e-01
1.913869865385403046e-01 1.243145938488681573e-01 2.575443674744488209e+00 7.122530095894559210e-01
1.980293649856557314e+00 2.961486651211209686e+00 2.353774074561565843e+00 1.927619524316834532e-01
7.187964369556747446e-01 2.466650669331596379e+00 2.357531868450467361e+00 2.769728485878690361e+00
6.354235627110365048e-01 2.236982970038031038e+00 2.842056697682397992e+00 2.469230882506940450e+00
7.438646782432121185e-01 5.093113690873187771e-01 7.992214278941933703e-01 2.705969380077362541e+00
1.102892334147091979e+00 8.313500856452531174e-02 7.695058391427291866e-01 1.006199730871440767e+00
1.820594587305012668e+00 2.551420782724707959e+00 3.162972001209137241e-01 1.078765123206920640e+00
6.619882716545978374e-01 6.545055536441960475e-01 4.231748521745549163e-01 2.669723366796214137e+00
2.470600297258740419e+00 5.648911893821231267e-01 1.073851948308191639e+00 2.336754130131170726e+00
2.868887744866806422e+00 3.013217026045227787e+00 1.380337005792193761e+00 2.479137972405641932e+00
2.956219114171828366e+00 1.407717586894196460e+00 1.741589130522170015e+00 6.374702303121596580e-01
5.341006362101049509e-01 8.222590416467231433e-01 1.302004725701659593e+00 2.137823909186177485e+00
3.623274422155077223e-01 5.694697442515046504e-01 3.138627943773916851e+00 1.963500498820401674e+00
5.940963327318393716e-01 3.035721298992573480e+00 2.585435955388425633e+00 2.349550085758224771e+00
8.459444091637133845e-01 2.606538022656061493e+00 3.958149819408533776e-02 5.502217765367176106e-02
7.731836741596280760e-01 2.736780554206725391e+00 1.515421563160026075e+00 9.198662824541836702e-01
2.677094873122424445e+00 2.126347122099318643e+00 2.217223095995052518e+00 9.685001632521762494e-01
2.973660841081488648e+00 2.006156844043659238e+00 1.922596257405049802e-01 1.785829675409961181e+00
4.051616144722554602e-01 1.734509241498527699e+00 1.098253062622983389e+00 1.557492676767110007e+00
2.904936687722897926e+00 7.917640361920995629e-01 1.548849712000502699e+00 2.229973962796296227e+00
1.421357107677377440e+00 2.701622518766145120e+00 1.368550067922159608e+00 1.085756267454735857e+00
2.972843598479276039e+00 1.353232296091548381e+00 2.955869134802958875e+00 3.041220826954016410e-01
3.093929747962717691e+00 3.064257001952476855e+00 2.936323631549575541e+00 3.135991535570591959e-01
1.921723376693215579e+00 3.412860614335351261e-01 2.229400904992833166e+00 5.993992751943318931e-01
3.092929016707898437e+00 1.012032207986975907e+00 2.773811614559344552e+00 1.450784295685885184e+00
1.710218320021067218e+00 1.816547546195792284e+00 1.339057189693859895e+00 1.989986754783016121e+00
2.963994978212925790e+00 2.156024058558700496e+00 3.959836813970094571e-01 2.000559936161318664e+00
5.466676189207918535e-01 1.057580325353000505e+00 6.322649531237033438e-01 2.303462649101181814e+00
4.489795824571512495e-01 3.293175100341390049e-01 2.405246876812219825e-01 1.031530596532233446e+00
1.073147361016770107e+00 1.792401899643808749e-01 1.109959367142955289e+00 9.421374168868310583e-01
6.455729151363692742e-01 1.967401076192751397e+00 1.964891338399272325e+00 1.302332796786943359e+00
1.671504715398920871e+00 3.818309350549522474e-01 1.720456264825250825e-01 1.596011035494004027e+00
3.116564447689808670e+00 2.278094133657266873e+00 1.980656587986180384e+00 6.336399668225669579e-01
1.661515148565075650e+00 6.073962746947247915e-01 2.775487800967105123e+00 3.004758200414880065e+00
2.345808887635848716e+00 1.726018466738161727e+00 4.754845982824720263e-01 2.342794108791206864e-01
5.801233351042736075e-01 6.707234405122282084e-01 1.998980450191682134e+00 1.497926772722646849e+00
1.443416350339219001e+00 7.231728427386399094e-01 2.217799746095221902e+00 4.124119270864433084e-01
2.784187686899893599e+00 1.895752067479447245e+00 9.040482353688298334e-01 2.462830740952353992e+00
7.253127017814178790e-02 2.365240255971706063e+00 1.298836431748764841e+00 5.870817633045953832e-01
1.030953401441216943e+00 3.129094251978641328e+00 1.304868322180236406e+00 2.426096402829775567e+00
4.478610835333282636e-01 1.184021127922601835e+00 1.924559503131966665e+00 4.455215128676520142e-01
2.050558669811116008e+00 2.734369867397226539e+00 1.129076962764820058e+00 1.668063493235888428e+00
1.595460041468669043e+00 2.534388480095342899e+00 1.834038728127991069e+00 1.184433443642404660e+00
3.053093472938621655e+00 7.447306500138650698e-01 1.459554165174014262e+00 2.474373583809724053e+00
1.714752681031713966e+00 1.658997409028775349e+00 1.329934227061628116e+00 3.102411950298468390e+00
3.437488670520870704e-01 2.438933662474509489e+00 2.324312164513982815e+00 2.730364379211390080e+00
2.882639258799014614e-01 2.780707421687902858e+00 2.899142717809810588e-01 1.949946323699318196e+00
1.802064478516629098e+00 2.953243760246259675e-01 1.420845807938880823e+00 2.674829988078722298e+00
4.314844080066659315e-01 1.529690386647606815e+00 7.403708697540046790e-01 2.339598840056865470e+00
2.623175768675368502e+00 2.196870227374618345e+00 1.448505352554269709e+00 3.111034936524752492e+00
2.278498453127642431e+00 2.367875353082001144e+00 9.777088265465314620e-01 1.535303082948631381e+00
1.477305854161175880e+00 1.658501519329530716e+00 8.281227219361951830e-01 1.579534137637208513e+00
2.406574610975152684e+00 1.874613931494899077e+00 2.363215237132088919e+00 2.859368894989461118e+00
1.405303498956231634e+00 1.972151902810353574e+00 5.090564584232720735e-01 1.250199130337934950e+00
2.108927783705177639e+00 3.569485283860251990e-01 3.514390978251106801e-01 1.143386944817196715e+00
9.951598831801333755e-01 2.995457546326645737e+00 2.076557476728669194e+00 9.979102334012815989e-01
1.310300393418006193e+00 2.715714011973530795e+00 2.533844471960018940e-01 7.118613225072236705e-01
2.798758846468929473e+00 2.946954630911124084e+00 1.689315350703254615e-01 8.363832431699572689e-01
2.146791999725548017e+00 2.022472303529414539e+00 1.624883357480346180e-01 1.596758119986284363e+00
2.814241804249915990e+00 2.722204791979077942e+00 1.658276686665436150e+00 1.953328903102920622e+00
2.910666879593975853e+00 1.609667480780087478e+00 2.251183189536014151e+00 2.470575706688341366e+00
2.388998614093031492e+00 2.213721893009816810e+00 8.151343113763600545e-01 2.197406052777350904e+00
1.275876664471250921e+00 2.843209388821410499e+00 2.545424352058748951e+00 1.606304426828801535e-01
2.279950398866332328e+00 1.603518958318996379e+00 1.172617127417058085e-02 2.121777571320959677e+00
1.685402105011181151e+00 2.058482625479843175e+00 4.245062614401614587e-01 1.301640356410435295e+00
1.753915554806776633e+00 3.076426904132160800e+00 4.970838731953221012e-01 1.546253385287128523e+00
3.078399814694223302e+00 2.739443708292804480e+00 1.115490701750274927e-01 2.964875627123607360e-02
1.616011259552080581e+00 1.235658136515405570e+00 1.298557063549743207e+00 2.286833668288289267e+00
1.831053374214860474e+00 1.908689620754273841e+00 1.876254651159175557e+00 6.042374318438963332e-01
1.170220368080492790e+00 2.304835556891982939e+00 2.280575727558622035e+00 4.772969598171645789e-01
1.866511081482113976e+00 2.143176186001066963e+00 6.628532129822073404e-01 1.132830476032624656e+00
2.369990742526306704e+00 5.553266829512737424e-01 2.276030916741913490e+00 2.409044924889597539e+00
2.515413815277875789e-02 1.732127157468329237e+00 4.369737475113376068e-01 2.904150400121702225e-02
4.336833582443764268e-01 9.961588059928450090e-01 2.031229972618458834e+00 1.084290368497223600e+00
3.061020541138627316e+00 3.081504553768909638e+00 4.364032922276178117e-01 3.015256473915250535e+00
1.004883081040080173e+00 1.641293581858989992e+00 1.247782220659702651e-01 2.136254535165896584e+00
2.118036440266419795e+00 2.671023018633485346e+00 2.940129265352083188e+00 4.366510543725785065e-02
2.528528587199426969e+00 7.688121522190478896e-02 1.774646474794022266e+00 2.539484054436452531e+00
5.554690763142524634e-01 6.313740091763927476e-01 2.504410621666167680e-01 7.849286727215373238e-01
2.437151171240270919e+00 2.478159842564152004e+00 2.869736544089457331e-01 2.030916219968543698e-02
9.244842114689423296e-01 1.332083084702303077e+00 1.568318673036383171e+00 4.780038396650436727e-01
2.243806444374317532e+00 2.363549390647572856e+00 6.036461876390849524e-01 8.892037665003360569e-01
2.215696238805261675e+00 6.673699865977411605e-01 8.185559528370106586e-01 2.552626668956637257e+00
2.983804045026853480e+00 1.833421944649194169e+00 1.868499150738398784e+00 1.282114351145517972e+00
1.918008808877526894e+00 2.723987939531423930e+00 1.022125240385347356e+00 3.101720294216637086e+00
2.880934173344421811e+00 2.935249677249219591e+00 1.523574240421956549e+00 1.272500803998969365e+00
2.703754749225087739e+00 1.171098514879504338e+00 5.331582997627586362e-01 1.885542772565746983e+00
8.322441043214146017e-01 1.273204618484637507e+00 3.357638816160766204e-01 2.013623793297417919e+00
2.706193742025853943e+00 2.529785842891537850e+00 7.918435929087539460e-01 1.057191554409299128e-01
1.605208029464968211e+00 2.158857355668468703e+00 1.476066345147525327e+00 1.563923902087898110e+00
1.665599269508797997e+00 1.878385330585484070e+00 3.025767492931580538e+00 2.551757888808579011e+00
6.012846736935235914e-02 1.691766981302704975e+00 1.945843820142064917e+00 2.692486947451123935e+00
1.563405595539119952e+00 2.286655048342796093e+00 2.099624107494400871e+00 2.312781729090426008e+00
2.506696707455960738e+00 1.411628213128776954e+00 1.968606903983515011e+00 2.277895788464583848e+00
7.888327810924385952e-01 1.988059251244126413e+00 2.855930829241339453e+00 1.915347368557565266e+00
1.818814453016002419e+00 6.074566261977673021e-01 9.627508065972658624e-01 2.692116302357077107e+00
8.307275431216104566e-01 2.506244926240178028e+00 2.149930785995658233e+00 9.286309130393518574e-01
1.404180150619336986e+00 2.461794752947965126e+00 9.535748491621072187e-01 8.928347621856659311e-01
1.264912222127666075e+00 2.386519708128488126e+00 6.591636401497641407e-01 3.270442847051419077e-01
1.193596098729083066e-01 7.264774820912913711e-01 1.920833090750035055e+00 4.361502707291915470e-01
1.073914191021251539e-02 1.005553918619417120e+00 2.688561031006945878e+00 1.283652640512927157e+00
8.229566700799081369e-01 2.017131932677430406e+00 6.597858437510172314e-01 1.547279491479965907e+00
1.074217541132972631e+00 1.647791995639091178e+00 2.569998083437913028e+00 3.141256390386489628e+00
2.758408686658882392e+00 2.166386547863469403e+00 2.151370379267655952e+00 2.516787011544007857e+00
2.840224150502019818e+00 2.774309357805301079e+00 1.252291032385147995e-01 1.846389511109423620e-01
1.152639290761331869e+00 4.284272928348982767e-01 1.910072654467441122e+00 2.721676967580813233e+00
1.110921660195643090e+00 3.949628270262378615e-01 1.867846885982296978e+00 2.157988309021623863e+00
1.318090197219897730e+00 1.730640113947022662e+00 2.284370971933610939e+00 1.405722164678481212e+00
2.853492136284794700e+00 2.921922959049180424e+00 2.853231931463185767e+00 2.944245749527609757e+00
4.895018559772998899e-03 2.398573434608174182e+00 1.562348915048389131e+00 1.188255609287837411e-01
8.522623921535401603e-01 1.850845889943374178e+00 2.142926552342510060e+00 2.335975499549712564e-02
2.864335433282529930e-01 2.634522423243929712e+00 1.111696800330970403e+00 1.386372862822004004e+00
1.351491919356327731e+00 1.630082641335883098e+00 1.182623001684117575e-01 1.834767617459324818e+00
2.440559581891458052e+00 7.711243919145673864e-01 9.887838610835998354e-01 2.575949678705650836e+00
1.199132579262176534e+00 2.253611610227223228e+00 9.915385231375687392e-01 1.700324954500506414e-01
1.475907536214720928e+00 1.841621471410975097e+00 2.691803770690300635e+00 2.807499154012186970e+00
2.126254961937941612e+00 2.513391972373110406e+00 6.047235754977869915e-01 1.483397629255700068e+00
1.565062125502856949e+00 4.905157182086797851e-01 1.027092892560480308e+00 8.172312662732612865e-02
2.048818041496916376e+00 3.763646576886937045e-01 2.368151454059944427e+00 1.354922247492425402e+00
6.295277355653918772e-01 3.478808805969620943e-01 1.987841943414183632e-01 1.645436797850590604e+00
3.278079960729147757e-01 1.010149125237686407e+00 2.801671865403779993e+00 2.294690131950346323e+00
1.690154189851346578e+00 6.528703777268531905e-01 2.963405185667568609e-01 2.732290020323782098e+00
2.220808538775533414e+00 1.880602121769847201e+00 1.263250701379249608e-01 2.920782249913036921e+00
1.446233546268829995e-01 1.172208291787534273e+00 1.621468096650857893e+00 2.868448336844417579e+00
2.120573706509429890e+00 1.012130408944069276e-01 2.039504456377897235e+00 2.155527591336836135e+00
5.759237870579593244e-01 7.533080963405631714e-01 2.722558449002857595e-01 3.800790571317103073e-01
2.042206603304458135e+00 1.828817226590280010e+00 2.836352481875104470e+00 5.522268833933377530e-02
1.312385840287777494e+00 1.170123562562454866e+00 9.015223889604494500e-01 1.426765493884789793e+00
8.207955651059405389e-01 6.102044827003946237e-01 2.709888073022381771e+00 2.504563039081801445e+00
3.453120519957305068e-01 2.047482309199825767e+00 2.117184230553648128e+00 1.366070493573177558e+00
2.144800067694652590e+00 2.546637188025970389e+00 2.587415478014873482e+00 2.723701125828446035e-01
2.338313021012489390e+00 8.916071208512778012e-01 1.766005650872057187e+00 2.788160584776142148e+00
2.656183009949696139e+00 3.660400273907879476e-01 2.045451459846612252e+00 2.546122797924746717e+00
4.592948936157955492e-02 3.114163276403266067e+00 9.267235653135577067e-01 2.884395369058334158e+00
1.497153563400066112e+00 1.954412040270923967e+00 9.877263901181867478e-01 2.854683516495790663e+00
3.264601273748203303e-01 1.083120140279963950e+00 3.118862826567753821e+00 5.991312734977503052e-01
1.676381961880952121e+00 1.675389271578778372e+00 5.522441182115973568e-01 1.056741371829566178e+00
3.012454954673833285e+00 4.693796957522257673e-01 2.030934063860381222e+00 1.734106230477509003e+00
2.293853375453419330e-01 9.410280516842071119e-01 3.046429473355344530e+00 2.144827984911322982e+00
5.000622467956435946e-01 1.994442383170909716e+00 1.022039858215079589e+00 2.887933290522558316e+00
2.985708932403682070e+00 1.419579523772436236e+00 3.584480829136752478e-01 5.932397557231640084e-01
2.175252882942687815e+00 1.000265247362528642e+00 8.681566358301632258e-01 3.263610189424048791e-01
1.092133841530530836e+00 1.115319833368727309e+00 1.291236997796304298e+00 1.050204684509374209e+00
2.301912146574828455e+00 6.442367125306980302e-01 2.591721430083262057e+00 2.004695860361513926e+00
2.178925195824107597e+00 1.043392138489455112e+00 2.447893020538320030e+00 7.370622295413680192e-01
2.228958220939476043e+00 1.983825687502100754e+00 4.274839294469239270e-01 3.064743643937140050e+00
1.644013132756562356e+00 1.230728171337161836e+00 2.028856506600905885e+00 3.023758187290538912e-01
1.584929944918068268e+00 1.564897223504432500e+00 2.862101842405671004e+00 2.826157972779625105e+00
3.215582089571547009e-01 2.443574356627311595e-01 2.142561767714929122e+00 2.526898779961226360e+00
1.650764787837362579e+00 3.103677323129094834e+00 6.552620544244283640e-02 3.405208027404456050e-01
1.083202305975293767e+00 3.092863453899620474e+00 3.038955638844230922e+00 2.928724686818588108e+00
1.232789589028985056e+00 1.095238180936826566e+00 2.667639570754253953e+00 1.442617617449790002e+00
1.865816088802256356e+00 3.561354557507762641e-01 1.565215385850074359e+00 8.701517303103586398e-01
1.803054422486356501e-01 1.671334561930891471e+00 1.844695238939762172e+00 1.691326493045660628e+00
2.045627995265964838e+00 4.495985731637767713e-01 2.797549846033636545e+00 5.897114040792070799e-01
3.088122706777096660e+00 5.317674697035902343e-01 1.449108825543164170e-01 3.085990723648500467e+00
1.741901359652409775e+00 8.231059451370210667e-01 2.161211847866887636e-01 2.888710159244900044e+00
2.525738077844646323e+00 2.730835849226308731e+00 1.916009878480184059e-01 5.003699353010888640e-01
2.040141799426362201e+00 1.792092432584771577e+00 1.267876639566194008e+00 2.847011571947124953e+00
5.842019898991753814e-03 7.554325060587130380e-01 9.837755730810249233e-01 4.349669463534234781e-01
1.495348704369095505e-01 1.781977607701607791e-01 9.340416097763811765e-01 3.197892272762881127e-01
3.167211729208224691e-01 1.624112445364838120e+00 2.377156262905379069e+00 8.265533940113877209e-01
2.951956989358818895e+00 1.814319691404102652e+00 1.277912847685125586e+00 2.625214691373630060e+00
2.669177448787720230e+00 2.433471308275155509e-01 2.054724389209214408e+00 2.975182525502345410e+00
2.526282223634453317e+00 1.297861276985647239e+00 5.233218074357303129e-01 4.133660988725800789e-01
2.995660637297535178e+00 6.723653913365523760e-01 2.262723399536854085e+00 2.282350299463029308e-01
1.991723501579051758e+00 2.715543538364738385e+00 2.291442351344582296e+00 1.606331105785703706e+00
2.302655475107087124e+00 1.346935924071823720e+00 2.270619203910130945e+00 2.996881208411066311e-01
2.353859067534823879e+00 2.942855608327124894e+00 5.489755223916897853e-01 2.786156572505452012e+00
2.334854266629426967e-01 4.956011994007564758e-01 4.154018563415141641e-01 2.409698720936932492e+00
1.918619260953868366e+00 3.422521065697959330e-01 1.224278445780276003e+00 6.138354309156047739e-01
1.540978579842607221e+00 1.704562102694139880e-01 1.264723114649349611e+00 1.640623651834230756e+00
1.218228165329316548e+00 1.105035118255150994e+00 1.023672847667854269e+00 2.212462353240598922e+00
3.053552909659932979e+00 2.200215853478292294e-01 2.669295481759821786e+00 2.784760964219293644e+00
1.856112927692365577e+00 1.729181804243453469e+00 2.675464486798310837e+00 6.475338084042874254e-01
1.276519680927008515e-01 2.620806059764823281e+00 3.022083608631619178e+00 2.545185171298328886e+00
2.860492760898797115e+00 8.791261070821541068e-01 8.636219070151964772e-01 9.661617588065718465e-02
2.767151925617883923e-01 2.426403606898299703e+00 2.540187892061716912e+00 4.553374783704255413e-01
2.862303659285238222e+00 2.228905803172624100e+00 2.845311505449625855e+00 1.461879989847335359e+00
1.273159146894295157e-01 2.773876421586269458e+00 2.510433666132834585e+00 1.652864061615930247e+00
1.632929502165843427e+00 2.602841114949149937e+00 7.227415078692009942e-01 2.363327275750673806e+00
2.076685301609561218e+00 9.753514500288404943e-01 9.152097738260641657e-01 2.772253207216511584e+00
5.516619776713371781e-01 1.301059001473596766e+00 4.866770269485092004e-02 4.410882076831604270e-01
3.116864103802428065e+00 3.061035815332634691e+00 2.567059492968190582e-01 1.616452152834904288e+00
4.192575580843956318e-01 2.105781410068358728e+00 1.168141935619910532e+00 1.320019392232863353e+00
2.830036894918642076e+00 2.301805562400416783e+00 2.073614534013934030e+00 2.498728661188601929e+00
2.719487172032451383e+00 1.385627767187552317e+00 1.068843685418691347e+00 1.112651002989490712e+00
1.727505268228835877e+00 7.839493485484525515e-01 1.186781075551651687e+00 1.060649839008024564e+00
1.224532195126700529e+00 1.036598039455561976e-01 1.773581158342623310e+00 1.112226366112407418e-02
3.182409119984897505e-01 2.098620038195298854e+00 2.147834750512891855e+00 4.082921714839862770e-01
1.045934401602099939e+00 3.736249142160696368e-01 1.704090415324460150e-01 2.930062924705096883e+00
2.611466859721969680e+00 1.247769644677027001e+00 2.045945010041763545e+00 2.510116503292602275e+00
1.949113806062055643e+00 1.793934183934471627e-01 1.848468041678844154e+00 2.545621661577103012e+00
1.397187457319215786e+00 8.063691190973105716e-01 8.964472640078592347e-01 9.936670400194379527e-01
8.920053304362953739e-01 2.225234681174478868e-01 1.032493175629805693e+00 1.436892674208157361e+00
1.714327951686348550e+00 2.936745835707403884e+00 2.078680716891643521e-01 2.039509896052100313e+00
1.604086356023119775e+00 2.163859221786724463e-01 1.918858546632763173e-01 1.203949801309992379e-01
2.037412960486892466e+00 2.293232919691064797e+00 1.639444869204260025e+00 7.967780164855848835e-01
2.822782743170748621e+00 4.475612503760914018e-01 9.096691406255990042e-01 6.104123718829775752e-02
2.141241430332428752e+00 2.208851475091744287e+00 6.667222511754611336e-01 2.017291524816019255e+00
9.967729156064181195e-01 1.206413791444910677e+00 2.568080464852507738e+00 2.682426562280986637e+00
2.195933032174022526e-01 1.394531148126330278e+00 1.960551852077240698e+00 1.293060519742719849e+00
4.574659340357196957e-02 6.576841945845053328e-01 9.291937933616296608e-01 1.427415955360696653e+00
2.711739604301227402e+00 2.906441042918058937e+00 7.717479117089794949e-01 1.823199045649156913e+00
1.661325495039673861e+00 1.008835078442963606e+00 1.905358745912727469e+00 2.437653074253397278e+00
1.336307096048086063e+00 6.364447219467548322e-01 5.164738857474305833e-01 7.151509473361646885e-01
1.587076946197905070e+00 3.129947648894826351e-01 1.977199137663459227e+00 1.884502516296036267e+00
8.217205749495235523e-01 2.742013237107055801e+00 1.736763437543562327e+00 2.960147922003933729e+00
1.491969506105929044e+00 2.493721466190490232e-01 9.920523254447005668e-01 2.172604791956620041e+00
3.136513980027859638e+00 2.965039707707733951e-02 1.695501149775160865e+00 7.107925895325620802e-01
9.030190393482081523e-01 1.124483075683780919e+00 3.037640617383295716e+00 2.269112972885935609e+00
2.854761797427340486e+00 2.574520137950230492e+00 1.284794030798583009e+00 1.658494130688546564e+00
7.948858861996315195e-01 6.667826263079387195e-01 3.092744836738525738e+00 1.666916027750703577e+00
9.975653527293355527e-01 1.250037537278042343e+00 2.029136717624203001e+00 2.750376538593186204e+00
2.937453507917887396e+00 1.248722627658225504e+00 8.614244562457661347e-01 1.806249656737300979e+00
2.090453157416482632e+00 1.436592065793037110e+00 2.717421240625374601e+00 1.740423139232736505e+00
2.661920844777527773e+00 2.453960985905722758e+00 3.304038816205758788e-01 4.827824493184763588e-01
2.863370503659678601e+00 7.728282259001583165e-01 2.113598361844703177e+00 7.838008993735415819e-01
1.737300106542253975e+00 2.593314607268307551e-02 2.845891125525992771e-01 2.740327042321011319e+00
2.754355742455116829e+00 1.985996011224827607e+00 3.006266883153902558e+00 2.613158466768688459e+00
2.500087090412077107e+00 1.924340795906767099e+00 1.177422394848773424e+00 2.366018516589583953e+00
1.189322858139746586e+00 3.106297081440926089e+00 2.792963374600677007e+00 2.185678667958350641e-01
2.885183018838078262e+00 7.047135564325635038e-01 6.407705871553824595e-02 1.866763950972899044e+00
9.956031533988759508e-01 1.391027540519554906e+00 1.473025307394393968e+00 2.691223878054717744e+00
1.670338189701976728e-02 1.298081931337017325e+00 2.319043602781014138e-02 3.477972313059268100e-02
1.864259239014377068e+00 2.312381607330895150e+00 9.542850533412200464e-01 9.065602181422520722e-01
2.040673740391891311e+00 1.462250377263945023e+00 2.164331576284407532e+00 6.276766993727949107e-01
2.935484961496894751e+00 5.449224097189439009e-01 3.017884463734594291e+00 4.208762708131268959e-01
3.515226959191312672e-01 1.503846729293499829e+00 9.270504191710078334e-01 2.995298224421810929e+00
3.331840938164942756e-01 2.721979994561221083e+00 2.073733748606699123e+00 9.762514731580675953e-01
9.591331158178096894e-01 1.973115078589870119e+00 4.940732004632753527e-01 7.752421575162842249e-01
7.987646564318966469e-01 2.316732610544964377e+00 4.767283731738045649e-01 2.232574070804697275e+00
2.696597894037961574e+00 2.325525056991779138e+00 6.251796810939850291e-01 1.467167773920421858e+00
9.123630932478261624e-01 6.730977092464671685e-01 2.653105204689651941e-01 2.697487489219841272e+00
1.815224709058860686e+00 2.582416999469048791e-01 2.016010419945372334e+00 9.534318525861305016e-01
1.527407412455047409e+00 2.408103253947440514e+00 2.521995765944087697e+00 2.631401480844983265e+00
1.702823959583842583e+00 2.121606003497352066e+00 1.187296478780907494e+00 4.483380080008388946e-01
2.181111974743608073e+00 3.358720453807964024e-01 2.488589793402084638e+00 8.586879339345830642e-02
3.267940132510221973e-01 2.877746993878540493e+00 1.703808210382164567e+00 1.798639194177575673e+00
1.167595121692745153e+00 9.486322609161734754e-01 2.450291881607230771e+00 2.842078028982520932e-01
5.805980800428762745e-01 2.365958594297143058e+00 1.568507751193817690e+00 1.228537510197390964e-01
2.690820460590644725e+00 2.225701249759171496e+00 2.666813312187151563e+00 2.674398100910339249e+00
3.542093168408105841e-01 9.766123348357735878e-02 2.054128998239060699e+00 1.932672047417971495e+00
8.835358041571058640e-01 2.621518815635092814e+00 4.558734412398628977e-01 7.426102283325078934e-01
7.322261207662063009e-01 2.126172244768659958e+00 1.513698392271103588e+00 2.164839177089729283e+00
8.544096004845248560e-01 2.865565956871273023e+00 2.094390032808412627e+00 9.343433596986895351e-01
1.249427466319201985e+00 2.055633299439731498e+00 2.362800459926749141e+00 8.993520539479853415e-01
1.009496609504804271e-01 1.800623008615885645e+00 1.310756681022930747e+00 3.576991533795020328e-01
2.698911388959960522e+00 7.856772686311530585e-02 8.288440589403702763e-01 2.938345658410427941e+00
8.949808355944247618e-01 1.612947513719796000e-01 1.349640580921915411e+00 1.087965164975233323e+00
1.923337212065216795e+00 2.004029195420647280e+00 1.316265055884661361e+00 7.504193315068665715e-01
1.573250412633387940e+00 2.659756328273135573e+00 7.225708078701792436e-01 1.492499510078465486e+00
1.371690622819824901e+00 2.626784509680497148e+00 2.427901053226791284e+00 1.718953766023624485e+00
2.135264280609350696e+00 3.040255570009385622e+00 1.076631623482275257e+00 6.732400997045142610e-01
2.811031832000230324e-01 1.810619035934659671e+00 2.766191883504614868e+00 9.185285530141892307e-01
2.260375649619235539e+00 1.726464610181038362e+00 6.961552049046116908e-01 1.948953702379963016e+00
1.698328563020312876e+00 3.098964148502053817e+00 2.252666238701131807e+00 2.931715478535125374e+00
3.071038157315468364e+00 8.707424126120473229e-01 2.669780455894007698e+00 1.950682133304542765e+00
3.133229185795079808e+00 5.201820957243274979e-01 1.636359099395259031e+00 8.776913608602836536e-01
1.717254286818513109e-01 7.012910925866580047e-01 1.205571101384582677e+00 2.156845388411269049e+00
9.888750933233113605e-01 2.530279648167061968e+00 2.217380665372548076e+00 5.211987352658630224e-01
2.821668541202574154e+00 1.851185101366964014e+00 2.302409318890037415e+00 2.816035633160001161e+00
2.921481352188803449e+00 1.703514974513536950e+00 1.517000160120599794e+00 1.614318773881104896e+00
1.355033731846230438e+00 1.082524727462566450e+00 7.969312530524490512e-01 1.998936545992413771e+00
2.632189238527382624e-01 5.687687997623309677e-01 2.203330647943556375e+00 2.821145832531917641e+00
1.949484783755015826e-01 1.114225147570476748e-01 1.178775831755335624e+00 2.473671660524894289e+00
1.604710648570134568e+00 9.429845946909425347e-01 9.772971713666932514e-01 3.126064725011613810e+00
2.726587361767254691e+00 6.384573743850894267e-01 1.195485916606899846e+00 1.534932569903793231e+00
1.072847781717421789e+00 1.402806480878660000e+00 1.406800728414139501e+00 1.009433031277742199e-01
1.430282153316047689e+00 1.458487662892462122e+00 2.611657680410091498e+00 1.846431364254298990e-01
5.826235693453681863e-01 1.076096643401297293e+00 6.604557484622650687e-01 1.467916074937753113e+00
2.931018162493971513e+00 1.341376960351629233e+00 2.332166752574832636e+00 2.363455347347831914e+00
2.539149854260707162e+00 5.886401975083762617e-01 2.364965928373747417e+00 1.163767843907812294e+00
2.459954304067316855e+00 1.775785971262806129e+00 3.085179015171974459e+00 2.843507569851238870e+00
2.944674060451592634e+00 4.668538347753660445e-02 2.747559302689982275e+00 1.062826346868789074e+00
2.913072663935902251e-01 2.260020698512253734e+00 2.082368093119832064e+00 1.736191946464429869e-01
1.847862689108227541e-01 1.081599485116062076e-01 3.013063412713754552e+00 2.739598559857952864e+00
1.298745176764615206e-01 3.044431762204132585e+00 3.357373551638230258e-01 2.976328383362212837e-01
1.516470789820175025e+00 2.975445223723618415e+00 2.051971104930829792e+00 5.855658976570875529e-01
1.426411909397763189e+00 3.730304143845081799e-01 1.254616265326717217e+00 8.481002771836410395e-03
4.169534934684013816e-01 2.220072756098904421e+00 3.011783864846427239e+00 3.061145310831792088e+00
1.282064020556539008e+00 1.439107501435364478e+00 3.076267035401504923e+00 7.773185288292895623e-02
2.147860514659882814e+00 1.384023453860836694e+00 9.110016898351585013e-01 2.666353479079444089e+00
8.053780329720436892e-01 1.730548622452723118e+00 2.986060114376926755e+00 3.044507720002451290e+00
2.690775670589471980e-01 1.544252399262747467e-02 2.895577366115715812e+00 2.143664559623483790e+00
2.640212728168147560e+00 2.869412427211153194e+00 1.198495034103388646e+00 1.548921782196421626e+00
2.705062534270147090e+00 9.064556541635153675e-01 2.112689728260420452e+00 2.624673662269696450e+00
3.378348399612698949e-02 1.540810665512339472e+00 6.596714267673440268e-01 2.366374711384546359e+00
5.904323603094442374e-01 2.979500998542389034e+00 2.895843009880243457e+00 1.926393689538007159e+00
2.630744175199629109e-01 2.305741082567902112e+00 1.478785340393315162e-01 1.477462184738043804e+00
9.547542205532301152e-01 2.676008499080195779e+00 1.192465441078404131e+00 3.107293047660872887e-01
2.067486725588301599e+00 1.174136069785079117e+00 1.690841577004373208e+00 1.754119250105175221e+00
2.127918736188204818e+00 1.174853956783687758e+00 9.292781748935353692e-01 1.926279635795013379e+00
5.500573538365868265e-01 7.437815760923248698e-01 2.262057628473423954e+00 3.482886871135946194e-01
1.428839996827913739e+00 2.172533104272380555e+00 2.719544635844785674e+00 4.669676461659584832e-01
1.854392608564964684e+00 2.564917472237081331e+00 3.076419909529962471e+00 7.667833273250909132e-01
2.533664130113623791e+00 3.011644198362780411e+00 2.482070816072684538e-01 5.056943827189713803e-01
3.130338160362562849e+00 3.158332378128438922e-01 2.713965626330373304e+00 9.456313751490276198e-01
5.095202315956169903e-01 3.130731696736749115e+00 1.378836096870854844e+00 1.017866315942230981e+00
1.285360557423603778e+00 2.513832382154652656e+00 3.762775704654222619e-01 2.574468295638876469e+00
2.549832064423000588e+00 2.021947837178208474e+00 2.315973843939871379e+00 5.470545989828956568e-01
2.385426799471569659e+00 2.363408096305376294e+00 1.084616667626656650e+00 2.981557549007706864e+00
8.406967355435773781e-01 2.888138568301467091e-01 2.520713958716730652e+00 4.410855801738463033e-01
2.973653625390087374e+00 2.976864748304798525e+00 5.730966340019477689e-02 3.077954765210013099e-01
6.824623325870768920e-01 1.578549456574370180e-01 2.989359436235225154e+00 6.623750254080716937e-01
2.054770783965827352e+00 2.717894518851552199e+00 7.679153390055666328e-01 3.112903853500807561e+00
1.786141508412945500e+00 2.630240891850105012e+00 1.813703151597520380e+00 2.621081515839646325e+00
1.090403257209874965e+00 6.226469708779748258e-01 8.504643048876011635e-01 1.182651467786645316e+00
7.296457162078998637e-01 4.026641087614550862e-01 1.610173496256080694e-01 2.155920389570431528e+00
1.428221600178695594e+00 1.671211280755811046e+00 6.750255950275385608e-01 1.243668032538316481e+00
3.979869164314889796e-01 1.108948798271879310e+00 2.026919253096843399e+00 7.487976299168210836e-01
3.127870018805314345e+00 2.904757829708304318e+00 2.789189130586939291e-01 2.683710281425042865e+00
1.838748681961846154e+00 1.078728372683206205e+00 2.186109474946156261e-01 2.203374136683001194e-01
1.411135614328269172e+00 7.629540341423735050e-01 2.833659234830431028e+00 5.973381993110272736e-01
1.961158096269477902e+00 1.635766486831789157e+00 3.060679515535721151e+00 1.192015438012951067e+00
2.437816603285497319e+00 2.112491957482570903e+00 1.047398730432808484e-01 2.931062952548823208e+00
2.656042500182183907e+00 8.451901205875632650e-01 3.110104712132640170e+00 1.975300969868857726e+00
2.053606230399745769e+00 2.383453676107324171e+00 3.111706171120504738e+00 2.983423434979459721e+00
6.364321421595510175e-01 1.019409507076264543e+00 2.723540899263271253e+00 2.171258254331347448e+00
1.584679545082652963e+00 4.957771769120932204e-01 8.268141469236018892e-01 1.972634382171249090e+00
3.083598572496032642e+00 1.562981225130821716e+00 1.389637577113098876e+00 2.346805587935167026e+00
2.977174753447227040e+00 1.964560373697826323e+00 2.038935968772360052e+00 6.709349030727216334e-01
5.593447433717905204e-01 2.712128632756988900e+00 1.091777339016806403e+00 1.261763052713905209e+00
7.954189357120626802e-01 1.278981437603880611e+00 2.069215988160417741e+00 5.777767252105349138e-01
2.587769571416113301e+00 3.350374533227188506e-02 2.940972333455469823e+00 1.522752378434467868e+00
4.843297470949718408e-01 1.616462827392001644e+00 6.494450141420511635e-02 1.054132003455909156e-01
3.393358418888244854e-01 1.247430760241843961e+00 1.038938805879913163e+00 2.619368018744124615e+00
2.190378426929235012e+00 1.492205310022328923e+00 2.984687952586241089e+00 2.038474692658791998e+00
3.023429850476555547e-01 1.445097576888150215e-01 1.129928518147126582e+00 4.756600940907081410e-01
1.061614323495239320e+00 1.451108790711084673e+00 2.423156997914361899e+00 1.233418817691954050e+00
2.757905178843985894e+00 5.524979524613138349e-01 3.122964514519258827e+00 1.315128469418779533e-01
1.726553897489759404e+00 1.178472673520182118e-01 2.427832250040078410e+00 8.396368782143880383e-01
2.368320176419951739e+00 2.817547529891937241e+00 1.639594443258280076e+00 2.650629300743894579e+00
1.606325651868559523e-01 1.259648846772187580e+00 8.353753351820081274e-01 7.243599488504591788e-01
9.826927247462486914e-01 7.370142428736046192e-01 1.317029098456245162e+00 5.686421635192395740e-01
2.979090366098354092e+00 2.378896093800575873e+00 6.306918838528424720e-02 2.850721258490615528e-01
3.055896501286980982e+00 7.466429871147364228e-01 1.401354014912756796e-01 1.593009949780942458e-01
1.133175239760183972e+00 9.601428120196693339e-01 1.833026398450229966e+00 2.647264103878920860e+00
9.361725212701405008e-01 2.416923309868402800e-02 2.646856937025915624e+00 2.868107963761640899e+00
2.103567813473035120e+00 1.897648984428334518e-01 1.255599418780046550e+00 2.722838317089985249e+00
3.925736341856447265e-01 1.764639115166511063e+00 2.587447177938055454e+00 1.068981232115885582e+00
1.809535412243071351e+00 2.927095324708917978e+00 2.149439588318889260e+00 3.103166036779285708e+00
4.992505281540832174e-01 2.212732475495787554e+00 1.535508562887430095e+00 7.398637202537982072e-01
1.970475717401223958e+00 2.541614938599751738e+00 2.963656793201610018e+00 1.744455573734459364e+00
2.653532913505283752e-01 2.521769913096526317e+00 2.622465162434859831e+00 2.107957386490296070e+00
2.540565057217686107e+00 9.498150274936923987e-01 2.135327919962730192e+00 1.568751075131650463e+00
7.911711497896607437e-01 1.161337688830420989e+00 1.134961323747494255e+00 2.699860079975302085e+00
2.976658684384100528e+00 6.374296265639797232e-01 4.389311741032176917e-01 2.588348403339353787e+00
2.856952011669239067e+00 5.965087100521438979e-01 1.096534045293355408e+00 1.163681602094825518e+00
2.323761793856057079e+00 1.655581380474652198e+00 2.349106781090110341e-01 1.473435023651334497e+00
9.139426638143031134e-01 2.745398612645896463e+00 9.371137421135916634e-01 1.430051526170041720e+00
2.064947403045411356e+00 1.718876824916357737e+00 1.238959748210118450e+00 3.764801754203631612e-01
2.811962988628015303e+00 1.906576291996676664e+00 1.562673906716229855e-01 1.458407990952200750e+00
1.002741565130996326e+00 2.058180911753324960e+00 6.967590567516174227e-02 1.508458746688688068e+00
8.464626051601497059e-01 5.645098713884417752e-01 7.778852440796587553e-01 3.021100328543260272e+00
7.349604614051876705e-01 2.703935448240193384e+00 2.431397962548819347e+00 2.661080552590501913e+00
1.956329296850345401e+00 2.707891771669492312e-02 2.486252499094685930e+00 2.766969434473198319e+00
1.239147167671543759e+00 2.956561482785051265e+00 6.469770678122156449e-01 2.221288750344122764e+00
1.192105261821599926e+00 8.738077617878762249e-01 3.920887936679527397e-01 9.644880900768227142e-03
3.470997383687003945e-01 1.757535653900490935e+00 1.545122773463122323e+00 1.695229812776486433e+00
4.986306743188762547e-01 3.127386164285545167e+00 1.481419329693531406e+00 2.626324489142442431e+00
4.627384896046680685e-01 1.915742847026643103e+00 1.192171601799423053e+00 2.839121061351325803e+00
1.147043192950760071e+00 4.956410850209979069e-01 5.631586634049213780e-01 1.802471934361324080e-01
7.795440248212479606e-01 7.128147127519364190e-01 6.737369038260789811e-01 1.345712558741140263e+00
1.999967507077986095e+00 7.295252923699643288e-01 2.238244569050751753e+00 1.746056627151462148e+00
3.022108620786980282e+00 1.592443870883750501e+00 5.897161604238029264e-01 1.349283792847846830e-01
1.596746865988742936e+00 2.130828862027654313e+00 9.641599177219803973e-01 1.730353537213575210e+00
6.337637393678686726e-01 1.445958538015427175e+00 2.574848314139996930e+00 1.235809071250630664e+00
1.452664906292084890e+00 2.390001841196424337e+00 1.682295912632224777e+00 8.053275077736643528e-01
2.262790397233236384e+00 3.077035054912986123e+00 8.747657985209301712e-01 8.147227431297310307e-01
4.372816492196581195e-01 5.054865948145020882e-01 2.274049133496253983e-01 1.936968437150630828e+00
2.468789489557604355e+00 2.353344522936865690e+00 1.558281980897058827e-01 2.554692271486767030e+00
7.017626627784047111e-01 3.098893679567139348e+00 7.613586149686999427e-01 2.673665712300640068e-02
4.878500026449866800e-01 2.899079397879672726e+00 3.106089966215126008e+00 1.732311318121108945e+00
7.011084794106062779e-01 7.919427955638179695e-01 1.048140991233525582e-01 1.161183266110839690e-01
9.928194255158862003e-01 2.010008627259950220e+00 2.317499563795600626e+00 1.285145805330544455e+00
2.558187853898218123e+00 8.651184552012125550e-01 3.125393211965894036e+00 2.904743960546469217e-01
2.865533244867641383e+00 1.349336170472544838e+00 1.897149217513368402e+00 1.960228037945229040e+00
2.495176139070579335e+00 7.684710031028967325e-01 1.790544426815682044e+00 1.698926278103432885e+00
2.073533267899412835e-01 1.656562588275886094e+00 1.381599899909498275e+00 9.051617401435145815e-01
2.579438625731498291e+00 1.270799886872813755e-01 1.224395370232813640e-01 2.299504792935541442e+00
2.062716488022922068e+00 2.454871785542122709e+00 1.576058159361103383e+00 2.121195662452401098e+00
1.680655521001299113e-01 2.244157257643649483e+00 8.418732700703940308e-01 7.284771520059925010e-01
1.026092765506733562e+00 1.156288510980444939e-01 1.618529973809527400e-01 1.416695589500133856e+00
3.006261504721056799e+00 3.107879692614972100e+00 1.723563003401461513e+00 3.744165116306381602e-01
3.535060274724841078e-01 2.408166467177882630e+00 2.050075091024589291e+00 2.791975608700414391e+00
9.535899242726960656e-01 2.603190368959794387e+00 8.712691961164867882e-01 4.121933880494779712e-01
1.481178179885430435e+00 1.630207123093068589e+00 1.546825315414513291e+00 2.588578215162096630e+00
3.545376998468052765e-01 8.627752795183134538e-01 6.935617003965922622e-01 1.529433779062729704e+00
2.067105975912193916e+00 5.003992617821770850e-01 3.012059388018720529e+00 1.164803022714699932e-01
1.403950941820879983e+00 1.220080599720899800e-01 3.082213579661223779e+00 6.882237992555647610e-01
3.129879320100169338e+00 8.164905653463347956e-01 2.958831089877607123e-01 8.427181361526800973e-01
9.230945727595021300e-01 2.615303261815057567e+00 5.505857872492783134e-01 7.055154573401419826e-01
2.167552490171302804e+00 3.852162107454351059e-01 1.408887372066316646e+00 3.748887010976842491e-03
2.099121696046615693e+00 8.206102876459572260e-01 3.121975599835487891e+00 2.738365204730158098e+00
2.248769442135967633e+00 2.098211534857982841e+00 3.248754016827415381e-01 2.487769078725860616e+00
2.542641621282527797e+00 1.236568405089631506e+00 2.435291751996364606e+00 2.473650442632172819e+00
5.668749156691619273e-01 1.865390168584603270e+00 6.624715032442510809e-01 1.250142479677005813e-01
1.315068419335124750e+00 2.257194711170726453e+00 1.235193181038866772e+00 3.656247801106819462e-01
2.124250654365424373e-01 2.756519371132252871e+00 3.099666418350704333e+00 8.133718202936391917e-01
9.576845363418116097e-01 2.138638999360198856e+00 1.918848251102742042e+00 2.664868016954148988e+00
6.393146020212151504e-01 9.687611179155247720e-01 1.334606024259398227e+00 9.738823153721506420e-01
1.622166916951266469e+00 6.092029835685082440e-02 1.249260490784905864e+00 8.231730683794031833e-01
1.610565374798850202e+00 1.721593996817734729e+00 1.237437040773152530e+00 1.955290402590469157e+00
2.449520692501055752e+00 1.779830911303556418e+00 2.172989554181669725e+00 2.129564435708833692e+00
1.129620636483763541e+00 1.269638916439304710e+00 1.154771115935677495e+00 2.121023881759541485e+00
2.476121511216248017e+00 2.675694375434241934e+00 6.514956247408729695e-01 1.351043433125869164e+00
5.453811511223018993e-01 2.104624741565332968e+00 8.293327522717794942e-01 6.678388316985843787e-01
9.704253614686387808e-01 2.545469529110834461e+00 5.369948584774469902e-01 6.302884532076238333e-01
2.080454729823243198e+00 1.703854806500135766e+00 2.007084838007256344e+00 9.133718835666092550e-01
2.960457027317380696e+00 1.036601685809949824e+00 1.762950009334020463e+00 2.721101986863490474e+00
6.544709751379849116e-01 5.134806134463705263e-01 1.493553420057265768e+00 9.419047086663488999e-01
2.765472328423413728e+00 1.537448161956334880e-01 1.365588801048797984e+00 1.236526966557899510e+00
2.037647387944327426e-01 1.906445330209734612e+00 7.489590711959602798e-01 2.329832069558516405e+00
1.117394043872931508e+00 1.113815788156908404e+00 1.462312797110036477e+00 4.512858474525766606e-01
1.066194220107653079e+00 2.188605567023955700e+00 2.290633086925294215e+00 2.432718891034733044e+00
5.912910250744098928e-01 2.784370661566710758e+00 2.614753255275828470e-01 1.998939440432980552e+00
1.453160560112450428e+00 2.191803008000466235e+00 1.959156437275053175e+00 3.065691301218376186e+00
1.352844869910875270e+00 1.913023805521561593e+00 4.594334321305575397e-01 1.992546983610413713e+00
1.706314383268020762e+00 1.167937566857338405e+00 2.114277536098041033e+00 1.826859929593483534e+00
1.551200414809125849e+00 2.758878952381873528e-01 2.559086505300665504e+00 9.516370616286937700e-01
2.667222888285041726e+00 2.447669097468850308e-01 8.865042074143972273e-02 1.917450817226763471e+00
1.796965405211975453e+00 2.708653437240129414e+00 6.527560289435351271e-01 2.149712646022404083e+00
3.127636493255682826e+00 1.345944762671103190e+00 1.256473692056925495e+00 1.953723333172591170e+00
1.787151214690828605e+00 1.373541334631884769e-01 1.149601119923425951e+00 2.414116770484418528e-01
8.662253643422425098e-01 1.788664102602595785e+00 2.581447491687972828e+00 1.725678416179323271e+00
1.338875163961229964e+00 7.690969122354002208e-01 2.570876313455475071e+00 2.651050478453336190e+00
3.259258069977230554e-01 8.079989689257506269e-01 3.892925643285973653e-02 2.540446553180345290e+00
1.572680093085559561e+00 2.235679149845669400e+00 1.130299795926686501e+00 5.184936859699098566e-01
1.497854851795766606e+00 1.751320808242555538e+00 1.952935195885832531e+00 2.890200473190822184e+00
2.083018431940563797e+00 2.448696401973492698e+00 1.108095435008438656e+00 8.063255059864864460e-01
3.113118634591896416e+00 1.102187930643242719e+00 2.688724420845259200e+00 3.121371827009468802e+00
1.157411560936656425e+00 2.531391472248368579e+00 2.089242977743952512e+00 2.546743102353235422e+00
3.072536500308646445e+00 6.390635103350490454e-01 1.957252552684363378e+00 2.260491179947664353e+00
6.574250568494832692e-01 7.213278473281035108e-01 5.344582972332968529e-01 7.277281937711054249e-01
2.051466453227223763e+00 1.976596998660824278e+00 1.319006197767856881e+00 2.383128981901402543e+00
3.122966322433628594e+00 2.297426259602206589e+00 1.588429017410702082e+00 2.671796915340999501e+00
5.788792995267911801e-01 9.099688727470474081e-01 3.697941824740642591e-01 8.757884750537373586e-01
1.031322354971497601e+00 2.592620960232044691e+00 2.725399744448830930e+00 1.507716947458071388e+00
2.465694064146132902e+00 2.949973293513503236e+00 1.721380871562067094e+00 2.634024924646599097e-01
3.029091239570230076e+00 3.396863160426970563e-01 8.658962073075935351e-01 1.385106758788081205e+00
1.277067183839892817e+00 1.517598640563755374e+00 2.215370312981026490e+00 2.135920865518538214e+00
2.108358253523499481e+00 1.220767101984572500e+00 2.131543177379122689e+00 3.005552585843662694e+00
2.978610132575963299e+00 2.105748556968000673e-01 6.302482480699536094e-01 2.029093142845980857e+00
1.796900603157674636e+00 2.109201867351480519e+00 4.310665516071631731e-01 2.491577117231865479e+00
4.656496030689483701e-01 1.923908845220930974e+00 2.592699658526007145e+00 2.982444856563062796e+00
3.237085257320511666e-01 3.034786857431114981e+00 2.690421853149381981e+00 5.479904040689780320e-01
2.136609922359340885e+00 1.167763407027685441e+00 9.028801870029411480e-01 2.175796384736588429e+00
3.109243877802133404e+00 9.868909292816282486e-01 3.017923134920813322e+00 1.663308067131245294e-01
1.117789203125289177e+00 2.205417416763467697e-01 1.969863726726316155e+00 2.401205203020460588e-01
2.202924519961590555e+00 2.201920224161295181e+00 1.394375291635297831e+00 5.201502332202241341e-01
2.675963693428918155e+00 2.817144941653728196e+00 4.998199001342805703e-01 1.899572701289254706e+00
1.112730072959761785e+00 8.486195753633957173e-01 9.840780651237074350e-01 2.341259200290371378e+00
2.998985724266031383e+00 3.068336465406713565e+00 1.892191704243778361e+00 3.132613207857749771e+00
2.212248802294857875e+00 1.796769379089286023e+00 9.068309663131387532e-01 2.469639944143927845e+00
1.421056697532229740e-01 4.132906618890573869e-01 2.739753030448135451e+00 1.728567964891511988e+00
2.600819786115441179e+00 2.834521981556477055e+00 2.103642333226717565e+00 7.366301854789840675e-01
1.143155229488199032e+00 2.296131973012414118e+00 7.163690128258005663e-01 6.255632740599526009e-01
1.799747879407678219e+00 1.211493030638777446e+00 2.769823631206342451e+00 2.502358079000279734e+00
1.505814834349158193e+00 2.866927122997264821e+00 2.802417265051423634e+00 1.834948568917192047e+00
1.505054717404232800e+00 2.962305705639353359e+00 3.882071467749522165e-01 2.530469471302159601e+00
2.446812622595505360e+00 1.801000068375532948e+00 1.584624767348644436e+00 8.629223826342754533e-01
2.669531824945869936e+00 2.490902751986993735e+00 1.825738734348189451e+00 2.406643896863771559e+00
2.111926981403838610e+00 3.065507870113693745e+00 1.741376358067985519e+00 1.375232052560129148e+00
1.221628551269613228e+00 7.942162851764746900e-01 7.738113284473517872e-01 1.726209196243184252e+00
2.071405720546708906e+00 1.499857873608764880e+00 1.296560195307966123e-01 5.984866528516825240e-02
2.660752299038844360e+00 1.089267843910818545e+00 1.790602368039298398e+00 1.166608839971182476e+00
1.453440589757444723e+00 1.537185462063348496e+00 2.619159819610731077e+00 2.564554441879191238e+00
1.719445996369011409e+00 2.354592755894874934e+00 1.317789039271422658e+00 3.312899313671734958e-01
9.912532903001878282e-01 3.084610449797789755e+00 2.658744842151037791e+00 1.229188096392721669e-01
1.184618655509801943e+00 4.588524395300221381e-01 3.138925329632190842e+00 2.729585158722771077e+00
1.567348991150496529e+00 2.977707247860468698e+00 1.752217462120515989e+00 2.900697729267793790e+00
1.459883533068489170e+00 4.939387315515358923e-01 5.012108891767484975e-01 1.206843508513880892e+00
1.827328438643607722e+00 1.162847648226468023e+00 9.207134269685756101e-01 1.956085718462074130e+00
2.990775912699108918e+00 7.760322255785720436e-02 7.533652212428675332e-01 2.161765912027332259e+00
9.488262043837030202e-01 2.053807509840464895e+00 3.104736244235737797e+00 1.187355102910427895e+00
2.540034743850709376e+00 3.044260245302194967e+00 1.931158871005191457e+00 2.785807689736318427e+00
2.510972755597095762e+00 3.086793461393613658e+00 6.535397292804833169e-01 2.828426823205361540e+00
2.957117104971037858e+00 1.962475379384718943e+00 1.815701717897321821e+00 1.216692887012990498e+00
1.526888052986790159e-02 8.160849877366356253e-01 1.385828494530663590e+00 1.551780623335486942e+00
2.822099250501111101e+00 4.970819366817205154e-01 2.449449685505794339e+00 2.161535335427680338e-01
2.958115895378518712e+00 2.433914791478089423e+00 2.000509334665854511e-01 1.272984200955423306e+00
2.437263777393956943e+00 1.428091688145628702e+00 2.573241656532390120e+00 2.486951145163205812e+00
2.653253676212016021e+00 1.875918009904248063e+00 1.300229826829732316e+00 2.597830537077352009e+00
5.399883137955019397e-01 1.571164246265364772e+00 4.747167480300647502e-01 7.822298512987256869e-01
1.048536811637168498e+00 2.918992642469214971e+00 4.618783194345300602e-01 2.223235913963061527e+00
1.161972788771286513e+00 1.873862165629251564e+00 4.844701963987197435e-01 1.235249139190320644e+00
1.340450369294990507e+00 2.911800873694589398e-01 2.146368708512622625e+00 5.436060736586864062e-01
4.675470951922543472e-01 2.719270791673311205e+00 1.220257170256400653e-01 2.427305393957883139e-01
2.804880916027770787e+00 1.233679835707899519e+00 2.005201526234113629e+00 9.867896273308451871e-01
6.689676005122796587e-01 2.128232830404930276e+00 1.546407264394440428e+00 1.099692628400776417e+00
6.824080723222434308e-01 1.632659180418535028e-01 1.418465698361990546e+00 1.137375261272042470e+00
2.768757069121184355e-01 4.483635405728439993e-01 2.896315177923255213e+00 2.624822828001203590e+00
3.031485059003528715e+00 5.367794927672239202e-01 3.127441288015790022e+00 5.185631217235692203e-02
1.359272487241730332e+00 3.045253330443361328e+00 1.369311623169639391e+00 1.637841210040329232e+00
1.003766891681989515e+00 1.380457234896615537e+00 2.403854251429142774e+00 1.079445411122946785e+00
1.739055268007535071e+00 3.073294586178203947e+00 5.112207794877485778e-01 3.129463050633649157e+00
2.853093013906503828e+00 1.613295001176733079e+00 1.581633249425843823e+00 2.270735101262761013e+00
1.751046197640247382e+00 2.344038541976628309e+00 2.015850148861106472e+00 1.043501100808566173e+00
1.919219546856387737e+00 6.938111176861793128e-01 7.110894672582374065e-01 1.316342018925703794e+00
3.025535997672087252e+00 1.648345201981618324e-01 2.557402107444839423e+00 4.217695891712625739e-02
1.767178859791803003e+00 2.346217439311731656e+00 1.375166984042229368e+00 1.098658614091913011e+00
2.718281738451525431e+00 2.204976419874299154e+00 6.289912687461661767e-01 4.101627231855772826e-01
1.750567315324793150e+00 1.633221905982801925e+00 1.878270881581167284e+00 2.435869517425867381e-01
2.304351659042649103e-01 1.618457800766911481e+00 1.370644464406174823e+00 1.837249004261027663e+00
1.173035227999847274e+00 3.847448600338284480e-02 2.307002395069438716e+00 1.361713141247517411e+00
6.022764108086083867e-01 5.658609016195165209e-01 9.534595449318372662e-01 2.118616981493363749e+00
4.824149305001318999e-01 3.557758749267732057e-01 1.199297986993524523e+00 2.230470097036109323e+00
2.647670360955835633e+00 8.876078324880370962e-01 1.041175320372145774e-01 1.469422116717362080e-02
8.710506315691922685e-01 2.919833125907334903e+00 2.223292972244838683e+00 7.116488675657841600e-01
2.589949900871336474e+00 2.418707508510363979e+00 1.507832206391145125e+00 1.510676723062978066e-01
8.656959990224821766e-01 8.047425633570693959e-01 1.311358232534797441e+00 2.234166078414652201e+00
2.648002035459174230e+00 2.094208726895122386e+00 2.092457476221250001e+00 2.681244626133530984e-01
2.309987809673362147e+00 3.122563946277234770e+00 6.679180717462258610e-01 2.054476219742792598e+00
1.929679035330084336e+00 1.407415225504955680e+00 1.578348832896302234e+00 1.563729614658759259e-01
2.559489282973958169e+00 2.640139570992915630e+00 2.840724751759586386e+00 9.096745975360237546e-01
7.970845530324065509e-01 2.458347994199050923e+00 1.895591277146968512e+00 1.559956559050960090e+00
1.708496466455623697e+00 2.646871902836933188e+00 1.407565467764555045e+00 2.106675078105406107e-01
1.219255114642854521e+00 2.588834609774548046e+00 2.071522701001719646e+00 1.488867759029592897e+00
6.779139768127734333e-01 3.672926783023411357e-01 4.437586712541161660e-01 2.732457064159732330e+00
1.498657365046704326e+00 2.525767450006233261e+00 1.230102979002351438e+00 1.161656368370253656e+00
2.164393664576764298e+00 2.060551463327588151e-01 1.991105138467722524e+00 2.521973638858025168e+00
1.598275442613952047e+00 1.637131409599472676e+00 1.744143857992441204e-01 9.301356993967272446e-01
2.367062349276334743e+00 2.915839744331047978e+00 1.078458898432266694e-01 2.643817482895417292e+00
1.673488288815778158e-01 2.882042048652128763e+00 1.121488371818785801e+00 2.079953395844863495e-01
4.264069722684353803e-01 2.722918569118208953e+00 4.239557057569317555e-01 2.514514825359099870e+00
1.334914281069064845e+00 2.655744930012735594e+00 1.564987046132707116e+00 2.188133337920213251e+00
1.111233612889499289e+00 2.082304918240637459e+00 4.151212560219204040e-01 1.481886362212879060e+00
2.078863273115482802e+00 6.693353430570453400e-01 7.132862481082146155e-01 2.253865378153336430e+00
2.425223194023302664e+00 5.188679563568043829e-01 1.167511463980050124e+00 1.511026259200606736e+00
8.706064395545372037e-01 2.462315595413449021e+00 2.417049007216118817e+00 2.382077159898356111e+00
2.172667931280424902e+00 3.081007356010555531e-01 2.257605555434622602e+00 1.226241461485806372e+00
1.522381322959596717e-01 3.302038326437831683e-01 3.109128627086830271e-02 2.160664312659689834e+00
1.464384069269550004e+00 2.427024796001363560e-01 3.002502615841326161e+00 1.734489734844455011e+00
8.241713301692320526e-01 3.081426844348105210e+00 4.231041973684015467e-01 1.203922030302950308e+00
2.392345390183302722e+00 9.393557032888091851e-02 1.039163913448198695e+00 1.016519265612050082e+00
1.850217142736439113e+00 1.338644145785267137e+00 2.848848648622373178e-02 5.873428786431254128e-02
3.666588933973364273e-01 2.031982921585704815e+00 2.549379717372731946e+00 2.209095392711548200e+00
7.821910263510302164e-01 1.853087286921564880e+00 4.316972030901384816e-01 2.068378671883651432e+00
8.989632665065947492e-01 2.333020521290622096e+00 2.970218171259551898e+00 1.260783116222162548e+00
3.095580717346613664e+00 7.694656252126307328e-01 2.024294343187152290e+00 6.711549832514633884e-01
2.608159837086091670e+00 2.315802631346545737e-01 2.407756803214053054e+00 4.586470257636595105e-01
2.207725143574719606e+00 2.177102943250262879e+00 1.594802810315422370e+00 1.150254791079290628e+00
3.751698157103863784e-01 2.994761418829110511e+00 7.915495675637106432e-01 2.739198820820432978e+00
2.714263178859296577e+00 9.564937672988418904e-02 8.668201883916291095e-01 2.515681893934030189e+00
2.946775599553532743e+00 1.056240432389107031e+00 1.839903639103992905e+00 3.009032128521259342e+00
8.193810113579415022e-01 1.610098204622204765e+00 3.683605566364031025e-01 1.020001505510078621e+00
1.431077356122385735e+00 3.986051497716393555e-01 2.950356549799088235e+00 2.911839917981481118e+00
2.158463012726803854e+00 1.767414523446606767e+00 8.893122126423104179e-01 1.079406670748899622e+00
2.555702060139168452e+00 2.255398357771175366e+00 1.603610057640309394e+00 1.305847926832155226e+00
6.323022231187340747e-01 4.288101229854568985e-01 3.658086016553225295e-01 8.152265338919294502e-01
3.101473128398175572e+00 2.458723870800349154e+00 1.749842466455542311e-01 4.144518167952811472e-01
2.008037740353039613e+00 5.985098543200950694e-01 2.861293245789842121e-01 9.938718019863999054e-01
2.848036846757616147e-01 7.921251837347548230e-01 1.549746216030660761e+00 2.234814016237088197e+00
2.019397331764199652e-02 8.125988457582900004e-01 9.948405213687525617e-01 2.144247627930585320e+00
2.151525197920728605e+00 6.820129236142224993e-01 7.649325074749956377e-01 1.417181294331536279e+00
1.162184694326865442e+00 2.213811232528045014e+00 2.487672229217431728e-03 3.045556723722366410e+00
6.343389566174862937e-01 1.282757114101080509e+00 1.289849438860217745e+00 4.763591212095398932e-04
1.888880466068430408e+00 9.192819881876629351e-02 2.981421338760747997e+00 2.168475624646140965e+00
2.885075244053754595e+00 1.233141984886982012e+00 1.630801872606608249e+00 2.451913092373158021e-01
1.149095220533122186e+00 1.228769565004590891e+00 2.912925261909902197e+00 3.104730608712412909e+00
2.493242175327119892e+00 1.130181968942701953e+00 1.853657134312888921e+00 2.062755549083122641e+00
8.608166889771657893e-01 6.075107100108531610e-02 8.295426409438203530e-01 3.138394903001639147e+00
2.607010908850578623e+00 2.635457336034288556e+00 1.655684469171719186e+00 6.756095803713941805e-01
7.454203403961447982e-01 3.119480706717903562e+00 2.225055438742656211e+00 3.100032525595188271e-01
4.314325042692068735e-01 9.271233324449767998e-01 1.442612911456991609e-01 2.291058345532203333e+00
1.167806833965790547e+00 2.628050226682189017e+00 2.382378688279710222e+00 8.693616417537262109e-01
8.380971550233555778e-01 4.551810022748518092e-01 4.183381306745543315e-01 1.161869244406370960e+00
4.478658682772295729e-01 5.219596850339327521e-01 3.547522434033728023e-01 2.084411543305282777e+00
2.284788361418630842e+00 2.372112859977705490e+00 7.178104911107034969e-01 6.899703569862025709e-01
1.142707620936251445e+00 2.369307507331988472e+00 1.607416590451760552e+00 1.535444596016649843e+00
2.969123592778672549e+00 1.127056283865825348e+00 2.911050711774006761e+00 2.272965837393452482e+00
1.952856207757285301e+00 4.231943584324772689e-01 1.042128895651185383e+00 3.122058319652852298e-01
7.862567680960091954e-01 2.932549510103339863e+00 2.238872125786925960e+00 2.494032189295544155e-01
3.188592435037461148e-01 2.229598141238947395e+00 2.313391763480449281e+00 1.415664468030281009e+00
1.182015681347323266e+00 1.869159521422047998e+00 9.391251179818746464e-02 6.398033077812029790e-01
2.829471211275790044e+00 1.748368350306854557e+00 5.991194506327257585e-01 1.571086313193857054e+00
1.611349499290733345e+00 8.960340016394174878e-01 6.701234703248339919e-01 1.646807802505651841e+00
4.437322713226216075e-01 1.686880563595897664e+00 2.079823909576949070e+00 2.028562273203785793e+00
1.438693287755153261e+00 2.214932382070857741e+00 2.604447573131146942e+00 1.012732014106921596e+00
3.004524343582559154e-01 2.000188360432042955e+00 2.584617359247654012e+00 5.845463977886795615e-01
1.031134960078332830e+00 1.361405340417727761e+00 1.785109771787173338e+00 2.979193230399514114e+00
2.078246105626973872e+00 1.787610501243150463e+00 3.857826573149070737e-01 2.666631412078283248e+00
2.127764738349684048e+00 2.184314372713164865e+00 1.988407714479599298e+00 2.655517416798145458e+00
3.104276663917144852e+00 4.870670781128493276e-01 9.880775653388920166e-01 1.071368978477022171e+00
7.561764845938003798e-01 1.266136311696852035e+00 1.296878796015962898e+00 1.682305279409067822e+00
2.094111136136985962e+00 1.578234221154288353e+00 2.795724177623809759e+00 2.960797146643177502e+00
5.694639670482154470e-01 7.457421594165161149e-01 2.192426658257803584e+00 1.547763166795903755e+00
5.629256536091347130e-01 1.299232361878650766e+00 1.230299204766309495e+00 2.641772832292310191e+00
1.773604009215489663e+00 5.673449102621117568e-01 2.991568468363674071e+00 1.524173220814724283e+00
2.553311387144686417e+00 1.540744645834999371e+00 2.487093976493233161e+00 9.465024337815266531e-01
3.967633005965762738e-01 1.883076165211529984e+00 5.818040286540430150e-01 3.646237520417232592e-01
1.705889121208549408e+00 1.154683836489603710e+00 6.483078297501287945e-01 2.960144020937289344e+00
2.031515388838675662e+00 2.333586475326538512e+00 2.918515588012795536e+00 1.135485759533518824e+00
1.996761343137943845e+00 5.576099531543916854e-02 2.295408008462041849e+00 2.175710827931622404e+00
2.024850864411388507e+00 9.813074514012580796e-01 3.106874630459223408e+00 1.117916261227423824e+00
2.611533114927820254e+00 1.054508104295830195e+00 2.679554095239686351e+00 5.332378090855608432e-01
1.967943628118760557e+00 1.596985023021483263e+00 1.933802813109433805e+00 1.066088104750029464e+00
1.085518152803141845e-01 2.547791368425017744e+00 2.228065806080327116e-01 2.913151285797391132e+00
7.341710280701781999e-01 3.060093834290642967e+00 1.503394023359072129e+00 1.530571960990660063e+00
2.001106101791992664e+00 2.322465612217497810e+00 5.672716337422665234e-01 1.283391707481367883e+00
2.951999259778482543e+00 2.869947251759038309e+00 4.201018239820153433e-01 7.013870231101219099e-01
3.993548481794564342e-01 2.250617660224947691e+00 2.079690360605270349e+00 2.287876222904539070e+00
9.731787530740414471e-01 2.633353805111744439e+00 1.490597200980415815e+00 6.489856436531351580e-01
1.768515058955417052e+00 1.043947311506496778e+00 1.834415595700113366e+00 2.755917894108137478e+00
2.130684495993725669e+00 2.873372464669470272e+00 1.913418596714429709e+00 2.168741898823892900e+00
3.607751976064379473e-01 8.901581018417090707e-01 2.163583208829922722e+00 1.751652090787079841e+00
1.308252360967911310e+00 2.367460149082265541e+00 3.078252333995419754e+00 1.448386032767324361e+00
1.439261176575685308e+00 1.568334470689572768e+00 2.928716025908995046e+00 2.876631335452324301e+00
1.809680807262263880e+00 8.138073538712007338e-01 2.042179501446363066e+00 5.578165704943481851e-01
9.991918204665861669e-01 2.619757356649587976e+00 3.074400903229357329e+00 1.364910329797029309e+00
2.553040427245018562e-01 1.800405090384556095e+00 3.104093276879319685e+00 1.283931170285307788e+00
1.049498085902909494e+00 2.355141762706755681e+00 1.126796573586432482e+00 1.344606267599206317e+00
2.010550754878916102e+00 1.187509457776952937e+00 2.832313680315264648e+00 2.173144669317420785e+00
1.003822271699214896e+00 2.223909600276681608e+00 2.290010647661777921e-01 3.236120678169157605e-01
2.323960757938055011e+00 1.040406452576410734e+00 2.536248661683358385e+00 3.015362688839231087e+00
1.169920611977361968e+00 3.202522513064774423e-01 1.753431862579347467e+00 2.941062055342321457e+00
4.081281781829924071e-01 1.910636763835583452e+00 2.242884783485981526e+00 2.084966762598277068e+00
3.876054247349417503e-01 1.685496379603584005e+00 1.676517616138552658e+00 2.092804417582845744e+00
1.499775410799027153e-01 9.934900618479581835e-01 1.089161994248608600e+00 1.607658848784370820e+00
3.035441589072931934e-01 6.496505349092488446e-01 3.038915617922381962e+00 2.348560008508030261e+00
1.463121005322238322e+00 2.918263591262590939e+00 2.334975721318281128e+00 1.370914083537997374e+00
1.596821683798934077e-01 2.463734447028247843e+00 2.615204228055332814e-01 2.498296601746092804e+00
2.817665285871845615e+00 8.019513386186580273e-02 2.021595706012949023e+00 1.606634573460116844e+00
1.270663992864931480e+00 1.186500323859739581e+00 1.292876093621984634e-01 1.205073765214349280e+00
2.025335704208787835e+00 7.426468459670095834e-01 7.188413376978733949e-01 2.693319172101029224e+00
1.781297741538455659e-01 8.276474410477098198e-01 1.196629038667381684e+00 5.034997035267942955e-01
8.306023785789287683e-02 2.360392386160192757e+00 2.881431771314380441e+00 2.486087562641507098e+00
1.175414178047465175e+00 3.063542352488190623e+00 4.881395815004269112e-02 1.338299436456839908e+00
4.213452556648268343e-01 1.884027537595842905e-01 1.847627594364736447e+00 2.667171806377467647e+00
1.190879741882029386e+00 1.924688184594979701e+00 1.390070012511066988e+00 2.385166121910893555e-01
3.026491355763703872e+00 1.363552655231537125e+00 2.078470897526734085e+00 6.317685458310492441e-01
1.100178201450840332e+00 2.091689110389115758e+00 2.027787254549028528e+00 1.824682972642271972e+00
2.211779849497737427e+00 2.874135113719122891e+00 1.067300591428411938e+00 1.891760007217066608e+00
2.473490678928956132e+00 1.951380711850210448e+00 1.686322527780212965e-01 8.653658314968983856e-01
8.422273231088378553e-01 1.470420365652316264e+00 2.388234306760945724e+00 1.612614360352307319e+00
2.535662595074810177e+00 2.068091526266673696e+00 2.023870137876768727e+00 4.458266620079548992e-01
1.147840167693900071e+00 1.328882274310350997e+00 1.145735056393031026e-02 1.937104725831727992e+00
7.142934630382918870e-01 1.293697004971910758e+00 1.577591946490182417e+00 7.008377110682257882e-01
2.484605066132102191e+00 2.370107145679278382e+00 2.366537351117438348e+00 1.694924322201272648e+00
2.234975355295313548e+00 8.172248572079051643e-01 5.423708855375786175e-01 2.037261116801346361e+00
3.095560410713449340e+00 1.123501441639535470e+00 1.395604245918629749e+00 2.217209438859320425e+00
2.749623572906191526e+00 1.471212433854014456e+00 3.966692684187918538e-01 4.862794737565643288e-01
4.800669758778861040e-01 2.450324347107959877e+00 2.214492631103842868e+00 2.552726158731765338e+00
3.018203737506954809e+00 1.105768836197420724e+00 2.081217006454996632e+00 3.728962360783100727e-01
3.096285582695019745e+00 2.052434121787966692e+00 2.365262912545278706e-01 1.681289229659110207e+00
2.468221447981382433e+00 2.463740619009135546e+00 3.977505249821294275e-01 7.034064836993501046e-01
2.544028032186936183e+00 2.364027294564062132e+00 5.312919288727377953e-01 1.102068420030067886e+00
2.132244826153883110e+00 2.394625270058454714e+00 2.232582797850857670e+00 2.565458796331386626e+00
1.121958110391126917e+00 1.781562319465925803e+00 2.382123172146170198e+00 1.219184309177604675e+00
1.095220138856014325e+00 1.464388310697633644e+00 4.763559988827473224e-01 1.767955429448701210e+00
2.147681302463701591e+00 2.325797755125558641e+00 4.786787179766675560e-01 7.171697545683561326e-02
2.573501475621819967e+00 1.591305347159417405e+00 2.936332125019523343e+00 2.473324960205975476e+00
3.822632223626957516e-03 2.579068307331082277e+00 2.994036792516103773e+00 4.940338209887172316e-01
3.065474713297873688e+00 7.288643672376908800e-01 8.369661106593259126e-01 2.716273852803666067e+00
6.874146620237068239e-01 1.130616326592312815e+00 1.171882217697146178e+00 3.321022542534936006e-01
2.032787354132543189e+00 1.959209117524463473e+00 2.571342757608782836e+00 6.819307314531043440e-01
2.624896487891158703e+00 9.050964443698703565e-01 7.111045068439100225e-01 2.019097127805990155e+00
2.700015829864127692e+00 1.058682757724443757e+00 2.056075842520245889e+00 1.476976838316993001e+00
1.102621158322898559e-01 3.121925034198878568e-01 1.422847211564245651e+00 1.052175703554663944e+00
1.846424767391998234e+00 2.266019457645835011e+00 2.501622247874607297e+00 2.267967015431456179e+00
1.474414932039717296e+00 1.034231343754081545e+00 1.946239806006257789e+00 3.106686936219213102e+00
1.052576656101436914e+00 2.095883176413669613e+00 2.961345798589922307e+00 2.612637736290037704e+00
2.282828082640706580e+00 2.176956395547300083e-01 1.514227060839949290e+00 4.417956366437644222e-01
1.986855521772250777e+00 1.544214663431896728e+00 2.364187028497573895e+00 1.020850250526236236e+00
2.295816294115022860e+00 1.367997214958467822e+00 2.271205023246250843e+00 3.606473208621022719e-01
4.906818910843309678e-01 1.035101140127084429e+00 3.413209932901901111e-01 1.239668275753279536e+00
2.342902618306075269e+00 2.620516569115422190e+00 2.109687784084740336e+00 3.056778634958231766e+00
1.113492581627971711e+00 7.231179905934596031e-01 1.101233550631430941e-01 2.609276867215976736e+00
6.557127522284650345e-01 2.091181928937874357e+00 1.927223608958345658e+00 2.168395962653772102e+00
4.079374351922559483e-01 2.568412780919594240e+00 1.534221083565599386e+00 1.209094339501714188e+00
2.517392339044834060e+00 2.417383109486609172e+00 2.625349379816699358e+00 2.905245963636621465e+00
1.197095171640902844e+00 1.007320999979451237e+00 8.257229525370639589e-01 2.643080301204012272e+00
2.234157785477403291e+00 8.877429442269173521e-01 1.001010575559572180e+00 2.902579908004191633e+00
2.547679126668367822e+00 2.977286279168754213e+00 2.858720770383823329e+00 3.051731801261563959e+00
1.770581061029819825e+00 2.478029730684260801e-01 1.248437713392591464e+00 6.967223136425170216e-01
3.004831774756762108e+00 8.924315192465811508e-01 7.239844538305079125e-01 2.978246487765679795e+00
2.719788214099645440e+00 1.879328808182073152e+00 1.143319676241200789e+00 1.919017565530245939e+00
1.401998499668638098e+00 2.217804193287495895e+00 2.090287160945140776e+00 9.619588276144507288e-01
3.095008901978192561e+00 3.016445960915403290e+00 4.648164590670734175e-01 2.816169719217603173e+00
1.101727287106373465e+00 2.299777919175785001e+00 4.019885947069227750e-01 2.204886497576433457e-01
2.821648790594319944e+00 2.220313374024836417e+00 4.551577614455063481e-01 1.013361804157392632e+00
2.315047278374023687e+00 3.098656620233520176e+00 2.862510321196466645e+00 8.979376277928310390e-01
5.333029102094414275e-01 2.394307757877740084e+00 7.283968931538653546e-01 2.403141302931584636e-02
1.981123798173946238e+00 2.991834021144935019e+00 2.561292957028622475e-01 1.240857500295432514e+00
2.319363260373416225e+00 1.044243890203311181e-01 1.337267286898748964e+00 1.959446882320547090e+00
8.227416785186603132e-01 1.171847019364828490e+00 2.413065312949924657e+00 2.832832096741689121e+00
6.127577041968652605e-01 1.899755576999166085e+00 5.744468610848203483e-01 1.063555638275663351e-01
2.847969665224968416e+00 7.874064615303945081e-01 1.498050723091544079e+00 1.559736844314296267e+00
1.555240609972423638e+00 1.535290282332492096e+00 9.147971332507278674e-01 2.317992723690632140e+00
2.292234851789023864e+00 1.544188581279635208e+00 2.206056118541390276e+00 2.663586515056953985e+00
1.028645359612921473e+00 3.082549782164668795e+00 1.556578353369821421e+00 2.826145036818180079e-01
2.150314366338714755e+00 1.418199408919763371e+00 1.734337571428535840e+00 2.960950321056923684e+00
5.332835964088479264e-01 8.749054666619657805e-01 2.874555465006517263e+00 2.960661873932143529e+00
7.538458997369364978e-01 1.449213659378290719e+00 2.104842371081486085e+00 9.389272394196558624e-02
1.623067535017992391e+00 9.454454204359408198e-02 8.236150500004668640e-01 5.186316442310757724e-01
1.537383909980480912e+00 1.113214583359799281e+00 2.851596502496754337e-01 2.316997519243669146e+00
1.452047707985863800e+00 3.036255581158655126e+00 1.830013583983024272e+00 3.237733270337282976e-01
3.095452697042480050e-01 9.903390093881954126e-01 2.153635475803695076e+00 2.541274403365689771e+00
2.030476969407371435e+00 1.737098983970497557e+00 2.628459844539751789e+00 1.642166413673519010e+00
1.633955517059257456e+00 2.449169859949190009e+00 2.396500633983952078e+00 2.354522701741131208e+00
2.439520658699846134e+00 2.534062314919515835e+00 3.093302602710621407e+00 1.281342494853262126e+00
7.292927187465170213e-01 9.852051198747463490e-01 8.559516424866543405e-01 3.137164382228331827e-01
1.817932623212845655e+00 2.007235242283340604e+00 1.412108987810061778e-01 3.156269932089529329e-01
2.433103013311844975e+00 1.904244241673143323e+00 1.231386987648378506e+00 1.400198233342589971e+00
4.256944803532891064e-01 2.480182809215442763e+00 2.386530736640919859e+00 5.122292737271877394e-01
2.476369296677023879e+00 1.870050300778704377e+00 2.972503924386363572e+00 2.774813692762489126e+00
2.157215933309610367e+00 2.582481498202028991e+00 1.575533948824711095e+00 2.442565336234213458e+00
2.062626757619523854e+00 4.283828332260832816e-01 2.599714289313502569e+00 2.214861987040232183e+00
2.243297093548684007e+00 8.222148964745865651e-01 1.635463880802169756e+00 3.153263083494308727e-01
3.055474921884504091e+00 2.298123035213829102e+00 2.138763230483430033e-01 3.530469391479183067e-02
1.871230606816095321e+00 6.989749551339646816e-01 2.132501111756556877e+00 2.532917057469777244e+00
2.981141248501594898e+00 1.220125093666728722e+00 1.708490223130200381e+00 2.664684981012991560e+00
1.081200674903853409e+00 1.464366576720027568e+00 4.641603589906342919e-01 2.067198938985701506e+00
7.643582107020485683e-01 2.996689038196590715e+00 1.452536216245119638e+00 3.017430514129432750e-01
1.041471420732643871e+00 2.875666361376030822e-01 2.676212958802973496e+00 1.924437009110403496e+00
5.728835307136656008e-01 1.845400010867581209e+00 7.463602763936192375e-01 1.600858358087975386e-01
2.850206447790706754e+00 2.994623467812063122e+00 7.341699360859026413e-01 1.401612662247768260e+00
1.627837903880329673e+00 9.838026847545007225e-01 2.414989879408505402e+00 1.189042198012041140e+00
2.482068462823756594e+00 2.303599815721778521e-01 1.769149801359327090e-01 2.246156812404911385e+00
2.755513307744841267e+00 2.044955315516897354e+00 1.754173543562336235e+00 3.900833266726794202e-01
1.177938125635721756e+00 6.296281310676643539e-01 2.819172749819163215e+00 2.733242802192685228e-01
1.906462700656428089e+00 1.791764757725648138e+00 2.475935973745800656e+00 2.753413841827929254e+00
2.253639357661477494e+00 3.006433500131195036e+00 1.280550231326222699e+00 1.596960851768537415e+00
2.637689643000468820e+00 4.447743559310433636e-01 1.309949414399553744e-02 1.488419405159122411e+00
1.581341589584065010e+00 3.945413429832411722e-02 2.815572885941862502e+00 2.583676988611279146e+00
1.458524827641517030e+00 3.012518762618858315e+00 7.527170541194250220e-01 3.662495124078338771e-01
7.806862644185442734e-01 2.761195249071359381e+00 2.720492266080113186e+00 1.118571738538125082e+00
9.398052302147932302e-01 2.548789245774822909e+00 2.851279090087964097e+00 6.663661848045284719e-01
6.372719838955306360e-01 4.439516083989229756e-02 1.453408905733065692e+00 2.178498269600729120e+00
5.400545502087708005e-01 2.747138552016081814e+00 9.966611958776842861e-02 5.950557121272000982e-01
1.329149321290858277e+00 8.576814384916582323e-01 2.069151730949927881e+00 2.704520739468676549e+00
5.156812138821846858e-01 1.816793209496631256e+00 2.951236410268574417e+00 6.585354877065499601e-02
1.657418874434892775e+00 1.149685151662625415e+00 7.565478495652973034e-01 7.315662711122332684e-01
6.806531387260964516e-01 2.388530238263279593e+00 3.032858737708078678e+00 1.408600476554560776e+00
1.129856173126025043e+00 2.985562625289863270e+00 1.326905047628517798e+00 3.078317002892068999e+00
7.670215095881109946e-01 1.924895157930440748e+00 2.483322134598646702e+00 2.913077380322068866e+00
2.145365189352444801e+00 1.544141868565340747e+00 1.189485506366963374e+00 3.120825878375894646e+00
3.007035759979999945e+00 2.418642369979036921e+00 1.054674059089507177e+00 2.299274532909939328e+00
7.723677430476972861e-01 3.000974854367295830e+00 2.508230225471286712e+00 2.751209635760252237e+00
2.093811046848352841e+00 1.084350728145708320e+00 7.227662347863123005e-01 2.158977862497921674e+00
2.687559484721469882e+00 2.345027522796414132e+00 9.827868872259921673e-01 7.701378828893395978e-01
2.121650009636952827e+00 2.176254139106915952e-01 1.382438733163733557e+00 1.677081310100615452e+00
2.677204862532920782e+00 2.435923134878073437e+00 4.513150096938028932e-01 2.495926002781294173e+00
2.138291751136040642e+00 1.719220062551671591e+00 1.149356252511101628e+00 3.724147141789062587e-01
9.936926867130888574e-01 2.217768047561629263e+00 2.122091606931520769e+00 1.779623554285108655e+00
1.062358715976720713e+00 9.440640454911907176e-01 2.117176991790091556e+00 2.189349810776247462e+00
3.110402477830628509e+00 6.795530665913009916e-01 1.186957386095463862e+00 6.300960744714707573e-01
3.065732108666141986e+00 1.401506700628338153e+00 3.201704105961036134e-02 1.174161654751985973e+00
5.349826405254659578e-01 1.060325601341303471e-02 1.687857592161534637e-02 1.387932502538842927e+00
2.459825711321436792e+00 2.165555340358416014e+00 9.985917288858552343e-01 2.244482144492805809e+00
3.134497240922885286e+00 3.695224433385757568e-01 6.002220983583065328e-01 7.792096621214205099e-01
2.618341597619569860e+00 1.717274575174922546e+00 1.497952751925578863e+00 2.035707561663622656e+00
2.772435500231825500e+00 2.232455102237154709e-01 2.082296386173489999e+00 1.160086019029175075e+00
9.627217142606071532e-01 1.313406344431788497e+00 8.966268858437566047e-01 1.338136147312904534e+00
2.681061191975959268e+00 3.091574200765473179e+00 4.579715419630129292e-01 1.448618751379635139e+00
2.308412114427676354e+00 2.012020051623451433e+00 1.577528686558853144e+00 9.744737784177684436e-02
5.518245168750273155e-01 2.567799885718118791e+00 3.121094037308961289e-01 1.276786335935958527e-01
2.783829679249739009e+00 2.892943831446610492e-01 1.851983520996276278e+00 2.537282631429073732e+00
2.808834878020104453e-01 2.294169709970335536e+00 2.873564449712598723e+00 4.956256422472826023e-02
1.344102527507790912e+00 1.762960563554859528e+00 2.038443109181774737e+00 2.903045994053434775e+00
2.640221849823189970e+00 2.522057782254998326e+00 1.772130840780983707e+00 2.255941359322989115e+00
4.670777836510410230e-01 2.997656815212725867e+00 1.006473707879429691e+00 2.866442482896516708e+00
2.276784780425536781e+00 1.037328896421125357e+00 1.640568282590766813e+00 1.055538494722955578e+00
1.042150046057915613e+00 9.904705193217184789e-01 1.890218109076917230e+00 1.807443460136627378e+00
2.102797251703015513e-01 1.886463378133691915e+00 2.265292500214681315e+00 4.060517240821036322e-02
2.766493555918448699e+00 7.536104558900401651e-01 3.239205765853191421e-01 1.268650489592834107e+00
1.361279507725206006e+00 2.232939026815963679e+00 2.972264825614582051e+00 1.094514881793663630e+00
1.709647203967825657e-01 2.831068429075217274e+00 1.810623153171030619e+00 1.649878909440018138e+00
1.765937009846269001e+00 2.030773636450541542e+00 2.724007448154539102e+00 2.466343873205270487e+00
1.699167081663928602e+00 1.747207210572867764e+00 5.364648798245025274e-01 2.728832716030649141e+00
1.923828657343895410e+00 1.121809996045326940e+00 1.521942936712022520e+00 1.070295377477466614e+00
2.530936917883749526e+00 1.147155393098194531e-01 2.720505282509197542e+00 1.292833320767760030e+00
2.655035539616015794e-01 6.607132417131199587e-01 6.660659211566382076e-01 9.949989789858848521e-01
3.771818749634338053e-01 4.542530339474913359e-01 2.724078553340441911e+00 1.390272349094190840e+00
6.382878948370270811e-01 1.906109521780060323e+00 1.409906425225838367e-01 9.756346398696579270e-01
1.025677676503687685e+00 1.952212727586560614e+00 2.468338016135580126e+00 5.390536061948030255e-01
2.942811640857652677e-01 2.492723897862702265e-01 2.538057907861272611e+00 3.017498468349148477e-01
2.599158846179983939e+00 9.298589622845327973e-01 1.988372810518316269e+00 1.235626370587846745e+00
1.374591667225215197e+00 2.307917294784170625e+00 1.453868838587329293e+00 2.523820875087430249e+00
1.457849934008798476e+00 9.765075809932909356e-01 2.806447874975694035e+00 7.996614656915940200e-01
3.057206932963084878e+00 6.124734189666687367e-01 2.580996936426717792e+00 4.657303133058104949e-01
9.808142771559072992e-01 2.748862271805741983e-02 2.481141333228972012e+00 1.852652159814508481e+00
1.519270482107440978e+00 1.823478101309901511e+00 2.135262122126087014e+00 1.645185975721081162e+00
1.919413325131205328e+00 6.379290247870607056e-01 1.632483253926244604e+00 2.093331002090051407e-02
2.501346165094820773e+00 7.435647291201312736e-01 1.932460793747473149e+00 1.786539861628379522e-01
1.466417988233453373e+00 1.033259660911683975e+00 2.103902124197440937e+00 1.044848860150521253e+00
2.727551610810720284e+00 5.726100796175486174e-01 6.885912007878198793e-01 1.596176848878888277e-01
2.155522204371180361e+00 1.874995030149272823e+00 2.427802448610242525e+00 2.705676327672851045e+00
9.284029292379327725e-01 1.155496353657078590e+00 4.704949672084323686e-01 1.193739429659362195e+00
2.073121964669545125e+00 2.231852722734486871e+00 1.184656226291643355e+00 2.810158896632871439e+00
1.319542709664393465e+00 2.684142174813823445e+00 3.091890061226213460e-01 2.019324414972673232e+00
3.946972647285657693e-02 1.671609734986008622e+00 1.281554508423479177e+00 2.537407531233135227e+00
1.323363520699253337e-01 1.414550197338152904e+00 1.913292628045172972e+00 2.437129453043552552e+00
5.405450089876410180e-01 2.500235282140151671e+00 4.655501635772222452e-02 1.729848940385998457e+00
1.099961692841692207e+00 2.266078589435299495e+00 3.603650561289818699e-02 3.190771206734929200e-01
1.847291141994874542e+00 6.511016537028009310e-01 1.799693988427241598e+00 2.555064367432947847e+00
2.627984462765907067e-02 1.755856867527446852e+00 1.113212773829973967e+00 1.935404792806886487e+00
1.509958318145434131e+00 8.223391244837744418e-01 1.160779286711202118e+00 2.346324904460538541e+00
2.893343663475097305e+00 1.350551622262741613e+00 1.229746769077791679e+00 1.980337283313317875e-01
2.911573437930356612e+00 2.697449492749369071e+00 2.614730608250257493e+00 7.554135069627467836e-01
1.112161947945645046e+00 8.618288301584509092e-01 1.889435501949298990e+00 2.553834265436716766e+00
1.249773601338009188e+00 9.507968402131795616e-01 5.743240656758016316e-01 2.116025497906652397e+00
1.035002885478799595e+00 1.438986517539677878e+00 2.052710140729286703e+00 8.600452789068031567e-01
2.388390592738603324e+00 7.405662238463645020e-01 1.007060414263765136e+00 1.040585181538268067e+00
1.862121807643798421e-01 2.239453908176993746e+00 2.965379042323811554e+00 1.023799149666450026e+00
2.478291153844096151e+00 1.734117161166317533e+00 9.452978997211858303e-01 3.145697924968599568e-01
3.183030901341049601e-01 1.329317680673337110e+00 1.269033029816300839e+00 1.618057860027714678e+00
6.063246939873609964e-01 1.164752600242626279e+00 3.064258569232832130e+00 1.410832287230243454e+00
2.267630821178580725e+00 1.091061405513939819e+00 8.877759026823764388e-02 2.235825822755121983e+00
5.660093776402852495e-01 1.446306787214379774e+00 2.202236875593900134e+00 1.191613710240874369e+00
1.522526002116233179e-01 1.836795142766406208e+00 5.835539954807018592e-01 2.010588382125773510e+00
2.832719726539474348e+00 8.675831125093543816e-01 2.220629933725338567e+00 2.040910565101697216e+00
6.191669765866195663e-01 6.380810512096799503e-01 9.000222075446269177e-01 2.413952343413688084e-01
2.338208855628364002e+00 1.267440968301827953e+00 1.096200680678803607e+00 2.710546974995993730e-01
2.884422674942738851e+00 1.146136035165179701e+00 7.398600063939786420e-01 2.371736895605424333e+00
1.956206091883336828e+00 2.310754820911711693e+00 2.786858342418590428e+00 2.396271519031252684e+00
1.271125198766005715e+00 8.230294775028845766e-01 1.475243892830940151e+00 1.874148447934632200e+00
7.129792309858229427e-01 1.365944283090432476e+00 2.060078107792427282e+00 3.305700143720735618e-01
7.817672536472680678e-01 1.488482900769543704e+00 2.055348944336911732e+00 2.402920779636059656e+00
2.473391469932198827e+00 2.433581851076356273e+00 9.837224127162879084e-01 2.305928706328366662e+00
1.020563993796349128e-01 3.030017167917602450e+00 6.795827068512667601e-01 1.214175909615185178e+00
4.771042409687284436e-01 1.570334479753726864e+00 3.120533040147694503e+00 2.630122191052912672e+00
9.466841893339702496e-01 3.866303645532542105e-02 8.384880443511099068e-01 1.147615209956091453e+00
1.664581935530939694e+00 2.071192114488931146e+00 2.725404989599844452e+00 2.826621901603618148e-01
2.851119570901997413e+00 1.610844362989014567e+00 1.841478398354034596e+00 2.031009937988758340e-01
1.353178165415070744e+00 2.039612153859422961e+00 2.979922367020170881e+00 1.168661492840398441e+00
1.662443995124606611e+00 3.116704238859152820e+00 2.400410890865467994e+00 6.231766142794984420e-01
3.796264364541623859e-01 7.306045586365037536e-01 2.686547917554803711e+00 2.918116015888522430e+00
2.173739226004043790e+00 1.877718573403336588e+00 1.263914771134247106e+00 7.237246685635365662e-01
2.959460454923940720e+00 2.520970335414217445e+00 5.286236803828552322e-01 2.504695473035246422e+00
2.178382296949281205e+00 2.106647268373346815e+00 2.742830097162139324e+00 6.473382228949042805e-01
2.430862077335916860e-01 1.735407867949683380e+00 2.572920974379583114e+00 2.407952378316118303e+00
2.090156451530746917e+00 1.394023705805006008e+00 1.490028140000946300e+00 1.288376145048437893e+00
1.023314345817562865e+00 2.344133152624769956e+00 2.020508033124453373e+00 1.946896056648385054e+00
1.626039286245699156e+00 1.865942242476098301e+00 1.598464790917291989e+00 6.971909020932458290e-02
2.547041249989557610e+00 1.646445321935520179e+00 1.422804021541324460e+00 1.955969650594710396e+00
1.138691490921811100e+00 2.349989319721085934e+00 1.309772662443137836e+00 2.980334167351645469e+00
5.312815998858596567e-01 2.705572447342640352e+00 2.997382125429782107e+00 2.384339892860882770e+00
2.673790545914850991e+00 1.148781969371791556e+00 5.527891979242972598e-01 1.006629544690061939e+00
6.449863373812990686e-01 2.990206526373155427e+00 2.089383613965007935e+00 1.737943224468970316e+00
2.497442500035588431e+00 2.887168912162849210e+00 2.953712481310484250e+00 1.782952952957898018e+00
1.914690478581693167e-01 1.546563262113538617e-01 4.511397573559939311e-01 2.422194867029311638e+00
6.610389989017034784e-01 2.483774635503064765e+00 9.384706184101599957e-01 1.648201017521486067e+00
4.003643229803415804e-01 1.109152954519512235e+00 1.349599062080866885e+00 5.468759157662923531e-01
1.177457312188199934e+00 2.958401995989022204e+00 6.396369659749624459e-01 1.283335518798712549e+00
1.315408041339634959e+00 2.645299473774701760e+00 1.741042456912341274e+00 1.397012479809427721e-01
2.306458226542839718e+00 5.850720224116799928e-01 7.501299061633529552e-01 5.699204286271390973e-01
2.975290870102630159e+00 1.435806894607035034e+00 1.158739141184687682e+00 1.769068274926140161e+00
3.788769742965295562e-01 2.921625488842757523e+00 2.856266225389088920e+00 5.940397491019496767e-01
1.932025929547201981e+00 1.850076084907502361e-01 4.459496410887488493e-01 1.874741860333048793e+00
1.839653533188609025e+00 9.246854737900853799e-03 2.660136314236939192e+00 2.979242960884512570e+00
9.346007245394836183e-01 1.938925016199494644e+00 3.059840607912014399e+00 1.461123202640347785e+00
2.678469143516868378e+00 2.391821609283593553e+00 2.118970421193364650e+00 2.581837273536137012e+00
4.561661950330141435e-01 1.423398174110465542e+00 2.693234896022638658e+00 2.838496467948444124e+00
1.942458808490117317e-01 9.509026323538476433e-01 1.875443027057938750e+00 1.006069109782119053e+00
1.316514554531063697e+00 2.893650917810527634e+00 1.271533818516594971e+00 1.452346077357363541e+00
1.392729278481909194e+00 6.357904703542561764e-01 2.695079930055603867e+00 5.380551929651604670e-01
1.657614237670151924e+00 2.074751315257127082e+00 2.071112641812293820e+00 2.380607764925162240e+00
1.558910276948063833e+00 2.769772567554134479e+00 2.416892311617906408e+00 2.660058022590987559e+00
2.247582826301810499e+00 9.102281081353367220e-01 6.785682399223428307e-01 1.551792707085649869e+00
9.912190886178736671e-01 2.562830202401420010e+00 2.567277757657560500e+00 1.811372541662663593e+00
5.142168904604786928e-01 1.812755203736573506e+00 1.272881107637806153e+00 2.669837559953631700e+00
3.112854958607911282e+00 8.833126753573004031e-01 5.614974318027112776e-01 2.739814088789946478e+00
1.794217354880107251e+00 2.007036448582710353e+00 2.744030946431275986e+00 2.555454789502640711e+00
3.468486206026267782e-01 2.045446971775701783e+00 1.335195529138462289e+00 2.677959716562072767e+00
4.159671593168702830e-01 2.130003851399094039e-01 1.642706375542786201e+00 2.455271881552033797e+00
9.107111410665521545e-01 2.414863315923395426e+00 2.701891020592435577e+00 8.192366364400011092e-01
7.792968725947466702e-01 1.260211878864252677e+00 1.786868129147562101e+00 2.327509339105877650e+00
2.076561932782319264e+00 8.610110450319010678e-01 1.106049822164455687e+00 8.210450751187449159e-01
4.982141672979065183e-01 1.137537791860912945e-01 1.123681731037613263e+00 1.796036669058427737e+00
2.422663214749503080e+00 2.582170237606832952e+00 7.722594523490515783e-01 1.373890116068305245e+00
1.200980286147104614e+00 1.832306238412898081e+00 5.782209017460882006e-01 2.348356663747306783e+00
8.307174130338637608e-02 2.605342830156779588e+00 1.364145641532447772e+00 1.343772557137236534e+00
3.531613531516696880e-01 2.950239272134397073e+00 1.552700518559698484e+00 1.238389760477079493e+00
8.720857448708195514e-02 1.521889389583266361e-01 2.040203155629995546e+00 1.350287513454384358e+00
5.989095698679104407e-01 1.297978129134280678e+00 2.199810665169620982e+00 2.199569329039162469e+00
1.673640246198068837e+00 2.525593235121687208e+00 2.799335529601075123e+00 2.824396901155385553e+00
5.090418499703419641e-01 2.148740750599120730e+00 1.399118799122364587e+00 8.651258445647671547e-01
2.806038311366319538e-01 7.192975571031516857e-01 2.465198337053124078e+00 1.486489984374464557e+00
1.609934314690735002e+00 4.537816965258826274e-01 2.361253916512414452e+00 2.723656632483337781e+00
1.415484634065307779e+00 2.757927282470748143e+00 9.201025810750270706e-01 2.837744025327858299e+00
8.235328186341428491e-01 3.039987118132051691e+00 1.913805673822713382e+00 1.009834456369206990e+00
1.186381097338865320e+00 2.982580076121122414e-01 1.461938267875336761e+00 1.683141881565335174e+00
2.576247560988516927e+00 2.167925815467531159e+00 2.966570782050288901e+00 6.525506739628762487e-01
2.782055686661629057e+00 2.570084679578636955e+00 4.529990667149508821e-01 2.356971944494440585e+00
1.826430154541248463e+00 1.922078546974162139e+00 1.120092034020622851e+00 2.531134087784830289e+00
2.339450630156854505e+00 1.855510855547144455e+00 1.669836024900037019e+00 2.672855134628160823e+00
2.229734452804777778e+00 1.016160535421585243e+00 1.310047054449601234e+00 1.236529243372430420e+00
2.106190048356706868e+00 2.162782847056305968e+00 1.130365861582408593e+00 2.852224939763027933e+00
1.449300800128132005e+00 2.411077101752879814e-01 1.687924557817096272e+00 1.183463509880363862e+00
2.390441231824607105e+00 2.173005686381138890e+00 9.880409816423926239e-01 2.989362722345425549e+00
2.159070388141015595e+00 2.163373828649223007e+00 2.166757875540369138e+00 2.015666598565342138e+00
1.964712630640827129e+00 1.863823775579029229e+00 1.963445040898815552e+00 2.450118192111437221e+00
2.492502642492301135e+00 1.604706318225382233e+00 4.746361131375101058e-03 1.790827901799320943e+00
1.567805879725890694e+00 2.010391932945846616e+00 2.135695057297487320e+00 2.615957835737888981e+00
2.335774129271160682e+00 4.209085967853128107e-02 3.053105217573175878e+00 1.162627375982851374e+00
4.839962969811829052e-01 9.165065874356401743e-01 7.880828802438822889e-01 2.209115110929045667e+00
2.098762782801122037e-02 1.388906672020037592e+00 5.088993007330164797e-01 9.445409925193020140e-01
2.376165053162346830e+00 1.741320745458443398e+00 1.578860728533356461e+00 1.977754270732351216e+00
1.413070409328489596e-01 9.913094597312809009e-02 2.005609364024351748e+00 1.834043763855545794e+00
1.864237146545822732e+00 2.111314149584937461e+00 2.706745239314306328e+00 3.736803169891436127e-01
9.780819818456729098e-02 5.988967147740342778e-01 2.017120290981625264e+00 3.118956893890537430e+00
2.375480427893649882e+00 1.070320506055266296e+00 2.309426759373239602e+00 1.100191389384746143e+00
3.081333481269968200e+00 1.285878207109177662e+00 2.119865504409243595e+00 5.699798222066446707e-01
1.632537790883897388e+00 2.570341910436268584e+00 2.887099632113353742e+00 8.750768863155172772e-01
1.822206297270558384e+00 2.054279372040253016e+00 1.951333963270094340e+00 4.116486705157820780e-01
1.252603375575500610e-01 1.382515851007152907e+00 2.417596748180391497e+00 9.152022473256359314e-01
4.453218466563422795e-01 2.103876382816390334e-01 1.065672464521788543e+00 8.937076987401724182e-01
1.372640240514622079e+00 6.223955643998315690e-01 1.353126272974693345e+00 1.240744122435953889e+00
2.698573924910171673e+00 2.150859306441367025e+00 1.814325821680312201e+00 1.318964269759504759e+00
1.828954988700669526e+00 2.707608077191622886e+00 1.951682590811429918e-01 1.659658050100472737e+00
2.025872122370842909e+00 1.612966755689623888e+00 2.387083745924283296e-01 1.376577657477278338e+00
1.520441208726260429e+00 9.587905357547069629e-01 2.811436408640739071e+00 1.966977724476622669e+00
2.244706563844324432e+00 3.965089500050427151e-01 1.985600534953970708e+00 1.815638086009409902e+00
1.188170172668690239e-01 2.387593461093946434e+00 3.114612641577919616e-01 2.279441240276445235e+00
1.741746364490579957e+00 7.438033831199049040e-01 2.640385690783224160e+00 2.581897109339767127e+00
2.619770512722833899e+00 9.491294509972147964e-01 2.636425751602605061e+00 2.330779556949420073e+00
3.028557867046625773e+00 1.234188569399933044e+00 2.188058088891347452e+00 1.037230173567752489e-01
4.913313253519443480e-01 2.531080244892907061e+00 8.328537056945333195e-01 4.401873880193502564e-01
1.932960722544795784e+00 1.348539830514198901e+00 2.683171108580258757e+00 2.674404468806104163e+00
2.872609510007068767e+00 1.922673987201114043e+00 1.299981183839743704e+00 3.028400138289445209e+00
7.194732375749548492e-01 6.130529192762771418e-01 1.125744393418408040e-01 2.337827036010156068e+00
4.716490963951791016e-01 1.516568624586958070e+00 1.712907560920176042e+00 1.570166104924616279e+00
2.762507207851425228e+00 2.528532746496475969e+00 1.805829971585664495e+00 2.468565379544834570e+00
1.023912924040183137e-01 9.022198348498714493e-01 2.877943020018687847e-01 2.915371890128073851e+00
2.774151304498188697e+00 2.224798450919353243e+00 1.431285201986442823e+00 2.966912953875547210e+00
1.313221473561337449e+00 2.453928613890220323e+00 3.213251471840924411e-01 1.055600981332286636e+00
4.804825812586970279e-01 1.870409289952443155e+00 2.605531369556552068e+00 2.258752828158991477e+00
6.907845050532475106e-01 2.814432018370214283e+00 2.527695856549573517e+00 1.611183891480412633e+00
1.362215267613352765e+00 1.480389857365915551e+00 2.838578400592095097e+00 1.708198407817764330e+00
1.031476290902488158e+00 3.656155259616174491e-01 2.031618588607855713e+00 3.015783507141676534e+00
4.582851555933644128e-01 2.156390258067869325e+00 4.686005889555200921e-01 1.903130453623157026e+00
1.569479594888848029e+00 3.929687385905916153e-01 1.554002054990660353e+00 2.613514919232222233e+00
1.523306642989804560e+00 2.935366997347908402e+00 1.120439167160592886e+00 1.449018952544129268e+00
2.922591717769333908e+00 2.534250116074435955e+00 7.734987818661392955e-01 2.815382607334894427e+00
2.180424817992070441e+00 6.957043197700955028e-01 2.132473968841443579e+00 5.884328302674206590e-01
1.018843611006997163e+00 2.529110330074621160e+00 2.066404936287100647e+00 1.112708247114460480e+00
1.129708682290164745e+00 9.140036726943422396e-01 6.196555590815202574e-01 2.570025808087449182e+00
2.960221179359072696e+00 2.534430366437860460e+00 2.886255803314872193e+00 3.405248011741752179e-01
1.547526612944800206e+00 2.972962623223724954e+00 8.555209729064802149e-01 1.387348526778863222e+00
6.470041652028528656e-01 3.489276691399885721e-01 1.186264072000443370e+00 2.227927215856128296e+00
7.376361787063523412e-01 1.237455832691457758e+00 2.415647638646697626e+00 2.264182199853128186e+00
2.346766938200517405e+00 2.551965014974586055e+00 2.351766479658214060e+00 1.533308253986802150e+00
2.884169148262876181e+00 2.361115521759460378e+00 2.840551877681650517e+00 7.685895176174432075e-01
8.641730977796454605e-01 1.132983947800243252e+00 1.496177793280278889e+00 2.680719555733237502e+00
3.848001078645454376e-01 2.146340837964694437e+00 2.513863704187606185e+00 1.292951693258030499e+00
6.228501936023578267e-01 2.201380629033101166e-01 1.050202830552726230e+00 2.984018860566357123e+00
3.365603953904849899e-01 1.604133268889854191e+00 8.170239830732417552e-01 1.829051040067108599e-02
1.486455735603920747e+00 7.471800286278815761e-01 5.841569110745382654e-01 2.723654440504728491e+00
2.790801931573577477e+00 2.542952932365960539e+00 1.831824420298588718e+00 2.219786780824602179e-02
2.596414826321721048e+00 1.478286000350201856e+00 2.189386251693723917e+00 2.823966128886425064e+00
1.005398964143365825e+00 1.602545971619827814e+00 8.318163124021402677e-01 5.382938278810678323e-01
1.618535327505195243e+00 2.122178678303553223e+00 3.889031528231884360e-01 4.315030000825657019e-01
1.898291280257228042e+00 5.834231195266543768e-01 1.455155274943231491e+00 3.093653012304025118e-01
2.202720312057119934e+00 1.368578978275311053e+00 1.813620492210281654e+00 2.981660895499836705e+00
7.338090927521409013e-01 4.333179576753979911e-01 1.158456846442940780e+00 5.708995388936091153e-01
1.762524400828288762e+00 2.404097929592824645e+00 1.470889395541719713e+00 1.311566860938003787e+00
2.608729133366763264e+00 1.247082509407702267e+00 1.764118760211359271e+00 4.135952511402531950e-01
2.788429627951438672e+00 3.687930239695980800e-02 5.931435788801265874e-01 2.431720312543744766e-01
1.439091103985062459e+00 2.530791517956443304e+00 6.178948268541472055e-01 2.059335381359270745e+00
2.308558342078565612e-02 1.865246254698018857e+00 4.264894409889635196e-01 7.115203030048098398e-01
2.137371190110443742e+00 2.074335063652753330e+00 1.690190010176493951e+00 1.655957837090537677e+00
2.023291739878716022e+00 6.188187939011231542e-01 1.329704269613721346e+00 1.744471254362490287e+00
3.090723026733106504e+00 5.945084079500478902e-01 1.987283852754814228e-01 8.525626407634299131e-01
4.670905419356294330e-01 1.626961935993847197e+00 6.805315924897658020e-01 3.131188464485463729e+00
1.528954909112316463e+00 1.873919056045032283e+00 1.524583625788497043e+00 2.132584319574543308e+00
3.535645420006962580e-01 1.875469278914718041e+00 2.293440381380748683e+00 1.036558053811791336e+00
1.762905955142936021e+00 3.099872076835667567e+00 1.374933610921048155e+00 3.091831889174445069e-01
1.118618453421928782e+00 2.006176354162865660e+00 2.379464632247609401e+00 2.594598535663035221e+00
3.000348110110849231e-01 1.616325262507138483e+00 2.653351733337573126e+00 1.762633778586076172e+00
2.861774706892548092e+00 1.688226693561563907e-01 1.727527206805258064e+00 2.956748346508300429e+00
1.779254979419191862e+00 5.897148261081922582e-01 2.889745859804843775e+00 2.503245762294588062e+00
6.491553916704728699e-01 8.615451699438838110e-03 7.859843666654986460e-01 1.174945781106139453e+00
2.107850603879114271e+00 9.295616833453994587e-01 1.721806005443723642e+00 2.176337790772936209e+00
2.384491289929508984e-01 2.470058295645562563e+00 2.151438110649164681e+00 9.778859545661259256e-01
2.870779351588666373e+00 1.444433954456370905e+00 2.874058411022539339e+00 1.834339938438678486e+00
1.949459948789794783e+00 1.012487179185167063e+00 2.193849616429605631e-01 1.492901203514118480e+00
1.618970814785082757e+00 2.649749281819846924e+00 1.257018889632484981e+00 2.982993664082242535e+00
2.628880997060819347e+00 9.831684644375301430e-01 2.281261008536835444e+00 1.928941757674073054e-01
2.545143497579934522e+00 1.695899921134979005e+00 1.680981035798634560e+00 2.644776738638544344e+00
2.663422818182679563e+00 2.286784921755518507e+00 2.438287209618886120e+00 1.152266535461188735e+00
5.300268223951749569e-01 3.028132289765915530e+00 2.049772767705376086e+00 9.380729785732858650e-01
8.460495634063746051e-01 1.303566529562885323e+00 8.558939514100797341e-01 2.843446956509519286e+00
6.277457521406289986e-01 8.185946626494537970e-01 8.144659447227787785e-01 1.573726777336403648e+00
2.803365702496095846e+00 2.470708886739889643e+00 1.130314100271309075e+00 2.917263979439182364e+00
2.681992343071023299e+00 2.448230114893937603e+00 1.369622212860603261e+00 1.965774840755295072e+00
2.513461616767696416e+00 4.468423437286059285e-01 2.035191109421094602e+00 1.373800431008030065e+00
2.924046390671418028e+00 3.124590314766340082e+00 3.033830088448199458e+00 1.962766397523496353e+00
2.317879350876036249e+00 1.621114592358333217e+00 2.160725420093953630e+00 2.844979574641356646e+00
1.689190876242598227e+00 2.164666153735594900e+00 1.333555287674895506e+00 1.304626773774233417e-01
1.169802311645154358e+00 2.156875029133788590e+00 8.481416588599746120e-01 2.814333819968041439e+00
1.718523126704270210e+00 9.488493701945829306e-01 1.779729513609159985e+00 2.483164690961173537e+00
5.934354823065627338e-01 2.909669013150383954e+00 1.064305760263278611e+00 2.207824734325309346e-01
1.422648481761201907e-02 7.714304372305833546e-01 1.360652753632985767e+00 1.267911839081252268e+00
1.912609279480726565e+00 7.190434073083774580e-01 2.110584215228317184e+00 1.935359335844477835e+00
5.104075781577688264e-01 4.380719561187516875e-02 1.063787830337042051e+00 7.313080488085874631e-01
2.805454711791631750e-01 1.790483190668625824e+00 2.381421200970112562e+00 2.446615960266948608e+00
1.407762786402923183e+00 3.095951758775258966e+00 2.322237123837181283e+00 3.017156350665181730e+00
1.215815792196834888e+00 1.208767037443306824e+00 2.672358381496900304e+00 1.390851186088426809e-03
1.524354806257083306e+00 2.364241608608160128e+00 1.129508672369775368e+00 2.444688778105744476e+00
7.738923104267680930e-01 2.337775592406494241e+00 1.717758442441662536e+00 2.234936292135354385e+00
3.045442385187872025e-01 4.229550705742971539e-01 3.444234037523829506e-01 5.215639553031167219e-01
1.925607152342138917e-01 2.663750760054790501e+00 1.454039475171291951e+00 4.505888092970626313e-01
1.376578826868493088e+00 8.083606609566974521e-01 2.591163857784587687e+00 2.015445245797850671e+00
2.305380436895068108e+00 1.137559018897459362e+00 1.944858614221285809e+00 1.950418814606936779e-01
2.284592310696818007e+00 3.227953062570774190e-01 2.749087883413076305e+00 2.848344538391888392e+00
2.642056178089544627e+00 1.066757248627800969e+00 2.269243497981418667e+00 2.570278484874224834e+00
1.242615153181470498e-02 8.397485288131702197e-02 1.854598672061839260e+00 1.498305157453994729e+00
1.689225698613941340e+00 5.997542118740938344e-01 4.542233645983235202e-01 1.263765376867081347e+00
1.563971801292704855e+00 3.023601802907955882e+00 2.306148914458903576e+00 3.458114265946721222e-01
1.812886480541126444e+00 2.802081061561256359e+00 1.567695884999444900e+00 2.387336171910326765e+00
1.134576079863976877e-02 4.554134251974041314e-01 2.427092071544220797e+00 3.086125713508818258e+00
1.124663957513956980e+00 1.419811496206190959e+00 8.177397164075553837e-01 2.532368282088234945e+00
2.319568707948490793e+00 9.750940095083091563e-01 2.041176665477031804e+00 2.600161169627728697e+00
3.014417685218599541e+00 4.912295867424714690e-01 1.734978406880426371e+00 1.086016770772302298e+00
3.055675878970188108e+00 1.715492954719954610e-01 2.477288182061692989e+00 7.648398323572545010e-01
1.300191577873868853e+00 2.490221881030740825e+00 1.801332226016043148e+00 4.213835657387261513e-01
1.038424910235648868e+00 7.783859353942500503e-01 8.792415306919052487e-01 1.575901597845922042e-01
2.625528464985956489e+00 1.601412452911811668e+00 2.184207075369056117e+00 6.590457519388966956e-01
9.097152049701890952e-01 2.041772017376146220e+00 2.509764622282789848e+00 5.259670835526459864e-01
1.110332420166127543e+00 1.139679084366927553e+00 1.086818314693267284e+00 2.096994483116416230e+00
1.238979164969927771e+00 1.018430780405329861e+00 3.407080612812482534e-01 1.097928783761833227e+00
2.954480492885056098e+00 2.453462074634060741e+00 6.194343171039378149e-01 1.998886172224793922e+00
9.861191284991873696e-01 1.824857304536615654e+00 3.398780985247545905e-01 1.096511408426828371e+00
8.941211176013122985e-01 2.685894491104331649e+00 1.609146276292181099e+00 7.746315466607613942e-01
1.151728513663054509e-01 2.739632549529952943e+00 1.453703942741738919e-01 2.239857823211957477e+00
2.633295169779829692e+00 1.448075488139885181e+00 1.617427288460201895e+00 9.874848707907522838e-02
3.134340072250458409e+00 8.440366076308075671e-02 2.959369124518098082e-01 2.367732598375994257e+00
8.244732643912513481e-01 1.418686824196641938e+00 2.440351990593001563e+00 2.518778849524268448e+00
1.118102955983386160e+00 8.354238125238044876e-01 2.613345472415838699e+00 2.665007703396736094e+00
1.546557800916822933e-01 1.089893744687445487e+00 2.414958109548423604e+00 4.152212890078503249e-01
1.510301563290260107e+00 1.648852397466566311e+00 3.059639286253127199e+00 2.100281938871633169e+00
2.483655027462217557e+00 7.517334741013890209e-01 2.215662298670650454e+00 2.511199962065997049e+00
2.747663734350378917e+00 4.508679828995346694e-01 1.579840062033679660e+00 5.521360012796437955e-01
1.811550433167824270e+00 1.277754229448615941e+00 1.846937336289766085e+00 2.965122851797578729e+00
2.745386055393315150e+00 1.573299349245869783e+00 1.970237082005356521e+00 2.664129493068050358e+00
1.310254640064409726e+00 2.037403944786538190e+00 2.010979972849965325e+00 2.302984205828679798e+00
2.693887605607084623e+00 3.105427028964682368e+00 1.419760516157137165e+00 3.129393122360963009e+00
2.009831648670180826e+00 8.933742078272367548e-01 1.315990301239089222e+00 2.307205655212003936e+00
6.405613029966881200e-01 2.153353732736604353e+00 3.133600646728623484e+00 6.532910490489441946e-01
1.628647854868193745e+00 1.662867341867221294e+00 1.437318180269240298e+00 2.569662083222419291e-01
1.172796665798068183e+00 1.869906314066607012e+00 2.416704390720099127e+00 2.967334416901909577e+00
3.764528742117861232e-02 2.299232814829211158e+00 8.165109310708055235e-01 4.103727795595147332e-01
4.834830581206358002e-01 2.852738255738827000e+00 2.587182710629735816e+00 1.389933705369276185e+00
2.016699303373802099e+00 1.322125442329498690e-01 1.543368986183167424e+00 2.394894459689277166e+00
1.677137347704782844e+00 3.559050975972742892e-01 7.664742975160143690e-01 2.036310978712281006e-01
1.523451941683744426e+00 2.124604706927180509e+00 1.008571384563039075e+00 1.473089285123149406e+00
2.161627324528973215e+00 9.812916382079595046e-01 3.031415720978445361e-01 1.992648900922653121e+00
3.480269268868143029e-01 1.781057904498647870e+00 1.003492237118414732e+00 1.832398990702512886e+00
3.020714666026908191e+00 6.442457538124694016e-01 2.802720027648631929e-01 1.506853440614261963e-01
4.125261006893202742e-01 2.078415510528029753e+00 1.333374676933854142e+00 1.140206939852797641e+00
1.512457600969532745e+00 9.967323272453562089e-01 1.769116472874085799e+00 1.814660902493959282e+00
4.708771981583270150e-01 2.669961460205380610e-01 1.735219874859207811e+00 1.106136139645486072e+00
1.392715858011370766e+00 2.061406378760731961e+00 1.870195278294587871e+00 2.758092498486089283e+00
1.969007747418531462e+00 1.511852856729451799e+00 1.810286281087159610e+00 2.179213486827625168e+00
1.552497729688112615e-01 2.218555923116548811e+00 2.154260780555349086e+00 5.235406027396135448e-02
5.878637689291154045e-01 2.564415153477524356e+00 6.979697038472484349e-01 1.089735602450152774e+00
5.743273965016875149e-01 1.710689937927950766e+00 2.184834635162499483e-01 1.087189783448162528e+00
1.212905391259476495e+00 2.777551629937856870e+00 2.878507152915901757e-01 3.576372723863620040e-01
7.313202329354475673e-01 1.206443489491786092e-01 1.951111543782362734e+00 1.943488145904803011e+00
2.456606247291219791e+00 8.831941599675828813e-01 5.296871508290974528e-01 1.771969305861592625e+00
2.099104250502196456e-01 1.262755720686251637e+00 2.957863084564509748e+00 3.269004244934395342e-01
1.833789887332045954e+00 2.116722804640733369e+00 2.247684961457139252e+00 2.071350887494297410e+00
8.766066106961329929e-01 7.568945650472845843e-01 1.278207379736590932e+00 2.774732940763645406e+00
2.691898930145133484e+00 2.231585222007077096e+00 2.811740492069021435e+00 1.628886478954027162e+00
1.381253316322943903e+00 1.374410539309382617e+00 8.876188352653829883e-01 7.591651448397716828e-02
2.314449433399499156e+00 1.584135053570524310e+00 2.312291011178528866e+00 1.314154598822958153e+00
1.573381299722436788e+00 8.162925032969292616e-01 2.389557146884378369e+00 2.703625014570188334e+00
8.644352802991450702e-01 1.811419722849170411e+00 2.061136840897370703e+00 2.775365688433256928e+00
2.353843811295369404e-01 2.270950837874656347e+00 5.287690830970996902e-01 1.463184058635194074e+00
1.583695917829728517e+00 1.602516491584029312e+00 2.688165648820592946e+00 2.394717492648481105e+00
2.947259305435728116e+00 8.726125092766607860e-01 9.866916705858883585e-01 7.852635830352751312e-02
4.270587710726650998e-01 2.536671506788116037e+00 1.478868074917587760e+00 1.424752732553992152e+00
1.023465509871177792e+00 1.352980080832588028e+00 1.917857487170677500e+00 7.141383690587078670e-01
1.644359913448630195e+00 2.343511704550541808e+00 2.055435527887297997e+00 9.315187634317915188e-01
4.756266304868635442e-01 3.145327004502623813e-01 3.469549684803228673e-01 1.494967382590967064e+00
2.559118196694841529e+00 5.270942737294055380e-01 1.983406926254607905e+00 1.639418004604217938e+00
1.356323850199980363e+00 3.000237980623708722e+00 2.647749797974325414e+00 2.450212320780868591e+00
2.940276863023732368e+00 1.059575984896342415e+00 2.939464337605961042e+00 4.816663320860995467e-01
1.084344377175211704e+00 1.140222241528382918e+00 6.429248385342700711e-01 1.042871183009765446e+00
1.862222399595383937e+00 2.478437441487966630e+00 1.632035936464937276e+00 2.662000716091874164e+00
1.337648863655787279e+00 7.911172435877705800e-01 2.987731924258878458e+00 1.892434496464770355e+00
1.774174841222215526e-01 1.478639634297705729e+00 8.105249912583859517e-01 1.781315543235849841e+00
1.816658623568158659e-01 1.475408947725913134e+00 1.730306954244558382e+00 2.356061531349638916e+00
2.015019944667617580e+00 1.337539416420265415e+00 2.897727825780252786e+00 3.330207719474480577e-01
1.676394100992359970e+00 1.864180045439484124e+00 2.444000757897303089e+00 2.676749340263853139e+00
2.501967745436169732e+00 4.741073289876090308e-03 1.903127817971215885e+00 6.240608428592939738e-01
8.400444342450555935e-01 7.504237776257238757e-01 2.363711778491297988e+00 5.313652024181761968e-01
1.912656925842385780e+00 2.465230337821824769e+00 1.124874968824995713e+00 2.376243588673818241e+00
2.462886729374545336e+00 1.676567366458549202e+00 4.194852028373282082e-01 2.750601048949860683e+00
1.557503542147453679e+00 2.198209290815642092e+00 2.295272353064601312e+00 1.026603300918704331e+00
2.613682519136269367e+00 3.287745523691833482e-01 8.848825215791716881e-01 2.843205094797953247e+00
1.889847286975774865e-01 6.919531121338501345e-01 1.966835906940756606e+00 2.025835240744645382e+00
2.480046338772341041e+00 9.959102643387611753e-01 3.259310972479192992e-01 2.294502202552759051e+00
1.788447482317757187e+00 2.950023365256487562e+00 3.073282306090755700e+00 1.602923320347954927e+00
2.246036774686740678e+00 1.128729448915855249e+00 4.821944928947036191e-01 1.244379495835089333e+00
1.371212795499692216e+00 2.003753265791818894e-01 1.813195099412957756e+00 1.020197828242534133e+00
2.990517651014890532e+00 1.867441647622821721e+00 1.994672167136150032e+00 1.795732927435416570e+00
8.069894996488058414e-01 8.068031998834261920e-01 6.085239758061760096e-01 5.731084102822612270e-01
1.283605075154276465e+00 2.211611367736048717e+00 1.201597701137925078e+00 3.615094891150450462e-01
2.681248934759176361e+00 2.268533323227226450e+00 1.085980655448516741e+00 7.487607044173649751e-01
1.370724551374638001e+00 1.046043482082208875e+00 2.188808252535888954e+00 1.423796186382778384e+00
2.865307130445636785e-01 1.501389977960559063e+00 2.962438147962211943e+00 1.730441042771670102e+00
1.257536051511328301e+00 1.096383796410215661e+00 8.478950690051605399e-01 1.774483490672876584e+00
7.792791992933448819e-01 1.896086221364972957e+00 1.586778638001984820e+00 2.480817570276811157e+00
3.028501385870950191e+00 2.204482202583111672e+00 9.480377424318966462e-01 2.759787009769571586e+00
1.162432156276055117e+00 1.051002181205894281e+00 5.779729493419792918e-01 8.899183272896890040e-01
2.250795456651538018e+00 8.246692866230043162e-01 1.467109385617280382e-01 9.749003157878733949e-01
2.355785021529460899e+00 5.046244228344460847e-01 1.119475976132147776e+00 3.071174045170486089e+00
3.083599117101348153e+00 8.998324986366154077e-01 1.818752856031706111e+00 1.270438611038986698e+00
1.204700951720262481e+00 1.180858448610434097e+00 2.271311419738120119e+00 1.360119689098580720e+00
3.134309199607729912e-01 2.734650422860261720e+00 3.098368473245531884e+00 2.240711070179231879e+00
1.898828685784334835e+00 2.705269424766005848e+00 2.316386177150824732e+00 2.965162744559592944e-01
2.643450410201436007e+00 9.618922727336575162e-01 2.798530729576362397e+00 2.354129143667941904e+00
1.322525952640777103e+00 1.551045245734293365e+00 2.119602018769813689e+00 9.705040912591568203e-01
1.063929597563262108e+00 2.728394317813806591e+00 2.688718198897754430e+00 1.487315004508432681e+00
4.747186597552471854e-01 2.468212672784841022e+00 7.899366312456793660e-01 1.633757907168899459e+00
2.698150418642282666e+00 1.605437529835465726e+00 1.306210315540025979e+00 1.425662158941958024e+00
2.283073869004178302e+00 2.935111397849381021e+00 1.028631964288810652e+00 2.452050343840835867e-01
3.001631982516347108e+00 7.547029784751524417e-01 1.996507809772898323e+00 1.750915198016852026e+00
1.427525272438844972e+00 1.924700913331236052e+00 2.862057611001938451e+00 4.766437284802273466e-01
1.739611788073694099e+00 1.173378982164399620e+00 3.004066550665366542e+00 2.851330643529789377e+00
1.671376544553743626e+00 1.823204725689626216e+00 7.742983811353448820e-01 1.279303227187591929e+00
4.853903002403067712e-01 3.029905989168541480e-01 1.618461323526882101e+00 5.046929082056453297e-02
2.441501592799411924e+00 1.660564963512209058e+00 2.939546883773796360e+00 1.165057977930538557e+00
2.558614826304464351e+00 2.591246591704380320e-01 7.342013191638683267e-01 1.840673997129945283e+00
2.553390141098848432e+00 5.840817550923779189e-01 2.940334925000332333e+00 2.674996694365921357e+00
2.317357611186287691e+00 3.029959398941534321e+00 2.485825744874629706e+00 1.368989923599205349e-01
1.651512306554926868e+00 1.801029033002645496e+00 1.195080262823124517e+00 1.191259600418332010e+00
8.703220611156956554e-01 1.803526296209611024e+00 2.175753476377445761e+00 3.121075252017352586e+00
1.491374159789042197e+00 1.494034170850919718e+00 6.798232084609761028e-01 2.037408770848029960e+00
2.958583023814365998e+00 8.438487641325127520e-01 2.413978524013620230e+00 2.763458657640931460e+00
1.415596098143656167e+00 1.902443755811247250e+00 2.973742333688762507e+00 2.667030981242108911e+00
2.027822506206731767e-01 3.153040977906733100e-01 1.810548980917782158e+00 1.250979890078327994e+00
1.485396193288184730e+00 2.059476948757054338e+00 2.152136785645752504e+00 2.151637881534006702e+00
1.560161601809178622e+00 1.059487304337686453e+00 2.052604422317837740e-01 1.459001601824072125e+00
2.613018411281279985e+00 3.433122228655821617e-01 1.135843273304109724e+00 2.968618462563575644e+00
1.738216241810294216e+00 7.464295155215450173e-01 2.387661872263241669e+00 1.464397263959009710e-01
1.434764725018827791e+00 2.497595539781876539e+00 1.505009033438958088e+00 1.424818148277704921e+00
1.527941165899141807e-01 2.495703415701811423e+00 9.247252723314387524e-01 3.034263113757648345e+00
3.249423328169084302e-01 1.653685118735598536e+00 4.138292013641340361e-01 1.741349499818459767e+00
6.280912930719061427e-01 8.911667187980344407e-01 1.002152264700824968e+00 1.513455122669653541e+00
1.876477790787366873e+00 1.698357935807612629e+00 2.233641132436982868e-01 1.745409454101902735e+00
1.497629015390364637e+00 2.490387762577763731e+00 2.219115215611564107e+00 9.200785866303504701e-01
9.100968992723992290e-01 5.380536340807602347e-01 1.548960144522820714e+00 3.003898959424127213e+00
2.887885114946619591e+00 1.660294394616060432e+00 2.451518463167570161e+00 3.480160929323376506e-01
3.129931029405492282e+00 2.173903588712492230e+00 7.017831609421243400e-01 2.252875729663521565e+00
1.122599767208186439e+00 3.243585237839432533e-01 1.329794696491627404e-01 2.122684239455904009e+00
2.812488124841786785e+00 1.101340275989347806e+00 2.305123590571624081e+00 2.681650729167424529e+00
5.958224006986457821e-01 1.063017541877153915e+00 8.922979672270528462e-02 3.069371111177201517e+00
2.941059846658718779e+00 8.163997800466868959e-01 2.562374545724213970e+00 8.791380144753382364e-01
1.139313530442093381e+00 6.853440435626300120e-01 7.739259399387650173e-01 9.839767168912074702e-01
2.538637163263179009e+00 4.356704382747127458e-01 2.470784977679431338e-01 3.033987042119031585e+00
1.340388836052690547e+00 7.761256368408814277e-02 4.564317882261831882e-01 9.598638753348793795e-01
1.397907053365772034e+00 1.666277548647110418e+00 1.288718574151442198e+00 3.007445179808131641e+00
2.508619861945280971e-01 2.564452717260317094e+00 1.026336061173031444e+00 8.676738323113142304e-01
2.521443218322180213e-01 3.064433297303741366e+00 1.040976054286930852e+00 1.621548629944291164e+00
6.082921366255512607e-01 1.358824136698502327e+00 2.875462811934825780e+00 1.300225943354526459e+00
3.114022936114043016e+00 6.846271781382988753e-01 2.993643635934962965e+00 8.892728490061397872e-01
2.072158079192513380e+00 2.424157525561688509e+00 5.779756050067812456e-01 1.917426857093987191e+00
9.733945794400005180e-01 2.703118889550131243e+00 1.987975013760397147e-01 8.981982315607546230e-01
2.321136293805188711e+00 1.970780460474126583e+00 2.339272674221156145e-01 2.167901293509725061e-03
2.862394730383717611e+00 2.987410433366469054e+00 2.489052436033210025e+00 1.227622653650090712e+00
2.133417166711394586e+00 7.771382950301862769e-01 1.702231208985615973e+00 1.084086097099367985e+00
1.454918664982312260e+00 8.128579207673950480e-01 2.650784835066079537e-01 1.001578416226243995e+00
3.730301618285076226e-01 1.858641143150170816e+00 2.465656362118790579e+00 2.536039881441888966e+00
1.517674341208153255e+00 2.649856224862917831e+00 7.082994384889316208e-01 2.490133531386319321e-01
2.116663949276000434e+00 1.698101048604087060e+00 1.042919498449963012e+00 7.762997273526446584e-02
1.509487514080085857e+00 2.231038877769807360e+00 2.197710520598205264e+00 1.898120325382797402e+00
1.817847926718977103e+00 2.116704570967226307e+00 1.081553242998674502e+00 3.656283158460709171e-01
3.077718703447105408e-01 2.500126615892775295e+00 1.910727269282616714e+00 2.694445189988743827e+00
1.192830680971592283e+00 5.798442524710208934e-01 8.328019217866383661e-01 9.764199829016830812e-01
9.958787231870852574e-01 7.835799717078925086e-01 1.207104258782093043e+00 2.961062463945611789e+00
3.140643983294960639e-01 1.190227232976436067e+00 2.955818529224558677e-01 2.043529705750448233e+00
8.756214876887119525e-01 1.656206425143512684e+00 6.007431157513107856e-01 1.059210958400064878e-01
2.101355701986214353e+00 6.985471776740409533e-01 1.355627648150822928e+00 2.452368011852585461e+00
1.968718276566126857e+00 5.951604614435036522e-01 2.306500815153547101e+00 2.884681363395722897e+00
8.893382956976795262e-01 2.431570045384045642e+00 2.885776612827890997e+00 1.314407497668443447e+00
3.090381148665112931e+00 9.936751993115067183e-01 7.273021022281246362e-01 7.950341778785461333e-01
2.128128000105597106e+00 5.028580140886153016e-01 2.011604595754874936e+00 3.291019716935158490e-01
5.417559411949154219e-02 1.917177633364656464e-01 2.025840709199583090e-01 2.799370896050754620e+00
2.118524206738773508e+00 2.371248342014096622e+00 1.369085734407626376e+00 1.610309194664746757e+00
1.937035681421976463e+00 3.592014783502128772e-02 1.563167774408110056e+00 3.046190920532706237e+00
2.107105309323204501e-01 1.286672707243114111e+00 1.903184145219173784e+00 1.811883970708646707e+00
1.311814936327280412e+00 5.400927104416421154e-02 4.734967115031445406e-01 1.052152697185270602e+00
1.039168408173166275e-01 2.095416142259189929e+00 1.368371082285546159e+00 1.369272564093824140e+00
2.302911298498951265e+00 1.045029830126365189e+00 1.877030697769639656e-01 1.576132625024815548e+00
2.693196857405105948e+00 2.055453918187634343e+00 2.030796607798687425e+00 2.078839612665542624e+00
2.893654825997514557e+00 2.778234584126126339e-01 1.265558510542064585e+00 1.576541300683515834e+00
2.792511054103955725e+00 1.226481103951511997e+00 2.216538966158652979e+00 5.208530080596894818e-01
2.729306578556490170e-01 2.449877786725723983e+00 6.771231902606046349e-01 3.054215011241635302e+00
2.231613968389401848e+00 2.570932856525043775e+00 1.469661770517743493e+00 5.855420979552730110e-01
2.147426439845310675e+00 1.971785089476144615e+00 1.053174928667186316e+00 7.480350282611765156e-01
3.020173562250826116e+00 2.624721350433386058e-01 2.010533781280615884e+00 4.862993661734906214e-01
1.482830889689965292e-01 1.623603131293176016e+00 1.853977921596080825e-01 3.111155402656000213e+00
3.005226836189013984e+00 6.474946229174822765e-01 3.433004763042089014e-01 1.093170125701337758e+00
1.763464204583274242e+00 1.126341724144147793e+00 1.021707790342301969e+00 2.979623931763356826e+00
1.930788265325644737e-01 2.058333276455574179e+00 5.409600828780407600e-01 2.117845186371154043e+00
2.268910526462454502e+00 2.527298930613518291e+00 6.024685246692425000e-01 1.490379476465407027e+00
1.831933853315189875e+00 9.332695276700593290e-01 1.618293785779899574e+00 1.555038457958349829e+00
7.975021883636753683e-01 1.012378062231254761e-01 1.714650036628994734e+00 3.013660595445643686e+00
1.346086863684697654e+00 2.819150582046173970e+00 2.988871998005566688e+00 7.626779123187149567e-01
4.074953159367437627e-01 1.792274945065106317e+00 2.183978747590190395e+00 1.960266308296588988e+00
3.944593752361705286e-01 3.031096316547040814e+00 1.256918857876137885e+00 2.221416389991076823e+00
2.003910707014875114e-01 8.759986883867588725e-01 1.641817225595529672e+00 2.508509030172388243e+00
1.715301292952698509e+00 2.150001152632291745e+00 2.955766892825169911e+00 1.698848747234436685e+00
9.926674860695503533e-01 4.676440431136640319e-01 2.092514226678097444e-01 1.741986642135151087e+00
2.999698672107805830e+00 1.298715819919243675e+00 8.024828732152062827e-01 3.076023835834112763e+00
2.254945455897280571e+00 2.335781305265439145e-01 1.501461199377197797e+00 2.513338580759004071e+00
8.697630392535569133e-01 2.159206605536741375e+00 9.198172486118417757e-01 2.823570870014339818e+00
1.475682529014730626e+00 1.659327244485550912e+00 1.998386631908721789e+00 1.309661590883457682e+00
1.598178055621287896e+00 1.072325206045243950e+00 2.453979413611577787e+00 3.770780465407569948e-01
1.848056034399025549e+00 2.585304435542772894e-01 2.817314275310141891e+00 3.898368869436808493e-01
1.387307560837301335e+00 2.493892811237454210e-01 1.127775843103869663e-01 2.841668388100941467e+00
1.911593323615669915e+00 4.113968853357151678e-01 2.858633715046562940e-01 2.967169624544164996e+00
1.442576703706936581e+00 4.611985499250090270e-01 2.862130717210328523e+00 9.274992173203132628e-01
3.045951724832474117e+00 2.960049087359737374e+00 2.631475501571281850e+00 7.577305109714818935e-04
1.634244076938132784e+00 1.664392692350225245e+00 2.533499996679686284e+00 2.976960999477055392e+00
1.298631310306616049e-01 2.233429767622535422e+00 4.201324337032419365e-01 5.408478384219622681e-01
2.487073539145313816e+00 2.401603014482607545e-01 1.992334754859226287e+00 6.926454365899054055e-01
4.959202431164484448e-01 1.451047134506336711e+00 1.451716858525527565e+00 4.079457625417267086e-01
1.581888217051422130e+00 3.794169486459005314e-01 1.408997396052105389e+00 5.099162637212421856e-02
2.992748039009740957e+00 1.875479813808074381e+00 2.338668494811741105e+00 4.494419786456146926e-01
2.244458388822924366e+00 2.398349937765985374e+00 2.577775079982290052e+00 1.189026741850552460e+00
1.114814707711274222e+00 2.119427065848075831e+00 1.712138445766945294e-01 6.011216089972265531e-01
1.491780942851125058e+00 1.592716478210999931e+00 3.110873972848571256e+00 1.309855555320639464e+00
1.352904303542287634e+00 1.684597275504073011e+00 5.359337707414778551e-01 6.620858010027622642e-01
2.219987372183453100e+00 2.620553964101147493e+00 7.513993585179902235e-01 1.570179319346772129e+00
1.295545375049844017e+00 7.221284072734848181e-01 2.831644556303330340e+00 3.044290504010886078e+00
2.109255536500282968e+00 8.189271154609881753e-01 7.124612368738548751e-01 2.411743155824925378e+00
2.315720545946162723e+00 1.621191810778020548e+00 1.598516089440938259e+00 7.902781777750210734e-01
6.316410301411401473e-01 2.681553393009728836e+00 2.334129889639190214e+00 2.000878551733285549e-01
2.990118512769276204e+00 4.217683519494546118e-01 2.958389748950903897e+00 1.846614714716148020e+00
5.442739829358277381e-01 2.607983810924653589e+00 2.860715877109540894e+00 2.452798578468788016e+00
7.436165827404371820e-01 3.032894557639398414e+00 2.415473403805663555e+00 2.489253127276469524e+00
4.642397376248754148e-01 1.249267132085928322e+00 1.854724939642638626e+00 3.096101217913248771e+00
2.442248998806653693e-01 1.856569825628744619e+00 2.018850058921128898e+00 1.924875593949685326e-01
2.086203337745857311e+00 1.622827075814353925e+00 1.950289357806747947e+00 7.370537264194152449e-01
5.624241610033431371e-01 2.241877264346154031e-01 1.274655927629080976e+00 2.855564676521856082e+00
1.146256258735345535e+00 2.583217595774175646e+00 1.489464375354129233e-01 2.998590820419038572e+00
8.076722064035700699e-01 1.098561526620276396e+00 1.037495718719189775e+00 1.588515108746617388e+00
2.076890648677575779e+00 1.741450370093505784e+00 2.471495084036491985e+00 2.517184218655279970e+00
2.269789642207524327e+00 1.031944108212360822e+00 1.566846256512336999e-01 3.223947337567724114e-01
1.359396634881054000e+00 6.511777632725199716e-01 1.981874640581588354e+00 3.048995009832566438e+00
7.215379695074904953e-01 1.895200829179728208e+00 4.321810145266887226e-01 1.324027774082962199e-03
1.710156940193179986e+00 2.666516104726238012e+00 2.028580784572215467e+00 2.964600913595633713e+00
1.670490367323137493e-01 2.634287605953772538e+00 3.906795158145223157e-01 4.247265228306449925e-01
1.695998447286664046e+00 1.582116772496549029e+00 8.438699839232040034e-01 8.962209936219468487e-01
1.989629486656927293e+00 9.023394012185509405e-01 6.892044717683059041e-01 2.575937995544929748e+00
2.410503381401058576e+00 2.299926771597025965e+00 1.350219875758106314e+00 1.595165378049677507e+00
9.283527520806568178e-01 2.764527196983242341e+00 6.172017809921079984e-02 5.965182027391030539e-01
9.443166855513491775e-01 9.545287664772198477e-01 7.189263203364255617e-01 8.015423573157149928e-01
2.377702902362816673e+00 1.318220527679929699e-01 1.770522567619909005e+00 2.514346220713043589e+00
2.545352130750011987e+00 2.065649828967519031e-01 2.693285047790617170e+00 2.970421748762763769e+00
2.100213302933535697e+00 3.062575862852212172e+00 2.098836871329267328e+00 2.141178198526962451e+00
2.528130269914491191e+00 3.107523215411071682e+00 2.917054879099652553e-01 1.603635232668838284e-01
2.313198033584169089e+00 1.347082170541643364e+00 2.762390752050630116e+00 1.078539440103771563e+00
2.087664563439218579e+00 1.180714832119645008e+00 2.749680285049164175e-01 1.393069747154550120e+00
6.056529509616953577e-02 2.103618953321099827e+00 7.089889595547254064e-01 1.180313269488151962e+00
1.176005014247374802e+00 1.118678306618181129e+00 2.565198718366704433e+00 1.438858593608568492e+00
5.419331060189077620e-01 6.012997503095622587e-02 5.394311844665512501e-01 2.149878221415818746e+00
2.803757511378678569e+00 2.187717126602055639e+00 1.974724265859747474e+00 1.505305288587317492e+00
4.116333807814482881e-01 1.671605274421156917e+00 2.417079875339366968e+00 1.708947567400927126e+00
3.983188706015589053e-01 2.565004060047693990e+00 3.119874000398363378e+00 2.648700966481560837e+00
3.057534127289565085e+00 1.904941856563454605e+00 1.492292551503742182e+00 2.597248196759240901e+00
1.722055784414493917e+00 1.110287661011427396e+00 1.965276884115566114e+00 2.736178179987091008e-01
8.659670825383295467e-01 2.393845598155114107e+00 2.300493993134027360e+00 6.201133481948017945e-01
1.701563118931422425e+00 2.676429916991134750e+00 2.354972469366987120e+00 6.160042347408843932e-01
1.300261986941272596e+00 2.765255704450019780e-01 1.377142801601667077e-01 1.336679303662745344e+00
1.367332571210833514e+00 2.568341225383842019e+00 1.918497453740225955e+00 2.958921986715185248e+00
9.199106003323015424e-01 2.433838129952354379e+00 1.381437553008537863e-02 1.177074526808633559e+00
1.793747493782582358e+00 8.427265672613414305e-01 8.140393971691238795e-01 1.263296331922806104e+00
1.780985224859455707e-01 2.587911919201514532e+00 6.554319057495283651e-01 2.356975233640953155e-02
9.039041055093453014e-01 2.493265673069239963e+00 5.108567092692937184e-01 6.851273228139465044e-01
2.813260969633461173e+00 1.593864039413144473e+00 2.310218793296883621e+00 4.825834584634097202e-01
2.050065374208084101e+00 2.259031232193629002e+00 2.933216530933713956e-02 1.325038584931873320e+00
8.853607178343766426e-01 2.904616583068948543e+00 1.675462428249586022e+00 1.079811230913450659e+00
9.517652439778454543e-01 2.032081322082643471e+00 1.189406211755214215e+00 2.309502194121805907e+00
1.256244721689443233e+00 3.028473055854195906e+00 3.083433466927760769e+00 2.299103457419638730e+00
2.948396805972214985e+00 1.624153620669146758e-01 3.872719982053103860e-01 1.709893194581467935e+00
2.689969563046348711e+00 1.196384925333044524e+00 8.087121600405612343e-01 1.818399317103254420e+00
2.339917069442438644e-02 1.334855561761852494e+00 1.758615184993955305e+00 1.687916823939555222e+00
1.772831457778582642e+00 9.284247389536427475e-01 5.714232461472226188e-01 5.697043988360240840e-01
2.317505868124750457e+00 1.368534531467023641e+00 7.164726611448857252e-01 5.532660752651479275e-01
3.008845100330475031e+00 2.701697842760082846e+00 6.808651366129760962e-01 2.499707104927156198e+00
7.417918183903962071e-01 2.717727518854325286e+00 4.769834824070128820e-01 4.832786592890189192e-01
1.797964890372573565e+00 2.854364248184184216e+00 5.679829790541659484e-01 8.030392917707560585e-01
2.613750165758865762e+00 3.089006832582822604e+00 7.953914362675749139e-01 1.837874874892657662e+00
1.665816487184011319e+00 2.648925069360772433e+00 1.447617396000017674e-02 1.716509808003590098e+00
1.494501610685488258e+00 2.938100256407573330e+00 9.139113446676908614e-01 1.531139007531083562e+00
1.756711965756055260e+00 3.020120538926073905e+00 7.223121585411816925e-01 1.729315163287951540e+00
2.196783000079414183e+00 2.083731506826737245e+00 2.150679236467133659e+00 1.195802738992754577e+00
5.614285813867988528e-01 7.531067690331225695e-01 7.345854362606830668e-01 2.724324327246556265e+00
1.042797121188927978e+00 1.605142295875341185e+00 1.429026259215875616e-01 1.187102850919491970e-01
1.602423699233612275e+00 3.130746052625712927e+00 5.304246034629558348e-01 1.658804482590671592e+00
2.854323015551318399e+00 6.242592632323326063e-01 8.093233543306814770e-01 3.071365387252508850e+00
8.773389716351733814e-01 3.113316021072674911e+00 1.003192874825315606e+00 2.711364487015482272e+00
1.281610122263398432e+00 2.441243170051778932e+00 9.798627150124430418e-01 1.026885403691564003e+00
2.499548898729523128e+00 2.440490440404563977e+00 2.009956909711879902e+00 1.738139691622970995e+00
1.354647032921476146e+00 2.618799902324448592e+00 2.747572358096877831e+00 1.233273880909693920e+00
1.621929892351275715e+00 2.473818971394243227e-01 9.774512318247524645e-01 7.703865793160659392e-02
2.086846715917382244e+00 1.908949004484747025e+00 2.556992088312686623e-02 2.873902267705353619e+00
1.034629797050269806e+00 1.581045837567553347e+00 2.577826160093088514e+00 3.689635519920984597e-01
2.750785798915207359e+00 3.266478867136082820e-01 4.484354557277149267e-01 1.205676248257474992e+00
2.382454201881534228e+00 2.777491984686207172e+00 2.642916146168424962e+00 1.158191958742922578e+00
2.051194525327594553e-01 2.023139148890338745e+00 1.360816786263816303e+00 6.586111700379186640e-02
1.514239534427016309e+00 2.264464796465234464e+00 1.158689236545044965e+00 1.797187889807393635e+00
1.495745262170912859e+00 2.771797901491098948e+00 1.666845865974712959e+00 1.006389723130661773e+00
1.486247110392416637e+00 1.647585969573702736e+00 2.678078743058051270e+00 2.885624179977916981e+00
2.225818911932979649e+00 1.368512592240079373e+00 8.933539552925160443e-01 2.040686049879311403e-01
2.184044288885855778e+00 1.642178546648387583e+00 2.277092385945904685e+00 9.390948263394039985e-01
1.248385318936028332e+00 3.138862156083368049e+00 1.227398921977622903e+00 1.143458163865166410e+00
1.857161041897742892e+00 4.803785348502849772e-01 4.209078632554234534e-01 1.418172647602829350e+00
8.442866317338163507e-01 1.032927021714305393e+00 1.601187269635917287e+00 1.048776375044258469e+00
5.593829639100197371e-01 9.713797941773490985e-01 1.521377619214753896e+00 2.543865303334959638e+00
8.124005087992787200e-01 4.994105777106899180e-01 8.671701015295131265e-01 9.703285500829640642e-03
3.128522201797564684e+00 2.371998698955302132e+00 1.957814995997948282e+00 1.790916642441357176e+00
8.616535770326361199e-01 2.904698706960588961e+00 4.719271339986877932e-05 1.288273410777450945e+00
2.293662944196567910e+00 2.939924905005120159e+00 8.341564789938087088e-02 1.359639169841100337e+00
1.754899576147274987e+00 2.818733826763577532e+00 1.693217544179459189e-01 1.968214714689337175e+00
2.207799174838454892e+00 1.952352479543514763e+00 5.680863600773530253e-01 2.652695882786159087e-01
1.410029895536545341e+00 8.168863730579709048e-02 8.641033854458738395e-01 8.282479871669590210e-01
1.073002784092917716e+00 3.010453619881402698e+00 5.777456637832963926e-01 2.638954921521170061e+00
2.913320786076140756e+00 1.037483691833271049e+00 4.850667154071949261e-01 2.992995980069020234e+00
5.600085442077209485e-01 1.701145898677627777e+00 1.047401121373906063e+00 1.632584367237963852e+00
1.450798945548616770e+00 9.629956557568690734e-01 2.572080672915071364e+00 1.882274092878250205e+00
2.646809277499472479e+00 1.431369132086036222e+00 6.979817210958134677e-01 2.896616018597600872e-01
6.232965390952089901e-01 1.247762512264793289e+00 2.981301398305028272e+00 3.080018094093870840e+00
9.390461187541414567e-01 2.804527915811048544e+00 7.787729733522759101e-01 1.152305787881982901e+00
1.442827966589357080e+00 1.072640813607302013e+00 7.323128509142589060e-01 9.969965870118924212e-01
1.882314366954249252e+00 2.008737168516003813e+00 6.083014690457881901e-01 2.313228262081865605e+00
2.721707883769355796e+00 1.171869970570724950e+00 6.949914257423008834e-01 2.555005194914122146e+00
2.157025748713689850e-01 2.743121236803340857e+00 8.172867052215440076e-01 2.033602965894923287e+00
1.977355175444765356e+00 1.997983355902608338e+00 7.835800229759083413e-01 9.138403876730470943e-01
3.001913974726329037e+00 1.707600391694191533e+00 2.900045803169749803e+00 1.054415406945206746e+00
2.092388550956807425e+00 1.696375525636009962e-01 2.383806392225063409e+00 8.458313421820147227e-01
5.545732625660395598e-01 2.391447457024789891e+00 1.922802848625141614e+00 3.655870985714844701e-01
7.842428328496632295e-01 9.763715933508041456e-01 2.597216240349979444e+00 2.934504316676107560e+00
2.267234169348312900e+00 8.334486640996991991e-01 1.442385021144109825e+00 1.808499236073675576e+00
5.870410792026523605e-01 1.166828197324882854e+00 1.869937242908061181e+00 1.817237109743218282e+00
2.924029838677592696e+00 1.982360792839110708e+00 6.138071111677781966e-01 1.162619609676127874e+00
2.987332491836324877e+00 1.921992768693680631e+00 4.560707341838290962e-02 8.343190821856670825e-01
2.571711320923592670e+00 2.357934824111182770e-01 1.058678386569216645e+00 2.809170273018160913e+00
2.020034339104778809e+00 1.330977400736272465e+00 5.836801659399792896e-01 2.533438805619935064e+00
7.143711754833227401e-01 1.301754277187931796e+00 2.936904629434268887e+00 8.406799234434652046e-01
1.443809625363018823e+00 1.243317966136636477e+00 2.199464073711382195e+00 2.451037242060381260e-01
5.323891642747106134e-01 2.179084760703991819e+00 1.963667165218078159e+00 2.164703436915698553e+00
2.646218508497076294e-01 8.006615301464766743e-01 2.363047634435338384e+00 1.258861536373918621e+00
2.786380579795789902e+00 3.548999111204542145e-01 5.612915631720916121e-01 3.237206064680424045e-01
2.365435871432355786e+00 2.044218433011588232e+00 1.966374245680662547e+00 2.747427774159945990e+00
2.804164862308433204e+00 2.021261505993320107e+00 2.322755724597905802e-01 1.421196534263271971e+00
4.473389388862439309e-01 6.673032686985002071e-01 1.993200432626743179e+00 3.037670234617791731e+00
2.751241038141750028e+00 1.721248266956630246e+00 2.169234010630809006e+00 1.397062477538745240e+00
7.033221607550381727e-01 1.531853753554323294e+00 8.371995588721850012e-01 6.308511308791071581e-01
1.165719140635356421e+00 2.766888243035582562e+00 2.725087084021133865e+00 1.828400297406133745e+00
2.022603322275068116e+00 1.284769345024800724e-01 1.327889298431172538e+00 1.226775983408147086e+00
2.402445574237597192e+00 2.576756531858924504e+00 2.326796468135775342e+00 2.751348037107039790e+00
3.010547778649672157e+00 1.334133298919091271e+00 2.984618403395386643e+00 3.338388959556638502e-01
1.025677649136175429e+00 2.349568474113700400e+00 1.087808943726249478e+00 1.469483235584776414e-02
5.287934701766248136e-01 5.664384776373030395e-01 2.071458482690674341e+00 2.693466339832291556e+00
3.129708548149250785e-02 1.698890525974513066e+00 1.904312339896918338e-01 2.135086210117926875e+00
1.763690985743624484e+00 9.045051169702846838e-01 2.588756647699385294e+00 3.099728802504951308e-01
2.286789968175239274e+00 1.528333637426277258e+00 2.377363375409268009e+00 2.918431019002166948e+00
2.289762360182007406e+00 1.100614976802053002e+00 2.418091564461930965e+00 2.946954592444520404e+00
1.248362876249350384e+00 1.101663413752482779e-01 2.038751085784941353e+00 3.948803083858987706e-01
5.773011757721775439e-01 1.452161394117564841e-01 6.323160029569205864e-01 2.109558837612375726e+00
3.314048507897813800e-01 1.813362075600353451e+00 2.368313321252532244e+00 3.406395251783232991e-01
2.511132671993360432e+00 1.644163238549090300e+00 2.424903161345532521e+00 2.470296521793010847e+00
1.187464837919480765e-01 1.733521588581509620e+00 1.068653578414421768e+00 1.898486604527468868e+00
6.460123766083538666e-01 8.920836783090119182e-01 8.119408181755137788e-01 2.291145912616697533e+00
2.751498342759509885e+00 2.607046185369096047e+00 2.013322125497342796e+00 1.857535213210744551e+00
1.199896860415200495e+00 4.834655376702855917e-02 7.959234819874357880e-01 2.469271271178668403e+00
2.234472926120758096e+00 1.305329783495866813e+00 2.447370468899668694e+00 1.260989703538359097e-01
9.834499215195284805e-01 2.468895819496843558e-01 2.482306078122419102e+00 1.769795415339180833e+00
8.307251086218223612e-01 1.890622649266288535e+00 1.928675867824691359e+00 2.932159580507547325e+00
5.487754229951842255e-01 4.335875421912530059e-01 2.273887736865411180e-01 2.498489156440503400e+00
2.039689222262375257e-02 2.909707044496725459e+00 1.656255079520817075e+00 1.134516720889534147e+00
1.192086452710307221e+00 1.387392016420803120e+00 1.560171305523666119e+00 4.905967271480049519e-01
2.586846237580454844e+00 2.220826999087246012e+00 1.815103159457441162e+00 2.012334954737940329e+00
2.558048120982353790e+00 1.244750639657413949e+00 1.841959408005050314e+00 1.442831297479995889e-01
2.268768261708373757e-01 7.179009079494514944e-01 9.682604979644866550e-01 1.378092461386574707e-01
2.639125250638300196e-02 8.459584251405920519e-01 2.638376734642365662e+00 2.377946597184039224e+00
2.290105620791381469e+00 2.872625818908802309e+00 1.440694380092112814e+00 1.896722068687048512e+00
6.514889510216187452e-02 1.711562713052562135e+00 1.924879038006126253e+00 1.585844628537014245e-01
1.525755866176511655e-01 1.989640843024047534e+00 2.845383851175574463e+00 1.778600548878530363e+00
9.105601749045444393e-01 8.993701914362475236e-01 2.754307819086661002e+00 8.439198339031155349e-01
2.702381371246586284e+00 1.354999277522190182e+00 1.453468267057565599e+00 1.308078924955912381e+00
1.360251554931962703e+00 3.121026479572592383e+00 2.777228206846304115e+00 9.614131036527037155e-01
2.564690397447852988e+00 7.270872100857833642e-01 1.427767883441664276e+00 2.513543170920650383e+00
2.289400552384400989e+00 1.536874099643078306e+00 6.728111871600566118e-01 1.362408627331185951e+00
2.417420352765549119e+00 2.216638883737957144e+00 1.950945376899170025e+00 1.728742691478738713e+00
2.548764572952631369e+00 9.817221591105577128e-01 2.178126797117432734e+00 1.641199023552619929e+00
1.903405581840208249e+00 3.009118610193543208e+00 6.833720498509766594e-01 1.763001952868475941e+00
2.655664340625099040e+00 4.151838098700169066e-01 1.200334146305000349e+00 8.844375844451667357e-01
7.396494184621169588e-01 1.363939972878123408e+00 1.844683682692543680e+00 1.555931118669012125e+00
3.557488573548611699e-01 1.792436845534479406e-01 7.387261908335429617e-01 2.725289482829256649e+00
2.442284736040357895e+00 2.012375356987878838e+00 2.789871917326293804e+00 1.914350684394717783e+00
1.807061467015046219e+00 2.616001613688982541e+00 2.685684193843365541e+00 2.540685912221140708e+00
2.641929704421064784e+00 1.120821853677178154e-01 2.662066778182267779e+00 1.151236149297846012e+00
2.541754598067713200e+00 2.346155100319581022e-01 3.035586757859435991e+00 1.715893302871836223e-01
6.931538413276291388e-01 1.062494109226647554e+00 2.531896988586747055e-01 1.459347942841638490e+00
1.707168772786095134e+00 8.992089485369104962e-02 2.012401632018468778e+00 1.813222548969835035e+00
3.734337404063467480e-01 1.769586878549906372e-01 4.343475780228070460e-01 2.087787244771763362e+00
2.707492953594000440e+00 2.864970160790892617e+00 1.524384353047594010e+00 8.580697265991926725e-01
1.231050043022766438e+00 1.298016899852586947e+00 2.143651989861879770e+00 5.410414969271575281e-01
1.695752502000911488e-01 1.152144700349354123e+00 2.953796104023652891e+00 2.620053873739892847e+00
3.055280022346069657e+00 1.098740869640497442e+00 9.580401642038538501e-01 2.507652536360247542e+00
2.478400255358017834e-01 6.604692573021203605e-01 7.805009700065617118e-01 2.095682400618494423e+00
1.588039257154509665e+00 3.245763626995781803e-02 2.751673408535751375e-01 1.624119589618691961e+00
2.474877810987083482e+00 7.375852642273418303e-01 1.483294977990992913e-01 3.632705912902146062e-01
8.245543671579913525e-01 1.466681231550020170e+00 2.505438457368686755e+00 1.082279385822880080e+00
3.405052729645593329e-02 2.764016095407907603e+00 4.112747406193542621e-02 1.728523851729686145e+00
1.601196067589711336e-01 2.016433615961382042e+00 2.972820487092473485e+00 2.527010437307293689e+00
2.249461243484157880e+00 7.206854898824954780e-01 1.937294569213695361e+00 3.088895550427888104e-01
1.863075933551997743e+00 3.056972010308896426e+00 2.327088858636012780e+00 2.468989280174481993e-01
1.993399898521601710e+00 6.391630083765130754e-01 2.972061439999697241e-02 2.872218428998107420e+00
2.117358762545917816e+00 6.383473945957426343e-01 2.160683480885968955e+00 8.246126027583018381e-01
1.669281310105137806e+00 7.173880389268368907e-01 1.672779357507721221e+00 2.689261069050481456e+00
3.028552317948791206e+00 1.205626058276642043e+00 2.922679557442201759e+00 2.805120755641118180e+00
1.832550652338929664e+00 3.068121826551839168e-02 2.209040432504207896e+00 3.054403983419451407e+00
2.483966268570209301e+00 2.251770235469765957e+00 5.438765146101522951e-01 1.056242180937552844e+00
2.493881606380013771e+00 2.911639144857959938e+00 2.434595479706256782e+00 2.641139289401236212e+00
1.240984895679780042e-01 1.081543864102293195e+00 1.806186092381317776e+00 7.945005925682091519e-02
1.772397719500422575e+00 2.703878616091714981e+00 1.444203199367517731e+00 3.992547667448088644e-01
2.794257035431590097e+00 2.008233790868326207e-01 2.682922486221542613e+00 1.428164155336632657e+00
3.036980714286674932e+00 3.090157842984921466e+00 4.447321643652488166e-01 2.475088417484904824e+00
5.136438551618248693e-01 1.575591020798511099e+00 8.688966337975893017e-01 1.482106158458039058e+00
1.058158399509146586e+00 2.808912177606460170e-01 6.900737829781007360e-01 4.071190103735721766e-01
2.441647715822503173e+00 1.561411686886522210e+00 8.922178591790208557e-01 2.589185257010796715e+00
1.491850859763511838e+00 1.368810659243032468e+00 1.504169595212582200e+00 2.702923822102041740e+00
1.832649253762128172e+00 9.752322374957136386e-01 2.221408222712266234e+00 1.522619604378307789e+00
2.139331231944066047e+00 1.670733887781889582e+00 2.996515851490241023e+00 2.550874427140535250e+00
3.109205256354995672e+00 5.873915012973255495e-02 9.781700912123665326e-01 1.289410819684273513e+00
1.220805170532598627e+00 1.034545410069815041e+00 3.468648855560711453e-01 2.029200282151542467e+00
1.252759978632133731e+00 2.018889789249625810e+00 6.184321666422751829e-01 2.225620787223105523e+00
2.873524909570478236e+00 8.760060162663632077e-01 2.185667965756574294e+00 2.022035532127332558e-01
7.691065885151801007e-01 5.558930526115331006e-01 1.995106013490499430e+00 1.333047225762125754e+00
1.940907287655668334e+00 1.802215842575717097e+00 2.170997260190512979e+00 2.333791675938770849e-01
2.629939233979058155e+00 2.637517715056003187e+00 1.756951133734176995e+00 1.251106104755620230e+00
8.901348687144432503e-01 1.749363629984784785e+00 4.096472224188142941e-01 2.584257958044305692e+00
2.114843824584482501e+00 2.225345596878776089e+00 1.311937693177985365e+00 5.732668756419782019e-01
1.124249921387602269e+00 2.805940231004683039e+00 1.310183291830473162e-01 7.592968781600959449e-01
6.201043631401078615e-01 2.092913075502113862e-01 4.699393543895344916e-01 1.286849042326401404e+00
3.927843295222707143e-01 1.554173481630888531e+00 2.334059610213526259e+00 2.542877311039664523e+00
1.314496496600772446e-01 5.760341202497296642e-01 2.626262770143532155e+00 2.328280342987925078e+00
1.672268689898921412e+00 2.908982211739939761e+00 1.724870765282982887e+00 2.564563827268048435e+00
2.637912343156985084e+00 3.078619764967332362e+00 3.056193818653335725e+00 6.090924455463253562e-01
8.990784620664818982e-01 2.219791058000444572e-01 1.537604920222753302e+00 1.485300361073513375e+00
1.010349954394960115e+00 1.085143450403841803e-01 8.387458941394158041e-01 1.960359224615926932e+00
1.996807180957308470e+00 2.022102256816102894e+00 2.002659274791940835e-01 3.160939720295357636e-01
2.214678220603399569e-02 6.457444825010679734e-01 2.477156345866355025e+00 3.062607031441481276e+00
6.508868355119813431e-01 1.697274480064121738e+00 4.789692862568243892e-01 9.993074016460626874e-01
1.191573878835528788e+00 1.419393992284746275e+00 1.450037772424643823e+00 3.713597156043513814e-01
2.919378011397228967e+00 9.069432348269195199e-01 4.948444721480120267e-01 2.477292036453094148e+00
7.083744863585718088e-01 1.402416600296624294e-01 1.783594791567580939e-01 1.059007857934203545e-01
1.877971016345138411e+00 2.105325674826903359e+00 1.349683717772863778e+00 8.534795830957402352e-01
3.068454338716762653e+00 1.540142416575939199e+00 2.290102624000211140e+00 1.998755931409261555e+00
3.080246262719283479e+00 1.239608253989126441e+00 1.208569701948567721e+00 1.017660960798613567e+00
1.732347803676353104e+00 1.656430730941497620e+00 2.278980673806338508e+00 2.135155888545960057e+00
3.162730497144187192e-01 2.714070239373813198e+00 2.297379505296997415e+00 2.533137828118247725e+00
1.911880465270419105e+00 9.586428073123627325e-01 1.507268032025725901e+00 1.651821543384414337e+00
8.330260429394534261e-02 1.806004215271001412e+00 1.985611756278461204e+00 1.249593023044932139e+00
2.557596679502142756e+00 2.584623703901534508e+00 2.701724909451631018e-01 1.849317553711529394e+00
3.963657649678696271e-01 1.321527202437388970e+00 1.189070826300548944e+00 2.974940458762109774e-01
2.908786772488668682e+00 2.888011278040731433e+00 2.409037981149537266e+00 1.712089756179473898e+00
8.553302244446313596e-01 2.828905792816044595e+00 8.128243600606839259e-01 7.238675835131294645e-02
2.521502610922779830e+00 1.764370775695044413e+00 7.422114911233083090e-01 1.670371673374622112e+00
2.079175437816442873e+00 2.306585555088105366e+00 1.032763465232111599e+00 2.204787728423657889e+00
2.377693486764792308e+00 1.490765350130114353e+00 2.518944781859590698e+00 6.710837144880900385e-02
6.227504622091076802e-01 1.979777792939480641e+00 1.817374536588412193e+00 6.347864031671662799e-01
1.495257462991720354e+00 3.655573093158938636e-01 1.087965285646314451e+00 2.475998838682876624e+00
3.006321003863325014e+00 2.820962576272950884e+00 3.270592152259816920e-01 2.984877868245300991e+00
4.243504629422100716e-01 1.235817109812500231e-01 8.111637733360169689e-01 7.643598813092417066e-01
2.768361929470407379e+00 4.443866643239202663e-01 8.580372654960197742e-01 1.792171833004992054e+00
2.039640451083366557e+00 1.479515775828662338e+00 2.801518535870879401e+00 8.811728570173240627e-01
1.364595716351873378e+00 1.172447642260898926e+00 1.856256862522067008e+00 1.941620654577985050e+00
7.386181656233651305e-01 2.766926463678382575e+00 2.291948894229024258e+00 2.711932704294782948e+00
7.718691349841169114e-01 2.411920956436038654e+00 1.248272665650817403e+00 1.507488288838694901e+00
2.285531083685204301e+00 6.779676379946504294e-01 4.272848192812105372e-01 1.225137752137668734e+00
1.641111605234766957e+00 4.555156716228541680e-01 1.555383143605248764e+00 4.293930874855590440e-01
1.679692026011462502e+00 3.013272329183156906e+00 3.385157624651689151e-02 1.812154891500901366e+00
1.704901749320603788e+00 2.372151647642180450e+00 1.568695759115914523e+00 2.388826677673615839e-01
1.300754260836605170e+00 1.612681224471470554e+00 2.049484595215378402e+00 2.455045864298786462e+00
1.804865323468480387e+00 2.610699128169097438e+00 1.247194114161729095e+00 1.180920124972304697e+00
1.036560365041403697e+00 1.896011083050954005e+00 2.229143722332433075e+00 1.977865765319342994e+00
2.541641281974333921e+00 1.078121514401236825e+00 1.520193436574140522e+00 1.758910893053163393e+00
2.295924718740220971e+00 3.123333632298414653e+00 1.133040165979824349e-01 1.185928080009514829e-01
1.320283699001320921e+00 6.426508756828872571e-01 1.128396555705946769e+00 6.350707394282241181e-01
1.639436644679029609e+00 1.974370678168398507e+00 2.151187956309617899e+00 2.692568472611012731e-01
2.732229948406406983e+00 1.990574232265823529e+00 1.881219809874357662e-01 6.974651558610158730e-01
1.372747711998427489e+00 7.069408365376530501e-01 2.454156127906445217e+00 2.233764581736026322e+00
1.786197263684426995e+00 1.069255292483987985e+00 2.467143159888571247e-01 2.586951710924632053e+00
2.221422428756115508e+00 2.806990354901417017e+00 7.260070522585891917e-01 1.513408810276038130e+00
1.158715604670442767e+00 2.098312098422121519e-01 2.469702893733912052e+00 1.742078048877682361e+00
1.631560331855834933e+00 8.872791838305378320e-01 2.667568297695567470e+00 2.219075436289762671e+00
1.963277064790784454e+00 2.802046523232070374e+00 2.951263972540338898e+00 2.350853773441980099e+00
2.031440174980781777e+00 1.360942945288655226e+00 1.068990026063661780e+00 1.720241571593883467e-01
1.031068805652973416e-02 1.845340208042443475e+00 2.466094817501150338e+00 2.218729916727256946e+00
4.978731555697008537e-01 1.835779387914258098e+00 1.121644783479404106e+00 1.502321871166215628e+00
1.704581050018750377e+00 5.713254958805690231e-01 3.015927380438716554e-01 2.111270348758917947e+00
3.090958889951040955e+00 9.745120578978996306e-01 1.564547662996323307e+00 1.665374735180697563e+00
1.957839812917549605e+00 1.955454389146956407e-01 1.222823123600041084e+00 2.040542158552971497e+00
8.102886761218375256e-01 7.140954450984706714e-01 1.045125527384085151e+00 2.214459986261661406e+00
2.949021367257028903e+00 1.659007006168395637e-01 2.175076103250495496e+00 1.555163057904018098e+00
1.741069479728328151e+00 5.199231156793957531e-01 1.062638114613738249e+00 1.381388665397075277e+00
2.786595223254511922e+00 2.941798847257002691e+00 5.087998241873089578e-01 3.127377089779789898e+00
2.375636059945620993e+00 1.473073453329212912e+00 1.043822715472894735e+00 2.998768387728857274e-02
1.929153829541992993e+00 2.805600621004276096e+00 5.692335287562809709e-01 1.901296673790805691e+00
2.510002883689483433e+00 5.990449601437926042e-01 3.393667259060664798e-01 2.838318123871491405e+00
2.421961826687962560e+00 3.101175859683410252e+00 1.408865878465586308e+00 1.167849939841258733e+00
1.133364632084777668e+00 5.290437040640157962e-01 2.396844224320847372e-01 2.486645518945244770e+00
2.928429216253029654e+00 2.819886343769653525e+00 3.275857000890815551e-01 4.366525245358416907e-01
1.762770587766693708e+00 2.877838763866213956e+00 2.720410767034163513e+00 2.712883110305147394e+00
4.300566342288756894e-01 1.316440585985942491e+00 1.677268996793747524e+00 1.240977999170691071e+00
2.681945835645953569e+00 1.657988723238781770e+00 8.165990506203458787e-01 1.730093113930112336e+00
2.873220799436430606e-01 2.412356498985376518e+00 2.335570969167209743e+00 2.515943561882519663e+00
6.894743560888724199e-01 1.959908784976638119e+00 1.474090395093115458e+00 2.765731161216541167e+00
9.931518936456783520e-01 3.509008976344410446e-01 1.913001213856892146e+00 2.333528954097407127e+00
1.580091591797207484e-01 1.082504748202548051e+00 2.311169691862701381e+00 2.644099243035507918e+00
1.436999962880345816e+00 1.402686454195349208e+00 1.866412139836034045e+00 6.540184442557810118e-02
2.795247822894088685e+00 1.254776485476645664e+00 2.257394338081891938e+00 1.714348508355346246e+00
1.261397631682033005e+00 1.829340122441597272e+00 8.562194166913817961e-01 6.524796868781332360e-02
2.742248020806994369e+00 2.564810352944956406e+00 1.581635211494095916e+00 9.448247142334830206e-01
1.365446197458705102e+00 2.836672162610601511e+00 3.538587267362997557e-01 7.216233383208776608e-01
9.900441340247323474e-01 2.097736747106732302e+00 1.096645399676615895e+00 1.163038968529614747e+00
1.346684649805428347e+00 5.157108307985013296e-01 2.991996252447990834e+00 2.455733679539922942e+00
1.112129270000295767e-01 2.525940727308878309e+00 8.402124014536169749e-01 1.383272498148932383e+00
4.339428333511924363e-01 2.184091143075027830e+00 1.669180415897502767e+00 1.709771059090722689e+00
9.122797254684689161e-01 1.008977642818271736e+00 2.926003890855356726e+00 6.986418913814185228e-01
7.998801940528357246e-01 1.196064955285593534e+00 2.812677623853952813e+00 1.536248045582731647e+00
4.402453753058681585e-01 2.189208237468946994e+00 7.650403285274186282e-02 3.034672475278432646e+00
2.964063413560807714e+00 1.332455710836072615e+00 1.815147187687429220e+00 6.721796010727973947e-01
2.198270482042718743e-01 3.665592131893460337e-01 1.784588651643020940e+00 7.762841588600493115e-01
8.931207889982595294e-02 5.731535665961257076e-01 2.248750183849075324e+00 2.061759816795452060e+00
3.128538953551065482e+00 1.091220249813089849e+00 1.788100000224759567e+00 2.580712811452702482e+00
1.592813273723855172e+00 5.465186112971864157e-02 2.248073241938687961e+00 2.686214017078841998e+00
2.890817959242564683e+00 2.416637259072052402e+00 1.235705624185256646e+00 3.103176313218148241e+00
1.609224885821331608e+00 1.341771771686855352e+00 2.204390530004488369e+00 3.133231220722559662e+00
6.732281589650395137e-01 2.197726891839171692e+00 2.688022932647671670e+00 2.136513435058190247e+00
2.662839270869917119e+00 9.556031016439467396e-02 1.016690260988506012e+00 1.573861863760078306e+00
1.791876187210454496e+00 2.572102715684366214e-01 1.404736549766848697e+00 2.599552847731379401e+00
9.450436985885997399e-02 1.909092942602090281e-01 1.862873262149011833e+00 2.682340858650197557e+00
2.595545932794211641e+00 2.662716772715097768e+00 2.354757136480692292e+00 2.971011879120305288e+00
2.513532413136347898e+00 2.888292061622807494e-02 3.146282353615882654e-02 1.603568037013199943e+00
2.185138752235251225e+00 3.423117726706761399e-01 2.253992263377549765e+00 1.314850932933284700e-01
2.446248776076458853e+00 7.386480104818043957e-01 3.767278642756373697e-01 2.449187621452959096e+00
4.834498812230274001e-01 1.751069243702648492e+00 2.098216972506242506e+00 1.466813034514268033e+00
1.032502688935539092e+00 1.483174628616772184e+00 1.422779577921405580e-01 2.974818096963180114e+00
2.288848868362710398e+00 8.469492231023512119e-01 1.011113576608436260e+00 2.842544140187708290e+00
2.589606619781621433e+00 8.793991064982215056e-01 5.638391231213605304e-01 1.592593253015740729e+00
1.627608793169323276e+00 2.159571539423066344e+00 2.570518504295994155e+00 7.658025680335656116e-01
5.018035578156279097e-01 6.084084574796938538e-01 2.218982360126473985e+00 2.787355958592116156e+00
2.615601350777920331e+00 2.909202775313581402e+00 1.207374868571303272e+00 1.580446868489011614e+00
4.257861074612198649e-01 1.843133444092309448e-01 7.973166904362155583e-01 7.675017496229076253e-01
8.650722602432930897e-01 1.859588492952320538e+00 7.295006954690116396e-01 2.710415764069778799e+00
1.868790627681595318e+00 1.837056783061596921e-01 2.172893407293061241e+00 1.349579890985367125e+00
2.095951169212446619e+00 7.144283201388593740e-01 2.145499208296872684e+00 1.448687682422711731e+00
7.757317425633190877e-02 1.286070285948605507e+00 2.566097950640306102e+00 2.423673790984974263e-01
2.306233342913496465e+00 1.495953403423052386e+00 1.784332519350454727e-01 2.144388857009654092e+00
2.618130294645633072e+00 1.376915441129197060e+00 7.765946855597519738e-01 2.141830153636817613e+00
9.658872002545637603e-01 1.840439292189066101e-01 1.154023028596907752e+00 1.213291479135183426e+00
1.907636610612913897e+00 1.105361386320462103e+00 2.680351831393636086e+00 3.159814320415134659e-01
2.875809856235064910e+00 2.942059381267167151e+00 7.836828215893246741e-01 3.051152590686589505e+00
2.296208592668264714e+00 6.089550988532561604e-01 1.648085458324021646e+00 5.366910082933431525e-01
1.863721524058571166e+00 2.992119216867633824e+00 2.568754547664198640e+00 6.207964563533229230e-01
1.930638058413745917e+00 6.795392045783467116e-01 5.071748332966909967e-01 9.517953342088247837e-01
1.972182178299334288e+00 6.353929149345148852e-01 3.112869608673237920e+00 2.560367953980769329e+00
2.859718418477839919e+00 5.812394220195890027e-01 6.424569544357803252e-01 2.864469781264795678e-01
2.342771982971184386e+00 2.805053900597073380e+00 2.426715331957685517e+00 1.157904030889460145e+00
1.253917535301563302e-01 1.350416971702729452e+00 1.177742297846464004e+00 8.350394121385372737e-01
2.810887234809333890e+00 5.195065319172034179e-01 2.179511371442405920e+00 2.939874913826580727e+00
2.056662539038853765e-01 3.125800116446699750e+00 2.167151117132927851e+00 2.018362825562355134e+00
2.226060933004493148e+00 1.387556706287016439e+00 2.808030859064379658e+00 1.467332662750236105e+00
2.088188742915538576e+00 4.346674432390386089e-01 6.405119512822613492e-01 1.376748463416319845e+00
1.676612938856395785e-01 9.309946769778667530e-01 1.592886764368131258e+00 2.806781355530281186e+00
2.866480172023015083e+00 2.104763251296217330e+00 1.721940080141892704e+00 2.278026148258847527e+00
1.896374649226421960e+00 6.012897759782117602e-01 3.635130878260064979e-02 1.084368932060626900e+00
3.052159306307559383e+00 1.554942475835190963e-01 4.050286423215137543e-01 2.268589130785241714e+00
2.813312161044265736e+00 1.580420399925100083e+00 2.056478937483897873e+00 1.705126619206550176e+00
1.013608564871089968e+00 1.546775416928131808e+00 2.711254936267233351e+00 1.576099227902008515e+00
1.309912012298485973e+00 1.363693725448365646e+00 1.340693325718670392e+00 2.015279617624808228e+00
1.616715893011154925e+00 9.501137973027574679e-01 8.679218872412227670e-01 5.902553993255246212e-01
2.190138292889557636e+00 2.836372624645727480e+00 2.622572210134745507e+00 6.794236694551245570e-01
3.156931781129501680e-01 2.635455523861838234e+00 2.688869115126044096e-01 2.406130357361248695e+00
4.894194572455014547e-01 1.242115011812422676e+00 1.657086154596030259e+00 5.415601599710294645e-01
2.552638324274413950e+00 2.646136907884942158e+00 1.086115905902927281e+00 1.393252311549040279e+00
1.361337533201393279e+00 1.180035523735924796e+00 2.164912333940858802e-01 1.826981191994204057e+00
2.442479508448879066e+00 2.913015134372471504e+00 2.733243261108424527e+00 2.458134619773885365e+00
2.385698221450174739e+00 1.775416335695110259e+00 1.686136908671358015e+00 9.163952532176372623e-01
2.230960693853049293e+00 1.786116760631020872e+00 8.850533056302718471e-01 7.829040422389942355e-01
2.489830559446638780e+00 2.844015753159047311e+00 1.235272679791072692e+00 1.291294254517177720e+00
4.658622870325454524e-01 4.849798782701182920e-01 1.651311164830824518e+00 1.803387134621842636e+00
2.098421360621505194e+00 8.826447521608683511e-01 1.662068163963084988e+00 2.931367125700916176e+00
8.784427765718962056e-02 2.617322866109748070e+00 3.279923605744766157e-01 1.391794321181259564e+00
2.176778991960536480e+00 1.227649167079923442e+00 2.667594028670048800e+00 1.388151152875709116e+00
2.602553355652312828e-01 3.802945735397395000e-01 5.070697186234522924e-01 1.064566034221474888e+00
2.718467651786693917e+00 1.671620479449218877e+00 4.916725195590829212e-01 2.156501603318558669e+00
1.600205418446254857e+00 1.215102096868151266e-01 2.752241966273055951e+00 5.703808976338137215e-01
1.130910528586058339e+00 1.893925575477121426e-01 1.194251713201522902e+00 2.416808625537008037e+00
1.038047704002197147e+00 1.161383630467547612e-01 2.339669277513823253e+00 2.186266113099613495e+00
2.270057774038703791e+00 1.183968379375643254e+00 1.405121458458832961e+00 9.507437416235680061e-01
1.269218355546682719e+00 6.597703929427944924e-01 2.649263402328598360e+00 8.974318794936915200e-01
2.012053204397562300e+00 2.951319134969421665e+00 1.446831936725012646e+00 2.070219489081746911e+00
7.435488679640274157e-01 1.545422815838967345e+00 2.669521852995304645e+00 1.115611247499949110e-01
2.837995009670552626e+00 4.983276246099227480e-01 2.648097351598816651e+00 2.488943397696010251e+00
1.957639480046861724e+00 3.842832621720531638e-01 2.965819949930758259e+00 1.605231162695319735e+00
7.971114099861112967e-01 2.889659382404816235e+00 1.644148545945307349e+00 1.776242723234448651e+00
1.468174600584464251e+00 3.132022329434125840e+00 2.094269172147086966e+00 2.133355335069670733e-01
2.045347977113726845e+00 1.328340006766153270e+00 1.187854955198280438e+00 1.473751266123335124e-01
2.945771721579852898e+00 7.720180429033324243e-01 1.312674295420298787e+00 4.438660159950369444e-01
1.608841464550248457e+00 9.421042584567360656e-01 1.432735475310501050e+00 4.108980342692137855e-01
2.646994998274694755e+00 2.491546630139094276e+00 3.964808817500323768e-01 1.679311467341987774e+00
2.882550315644041294e+00 7.847284306260799980e-01 1.982720789314242893e+00 2.883458939751486927e+00
1.122003479085320388e+00 3.063988581459739624e+00 2.006954767458622779e+00 1.006082708742313425e+00
2.037075929857726786e-01 1.108783672706362688e+00 1.586625141553639207e+00 1.851273106825428894e+00
2.337973914425815813e+00 2.016079407648260879e+00 9.366132891868668153e-01 1.902291683869598238e+00
1.549582456527163421e+00 2.399903055996400969e+00 6.578042219095042720e-01 9.763810149941288818e-01
1.539851313999063054e+00 1.561976593818950251e-03 8.272073345568052849e-01 1.390470482554232445e+00
1.655816613737606025e+00 2.543924333173743779e+00 3.016283349503735334e+00 7.687866261082749730e-01
2.794819256326643409e+00 2.710622952060818047e+00 1.525142171054605811e+00 2.585414637549144357e-01
1.958495067483279339e-01 3.650586240677692329e-01 2.651975508297398587e+00 2.467101058246190970e+00
2.352604880549367561e+00 1.407705886954723651e+00 1.212221631481052164e-01 1.337302931374724002e+00
1.444337110045566863e+00 1.982703850980369387e+00 2.231681563653039380e+00 2.057292535465209848e+00
2.329289177849354520e+00 1.226511108399403582e+00 2.139018832202577158e+00 1.585473057341193925e+00
1.634931252984802796e+00 8.558162165593932169e-01 8.412529931008114192e-02 2.997622491148920876e+00
2.926306174989240283e+00 2.928917228649064786e+00 2.136905141229926031e+00 2.631973986454398062e+00
2.030409677772202492e+00 1.878664422062513495e+00 1.855121116458569253e+00 2.149702473468868558e+00
8.778494722634160811e-04 2.270865797577207967e+00 1.395435973568206034e+00 1.900659822095085216e+00
2.129107844935694160e+00 7.227222856222061953e-01 2.283427377121648671e+00 2.391086227714755985e+00
2.350087541329230756e-01 6.950260214358231492e-01 2.779394730803678826e+00 2.203548285848327737e+00
1.584213897008705629e+00 1.667475436629444197e+00 8.819860963747115923e-01 2.533523405048387467e+00
1.230438025733518570e+00 3.069169726517430252e+00 2.703125014818914096e+00 1.458165081952997044e-01
7.573215331148397400e-02 2.283286518021959477e+00 5.587671731682627430e-01 2.422894718741861020e+00
1.439802731623633703e+00 2.885266979963287515e+00 2.388390666020856035e+00 4.925527978115922800e-01
2.673219855310917659e+00 7.688698962013879035e-01 2.284837448223453471e+00 2.464156003085460789e+00
5.479257571835816076e-01 1.813327686637590475e+00 1.252702486584923003e+00 2.389648766636006894e+00
1.667670581876397495e+00 1.214152585456248712e+00 6.754353945823015071e-01 1.688567082710433764e+00
5.256536818262833588e-01 1.315099812745316177e+00 2.417055982961186178e+00 2.149447366517951430e-01
2.004685432087783159e+00 2.505770861665355675e-01 6.315157891640005294e-01 7.908077554581256774e-02
1.134477924455749243e+00 2.218270055124124340e+00 1.297346822217087414e+00 2.037760920042444926e-02
1.323688965528783568e+00 9.099264437729730481e-01 2.488945197550199051e+00 1.049342521287467189e+00
2.472875897397031508e+00 1.956250652819308877e+00 1.083434170828994958e+00 1.245107981205370917e+00
1.506626106943988130e+00 1.397174350136616061e+00 6.124394028337554197e-01 1.454733771648691887e+00
2.428212896569145407e+00 1.665103869091770106e+00 2.128152814997442466e+00 2.635923009993736077e+00
2.889121420908964843e+00 1.420126758149504509e+00 1.251132728433508756e+00 2.670226536015072316e+00
3.011087080352730094e-01 1.155165529172956562e+00 7.513184889243291753e-01 8.820416556570308264e-02
6.334660322942819999e-01 1.841075451030057319e+00 1.932302740476800729e+00 1.765774990953478119e+00
2.737837533067445150e+00 7.142488889817670827e-01 1.020462452477451487e+00 2.493820131608291746e+00
7.369447829915396486e-01 1.969047101786842502e+00 2.300910603042746416e+00 2.641864981861080874e+00
2.871006697509953298e+00 2.076967164513609188e+00 2.210670847626943214e+00 1.287850325747250890e+00
8.118897676799001761e-01 2.385404500340998712e+00 4.540252281633073150e-01 1.078639334422036855e+00
2.091410001664051777e+00 2.052617704787842001e+00 6.323256568775841302e-01 2.458594298552253754e+00
1.721141631302896435e+00 2.727347431099732322e+00 7.778141438186912948e-01 2.967488861580996673e+00
1.002023963627170833e+00 3.001956895344514709e-01 6.888476639377706379e-01 1.031878863422261983e-01
6.131469429161550133e-01 9.723824263775801002e-01 2.689776027780396372e+00 8.705996999406153680e-01
1.416440942785405221e+00 2.974306463003063339e+00 9.820414973665803071e-01 1.315433106016612730e-01
2.758376626693068268e+00 7.128951331850930107e-01 2.629856370859595671e+00 2.266772978416601969e+00
3.837679159881312030e-01 2.527406186439042468e+00 2.796040572689982184e+00 1.509080078728627816e+00
2.803638976132542648e+00 2.605462697538257100e+00 4.726746735612657457e-01 2.423997711326691673e-01
2.657055534075742020e+00 2.454394429523280685e+00 8.415022541363401665e-01 9.212458722419722759e-03
1.398154490014607232e+00 1.602296901877628688e-01 5.140306699241813382e-01 1.760038975648349657e+00
6.982077681524798685e-01 1.862224036642297076e+00 1.375553431922205139e+00 2.415668361823355426e+00
5.679905285344193366e-01 2.190669477651132624e+00 1.145613658932932433e+00 2.050769678944881935e+00
7.533837792149221668e-01 2.554814651375395762e+00 9.269511889597639165e-01 4.560407496891605295e-01
1.164676213527961801e+00 2.931572758886485275e+00 2.939296839041019904e+00 2.941586205459982839e+00
3.088366623033343306e+00 2.507098516469425054e+00 7.721329513443824233e-01 9.402944228765324208e-01
2.379817425369111505e-01 6.915096792003196102e-02 1.885100278276238051e+00 1.462187222354758953e+00
1.898338708810931807e+00 3.377313409092176921e-01 1.428448574468789367e+00 1.329002755823985860e+00
1.382443037694141896e+00 1.114736749409146022e+00 2.197298960122056499e+00 4.145912815029887538e-02
1.052274704575956621e+00 2.885421443121007901e+00 2.426295025260476024e+00 1.125105571622811995e+00
2.601559371182574854e+00 1.932715716846538978e+00 5.146000070099748802e-01 2.882854190770739455e-01
1.320636252590655202e+00 4.273057948130157269e-01 1.092376694492908751e+00 2.637083490770944838e+00
1.011353530555129554e+00 6.852758614331778964e-02 4.969929237639515024e-02 2.651412202562809295e+00
1.317264140098259206e+00 2.440231732548677535e+00 4.351410344851859291e-01 7.835496374467351144e-01
2.815347071609856311e+00 3.086500242106353209e+00 2.930338740785232154e-01 3.096266555687998245e+00
2.178319616980105788e+00 1.757546657691444469e+00 5.508044741112620990e-01 2.284082063662154827e+00
5.659134201141866605e-01 2.718000513862111056e+00 1.801985343569194820e+00 1.939540273136266313e+00
4.697517813519201668e-03 2.247336574760448791e+00 9.159211488718335681e-02 2.413158487201279012e+00
6.788773202674159846e-01 3.123362720402342863e+00 3.082881120359838079e+00 1.660191489267474063e+00
1.807241975503582010e+00 1.163492737231840213e+00 2.548055593349171755e+00 1.125070145633186192e+00
1.547134381416056081e+00 2.444494194921900565e+00 1.028456015776846727e-01 3.031566606035629885e+00
2.437908852852103792e+00 1.777046081911046294e+00 7.743535740897380393e-01 1.619014159999943470e+00
1.956024063966248727e+00 1.033341594835349042e+00 4.709458729662514553e-01 2.160345298866004349e+00
2.544163423404108282e-01 1.793315635966246990e+00 1.825108692870126781e+00 2.296837158248989930e+00
1.156687234784907536e+00 1.284729454808751559e+00 1.580742154517240206e+00 1.329205644542326148e+00
8.088153333189372907e-01 9.302889390681933213e-01 1.746513267096405864e+00 1.915113682042079990e+00
7.851457348180407303e-01 7.867672309640797446e-01 1.748883838683942482e+00 9.030586054996264656e-01
1.404968374656900609e+00 2.817828755841673694e-01 1.797898657460268168e-01 3.024220450037309771e+00
7.788037713072926138e-01 2.633163994383293627e+00 1.600124061987209467e+00 2.857427198776854582e-01
1.731856344505145806e+00 1.594263104069064019e+00 2.251467816169542058e+00 9.415358070495107867e-01
1.717896810075237646e+00 2.233280211351110545e+00 2.707874907549953747e+00 7.653170266524164100e-01
1.179014962351983220e+00 1.479759922752348356e+00 2.026170935023724251e+00 1.661955656920924396e+00
2.665355090116595438e+00 2.001066209021586939e+00 2.467473856947042243e+00 3.309209312175228623e-01
2.358137924166256116e+00 6.226793308789124737e-01 2.665156388837105261e+00 1.068921680512691541e+00
1.900233171090410789e+00 2.559844743210422102e+00 1.334990141371273364e-01 2.452805508131826517e+00
1.058078963966636726e-01 7.027312844753745846e-01 3.259499705873170616e-01 2.993204921354697845e+00
2.596188421911429511e+00 1.597674582370621765e+00 2.159621895328835084e+00 2.204503772097123893e+00
3.935365950191839768e-01 2.347994139015054493e+00 1.111975611803398323e+00 2.156649950347208633e-01
1.482039428699703842e+00 1.732916418282842930e+00 2.395141864918543195e+00 3.090029047298103460e-01
1.409495833260647535e+00 7.389912063248910146e-01 2.632493960663683907e+00 2.396533037763124985e-01
1.476854690433152983e+00 1.520123919950950420e+00 2.512154643440080104e+00 1.637953070344256190e+00
2.260344515841117286e+00 2.713674116667171177e+00 1.456139983717688491e+00 2.609439349129211827e+00
4.914511082731318758e-01 9.437109513106088921e-01 2.775237010217352029e+00 3.412709496631212702e-01
2.977965919567233666e-01 1.329515371627882248e+00 1.382475764278675134e+00 2.817796582527686500e+00
2.338991850498127967e+00 1.194347035171797605e-01 1.122894887885538706e+00 2.998503652605705838e+00
2.194977595144628424e+00 2.412240768025999849e+00 2.105938348058820964e+00 8.244589273711421668e-03
3.074995533603522291e-01 4.425110260334630397e-01 1.956159634468370934e+00 2.091515300143644396e+00
2.457915200213399043e+00 2.734335942231171934e+00 1.309069721175171175e+00 6.054954959918563695e-01
2.508609078930382097e+00 2.075624226457124522e+00 3.141000537675934901e+00 3.081460689552455445e+00
2.949064034830320757e+00 2.560131541690952250e+00 1.425359805747828945e+00 1.850696717393690571e-01
1.867887055707671551e-01 4.342266329692510696e-01 1.601063919968181537e+00 2.505544258147910597e+00
8.058855123967259004e-01 2.013030955648580811e+00 6.553576087600433420e-01 2.016521519552191055e+00
3.959367299316649547e-01 1.899709734760328672e+00 2.856467209837205701e+00 1.006778815629053803e+00
8.819803097778817769e-01 2.276399316347299084e+00 1.710384702161673820e+00 1.739422993041824350e+00
2.686104591273499764e+00 2.754348696690149811e+00 2.400346685511228095e+00 5.066688918405537478e-01
7.880759353798072464e-01 3.642012072677173751e-01 2.401966816788462022e+00 2.483956687355923787e+00
3.012307571832774755e+00 2.625700532721849001e+00 1.681498466406891268e+00 1.245817912635229119e+00
2.637767774039028623e+00 1.010321785221208968e+00 2.789800746521795105e+00 2.186280702540590148e+00
2.579551171388017594e-01 1.804557557631778941e+00 1.360010311669744620e+00 1.509345826411242486e+00
1.368846923705284491e+00 1.535122040069506477e+00 2.379367107914944324e+00 2.622516151747839697e+00
1.666917938013701583e+00 1.673888290061059214e+00 2.742959382308239658e+00 1.449582397684432422e+00
2.661238400424529527e+00 4.157243215736399211e-01 1.642224920209090855e-03 1.510587798217750022e+00
5.152829279763746495e-01 1.664981643570412340e+00 2.756824603956821829e+00 7.957410886838844899e-01
2.277013896567446682e+00 3.899888433970996604e-01 2.087634848861245063e-01 1.819300779967133463e+00
2.098066555371735475e+00 2.037269144155316791e+00 2.132425987086399743e+00 6.245644880047476200e-01
2.514544824002626466e+00 2.464386734832779258e+00 1.002295292194234966e+00 1.254987665601947855e+00
2.892481674361910837e+00 7.562258127027119414e-01 2.525912333165555079e+00 1.092787396999776339e+00
3.067128470366530024e+00 6.094190170456075251e-01 1.581896800943055625e+00 4.912637663062230375e-01
3.798383795250846462e-01 3.293928088922653541e-01 1.235743718796248336e+00 2.444671867579211622e+00
1.382503817237579868e+00 1.311656539604774796e+00 4.577614847546155330e-01 1.930681869116545046e-01
5.697127781905499955e-01 4.688455685564220099e-01 6.900957592564166410e-02 1.137399512191614059e+00
2.653991561174623079e-02 2.528872315989592057e+00 2.915804191495964481e+00 2.091956109660145224e-01
1.929761634341616627e+00 2.629039707160478301e+00 9.151032755272153763e-01 1.257237089994508006e+00
2.996003338487137846e+00 1.107281542533624208e+00 5.181616791067376049e-01 1.953507181804395865e+00
2.830592228652341280e+00 2.447320981929731243e+00 1.583416292419893345e+00 2.217828461981385668e-01
1.032595820170513878e+00 1.791736430758039400e-01 6.520764364771984845e-01 1.349073644863825860e+00
2.793908580135580078e+00 2.424189576243319433e+00 2.842859625746695151e+00 1.088396459435785779e+00
9.680874990155181603e-01 5.196952269406333175e-02 1.032225049994726307e+00 3.041400428229985575e+00
6.486031985262709076e-01 2.510612224242761759e+00 2.554885703092422133e+00 2.558170582350236089e+00
2.276863703235592507e+00 2.769250211447333854e+00 2.116714057581839281e+00 2.453163518347779792e+00
1.955992947006611304e+00 1.093000423122862247e-01 1.069343946813556961e-01 7.962955157151152541e-02
2.421056377022738459e+00 1.013080115679985127e+00 5.025800783585995107e-02 6.792672454739062671e-01
2.775604040795084604e+00 1.140737409849637451e+00 1.461118772850802383e+00 1.762256172243454877e+00
1.227484161183763245e+00 3.284038717279130770e-01 2.719394898180599096e+00 1.603777661338446237e+00
2.311835460120366559e+00 8.818958921054457223e-01 1.565743995374437869e+00 1.913398201476371963e+00
2.055423893141932634e+00 4.113853197609648737e-01 2.814714780382989723e+00 1.217012389141727935e+00
1.646729794620571230e+00 1.034362577285678819e+00 2.950674862759246064e+00 1.491500298112174550e+00
2.892761581610249433e+00 1.150762622224441811e+00 3.066148242340106300e+00 2.584996700874580444e+00
2.990433050406803961e+00 1.662684854147908675e+00 2.333525801544431566e+00 1.479751590724285748e+00
1.847166937251734531e+00 1.632492290997386242e+00 1.221042895575925602e+00 2.700444173685555338e+00
7.433293356368371185e-01 1.572192808087657268e+00 1.921842055794393156e+00 2.136824807479958732e+00
2.584749519721744271e+00 9.578075032273548894e-02 2.395419444900372508e+00 2.902029966855829812e+00
1.887758714071197663e-01 2.856227315589576321e+00 2.276444431648174227e+00 1.106971543686232184e+00
3.560028688343749304e-01 2.453439847470247348e-01 2.700306077084686507e+00 2.522426718307522631e+00
1.842556415523541657e+00 1.818987708790573032e+00 2.316922401106576768e+00 6.868992754832542458e-01
1.497143276893378450e-01 3.510769726553981257e-02 4.341186829059534014e-01 1.670329813185434498e+00
1.675120955100079412e+00 1.547848228230726653e+00 2.273224434274677463e+00 2.188619550791017776e+00
1.429942913599197007e-01 2.923541412330163514e+00 2.140629590046267683e-01 9.164077166804045493e-01
1.515087141282426053e+00 1.225097470718724990e+00 1.019639630323135315e-01 1.300571367727519467e+00
5.812434723460569996e-01 2.513596017024420703e+00 8.171894484507149503e-01 1.746776014505715624e+00
6.334244994129190065e-01 5.520610257242746233e-01 1.898279536283304481e+00 2.495719129458952690e+00
2.015982238442382835e-01 1.834979807674620211e+00 2.766586387614477172e+00 1.307457451458087005e+00
1.796865885333693846e+00 2.125998329423276267e+00 2.324831246559612374e+00 2.227917755412472278e+00
2.138989723131770937e+00 2.631420550092075761e+00 2.246539989125304171e+00 3.696864511418520016e-01
4.765587916927424561e-01 7.501062225675978468e-01 6.777716606209820416e-01 1.255122036992336820e+00
1.207903153167068977e+00 6.995848884856047389e-01 4.012025514814986926e-01 1.751208944165568937e+00
1.200042779848928820e-01 7.556823799728835077e-03 2.619639975127865394e+00 3.019545265142207668e+00
1.283664149904872653e+00 2.633978447878834395e+00 2.098876508411774200e+00 1.773000066579136336e+00
8.296168108327770518e-01 1.834231447196747133e+00 4.053451421977205538e-01 1.150439347163003528e-01
4.771780357211639623e-01 1.852160379126079448e+00 2.497175135396200840e+00 2.400484671439774065e+00
1.148643257563486841e+00 9.015873641896943180e-01 2.927830768182903665e+00 1.762173790488482883e+00
1.397642101300877737e+00 1.414732015813861266e-01 3.097172223656791790e+00 9.838728703699594069e-01
1.320885662954703221e+00 8.228845528979368273e-01 2.952477376576042811e+00 2.329806818620776987e+00
4.901639076278216378e-02 2.036746245328078686e+00 1.822250264127813768e+00 3.060603162968935642e+00
2.329873845150474132e-01 1.956636985719638622e+00 1.097360946398070913e+00 1.888450553207330129e+00
2.072097372693706419e+00 5.899198839327802757e-01 2.798673617604012787e+00 1.915085656563790151e+00
6.990051211850111246e-01 2.761593221677197452e+00 2.418014258607190381e-01 1.617102798310792178e+00
5.240024083553338485e-01 2.810208335153576265e+00 9.691824002728125498e-01 4.693587471425157420e-01
1.519675063682885130e-01 2.027206605257577454e+00 1.741250180428230321e+00 2.350653973314115408e+00
9.019834593611122386e-01 7.184510476065421036e-01 2.589076401244467807e-01 2.925930328111009615e+00
1.671195775051814936e+00 1.749693090101118509e+00 2.359840458436870847e+00 2.125198316745617433e+00
2.930128240903782544e+00 2.151853313250458921e+00 4.470382639916863909e-01 1.300436711915706534e+00
1.628257071027894298e+00 1.192342497410086244e+00 1.448904274215763399e+00 5.595867354434245211e-01
2.545184571691121445e+00 1.919963677272101821e-01 2.587472687142304384e+00 2.158293889770344975e+00
1.334973881727727685e+00 8.824975393408078517e-02 2.377522698479134000e+00 1.750166843440784659e+00
1.220741903691525909e+00 2.461629570020711810e+00 2.865252108017204868e+00 6.028656980350629579e-01
1.421544797781741920e+00 1.160479349883626776e+00 2.305495842258993289e+00 8.548043509967294673e-01
2.994450763878896637e+00 2.994098870703129300e+00 1.646817064950200971e+00 2.615458472934513612e+00
1.788343410321826310e+00 2.308768420181680270e+00 9.628227567206958382e-01 2.782718704162998158e+00
2.186456284465536193e+00 2.049408550482958447e+00 5.596258707286653200e-01 8.473982962297728072e-01
1.021398016953410259e+00 1.795539933232366936e+00 2.045869938114459607e+00 3.110139704404060179e+00
8.744303438141158846e-01 2.384793717026264748e+00 1.937943668735333802e-01 2.909264165196964846e+00
3.837330574423953866e-01 1.479009672029879763e+00 2.996099284767524407e-01 2.435525529917939025e+00
2.311846471762609934e+00 9.611943848937499757e-01 9.781971329023133599e-01 6.447194003530143380e-01
2.774295344437012201e+00 9.555899926352400264e-01 2.684623352142925246e+00 2.456094775566231903e+00
2.151333348806472312e+00 2.813926332902536576e+00 1.087982046660227908e+00 1.572598965118191972e+00
7.820736613491751088e-01 1.393281826408267587e+00 2.783540219752941858e-01 1.182247783765921767e+00
9.861179880290340538e-01 1.386970001416119702e+00 3.130361373594235275e+00 1.363886350355409505e+00
1.511671162480840325e+00 2.562259960616853349e-01 3.418139095534437621e-01 1.249237317666668012e+00
2.649894563231310674e+00 2.794052323189607279e+00 1.809911530878969832e-01 3.077650818367689833e+00
1.084449084370682437e+00 2.499303809976455071e+00 2.114528872754368294e+00 4.444529548493050264e-01
1.429262046398098729e+00 8.329427023897756355e-01 1.295869059916040789e-01 8.958186662230801511e-01
1.604863868915476832e+00 8.786327605999613155e-01 5.365985375732549301e-01 3.052983792242884853e+00
2.316832072791747521e+00 1.141666234972566141e+00 2.114379691165843234e+00 2.370522574604362331e-01
5.699649647844391431e-01 1.572094534684670863e+00 6.963116768639550092e-01 1.211752819678182824e+00
2.745479248299275810e+00 2.447250782478810116e+00 2.447083295337762199e-01 2.909861351140929919e+00
2.512149346794712468e+00 9.140816505058326769e-01 3.012263040563558203e+00 2.383327877954569907e+00
2.163592799531971700e+00 1.397282841731009584e-01 2.779598624073347235e+00 2.450870023341037651e+00
1.496635334496455361e+00 2.807778515924798768e+00 1.747923315919712506e+00 2.741923158546469175e+00
6.033425771148542838e-01 4.771527645890552005e-01 8.764871118458172905e-01 1.092172699614066378e+00
1.703234878233319538e+00 2.012345582109038578e+00 3.380402441358821841e-01 1.602249160017207574e-01
3.108875000193108473e+00 1.564740306488775268e+00 1.183147363750602366e-01 2.166767734881060559e+00
1.340277449220572681e+00 4.792699419019696983e-01 1.781965912595609991e+00 1.435079108757337130e+00
2.437008597747015504e+00 1.908645369869122366e+00 1.897194995001543649e+00 2.500200261594650808e+00
1.463693486492443352e+00 1.465287375155602367e+00 4.248659381674125268e-01 2.049913631806911329e+00
2.729621670581828141e+00 3.056358410904861933e-01 1.451164754593180728e+00 1.085212589149059381e+00
8.352088591018350661e-01 1.061909978552622924e+00 1.985018593078337279e+00 2.759778891398959377e+00
1.678020669008235766e+00 1.921782459885427397e+00 3.234978080398048100e-02 3.089648602581299919e+00
3.181080125822202676e-01 9.467641553675966160e-01 1.929425380237719700e+00 1.258931371207284045e+00
7.874976962431307070e-01 1.462300872931519446e+00 2.424493719778950229e+00 2.222603724792775459e+00
1.794435634690513925e+00 3.101093310939951664e+00 2.862762129467345318e+00 2.609586441036280124e-01
1.772364347915430072e+00 2.080927720880707987e+00 2.286971311480284097e+00 2.964091846291645460e+00
8.571057843947224031e-01 1.952861813491699738e+00 2.914421885991975991e-02 1.975633129949927902e+00
2.986016152708474980e+00 2.936832562912087830e-01 2.714077111557700484e+00 7.957804246733625464e-02
4.542125254187590055e-01 2.649484330072599647e+00 2.730579950898643915e+00 2.378534414253715035e+00
2.476635506937086451e+00 1.375483432160000408e-01 2.012648394150467479e-01 2.568315187591559301e+00
8.656179496968172682e-01 6.343598883088378271e-01 3.870894581773986487e-01 5.680648977111958375e-01
3.049832744912621685e+00 2.167573900851673230e+00 1.475294083707555215e+00 1.407124012684452197e+00
2.338141713892456952e+00 2.033482674402847135e+00 1.069825654187375852e+00 1.098452435166164948e-01
2.662478522914690338e+00 1.833397589471860434e-01 1.835972685067854382e+00 2.902241732409798658e+00
8.136243942417589192e-01 9.373241836632824064e-01 3.042241232128752859e+00 2.375176731435001631e+00
7.253284601546080568e-01 1.006678405008420540e+00 2.634371708803462830e+00 3.135494006076072537e+00
8.964972341805643730e-01 2.646841314047527760e+00 6.359221476000869178e-01 1.891195510138300673e+00
2.128671560337975499e-01 5.296194792883390789e-01 1.312493033633170381e+00 2.532739075868273737e+00
7.146683192011400454e-01 8.882444051165727661e-02 3.086884113186047607e+00 1.932037638530022861e+00
2.379015321168206576e+00 2.754675705938247066e-01 2.513152996549100848e+00 1.958446184318129779e+00
1.205342891738967248e+00 6.956536892227842550e-01 2.331081639208188783e+00 1.493301554489624650e+00
2.623711244571242496e+00 2.047408462863192558e+00 2.525459747934615251e+00 8.110604047745537670e-01
9.896561230633250661e-01 1.960966201839487555e+00 1.555541423291321390e+00 1.862643037922505407e+00
2.373544704422376750e+00 1.008975081875053137e+00 2.581328642197485923e+00 2.817909757734135212e+00
4.065385497333796616e-01 9.933650954478251416e-01 6.116398572470170825e-01 2.711286822300279731e+00
9.327609795312946650e-01 1.805212720576800489e+00 2.974718607290093519e+00 2.057625196318912053e+00
2.408367216551981382e+00 2.939652040306686004e-02 2.556288708843514890e+00 2.673417222394883996e+00
2.713568314154270578e+00 2.606921523954317976e+00 2.888943974230626655e+00 3.004773302367622190e+00
2.635236819487677629e+00 1.692573377737348894e-01 2.738926817306149619e+00 2.680383051770482528e+00
6.909495258115190275e-01 1.883873321343093599e+00 1.720593067201694915e+00 2.676393944219738863e+00
9.219423383784997039e-01 1.617238541947127795e+00 3.126707470537329669e+00 4.454750349909622487e-01
2.815225851391383483e+00 1.729905518901649675e+00 1.074937674341060578e+00 2.295768625917835593e+00
1.096392171154130901e+00 2.179167032159516904e+00 1.314122365031564987e+00 1.860166643710477574e+00
1.218028533109718925e+00 1.458411902658421244e+00 1.175061063182657461e+00 2.316496524215464703e+00
1.725322473820910751e+00 2.538389166396981533e+00 2.271031312151071957e-01 2.604564898680465923e+00
6.904945964332944719e-01 2.217543097250967765e+00 7.965649671306580526e-01 1.208528425653022431e+00
1.836884570414240248e+00 1.922933276996110274e+00 2.263143006019125103e+00 1.083716044774278409e+00
2.847224050674179274e+00 1.580523335083721115e+00 1.537040213019902068e-01 3.136535681832098188e+00
7.418715892992762129e-01 6.521741807485085252e-01 1.961098658479071721e+00 1.822546694729763495e+00
1.207229976085539835e+00 2.676745518093722964e+00 2.977836607321888263e+00 1.272447245784386061e+00
1.362548909723834356e+00 2.410635958850681604e+00 2.788679826372906678e+00 5.151699805664447518e-02
3.009650118882150505e+00 9.584412123837674491e-01 2.496055777286965593e+00 2.976582903944163583e+00
1.807020284922766340e+00 2.756748695662520454e+00 1.261062023365230322e+00 1.886579342988986552e+00
2.912741862099483381e+00 1.625427321351722965e+00 3.120427086169614769e-02 1.180263595345226291e+00
1.417141829169405454e-01 2.015033476877813090e+00 5.384039332793911781e-01 2.119071244138508892e+00
2.418826829458849748e+00 2.005942020348863430e-01 2.257421496327201460e+00 1.795210130539411475e+00
1.301028147996410533e+00 1.325893039759079850e-01 1.381789992640900522e+00 2.948574527215137131e+00
5.242718336718420469e-01 1.130184243461663351e+00 7.684364874928948375e-01 4.853375024390913506e-01
1.991765594673849948e+00 2.900921980202042505e+00 2.280388857061746766e+00 1.013318093703380329e+00
2.802915849877341881e+00 9.728166314061781686e-03 1.744180789691486932e+00 2.761303933821762424e+00
1.613228412669586997e-01 2.705383921837271721e+00 8.637225246600671591e-01 2.527179324650200343e+00
2.495225002959205352e+00 2.367278398777961090e+00 2.363089676909543524e+00 1.860349191907557431e+00
2.017369525090312310e-01 3.889805556365827366e-01 1.642542119561155811e+00 8.104012359685573985e-01
3.824483046035917488e-01 6.516863951091846907e-01 4.644308896615879090e-01 2.907042442078027200e+00
2.262149494739724709e+00 2.956119019345763821e+00 2.452392281032407251e+00 1.367598103247782193e+00
1.281074125167307731e-01 3.028510605775460718e-01 2.340798340287485874e-02 1.116203420609137353e+00
2.772859724039104634e+00 2.781708057213450491e+00 5.886398042277123377e-01 9.849185244781171189e-01
2.722086173018632760e+00 2.978748402056488498e+00 2.729264213797642835e+00 2.020414235720748852e+00
2.707438183480651572e-01 9.114928747455867120e-01 2.364460661232300698e+00 2.711432712414405088e+00
6.881595980531995949e-01 1.448628400302959029e+00 2.264626204678846566e+00 6.735046586215435171e-01
6.511656764173721079e-01 1.752515489891436129e+00 2.334633351616870911e+00 1.945759464026896257e+00
1.940636535853403011e+00 1.343890569470616470e+00 1.233427259867826697e-01 2.958702902112135380e+00
2.842831698138680085e+00 3.120593303162348953e+00 4.063775750485055377e-02 2.705249579298502738e+00
8.261836469383995185e-01 1.904232180909539718e+00 1.904177171014170167e+00 2.363147557712110547e-01
3.001398983016562827e+00 1.758229055128577023e-01 2.693538702313657662e+00 6.263178046748376637e-01
2.308461382481452162e+00 3.120767478144871543e+00 7.511161728772521862e-01 1.143307202901953978e+00
1.347150520875403767e+00 4.362416886811884553e-02 1.864229570210910403e+00 1.263845588428546884e+00
9.626256048353724060e-01 2.639832200333518397e+00 2.334676971570841530e+00 1.256224726542183090e+00
2.335506032866332404e+00 1.185104613711297050e+00 2.974879503808710801e+00 2.259167360613977937e+00
2.909790169152008499e+00 8.248880954022153045e-01 2.503045401408273474e+00 1.427746574930695012e+00
2.253173220611259797e+00 3.085213514188104078e+00 3.049320707915536666e+00 1.006826161435058653e+00
6.239233882255801333e-01 1.090875569542659962e+00 8.734913371529599013e-01 2.057491547925349717e+00
2.997859212792931327e+00 3.889119435686771431e-01 2.589479285712571688e+00 1.635714514602672753e-01
1.438050553677023835e+00 2.764863501617234043e+00 3.073386447159154766e+00 1.996042647834278982e+00
1.222186278435185569e+00 3.343057084925115108e-01 1.266625678379778241e+00 2.261004072022238187e+00
1.689113871794400534e+00 4.142805658188397633e-01 1.970311036963687812e+00 1.108406540418495068e+00
7.862555367091784708e-01 4.650351357646947958e-01 1.352282003018297152e+00 2.861172311854669470e+00
2.635169826368069401e+00 7.696071381339324169e-02 3.040994821950697702e+00 2.301562607995490950e+00
4.816146030847892612e-01 1.156874119644472731e+00 2.803733364786184179e+00 5.554561179535967286e-01
3.076978259772984448e+00 1.730099050494641855e+00 1.553797760853541821e+00 1.286554846060064428e+00
8.401964413722589065e-01 2.383736437183225476e+00 2.101576639878632857e+00 1.660343261733572939e+00
2.977030954237399829e+00 6.110144057806869700e-02 2.861959695243411428e+00 2.931944539306403641e-01
2.140465250550168896e+00 3.330317081675537305e-01 9.786348727101588096e-01 1.322994755536349043e+00
2.524435463509169253e+00 8.256666969420403124e-01 1.574105735121094085e+00 1.367196874511498628e+00
1.988326887759176653e+00 2.824630439139084181e+00 1.874986732880121743e+00 1.816407981346815248e+00
1.346997598214963454e-01 2.094342635277846310e-01 5.013623734708222424e-01 3.079255242254594016e+00
2.809756132018941255e+00 1.042717454529592969e+00 2.497399342317703219e+00 5.748313385914529672e-01
8.002183441266950970e-02 2.352523795991665168e+00 2.154508420489879228e+00 2.206645199001895652e-01
3.203806744738033618e-01 1.754606791643987140e+00 2.167304455912143268e+00 1.667492834247763511e+00
1.896205022956140684e+00 2.468475027617817119e+00 1.639369071373233400e+00 2.478103135696955395e+00
1.724490576056818325e+00 1.567762575131980807e+00 2.972204215251303058e-02 2.803105705243934764e+00
7.835344430955941686e-01 8.592118903148233677e-01 1.278724565325160212e+00 1.721846917473249583e+00
3.854436269516383490e-02 2.377202924349524071e+00 1.613491357975895157e+00 1.028041584672062525e+00
1.337259055215364700e+00 3.100316153813035047e+00 1.071514675085721402e+00 2.847989869495550982e-02
5.228981331619630968e-01 1.386888218282125163e+00 2.333499390970759535e+00 4.144369670489097407e-02
1.941331850620904520e+00 3.097015652673882347e+00 5.760835079503658918e-01 1.367086266239667447e+00
2.646042847123978969e+00 1.278370547583256078e+00 1.567572323978761117e+00 3.089694076586963156e+00
1.304462090554429077e+00 8.401395889080817136e-01 1.765075470708453997e-01 1.326658248098538051e+00
1.271659659587632163e+00 2.673949340348225512e+00 8.837409289171751503e-01 2.903097100751965698e+00
2.161997285581745309e+00 1.174405657351816235e+00 2.229611935424620661e+00 1.989129986013615348e+00
1.999379645550825868e-01 1.130716024555335764e-01 2.978147454174883801e+00 3.125413018415725830e+00
5.903272520264887246e-01 2.748065296018336934e+00 2.498089816957858478e+00 2.411340576664986468e+00
2.198627104536134969e+00 2.041835787400763991e+00 9.531657259174098895e-01 4.804010925541359334e-01
2.661457710637398666e+00 1.799826517188786168e+00 1.649200152617069204e+00 2.064932491319719343e+00
1.867508623459749995e+00 6.921787636436036451e-01 3.118754872200643624e-01 2.223725694380815909e+00
1.244319954513221305e+00 1.571993454648416000e+00 6.073083462195458249e-02 9.289623943498993563e-01
2.331034743585945979e+00 1.427593318136070266e+00 1.721141555550141033e+00 2.858763658089763737e+00
2.434665266237558967e+00 1.016582154773861602e+00 5.126965419417874870e-01 2.562494504068285828e+00
2.348470664920648265e-01 7.535491970649381699e-01 8.525480122425629359e-01 6.167407688041016689e-01
1.597323054311960755e+00 1.808062105177196788e+00 2.250986506614981675e+00 5.990943662869555597e-01
2.641366709703178106e+00 2.445688233640880949e+00 3.006440399858569368e+00 2.319956451894699345e+00
1.484490781824557182e+00 1.408145364345071149e-01 1.311515325251042530e+00 1.836001708584415582e+00
2.007726539378170916e+00 1.265377386090324352e+00 2.387776851331756767e+00 1.791198582834993003e+00
5.728449036723659571e-01 2.626241444154533866e+00 4.916361003302364141e-01 3.136480866916366850e+00
1.386288687736727809e-01 1.809651888542049836e+00 1.414334867812761631e+00 3.256717611602393814e-01
2.191150217208264639e+00 2.273929591844231268e+00 4.884751886245066177e-01 1.265499291870825493e-01
1.738298605235325311e+00 6.300817451066239583e-01 2.350867241625357096e+00 3.074297768353405402e+00
1.864602109091215987e-01 1.513459260562411424e-01 2.212460892689222192e+00 1.964748292385737560e+00
2.851006791424873565e+00 1.852837268411493765e+00 2.874014656606002749e+00 1.065176626666108906e+00
1.574198074175972906e+00 1.433428431159562200e+00 3.319835926718341934e-01 1.727451623329486985e+00
2.030778504172269905e+00 2.611770317483386172e+00 2.362251812280416807e+00 5.244360916402286410e-01
1.821645242647628837e+00 5.924325794096470255e-02 2.977006649116074044e+00 7.174381021919893353e-01
2.498317109450409301e+00 2.613658706423491740e+00 1.572901941419298844e+00 1.794032655170330282e+00
2.804435518834526242e+00 9.150257903853373787e-01 1.678034301899439029e+00 4.443098015882424590e-01
1.038331568160063334e+00 2.081267580563536335e+00 2.811731976327006333e+00 2.578514304667744117e+00
8.914914371578900321e-01 3.996317007795550103e-01 1.429170890133285798e+00 2.517794062559224777e+00
3.985407926767551845e-01 7.908576725321964096e-02 4.971522052665291458e-01 2.498258262327129220e+00
1.944557592153649317e+00 2.492697962460940442e+00 8.133566418371904194e-02 2.383828106408716549e-02
2.241672662865767940e+00 4.632861544771187806e-02 4.522163563734273306e-01 1.057870734318853811e+00
1.666699664127252234e+00 1.967461265756980104e+00 4.557112670627573303e-01 2.845576753968984463e+00
1.866396545868210355e+00 1.741127683293066664e+00 1.354992240607160836e+00 1.865251853535905502e+00
2.740687506201908707e+00 2.637351066197567984e-01 2.508218432099625694e+00 3.016706117421278588e+00
1.604199543891248192e+00 1.099121570601020448e+00 2.107570626364954347e-01 1.941429883962663361e+00
7.917480813487530744e-01 1.424243972053717222e+00 2.662733633634576158e+00 5.366604446292658759e-01
1.693085593437399172e+00 1.828970880623132622e+00 1.748750541110934975e-01 5.504395611386047049e-01
1.017459754486238488e+00 5.247414187788467244e-01 2.873491508336446287e+00 2.927043251232526733e-01
1.283997465871328236e+00 9.641070853467013091e-01 3.717820875283458504e-01 9.485142682271027192e-01
3.905283197082783375e-01 2.124350434159142598e+00 8.944002329581275390e-01 2.328293407619307587e+00
6.967416204167969918e-01 1.414920760808759503e+00 2.520725562021222999e+00 1.446361067457897776e-01
2.674909556451583015e+00 3.073990236167668311e+00 1.597093927225932353e+00 9.336490072052937572e-01
1.688883200458971778e+00 1.132392410319547960e+00 3.583343572791852227e-01 1.124321679669117446e-01
2.844207574920261550e+00 1.587202168411988357e+00 2.620132032109840470e+00 8.806253907962011684e-01
2.041139718695481609e+00 1.974369769444135059e-01 1.595627585088342126e+00 1.592334064728580190e+00
1.034809766781736862e+00 2.383938721616347678e+00 2.745371156312507388e+00 3.058853572892857642e+00
2.101501532932722682e+00 5.861805072821912876e-01 2.748513628224493743e+00 1.853659276377000120e+00
6.678892328337078244e-01 1.666844078512290661e+00 5.467072436787359102e-01 1.829491484523414258e+00
1.709891219926412687e-01 2.472520672376987347e-02 2.230265302468480648e+00 3.844596803689810938e-01
6.806373537986589728e-01 1.386700877602232707e+00 3.042433417668714224e+00 1.434055066711386939e+00
1.450465416534647778e+00 2.859164897755677615e+00 2.788449873019607228e+00 8.215680453778978487e-02
2.136834602948785022e+00 6.239640457661723705e-01 1.532015868888574106e+00 3.664204654099810776e-01
2.070472614845148662e+00 2.389654743852426932e+00 1.725800191470922451e+00 1.305625669828781810e+00
1.190139304532418896e+00 1.555959354573342113e+00 2.789554212374219411e+00 2.230068485747023210e+00
6.377062851805906929e-01 2.646571389787153006e+00 2.243386249976874414e+00 7.350750430669564794e-01
2.223497894473278891e-01 3.041906141937314345e+00 9.594280885000617820e-01 8.073759300309214515e-01
2.370423796290479945e+00 2.397693428731339615e+00 1.711085261101113586e+00 3.138839913667983872e+00
3.056501394498153945e-01 1.322008741581782942e+00 2.043590000932175688e+00 1.866661038485826873e+00
2.629675120705504687e-01 8.541375917533304829e-01 2.199780315594257019e+00 2.190662338056482472e+00
2.319045575079560884e+00 5.272898069887561601e-01 2.934372782434194527e+00 9.893470548742897552e-01
1.720210468417136207e+00 1.270262564629659030e+00 3.127601091215655327e+00 2.510741907784673099e+00
1.696620055070811706e+00 1.350007908719939476e+00 1.145105694602895241e+00 2.947706008849453885e-01
2.820650673332289138e+00 2.567873379902334108e+00 2.135873575230342603e+00 1.325838446340562138e+00
1.378609008121210455e-01 1.131745351900043772e+00 2.558684791015032101e+00 1.313964151667256886e+00
1.062633277078063099e+00 3.043405188638138803e+00 1.947120437077335620e+00 1.282537029143017593e+00
5.343620980425017875e-01 7.074425756294515644e-01 9.402591634341678217e-01 8.307831223302921675e-01
1.293754842426727558e+00 1.033676776583093204e+00 1.423552620059135299e+00 1.145349534217811494e+00
1.994026282915315251e+00 1.291930099684767574e+00 8.305428240152143982e-01 1.164085426597551765e+00
2.739310918184142185e+00 6.817829900179397939e-02 2.802602260889216268e+00 2.093553337329594477e+00
2.482014884365131291e+00 1.226046666552376374e+00 2.624880060609082300e+00 1.647086092558178061e+00
1.149623721744869487e+00 1.851556216142526301e+00 2.974350086665259241e+00 1.240323307154456156e+00
1.919619537999855519e+00 2.249841300827409629e+00 1.834996686134411359e+00 2.144972883949057552e-01
1.352232064865481975e+00 6.019156419007219982e-01 2.591655591406277548e+00 2.464375280689124370e+00
2.712829227775495511e+00 1.065320334245427158e+00 2.316867267852967260e-01 2.552539455122710965e+00
1.675285964330423205e+00 1.989102684483694761e+00 1.621081189024840219e+00 2.946637074212220320e+00
2.686996016640662344e+00 1.340928273233382262e+00 8.033133032449382149e-01 2.666295549990494340e+00
2.816814718728645861e+00 6.147719965962518129e-01 1.054655949260781655e+00 2.249136913568791307e+00
8.416995073291699825e-01 5.440330479797470531e-01 1.966872523810579088e+00 3.442611409737327821e-01
2.115678764643276644e+00 1.121111522827990203e+00 1.778442136012443164e+00 2.847245638250670119e+00
9.095742196019289683e-01 4.520087655376917035e-01 1.168891923091997631e+00 8.367211216030977228e-02
1.735169440172183775e+00 2.592605464738916954e+00 6.812837112369485304e-01 8.669074567137443621e-01
1.216070794159859858e+00 2.642063334671985508e+00 1.782749508487001533e+00 8.036563555785833923e-01
1.466770758052092116e+00 2.087967048329389730e+00 4.973643048087884044e-01 1.350594959005477991e+00
1.147294425635731141e+00 2.500122771988633197e+00 1.147050840069499200e+00 1.461688656375899287e+00
1.080045007701739834e+00 5.264564001498873713e-01 2.854865713871470145e+00 1.812742316190197212e+00
4.138300507457502442e-01 2.950346881581860981e+00 2.078743971897027532e+00 3.037602544404770732e+00
2.557612364653652826e+00 2.087285009982791539e+00 2.675910723022314031e+00 1.672152811404766570e+00
2.810137734829086797e-01 1.607374139018559189e+00 3.850457201102063798e-01 1.648913576520741442e+00
3.637855033991747172e-02 2.449589251203212026e+00 4.847361159199923275e-01 1.395858834520941283e+00
2.152553007564906196e+00 3.240174570955297595e-01 1.911226015466341854e+00 9.504811086057902703e-01
1.255299334650871623e+00 1.793256053352449308e+00 1.100603944501125975e+00 1.502668799559753632e+00
2.661627200623850165e+00 2.492531392656629485e+00 8.383914163346212201e-01 2.485804937299662121e-01
1.306706960054346611e+00 1.243084317546468975e+00 2.931161753658631852e+00 2.015028133519593645e+00
3.105065036204185169e+00 7.215065143551920857e-01 1.332009737525168935e+00 1.682634921633367475e-01
3.056805583012510430e-02 1.542855186747987828e+00 1.208709120056644437e+00 1.307787649566255928e+00
2.687333294563818864e+00 1.622489507434325740e+00 2.563494882682210818e+00 2.834259230424494902e+00
2.584561502636502084e+00 2.313310432681055850e+00 1.334071859643079838e+00 4.710145278730442087e-01
8.810712746120408223e-02 2.497266579664429553e+00 1.493868532190367970e+00 2.749806717057908578e+00
2.556206397776415340e+00 9.560322333645711046e-01 3.051965327569416964e+00 1.849972927277904189e+00
2.229982112510429992e+00 2.245981602621609063e+00 1.173391200794170031e+00 9.339067491663323173e-01
2.127551859580704807e+00 9.547697389400172652e-01 3.001247588995975546e-01 2.090783231764265171e+00
5.110576956389130121e-01 1.012989035853381958e+00 1.107766456405079730e-01 2.915282981664558015e+00
6.869970427318600192e-02 3.096171295104084287e+00 1.379419930237216763e+00 1.966927203368043775e-01
5.483760800278499881e-01 2.542377387697912106e+00 2.277492347034187681e+00 5.584252920204675341e-01
6.920994398411526305e-01 3.028562237621630793e+00 1.804587398050197411e+00 2.310149598808782123e+00
1.982631004358385463e+00 1.652364962883549726e+00 2.242204838814022771e+00 1.937275418747679279e+00
2.629094751409079278e-02 9.434765839109018892e-02 2.360215268955057510e+00 1.252302576351434382e+00
2.780107082817827369e+00 2.578419250205643110e+00 2.289676526737272622e-01 2.120905663307210087e+00
1.447639673749122391e+00 1.712991829413338163e+00 1.207454671397481194e+00 1.091847454778853255e+00
1.458800260697925788e+00 2.105125117319908590e+00 1.406637287666814951e+00 2.047721501281753120e+00
6.441466713552231882e-01 7.924038015815039193e-01 1.412423283375332739e+00 1.610055327715115947e+00
1.582458295595869924e+00 2.773123401517095132e+00 3.861660673128611831e-01 5.530467011696706958e-01
1.794606956638442830e+00 1.337860768495874320e+00 1.827954530483491880e+00 6.861639995488493238e-01
7.604577170238283612e-01 2.743179947195040214e+00 2.680377156916705417e+00 2.920145287194229056e-01
1.794629417350755318e+00 8.189756300626357399e-01 2.107115216635796762e-01 1.731656778594096613e+00
5.424560856947402421e-01 2.742563702583322272e+00 1.330231537355948346e+00 2.858585140604058328e+00
1.264655159368559545e+00 5.808284417381776032e-01 4.446968691227500270e-01 2.735124391782328690e-01
4.184251440331164251e-01 4.673961642421399221e-01 1.179470896926917867e+00 1.485612505977002840e-01
2.606136279023010704e+00 1.437823030089478982e+00 2.086362947229889020e+00 8.603763262111416843e-01
6.780569643493732368e-01 1.081724024177874499e+00 2.268476551496772409e+00 2.265829176391956246e+00
1.151081479309195910e+00 1.992875894080865740e+00 9.796842117298696362e-01 3.109538705482456145e+00
2.794867227354782102e+00 1.616301039235243708e+00 3.808740998693435631e-02 5.924878635202199817e-01
5.222819046516542496e-01 1.451877531506520880e+00 1.712794045299766310e+00 2.099386276018572417e+00
1.357260232750901130e+00 3.060840813076675992e+00 1.419496753116957777e+00 4.448776884969057321e-01
2.998901749749858681e+00 1.859240458242029215e+00 5.650708795340967372e-01 2.232675806555720843e+00
2.038745300917972347e+00 2.701431845004906407e+00 2.610316127305069234e+00 2.507742986191612733e+00
2.937763826143292345e+00 1.525870673460132630e-02 2.114933925615707366e+00 3.115298253165847520e+00
2.671613796549480835e+00 1.817225476777464710e+00 1.698961308734987963e+00 6.673035761326024939e-01
2.851599847241354624e+00 1.306168790716571715e-01 1.335550138996438874e-01 1.599646873409987125e+00
2.961066203214054227e+00 1.921734078464833573e+00 1.033901584413791097e+00 7.709658762859150638e-01
8.550768438125438964e-01 3.374102847356492130e-01 1.650941322018038893e+00 1.930938359676128924e+00
1.921380285480372763e+00 1.379285583872164322e-01 9.448283628341295204e-01 2.837824951885397073e+00
4.273539140296457872e-01 3.438409340824073041e-02 8.361183763393299495e-01 2.533511220334803582e+00
2.610319113411634917e-01 2.216761170384959456e+00 9.763798303776527465e-01 5.713124977979459063e-01
2.829818634264131827e+00 2.529823647457594138e+00 2.662472598173622362e+00 1.359154836435726210e+00
1.238149183273727250e+00 5.932203491670341444e-01 6.608411854760850440e-03 1.846288948249649398e+00
2.984689180423925947e+00 2.570865241288087688e+00 1.254371877172254512e-01 2.593121463003523530e+00
1.346537972536445471e+00 3.138906749242059036e+00 2.997088247464958943e+00 2.588880990125999482e+00
3.219671164167653976e-01 1.050486459124719690e-01 3.003515842669197244e+00 2.231333044183332337e+00
1.520213522286551600e+00 1.784519958609979140e+00 5.172730266754871353e-01 2.109771263317734569e+00
2.884897511736710385e+00 7.264625345256571221e-01 2.105610607198308504e+00 3.591257535305610871e-01
7.830430534986604352e-01 2.632272296171707104e-01 3.294187213360587063e-01 9.494393668349477844e-01
3.111512535666047352e+00 8.376927014825490125e-02 1.209108769651460191e+00 5.734058263224168783e-01
1.019142558749663419e+00 2.350871955750951869e+00 1.078693137669314295e+00 1.018313295095353954e+00
6.181846133741969451e-01 1.914749539484380314e+00 2.793970124314975045e+00 3.638884920422294500e-01
3.037849448852630641e+00 4.405905083929376742e-01 1.616293123496640893e+00 1.656012190777550908e+00
1.672112098481119080e+00 2.219053564439519288e+00 2.569772721603369003e+00 5.570231745577343407e-02
9.521529748006363203e-02 2.601599999987071143e+00 1.554942892932667853e+00 1.885732922976888215e+00
1.845330779723101333e+00 1.594875937019005097e+00 1.604534802303556607e+00 9.055707425638964692e-01
1.400993872491215653e+00 2.797229848554013021e+00 8.154384197913195909e-01 4.230305532141308000e-01
2.774578265654264353e+00 1.730939399855455196e+00 2.737979162513015208e+00 2.592884499751205496e+00
7.613030738717830870e-01 2.812977237508190065e+00 2.755272969752640133e+00 3.046597301587898432e+00
1.001763036025379527e+00 1.331946011263266394e+00 9.699313490165663021e-01 6.667760406373397508e-01
1.674950120139247378e+00 2.986466846194294700e+00 5.445743465102105274e-01 2.108555421840050403e+00
1.122324011698347390e-01 1.695539120140699740e+00 4.133336372084812638e-01 2.398929274890838403e+00
1.902764187198220380e+00 7.497658131227923350e-01 3.141271941985070981e+00 6.857529507477057029e-01
1.091507150470102605e+00 8.939016730721579540e-01 1.716876793118044198e+00 3.006478267728243559e+00
2.007583820523719531e+00 1.902657839016702879e-01 7.909618502277637742e-01 7.289021204897743189e-01
1.522564547360838239e+00 7.819194644136380212e-01 2.210493544847384140e+00 1.499468750542611861e+00
8.904101887651330038e-01 4.938293177141934720e-01 8.273281645714982702e-01 2.510526138365893889e+00
2.673052439714708850e+00 7.930757276628285224e-01 9.140492919359235469e-01 1.762835624288194403e+00
2.725690060754084598e+00 1.673102833270982304e+00 7.475914416428928178e-01 1.902076725717742001e+00
2.558552159227405642e+00 1.137294054603669835e+00 1.771231885847669218e+00 2.570605971572445636e+00
6.831592380432628675e-02 1.639279651197224297e+00 6.927398478327152498e-01 1.653007063795272735e+00
1.315689840060372928e+00 2.020749094925349265e+00 1.694901062980144479e-01 1.275707468372980768e+00
2.662509689021610448e+00 2.674341822807074553e+00 9.975989037924593017e-01 4.109110400741546321e-01
8.510494462853995801e-02 5.343496661609258291e-01 1.483098693340627605e+00 8.217536987081990041e-02
8.278860783712164162e-01 9.917040093036636472e-01 2.268713748963888666e+00 1.808165729375124542e+00
1.308565715542928443e+00 2.283612578567484341e-01 2.816169688667386484e-01 1.621858506509062492e+00
1.535804303924109160e+00 2.013266956546515996e+00 4.469759363320391365e-02 2.657018112356248185e+00
4.465608861643647898e-01 2.832080348542432846e-01 1.645071249188661433e+00 2.294279883104341167e+00
1.753020054416792040e-01 1.479257085259313653e+00 2.187261947481884405e+00 2.221460902510953517e+00
7.451766821555985132e-01 1.374781601687534049e+00 2.387634459382439900e+00 1.091186162342038690e+00
2.042675887804136448e+00 3.104052947964099918e+00 1.366399366481108713e+00 1.446335141320394813e-01
1.688800649588328540e+00 8.596773750767420230e-01 2.646892891674628157e+00 1.407878737880065900e+00
3.894787933027535898e-01 6.863050713720436624e-01 1.127190393020016446e+00 2.621567417531969646e+00
2.095946315385652792e+00 7.976245064218544512e-01 9.193711098121610803e-01 1.686142620791207802e+00
1.986191394265304666e+00 2.060596144051290324e+00 6.592335431492948317e-01 4.852297184898481941e-01
2.700195926988600448e+00 9.498071379347955423e-02 3.085425850564309957e+00 8.310142343174738988e-01
6.061375746614807714e-01 1.050592819144279044e+00 1.736627593842853479e+00 8.667271590457955588e-01
2.171571188466639768e+00 2.958138161520352138e+00 2.085776780421016774e+00 2.694939894716385176e+00
2.488917011019425640e+00 1.846647156888370001e+00 9.160673893334265738e-01 2.240333147651513368e+00
3.090734610017411121e+00 2.766428697601110542e+00 1.255522315700976055e+00 1.754017228169111986e+00
4.896143986227103895e-01 7.038841136973207624e-02 1.854975952753352031e+00 6.919634308902894437e-01
1.847845417184768302e-01 2.869153994519932915e+00 1.136286742231921387e+00 1.140683344837592150e+00
1.700144647977982038e+00 1.083656264776082123e+00 5.297116965770722885e-01 1.348374415675436255e+00
2.775048657863776747e+00 1.280520088635761500e+00 4.300837154932499184e-01 3.013294136102369958e+00
2.434063435350164006e+00 2.589940146957625533e-01 1.375913599796059872e+00 3.118197136906549094e+00
3.123707485189763378e-01 5.926302687913294343e-02 3.561659519770190019e-01 2.372870835003025647e+00
1.963843028221164300e+00 2.124214400661830204e+00 1.758687262429960985e+00 1.842433290143502767e+00
2.382954869042181123e+00 1.049838485559098755e+00 1.523278249445374488e+00 9.605961184301895495e-01
4.482489954332438686e-01 2.611269510720918063e+00 1.622730243084399004e-01 3.711819557537329728e-01
1.562143092817505075e+00 6.662313638554058504e-02 1.514033197578995793e+00 2.147606519755584920e+00
2.414930626298964489e-01 2.193499536749756285e+00 3.053673466000458525e+00 2.217711075963807232e+00
1.428006187889491629e+00 2.534790113887824159e+00 2.995121045682692884e+00 7.993620671871657368e-01
2.352757618693498143e-01 8.930922243428668361e-01 2.190653676691934226e+00 1.762329057099456975e+00
2.782302572649807182e+00 2.363591398989026260e+00 2.369579938338200353e+00 3.056987119953520349e+00
3.369922955490570887e-02 6.168116749476839633e-01 1.322497283606762775e+00 2.577995435726335494e+00
2.572442534973147232e+00 1.325221616324469887e+00 2.199807076151663932e+00 1.913419400465013812e-02
3.139055483915581757e+00 1.178231654018951025e+00 1.189414165652539435e+00 7.093180087567489966e-01
1.545685939538670839e+00 1.853373293379767972e+00 2.282702879926512107e+00 2.248661282258919591e+00
1.917890171769712548e+00 3.399139942604461062e-01 1.881371115293329066e-01 1.635172352564745912e+00
2.012171498525129110e+00 1.173930997792947337e-02 1.380390682613282127e+00 5.547868713757023729e-01
1.279883772758521887e-01 2.155415221507551493e+00 7.967137096375949135e-01 1.988075447505217364e+00
1.571668399910673752e+00 2.578449164766752233e+00 7.956030650650077751e-01 1.938920547954605444e+00
2.432961712557145884e+00 1.008084060134742804e-01 9.718439277528649889e-01 7.658867768484496352e-01
3.353263704122139699e-01 1.922869436676159394e+00 1.087643179425086037e+00 2.611153533769268620e+00
2.745092361088191879e+00 8.235639380097392603e-01 2.700774720113873872e+00 3.028211800792576014e+00
2.124820759913424340e+00 2.085452276171310348e+00 5.701220591555014039e-01 4.001802658165655724e-01
2.259446742974109412e+00 2.611262051868928236e+00 8.165247751713022167e-03 2.262956450892020577e+00
7.184786322506561684e-02 2.183212824442620104e+00 2.322716205709488335e+00 2.225289808916147027e+00
3.125663998747030714e+00 2.821675278275303178e+00 2.016727626389200889e+00 2.706445444767450415e+00
2.910782965384150156e+00 2.332608455616651089e+00 5.400209164666263106e-01 1.564307764175610016e+00
8.843127581766059286e-01 1.305279473548212055e+00 7.181656586361937489e-01 1.861501610398241136e+00
1.106500479342302556e+00 1.516796665227168051e+00 2.380878133921642714e+00 2.424971841162983921e+00
2.511590406295563849e+00 2.699809270758799062e+00 3.143903104129586179e-01 1.844899627519155649e-01
1.101713909265163993e+00 3.986064251933396640e-01 6.536174273500335863e-01 1.105875776788487030e+00
2.367858635193064831e+00 7.848183985771253202e-01 1.926775918306974811e+00 3.645466051518631012e-02
1.944180022502093597e-01 5.373654126437605455e-02 1.972242271782056466e+00 6.042966878073758874e-01
4.215332130750160666e-01 2.131352847122912841e+00 3.011362353063350650e+00 3.013248239956626273e-01
1.729096044593179671e-01 2.486306442095986835e-01 2.917525147210563663e+00 2.572195256687536791e+00
1.073693114339404397e+00 7.140601306483957966e-01 7.157365937377845218e-03 2.812758279537447947e+00
3.109815061079888032e+00 9.986063704602918811e-01 1.622661076332019725e+00 7.706670405727267248e-01
2.547410849852879799e+00 3.418357873023737392e-01 2.428263295788800402e+00 1.245496726690018319e+00
9.825089596419780413e-01 8.912858436250612471e-01 2.504829126700858222e+00 2.051865364504909195e+00
1.102212868456625833e-01 1.596582546523999335e+00 4.621409051361415332e-01 2.372587395189734050e+00
1.588374928320732460e+00 2.352243804922400372e+00 2.048556418294849912e+00 1.626588064860347682e+00
1.733206747099450107e+00 2.119696640601949511e+00 1.447162565184430649e+00 2.392238157541025423e+00
2.956714690079478736e+00 1.149474704763227884e+00 6.127177173223483653e-01 1.277222942978486042e+00
1.380853029343967364e+00 3.104180357924635203e+00 1.197301153429501941e+00 3.104978126237942337e+00
7.552343241749343017e-01 1.985162968062968103e+00 3.016047115955768909e+00 2.236870093077014232e+00
2.357024740575523580e+00 1.727266683561604621e+00 2.918122484255529336e+00 7.117771692230943081e-01
2.005876627740480700e+00 1.413499173494431771e+00 9.770825707695840467e-01 1.455035645017485280e+00
1.669944578629305176e-01 7.004303972296920255e-01 2.096036073996730142e-01 1.372732317081120534e+00
2.380737774410058849e-01 8.675003061716360930e-01 2.299836058642044989e+00 3.422817487095707323e-01
9.003275938936040612e-01 8.255144697331205650e-02 2.587380875357193855e+00 1.332863642471038279e+00
2.949472664099281882e+00 2.227846430476996265e+00 2.023591832588982342e+00 1.215535482365894149e+00
4.801523888049372135e-02 7.530131893787121999e-01 1.987146025880243139e+00 4.275570882578712539e-01
4.965045060281287337e-01 1.623069031320278910e+00 3.315668716208872852e-02 5.548676312816251954e-01
1.830543822185267899e+00 1.893917218508563538e+00 3.168572216383800932e-01 2.734628951245035022e+00
2.520287200465232136e-01 1.815225446771216722e-02 1.849912183085649975e+00 2.991525618064465597e+00
2.018869162850537524e+00 1.104815985900676534e+00 2.826624524969429508e+00 1.777171657363268764e+00
1.869529784582576237e+00 1.885990378725772576e+00 2.185285938326113619e+00 9.628722196723359383e-01
3.236117459980293876e-01 2.877337482976779270e+00 1.046777485007446273e+00 2.355024366455376050e+00
8.390532909231990244e-01 7.818711912933274943e-01 2.992577333975953158e-01 3.027419685792818171e+00
1.524490916153753081e-02 2.405242950144853342e+00 5.016323698527588304e-01 1.685020046609709166e+00
1.061858384272412748e+00 2.326369820700313062e-01 4.924564395516312088e-01 1.316056639077662682e+00
2.842867191008873640e+00 1.639062327628092230e+00 1.630111240976573006e+00 1.252948237649950336e+00
1.922135587958566649e+00 1.226522586614599231e+00 8.867798927407387621e-01 1.074010957364083474e+00
2.438906118006215262e+00 3.074811343919528817e+00 1.662770344450566595e+00 1.895316526184117611e+00
1.372683577438265967e+00 2.587674370179223970e+00 1.609667276266669944e+00 3.074110192728410240e+00
5.818719115097580052e-02 1.073453238082101358e+00 2.668120197831072904e+00 2.364105217672122006e+00
3.233257658484843811e-01 1.223623256727195185e+00 1.995272077010958656e+00 3.681637101676348833e-01
1.795858186164410952e+00 1.027803811697119762e+00 2.093981592190452545e+00 1.626835570658961672e+00
9.094056836444046332e-02 2.797128067904209203e+00 2.664204928662680660e-01 1.435957960474615769e+00
2.138938885003109025e+00 3.976670452205929851e-01 1.956979638193191873e+00 1.622130749872818800e+00
1.105632077645088085e+00 1.991148406009440652e+00 5.442127731591520634e-01 2.225246341581573084e+00
1.006760214282546251e+00 1.422775450288702448e+00 6.166718604815344396e-01 2.910351722766871596e+00
1.622312705629675111e+00 5.353619597630244753e-01 2.642420719421100905e+00 2.445813593586372736e+00
3.033731555632034560e+00 2.022184519638609679e+00 2.095534415409571860e+00 2.756874090350847073e+00
1.717881201100407873e+00 2.846264174624074883e+00 2.011963607196109116e+00 2.597127889815432633e-01
8.480507703900139749e-01 6.494245281721027219e-01 9.432416819026953059e-01 1.609708187071324570e+00
1.128516930026769227e+00 3.739575694543325057e-01 2.781800696005915619e+00 5.387335399254810087e-01
1.939766432452240119e+00 2.729406924999418393e+00 7.614748537864176603e-01 2.773236870279354616e+00
1.905545559133748901e+00 1.314936541028711270e+00 6.216621219023445999e-01 8.984146702369115722e-01
7.368750405287273209e-01 9.840887081842504269e-01 1.123989396220487658e+00 2.380394471590310701e+00
1.629576625799219691e+00 3.006443215960011184e+00 1.828388753117634824e+00 1.355058749916679073e+00
6.427072966058503534e-01 2.596844864075690040e+00 1.422490249671892526e+00 7.482172771862793947e-01
2.672745060522434546e+00 1.254792912130814342e+00 1.516633696996081859e+00 3.041298008266141828e+00
2.798234193964501237e+00 5.676983535495465638e-01 1.668115962066055724e+00 3.887796788468366183e-01
1.525604257193168278e+00 2.152905227134994437e+00 2.920730931453900059e+00 2.193631303296766255e+00
1.353927396377284431e+00 4.782159846016230120e-01 1.918598642396332821e+00 1.120773816948346102e+00
1.899868926996240770e+00 2.406822218832225038e-02 1.245064801916869746e+00 1.755834398554401599e+00
2.356004274422985212e+00 1.493024278342203859e+00 1.727059294274189805e+00 8.828706661728358274e-01
2.157340997501059066e-01 8.090996039457706290e-01 2.229908894211230841e+00 1.529584827113748213e+00
2.460984708104516916e-01 8.563250342573962559e-01 2.210888902795947519e+00 3.105144499040107586e+00
1.432953224049865026e+00 2.500145288737521732e+00 1.802762748553963679e+00 9.892627256576009831e-01
3.084554912172338792e+00 5.486642970001337494e-01 2.084589084440654716e+00 2.283592352761059541e+00
3.011251736007282354e+00 1.224069190268128660e+00 1.548605416708422444e+00 6.534953187888997705e-01
1.768685024598552813e+00 3.056505248671854691e+00 2.965498032336314704e+00 1.689775799765915187e-01
1.320213698576699235e+00 4.405511433777789532e-01 1.678090028205845963e+00 7.781875773316637712e-01
8.804825147308709132e-01 5.192700288019240773e-01 3.581291523776536923e-01 2.548341504897337462e+00
2.208763584419369153e+00 3.794605487771092189e-01 2.784509787257075875e+00 1.998853611192452640e+00
2.874964627279867901e+00 2.253926816791075094e+00 2.370457617990605337e-01 6.436419807858596576e-01
4.726660336014297803e-01 2.519996190156448268e+00 9.880511063132517702e-01 2.462712200959467523e+00
1.700235893791518960e+00 1.263134293518989537e+00 2.537375333339843220e+00 2.402280901146368386e+00
6.735980733492012984e-01 1.307545814105762094e+00 1.801828864534551489e+00 1.996686598523552902e+00
4.303231893771663347e-02 3.435405098134905466e-01 2.306238201857321535e+00 1.247872079006239421e+00
1.683245342333763439e+00 6.589204251195476258e-01 2.180874646682514406e+00 2.985083409935596510e+00
1.348704641029134565e+00 2.538622034977071618e+00 2.277594012192519557e+00 1.969524194037953313e+00
7.510759288188911809e-01 1.720328333671911070e+00 3.467875545042566343e-01 2.690957152736729974e+00
7.933880284084945389e-01 1.440288723269604221e+00 8.598540769256376448e-01 1.078299621276456177e+00
1.550891691955106344e+00 1.887243083846407599e+00 1.108509390650626258e+00 1.064735497002785136e+00
2.694365219168509018e+00 2.951048932179901385e+00 2.370124796299688086e+00 1.328282760223785663e-01
1.921792263079819651e+00 3.180537227369910069e-01 2.783184543210742934e+00 2.229829918293964486e+00
6.412919198255671027e-01 3.056547889483314240e+00 2.112738495392600321e-02 1.695603215125067509e+00
1.211199965990437111e+00 1.683064300744076203e+00 6.962428050760705034e-01 2.401895579492633104e+00
1.060997962343281698e+00 1.724260681275775697e+00 7.876871839918258011e-01 6.347641343309128326e-01
7.644672309502362761e-01 1.903262367380368802e+00 8.318455182866126840e-01 1.935251099625665328e+00
1.827702550826509897e+00 1.755225005392814785e-01 2.472605438184271698e+00 1.513197107601805591e+00
8.367778236187785046e-01 2.261334975162712535e+00 8.111050198794841348e-01 2.256682559229831408e+00
2.197789792911029494e+00 1.053110198394311192e+00 1.018180998216691613e+00 7.287838088424849481e-01
2.970429985188554944e+00 1.555714680214563161e+00 2.310636532105624585e+00 2.401105311399027276e+00
1.840058267738319042e+00 2.112072418953038433e+00 2.800147786664855420e+00 1.770642058879354108e+00
3.115987506999181367e+00 1.018902356776606871e-02 3.318489857574424134e-02 1.050893485472998101e+00
2.371618896722561320e+00 6.653803666385447180e-01 1.900889557479392034e+00 2.947274015956586890e+00
2.995197951416804560e+00 1.193344648225491911e+00 1.982288745653667306e+00 2.805116216434405452e+00
2.053181506819376612e+00 6.057686209841928182e-01 2.839495944064539756e+00 1.525542018299691716e+00
1.122243285014592473e+00 8.249941904175364105e-01 7.550517698774280584e-01 1.140678516791657326e+00
1.871108219564731945e+00 1.733194125717870460e+00 2.755619528834508447e+00 4.905321701677987645e-01
5.361666014987616080e-01 2.574620066553034547e+00 3.838867149095783748e-01 1.823107344976636623e+00
2.395757393811549285e+00 3.076349448590378066e-01 1.522225912826737915e-01 2.199540003397023824e+00
4.175631853359748624e-01 2.431639192269159810e+00 1.878215677885438861e+00 2.724797832775726292e+00
2.337093484816274103e+00 1.073902924378837165e+00 2.606490103077349296e+00 8.491137278925849907e-01
2.678104212697288045e+00 1.902549149271160756e-01 4.624016847827673304e-01 2.837654304259179305e+00
2.315763987581847871e+00 2.307543294197917483e+00 9.900764423154527760e-01 1.186274164061908443e-01
2.848160658387564048e+00 1.274028470289947812e+00 2.982236120578393379e+00 1.090366026342040495e+00
1.492388006967222402e+00 2.909857199625378588e+00 2.452000864398641955e+00 2.674053748987482937e+00
1.570706383909879600e+00 2.569755270853752549e+00 1.997691529064671734e+00 5.473892446713923832e-01
7.588859575648094768e-01 2.030820969822361821e+00 2.573955504210771572e+00 2.406177703511601873e+00
4.464622658340493544e-01 1.319444736224701709e+00 2.882019247335893652e+00 1.942509103255942726e+00
1.229793575936153571e+00 1.372501788228039699e+00 2.332087363131964963e+00 1.047136828843122647e+00
6.371608585809301895e-01 5.436123461071619145e-01 3.029065192993947608e+00 1.809137943261739156e+00
1.029193379697821709e-01 1.867826753770935211e+00 2.103175848254288827e+00 2.751005838783644908e+00
2.772806767274659467e+00 7.269667688619774193e-01 1.797825512319097818e+00 2.858579433145568505e+00
1.923342111705844903e+00 1.930852048906806784e-01 1.604292690489117490e+00 1.834626087341096889e+00
1.715254230893710652e+00 3.198597146460397944e-01 4.175845773246260051e-01 2.227930357389702187e-01
2.699744460537447210e+00 2.785808478655131371e+00 1.476119309800508317e+00 8.229983969466202476e-01
5.808907827405513924e-01 1.686390073971224257e-01 8.027059164770863342e-01 5.453244075619707587e-01
2.987069928808236075e+00 9.602301695843096230e-01 3.104730289394078024e+00 2.982316571189837617e+00
1.276398076280391425e-01 1.674775512385295206e+00 2.416518584047938401e+00 4.120944523879128130e-01
2.406251463597917528e+00 2.298400438406683843e+00 9.113850269692806982e-01 1.997180743740839981e+00
2.710130894877377461e+00 1.034455949807192132e+00 6.252660628851293145e-01 2.546457329003335879e+00
2.848926879330360595e+00 4.356392619870076421e-01 5.349214421852656054e-01 1.463733486271040496e+00
6.474499542305174327e-01 1.095655036231570900e+00 3.507497549035268891e-01 8.079309694037447587e-01
1.155581633320878154e+00 1.553396307814759236e+00 1.942879443101558801e+00 1.812886120812139401e+00
2.759155203625923480e+00 1.800351951596744993e+00 2.742933414132638692e+00 2.550680638601130035e+00
2.800024114185613477e+00 2.576275974223140253e+00 2.549099182119302753e+00 2.594711005424067407e-01
1.284660495126962454e+00 3.400811055491487211e-01 2.647388055366683091e+00 2.104420117122155709e+00
1.328540567672461981e+00 4.897860872437430069e-01 2.409295499787846406e+00 2.476470860952793895e+00
1.363846356833183782e+00 2.837296005918331421e+00 9.806536394980484017e-01 2.022401193987807044e+00
2.428672988346532335e+00 2.191993187346720773e-01 7.906590190714535282e-01 2.374774870828945339e+00
2.381528979965086723e+00 3.014674525992189213e+00 3.060019192496574725e-01 1.850373457472035188e+00
1.823695320228705619e+00 2.904795921292267380e+00 2.117101787954052960e-01 2.928334408994201166e+00
1.149806506062309858e-01 3.060732994278069885e+00 2.850067028066552766e+00 1.953588901533412914e+00
1.667884258209381132e+00 1.024454136384358449e+00 5.311347855970146581e-01 2.912004229804270761e+00
5.502982220616066122e-01 1.756183908491496248e-01 2.051865438087547844e+00 2.751686286148719240e+00
8.296772036747467327e-01 7.395038140450954645e-01 6.424265064842200612e-01 3.653480076308975311e-01
1.421376936076476083e+00 8.242527449001918471e-01 3.007246579058227454e+00 1.064337680787616591e+00
8.575856718324861294e-01 2.959818718183344188e+00 2.380417421431689995e+00 8.670707425526551493e-01
2.270346979635303963e+00 1.279576499720713745e+00 2.407394885258739237e+00 2.245798778361755677e+00
3.103782426751480195e+00 4.048538189334647264e-01 4.552806175995330329e-01 2.028705210772626000e+00
1.633096895456529352e-03 8.826267250376856888e-02 8.382359685086466783e-01 2.112544883996888834e-01
1.007897683128172461e-01 1.224064130214457036e+00 1.351570758250999038e+00 1.637889283208969760e+00
8.378106787840783332e-01 3.820517474991598217e-01 1.404535142266299275e+00 2.647657162188301161e+00
9.250861142646220614e-01 9.039244454923842098e-02 2.683078911421862833e-01 1.150532942812566350e+00
2.478880125660813949e-01 1.276714859619191067e+00 2.936973758811289414e+00 1.283292730158110961e+00
2.664765308889750273e+00 1.789811314436422940e+00 1.267118237615290965e+00 5.942254070229187057e-01
2.348653135552638549e+00 2.402911257680279800e+00 2.443755202488788747e+00 1.746921695774936278e+00
9.615347976789202500e-01 2.678398410860383994e+00 2.199235818214252181e+00 3.100802024779929056e+00
6.041828079226451570e-02 2.326741610415452577e+00 1.631061737883674256e+00 2.826552714594110061e+00
8.203660113391075814e-01 2.968141618533512549e+00 2.362149804726406455e+00 9.881080395181767173e-01
1.383158053142254929e+00 2.754977205695436360e-01 1.328188584503324554e+00 3.307841903733615974e-02
2.456352867265849671e+00 1.512153437471903894e+00 2.910860097346662734e+00 3.145026335873724599e-01
1.801175353962027215e+00 2.616600291166462533e+00 4.851453770413970967e-01 1.755909782934185481e-01
3.716373962229158612e-01 1.888334484660864288e+00 1.462725506841664469e+00 1.340673822364846668e+00
2.925320476440398387e+00 4.599611642767309494e-02 2.430517344145864289e+00 4.426244326321499556e-01
2.336854717197422548e+00 2.349424025402875316e+00 7.252506613042666306e-01 3.159596815891261290e-01
2.995492111382453970e-01 7.937487917622819689e-01 1.600141938157783716e+00 3.063161149655797555e+00
5.493124600697187748e-02 1.265880638966078831e+00 2.423127113202397709e+00 8.667298650179890984e-01
9.715649805809938311e-01 2.241827685492114419e+00 2.085048714735884712e+00 2.073258897133168244e+00
2.188317720046022874e+00 3.279030733009464238e-01 1.825252861472355548e+00 4.619930340235970934e-01
2.543103937644138668e+00 1.039289021067814067e+00 9.511994955954102826e-01 1.297967073997425835e-01
2.661130497526841943e+00 6.341387114178238527e-01 9.229337943511671527e-02 1.979091339550870465e+00
6.186485466786063869e-02 1.674996293474442510e-01 2.249549320273481534e+00 1.987563276150686287e+00
2.605921286945743098e+00 2.654185032267848854e+00 2.526771871995938052e-04 1.965475905783573563e+00
2.607350239784908652e+00 3.188758447791565365e-01 2.993735439894120720e+00 2.185093304190245611e+00
1.193732498982115642e+00 9.976695810491575944e-01 2.212418915770332006e+00 1.871195163448099219e+00
9.786569587024752659e-01 2.834423397163529312e+00 1.093304752810335012e+00 2.413422866135668532e-01
5.542025821041723921e-01 7.135598033844778865e-01 1.964451063342462112e+00 3.639374216262603046e-01
2.918753808499133573e+00 1.882789282066906322e+00 1.119911142922617397e+00 9.924849956523281724e-01
1.085769768840688654e+00 1.336507256201511673e+00 1.974669011521083872e+00 2.617672172201464253e-02
1.897772784650670452e+00 1.511881453124773456e-01 2.005683862552519070e+00 2.084602630316274574e-01
2.535749386115305981e+00 1.180750445616539190e+00 7.770265523983381772e-01 7.766038058524061816e-01
2.324902279285022910e+00 1.057369189268977661e-01 1.763712311306001146e+00 1.039701254837724020e+00
4.335784856781782493e-01 1.933335401169572920e+00 1.856360469726244133e+00 1.857251522842998437e+00
1.976871170674975087e+00 2.505679312209866616e+00 1.268410238703261639e+00 4.078578403784185458e-01
8.895963219883559203e-01 4.992530431970148563e-01 1.899804862032146435e-02 2.824293264673924053e+00
2.053169957636398646e+00 1.972844639547589318e-01 8.471224637449495942e-01 2.326716530612766398e+00
5.538014941451852025e-01 3.090000486414893555e+00 2.134718750972814938e+00 2.511178370440953600e+00
2.203935222066368826e+00 3.224761167854250377e-01 2.321904098461010424e+00 2.427036599564795338e+00
1.826337941446075419e+00 1.167195799740779139e+00 3.893353529517006723e-02 3.644772607249347485e-01
2.689584628957988777e+00 2.888513214900898518e+00 7.403333144062050897e-01 1.943765285240597995e+00
5.256642054196147829e-01 6.957923524329974185e-01 1.037812461674454401e+00 1.886845299643075347e+00
1.245876107864792637e+00 3.296357731534610425e-01 5.084640469214309899e-01 2.155397343590277903e-01
9.534610470057017784e-01 1.619449570904859970e+00 2.667213326616589608e+00 1.038213197448974778e+00
5.521846287081321192e-01 2.890320358395400024e+00 9.478156044201070385e-01 2.626554252459981864e+00
1.613515484710586367e+00 9.580751721211851202e-02 2.565187807400786113e+00 4.626717568818468351e-02
1.516287721828537993e+00 2.531726444359218231e+00 3.945167361601910061e-01 2.312249491597849982e+00
1.000040144461491698e+00 1.628821561467515666e+00 1.487121902768113069e+00 6.072886472422877047e-01
2.286290378549373781e+00 1.355428794475802334e+00 8.982684127858780315e-03 3.132192821033067176e+00
7.884567602848914225e-01 7.909080399330021827e-01 5.276201301303424795e-01 9.306689905972438392e-01
1.811481696721123358e+00 2.282557728838655375e+00 1.355298903153791645e+00 2.837721585933886903e+00
2.349190604003732030e+00 2.284571356911774931e+00 1.043441208866134451e+00 1.149318807062069236e+00
1.028405627521925103e+00 2.369609143573162768e+00 1.321174540613583581e-01 1.147579449048607536e+00
1.826601198950125404e+00 2.957851850431106655e+00 1.763150935322919999e+00 2.412345233535905659e-02
2.441744589918254604e+00 9.842931177407755472e-01 1.477897740368081525e+00 2.933264309692645622e+00
2.503759067679770745e+00 3.437987790787178782e-02 2.991925124073037345e+00 2.957152087952714226e+00
2.999723225862716003e-01 2.498144507460922092e+00 4.584069135073124968e-01 2.154730076218732027e+00
9.747667243700675055e-01 1.333241082038554515e+00 2.050396571958952308e+00 2.183556970271110842e+00
2.373468393608887617e+00 2.287741551306744725e+00 2.793488118631433537e+00 6.070726728421951268e-01
1.085667351311914164e+00 6.258382185094013561e-01 1.940565196427790073e-01 2.118991036813068440e+00
2.866325012199731681e+00 1.871233295429276522e+00 1.085373613339230214e+00 1.229870680742545908e+00
2.662692658801223633e+00 1.504058514478899156e+00 3.257637665690792939e-01 2.273476448219648560e+00
2.054389224963694360e+00 2.358018833605856734e+00 4.663904866567451513e-01 5.348517654776775432e-01
9.890651854802222642e-01 3.020085832619925803e+00 2.995641336031765967e+00 2.953329105889617168e+00
1.405522426549807413e+00 1.938610918811351613e+00 2.823551035025825495e+00 1.988426944780750993e+00
2.208637167871889406e-01 1.854982161364442605e+00 5.679838608798321031e-01 2.585968503483688230e-01
4.229137810403183484e-01 1.097805515823538469e+00 3.035694016885886803e+00 2.220683719618420149e+00
9.968758898153167181e-01 1.625364652669269105e+00 2.413854974431218769e-01 2.380150084520193943e+00
3.130417078251278573e-01 2.333768240872494015e+00 1.132267061078237491e+00 2.465515949551468022e+00
1.829593983566895066e+00 8.608930641465732669e-02 1.820665085093307933e+00 9.253115287048341298e-01
1.591187980424357828e+00 7.892540208309332117e-01 4.306676055090272182e-01 2.667072490327681678e+00
2.067958672025975275e+00 5.047811011242225171e-02 2.866390414066104952e+00 1.411501383562098200e-01
2.871755524416886196e+00 7.941826133535122567e-01 3.044974849443792486e+00 2.569596951954918662e+00
2.109892493925074941e+00 1.131205432706551411e-01 3.615037253377050841e-01 2.375325556725167875e+00
2.117507043925651811e+00 3.040549447295334939e+00 1.892113578274224439e+00 2.004114201171768084e+00
1.636495887615501355e+00 1.573489795045549533e+00 5.892661342108922451e-01 3.039930750902673839e+00
8.858992290754755805e-01 8.812440318164730391e-01 2.169284140941751815e+00 2.840516428151974804e+00
1.073917059754744940e+00 3.347686917794834294e-01 1.968698659450603072e+00 1.816986128712999138e+00
6.260276657807417426e-03 8.599994521042868545e-01 1.573781664854343676e+00 9.352829671877539441e-01
2.858437281948710940e+00 2.122148905442046374e+00 2.998972884716969434e-01 6.062272778296763365e-01
2.683492236523125740e+00 2.509521028436124013e+00 1.236448606353202306e+00 9.387927928928436749e-01
2.177579629167249564e+00 2.855832667954140702e-01 3.080313868555721424e+00 7.122875542170683527e-01
9.373182703459338461e-01 1.134227798975264934e+00 2.075895638320650605e+00 6.218638944638114063e-01
1.363613100816989387e+00 7.914508139089769800e-01 1.486345815098429890e+00 2.382418228269807425e+00
9.648117807961842374e-01 1.832431539711422142e-01 1.987217447923494085e+00 1.884920137046259825e+00
1.681165595149444414e+00 2.278212750575866696e+00 2.360403725369295547e+00 9.193432729305192064e-01
1.996525666492007467e+00 5.403741281976629507e-01 2.750119205702216796e+00 9.246505975831116331e-01
2.793338072291553953e+00 2.146050410497767125e+00 5.884063403461861075e-01 1.496741706141749562e-01
8.832166447547225019e-01 1.515204278199212107e+00 4.687669180336271335e-01 6.156831008672078998e-01
1.665678888737827323e+00 1.037131521983348570e+00 2.190336796171222566e+00 2.720791650857956601e+00
2.179837363274628625e+00 2.697883254899547278e+00 9.417345893715245442e-01 2.530163535578541456e+00
9.651151516812507269e-01 2.489023106551500941e+00 6.811979497461798649e-01 2.824428133368753091e+00
4.995927824168840958e-01 2.621288424272668838e+00 3.807441816192556616e-01 1.265026961045487397e+00
1.719668339494067499e+00 4.549263068626914763e-01 1.403058272484184243e+00 1.111460005021231767e+00
3.016847623383167587e+00 1.020405387957636023e+00 1.050364883114519587e+00 2.172007452881646206e+00
2.051688079903732032e+00 3.124463686972219545e+00 1.647691043015018231e+00 9.821076844828477981e-01
1.274801126471266421e+00 1.336981286910355005e+00 2.912535576033937090e+00 8.587746876274902075e-01
1.793454636159587334e+00 2.230474459040074464e+00 2.325710489317903473e+00 6.111162990831474628e-01
4.234825074326621364e-01 4.142260261730937310e-01 7.569625397046128579e-02 2.670981150446847252e+00
8.448098757619925125e-01 1.453508769858663952e+00 1.882579521271454226e+00 2.724812922198279530e+00
2.654233795632392034e+00 1.647189962507207839e-01 2.779135572771251450e+00 1.768898382115336787e+00
1.697222534300437236e+00 1.119333259886781534e-01 7.167734505489055108e-01 1.113368852156486066e-01
1.839996840728900240e+00 2.925164651978445551e+00 1.535395029068703510e+00 5.463446038212145250e-01
1.401913501947891438e+00 3.832908940756264982e-01 4.040333360722293543e-01 2.825054869488405007e+00
3.013396079449812248e+00 3.683087467644415858e-01 2.808881169941101485e-01 3.934498794318861403e-01
2.209404161446335002e-01 1.402512290291693942e-01 1.708967817890740593e+00 2.720929279310027926e+00
1.728235067771315192e+00 2.134512553754209563e+00 1.779989328126640569e+00 1.922565389868106767e+00
4.227125111881619990e-01 3.810177335209586902e-01 9.438434998751172866e-01 2.235455657511068672e+00
2.660310959434412315e+00 2.691575168346309166e+00 3.120455937671324786e+00 2.708423104529066094e+00
4.133326176229941695e-01 1.554076553880227918e+00 4.496401009250925590e-02 2.271601278923823519e-01
1.494238640224602177e+00 3.116769155086065002e+00 4.177018559221279403e-01 2.766513164158614035e+00
2.924731838429480479e+00 1.524059176775221847e+00 2.764664463676724360e+00 9.449620906788183117e-01
6.434032177972246469e-01 1.259241871884280717e-01 2.098829886225643537e-02 2.385926240766103490e+00
2.857077736376808730e+00 1.574515950753709426e+00 1.902878421537601561e+00 2.359359302299214978e+00
2.456415312050406641e+00 4.306033442568922287e-01 1.826203958562546692e+00 2.396790956679169859e+00
5.221361121090631885e-01 4.711951509661012616e-01 5.967901263492179087e-01 4.211357105520316946e-01
2.679011366325354526e+00 2.913933252286266651e+00 3.437303923428660091e-01 1.934470134382704654e+00
1.043357816261869297e+00 1.181914330807974922e+00 1.126183653478492808e+00 2.714910711955315303e+00
1.721151187120237402e+00 1.556653432018773042e+00 2.643696399182395851e+00 1.846349444659525441e+00
2.617837497827447457e+00 2.130249368814332467e+00 6.342204308249314026e-01 1.683576170789742310e+00
7.950923070382127644e-01 1.793579820366547173e+00 2.256562710757744394e+00 2.387676412946354354e+00
9.011853156368540008e-01 3.131599252633719299e+00 1.742071817644382514e-01 9.167318194583581326e-01
1.004836502396688980e+00 8.684633981318017337e-01 2.399930281525629594e-01 2.046945897967681116e+00
1.301455140737874494e+00 2.913436689733872154e+00 2.700395218994522839e+00 2.156027560686866629e+00
9.216526151500455954e-01 2.687790531062610899e+00 1.771323508890966236e+00 2.676148580837219626e+00
1.815345896073090604e+00 2.334060384703658730e+00 1.109369504867918355e-01 2.278826734368926132e+00
1.380113619527626456e+00 2.835353204749889500e+00 2.294157730141940799e-01 1.539885984552697984e+00
2.713975048989746508e+00 1.005401379411223761e+00 1.622837965061566967e+00 2.645053803481468346e+00
2.308577144607264930e+00 1.380602025285966539e+00 3.989259964120794866e-01 3.126264739435191231e+00
8.912773057319094416e-01 1.331528882346902920e+00 1.909413905367745246e+00 1.718468701376158370e+00
1.040095076434297994e+00 1.401686026134223439e+00 1.498448941240458021e+00 1.887131036285711438e+00
2.024534949956159346e-01 2.798031710457569154e-01 3.000661707609996398e+00 8.984134277749675768e-01
2.858253009481014129e+00 2.890831625377013658e+00 2.352918004070538416e+00 1.873471354734618899e+00
2.468590058391685951e-02 2.794481433321368335e+00 2.445864552585535368e+00 1.216556737216804684e+00
1.037956415371506402e+00 1.244679738626783827e+00 3.072601642190611493e+00 8.347425089618109029e-01
3.096392552998581849e+00 1.809596620631036101e+00 2.199138208003125872e+00 2.977275189170100589e+00
7.381027244101524554e-01 1.693554183178824779e+00 3.463722958801885854e-01 1.964193112709235356e+00
2.957079086619818664e+00 2.830074881956039956e+00 1.645873478858881356e+00 2.910795960192778420e+00
2.440950197071760641e+00 1.454140159576664537e+00 2.032115725790739624e+00 2.997356118578579309e+00
2.547592751494385688e+00 1.922648349329147299e+00 1.880332321537921736e+00 1.164833968701411093e+00
3.010850253667116672e+00 7.682313574985093485e-01 1.641541695230533060e+00 8.125192692600792244e-01
2.149236868745235007e+00 5.119482723375340383e-01 2.127086814180606744e+00 1.477352762315215173e+00
1.369846871425637103e+00 1.086217728306517305e+00 2.224678534098521787e+00 1.804477024574861810e+00
1.015596619996628425e+00 7.043248810506397284e-02 3.721171775599323439e-01 9.417038699958231174e-01
2.208042685132445726e+00 1.852026648828199118e+00 3.713427754263588509e-01 6.874350888150349004e-01
2.195474177728689469e+00 1.873151870362601334e+00 2.798296700184366159e+00 4.940812090629548847e-01
5.096920977331196312e-01 1.661361953146978654e-01 2.554450228830265512e+00 8.684519744019920662e-01
7.910219341879418664e-01 2.227959783088774959e+00 2.786388474101690438e+00 6.906698530163835059e-01
2.570286808672880952e+00 4.476545145765656319e-01 3.096446683533556676e+00 2.948482498805296004e+00
6.903165228860752567e-01 2.265558187591164341e+00 1.265885596775455202e+00 1.422507572160772282e+00
1.539212118841544186e+00 1.366526527216592513e+00 1.636520768801014603e+00 2.638080496597275282e+00
1.722995859042619315e+00 2.186074581813675019e-02 2.837239572268108301e+00 2.680449595560237430e+00
1.255069833717187722e+00 1.833972684589226576e+00 2.282063405831150416e+00 6.928903284518747041e-01
7.144577991370359982e-02 8.861770454401454167e-01 2.984450796691074714e+00 2.806719872494947587e+00
2.454094262648039759e+00 1.937793734725260730e+00 1.260719711638020213e+00 1.291390546366883441e-01
1.761242756433973655e+00 1.967768301053324231e+00 2.334249591543588132e+00 1.375432142646783040e+00
2.143390119314053432e+00 2.318567488154392731e+00 9.908647264405743282e-01 3.471156714812279054e-01
2.487622822893360841e-01 2.472579614413857207e+00 7.266414920132482358e-01 2.912052788674385884e+00
2.982387991098410573e+00 2.494130060776820201e+00 2.816399119935910189e+00 1.224279953646963737e+00
1.354379718068573712e+00 4.878333645706048327e-01 6.549859415931882367e-01 1.134013407107521410e+00
9.466564417183848112e-01 3.091031588020687337e+00 6.152195411529707419e-02 2.649515411568986067e+00
2.237883567287640929e+00 3.457689309713100068e-01 1.449100300831073884e+00 2.324733158011762058e+00
1.894487003549792270e+00 3.455106232882265149e-01 1.439226623467046107e+00 6.536776311971133069e-01
1.408072669978128078e+00 1.857053271357826496e+00 1.550171942675350856e+00 3.103802923911044065e+00
1.672007415315880374e+00 2.462564080878096195e+00 2.199192239331233978e+00 2.117146832169419568e+00
1.028742481448947643e+00 2.931461586361214788e+00 1.023393395675356254e+00 1.391130012155759932e+00
3.454905434816528120e-01 6.879540932587459023e-01 2.510495611650106262e+00 2.685175836374372071e+00
1.477746268689108522e+00 2.077554842320815887e+00 3.025339803320104437e+00 4.648701983184962971e-01
2.617354205678287027e+00 2.259635516232021857e+00 1.399885669337446403e+00 2.972487881790991660e-01
3.013779144248113440e+00 6.034154355267922210e-01 9.178407367302701125e-01 1.879213868267630483e+00
5.119670096846857810e-01 1.675389643011975682e+00 3.000311173537959952e+00 2.959720828796034819e+00
2.746877231884243376e+00 1.194698788404177092e+00 3.023955944571264709e+00 8.125072357347096208e-01
1.337425254856992707e+00 2.524373815415115629e+00 2.805791696206200836e+00 2.531720940896361682e+00
2.978475588302094579e+00 1.403340215514214395e-01 2.169031935063300054e+00 1.888030640345832678e+00
2.865861042092271216e+00 7.220843878198728305e-01 1.247989998343967954e+00 5.285959878052013707e-03
3.061781171230598453e+00 1.280247540158849340e+00 3.009961005704633319e+00 2.107693262059076034e+00
2.863308584836017356e+00 2.397512715109670900e-01 8.561253254462540818e-01 1.072345531841252697e+00
8.279417252892176116e-01 2.217003184573031138e+00 2.376468058956018314e+00 1.078154013490991936e+00
2.755162670046029105e-01 1.252823158048108620e+00 1.742917294221162594e+00 2.156120852563550017e+00
1.868848665695992672e-01 4.378277706842252370e-01 2.996273438070965467e-01 1.684487726682653230e+00
1.884213125753406715e+00 1.145539877097860426e+00 2.214598485656712690e+00 2.657452623795567348e+00
1.101859958679825446e+00 2.522755332629770475e+00 1.606501899855839355e+00 1.589949318146144819e+00
2.382023448745463678e+00 7.031565061960579621e-01 3.119466615872430459e+00 1.013013590854865198e+00
1.655047263222227949e+00 2.226300906432832516e+00 2.642168021914903964e+00 1.836514903375271457e+00
1.023596022333696620e+00 1.323911014379412832e+00 6.510380298050638670e-02 2.451709130309339013e+00
2.670995464512879281e+00 2.435559892827998230e+00 2.728014740739098887e+00 2.818843234443430212e+00
1.588600748519173766e+00 2.759037260062776387e+00 1.561741034323942179e+00 3.040841054027666690e+00
1.493434138715132864e+00 1.377496710214299869e+00 2.827335610365232288e+00 1.605553255929714485e-01
2.411799747097506330e+00 3.118355416529996926e+00 1.744777622606881740e-01 2.233832539175907073e+00
9.187794426589460661e-01 5.440888539637661614e-01 1.565404346056012530e+00 8.804996203837774926e-01
4.246417604678593971e-01 9.359841473519415755e-01 2.057942083719095372e+00 2.638425625743220593e+00
2.066530392773603619e+00 9.267612491722651002e-01 1.908729158151941663e+00 2.063838113595289681e+00
5.096772235189412914e-01 2.293616766964962431e-02 2.563653075594716224e+00 1.763485323637727697e+00
2.332420322202261309e-01 2.794565549545444672e+00 2.809462266227242822e+00 5.779704931648426136e-01
1.405914173352738938e+00 3.247827546325733339e-01 1.091486554130683073e+00 1.728765758066907188e-01
1.772808709895097534e+00 1.576710869859665687e+00 1.960660204791351502e+00 2.182997561578489953e-01
1.087878985840044499e-01 2.760822489878455688e+00 2.199690401289398967e+00 1.048469691225805356e+00
1.083463106276818522e+00 1.594388374634372330e+00 3.019735175135954908e+00 2.643508346004075360e+00
1.127184823129942837e+00 2.265752372547684690e+00 2.997124564299241456e+00 1.552767835957475473e+00
1.918087927950174798e+00 3.692367741186807772e-01 2.903376278841365288e+00 1.674501619795818741e-01
1.733179558404694953e+00 8.893095989014694336e-01 8.301364332602478857e-01 2.418198881349602480e+00
1.527109025256588648e+00 1.557127081697244231e+00 1.648922102864808448e+00 1.299656468362642148e+00
4.243515837167896598e-01 1.799673562251531134e-01 2.762773921693716606e+00 2.322895330871643793e+00
3.425288262248625260e-01 3.970027482257024176e-02 6.515426672683821696e-01 5.794575513011848145e-01
5.400461460656938995e-01 1.534763330815820614e+00 6.402723568182525637e-01 5.738741500653318228e-01
8.835270004040126635e-01 1.754972124185390392e+00 2.192350594564222099e+00 1.876433494417562242e+00
1.182621139486125461e+00 2.055271150360540311e+00 2.288758830523165866e+00 4.911156790312914966e-02
1.858610761387444743e+00 2.292459065508496874e+00 1.650536312966611074e+00 6.486461793966277201e-01
9.884548081032307199e-01 1.070636808184833200e+00 1.347195746969720664e+00 1.814944663640602807e+00
3.522106134550923584e-01 1.108830586579232280e+00 8.045580415871431690e-01 1.182440380247221645e+00
6.428388428139606425e-01 2.070247997529391704e+00 5.704094674514240682e-01 6.496469575403249763e-01
1.549616579457000487e+00 8.392534502535459184e-01 1.795467257017794971e+00 1.803504170451263544e+00
1.655075675393414603e+00 2.462076486246093765e+00 1.539473628952080730e+00 3.098707147730381806e+00
1.711395779275943552e+00 3.075135535153167066e+00 1.357125601902073875e+00 1.188048773649494461e+00
2.980124612954746066e+00 8.994215035729350438e-01 2.628041576397730950e+00 1.607896987187269033e+00
2.015563860799903129e+00 4.053452444315852610e-01 1.967578418041047161e+00 3.469703049688841467e-01
9.949649738559469825e-02 2.856888771898903112e+00 2.823824497156620650e-01 2.797692086392347566e+00
4.969139768274209445e-01 1.726925715137842099e+00 2.964592155669915741e+00 1.963372450920565226e+00
1.161548930416680836e+00 8.336620939212109338e-01 2.159791140291513312e+00 1.709275756113118661e+00
2.259390683856376258e-01 1.499362949549874369e+00 2.630532507010383547e+00 1.910729089362059430e+00
2.166946543471220288e+00 9.483720980541576751e-01 1.742009722967783114e+00 8.847449797546178551e-01
4.889088071800683499e-01 2.883580873333207784e+00 2.782148609660683558e+00 1.864214631473954054e+00
2.931546470142636807e+00 6.533261069939121368e-01 2.356393322867328166e+00 2.703433739205687747e+00
7.445060549229300939e-01 6.370997302189421729e-01 5.846993008534603353e-01 1.120064982467595671e+00
2.319035216847458614e+00 1.174669405203244255e+00 2.572560588321656461e+00 1.473875176742280413e+00
3.072770704968145861e+00 2.928863791356361990e+00 2.871774721464424585e-01 2.579910264037372336e+00
1.040556244228073302e-01 1.151409206967428211e+00 2.412341070469979698e+00 6.716475873000805896e-02
2.121525952611744703e+00 1.041771066528963230e+00 9.566227801869485736e-01 1.647392183071816785e+00
1.662602673212870474e+00 1.904155203567683419e+00 2.261485566291558502e+00 1.650155648466728353e+00
3.075399680353038345e+00 2.025486785087661001e+00 2.788418358216401494e+00 7.790283138263583984e-01
2.872727532399510508e+00 5.004084072541707950e-01 3.097549805393822187e+00 2.617962332797870939e+00
2.434837540838774572e+00 1.179654988709107677e+00 1.654919905560808813e+00 1.190070737628268205e-01
2.608091756557365137e+00 8.362951548751221265e-02 1.244484074649709004e+00 6.358116538843375798e-01
1.045350339291228225e+00 3.194210730200301440e-01 1.239676539663917110e+00 2.266237141572231550e+00
2.676412245238410925e-01 2.502939644276910514e+00 2.767088880296014075e+00 3.007015331615298770e+00
5.042436684581248496e-01 1.194426200369105961e+00 1.389122745530875669e+00 2.412849689789078322e-01
1.133471919148573814e+00 2.032743636662472930e+00 1.670843557117040135e+00 1.380592014316254709e-02
2.557393499590759678e+00 2.167183616438843330e-01 1.641710817445786841e+00 1.274006179790115878e+00
2.879039175568856024e+00 1.704430280002657394e+00 9.809726464584391792e-01 1.602063689793868262e+00
6.254067873587948467e-01 1.091356785945010621e+00 1.940830820952117175e-01 1.428054274539001023e+00
1.792312678043294083e+00 2.861460125879057070e+00 1.779880912181080799e+00 2.719201542093845791e+00
1.028382734868230175e+00 3.062739708433325880e+00 1.174644761430154061e+00 2.034238017181384528e+00
8.438259807757566566e-01 3.136896144613150028e+00 1.694006237130287751e+00 2.737452266427527481e-01
5.684325103947787117e-01 2.799841267752293916e+00 1.465110565489152750e+00 2.528906518117367330e+00
4.482593340214175437e-01 3.012363543412013289e+00 7.450260744147032405e-03 2.220359331006207082e+00
1.640293151645543679e+00 6.006082991253548498e-01 9.663104434601035297e-01 4.572049667684093682e-03
5.906994580072538747e-01 1.012056070371746275e+00 1.421311873665590531e+00 2.438439514693258481e+00
2.451591883581409614e-02 3.506719466048158207e-01 1.853407810095710984e+00 2.424197638087572493e+00
2.476013727774847517e+00 3.111496777572488881e+00 8.469032665436776464e-01 2.735114888292081048e+00
5.822361106818888521e-01 2.211741769573746463e+00 1.394396895793631908e+00 8.370006947945562992e-01
1.873652421780404920e+00 6.785185074380490899e-01 2.601292916425687718e+00 1.731312691616456512e+00
6.099171285845220725e-01 1.562883095087860275e+00 1.706806984974065022e+00 3.085801138025636270e+00
2.390320549267876515e+00 5.730760404703917343e-01 1.502354436604678711e-01 2.947004736390184565e+00
1.055483934440161642e+00 5.673469061326410490e-01 2.545304200656533844e+00 6.357035542574794862e-01
2.282885867601283536e+00 3.134651982756409550e-01 3.069419362703595056e+00 2.841485097474521382e+00
3.702236153407070275e-03 1.814423995721703209e+00 2.630343169223931632e+00 2.192971201157579486e+00
8.116011080292467872e-01 2.149290361825272111e+00 2.194812011149940290e+00 1.130379503817119824e+00
5.199712702616949844e-01 1.756881548303328655e+00 2.217205913750878388e+00 2.670370115200589645e+00
1.042021409376786112e+00 2.472380598693516784e+00 1.721028605045154647e+00 2.702361337347928050e+00
1.712525927121314462e+00 2.660036268827716377e+00 5.858129479513821680e-01 3.139912482620303535e+00
2.955814314562151601e+00 3.945437016581461454e-02 2.893348046304595744e+00 2.775654463020390539e-01
2.028587544610236826e+00 2.422749682225741719e+00 2.444611952137092370e+00 1.489532807012071469e+00
4.786919081865855657e-02 1.833712795089376568e+00 1.352517628429389940e-01 1.766869423049165944e+00
2.062079979459684242e+00 2.336707689798612542e+00 6.194171110600945607e-01 1.113715133580247985e+00
2.035363357086988678e+00 1.061760252649788017e+00 1.190151009684533134e+00 9.026724680783722032e-01
1.501018031970171585e+00 6.908766188545564235e-01 2.487632369965196322e+00 1.654409676445341093e+00
2.628532857111071763e+00 1.200949430258025086e-01 5.500518969422345528e-01 2.177793226006912608e+00
1.835874268251165731e+00 2.142115244456779699e+00 1.593201483752562764e+00 2.589586644247809488e+00
1.771830306263348920e+00 8.654698881996359949e-01 1.659141746265674122e+00 2.163273289827261969e+00
2.175745015865828413e-01 1.836195365427986559e+00 5.205014103104442791e-01 6.301426633740564442e-02
5.524007172160533274e-01 8.808985730585622287e-02 2.161551082242132438e+00 2.781341686522996071e+00
3.004948904366404050e-01 1.695379105384346996e+00 2.942879705015285730e+00 6.288380371899656707e-01
1.706545303818448378e+00 2.587652767826885691e-01 1.526511418749860294e+00 2.227636430599284623e+00
1.980747436798933059e+00 1.169729245503408510e+00 8.507271053521253679e-01 2.402469041479551315e+00
2.320136253102667467e+00 6.891524649091390620e-01 3.002303308934763382e-01 5.849534027137601733e-01
1.976075597187243460e-01 2.957501351331560002e+00 2.282738088368186702e+00 7.190301318933356445e-01
1.890569120011168947e+00 2.349640842970449395e+00 6.781328783238753655e-01 2.888650316695264397e+00
8.130321703581984139e-01 1.851716025188546499e+00 1.760837442212022985e+00 1.939526983195816845e+00
1.022384086997041530e+00 8.339357886870445435e-01 2.027770024749068867e+00 2.208968769344019201e+00
2.638736708618405480e+00 1.119135874175736900e+00 3.754086095785481580e-01 5.557791400594723763e-01
1.514191260829385044e-01 1.105046245541854147e-03 1.880831273607024956e+00 2.842519257281272971e+00
2.995845447197269085e+00 1.510657083894866304e+00 2.818631104178438984e-01 1.555333030394008942e+00
6.601679183063274836e-01 5.486548598501408414e-01 1.043147565932929011e+00 1.346177628776441981e+00
8.150268401895971460e-01 2.098735912963012318e+00 8.452208164784649203e-01 2.455140826306691615e+00
5.418128444679511935e-01 4.246533145176782376e-01 1.589963815186414831e+00 2.141692178805513880e+00
2.734521539325227568e+00 9.327720843254342364e-01 1.071519602794219761e+00 4.035501466750294752e-01
8.753649524435599405e-01 5.043961563011073457e-01 1.227527028335732240e+00 1.362725026476888091e-01
1.176866959524633272e+00 2.125792546970008079e+00 2.296997480307014783e+00 3.259072593176136623e-01
2.805600546449737998e+00 1.735883032948724036e+00 3.054967962163201545e+00 1.546111829463372001e+00
3.087629744734749160e+00 1.148586499689334406e-01 6.748717088978178902e-01 1.026792065785021135e+00
1.839878911081318791e-01 1.687767775428878014e+00 2.966372183373734428e-01 7.137417406765832022e-03
1.487645450919553580e+00 2.483245560700925836e+00 1.504003728872341794e+00 1.443351117617158508e+00
3.126479720707802112e+00 3.343807883137737968e-02 2.249096621487755299e-01 1.768589828113335871e+00
2.152673330054617917e+00 2.724834470146162424e+00 1.278324109748566029e+00 2.108932106178738497e+00
1.683465240476511360e+00 1.472906903108507581e+00 2.211054729059820811e+00 2.431473050568197181e+00
1.272530333334266350e+00 2.110859955758336959e+00 2.420753985003102571e+00 1.323730768120068735e+00
3.066070488035177899e+00 2.700783443033104358e+00 1.176909122711665923e+00 2.021657554589650019e+00
1.732944861458884267e+00 2.636544291143631646e+00 3.718950060980967254e-01 2.064746612160397454e+00
2.228287558991625950e-01 2.894710442208609624e+00 8.379078732858623590e-01 2.157662112682573241e+00
1.658622404705977216e+00 2.813033039652413247e+00 6.003848815047534426e-01 1.949931565384843468e+00
2.375064734080174489e+00 2.393258267160021102e+00 6.283236655124613268e-01 5.830463947003693415e-01
4.026973078679513818e-01 8.118846290741880134e-01 1.261709269367829567e+00 1.310241089656914326e+00
1.612005457969529987e+00 2.504662277386401570e+00 1.025669992306744494e+00 7.850649081732404000e-02
2.697724310698517591e+00 1.916724967670432989e+00 2.029651453526533533e+00 2.899911936009518243e+00
1.167471768212621885e+00 3.077500850648342112e+00 1.822105079718204346e+00 1.575649177972695991e+00
1.201336260653148580e+00 9.439381885807809347e-01 1.906712661898784411e+00 1.263458577489924961e+00
3.153781804407039258e-01 5.598742229556878947e-01 4.658088829124349406e-01 4.257555311416262867e-01
2.154959154988817627e+00 1.854935763258112713e+00 2.414703183769692230e-01 7.173833388060635308e-01
1.682465353088743010e+00 5.405845119211669658e-01 1.700211857831527729e+00 9.785015215895047636e-01
1.024883489668358294e+00 3.043805970880494538e+00 3.054873217587728895e+00 2.501372855297183229e+00
2.972893259408521338e+00 8.640232167596438861e-01 2.006892536645976222e+00 2.620903180930675536e+00
2.598981190133872854e+00 9.240129284693483491e-01 6.822386367369069893e-01 1.256239929566839608e+00
2.613058269790847987e+00 9.211470633426669385e-01 2.462522036943280757e+00 4.980220897643251599e-01
1.194927619638409766e+00 2.428744412937121400e+00 1.076158055484142118e+00 2.329347897022361114e+00
2.029417571198579573e+00 2.168344509736563008e+00 1.290186264408342609e+00 1.305698767170358154e+00
8.234331209410958863e-01 3.114534986420621765e-01 1.234983404748128066e+00 2.390956764933919843e+00
1.854644497027058359e+00 1.335906323689624697e+00 1.836476618078625611e+00 2.453446128197121823e+00
2.216576896705540367e+00 2.704159344204078996e-01 1.196833485292076782e+00 6.446073267880385593e-01
1.422609549700741827e-01 1.676264176515836368e+00 2.175205706094391012e+00 7.677478369358824439e-01
3.108828658830037117e+00 3.028125336344133611e+00 4.734354575510577590e-01 1.538738457932461001e+00
1.266837021215076131e+00 1.166599981854964163e+00 1.869659393000014047e+00 1.701766597305410134e+00
8.050127417819792353e-01 2.185191544195872471e+00 7.172047178930222033e-01 1.363677916875869922e+00
1.801578791680028324e+00 2.953946139879261024e-01 3.059346123431101905e+00 1.576956885825031573e-01
2.975977455549848827e+00 2.423518023594218196e+00 2.088830939930998998e+00 2.267695753063926567e+00
4.835017864666847909e-01 2.565250141648532711e+00 1.168841567253784408e+00 1.347347525649349009e+00
3.165732581316397232e-01 2.664326678525586467e-01 2.230825711922106436e+00 7.757509200986467679e-01
2.831992887482813082e+00 1.361500417028290499e+00 1.225524328433418075e+00 9.363541342026960868e-01
2.963204822256629623e+00 3.094318135670282910e+00 2.901673538745206393e+00 1.154127501306402293e+00
1.031631938971603102e+00 4.331070493320356984e-01 1.719961153709174684e-01 1.667610048790517663e+00
2.400422552221137984e+00 2.555753521482895252e+00 4.947188391932866303e-01 1.718749142533400498e+00
1.485252566150442322e+00 3.132292434363767697e+00 7.065017977607432886e-01 1.117625569924652756e-01
9.613297290719198251e-01 8.798743179175237961e-01 1.482717176262890457e-01 3.729799572776241329e-02
5.630386193096542646e-02 7.010560035208790453e-01 9.217858013871751410e-01 2.489755912516923075e+00
4.830813416631533630e-01 1.915489415148529329e+00 1.246375416557055971e+00 2.483077056958678863e+00
5.630412464604566125e-01 1.794798077314929241e+00 1.186219364326932979e+00 2.533820189198327633e+00
1.995754371371339486e+00 1.401717314499416833e+00 1.827425647150587196e+00 2.073850868477046916e+00
3.047678594239353056e-01 1.996759451728572943e+00 1.217955468401712427e+00 2.460155012948226916e-01
1.141553276186901167e+00 4.324667705750568358e-01 1.982356604606207107e+00 4.233459549510815156e-01
2.043145647730151726e+00 1.151835861913842463e+00 1.108681260841749561e+00 1.192078827969656141e+00
1.254273644309110702e+00 8.241253162241105601e-01 2.439395609801580100e+00 5.194763245560811704e-01
1.912277346598536321e+00 1.331962191499537873e+00 1.452745025996967088e-01 1.071608105100083863e+00
4.565024410027528901e-01 3.122911914330908978e+00 2.516964843597191859e+00 2.504710430147909950e+00
2.866998548552522230e+00 1.500193157249196885e+00 3.012098803328792762e+00 2.708314023959358163e+00
2.286282259108106008e+00 2.083557738527139325e+00 7.678113752765450828e-01 8.244884822584404305e-02
1.170610115783240035e+00 7.878248604039015390e-01 2.189330010260927661e+00 9.098442521710280451e-01
2.573222288438994365e-01 4.986002908957780644e-01 8.238617567132645592e-01 1.870527329298122599e+00
3.509116847548651164e-01 1.889563920556506238e+00 2.537088709821661014e-01 2.831554084706030761e+00
3.079010214481993302e+00 4.492396629616098314e-01 6.783158210183752868e-01 2.615054705516740796e+00
2.377705731896013308e+00 8.143060480605467388e-01 2.321292767257384870e+00 1.698176844067470492e+00
8.673658741309923093e-01 2.075464904138260014e+00 2.331515857911126144e+00 1.965203255086140688e+00
1.461231924808456872e+00 1.557317929025107350e+00 1.411649533126883460e+00 2.032369641851594189e+00
6.005888790982502057e-01 6.154981862162844930e-01 9.370137000463490962e-01 1.665545517479047444e+00
6.141864081037021750e-01 1.373209057390103238e+00 3.076541948295353213e-01 5.548512782868039173e-01
2.433166406561897421e+00 2.894513776799608973e+00 2.113880665684799709e+00 1.156372482334157015e+00
7.098719502847888885e-01 1.161192101572532387e+00 1.954232672162998785e+00 1.228875700072598276e+00
1.313727568577642169e+00 2.372642597633890793e-01 1.930655871366049547e+00 2.107431302047792165e+00
1.321340155002137973e+00 2.708929963738498259e+00 1.400658138969775868e-01 2.966168605031098249e+00
2.310779342019104288e+00 7.273652087088942064e-01 6.780767320955550792e-01 1.824125487988659700e+00
1.134908120207325233e+00 1.458852672518251570e+00 1.041972917811115451e+00 1.155440432456979583e+00
3.726736833310977937e-01 2.312861772344187550e+00 1.918130190754531839e+00 2.353472411439073930e+00
3.140372469283021495e+00 1.177020152582600510e+00 1.317509022442646671e+00 2.333252590383108060e+00
3.047035539505630553e+00 2.436640558703557780e+00 2.011578581915631325e+00 2.049192244986690614e+00
2.546159478186820646e+00 2.529558073863176659e+00 1.662820552577976285e-01 2.433107768727044817e+00
2.128015251489676629e+00 2.608647182564000744e+00 3.368894053791261500e-01 8.059086965828933247e-01
1.679473133054220746e+00 2.983032699731372528e+00 2.087477186516637939e+00 2.656247279044873011e+00
3.268592261663775256e-01 2.294326442608003447e-01 2.496327150905553349e+00 6.620000588386572016e-01
2.827281996660895302e+00 3.880872519161667755e-01 3.956799153189259899e-01 2.502455079699094753e+00
5.889256035438152903e-01 2.749541130667076394e-01 4.870477329344250483e-01 2.640454596619278060e+00
2.855125602793932238e+00 1.907711987283767119e+00 7.418293092598560179e-01 4.679432484638957335e-01
2.100812958990704082e+00 2.284093982098642783e+00 1.759828235095476145e+00 8.643016912866695323e-02
2.974817061293793530e-01 6.714205698458722837e-01 2.525664530435659305e+00 4.256600300818893512e-01
3.828889294242560082e-01 1.999096438233009865e+00 6.391930992796580613e-01 2.913481152302843213e+00
1.990096535050392745e+00 2.247708342846093110e+00 2.246216816111481052e+00 2.836521701997709033e-01
8.764161711962629164e-01 1.993510631923856469e+00 2.455825770592157564e+00 6.708435688053848711e-02
3.049064481208973110e+00 1.385085355261841844e+00 5.533738434501200842e-01 1.261422797918733796e+00
1.427914529862486681e+00 2.385784839261951618e+00 2.067853634693259668e+00 1.671215904588321921e+00
2.993156950378167647e+00 9.121294606895256549e-03 1.084594345514610758e+00 2.924750287338286014e+00
3.940226203549299089e-01 5.146071208202888103e-01 1.475976290442986949e+00 1.311452037525502989e+00
5.781636619655436959e-01 1.343333103384277694e+00 5.940675086638944613e-01 2.222493326604876529e+00
8.635709299205691636e-01 5.858000820277161624e-01 5.254457463713146925e-01 3.101257453572868195e-01
1.917715586078320600e+00 1.046815936690710380e+00 5.092774953301971719e-01 1.214573242033671452e+00
2.233201005417288609e+00 1.314577096665823897e+00 2.193074556870849179e+00 2.967828794504330236e-01
1.284286253628225571e+00 9.687486386558066265e-01 8.790950364226922664e-01 7.862166204417765369e-01
1.301828904817908139e+00 2.146126529399695837e+00 1.838743015942544856e+00 4.689076694654599753e-01
1.692380092777937994e+00 2.994938191961680762e-01 8.036235014328017012e-01 1.995752502858135768e-01
8.599733443601950134e-01 2.509005227149298634e+00 2.868677954914293782e+00 3.113285464623980481e+00
5.313784443603345453e-01 2.080705678210841292e+00 7.861746274948230306e-01 5.220601236072509588e-01
2.944398458499829285e+00 3.027187390184403526e+00 5.923614331493186613e-01 1.473554698030548060e+00
8.370212475757465853e-01 8.963661385383582259e-01 1.115319355921574163e+00 3.109559489478655792e+00
2.886181181343839608e+00 2.837191331843067488e+00 2.641607856218970429e+00 2.393794633853235432e+00
2.135097544423836702e+00 1.016235314441727544e+00 2.846847830285819558e+00 2.991798786027003665e+00
1.048577007840664654e+00 2.478079354382256572e+00 2.971505109416153201e-01 1.606807547528360747e+00
2.932379660356257300e+00 1.756356343135699882e+00 1.332858891918494715e+00 2.708884167705529311e+00
6.580240869388901404e-01 9.683837549677696277e-01 8.234579044700270911e-01 1.237786027735017919e-01
1.806935267397927536e+00 1.748227787670485478e-01 2.902300321021213936e+00 1.280617317941902478e+00
2.472628564127844708e+00 9.141143793490890124e-01 1.398509198033608847e+00 4.397606521789821921e-01
2.074630173681856871e+00 2.571434827078287189e+00 9.932435773976395765e-01 2.635435505412176749e+00
1.755713048729826475e+00 5.970739070919049984e-01 1.696336512900999516e+00 8.245351074540163694e-02
4.708205934734673859e-01 9.280560824877778225e-01 5.150695380179526328e-01 1.423190211115993309e+00
1.712457856733528017e+00 2.121734982236207490e-01 2.961139702702406229e+00 2.381459544220139612e+00
4.866048841327476060e-01 1.148866540122418956e+00 1.653971829523202208e+00 1.678501811601847304e+00
1.968287833487417426e+00 3.101057573821777602e+00 2.818900022015487394e+00 1.615881546616365849e+00
2.148009677400104955e+00 6.995209836559104222e-01 1.047182004668057775e+00 2.346893550000293427e+00
2.385888823479588972e+00 1.927565815893132806e+00 1.444771435086062539e+00 1.770504323250595979e-01
2.058763795493190885e-01 1.487466471854723027e+00 7.702782058977667434e-01 6.592313214152693834e-02
3.618954745532858008e-01 1.085459741249788168e+00 9.773009378457425678e-01 2.813691749182231638e-01
1.133833807520500114e+00 2.541471128472093888e+00 2.566694855007869869e+00 1.102555119162829111e+00
1.694705601781093307e+00 5.925867184603881288e-01 1.966603938225869319e+00 1.748963317103876758e+00
1.780488721565757659e+00 2.009522065586632156e+00 1.512347964912250375e-01 8.257582231393894023e-01
2.565500366691178424e+00 4.663788277754840617e-01 2.131392280881596157e+00 2.562841833369416733e+00
1.029900930349815003e+00 1.796862517488300393e+00 1.888093873408847601e-01 1.181521157566534086e+00
1.770271187669360646e+00 2.739517938407153963e+00 2.949485518820473384e+00 9.622690953748627152e-01
1.151848208188587241e+00 4.815771007638099954e-01 2.682531208398064138e+00 1.555186255967909492e+00
4.546378822107937090e-01 6.566678729883563825e-01 1.730675610099116746e+00 6.379679308489615286e-01
2.303002568644901160e+00 2.956550357940006091e+00 1.118241155772367268e+00 2.906516031890903129e+00
2.538613309781561966e+00 3.733419144695061531e-01 1.104365046371472925e+00 1.038300647057906367e+00
1.546894964301363251e-01 1.284388282559532080e-01 1.050202189118742691e-01 2.171057713724511284e+00
1.805286162079557055e+00 1.419411054093535851e+00 2.386888382181917123e+00 1.145110975029679068e+00
6.886725009444717438e-01 2.469149514546761459e+00 2.682065311852833478e+00 2.162548232527268244e+00
9.566683273935649989e-01 1.023414006302881152e+00 2.039094315391058565e+00 5.721343293933828233e-01
6.904174077871533255e-01 1.281106402422542034e+00 2.262450045238529661e+00 5.489521616865205428e-02
2.206404352634516286e+00 1.964105266365645530e+00 2.506105355534636203e+00 1.979766941366396749e+00
3.061959421231359002e+00 2.426651979043298324e-01 2.975021131637222371e+00 2.132199057381686913e+00
2.978806152667006213e+00 2.890669883004324259e+00 1.706047394306157816e+00 2.736450866091109990e+00
1.578740504662901722e+00 6.546391774386559614e-01 2.548545320560955396e+00 1.934935197026999232e+00
5.424410724433990083e-01 2.483825420181359878e+00 2.782866904536970498e+00 1.961064711826008722e+00
8.561113713540569048e-01 1.601652345692614166e+00 2.330721834327621755e-01 2.096420441241553689e+00
2.908200244017377645e-01 9.663299461394005974e-01 8.277866811443828077e-01 1.217090215334796444e+00
2.156400827345410498e+00 6.143123705134366508e-02 3.123112162190917918e+00 2.648983453990754744e-01
1.357252040647525027e+00 9.865713208515919375e-01 2.867314275033440385e+00 9.407525583010842851e-01
2.890854599801605751e+00 7.327534110782134569e-01 1.807207463564912464e+00 2.283344850626733979e+00
