2.423050796569351739e+00 1.473204750121041240e+00 1.015774121917888628e+00 2.457633684838128385e+00
1.107461436454768577e+00 1.393709042029500411e+00 2.026468368137153586e+00 6.575841016587767873e-01
4.230816208048685523e-01 5.410051321872770824e-01 2.399674739524854772e+00 2.973084426355995458e+00
2.808401268240265369e-01 2.077255478190596971e+00 2.825767975852566227e+00 1.395879871660473531e-02
2.570372670371374735e+00 9.522578334507239006e-01 1.611268169506610892e+00 2.397152594893103839e+00
2.258141242957932171e+00 9.816041135089850211e-01 1.648277446153460613e+00 5.447872304330860782e-01
7.216734746576550785e-01 1.807437775060223573e-02 2.087884600887932152e+00 2.043459847142255370e+00
2.376566895664578016e+00 1.289640484746114035e-01 1.564668030579398905e-01 8.492125901967257917e-01
2.735264516619066555e+00 1.586818664771561638e+00 5.455473629551554904e-01 2.650156446112857722e+00
2.340968460580123534e+00 1.890519594690043714e+00 9.135062205285211512e-01 6.540340785379794575e-01
1.077838742967217822e+00 2.248324422827296942e+00 3.141512091343829471e+00 2.322493309081681723e+00
7.019107368905133093e-01 2.508807775911630067e+00 1.007581792000451282e+00 1.888589286967131908e+00
6.138961543038677915e-01 2.328998243224055908e+00 6.082267060834661843e-01 2.925787311924741729e+00
2.222164476227149521e+00 2.622740067363389382e+00 1.559112122345110762e+00 5.681029898718796822e-01
5.328059728716528776e-01 1.439768902550285334e+00 2.128128054680161529e+00 5.940493612959730774e-01
2.664062415817480822e+00 5.253397763512603763e-02 1.338996500098347253e+00 6.970730640126837629e-01
3.132649920281515232e+00 4.619790707429703436e-01 2.917320152599213401e+00 9.886218949676123247e-01
3.644683215842535740e-01 2.458976533803824083e+00 4.361409982375602512e-01 4.686848986889346480e-01
6.302080638316988337e-02 9.742435172589156700e-01 1.876533491590919756e+00 1.139090557393422021e+00
1.006359468647699540e+00 2.553924092534805013e+00 1.067084511498530564e+00 2.833509268328926467e+00
2.217372707025550282e-01 2.714663188301642105e+00 6.160969548947652363e-01 1.504487652497863426e+00
2.575231827444970367e+00 1.273404301226876534e+00 2.822254241221604065e+00 1.755952681168475804e+00
1.086206988915577432e+00 2.942364594242477427e+00 2.939647489747860387e+00 2.875975658829530879e+00
2.409492636632703189e+00 1.452418230016337963e+00 1.167620457512202226e+00 1.544282178143211004e+00
5.401319720369433114e-02 8.826897917588438780e-01 2.561761963441197665e+00 2.402429081093835350e+00
2.609924622623815083e+00 2.788637530758878214e+00 2.372576520896941155e+00 1.447004572461827898e+00
3.115397843544572276e-01 5.301057390944079462e-01 2.708771551964521240e+00 1.253469019146550956e+00
6.347050616930772771e-01 2.612236604760338476e+00 3.027557367340437455e+00 2.859073036164799131e+00
7.513457916325232133e-02 1.609698309472372912e+00 1.476111692229183259e+00 1.887281757004477534e+00
2.666327977936291393e+00 2.902424035916125522e+00 2.936693664123434799e-01 1.160532410977033191e+00
2.996851091121075061e+00 2.848342788259289993e+00 3.004351088109463053e+00 1.867554923005342538e+00
9.300084138470572637e-02 1.593472800562834912e+00 3.039064583162637057e+00 2.546502360103469087e+00
1.989702748414013955e+00 2.014159827806717207e+00 1.816320941260966437e+00 2.065152256136824904e-01
2.002675543023182403e+00 2.661384556252820222e+00 3.043853567784753356e+00 1.743045199974110115e+00
9.770596758497422929e-01 7.506478736546471353e-01 2.069721176126170903e+00 1.491477791359590022e+00
1.943806464882736340e-01 9.461946484652257183e-01 2.304355647841537458e+00 1.583796161721771956e+00
1.506914647953319086e+00 6.568096228497403155e-01 5.684040401827057387e-01 1.909319587947155394e+00
1.819899625116474295e+00 2.629167999444886217e+00 9.998929697047425069e-01 2.090689824103825423e+00
2.921598662510053401e+00 2.479511953513598321e+00 1.126970289203212128e-01 1.356679658799673893e+00
1.749977537150461560e+00 1.021992311552710753e+00 7.090722889009472008e-01 3.003317252217647226e+00
4.998136950752283258e-01 8.167451137904798708e-01 7.714899017380123514e-01 6.197970211788037670e-02
1.545276225181339225e+00 6.422212848506285710e-01 7.401754051980040383e-02 6.352169517371774043e-01
2.704668404902248913e+00 2.047467341884139813e+00 2.804659437332090111e+00 2.928870455396749506e+00
6.545774095442943308e-01 5.365118811619460359e-01 1.537624446739361828e+00 4.898058794481485734e-01
1.193579038451097585e+00 1.680766130435289218e+00 2.215290138793849728e+00 5.781057895003441915e-01
2.838895704623491500e+00 6.000552404745300716e-01 1.505376528168562267e+00 1.341083359538333353e+00
2.982617033537859896e+00 2.587294712883160042e+00 1.132976113586890321e+00 1.557037821591476412e+00
2.585185260518157779e+00 8.119568571429416348e-01 6.562206223418578510e-01 1.353552978500746962e+00
2.277985775532355373e+00 1.336122548978145641e+00 2.926155467082753425e+00 2.031783710074575477e+00
2.578759034680513929e-01 2.832494372280305317e+00 1.473458035291788093e-01 1.692539721155360333e+00
9.720969755389139433e-01 2.018142548235015266e+00 1.503679929496423595e+00 1.581105527665979560e+00
1.129106271691859176e+00 1.106309622912064805e+00 1.998908267353408430e+00 1.167863171620080021e+00
3.099934549356708202e-01 2.084466014268362422e+00 1.233618973415641973e+00 1.768146135438652511e+00
1.618636767801764353e+00 2.528869149813254946e+00 1.901698529405520866e+00 7.234551518895043776e-01
2.433580296655667219e+00 2.262137378955467515e+00 1.759600211255136326e+00 2.673537229436588003e+00
1.174598950955398458e+00 1.911127560977115836e-01 2.979505396454857902e+00 2.774356359659377880e+00
3.080757204073586220e+00 1.684967152568630944e+00 1.014317153893373513e+00 5.343823333052606372e-01
2.423504501069258243e-01 2.396881195020574840e+00 2.480714002552324882e+00 2.167185997179159052e-01
6.128540469423886528e-01 2.286753107720857603e+00 1.699016384086657450e+00 6.962706271961648374e-01
2.353886588987814665e+00 2.402623367990069259e+00 4.539018740575990751e-01 1.869774600716173962e+00
1.619502778174094715e+00 1.096647583469406273e+00 5.860834378516179832e-01 1.038616630322059531e-01
2.907024489280833901e+00 9.128218247547591480e-01 2.894367172630262885e+00 1.749036308574090093e+00
1.411804283159444617e+00 2.195892480081671039e+00 1.555082749183391289e-01 2.701658510299400628e+00
1.464617206920917347e+00 2.033037824042885244e+00 2.435863586147333670e+00 9.321252160610089543e-01
8.217609237499848840e-01 2.875481710969595817e+00 8.692824592929017102e-01 9.829605499087651355e-01
1.118774175307052365e+00 1.398850048520037248e+00 1.194749187033985915e+00 2.095846778788377218e+00
3.563392233583887458e-01 1.528551544880698998e+00 2.766574987805001107e-01 2.222237725590239243e+00
2.804740783971722440e+00 2.727872783674296642e+00 4.554797840224739797e-02 1.266072935374184860e+00
8.771115439762006138e-01 1.966310492028818802e+00 4.176783939373030496e-01 8.454385598422761161e-01
5.719028045822405204e-01 2.276126860199699075e-03 7.125322062415697655e-01 1.972648945074491511e+00
2.417389959213481987e+00 9.915880346765943987e-01 4.730900323811256664e-02 4.788051262328653079e-01
1.659923937395057836e+00 1.596878595392316580e+00 2.174141084679963143e+00 2.983033197414987736e+00
1.752609263350403346e+00 2.317883755350859332e+00 3.977892839628061061e-01 1.155340144112516176e+00
2.675599625656530201e+00 1.419364380172799978e+00 1.654011752881748842e+00 1.429726933612399664e+00
1.935417288623755505e+00 1.755343565099204195e+00 2.269262073893354437e+00 4.736305085727912645e-01
1.234056174221587421e+00 1.273290025327746378e+00 1.006897668771882248e+00 2.878276304082384662e+00
1.449803441180524954e+00 2.765872483014067740e+00 9.320315711492577204e-01 1.782538416236009171e+00
3.219243868119905927e-02 1.665901400575733993e+00 1.262712203559599233e+00 2.554309143752730105e+00
2.217248480675980460e+00 2.491019634596468801e+00 1.812060068135148860e+00 1.208787963906859275e+00
1.609449385854825332e+00 2.121573102281292034e+00 2.048060790407423060e+00 1.198515490734575889e-01
1.182802735739542088e+00 1.756055323602621732e+00 1.213257673850909768e+00 2.315549997901290347e+00
2.111031362496173625e+00 2.055862300925956898e+00 4.527153505820093182e-02 5.158936635056550202e-01
4.358878428952894235e-01 2.722372321291754438e-01 6.561938847137533948e-01 2.880177788512802817e+00
7.771752421216834295e-01 1.445807808073383161e+00 8.906832554352176468e-01 3.887532736175942083e-01
6.572086311739525621e-01 1.133327658597990562e+00 3.110746360345070460e+00 1.048044643351953242e+00
8.022704867253800387e-01 2.503070696019792152e+00 1.003879196115605943e+00 2.727943069941468401e+00
2.312767060960595700e+00 3.075387372835265865e+00 3.140603188253157652e-01 2.557650935064800457e+00
4.337189056446822399e-01 1.691206789875074223e+00 1.219155000987331761e+00 4.880614834860800832e-01
9.846774776825225617e-01 1.343741237683450385e-01 2.912070370568185851e+00 1.624348734884622614e+00
7.473402677847861275e-01 2.993846223257055961e+00 9.958275198882160506e-01 2.850976635654846714e+00
3.396743555299959194e-01 1.564579611336687437e+00 1.480607562181164072e+00 2.160194318309046846e+00
2.016558389660713324e+00 2.496906609037059077e+00 1.818883807772000871e+00 2.298800425585707075e+00
2.241653045748305928e+00 1.720151061198690767e+00 9.302718305253644404e-01 1.842083160805555675e+00
7.079992816737307182e-01 1.625633602940183831e-01 1.001644881268283882e+00 1.982193654221502843e+00
2.202910692685231986e+00 2.763238610184955424e-01 2.623755216996301876e+00 1.410336460503511136e+00
2.621883662185568120e+00 3.011713265138172169e+00 2.114150699681518919e+00 1.654672543030349052e+00
2.327110799192120272e-01 2.941217978414568002e+00 2.217458850679601134e+00 3.139442812178455888e+00
1.851654179297948621e+00 2.435842807987045888e-01 6.770127778649711603e-01 5.002093598952619402e-01
2.078467831352928563e+00 9.425843916472580464e-01 1.136616181497938971e+00 7.200772200084282204e-01
1.534915250863267300e+00 2.304211617776206200e+00 2.744878605350443923e+00 2.322726835018039004e+00
2.925788120855233210e+00 1.868869064295396232e+00 1.410844429496987074e+00 1.327190808904612052e+00
1.588196740149099950e+00 1.024332379635862766e+00 2.362224604386648164e+00 3.071059037770373035e+00
2.045027842456340839e+00 1.090146999080115586e+00 7.923312911220606880e-01 2.963351342689362955e+00
1.941696328529382898e+00 1.763823330146053747e-01 5.503165292521914331e-01 3.046307934973812692e+00
2.555604865845177986e+00 1.236746050907925998e+00 1.220881982352650663e+00 1.663627639072198461e+00
3.040219286242351160e+00 2.725409121779776456e+00 2.387080005113239700e+00 1.245508823120174968e+00
9.767688626366486382e-01 6.515290455062551847e-03 2.994798119904832578e+00 2.593982169038896224e+00
2.448574773313377528e-01 1.634163556350708202e+00 2.239217249097692264e+00 1.397212608054817728e+00
2.777592694143551366e+00 1.376018848215496027e+00 2.407476304421692692e+00 2.911123806592683660e+00
2.532541742103691096e+00 2.656398333500542108e+00 2.112961496926831106e+00 2.728815069206272703e+00
8.247279541552110516e-01 1.300991349314470691e+00 2.221612165608398914e+00 8.052889247168788511e-01
1.219525911304465193e+00 2.219611938434062015e+00 1.498066675668026093e+00 1.865649486298952553e+00
2.037184155906508920e+00 1.497794590747039412e-01 1.790670224568623459e+00 1.762324320686776469e+00
4.721733928987021378e-01 2.771843318164948666e+00 4.583719952313470292e-01 2.060438029408355742e+00
2.530695884914443639e+00 4.337932238124991846e-01 2.182137978735480210e+00 2.699589429652625494e+00
1.884001908432986205e+00 4.013343610109516013e-01 3.081254910729566809e+00 1.873760500486178815e+00
3.114822805948668449e+00 4.585209513698398354e-01 1.924939089649832180e+00 1.709696445050886249e+00
2.876915860436421113e+00 2.234611496401838870e+00 4.184153368143775920e-01 2.238513758516356589e+00
1.034908451844573918e-01 2.753452484959319602e+00 9.303022822203124154e-01 2.717392918164008853e-01
1.946673029450987635e-01 8.485279861768474374e-01 2.708576350587903026e+00 5.179042038261070235e-01
4.223248883602215287e-01 3.867440667123565046e-01 7.221524456073026782e-04 3.336978322770058902e-01
2.624407658543319144e+00 1.323306353078926578e-01 1.993453614587616496e+00 1.304913594848521541e+00
1.773896391193729549e+00 2.980013464800623346e+00 3.061396845460871763e+00 3.109199642135237696e+00
9.401079367757816940e-02 3.275031591513184459e-01 7.863389732965777590e-01 1.084935934742330854e+00
1.308207297050013374e+00 4.127947986038125738e-01 1.868175646152500757e+00 1.427315017080599713e+00
6.090297679048252144e-01 3.749970556078594530e-01 7.000369459516283532e-01 1.012380326839156686e+00
2.833468574199446421e-01 1.917890581987237608e+00 2.430472465542190097e+00 4.161652934182425989e-01
3.620221392557542578e-02 2.088247041566271722e+00 6.577828575086370755e-01 2.682760576021890664e+00
3.845627134701903871e-01 1.740774901669495778e+00 2.414260286378206555e+00 2.666161454824100829e+00
1.234305036101966957e-01 8.971457461823844071e-01 2.735977784905371024e+00 1.200251472986387125e+00
2.049144674824037615e+00 1.685594965423339753e+00 1.514046634039017070e+00 1.768684924564678518e-01
2.645472693132135067e+00 1.785101482172983811e+00 1.773154638571673880e+00 2.955614851026070244e+00
2.354783596936587120e+00 2.913102024766432763e+00 1.925944468665345743e+00 2.502356719455560707e+00
1.067742519456729156e+00 7.430259670811645289e-01 1.788487477038857465e+00 9.925795571607582968e-01
8.450051393206660100e-01 3.770340401251821016e-01 2.359057078178483202e+00 3.002226592323819165e+00
1.995749699009075062e+00 1.115871911940245376e+00 2.727885427967182697e+00 2.301037712415375136e+00
1.530615644605562098e+00 2.581561450767012378e+00 1.330875001184326667e+00 2.445113762986726336e+00
4.326373742215864349e-01 1.135561837847974820e+00 2.762916794276365495e-01 8.725844848743109505e-01
1.071899774502092839e+00 7.448983025059822127e-01 1.550965905625088848e+00 2.760996950264252625e+00
5.927106228903190610e-01 1.002787159552925189e+00 1.600588774696140693e+00 7.175982193884433702e-01
2.155582691147525320e+00 1.122932205816141588e-01 1.068458035536349549e+00 6.924264432131626013e-01
1.245404884659540690e+00 1.746879587658725530e+00 2.010517145939900274e+00 2.230586881252894393e+00
2.943599530526329389e+00 2.645439488987923138e+00 9.199682931358913462e-01 2.302733438551257450e+00
1.088290225124357802e+00 2.127336345344759128e+00 4.188535472994106001e-01 8.322793519797297979e-01
2.020825249766489584e+00 3.107091619552034167e+00 9.275072610932241224e-01 2.596370745846289907e+00
2.016664522422269637e-02 9.310260452699316014e-01 3.566516649455634402e-01 2.671335481349231156e+00
1.252280973028785382e-01 2.474274291923011404e+00 2.153954616474709649e+00 1.530107681538792175e+00
2.652718520213161568e+00 9.951900581718982064e-01 1.273057805482974647e+00 2.351480566041126874e+00
2.541881439151432609e+00 8.790131842007947727e-01 1.407123235991410315e+00 2.373171769654119689e+00
2.392260993242963443e-02 2.376764553213394748e+00 3.123803949499431631e+00 1.178445496823138594e+00
2.948242380898133064e+00 1.133868812283195249e+00 5.303085385053725176e-01 1.440782601515536054e+00
1.398047466687315943e+00 1.659282712332643017e+00 2.050588223345898520e+00 1.731498454236736428e+00
2.287769170429059251e+00 4.087313573017991031e-01 1.298965675279425636e+00 1.132408509189643420e+00
3.087813206939312494e+00 1.352076879433843581e+00 1.984306424371197641e+00 2.483310298859835452e+00
6.489096990466529657e-01 4.992615206487281410e-01 1.317861115921209025e+00 2.743087720377777039e-01
2.140023366234834246e+00 2.204991880275156468e+00 2.002382625149397022e+00 1.606325042008710069e+00
7.299457958961262927e-01 3.302321268733467985e-01 2.326237019368887216e-01 1.717015606247671133e+00
6.646506738846178486e-01 4.863387256217541754e-01 9.881402248089993234e-01 1.647462393724809404e+00
1.281781904654912818e+00 1.390669006897673698e+00 1.178188939038904426e-01 2.161725935519883457e+00
1.050528722555917671e+00 6.387401068173732543e-01 2.041431792845617821e+00 7.344684098968848884e-01
8.989031933150815057e-01 2.543241873191266045e+00 8.607403570079439348e-01 2.399849707031983304e+00
5.411814106153044895e-02 4.899422455050805175e-02 1.740659361464335086e+00 3.722468754184516948e-01
6.643780755416029971e-01 1.764215019597526746e-01 3.199486820370219253e-01 8.290003052157138841e-01
2.403811020578219715e+00 5.841930773486769118e-02 5.444118931583467047e-01 2.546631360615472683e+00
3.280121221830008538e-01 9.706863842085743377e-01 6.074403574041120635e-01 6.603126998805343151e-01
7.832949425019286593e-01 2.148498202890802400e+00 1.599647466820222519e+00 1.335447361993666204e+00
1.266788213727513934e+00 6.678708052113654370e-01 8.571095807654701693e-01 6.156861954578800589e-01
3.056308754310559817e+00 1.468461896422048607e-01 1.295045642234737837e+00 5.375836595107303939e-01
2.330068825255308340e+00 4.859263722433933008e-01 1.083792888906775831e+00 2.001195983725893690e+00
1.666668668689857302e+00 1.464870892221835419e+00 1.888376243226797868e+00 2.384320857958096340e+00
7.111401558750105600e-01 2.297316914845211056e+00 3.290122863982550827e-01 1.923191040286942322e+00
2.633044071674336406e-01 5.331131943771406645e-01 7.316675048547581495e-02 2.302321706133067636e+00
5.305761603424888895e-01 2.937968574123994259e+00 2.610032422897382798e+00 2.358333050632629213e+00
1.575334705240610811e+00 1.527969635966122341e+00 1.419969274536926340e+00 1.554253655412596524e+00
1.217528336915582932e+00 2.363696568326190128e+00 1.757489268297544927e+00 1.488070650536137407e-01
2.437048542658409644e+00 5.174106088008144644e-01 9.496261310472038364e-01 7.280219565647856328e-01
1.450119754133230687e+00 2.718329316259163075e+00 1.164395695471957204e+00 4.527452864736506988e-01
2.765632642528015883e-01 6.549875010029618805e-01 2.478272473044392576e+00 2.213436197070332678e+00
7.600941206156714980e-01 3.068738352163289385e+00 2.321537649765815559e+00 1.099543247472930974e+00
2.792150880990417416e+00 9.045058459913488669e-01 5.635238040358088174e-01 6.371109375199631719e-01
8.185231356694453453e-01 1.255605659143609332e+00 2.790049430051950163e-01 3.034729932860600332e+00
1.396849687934271968e-03 9.835595277460095209e-01 9.210710577863269188e-01 1.599155680411968872e+00
1.954009099035692865e+00 5.512033407433142296e-01 5.364406640808648818e-01 8.670151997229911256e-01
1.400349952483211480e+00 4.166602741041991464e-01 9.966225708097888880e-01 2.078607015404881686e+00
2.249727406005849861e+00 7.329415766864884052e-01 1.979083885830570377e+00 2.050000071415460923e+00
2.613712273367773342e+00 1.503595011843054996e+00 1.342590166853272038e+00 3.478508655674463212e-01
2.706587719362238076e+00 1.132444549564875169e+00 1.767071626647266802e+00 1.203855478702174908e+00
9.381244769625656232e-01 1.574001531781570318e-01 1.448476550365698501e-01 3.047826090910324748e+00
1.907767028436163415e+00 1.001619800472561606e+00 1.818837860454394217e+00 1.445897283719019266e-02
2.457526064260302956e+00 2.548298174101164548e+00 2.126292503920202304e+00 2.483024521103955884e+00
1.732843064592659577e+00 1.435849768788074687e+00 2.132800333595185727e+00 7.737904367869102851e-01
1.162658124165764972e+00 1.757322886683254093e-01 1.285287718577381888e+00 2.001524487638406402e+00
1.572770509355850610e+00 2.516063144364652504e-01 2.567755452348032819e+00 2.045346854503969247e+00
1.736541551046358434e+00 1.600604163900884336e+00 1.640566580638811667e+00 2.802418007320054971e-01
1.044181577819426110e+00 1.915229297863863644e+00 4.515200379208846315e-01 7.969669962476895186e-01
1.221720569112612287e+00 6.063034579232000620e-01 7.160500782377638984e-01 1.436700899989059366e+00
1.305446417903542766e+00 6.672525810997028684e-01 8.643152806916116759e-01 2.921521359940734364e+00
4.997941991905885950e-01 2.198035388016067238e+00 9.611241778540798864e-01 3.040337638448138424e+00
2.511693943192691680e+00 2.629971292959881191e-01 3.029519875600411027e-01 7.260240339961995248e-01
8.986110545082270917e-01 2.744019024279059638e-01 2.929766029929698590e+00 2.381163451100844597e+00
6.186487302235335051e-01 9.500956693866988712e-01 1.641259311990918013e-01 2.565670882031906519e+00
3.036952907064916385e+00 2.946611433238306432e-01 1.670053386293655961e+00 2.398640284025322256e+00
1.386876116811820436e+00 2.623148659733480770e+00 2.694495483304519823e+00 1.053900988855744458e+00
3.633275933744783970e-01 7.115008193947174320e-01 9.688507445361044246e-01 2.094986596232617959e+00
8.189290246170352616e-02 9.737423098883812855e-01 4.290926250833350664e-01 2.592249740125466495e+00
2.589177781042673043e+00 1.615958999402317797e+00 2.704168984932359798e+00 4.088881694670525868e-01
1.073442125898957711e+00 7.849987483843430258e-01 3.025018538510073185e+00 1.891713858896678202e+00
1.817059139187870986e+00 2.523885951253707738e+00 1.320550783687115315e+00 8.181001240193869206e-01
1.111679181417478679e+00 2.430106432452074916e+00 4.639601487824276949e-02 2.203789269081025015e+00
2.180051627700167138e+00 1.234018567437449976e+00 2.108436119616679261e-01 3.066047443396166194e+00
3.510408193421841183e-01 2.680071534414101730e+00 2.671590433913284546e+00 2.231947024895685860e+00
1.025742172628818061e+00 7.617238773279596531e-01 1.110580093425573622e+00 2.431701838039207697e+00
3.069012647560548146e+00 1.885168265743986105e-01 2.864126783061490933e+00 2.364319029965322283e+00
1.452049001500242964e+00 2.796361562456564087e+00 1.410877623998354702e+00 2.397859666909248066e-02
2.115917722833134396e-01 3.796716451262184822e-01 3.373094833548375693e-01 4.610111485936795317e-01
2.852288160522775229e+00 1.414025351738882996e+00 2.892456820599163425e+00 1.160173432197753485e+00
1.962829405562913188e+00 1.983945780503348244e+00 3.067494970955100708e+00 3.086681413862567780e+00
2.473627909496684651e+00 4.433022347144239816e-01 4.163340114075597120e-01 9.578454203367885444e-01
3.101533011004450113e+00 7.232730689841355975e-02 1.024945381000092803e+00 1.969215756151813768e+00
2.722051856855115304e+00 1.136171276421787280e+00 1.740354554893772443e+00 5.896014791950997536e-01
1.988934739935313889e+00 2.247298834337088547e+00 1.802139665628657017e+00 4.406389637258364411e-01
3.032079572342815776e+00 5.101656585675617972e-01 6.421385582377021617e-01 1.798336183825309131e+00
1.887561061255498052e+00 2.952733496058546625e-01 1.022820441371167455e+00 4.657751470044432796e-02
1.685771120144898383e+00 2.364633069327859438e+00 2.442881505076175408e+00 3.624430813844090604e-01
1.797183996099153136e+00 2.716314166780106065e-01 7.716944274219443844e-01 2.237462073936386187e+00
2.587366262941405815e+00 2.104916088539075414e+00 2.668972236903587980e+00 1.656777098560513695e+00
1.058055666982593346e+00 1.471923470926598476e+00 2.302681929247063941e+00 1.960094185569418723e+00
2.358352269730216388e+00 1.019253280073003864e+00 1.039752296095508122e+00 1.778685670436164878e+00
1.690840532193592649e+00 1.040053950116497594e+00 1.510565004346034579e+00 3.012942046279423636e+00
1.842909398625964590e+00 2.784758063180436061e+00 7.627947900407311410e-01 1.568653480931506972e-01
9.113624943430458369e-01 2.486112511961925620e+00 2.796616742966482327e+00 6.922248987104179241e-02
1.666649145268483512e+00 3.372899941087856290e-01 2.511978944529022595e+00 3.675783027890467958e-01
2.208974677264818887e+00 2.663599469125524699e+00 1.775582386502319920e+00 2.081075338641996009e+00
2.959017753442826137e+00 4.592670082186028346e-01 3.124316170665719650e+00 2.876400076254946647e+00
1.269392911918929556e+00 2.656102842025175104e+00 3.068955168978172665e+00 2.685536095615885799e+00
4.463385053661354518e-01 2.804503830894670369e+00 7.698911640285264202e-01 7.782800184603143601e-01
1.637943660074198948e-01 2.514062519547816787e+00 8.541179970179022529e-01 3.035957019962994163e+00
1.391784984825862603e-01 2.438936846489895838e-01 8.996701918485870975e-01 1.255024206463197234e-01
1.920311665884112839e+00 3.480832056115788498e-01 2.853823977223185260e+00 9.984239976850570741e-01
1.594892696533389831e-02 1.850611907494559727e+00 2.299164389989652779e+00 1.991348065443631077e+00
1.161980354827301998e+00 1.866496606091405885e+00 6.067329009961579533e-01 2.720234369452004142e+00
2.773541148919075994e+00 2.379232769492781063e+00 1.868278354485686021e+00 7.746312662771078772e-01
6.431250700780901663e-01 2.434004520571672714e+00 1.136047705510334627e+00 1.482639856231983133e+00
2.326892888474311194e-01 2.397058564010498660e+00 2.660863530186029724e+00 1.950771595504741107e+00
2.914135043851183937e+00 3.399209787276865069e-01 1.839968739500041917e+00 6.791485508751151645e-01
2.322980149990299670e-01 1.902576801506220772e+00 7.025797896249493801e-01 1.683360332566347761e+00
1.031376805027913734e+00 2.860367658045444461e+00 3.957032621958978535e-01 7.169784605042069936e-01
8.408202544877917406e-01 1.030639509062364123e+00 1.563054435794433705e-01 2.934729890902975757e+00
3.727230145393320426e-02 8.042726947303602270e-02 3.126267250620383908e+00 2.140058038586047651e-01
1.209048795861047854e+00 2.149818139861864097e+00 6.593362797235023942e-01 1.147163994470193460e+00
2.799698256615315017e+00 4.052562152470026713e-01 2.227137737740419732e-01 3.314591034009091164e-01
2.904345109397153291e+00 1.742674872770700878e+00 8.095941638502148763e-01 9.319123505874018498e-01
4.352418997109522292e-01 2.519419716875474169e+00 3.887682108270514025e-02 1.568481546712966246e+00
4.642549631335627924e-01 4.011700905608533430e-01 3.227697919399981075e-01 2.845528489687234597e+00
5.038090109956870899e-01 1.996647018893224768e-01 2.874315181490967763e+00 2.368578293110603195e+00
2.531537483740501138e+00 1.706431076323811302e+00 1.269172001265105598e-01 2.468895028624562116e+00
2.295522679128409571e+00 1.550951891103438118e+00 1.062736959341654464e+00 2.929770393931001138e+00
1.433636405595998697e+00 9.739694404031025154e-01 2.453289807599155825e+00 2.611991223861596587e-02
3.097403347692938791e+00 1.818160653405409777e+00 2.346732579806299235e+00 1.487593132570890209e+00
1.235296446436179529e+00 1.008930838562097199e+00 2.531236150816486674e+00 4.346389585330151517e-01
1.666707772959095113e+00 3.111487762546063074e+00 2.614127435298119639e+00 5.866324804297026185e-01
1.303249250479653565e+00 5.109341426186485569e-01 1.810828779522106302e+00 7.768059010493791883e-01
1.111569536614873455e+00 1.761064934201684418e+00 1.389195845922403416e+00 1.279730808596294844e+00
1.717539552760044330e+00 2.843502748419874937e+00 2.891444941965177318e+00 1.802535652476774386e-01
2.642477497676555820e-01 1.049916550534232051e+00 1.527852466716926427e+00 2.832204553050372553e+00
1.025307100325255849e+00 2.884248469695190220e+00 2.964522096930463313e+00 2.312765796455914291e+00
2.032285686137838443e+00 6.515575001561596524e-01 1.063737442570069636e+00 8.091613339380299141e-02
3.387379454767692200e-01 3.270703618665716794e-01 2.443917806384341862e+00 1.588288494171343102e+00
2.144336615844825378e+00 9.895005466930111016e-02 7.617931901106401726e-01 3.356329701933561532e-02
1.574792063769338890e+00 4.712835253222050214e-01 5.712789372204784000e-01 3.016819229998448648e+00
3.102793981705709303e+00 6.234636123121367612e-01 3.121797071751650332e+00 1.115384456874778829e+00
2.965129082728799048e+00 7.972795879156462373e-01 2.598404829771953306e+00 2.216775210453639566e+00
1.155021852952712536e+00 2.603749291660650833e+00 2.193535787526287528e+00 5.678903277324488519e-01
2.751835951820754911e+00 3.051091825811441893e+00 5.429059185338972471e-01 1.421297822235667585e-01
9.417251666424079071e-01 2.313113552463133438e+00 1.579603187365597572e+00 2.851596771365054739e+00
1.688758943645736421e+00 1.753291593792773329e+00 2.241598349637885956e+00 9.967021987133328764e-01
2.720533120323135101e+00 1.553559213105109915e+00 9.393803618056187354e-02 1.069017438362737549e+00
1.697691867539728783e+00 2.704253071112292517e+00 2.698389166481589996e+00 2.633333879113647580e+00
1.160141182307615315e+00 1.159041950321505698e+00 1.429637128246334932e+00 2.039960911609088434e+00
4.472452212171784125e-01 2.101952420531770560e+00 2.213578182377203607e+00 1.416670326035653904e-01
2.051042036651816947e+00 1.500509964250479333e+00 8.596114806447255896e-01 1.960364572073243217e+00
3.135333749031901984e+00 3.540966245892402386e-01 2.135742016977851598e+00 2.001152596309900833e+00
1.582915154977775352e+00 2.842888445565355138e+00 2.349145312414780751e+00 2.253294444354546844e+00
2.901222866636388176e-01 2.099375616047826743e+00 1.055530659227354562e+00 1.087063485815215280e+00
4.919462979057006580e-01 3.987544470306979005e-01 2.681814264968664929e+00 8.528450283185721181e-01
2.665446304029948088e+00 2.951619039972859238e+00 3.129481185362617435e+00 4.877929495744354749e-01
6.080288918049620017e-01 1.414505848790416298e+00 2.213416654098574465e+00 2.776188755930522056e+00
4.574252223925753813e-01 1.579201490408161046e+00 1.697346793189878467e+00 1.330265922082966235e+00
2.446570641219516062e+00 1.598502168418266534e+00 2.810925898351644747e+00 2.798270608260777781e+00
2.271460485990549394e+00 2.764578509770926118e+00 2.350492187880139361e-01 2.894850238343859239e+00
1.522735611274321554e+00 2.524629706813069419e+00 1.184938465187155732e+00 2.865078699745923885e+00
2.323680066547416434e+00 1.210908535078248471e+00 2.830122705841818576e+00 1.620480379678192362e+00
2.823245798838560638e+00 1.309098465070134720e+00 2.285667677967601730e+00 4.992927170819358440e-01
3.022662300250958722e+00 1.291668290642837169e+00 1.769312308692653435e+00 4.514682626353546668e-01
3.087335150512475757e+00 2.183164410791055055e+00 2.595470710050695740e+00 2.706455454229125479e+00
3.005515632642698609e+00 2.234452894739741069e+00 1.404219403540766020e+00 1.480600368193270233e+00
1.871350435805877455e+00 2.651828514021718153e+00 9.118932375552906144e-01 2.108618530126820989e+00
1.983993280541839432e+00 1.690230318419804645e+00 8.363069473813562471e-01 2.001353763527950580e+00
2.049864555221124984e+00 2.711654448770774106e+00 1.858943727451297434e+00 1.828519230565912812e+00
2.931094394829804273e+00 8.943677333200794610e-01 2.102186901637406180e-01 1.680851563546576388e+00
1.394571788485386321e+00 2.906669121774918096e+00 5.796612549886619448e-01 1.651316794835915758e+00
2.495754010824914104e+00 1.957284495164760552e+00 2.925428315018938186e+00 1.498291068169214979e+00
1.479058025576806212e+00 8.824018415150871597e-01 1.729811357891971157e+00 2.045481138059377368e+00
1.862788609482903812e+00 2.220060246729040898e+00 1.330852253591047862e+00 3.603220058422674787e-01
1.356175679993254057e+00 1.568232302096906450e+00 1.953199029367624684e+00 1.160445723923929084e-01
5.153728763432979809e-01 3.065779215500827881e+00 1.440892813954551821e+00 8.110091934188202734e-01
1.721622030665725500e+00 3.016434559850265096e+00 2.258037735839050000e-02 6.954908437930730214e-01
1.644686951125543084e+00 2.528558525251639821e+00 5.691755710429099446e-01 3.342888040243882086e-01
1.047955285502698120e+00 1.956952285060044483e+00 1.736390519879333905e+00 2.224416220096322228e+00
3.597563325278217705e-02 1.934841539563506130e+00 1.258125278890103171e-01 3.721512683966091695e-01
1.238189076271190014e+00 8.198170416242700487e-01 1.806304529051565355e+00 1.587842453496596251e+00
3.608588124406058029e-01 7.196197671322009937e-01 2.468081994467345552e+00 5.350669058392777400e-01
1.404748941524169403e+00 2.755705462270388928e+00 2.465624746881317719e+00 2.988690982914050664e+00
1.025147014208207086e+00 1.077893897253283439e+00 1.807768397067184063e+00 4.466920506125595519e-02
1.616546074316193904e+00 2.574703137850815615e+00 3.080401264546316131e+00 5.600942814720739626e-01
1.865863254880278932e+00 2.981625965199260264e+00 1.551188836221710776e+00 1.428340805637226207e+00
2.016973014981286560e+00 1.839204578838589788e+00 1.572588759038498152e+00 2.223969185833221118e+00
2.565761139878731445e+00 2.624927407775539567e+00 1.922591548731817035e+00 2.703347756867922502e+00
2.146268933024027881e+00 1.782885910483135161e+00 1.380670308190720397e-01 1.307904783895969203e+00
2.488429856959278208e+00 5.793776889845704270e-01 1.094004137264747323e+00 2.608718205435378579e-01
2.828063395758042109e+00 7.762911782463342847e-02 1.818556196234353939e+00 2.386519779172870059e+00
3.130011585182626010e+00 1.593434211909000142e+00 1.131301369062290618e+00 2.033544295626128928e+00
1.074301516899870190e+00 1.894852406391188460e+00 1.016767863969288976e+00 2.247459380846769772e+00
1.462924016718216036e+00 2.969415822298897556e+00 2.572597578485730008e+00 1.047617999352058044e-01
2.427425860323656259e+00 2.698048529812358431e+00 6.889507921521769163e-01 7.952564185069528335e-01
2.150883390880662827e+00 1.947797068134495158e+00 2.494920377210974483e+00 4.236120514632637502e-01
4.094396622116511231e-01 1.952801050108155190e+00 1.310105812256501245e+00 2.378079979272226030e+00
9.728424080769415561e-01 6.501040079569523344e-01 2.615925486315044513e+00 9.229758888905164049e-01
6.941828284097395496e-02 7.548744244594586261e-01 7.085826112276105704e-01 1.798359585288682450e+00
7.942060130929290418e-01 1.236847295591426699e+00 1.734862468740477670e+00 4.528584246155083481e-01
2.309000989780548352e+00 8.581314484783841845e-01 1.991707738808713435e+00 9.518671605223653076e-01
1.793210381110103668e+00 2.159545635481528170e-01 2.237414791975692818e+00 2.440561194194793337e+00
8.359575695207659141e-02 1.349305588273965073e+00 2.775076796811763558e+00 1.070735256783100997e+00
2.055434260190747431e-01 6.964219760084896516e-01 1.697389906868154164e+00 2.730553206551439072e+00
9.343975795727996747e-01 1.592749188366163970e+00 6.483446371937509056e-01 2.163671990938025314e+00
2.019276008738335015e+00 3.092757380511777510e-01 1.024885307012453062e+00 7.846203659530854857e-01
2.232381359203583049e+00 2.181473174422872585e+00 1.209528269388026045e+00 2.662253217838924435e+00
7.048367105938642130e-01 1.676474117416125509e+00 2.311349616544650321e+00 2.016200967452692616e+00
1.534584458619689951e+00 1.918809381708038275e+00 2.593825557514615632e+00 1.454908050351980897e+00
9.668883386792701540e-01 1.481889553581437369e+00 3.050655580904349851e+00 1.721192132714628231e+00
4.166212483573882852e-01 1.720449692483681514e-01 2.373401118742083649e-01 1.844024446090465119e+00
1.686690371056364546e+00 1.221266779456178897e+00 2.937920999090626317e+00 3.019172300557824151e+00
2.612581124107667740e+00 2.664959529973041086e+00 1.830655563425230836e+00 7.744263092541793236e-01
1.638747896375732482e+00 1.751911735542098780e+00 2.974428298898355028e+00 2.466332735218042860e+00
1.282145410977514999e+00 7.879876995981356380e-01 1.888837663428988289e+00 3.026515709049387048e+00
2.343821150212459070e+00 1.281015476502783468e+00 2.103001472962144014e+00 7.160269759355174513e-01
2.768070809476689043e+00 1.174235237365546913e+00 1.241257253501843572e+00 5.628511143676212525e-01
7.760264148500638504e-01 2.327664619758684772e+00 1.660783064973667900e+00 6.429586397854826219e-01
2.368741661580237245e+00 2.930626539111683471e+00 3.059621523703843771e-01 2.895613686970291756e+00
7.245007927636052392e-01 1.936496496699531278e+00 2.209757339073600946e+00 2.778568277825101074e+00
7.867283283298973640e-01 1.496329780022911393e+00 5.628339799613371053e-01 2.842365525766822998e+00
6.345236466445868251e-01 2.111543764018747993e+00 2.177166387873402886e+00 2.326195242539411900e+00
2.217521215391650077e-02 8.331577571970936180e-01 1.673071223607404123e+00 2.058210878756507878e+00
2.165300822906953027e+00 1.822051127419743066e+00 1.617472700936218866e-01 3.448020085666983481e-02
2.592701437113474672e+00 2.532097355709687747e+00 9.091213957939360268e-01 9.885014010918944383e-01
3.828043304050945395e-01 5.169187876026603012e-01 3.020743548107429177e+00 2.848915618622911428e+00
1.642289657105804546e+00 2.544483233127011967e+00 1.763145095832993059e-01 1.724561171333125920e+00
1.057275366879055989e+00 2.660805557999376347e+00 2.903417557480732381e+00 2.449588731623989268e+00
3.003743029057648339e+00 9.829594031326365222e-01 4.879732376985338460e-01 3.127014112562482850e+00
3.026490297589023548e+00 9.823169736763350812e-01 2.007453615889478904e+00 9.141116085754158460e-01
2.932259663856357168e+00 5.513760534757855547e-01 2.154519068208249788e+00 4.227808182588288499e-01
1.775591682518924852e+00 1.175631892236291165e+00 3.017081701122449555e+00 2.235171459864407240e+00
1.407458760460017277e+00 2.238060978080845587e+00 6.298065914385095887e-01 2.506984359522987926e+00
2.407559733641201127e+00 1.376563161688808989e+00 1.302476691168313883e+00 2.539871390617281843e+00
6.578465399340317488e-01 1.567814945063684906e+00 6.936065198945013943e-01 1.379900001320251146e+00
1.747346706778013292e+00 1.659883072405253568e+00 3.035570930160938818e+00 3.042230087014105688e+00
2.200965910425091820e+00 2.234945855736751863e+00 2.188511130692472051e+00 2.346729717237654445e+00
2.806823313138265608e+00 1.176967159747884351e+00 1.438964378246914810e+00 2.778860438834717117e-01
1.862169874578286199e+00 1.325629117336686036e-01 2.750244894466076784e-01 2.055697982247976618e+00
1.058000023260512901e+00 9.784067690979429965e-01 1.162067198224583375e-01 1.682190692216203320e+00
8.524340350143442269e-01 1.632623649463731841e+00 3.133941516439375352e+00 1.096106842304399809e+00
1.002876286397509364e+00 7.114853741643278884e-01 2.881102866222608472e-01 2.190513145993831845e+00
2.771065672368643096e+00 6.618714997493460594e-02 2.180581588181322417e+00 8.914248633017127776e-01
2.853193245064311157e+00 2.652765580498539499e+00 2.488520825919808388e+00 1.222886933450855640e+00
4.300960810187077210e-01 1.254104497401728580e+00 2.257008516831991329e+00 1.762715600454408449e+00
1.171751690185671935e+00 1.835912894571510634e+00 2.803001471828782121e-01 1.593225906375752843e-01
1.687864969253336511e+00 2.927067570731908486e+00 1.313492197734735800e+00 1.388487580120073339e+00
2.954893581063013919e+00 3.034355025571763953e+00 1.627117527904912153e+00 1.024202358665006418e+00
2.315908078607890330e-01 1.741468510415264959e+00 2.364857339997762153e+00 1.563072493943430175e+00
6.040860536911065726e-01 1.456817578865013507e+00 4.034677897690688297e-01 6.127606168716953627e-02
5.159514115875972751e-01 1.428010972224809105e+00 1.117612713437685201e+00 2.915856320535983315e+00
1.848388990135582999e+00 6.254197515225081716e-01 1.819979785649821658e+00 1.412270330372475069e+00
1.919230806352470120e+00 1.390384929317537432e+00 2.938431518178501012e+00 4.003673313445335058e-01
2.595351653938357650e+00 8.913033078524009722e-01 1.275109980014542677e+00 2.666466799576086011e+00
1.361139583895646821e+00 3.390185491861201772e-01 8.889033527474072827e-01 2.008445112964994284e+00
8.397948766114722297e-01 9.327256208011388550e-01 1.607641937315080760e+00 2.843276679998907319e+00
2.247506587678317569e+00 2.584154882124601454e-02 1.815215309242272479e+00 2.176176828525836715e+00
2.005450512781600914e+00 2.048187004283920754e+00 1.434971873878838844e+00 4.495134288800818889e-01
2.384607338707523727e+00 1.365264165186370393e+00 2.924696140642552677e+00 5.078117816543064045e-01
1.860540741151209820e+00 3.029313361735552323e+00 3.076364608866469563e+00 2.894284164198744680e+00
1.460548853155474669e+00 2.490405559724963247e+00 2.220476008336903506e-01 4.024346060837482586e-01
7.752787828918522584e-02 2.136583516101566715e+00 2.526976513949329206e+00 2.089082973681973154e+00
2.927616511011034373e+00 2.505941761067986273e-01 2.583985486217749372e+00 5.792496831350384401e-01
1.178276802729681716e+00 2.458385655227087602e-02 1.572729989019955532e+00 1.521792112595666824e+00
1.581873680084174838e+00 1.415469639613234021e+00 2.801109489103898564e+00 1.463128162294815793e+00
1.916999621228191897e+00 2.998079830093695275e+00 1.770998367580837840e+00 2.736734684917316418e+00
2.862764389028694678e-01 1.362229622498623005e+00 3.066538912582096987e+00 1.915928692310062909e+00
4.506445145444842870e-01 8.935312284736965927e-01 1.791193773774824916e+00 2.599785201065851759e+00
1.928636044657884852e-01 1.147612874677167882e+00 2.868607050811827097e+00 2.203512034946355058e+00
1.540615385703177909e+00 2.980894522570093574e+00 1.372368491837525850e+00 4.811770679558657893e-01
1.523600202285263494e-01 2.048452457709253327e+00 2.904171397907926000e+00 5.290306636201195234e-01
2.741470097362450176e+00 1.457779197735887822e+00 2.867762064648509579e+00 1.859299321784045000e+00
7.635103409980275035e-01 1.643759626782818950e+00 1.330620119795865364e+00 3.026329964135749506e+00
1.710516090568216629e+00 2.559341362068505710e+00 1.255585727890307313e+00 1.068410983424817662e+00
1.112824581327505946e+00 2.928052447941605685e+00 1.851761720696113889e+00 1.392826004465589795e+00
3.044433218615015146e+00 3.311024041589963884e-01 1.761817987062906932e+00 1.287730990538505649e-01
8.963101904089319782e-02 2.242194287601069203e+00 5.676598117559782108e-02 2.883666024659377491e+00
2.584232118760508179e+00 1.603213517649239250e+00 2.335470165604852433e+00 6.053045495964677614e-02
1.269129689604628464e+00 1.040258076940455689e+00 2.460161027114784460e+00 1.048558650906502354e+00
2.598433727751425781e+00 1.481810434967700374e+00 1.519695605751864909e+00 2.490423994314153511e+00
1.135668170858548542e+00 7.921656232446141477e-01 1.428428562306292227e+00 3.404451131726657365e-02
2.001939042397910207e+00 1.291422960684824206e+00 5.717510740126074964e-01 1.416936758659117945e+00
7.365537728148633390e-01 6.945843030668055196e-01 2.276248821171219294e+00 1.513963182720387879e+00
2.150588807365309219e+00 9.734452658629351163e-01 6.346078679699047598e-01 2.021291483924034793e+00
8.182843434346869227e-01 2.208588250875154646e+00 8.332969812887232042e-01 1.362576811843386970e+00
1.030528582094334400e+00 2.209505642094851563e+00 8.500641712856998877e-01 9.314200774273397876e-01
1.302494596647153946e+00 1.220775449074173569e+00 3.620311408385282759e-01 2.579426019141344284e+00
4.296718825544727782e-02 1.579168803682156896e-01 1.331027377423987135e+00 2.092923974216128968e+00
1.694697051926911391e-01 1.305289538754855316e+00 2.927006505150655968e+00 2.933263508904953465e+00
9.703024627874643482e-01 1.429938664842891116e+00 3.672412029851064852e-01 2.176152844369806660e-02
2.382943855363032881e+00 2.664075010963787626e+00 1.140334291432426816e+00 7.657244057471588317e-01
2.509511886661570212e+00 5.905502732058762888e-02 1.769084547416504893e+00 2.361154897474319281e+00
1.047120246486960671e+00 9.191500183687881798e-01 3.119603317727038139e+00 6.406381760106445444e-01
1.215873008577308262e-01 1.811336964250564341e+00 2.002286938362918267e+00 2.411439198839111953e+00
2.800862967032565543e+00 1.200380885744137593e+00 1.390224416199182800e+00 2.534704629848554713e+00
1.762973089641989288e-02 1.467359909807471441e+00 2.473062557799078576e+00 1.997313374705293354e+00
8.727118548429109168e-01 2.491463118813373345e+00 2.988676434355048706e-01 1.943009352378451515e+00
2.545995311229818370e+00 4.945507565923082383e-01 6.999344803051185115e-01 1.916127175833025609e+00
1.130040691793887220e+00 2.403793829940032101e+00 8.986898965697602826e-01 1.832392638673548069e+00
2.239507642059400006e+00 1.761840727935442663e+00 2.021920983955167173e-01 2.644895384151704665e+00
4.080894255351789068e-01 1.707707035704946863e+00 1.203649285252523349e+00 1.150057518469586482e+00
2.829500256190562446e+00 2.123107375787159690e+00 2.628653717964131609e+00 1.986913482373752426e+00
2.045050427633687828e+00 9.205526403995175633e-01 2.713530107264494617e+00 2.403179458375701127e+00
6.084642955917719531e-01 1.973851347757002772e+00 2.122138979863493202e-01 2.043732290680780883e-01
2.964129558844253332e+00 2.681130120393083072e+00 8.955883070594624629e-01 5.411371990022579848e-01
2.336984984246113228e-01 1.911165547937664355e+00 4.112815807017680125e-01 1.497068086175211477e+00
4.621806534696867863e-01 1.872708426054106479e+00 1.936595433715002423e+00 5.442741063876765928e-01
1.992303639583631547e+00 2.538979518554632886e+00 2.876661639492225087e-01 1.004187139731677947e+00
3.017722758216842216e+00 2.416112285740278920e-01 1.518070729509757522e+00 1.288636112388905408e+00
1.960689999454140686e+00 2.206283293990465300e+00 2.852120743609315667e+00 1.436553398508130908e+00
1.725534014898810531e+00 1.780951802943057105e+00 2.330870014961051950e+00 5.780946415043747288e-02
2.877257961052244184e+00 1.743465190845931767e+00 4.890143953424557766e-01 3.092975799242294155e+00
2.043711667269501930e+00 9.164307921294131964e-02 2.478264828644067386e+00 3.108095542395461486e+00
3.126525609046193477e+00 3.367613623648965659e-01 2.286864515297320377e+00 1.337277057447896711e+00
1.509431365181712170e+00 2.135994145727857507e+00 1.109615876781492316e+00 2.614356807285534767e+00
1.037446441520400331e+00 7.992475919570467546e-01 2.969983946008619924e+00 2.982061431716505950e+00
3.008110540172018954e+00 1.769301274278249680e+00 2.514329459610243678e+00 4.723744271265031269e-01
5.148443529653834450e-01 2.538276003030303318e+00 9.214950601455759172e-01 5.426028274645974259e-01
1.375819800126021564e+00 9.824155440579742660e-01 1.656014817569776199e+00 2.030907239210285375e+00
3.256239374989913227e-01 2.087735504856260693e+00 1.584366890981358633e+00 3.466830087860856696e-02
2.588974159499026761e+00 1.943596993193919542e-01 1.429072550434300926e+00 1.993781151726720324e+00
1.012502596889214290e+00 1.476192607834893700e+00 6.838731291646265968e-03 9.277499121250063485e-01
2.810429060224971298e+00 2.990730741720715624e+00 2.182054537854117571e-01 1.251996977686886448e+00
3.044105510983941887e+00 2.729321313543502825e+00 1.557165016435630989e+00 8.793532403775536910e-01
1.692439720803952330e+00 7.029816970352836814e-01 6.318813304582788781e-01 2.569383196621611187e+00
2.377566763137437811e-01 1.010708639477862159e+00 2.780334160151177070e+00 1.346621174684861311e+00
5.065656558874668258e-01 2.735088050872898080e+00 1.081700767839610444e+00 5.433438425880252609e-01
6.415150985855779808e-01 1.714560930144293671e+00 1.107972450380746876e+00 2.343203169557727783e+00
5.166319818379180306e-01 8.915240162163629023e-01 4.121986443451892690e-01 1.552265593641337427e+00
2.258132634217998036e-01 7.936114217239264024e-01 6.227181287176827285e-01 3.005685236285668971e+00
1.314634612726953700e+00 2.410727386248246784e+00 4.157636624478439624e-01 3.740673141881900032e-01
7.895471006956615856e-01 2.743199538010820948e-02 1.417166624566878808e+00 5.182588596648139978e-01
6.728697689972359397e-01 2.337463662104741324e+00 1.899834304518741801e+00 3.073555241365972357e+00
2.689329811068709830e+00 1.523620779344208032e-01 5.582810820011497865e-01 2.047397517414207169e+00
1.290899061559286132e+00 3.242114947870939901e-01 8.046531296346945972e-01 1.965622745298203355e+00
2.863651777445405333e+00 5.967911753534924646e-01 1.826808843227671453e+00 2.532599503530082341e+00
2.533970703827387538e+00 9.850374564794138754e-01 6.322493685195431645e-01 1.838771440414020963e+00
1.254031440662888297e+00 1.686835783815988865e+00 2.485742756499225603e+00 1.867331794807931766e+00
3.112944948512366139e+00 2.940481004008473676e+00 2.682281983333518749e+00 2.867104106161556309e+00
2.630853955923179388e+00 1.818307987391196701e+00 7.448720109201273365e-01 1.204907831572459842e-01
2.987386703333040572e+00 2.056496803859394207e-01 2.705564523288379597e+00 2.775242293236688695e+00
1.484537397450119700e+00 5.568388977558025310e-01 3.076639952443615655e+00 1.159077489999600585e+00
1.726860369678390184e-01 1.914229893328742937e+00 1.903369570407023481e+00 4.944313822973502859e-01
1.540784650312401860e+00 2.059691023300057378e+00 3.134955404094397213e-01 1.720325036330894397e+00
9.819430636247580280e-01 4.610148204759460105e-02 1.627710052335895385e+00 2.279870161286374763e+00
2.005724053825188591e+00 2.403003908393229526e+00 7.354510990967830786e-01 4.413561795130069298e-01
2.215362790214841393e+00 1.175637979425375068e+00 2.739422136038757394e+00 1.026192491182164712e+00
1.219609079033574517e+00 8.036982935236210990e-01 2.128549790435631195e+00 2.737626075693699423e+00
8.321827929609557639e-01 3.174926617183443933e-01 7.641705789257183801e-01 3.933705951761409803e-01
1.170063239434471880e+00 1.315482563985843845e+00 2.244059814689812526e+00 2.599484657483559502e+00
3.443742974958360348e-01 7.814455417516372737e-01 6.510011792316505730e-01 5.277273269696435704e-02
2.896157352819970665e+00 1.094810520531084519e+00 2.685214001495219160e-01 2.924363788700039102e+00
4.890922325748228716e-01 1.341561330947814490e+00 2.421343661360177091e+00 2.294811533018406013e-01
2.207636496774428192e+00 1.848839591847391439e+00 6.432161661341984082e-01 5.180116094370287305e-01
1.087230360316054023e+00 2.598598002018722486e+00 8.375018091118504593e-01 2.306738704532578677e+00
1.610217944671696877e+00 9.611228025872063929e-01 7.297315570898254000e-01 2.714625291251158590e+00
2.329390890434869910e+00 1.039032767383473832e+00 6.945990357387313852e-01 2.258887748897120851e+00
1.313340248580197711e+00 1.989905330504804226e+00 2.687515170127816599e+00 1.202198912240483031e+00
1.144320302729050498e+00 3.385557025856185120e-01 5.777946636044988260e-01 2.985145518065366321e+00
1.959870922746315802e+00 1.059178185887074131e+00 2.299767119165506468e+00 6.573876287819052644e-01
2.898035517530356486e+00 3.082448960769352375e+00 2.391147606780836377e+00 8.964999566433778933e-01
8.848975275380871475e-01 2.577371285244166588e-01 5.145755458277871952e-01 3.033535827484843406e+00
2.558672654912458544e+00 7.488011875408844276e-01 2.784864853852126121e+00 4.973161281897875430e-01
9.293808377357002382e-01 2.563359817266703811e+00 4.886918572826452478e-01 4.424080680341027083e-01
1.785108700134095061e+00 1.608810617914576913e+00 2.660567306102906010e-02 3.236588509129890712e-01
2.091791458400868109e+00 2.765192456182806957e+00 1.908921558143568120e+00 7.933119152210386105e-01
1.444012280204768794e+00 2.961755041190680338e+00 4.758405019105532707e-02 1.943278108455656961e+00
2.985052003835993784e+00 1.655572517519921849e+00 2.770431462417234592e+00 4.404910552888134934e-01
2.548963538450514044e+00 2.012290802829342695e+00 2.859030554208060071e+00 1.268907435592903532e+00
5.458708859381074252e-02 2.092352510006947330e+00 1.350453279598814893e+00 2.375024367924664759e+00
1.525748802603567489e+00 1.891364184687946981e+00 1.962005968047163984e+00 2.300102811019096194e+00
1.832033525291048459e+00 1.433275274693809553e+00 1.268333010595112942e+00 1.304598424866865836e+00
1.872249968715474999e+00 1.214673163408082734e+00 2.668021174911333393e+00 3.116291653582467625e+00
2.873498042740458391e+00 3.015522779386651031e+00 1.784586519022593132e+00 9.909197940858813225e-02
1.758172139701076331e+00 1.156124456825180280e+00 1.172017260064316835e+00 1.773099537434126571e-01
1.839921690865756743e+00 3.706283301148092235e-01 2.233716684968900079e+00 1.594816815032932489e+00
3.100272861589213669e+00 2.413232759001660288e-01 5.762027039518861082e-01 4.205967834759483659e-01
4.584166017572398055e-01 7.423563975325607744e-01 1.916977786695508224e+00 2.575941866596842100e+00
1.451984573336067674e+00 2.275825067950363767e+00 4.815685110389281709e-01 2.902549076748148327e+00
9.893035424011942247e-01 2.763183048132069608e+00 3.032726111526267143e+00 2.210416013877335661e+00
4.215496257711173755e-01 1.707535693279348621e+00 2.662353446188915562e+00 1.078726470420843242e-01
2.469483010648946486e+00 1.845456227403011296e+00 2.531941619605651894e+00 2.766977448340345980e+00
3.066821587041636654e+00 1.427270186902587445e+00 1.422010018609628501e+00 1.380065905670736948e+00
1.109076967819006665e+00 2.976579729602705893e+00 1.677284244158674387e+00 1.578120610269281743e+00
2.554764370810072016e+00 5.957577409519211331e-01 2.358799542055903586e+00 3.070099338525298815e+00
1.077906336969767898e+00 2.506283482474941149e+00 6.195700291936611509e-02 9.362310051436274483e-01
2.519043380522437481e+00 2.803138402918978311e+00 1.574783558342178980e+00 1.908977580672706065e+00
1.531049176303842074e+00 5.115588437230240704e-01 1.378598209883432846e+00 5.954681067885486678e-01
8.226765208669797325e-01 7.919852855705210581e-01 5.561357096476167439e-02 2.946038783160690233e+00
1.135743550954132486e+00 8.671754418818423682e-01 1.926361532007469846e+00 3.086160026001293577e+00
2.048087268706884068e+00 1.733663139715028167e+00 4.038842910668788422e-01 1.959763956712287758e+00
2.312343059373931808e+00 1.431295584097909579e+00 2.610447170920778603e+00 5.483219855005789789e-01
1.092503872101268980e+00 8.922409094376024807e-01 3.471057343521450900e-01 8.506751372913351483e-01
2.011732198583795206e-01 2.924497475823406134e+00 2.488861643042794114e+00 2.925349283744206996e+00
2.254110528811112069e+00 1.118429941185618226e+00 8.222389890875277940e-01 2.264517026673214417e+00
3.028124624213591076e+00 7.296128435090647457e-01 2.196148029736200158e+00 2.475581874123639725e+00
1.077554631002785479e+00 2.519235172337266349e+00 1.608274706131676210e-02 8.013964838166135474e-01
1.472878711664831863e+00 1.224739390841405040e+00 2.907234968332359060e+00 1.942094891141207480e+00
1.331610713101490262e+00 1.648738321685493835e+00 6.767852084216491315e-01 2.771187217076170217e+00
1.051105315133355811e+00 1.462427966026866644e+00 7.265718718817402999e-02 9.413927360970363312e-01
9.014977908878167856e-01 8.207366553702445389e-01 1.906856646343020323e+00 2.417726550985818346e+00
1.430185519281814255e+00 2.405416118000124559e+00 1.094804204971291800e-01 1.449135737178032679e+00
4.163979423273702074e-01 1.169905854050334204e+00 1.103864408528244301e+00 4.877019036872944913e-01
1.277091446386047213e+00 2.271118707664721015e+00 3.807743026229136463e-02 3.618701272507944267e-01
2.255784859852517421e+00 1.327766451626023470e+00 1.144991257153854081e+00 5.062740917744281699e-01
1.017868092219890259e-03 1.008442046747069165e+00 2.466557183870298431e+00 1.677109100012072584e+00
6.579334048334747331e-01 2.033402531022587834e+00 2.736315727802672182e+00 5.145445760188755990e-01
8.749765596251899424e-01 2.601791791409943322e+00 7.598309487007517404e-01 2.979848136554403393e+00
4.184775427145860927e-01 2.554872136764528623e+00 1.702287715351603614e+00 1.615042605150997401e+00
8.178142074427861008e-01 2.245625408086751928e+00 2.820952505614055639e+00 1.638178974408030619e+00
7.949885068622408735e-01 6.505471641515032655e-01 5.657210033907798807e-02 4.788319797930474242e-01
9.079550837589456247e-02 6.592322801785525099e-01 1.670670253045599685e+00 1.252471779282456898e+00
2.090340783961452065e+00 1.608357801284125532e+00 2.161333992301881501e+00 8.061539674050274273e-01
4.843768488706353126e-01 2.526574390433098838e+00 3.645227256491537227e-02 4.568595366496480681e-01
2.693861189202619855e-01 1.433720104927847183e+00 3.016363727421858432e+00 2.931117636351282751e+00
1.604449977952944861e+00 3.061839669157975230e+00 1.199464761337818874e+00 1.822128728670930453e+00
6.647989807944967300e-01 3.047237848523292048e+00 1.321817761847816630e+00 8.093717294768520976e-01
4.348670511897138602e-01 1.092801469951990151e-01 4.483601214370980942e-02 2.765003240180753608e+00
8.091459260743677495e-01 2.496252547166435409e+00 1.471608719554277522e+00 2.486325838281366440e+00
3.285065207481594474e-01 6.988653284428488766e-01 2.863914038325986677e+00 2.419827287262531712e+00
1.723321935898527446e+00 6.649148656279380010e-01 9.871301141711250615e-01 7.286946518878208989e-01
1.778270725926986984e+00 2.968911182254863501e+00 2.017528312699526261e+00 2.444012027644631768e+00
3.493877168851267090e-01 1.217021290177851656e+00 2.634588423902788801e+00 2.744552484609332765e+00
7.644701595389616355e-02 2.762263607769052109e-01 9.599204897878527154e-01 1.989042044731139658e+00
3.599465210739468679e-01 1.272540644845178148e+00 3.127810439895374106e+00 7.752060450037170369e-01
1.306754610350743695e+00 9.710700595988260853e-01 1.263819807025128306e+00 4.582498970450444298e-01
2.138208002726037227e-01 1.647929197252065325e+00 2.435201544288685849e+00 1.190587929525336541e+00
2.940848309612049238e+00 1.934147553151123411e+00 1.692539600507592112e+00 1.424307466331886651e+00
3.063064150608904690e+00 2.603632523385876141e+00 2.735919499798117327e-01 1.487570451259926596e+00
8.868791475365486177e-01 9.213511569109567034e-01 1.008448267479962190e+00 1.280921342552299613e+00
8.448466274398933051e-02 2.790563061712135973e+00 8.295325262771132691e-01 2.912315708952716964e+00
1.463485760583720152e+00 6.283953868624068129e-01 1.338580531188553913e+00 1.640306203959674525e+00
5.640639872849074338e-02 1.449714660380752473e+00 8.059974493560362330e-01 6.562672321591174196e-01
2.040791953733095063e-02 2.508507269521886851e+00 7.851835353713867427e-01 4.389887094080816010e-01
1.445020182177821244e+00 2.894187355163106545e+00 2.546358643506192454e+00 1.280905101405088287e+00
1.647304150190908478e+00 2.953182630298914368e+00 2.714345666709506943e+00 9.827148504694607212e-01
5.042097016126328990e-01 1.829709514412942717e+00 2.694618863498949093e-02 3.079567084805526100e+00
1.600379441137840919e+00 6.465901474434851970e-01 2.833485049326272875e+00 3.007541276713357803e+00
1.916131272889358250e+00 1.457150323118645119e+00 3.017658980975987948e+00 9.794561089160810363e-01
1.188853041977729674e+00 1.941089811881511418e+00 1.501683643539752477e+00 2.602794922628737240e+00
2.432261816932499432e+00 2.805165831247352859e+00 1.211878974052100322e+00 1.457346730742422380e+00
2.409663016405418468e+00 1.078269420120367750e+00 2.890188878379957416e+00 2.003972038312814341e+00
1.503881112373492535e+00 7.085177756195337739e-01 2.905870029983392833e+00 9.527480441651202669e-01
2.559017122487641682e+00 6.091611732475655794e-01 1.097954779969014805e+00 1.022978487087073951e+00
1.011174176919770629e+00 2.900570773093848587e+00 8.079019798820915588e-01 2.944984704572635614e+00
2.647110400726040869e+00 2.060445987346354091e+00 8.124236213965846387e-01 5.252995764014296576e-01
5.394633133316499851e-01 4.370331725412732182e-02 1.899117664145006712e+00 2.695070972018813293e+00
3.061848557694787143e+00 6.017292145114148116e-01 2.703808460253577906e+00 3.097206981062010644e+00
2.207784411804912583e+00 1.977432704413782716e+00 2.307164097100377897e-01 2.246926810891605619e+00
1.541216255410109204e+00 2.326321721837150136e+00 5.651708791455039016e-01 2.509822053818005383e+00
1.043837850614410812e+00 1.186077402008884452e+00 2.036063093626042653e-01 3.033040529814466923e-01
1.577108290299927829e+00 1.655454666766347005e+00 1.265558032901454855e+00 2.821536404434048961e+00
2.999007447022881134e+00 4.764127507915996707e-01 1.536847508295861919e+00 9.202103100841221295e-01
1.090019808929252321e+00 1.403480166096030324e+00 1.443548186802923183e+00 2.823810116033004469e+00
3.044675543054975009e+00 1.558903409481823488e+00 2.447510276957600428e-01 1.396462911331612933e+00
8.598252152415792882e-01 8.180887205426884412e-01 2.695965931818827155e+00 1.276802114440869884e+00
6.487295001502249581e-02 3.072782073620603072e+00 6.609954401379482085e-03 1.381569965199288541e+00
1.329171041476522763e+00 6.150900425552736639e-01 2.897904249159761303e+00 3.116017303454864162e+00
5.563630583620491343e-01 1.890173800013135175e+00 2.572181380911642279e+00 1.660003321498305373e-01
2.457504857798729514e+00 2.494092330784683398e+00 1.261705135502807273e+00 5.310297233080560897e-01
1.274796202918407895e+00 3.134150597453051468e+00 2.488566640276844044e+00 2.912032421402898308e+00
1.445701311608279083e+00 1.165795168137213178e+00 2.972855144975572905e+00 2.987166409363702702e+00
1.072591224783781882e+00 2.422687125629139793e+00 8.861038645500682875e-01 2.566984671782347238e+00
1.182051133343026139e+00 2.257056546594307100e+00 1.003084506581712221e+00 2.097150932029609560e+00
1.178057554381372496e+00 1.942760560549578186e-01 1.357779783688823627e-01 2.029309081529788727e+00
9.504720144329311671e-01 8.369378127415407764e-01 2.160522069755062891e+00 6.507847573301670518e-01
2.695941590087189699e+00 6.354388541712778782e-01 7.867761410995762761e-01 1.479416522554572122e+00
3.078343163627946577e+00 1.848677973006940922e+00 2.155931235838827398e+00 2.250787589239870989e-01
2.083808761929125453e+00 2.851422265059225247e-01 3.067177557157882095e+00 6.670714378183218995e-01
1.356909502649369159e+00 1.883280005686652103e+00 2.206099880970337157e+00 1.979455365235433806e-01
2.678080872057565731e+00 1.244031619598857441e+00 3.688377562786083197e-01 2.842205017137973577e+00
3.062467387288861254e+00 8.976723382665094952e-01 2.193129587756075694e+00 2.506502175536455823e+00
3.123372474269098920e+00 2.392886856371692961e+00 1.142521183585203604e+00 1.384750488883796704e+00
1.734774892861014328e-01 6.078409583676965822e-01 1.798077125218942474e+00 5.082051739267433588e-01
4.090271006461683734e-01 1.265947761331242871e+00 2.047086357947672575e+00 2.306647904329962362e+00
7.125623003913846010e-02 2.901786652859797311e+00 5.906202738523834705e-01 2.096423558777184282e-01
2.682317516991882478e+00 6.194952122177230791e-01 1.552632108985434745e-01 6.119432785335084946e-01
9.364233491853768410e-01 1.803546636284932003e-02 2.099983803609712374e-01 2.706141105779762412e+00
2.047449418932814957e+00 5.138315047827725079e-01 7.185124783424208239e-01 2.823951380304232206e+00
3.948960363407493790e-01 2.016521565912540392e+00 4.718648618609134204e-01 2.345692219201578776e+00
6.160436388078438519e-01 2.896897429130124824e+00 1.692310538304210743e+00 2.006471741394118879e+00
1.281628487116637016e+00 2.586485943282413213e+00 6.943321937466627736e-01 2.023495403684676675e-01
3.774094715219844520e-01 1.648541382168192238e+00 3.093808095294479976e+00 2.319455786415922649e+00
2.783013936530319921e+00 1.998148603598631112e+00 2.301372135754247594e+00 2.638690041617626214e+00
2.383470123099276916e-01 6.433600993847204963e-01 2.580735904610946374e+00 7.696390824338501524e-01
5.576518828261871619e-01 2.531434240656191381e+00 1.269881673786847465e+00 1.485956528226625162e+00
6.896791056379691920e-01 1.294999722078711946e+00 4.568093758784491643e-01 7.730702592371482273e-01
7.126855785062409243e-01 6.674947492443752406e-01 6.069351091215029470e-01 1.890541864986909681e+00
1.530592493425250167e+00 7.744068635245786592e-01 2.185582324947589417e+00 7.991980708167840675e-01
2.320437707719831266e+00 2.164339498894689573e+00 1.417813866934280576e+00 1.121601472232858887e+00
2.695356069749750838e-01 2.064440782004593355e+00 2.845031360856876912e+00 1.891623264589317843e+00
4.550494235922802333e-01 2.309074064331707518e-02 1.734018237647953153e+00 1.827749764854516235e+00
4.271559683500725235e-01 8.805860361451383067e-01 1.474177191673188725e+00 3.090036538754424633e+00
3.009279743724915246e+00 1.044509815204026859e+00 2.475112852177862699e+00 1.472478977407628120e+00
3.491336071090886395e-01 2.655088871988646293e+00 2.578423396145134161e-01 7.292111566326574534e-01
1.571895936982865116e+00 2.074376167760105805e+00 2.470631534539083241e+00 1.195767232926943979e+00
1.489635754848528171e+00 2.881699187750356828e+00 1.978027399838103939e+00 2.803239867886952563e+00
2.802843827022890810e+00 3.273320123019048400e-01 2.554482460975850078e+00 2.879877920959426074e+00
1.379995513532174867e+00 7.026634197532211079e-02 1.500805555062741270e+00 1.561216609386597343e+00
2.109761346885576927e+00 1.118750421249746552e+00 1.505571566658415295e+00 9.182856727046330159e-01
1.821199016679985183e+00 2.233956176036851815e+00 2.677590642780756536e+00 2.130542185037377356e-01
9.710583540379898182e-02 1.423902447004044669e+00 2.558587530030001389e+00 6.770488972479161704e-01
1.006480129982487037e+00 3.120687575451129625e+00 2.459536045582122021e+00 1.969371352180429247e+00
1.088471416456803231e+00 4.880769690330317712e-01 1.907613460047817622e+00 6.824366738356376638e-01
1.646426566625208698e+00 1.296515631982263939e+00 1.372804206934715276e+00 2.611826388357265660e-01
8.079279670862890006e-01 2.776120312630655729e+00 2.849226207903077679e+00 2.478192138876133210e+00
1.797725110101921597e+00 2.350051700422912226e+00 1.829794685469066318e+00 1.349060261669874583e+00
6.449334221876672490e-01 2.259743155711614104e+00 1.225120815429189491e+00 8.817367351743188308e-01
1.169957825600264900e-01 2.255480401460940865e+00 2.515583170029112470e+00 3.134543640338407489e+00
7.687918665723016964e-01 1.202457720262279484e+00 7.304898360266143253e-01 5.702309064520673099e-01
1.226719862272570793e+00 3.089131482816652507e+00 6.814291888977519474e-01 2.718201434729178079e+00
1.674088421557298201e-01 1.616923290624222131e+00 7.669436431351817074e-01 3.511856877241537056e-01
2.905027611362099638e+00 2.752373363921784222e+00 7.099838722137022939e-01 8.229947530903398700e-01
1.444125135953903127e+00 9.061033226812470476e-01 3.020556287454869704e+00 3.059147575278392761e+00
2.564668136870767334e+00 1.548763263002604251e+00 1.855044629018006042e+00 2.052962619179476533e+00
3.412030820965873956e-01 2.467497606841697610e+00 2.643813645002783819e+00 1.437773023984882270e+00
1.899171468638999327e+00 1.237496224045404158e+00 1.238980168158612338e+00 3.398496569731915828e-01
2.952873156259944398e+00 1.339993705571619786e+00 1.637446291002299326e+00 5.260720426377057946e-01
2.352099352864061466e+00 2.893666137184462972e+00 2.077225708146593242e+00 1.761555771369611445e-01
3.061417448541474240e+00 3.024322141799973718e+00 3.394240340548435042e-01 3.149736943095833297e-01
1.970158456767620470e+00 2.428143104483593717e+00 4.910363000911245335e-01 2.121776244572607162e+00
1.584208908215023470e+00 2.734352202909259510e+00 1.107582871359925170e+00 1.356291825418163954e+00
2.876982179240711091e+00 1.811730093497399663e+00 7.743863881824566420e-01 2.091660935416403522e+00
7.855366058871205981e-01 4.655803706323004970e-02 2.959534926558851531e+00 2.549081035947233342e+00
9.857163684293956951e-01 2.303377459375771430e+00 6.216599381217553510e-01 3.052640640995424981e+00
2.915642069539508885e+00 7.173063697727621868e-01 1.666733874451345354e+00 9.745555778368742983e-01
1.278717129835401867e+00 1.532168214948584239e+00 7.063569762531487495e-01 7.528507359281058076e-01
3.064491866465695935e+00 1.222926089918415560e+00 1.216507728855009463e+00 2.325173022846426796e-01
1.538503387491845009e+00 2.484086661082238301e+00 1.183705103689738136e+00 2.164900944109974912e+00
2.049587298956254688e+00 9.693883547711087401e-01 2.171962777265013411e+00 7.103606823831540851e-01
2.555973309254647496e+00 2.346244494535766112e+00 2.667903710551310370e-01 7.685882788744111682e-01
2.485861955214617947e+00 2.831458158738382469e+00 2.010243725319628361e+00 2.312452792947325975e+00
2.506498553240647187e+00 2.392572719781996593e+00 2.532330216504329101e+00 9.845739242260708179e-01
3.072482423149573538e+00 2.309117767129895693e+00 2.623043391860807816e+00 1.065072930513102145e+00
6.168612734780766216e-01 2.973321130102023258e+00 1.999931674844859508e-01 1.533169976736667772e+00
3.102048664755640672e+00 1.241243208294318945e-01 1.645061608330081526e+00 4.012882298543514192e-01
2.669735698511250810e+00 1.446199310740990063e+00 1.197874129065608084e+00 3.013857837359783964e+00
2.403091860476495256e+00 1.313798887039701047e+00 2.067493001578202538e-01 2.575870599942175598e+00
4.123172983499119315e-01 1.749223560395276822e+00 8.812460788981316684e-01 8.800741634144114700e-01
1.588257247036833686e+00 1.904983202851350921e+00 1.942712506107707071e+00 3.663427497776979846e-01
2.422159507633996789e+00 2.585820316657491680e-01 2.920969580074239236e+00 2.354421717076517151e+00
2.023354825525036649e+00 3.105664460614873335e+00 8.274404779126646181e-01 6.510203021530910350e-01
1.466732603372080224e+00 3.097662753183046735e+00 1.782612710388674193e+00 8.586460400887420130e-01
2.186652837470469457e+00 1.484186737839643166e+00 1.028710445901468873e+00 2.042718451680531067e-01
9.151607836000412721e-01 2.180975070579393105e+00 6.474909002931265867e-02 2.935664586610258198e+00
9.932464502780934401e-01 7.411924108951073453e-01 1.411623255245742392e+00 7.880381469476834821e-01
1.169387861803673934e+00 6.118651355980976314e-01 1.592108684367570692e+00 3.873994862543241324e-01
1.043396053493012704e-01 1.306047456262745543e-01 3.133522180593070416e+00 2.271994710173640186e+00
2.958257534633932373e+00 2.647620120480866923e+00 2.502103025887426391e+00 2.688403136039693386e+00
2.305621260530860805e+00 1.468799585698507659e+00 1.597299974705382430e+00 4.999525220985917007e-01
7.973281465041915927e-01 2.536799851564469410e+00 5.138413011416086834e-02 2.840496885140950223e+00
2.563883973480245160e-02 2.727920004665224774e+00 3.627065727816314311e-01 2.805328064117622033e-01
6.580050025688403137e-01 1.253826659088486783e+00 1.964996334744696996e-02 5.131356149853814053e-01
1.044433479374951013e+00 1.205522400194166233e+00 1.556786285390124203e+00 2.028974303760615605e+00
1.155832259531927697e+00 2.689329513191145438e+00 2.957785874751650557e+00 1.764293745855535223e+00
2.239851375170530012e+00 8.931365265085671190e-01 1.372815509196827266e+00 2.723842934576277686e-01
2.367867576205567204e+00 2.154437234227738696e+00 2.911348324080058170e+00 2.923788454466298870e+00
2.159209062362946963e+00 2.617330690146261851e+00 1.535093746563825912e+00 2.523558419762644167e+00
4.640114198300568371e-01 7.103263920561653233e-01 2.075861510823162170e+00 2.613369137999060676e+00
2.843215440162234042e+00 2.567119463098216592e+00 2.862574553449892534e+00 2.670765461748052516e+00
1.484975407873384778e+00 2.483192454349747003e+00 1.478201686504843737e+00 2.040865435635662806e+00
5.236567308549449073e-01 2.414917895127189684e+00 1.836521518310322065e+00 1.778501130867592650e+00
2.033265866765117558e+00 2.960064246046232750e+00 9.887074451070164693e-01 1.934698596821466055e+00
8.545190246242777565e-01 3.065960379220379117e+00 2.830237477892044939e+00 2.263042863136877081e+00
1.010772302789154864e+00 1.073771291592538368e+00 9.967832083480180350e-01 9.268752099005463929e-01
6.887327191898133527e-02 5.938501094164130856e-02 7.330705250711258905e-03 2.183760756391746938e+00
2.566743853161056688e+00 3.023123626237577799e+00 1.761030086791054439e+00 2.978725000339095708e+00
5.540171623547238688e-01 1.428850506711315749e+00 2.865730260825633646e+00 1.051221743723724567e+00
3.044406033306597426e+00 2.933314968518849319e+00 4.434057443743462112e-01 1.291386775486854932e-01
1.408646025314038930e+00 1.239291005507552196e-01 2.338816001227371100e+00 1.126947887884118371e+00
1.126187354416101405e+00 4.182313234096808885e-01 1.691285395960096638e+00 1.372988593977413574e+00
3.101967377485600696e+00 2.637742276421522813e+00 9.812132180792197955e-01 2.469694872940850772e+00
2.114350851329914960e+00 3.033825607377099054e+00 2.611358989581046508e+00 1.621742498436698376e+00
2.316973839030253668e+00 8.143161830852541083e-01 1.936071208544954070e+00 2.468845292718096829e+00
1.859930411107916681e+00 2.312474597896092554e+00 4.207969753822545789e-01 1.092011355537808454e-01
2.215475020145247775e+00 7.963495636557976765e-01 1.407413518356646742e+00 1.980921881998126688e+00
7.357183336772440407e-01 3.057874023800789320e+00 3.730950226306688905e-02 9.988757521548683460e-01
3.034526873904882738e+00 2.535660801673262466e+00 3.062192372893477454e+00 1.188711536734272656e+00
2.741336867137172728e+00 2.191904322998210919e+00 1.573718971202011652e+00 1.575513958448606200e+00
1.500000656246252007e+00 2.543069068005113120e+00 1.263351394488715584e+00 1.381079638928760511e+00
1.562221761504548390e+00 5.915335134686653396e-01 2.388292524307501274e+00 1.124402100075641009e+00
2.457084415346391992e+00 3.686239297453563490e-01 3.059593521999618204e+00 6.642307575693643384e-01
1.988589293991407381e+00 2.324604864376206059e+00 2.940576251686466414e+00 8.050216521159603289e-01
6.262874939491911430e-01 2.196001274727245711e+00 1.432323284870113067e+00 3.319901106184402484e-01
1.892414795245408010e+00 9.971014487913766322e-01 7.683817248671879208e-01 1.792305821337885297e+00
2.652307580909771811e+00 2.916403116424978403e+00 8.659796309990025476e-01 1.944675012435836070e+00
2.539197342082199604e+00 1.511250999036197307e+00 2.793486943385987686e+00 8.527226231194351413e-01
1.427581479833236022e+00 1.439693822051351102e-01 1.389307911424697117e+00 1.880508010499621241e+00
3.019032569758487661e+00 7.052084620635742374e-01 1.504590423819258449e+00 1.785736178662747253e+00
3.042801120039756224e+00 1.382106282545083831e+00 2.596767764683322599e-01 2.441357731598590153e+00
1.553342768121222184e+00 4.676566304870038437e-01 6.022222350825442438e-01 8.489934804790388867e-01
2.973947487096648246e+00 1.822443915240223034e-01 2.846744602110554023e+00 2.544406857776410735e+00
1.130245186737682817e+00 6.756118824503133391e-01 2.152044824534027345e+00 2.834409322864243297e+00
2.343572211366384828e+00 2.591566895302715334e+00 2.117789443581748476e-01 6.637968462390253510e-01
1.092101033833177137e+00 2.884998247145818429e+00 2.810385133994752760e+00 1.131710127908879260e+00
3.811294524609947776e-01 2.667859596639440500e+00 8.153129406990585748e-01 1.561095639216844466e+00
1.064436633423559986e+00 1.664458288106917649e+00 5.665420631319489919e-01 1.094696161013577695e+00
1.466211583618396874e+00 1.051170959074424038e+00 5.916695379835790192e-01 1.815608847319985841e+00
7.566907295460599814e-01 2.719823256620076180e+00 5.896720436987992059e-02 1.962802198209415927e+00
2.599396607151590599e-01 2.365901340128000907e+00 2.333304415891971573e+00 2.644046244971334225e-01
1.941115702069811322e+00 2.002948536097963306e+00 2.655673196179805462e+00 2.775590878200002720e+00
1.080808968936239456e+00 2.081359737151264877e+00 2.847811281292856656e+00 1.402143654831793651e-01
1.954603447022047469e+00 2.734545799324843873e+00 1.452323418294461321e+00 2.959452340401759418e+00
2.031601743626310963e+00 1.831314458512464549e+00 9.743407008580298179e-01 2.901666019665203322e+00
6.311213942272774213e-01 9.819820673711833203e-01 4.344903856610055626e-01 1.167754158961710864e+00
4.603362479859222228e-02 6.833316211339557356e-01 1.127047385862089079e+00 2.173584544821484332e+00
2.125936971655252528e+00 2.510594980779782492e+00 1.773478876057532183e+00 2.697089539278380244e+00
1.238629298279946500e+00 4.794148085806588799e-01 1.850670231201529514e+00 3.281250555042666828e-01
1.153522057355034436e+00 3.016393487813016083e+00 8.373838790074014105e-01 3.045215455003386307e+00
2.353248032189206640e+00 2.877039501828720258e+00 1.070227698593670507e+00 1.841414006440814655e+00
1.852212987418060397e+00 6.275459233068373388e-01 2.668370298758223846e+00 1.293505133734307089e+00
1.581528987911216544e-01 2.199817547692349606e+00 4.881957826937958211e-01 1.821226925086737447e+00
2.985742617955036149e+00 1.154528398836931258e+00 2.203418710682484960e+00 6.550138432208626460e-01
2.591407208918786509e+00 2.730625395061811123e+00 2.123061892094142145e-01 1.266769649383571172e+00
2.251076996433245991e+00 5.895800534076317545e-01 1.642459524478272481e+00 1.311628116635173980e-01
1.644014081071485611e+00 9.656490039884781940e-01 1.202718666780352663e+00 5.571269194136465597e-01
1.529009774147504386e+00 1.442858719730751638e+00 2.044654075269188021e-01 2.400628254207210210e-01
2.703149674902936006e-01 7.765161864673894021e-01 3.121759544451837787e+00 1.523764737512745437e+00
1.796869931447134139e+00 9.955769480739944388e-01 1.198734870769444738e+00 1.991021139970511555e+00
2.982635522257481853e+00 2.514555219618293425e+00 2.730466229129035582e+00 2.874380658991184667e+00
5.846240958717829894e-02 3.014412605838642012e+00 3.720419669615726010e-01 9.319178634039256004e-02
9.516505845547879039e-01 1.478238714092315442e+00 1.314414451808945561e+00 1.732049316759992852e+00
6.185651939968136448e-01 9.624314346800026954e-01 2.201398553282793547e+00 1.651799507717415016e+00
1.748882761457681845e+00 2.840068803837160871e+00 6.548936632919499790e-01 2.195328178571751998e+00
1.267048950650568884e-01 1.387306108164636953e+00 1.387664762525497197e+00 7.256293777943821910e-01
2.054772045458764573e+00 2.891976844129831470e+00 7.273560784700866533e-01 2.495038999914448219e+00
1.910486850548455351e+00 2.288190230281761384e+00 3.073960517755637278e-01 7.965939391267552461e-01
2.110968425991206043e+00 1.087693137439404545e+00 2.342762809527621393e+00 3.601009935884981750e-01
2.952375608122803641e+00 2.455524862226690086e-01 2.216524075723286469e+00 5.109082443408818897e-01
1.294395995057404658e+00 1.884075865874935973e-01 3.048423849101523420e+00 3.070353565749653235e+00
1.181508275830402743e+00 2.584372185531612076e-01 1.560033714948188266e-01 1.354107648282454113e+00
2.904695560190110104e+00 2.949398066860455359e+00 2.141556843721056591e+00 2.667587275432012461e+00
1.043288650279582397e-01 5.988880278662660900e-02 2.727909050654411249e+00 1.193242365365811131e-01
2.224008623328972867e+00 1.399191470755292821e+00 2.619020309335629904e+00 2.661819433550819625e+00
1.525968856454522071e-01 3.034840592490747113e+00 1.493917842454438594e+00 1.836244949981217012e+00
5.374441371868766970e-02 2.109182035679916911e+00 8.819268787840504054e-01 2.952160840983100609e+00
2.987958219950060279e+00 7.971830837072875209e-01 2.838720679597438235e+00 2.852543487745395456e+00
2.463740835051520417e+00 1.666494250348695028e+00 5.729958237949586142e-01 2.928065714091623750e+00
1.130816577408732870e+00 2.474833076458473169e+00 1.266886587804755493e+00 1.795849707562546360e+00
2.114958808130668277e+00 2.437628447441689550e-01 1.064137413241096619e-01 2.048197778058081120e+00
2.233595936196299370e+00 2.245662251460298187e+00 1.297030483942033019e+00 2.607414396325442585e-01
2.662691412283717085e+00 9.741253303993810952e-01 2.695684868253932720e+00 2.183269817901343224e+00
4.529049129762153236e-01 3.949157004012751049e-01 9.843584797153119847e-01 3.070314806641865069e+00
8.623981908579519962e-01 4.077338546963321653e-01 1.005806041239066806e+00 9.561989456826343325e-02
1.224003166156510503e+00 2.043908129543543506e-01 2.373521881240685971e+00 2.136923558556823810e+00
2.533055279121783965e+00 1.723150459408478330e+00 5.793762021569339726e-01 6.933707754169010640e-01
1.690437398331291918e+00 4.872151941669634612e-01 1.859157748116782694e+00 6.995565999968285098e-01
2.665182193072896943e+00 6.778395601855602415e-01 2.573064348341445484e+00 7.731162489492360290e-02
3.093900469875049630e+00 2.369359177756661522e-02 1.229852754419708399e-01 3.051176811307873216e+00
2.240366770325724843e+00 1.243103744310142256e+00 1.046415795146598660e+00 2.212452953435738667e+00
2.586619398975853912e+00 2.012798513854995086e+00 2.895799164988330787e+00 1.708593596168910711e+00
1.503594205803046480e+00 4.775364164014526958e-02 1.480360586488572050e+00 4.635401758989878829e-01
2.042020000450815331e+00 1.078570971722752736e+00 2.927445995763620967e+00 3.911267519033270051e-02
2.924655850589002792e+00 8.421966685080067849e-02 2.592349625001359570e+00 2.894456422573701726e+00
1.463530291174208742e+00 9.016226294057156920e-01 1.963803261339165829e+00 7.832475479445132338e-01
3.286486189071624597e-01 5.790702591583509751e-01 2.375346208994836505e+00 2.571553768885826763e+00
1.350637191602026332e+00 1.100469683465587822e+00 2.898684746271818824e+00 2.514376186176010552e+00
5.106128627305270840e-01 2.672379818430378418e+00 2.096069313827758851e+00 2.914214322305123339e+00
3.452528323872040839e-02 2.318564293566774737e+00 2.804221066078719460e+00 2.747443658210421802e+00
7.013769447907229615e-02 4.074311912544472114e-01 4.385655352572591092e-01 2.912456245752983008e+00
1.981931471554600810e+00 1.611045722231967181e+00 1.286966000339756722e+00 3.107799093830349024e-01
1.215596832735567900e-01 4.523732397631424762e-01 9.803728142604105633e-01 2.594716993024873464e+00
1.752520195949000825e-01 1.840414460479112002e-01 2.213980498113386375e+00 3.545599594747377292e-01
1.395323039202837956e+00 1.231426683612769635e-01 3.948140588875751616e-02 1.765390440979518916e+00
1.584930436235243656e+00 2.836357056034857660e+00 2.668307923063759635e+00 3.067138902050866367e+00
9.967476459695959745e-01 1.601901494692152594e+00 6.142091080255452917e-01 2.125977676088179891e+00
2.978863112769063903e+00 1.894129838329040583e+00 7.699987256432995197e-01 2.485964411736194535e+00
9.275181616503923310e-02 2.751575815475439502e+00 2.334897121480184357e+00 2.839964035057532143e+00
1.254042646721988508e+00 1.669255425530000503e+00 1.953914959763872750e+00 9.695629544166397551e-01
6.752307845609694104e-01 7.145208711861777973e-02 1.655100239467139911e+00 1.213473912763966656e+00
1.147205670921393139e+00 2.314241559143022986e+00 1.011495445354465339e+00 2.035617948929268728e+00
2.491876024294140679e-01 1.317963373765241197e+00 1.317760650059662586e+00 2.704785800173679533e+00
7.134272704470625559e-01 1.829457961063958971e+00 2.554546899379279701e-01 1.922648032698101250e+00
3.096731273871288437e+00 3.025560932195073605e+00 1.137180658767707575e+00 2.075674116272346659e+00
1.224627341691586935e+00 1.691293504871830722e+00 2.917988104048271136e+00 1.146518423396098330e+00
2.205263749003660845e+00 1.396653159339701356e+00 9.526949537281571567e-01 1.441573696762270096e+00
8.930053973693825586e-01 1.050358152405044959e-01 2.684849870030627361e+00 2.569828451398970426e+00
1.025332736364068964e+00 2.208161261619461246e+00 9.628778450286890056e-01 5.938267740525471350e-01
3.114777540956137791e+00 9.970395004949343942e-01 1.103140976730053457e-02 4.496904502644274992e-02
8.061471567818795370e-01 3.406505143287147930e-01 1.749381726119483949e+00 1.234664587295222660e+00
1.330048335665657833e+00 2.833620816632333117e+00 1.534295853480434069e+00 2.615534066592017926e-01
1.766202766409657565e+00 1.797674193941904752e+00 2.934609946397393365e+00 2.059082999163022620e+00
1.550394153766273986e+00 1.520102576865059341e+00 6.424543052406264110e-01 2.096342800565392128e+00
2.046052401393450459e+00 2.486389318141271065e+00 3.130483014486693971e+00 2.085565147623951621e+00
2.136898239228302909e+00 2.427077101731316855e+00 5.310059410328407115e-01 7.773092397927889863e-01
1.056716131233143008e-01 2.724215463352787747e+00 4.095759041104746756e-01 2.782909171300866902e+00
2.672883772544265124e+00 1.458746968984869108e+00 1.794433564607051057e+00 1.258119882942399181e+00
1.656499696801863708e+00 2.047671142425327773e+00 1.783538946967659466e+00 7.316991374936079318e-01
5.238151930392063171e-01 7.975415996173972344e-01 2.219878418146573829e+00 1.488818858823859559e+00
2.590680867695581924e+00 2.351776366057098500e+00 2.782895090774101909e+00 2.507930268802458951e+00
6.285972459389874700e-01 7.587747558945654447e-01 1.796423782929730262e+00 1.442053020390982709e+00
2.664493292248576672e+00 1.801238195167346623e+00 4.136887572480746900e-01 4.072120518449676152e-01
1.280116590569254087e-01 7.695120146607832383e-03 2.390098160585634623e+00 2.714192257204935288e+00
2.612588894327786626e+00 1.472348966248070212e+00 1.035768826107845708e+00 2.067780837046683917e+00
1.513882774551247756e+00 1.933935009805300531e+00 2.213876944214500722e-02 2.769806601797462964e+00
1.237232813769379103e+00 2.240851322214733266e+00 1.130707009446624500e+00 1.021912654901435014e+00
4.891009586172543888e-01 6.799112393512012353e-01 3.062040767992412427e+00 3.056701468521806908e-01
2.050086802212184978e+00 2.226052072591813591e+00 2.487555461516883781e+00 4.428384988818089840e-01
1.367689528197425064e+00 3.095843150138654742e+00 2.857647268127225804e+00 1.882606548135086655e+00
1.059301218408807872e-02 1.514862115223110893e-02 1.403627826513715648e+00 3.324759028882395828e-01
2.952001031876638759e+00 1.011748732553675589e+00 2.466944626555746645e+00 1.828199741170362769e+00
9.907160629321428713e-01 9.636149949760528521e-01 2.703367696718710800e+00 3.986798838748752405e-01
1.751663089414925212e+00 9.632249800207310919e-01 1.755161659015432862e+00 2.101253317214283545e+00
2.171705575315336478e+00 2.776915065436893482e+00 6.814558775460837214e-01 4.271701150403657832e-01
1.701394326313152794e+00 1.452697705870048539e+00 8.651853606122872353e-02 2.450611017266194347e-01
4.294550742763788009e-01 2.290980400478541235e+00 2.603588391815027769e+00 2.854666859602066786e+00
1.166891505955830244e+00 3.138333255668411592e+00 6.128464084264706457e-01 1.449840314944415454e+00
1.174931300869318074e+00 1.144298021783434871e+00 5.640938941770295978e-01 3.991009314682408271e-01
1.319931195023800630e+00 1.100070315462084558e+00 2.516383955698917596e+00 9.900898050928564897e-01
8.405633494908475445e-01 5.120336713952584606e-01 1.511142892560113804e+00 1.561490203244427555e+00
1.385972478013917097e+00 2.187571025029471539e+00 1.358449367968389554e+00 2.098526489705510922e+00
1.898880308731410338e+00 2.581151678665126514e+00 5.279004468776785780e-02 6.589891720217160020e-02
1.963614541521254475e+00 1.970693661478342351e+00 1.679846681263071462e+00 1.733111033398934131e+00
2.853306057920598438e+00 9.490261193103402548e-02 2.598446125506896909e+00 1.846351900750981212e+00
2.740523112618487467e+00 2.463279320423959362e+00 2.429024194372995105e+00 3.099872254388096771e+00
3.028982423005627922e+00 2.027610254207240725e+00 3.044031250998836313e+00 2.916025092108890160e+00
1.361375718418353475e+00 2.949075621524281932e+00 9.846631423636663660e-01 1.215864971958611873e+00
2.311683059350004399e+00 1.976449029863862394e+00 7.264615472780049099e-02 1.063485742392135114e+00
1.553710341324946898e+00 2.280089225797224728e+00 1.527672737332576025e+00 1.735360846466839524e+00
2.786768505698431486e+00 1.643764601993387364e+00 2.172481400060682476e-03 1.986234979548129997e+00
1.742674438237248102e+00 1.674037566399436405e-01 5.671324003011511961e-01 1.431864588968420060e+00
1.773988235789716539e+00 2.899561505894746816e+00 2.414835170451287705e-01 1.197966948386399721e+00
2.859525278167052154e+00 2.730396585112952135e+00 1.196502947208782697e+00 1.792452072481588166e-01
8.460617350250485558e-01 2.452128653562139077e-02 2.049918089430270651e+00 2.693854802022531025e+00
2.904915561561343562e+00 1.252299440532029517e-01 2.504230991506595227e+00 6.030390741176072655e-01
1.712553245081091413e+00 2.249821344255322320e+00 1.237883320686445465e+00 3.428875807853353636e-02
4.757611316369205756e-01 1.980221837612544666e+00 1.515910661175121410e+00 3.196093631493860387e-01
2.930880566451485314e-02 1.745649190477837731e+00 2.749226896772036799e+00 3.054766917080351085e+00
1.577110957677025249e+00 1.340834057756745412e-01 2.212995203351444395e+00 1.779450278299663957e+00
3.519048741955877468e-01 7.294802229761430945e-02 1.368368142292136103e+00 7.901766220820988229e-01
3.017090161695339834e+00 4.023732596415804941e-02 7.260217826604347113e-01 2.533261565483617694e+00
2.022403907842882376e+00 1.877034776472356725e+00 1.784338210971599947e+00 2.815277766729401332e+00
2.118809339328642682e+00 2.794326589158017793e+00 3.017328200448453401e+00 2.775454831107132758e+00
2.446098719653437836e+00 1.641505515793152181e+00 1.684950235451547096e+00 4.361057909748453643e-01
2.946489815493998243e+00 1.627961806735375383e+00 2.352914216819936843e+00 2.859582697951814190e+00
2.050779460905921781e+00 1.364165467054585745e+00 1.025564107630375643e+00 2.448779076672397359e+00
3.072322801588564190e+00 1.655133039895180680e+00 1.339782193317229919e-01 2.147948032996034318e+00
5.457723854817287945e-01 1.043588727849096731e+00 1.776938347987185640e+00 2.501674169654206081e-01
3.266177720077031998e-01 3.122673316789782660e+00 2.809383877955892395e+00 2.327332803301811026e+00
1.524991566501796347e+00 8.117567125194661282e-01 1.525868567968328815e+00 1.436948579820437999e+00
1.329451472012155078e+00 1.574688140594399766e+00 7.161283648023274440e-01 1.397198841549741610e+00
1.234387305207805818e+00 4.767134342290602067e-01 9.750044146285573587e-01 2.906660962649855406e+00
2.984506881999689831e+00 3.126417564009317474e+00 2.192648292131610610e+00 8.535323523812559099e-01
1.172288498514547417e+00 6.020786249463949691e-01 1.711398359293639260e+00 1.553645270839023595e+00
2.558793824848807574e+00 1.710248867469766010e+00 1.278665300372239466e+00 1.840743700504263447e-01
3.139774638332495815e+00 1.098268542196429776e+00 8.301247615227440591e-01 9.277007518155672150e-01
8.410294868874939045e-01 4.471816717024744703e-01 2.130466887513319918e+00 1.572967038170025367e+00
1.759108902329385771e+00 2.654232348602180824e+00 4.880380519608285561e-01 1.206334959951016028e+00
1.065586698702942980e+00 2.174232501487451064e+00 2.678681142486935562e-01 1.114977019378318612e+00
1.159501377904670116e+00 2.772210673081707988e+00 2.861954475773154982e+00 4.574117879664677533e-01
1.858401469268842421e+00 2.814817529324866729e+00 1.729586207635549266e+00 2.611190155148334302e+00
2.093536623665593899e-01 4.805366614564143268e-01 3.047849450759503309e+00 1.698345357930495458e+00
5.932693005671881847e-01 1.535810250542915187e-02 1.743394078958466764e-01 1.414763928696116224e+00
1.303328407646777265e+00 5.983095866935250751e-01 1.383086412563134804e+00 1.286062657050264013e+00
6.631307828377486224e-01 7.281587818546535473e-01 1.443192191729291141e+00 4.965033382394831718e-01
2.148000365495902120e+00 2.474689710988887015e+00 2.419072169314988030e-01 2.425169449351023410e+00
2.349442691444058706e+00 1.069897820037173153e+00 1.826727648089236045e+00 2.345380065337586029e+00
2.932783243182393473e+00 9.884926905791001639e-01 1.523599684532084275e+00 2.928648529297837921e+00
1.809434110737963897e+00 1.391444711121228694e+00 2.926749109642928781e-02 1.787013172232340574e+00
2.699320096330309671e+00 1.053184054848212314e+00 1.792781608762066492e+00 2.402552531427836868e+00
2.030185925934727020e+00 1.289045319791073674e-01 2.510898125964236449e+00 7.669575398476903560e-02
5.662901944964202627e-01 2.332676447631751415e+00 6.785112083662393490e-01 5.841845658050953682e-02
1.781833554100615391e+00 8.876108410732218568e-01 2.547178227440317411e+00 2.586024809859805540e+00
2.106366334764440129e+00 2.127696753021925957e+00 1.205775496982568029e+00 3.071872390499528205e+00
2.525390328417254970e+00 1.761914685820329840e+00 2.663527941622727546e+00 2.794966894579637096e+00
2.130001273084313418e+00 2.080681420852183106e+00 1.451833431569599098e+00 4.675261381526776283e-01
1.220600889035361458e+00 2.776052444342992365e-01 2.730676062148590155e+00 1.633164389947507011e+00
2.251872831871127190e+00 2.008792921172988244e+00 2.613461598115085938e+00 1.835994017966459779e+00
2.417219167328130691e+00 5.743002947510817968e-01 1.057064961703607864e+00 4.377796786367590953e-01
1.635020487571686276e+00 6.074213020791037199e-01 2.680350316048208281e+00 3.297542138374052745e-01
9.186706915576666743e-01 3.123903797199725219e+00 1.074234637548258098e-01 2.714879374515811961e+00
1.585110595065611250e+00 2.618467060695234050e+00 3.097598277750357454e+00 1.591433259025231139e+00
6.914211801107679189e-01 1.747950164674934026e+00 8.055778648233954398e-01 1.185593723895875140e+00
2.065935349840080926e-01 3.369135861998902026e-01 1.375069853570918266e+00 2.409439476596051122e-01
3.310932796793311650e-01 1.617637946046867503e+00 1.950080557101999013e+00 2.010457748462306071e+00
1.120024952580558480e-01 1.871367274064340114e+00 8.166384440765629416e-01 1.098990177547692459e+00
2.568341913366289475e+00 1.801523750390044087e+00 3.137196501706494889e+00 1.772649808565590845e+00
1.895908335020209945e+00 6.576437498515396163e-01 1.844317333164701367e+00 2.367808240665406405e+00
5.666444155332296395e-01 2.010559929247823341e+00 1.143080412043177230e+00 2.622977728287240851e+00
2.759202025689150961e+00 1.168583107383616371e+00 5.328071700589413068e-02 2.237544397508160809e+00
3.028447463021466390e+00 2.807145208270044101e+00 1.571228822590786223e+00 1.781849688656283126e+00
2.851689733061887999e+00 6.470646746676061989e-01 1.070831277645906354e+00 6.869265678921255835e-01
2.930717929851529568e+00 1.856638100036372696e-01 1.445333308246633752e+00 1.541673362569645267e+00
1.936275783861995725e+00 3.877924339350433680e-01 1.957674859251384625e+00 9.295203937390839055e-02
9.798968380822347113e-01 8.757594169467881606e-01 2.413436688954018194e+00 2.549978715016894881e+00
9.698129753376616424e-01 2.033268858666456236e+00 1.042778995897059247e+00 2.249352331938778260e+00
6.392792417414318029e-01 2.684829613678732407e+00 1.110977694312863528e+00 9.211880731975672365e-01
1.333102069003631041e+00 2.991510548705713202e+00 1.117435193488042433e+00 2.308529405564704096e+00
7.637051986613528909e-01 3.093880632593834612e+00 1.012865766560806069e+00 2.684586210087175906e-01
8.640861472372168839e-01 2.695791614735918440e+00 2.467766073794456894e+00 2.242015506323027374e+00
1.842015704495628237e+00 2.991217469344304991e-01 3.859157954579818806e-01 1.172160826073532502e-01
1.219141642834568717e+00 6.833302870067492485e-01 3.034864941339695754e+00 7.203800022049622331e-01
3.034123446783650646e+00 1.575883501798079012e+00 2.666222277233912141e+00 1.009517896122239078e+00
1.437083485680658024e+00 1.430383383317305857e+00 1.875673213349017932e+00 2.991909568305607614e+00
1.100783838298142081e+00 2.630322915631402303e+00 2.542914824352214165e+00 1.242167696171071922e+00
5.335935237928556285e-01 2.630956201822670870e+00 1.674595865762604330e+00 1.487617052401837725e+00
1.925041911680984777e-02 2.589263654314800878e+00 1.904364802467504614e+00 2.239712850487233009e+00
1.307259579587923826e+00 7.079658785666970156e-01 7.965238237050588088e-01 2.097927577161980306e+00
2.856077643406404132e+00 1.889167807417653000e+00 1.094425657346916186e-01 1.998131771449462857e+00
1.465055598977493545e-01 1.796815296841147713e+00 1.306268475673369789e+00 1.837988929727501608e+00
2.732802227793969863e+00 1.300358251512335750e+00 1.185195881571701637e+00 7.050615508529757269e-01
1.644444999292581810e+00 3.127886365340310615e+00 2.817875502030654733e+00 2.832445587582267166e+00
1.182021648060938235e+00 9.508308747882237011e-01 2.723373920102021728e+00 2.354462477507635487e+00
1.492532252232823486e+00 2.495302022199942016e+00 6.537417988019580406e-01 1.362649174580780054e+00
1.633322185353981215e+00 2.168094126201676186e+00 2.980470461599550980e+00 2.580237765874922040e+00
2.642699767180147319e+00 1.528561074690556021e+00 1.975526899568563310e+00 1.544141441536855952e+00
1.289197532052679618e+00 2.519465616022234400e+00 1.988298466994848690e+00 1.611517596587590972e+00
1.550871476699954732e+00 1.741352466253526021e+00 1.410503129920098075e+00 2.845397004121264395e+00
1.479964677778549342e+00 2.548031654502517007e+00 1.762962890539865990e+00 8.487698740434792555e-01
1.571092254615815476e+00 1.741014655074630824e+00 3.119212055719864374e+00 1.418675354798218713e+00
1.161200179450648351e+00 4.681838309369384943e-01 1.077355883367705047e+00 2.192234339412994171e+00
1.103412820342843048e+00 6.685594121506768239e-01 2.960772721430450005e+00 2.125995715179043621e+00
2.106746445828812320e+00 1.289967085504002409e+00 1.441407813643969860e+00 1.087970555216515534e+00
1.080946336225824922e+00 3.649768626589840470e-01 1.114268569220493221e+00 1.294547641331701637e+00
1.092633283065088445e+00 2.342210832213974303e+00 3.070053632768467988e+00 1.704943351956367259e+00
2.208664232406746475e+00 9.114073376057862941e-01 1.649349674569295043e+00 1.995467534102701723e+00
1.115504258608983168e+00 1.324758929874857216e+00 1.884713429235422399e+00 2.467542509075909773e+00
1.862268634879530760e+00 7.575041812800878960e-01 3.003193392172379461e+00 2.889227347594397699e+00
1.181168780051902845e+00 1.443445733616040894e+00 2.134881825169212100e+00 1.413216777016269576e+00
1.524217654101537756e+00 2.282044159457041310e+00 3.048254167944529414e+00 2.100092316193466591e+00
1.187773552297783031e+00 5.565243597915190410e-01 3.887684653167092219e-01 2.444585802249959361e+00
2.618933130727190584e+00 5.699299597085992763e-01 6.953514034402307198e-01 1.491630553249806646e+00
2.123699297353044635e+00 4.534188970885602021e-01 1.183693282741042019e+00 4.252546501920397709e-02
1.610887844401428071e+00 2.382707582605853247e+00 4.220641207512340065e-01 1.949597664906967509e+00
2.926944432011523212e+00 2.840863769573438447e+00 1.508056516599075580e+00 2.937533571565093204e+00
5.691853827932451954e-03 9.966097858152946076e-02 1.998570599059784847e+00 1.140350724175464903e+00
4.558794335812456633e-01 2.143007278082273537e+00 2.119169830360164042e+00 2.220381104140731310e+00
2.841309282908111911e+00 2.925028454742739203e+00 1.345561107098430798e-01 6.481809456043559070e-01
2.755837892984427384e+00 1.993567608401122904e+00 4.160248478102202552e-01 2.443326935437509562e+00
3.422559004457537135e-02 6.817553509596238626e-02 1.844577115227802988e+00 1.935303422462241629e+00
9.198570024604845186e-01 6.610109610980114958e-01 1.125466070172150612e+00 2.518910322693607373e+00
1.195403089779915495e+00 1.522147211346941642e+00 1.320678959136743824e+00 8.369598372125146568e-01
1.038807189871478576e+00 1.334493421328202256e+00 2.385153773224094831e+00 1.481210935068327517e-01
4.029303122525454972e-01 8.431133440983994420e-01 2.925129569196403434e+00 1.483601282440409452e+00
1.768377090696493736e+00 1.408716636709508974e+00 9.206140574539618537e-01 2.631984900568969943e-01
1.379837587395796872e+00 1.936454816085051878e+00 1.299015360355271431e+00 1.942841481402483694e+00
2.864214370590714154e+00 3.039302702907640263e+00 6.057521902916275236e-01 2.908016563091083029e+00
9.472300280991323707e-01 2.590154548934985090e+00 2.284910504039765033e+00 2.107425558865662740e+00
1.326597735038979486e+00 1.438660612255003413e+00 5.716018154293124320e-01 2.211673053137592770e+00
2.598518564173806222e+00 8.753750564686549884e-01 1.308360548355220532e+00 2.892450382927168384e+00
2.512180276148055835e+00 9.371625824718681219e-01 2.414724330336188718e+00 1.476534662545101018e+00
1.185660227287036461e+00 3.809253294594945882e-01 2.386027510189579370e+00 1.675476810529970662e+00
3.092960353262401707e+00 2.778914694873455993e+00 1.739904742510418378e+00 7.475131867194542146e-01
8.349221771007732107e-01 5.587114643646647894e-01 2.149226830545190925e+00 2.684448600986810707e+00
2.706946733176212927e+00 6.992960228330736827e-01 2.868628454872840905e+00 2.043933045430744999e-01
2.585973680448769851e+00 7.661744604869480391e-01 1.804084664321998766e-01 1.263347444485340754e+00
2.854701723644559319e+00 2.838358957250612935e+00 2.287940044031148368e+00 6.423143458959155172e-01
1.264369402922566721e+00 2.529308011464382333e-01 9.734309543737621473e-01 2.052144507726132883e+00
1.165066165356980932e+00 1.305367781817746042e+00 6.126329215065914324e-01 1.293194836567129302e+00
2.763682306851639847e+00 3.106396358109418276e+00 8.663093589018688867e-01 1.451253783418158472e+00
1.634221741280083684e+00 1.142800936326996197e+00 5.919282470087888770e-01 2.849318102272150544e+00
1.674804333505366172e+00 2.277392610379363358e+00 1.031753860589145422e+00 1.983055510019464895e+00
8.788570996177703654e-01 1.784897331058029168e+00 7.330375940188587069e-01 2.702406428957548457e+00
1.734584443941793008e+00 6.819639450230494671e-01 3.471495776486933083e-01 2.804561260326140726e+00
2.729200977850104515e+00 3.191836771708631559e-01 2.060573960576659314e+00 8.332031011963624278e-01
1.856387079898576431e+00 1.367720644687161924e+00 2.465522198236227869e+00 1.745885380834895750e+00
5.177658307943788785e-01 2.881860527119209259e+00 2.346518419446437687e+00 2.308225100161827026e+00
9.943203836098620796e-01 1.472613731092301537e+00 1.341115208915852675e+00 2.484881872004006453e+00
2.551464812778936331e+00 2.347195508910020045e+00 2.893822034235408402e+00 2.163594100249249141e+00
2.218746848583704745e-01 4.377186367031953851e-01 2.030381474551282928e+00 1.115038989755093635e+00
2.369839664151231151e+00 1.198552637574029189e+00 1.723678489083776688e-01 9.881169981817340409e-01
1.978129290033900367e-01 6.482075052999272113e-01 2.262673838742205401e+00 2.557033930634806662e+00
1.789190271800290333e+00 2.732019201988596713e+00 2.470462199145130100e+00 2.587644605458834679e+00
4.182728916308760536e-01 2.949685496380588301e+00 2.469923812122021001e-01 1.615510416349617673e+00
2.779296339525067605e+00 3.683283938852529027e-01 1.548450732943612129e+00 1.197058303299343818e+00
1.635815406338395395e+00 9.169837508839427942e-01 2.546547093643520832e+00 1.469030696068160280e+00
5.726928341247280452e-01 3.002761322683735745e+00 1.134993178039989781e+00 1.389812681123752780e+00
1.464115220307944609e+00 1.455889000768571861e+00 1.641686461763622651e+00 2.962666856271321869e+00
8.319186870025233604e-01 1.033925113494051917e+00 1.640310954501731588e+00 1.151767569311036299e+00
3.010218568998005662e+00 3.314206487436892612e-01 1.782742026208698205e-01 1.709666388303206608e+00
2.283782397795913521e+00 1.610552023688812895e+00 2.019996627185838722e+00 1.745209654665604626e+00
1.887314467549945585e+00 2.513779135895403805e+00 1.988539480415178584e+00 1.836735391121282701e+00
3.056682412361450218e+00 5.672838441898758743e-01 2.061246835579711723e-01 2.809136356309624105e+00
9.808347250488257396e-01 9.779462669812661879e-01 2.172142994985617914e+00 2.365324743312732458e+00
3.673677221974250284e-02 8.735120635499530328e-01 2.456160507710309915e+00 2.105350146722146931e+00
2.021613705053859622e+00 1.385382591525640805e+00 1.771219584165989680e+00 1.468295752874085869e-01
5.255692934491793533e-01 1.549159687398652174e+00 2.901701614370357785e+00 2.084096649007772140e+00
1.446497528019250689e+00 1.080361113942663875e+00 1.136454539825340948e+00 7.608866944065328930e-01
2.469098273191580262e+00 1.677591665804913701e+00 1.475995049069514176e+00 1.167868091395794172e+00
1.276683118008231921e-01 2.790345317933045521e+00 1.982876578647008392e+00 2.723531596944946731e+00
1.379118582959045991e+00 2.525753627809509627e+00 1.972537957914987095e+00 1.845769276312833607e-01
6.110535737561046954e-01 2.757079468114395748e+00 3.817462035238924356e-01 2.609464392550942868e+00
2.612155473722268084e+00 2.181613294113830537e-01 4.410388464537948888e-02 5.162882363529445184e-01
3.083940882188311305e-01 1.979055226369345943e+00 1.237409717426760203e+00 2.437730974944043894e+00
1.717380970821301478e+00 4.215238726329681995e-01 1.873110933026703950e+00 2.536237503551407091e+00
3.054570733541748240e+00 2.924113301662544462e+00 2.446522656974212229e+00 1.070628029156238448e+00
7.449749223851019897e-01 2.771402466017568678e+00 4.378535280013731157e-01 2.353833430893539802e+00
1.954832278049638272e-01 1.808759663864448530e+00 2.519939550095748437e+00 1.827875229661061196e+00
1.363606396049397373e+00 2.958322725153950561e+00 1.998908001839731163e+00 2.868083730744018567e+00
7.311096497527939109e-01 1.727683790942811104e+00 1.282669753480488284e+00 1.480218526333603402e+00
1.460245022348031219e+00 8.559484279236376780e-01 4.993359467588440181e-01 2.893892258951844987e+00
2.409568817336903646e+00 2.101667158489703535e+00 2.867427513210073720e+00 3.189776544657767499e-01
3.625711748792185829e-01 3.232907701046083826e-01 1.649907627207952032e+00 1.510854913993689985e+00
1.578619281504649363e+00 2.704757660180435952e+00 3.075263715658542285e+00 3.001701717187062801e+00
4.423330956157112137e-01 1.144624506920667972e+00 2.564769854507126468e+00 9.299454057842896360e-01
1.161673390473213718e+00 3.174404383026702831e-02 2.918823400228176990e+00 8.750544012057351329e-02
1.308808124800940442e+00 2.733791423089732220e+00 2.666098797452332025e+00 1.182161492533771119e+00
2.984466046667526573e+00 1.174502302853241975e+00 2.681583872563777504e-01 2.897156413158095134e+00
2.668928181102390162e+00 2.316496099354398819e+00 2.135571040477321603e+00 2.392914694692657385e+00
2.122701997466100998e+00 2.294941309420807318e+00 7.590320691976875089e-01 1.119308492171251501e+00
1.376874634679410292e+00 5.886640052454209515e-01 2.167709287088537717e+00 1.921609818241345469e-01
3.002696073211031713e+00 7.499484936289924075e-02 1.413311211011044399e+00 4.044466529779054964e-01
2.776612076949180441e+00 1.249200983394194442e-01 1.089456649517850151e+00 2.820134470410447403e+00
1.177554437220929895e+00 1.533920629478539507e-02 3.060057319957966371e+00 1.224441058630276302e+00
1.052886459347487369e+00 5.889984798512287734e-01 1.558544686405084922e+00 9.581492045212783859e-01
1.842100986620607506e+00 3.041546367145095076e+00 2.034385737995464627e+00 9.726095203024973657e-01
2.143896065580018551e+00 2.557049133715296740e+00 1.591140541247556328e+00 2.247955147726166558e+00
2.567805275847280910e+00 2.728494760268128427e+00 1.850990747837212513e+00 1.669545254606042972e+00
1.793566565640667854e+00 3.111365315912100638e+00 7.711123414286114031e-01 3.123099194693608194e+00
1.297316167222556160e+00 2.047229300786375994e+00 2.661731911060321587e-01 1.443385120900587903e+00
3.281713122782222714e-01 9.201489025192953752e-01 2.125466294356979369e-01 1.173300551141879922e+00
1.157682940001556054e-01 1.096306549984741752e+00 2.069311567412607022e+00 6.129051090721940320e-02
2.739389244186269501e+00 1.446130469969225008e+00 2.894092610264882737e+00 9.205772233510122193e-01
2.184648634774183584e+00 1.549433299475145187e+00 2.100425151066979801e+00 1.726554919176896741e+00
3.088710693479546521e+00 2.165927418189152132e+00 2.662417992982561987e+00 1.173801477164463147e+00
9.844541224233060994e-01 1.331678565871638353e+00 9.217704964840859327e-01 1.710297340840585933e+00
1.201774786390181982e+00 2.086507337771368764e+00 1.034236520469567155e+00 1.352228282405263604e+00
2.425106716137993335e+00 2.071058333460604195e-01 8.735614918012271080e-01 4.371488373643321879e-01
2.142977481020425401e+00 2.790713093898766206e-01 2.559574872955488356e+00 2.821663417374618010e-01
3.963248139122960839e-02 2.649382767771495395e+00 1.713302048652201259e+00 1.436886000178095646e+00
2.881372802682919954e+00 1.796582862672605696e+00 2.361583303050970029e-01 2.148591047547752986e+00
4.225846585910347231e-01 1.727177123750216481e+00 1.701271573312323371e+00 2.540663046748474319e+00
1.903303753475729554e+00 2.739971018470043873e+00 1.483612428732596689e+00 1.753294170419505527e+00
3.366386797295266020e-01 1.999534118657024795e+00 2.331538450583508393e+00 1.130162375702770339e+00
1.774697085208839731e+00 2.405907391645647930e+00 3.117813885748421665e+00 2.674922456523358250e+00
1.582554281488439019e+00 2.373469921319971032e+00 1.923586426305981201e+00 1.385628542435244803e+00
1.667486938949414577e-01 2.233254518975889447e+00 1.836423320696460859e+00 3.130221431833004164e+00
1.404778306315802361e+00 1.136025408950460225e+00 2.984545963105806887e-01 1.037562794661576637e+00
3.002454636522289722e+00 2.745290414303172888e+00 2.048793138307319683e+00 3.369592675332622744e-01
2.850032486098708517e+00 2.648905476660355252e+00 1.586443076620620563e+00 1.558960203860851434e+00
9.883237389515842075e-01 2.098020794515847331e+00 2.599094125895968332e+00 2.468616861886163250e+00
2.741210192060132833e+00 1.050263366976881718e+00 1.489754979416954672e+00 2.360491022208257295e-01
1.236603571494398812e+00 2.212717859297460787e+00 4.404612064860857212e-01 8.566976266853233435e-01
1.907143772141770999e+00 1.510582787472499300e+00 1.642944118420809119e+00 2.549613516549634196e-01
1.255421030999242626e+00 1.300657046416036300e+00 2.361602365514965385e+00 1.475805852833036891e+00
1.623704012259644891e+00 3.074767822527691763e+00 2.522123577673882761e-02 1.832175481573981912e+00
1.604011977431666125e+00 1.538662303529152675e+00 6.237160229326346172e-01 2.799338745590963295e+00
7.761018430305946514e-02 3.100853309800915447e+00 2.389006890637508373e+00 2.651474041439075613e+00
2.367668176665938429e+00 2.152871158937245344e+00 1.179248707351474801e+00 1.601337772748299138e+00
3.084613524788988759e+00 7.092824329120061000e-01 1.078766279625743341e+00 1.764731707259339144e+00
2.749776819087775825e-01 9.008805624622131525e-01 1.750111589717922911e+00 2.425633270084023518e+00
2.970232214321893327e+00 2.961578101239337624e+00 2.721166981703478260e+00 2.773453855638326360e+00
8.005445253913645587e-01 7.898254969648333956e-01 4.644910177656033090e-01 1.835263178780153007e-02
6.200718074838317273e-01 2.830334639246067763e+00 1.394675376207279882e+00 8.274259612571017719e-01
2.397344872441664165e+00 2.552220502820268244e+00 1.959042814920155307e+00 1.060425670980479129e+00
2.634866621153632238e+00 1.304842485259976481e+00 2.628916523345721679e+00 3.342825048641478447e-01
1.469050956241273242e+00 1.350593375976847366e+00 1.164166998695956190e+00 1.745485978051152909e+00
4.653490482391216543e-01 3.012683531480169208e+00 5.173371699785704880e-01 1.489077069055113167e+00
2.908669835988237029e+00 2.247207799389318250e+00 1.983580561501785855e+00 2.040666801213355974e+00
1.255859303428565443e+00 6.573115349136827712e-01 2.273994551256535601e+00 6.520153476360328604e-01
1.993941940191575890e+00 1.187918505842008754e+00 1.869357183761058749e+00 5.019675426160381537e-01
6.072824003608844751e-02 3.062526595684494257e+00 1.402237114135390428e+00 7.429033365809760703e-01
5.590086042179509551e-01 3.880821277078788656e-01 1.428049901514971465e+00 2.283391765540464302e+00
6.201104720832776307e-01 2.049368298032208990e+00 2.366224308938999210e-01 3.589079670324217541e-02
8.335300382279900999e-01 2.494721835079037220e+00 1.922173951991622110e+00 2.536964968635498696e+00
3.097430590137109974e+00 2.296024618293917019e+00 2.590763252697273478e-01 2.442739560888974815e+00
5.363932074581549969e-01 2.795958496600455589e+00 2.427773318581730955e+00 1.316392375335418308e+00
2.132979793193054086e+00 2.870198438297040688e+00 2.195191494337659588e+00 2.173527512889719127e+00
7.639885999291292640e-01 1.134596596403731006e+00 6.957772433206765861e-01 1.431536572542621566e-01
5.213421792872428157e-02 4.172566818758851048e-01 1.106547365528796956e+00 1.719389675290036390e+00
1.983670024474593729e+00 9.918386449595019139e-01 4.207270524006411772e-01 1.192232639035168074e+00
2.075532459964793297e+00 8.714264239569433634e-01 4.509710772496614006e-01 9.213247735086879109e-01
1.322851016311037631e+00 2.969537927559966484e+00 2.052786730340925847e-01 2.380682979831686197e+00
2.479024644426408297e-01 2.742391587781806694e-01 1.632313197327381615e-01 5.928213949311058606e-01
9.839612018056415055e-01 2.780814578973512585e+00 1.845008976541047341e+00 1.862875737907218721e+00
3.128101859806774687e+00 2.426627931518039016e+00 1.727814570337458555e+00 3.066254738363190402e+00
2.187932823257515036e+00 2.511210899544265018e-01 1.221607899782482187e+00 2.437967412729855177e+00
1.149523628790678487e+00 1.498771318159356214e-01 1.526790427484679080e+00 2.500157502686576549e+00
2.661840364306019335e+00 6.875659715999060673e-01 1.045933466052381577e+00 1.486680067945882200e-01
2.945886908626289546e-01 2.213181723104299947e-01 3.232342638913996979e-01 1.190407438695066489e+00
1.222302860676909159e-01 1.329332388842769275e+00 1.018903779323322656e+00 2.808407670690257874e+00
1.776339794470360056e+00 9.242651127147973877e-01 2.436471886034733636e+00 2.330742512544743850e+00
2.670472845528437111e-01 2.622030855812950367e+00 1.691713227278588860e+00 9.632298654702012852e-01
1.104258597079858850e+00 2.908893684764776388e+00 1.755017632206072875e+00 2.379398271412703103e+00
2.650759222196894971e+00 2.384830188156195074e+00 1.700771287989440717e-01 1.594526857902097694e-01
1.673432234692268095e+00 4.777574901710304189e-01 7.409031832244338256e-01 6.207399207822622555e-03
8.434951313890020064e-01 2.603216432763298727e+00 9.487730687510187444e-02 9.617652230227592691e-02
2.641506357567280361e+00 8.178907953831148214e-01 1.210281786564549877e+00 3.060720869073204398e+00
2.939504209860378747e+00 3.888682207507669353e-01 2.313290762041439130e+00 2.505775162103348386e+00
2.063336814727609436e+00 2.000359131789550382e+00 3.993807847034021585e-01 4.065100446809203349e-01
1.336304345683050343e+00 8.326455501067013820e-01 9.285870545196647230e-01 1.605846746116762036e+00
2.192802327363517101e+00 1.057161053532863715e+00 5.599019399735268854e-01 2.844298347821737405e+00
1.981367875491639952e+00 1.480204001576757855e-01 2.348853108452983562e+00 7.923107858585208829e-01
9.755902963645030068e-01 1.904474057807014509e+00 9.683030722831688086e-01 8.621939712110338050e-01
4.939938981764425696e-01 2.335289322949984481e+00 2.138313973224697406e+00 3.114825747921779353e+00
1.968647528514200495e-01 1.068447067564749942e+00 1.081147463988481272e+00 1.189280304349916273e+00
2.497006701461184974e+00 1.980701618116039286e+00 1.315343831970584132e+00 1.052248295584636395e+00
2.590705016871217570e+00 1.901072799509017752e+00 6.925155066460254583e-01 2.910918209990667194e+00
2.960764116988022110e+00 1.263299926670245377e+00 2.052233587674878734e+00 5.570734398467777071e-01
2.844508092411370370e+00 3.050245382621355361e+00 2.425999125907682963e+00 1.214564779072345502e+00
8.981023420133794621e-01 3.093414342951640084e+00 2.563410985943841425e+00 2.833257875287507499e+00
2.672758634753896190e-01 2.776676033805416832e+00 1.249639110859410929e+00 1.163015765325943418e+00
7.979872283895987906e-01 5.415400748237224615e-01 2.098575095397665624e+00 2.766706676469773196e+00
3.487331625754546693e-01 2.776514615353842697e+00 2.193905465525459064e+00 1.384016430809514420e+00
2.213714852115246767e+00 6.877022978218814975e-02 2.448354606994280314e+00 9.947377576616129868e-01
2.055435888364729458e+00 1.233996846212299214e+00 1.462427873030154979e+00 9.975582118603945059e-01
2.048662532874026443e+00 3.358868728499647127e-01 1.247173436959227777e+00 1.208625923798221091e+00
2.467218636871574000e-01 1.327806137161739564e+00 2.950262365033003320e+00 6.935591651382126965e-01
1.582161581701776676e+00 2.498446476527007132e+00 1.544841807554553137e+00 2.280216263517747866e+00
1.918550255702963669e+00 2.718095409783480410e+00 1.287584731378304648e+00 4.786514379511384587e-01
9.446639409045463898e-02 1.279720720026619185e-01 1.439259249956271525e+00 1.018460774709895489e+00
2.461271715587065145e+00 1.475939027583264895e+00 5.094166024677577731e-01 2.853991829153957882e-01
1.384756782620466753e+00 1.265788720271553147e-01 1.304190006948970249e+00 2.411744475049316438e+00
2.930400175858028700e+00 1.797847053670338369e+00 1.945393791232201908e+00 2.035771869928582500e+00
1.235064230469754554e+00 1.368221750393832981e+00 2.631876889892390103e+00 1.793702615539729095e+00
4.371951554121309425e-01 2.950268957280858029e+00 1.134157846928776303e+00 2.254826378565170375e-01
1.432246299771394282e+00 2.115343760860764366e+00 1.078268268650737660e+00 1.617921830934693883e+00
8.674781146951008326e-01 1.012453312630917424e+00 2.494078908494703484e+00 2.254369059208404025e+00
2.831405011882567102e+00 9.362461119931042575e-01 2.674075623995169959e+00 2.029314286461354477e+00
2.646234905582047769e-01 2.007821349449475878e+00 3.030550097376822904e+00 4.679694932397557294e-01
1.362192965651885856e+00 4.829439460866570832e-01 1.739298091602883289e+00 4.651031949896535234e-01
2.198956790994659904e+00 9.609707820426979241e-01 2.909914540463323984e+00 2.291037484185956430e+00
2.871738795236826736e+00 7.932628396249969960e-01 3.083671253378026389e+00 1.806042697224814919e+00
5.040004987087880473e-01 1.745482841807728169e+00 5.264353318303157669e-01 3.042714703920465613e+00
2.631259157546204985e+00 6.299492693980559554e-01 2.367751276291885087e-01 1.573795518108798364e+00
2.248452852582270456e+00 1.240471023400620210e+00 3.041767642114261871e+00 3.048595422618484818e+00
2.548649170454157620e+00 1.242492227527935977e+00 2.385708729811083284e+00 2.844343953469645303e+00
8.625218048431185225e-02 1.738481405344854958e+00 1.742585922324494385e+00 2.592336470488524114e+00
7.494214503926521775e-01 1.058214036785030343e+00 4.236317288045463592e-01 1.493686317778947892e+00
2.499680914193457060e+00 5.452126825377632269e-01 3.546409702651514562e-01 6.305974986986521147e-01
2.756531889584878936e+00 2.583542403074076343e+00 2.738749532302200862e+00 4.621939410830419037e-01
8.218870140230207788e-01 1.998496596779443024e+00 1.265059200800638273e+00 2.515437259861807551e+00
1.712914250928920579e+00 2.741579677516726932e+00 2.850214140010347119e+00 1.587362000555343933e+00
1.425473278975191604e+00 1.107006839967312084e+00 2.771763763361458022e+00 2.703333270014559100e-02
4.283417056402010203e-01 2.181198368865483239e+00 7.530864465237806504e-01 6.498517073845568037e-02
1.860654074751227016e+00 3.967028547491847079e-01 2.476805664510587146e+00 2.020597609159196839e+00
1.286799914899631192e+00 3.820941243857963188e-01 2.958216743231310453e+00 1.694451250169115131e+00
1.294098562694343535e+00 2.849858819056220738e-01 1.086241877046715265e+00 2.864945162702868586e+00
2.491424746810044777e+00 2.259461734890261031e+00 1.173111940488876792e+00 1.023799866271390080e+00
2.232457262791208930e+00 1.028652801661741556e+00 1.907702739759159272e+00 1.559731375417569677e+00
2.182839626636273955e+00 1.507979315159662548e+00 2.264053487098732220e-01 2.065543882752899130e+00
1.740904765105676599e+00 1.099282872404025557e+00 1.396208433505300883e+00 1.082107877245519045e+00
3.898708564007845045e-01 2.761153835138795198e+00 2.494336281610996853e+00 2.917866584120100137e-01
4.316827465383738516e-01 1.937912092927465357e+00 7.966709637535960287e-01 2.398741975622999067e+00
1.773909221453675800e+00 6.204317932575960093e-01 1.431162459879571358e+00 2.933441030458029619e+00
1.234190556135344563e+00 4.221566429108543628e-01 2.495185540979863448e-02 9.412241834476972047e-01
1.202734881537830480e+00 5.339858034980623502e-01 1.584705433181282430e+00 1.664512377101287743e+00
3.449366206729264639e-01 7.628504006660037362e-01 2.724587422792271507e+00 2.790584302302790309e+00
8.346425677813619493e-02 8.880876602770306771e-01 3.083415432367953457e+00 1.106239335003940782e+00
3.009742681142082876e+00 5.364493416216256083e-01 1.757025624163586430e+00 1.457880770620545663e+00
1.090875971574085446e+00 2.688053363152632880e+00 8.657604728102760161e-01 4.056057775506315966e-01
4.066013072519887306e-01 2.850054625609935943e+00 3.042081011032867099e+00 2.514322061227083904e-01
1.031286597157637264e+00 2.549907781077191959e+00 2.558598857826240636e+00 2.699295908002733224e+00
2.764972076773602794e+00 2.376043308112148811e+00 2.534313642444241399e+00 2.719422305776377335e+00
3.027286919513441976e+00 1.283309145530141970e+00 2.010880317066995548e+00 2.500424437946802581e+00
6.023666572097647887e-01 1.117431969845476963e-01 9.533751957219530615e-01 1.962017846044327829e+00
1.353025237300622630e+00 1.174341178178521128e+00 2.379666991255621422e+00 1.967348565446119801e+00
9.406557198187873725e-01 2.298589813176374452e+00 2.441782854741600062e+00 2.956862357496575222e-01
2.976643591068120376e+00 1.068459820776335611e+00 8.825476112779809812e-01 1.562975182267742902e+00
1.756927836374724938e+00 1.839559818293210913e+00 2.403829598315238236e+00 9.275096159737177270e-01
2.376295183522838528e+00 3.643430268770125324e-01 4.267580365320334246e-01 2.059063232793569398e+00
1.898250386088915942e+00 3.026372506577640564e+00 5.089288908192858285e-01 1.716345816835013194e+00
2.463122113096462229e+00 1.355640922072629317e+00 7.654874117445860104e-01 9.321711285689273652e-01
3.393909268665970189e-03 2.462992631112321806e+00 1.637146105156725762e+00 2.161044188598383986e+00
2.862468727901210652e+00 3.775971070296356702e-01 2.456469403301906773e+00 2.217829362432649720e+00
1.032723631336659453e-01 1.900172718686409801e-01 2.019698289221171006e+00 1.838501890579141929e+00
6.268040091391467727e-02 1.955891330481876744e-01 2.692115548498088984e+00 7.233728450641837560e-01
1.161452619494550031e+00 2.205313989782437201e+00 1.891057594437185463e+00 1.600211999888178083e+00
1.905405672006251327e+00 5.696923234284991810e-01 2.421956636037008614e+00 8.584872960539622344e-01
2.137902864107150247e+00 2.734877778444916530e+00 2.044698185279420155e+00 1.732561815746194389e+00
2.570703420350873181e+00 2.356097714683770494e+00 2.688953954692400394e+00 1.224723403257228727e+00
5.849038891537139406e-01 2.854407171021528633e+00 2.652211850204686527e+00 9.357505057880175503e-01
6.351563705307425867e-01 2.404815603447147510e+00 1.965752663851045190e+00 7.366330969056407163e-01
2.308221048872615810e+00 2.019955542641138191e+00 2.958551705325118242e+00 1.335245119861148577e+00
2.395584801346373194e+00 4.506946806849944087e-01 6.346194830298605358e-03 2.568541926973867184e+00
2.407432231706243098e+00 2.829861694351631929e+00 1.957683484310395183e-01 2.096112755005367312e+00
2.927313364036747689e+00 2.928717696077448029e-01 2.338648900104144668e-01 8.311373679003313253e-01
2.437101183387054615e+00 1.276378763605449995e+00 1.435806160318511493e+00 1.742411190709492352e+00
4.879905724584041038e-01 1.359279366955434609e+00 2.504486838294639917e+00 1.714987255801087906e+00
2.134207622875374799e+00 1.848934816350383148e+00 1.694291307755792841e+00 1.905544065245970309e+00
1.822124036469840780e+00 1.911912251493110615e+00 7.598780462810168501e-01 9.168167041737238510e-01
2.932487336862386496e+00 1.515368851882973766e+00 2.516164358659581879e+00 4.204632940342704628e-01
2.976215110632947081e+00 2.709126188292486415e+00 2.319065202212764465e+00 1.894003322433981396e-01
1.143168767363571092e+00 3.136940260917160384e+00 2.753286267910372676e+00 3.627068638460029248e-01
1.382921543039389078e+00 2.209594123645924224e+00 3.010953840658975089e+00 1.286714307742971464e+00
5.614809431166903897e-01 3.113950805632452301e+00 1.843206934613070391e+00 1.111845966185935203e-01
5.157811391293122272e-01 2.394040017143803212e+00 2.431305240422562797e+00 2.922178218234964042e+00
1.113614905451929316e+00 1.465838263677192721e+00 3.926391078130005985e-01 4.554484083832291419e-01
1.826567102447665070e+00 1.868849097263739212e-01 1.989665087067446159e+00 2.296024233620040711e+00
2.841165349842003529e+00 1.257915821900099207e+00 1.325753269734439410e+00 2.210421665929927504e-01
1.553352632999198679e+00 7.805356604228171902e-01 2.284298091500731598e+00 2.379441426284613303e+00
2.333302060448749771e+00 1.550190305368768007e+00 2.913453373285590953e+00 1.333205504538394148e+00
1.405390268513085461e+00 2.236800859857752233e+00 2.233484221318618179e-01 3.032442389188470422e+00
6.669513625351014552e-01 3.116475012833029190e+00 7.918455929067627075e-01 2.984911243596855002e+00
2.437041854853055689e+00 1.726933511895677231e+00 2.177351711487568675e+00 1.635282949112183859e+00
1.767640190180966187e+00 2.715948450655393476e+00 2.329104034199330986e+00 2.224699304198303640e+00
2.802954833335682405e+00 1.528754487434293097e+00 1.133007852137682958e+00 2.735212682599640122e+00
2.921294594959905844e+00 1.282271386037886707e+00 2.679732946716927078e+00 2.452513677241507484e+00
2.713685425860811851e+00 8.400666848496121109e-01 1.548446419989001788e+00 3.066845019961869756e+00
3.710941889321482945e-01 1.838760017915523459e+00 1.810598360027628528e+00 1.398438463547537092e+00
2.023832799465487664e+00 1.012934399154804321e+00 3.846181949852779391e-01 2.745775624386716185e+00
2.828180654408958272e+00 2.722988514037581353e+00 2.461175784088244889e+00 1.349891493685216950e-02
4.380221226263060208e-01 2.059930138713653935e+00 2.525247220570516316e+00 1.739429065426909560e+00
1.196557235129660279e+00 1.959666246507967835e-01 2.156746904872247406e+00 2.076510875076400531e+00
1.556467457344664851e+00 9.122203806964724881e-01 2.750530668962928971e+00 1.394338027403805746e+00
1.772580112618098447e+00 8.753607754135559471e-01 1.781739409308966016e+00 2.368627285001258187e+00
1.915382556015704507e+00 1.633224977085252716e+00 1.390454556426259924e-01 1.234071832611398634e+00
2.875660882596027701e+00 7.049501059695474359e-01 1.992452636702344737e+00 1.760457373847588713e-01
2.175189457578566188e+00 2.749861770651137682e+00 2.508591352753325676e+00 2.940685069803478657e-01
2.096588552161810615e+00 2.136439192585643188e+00 9.198399466688136350e-01 2.965421512061365394e+00
3.004458445702341329e+00 7.366948857727959599e-01 7.452755024766334335e-01 5.177906391225385319e-01
1.359184599436187746e+00 2.114124853297527196e+00 2.491939437696166326e+00 2.232294475814680101e+00
9.806692941151856635e-01 1.957329151041564241e+00 3.015338036836717528e+00 1.804028762843157940e+00
2.553366405292861074e+00 2.115417143997312621e+00 5.380009438516389908e-01 7.250027517820258893e-01
3.075468420750739895e+00 9.476617334412588134e-01 1.216436734731194846e+00 1.695554488623167932e+00
2.795397105147648276e+00 1.353671567994575442e+00 2.741896818302110184e+00 2.171222320819136797e+00
2.931457291022033562e+00 3.449317533119775070e-01 1.885536824465867678e+00 7.238284374135013355e-01
1.450512369757648079e+00 2.493051178421126668e+00 3.012350312475519765e+00 2.920254953388510710e+00
2.900795259696781869e+00 1.349107950811911261e+00 2.252785919403105463e+00 1.605726929288409544e+00
3.066848965130046345e+00 2.882508623468453379e+00 2.253949742447095783e+00 1.823450783933038000e-01
7.360176838214401718e-01 6.078131356551218500e-01 1.155712432440111487e-01 2.206124947804370962e+00
8.922522420409831900e-01 2.740406326957627314e+00 2.595416133704008477e+00 1.608068298329604850e+00
1.500416067380069718e+00 1.890282721123413889e+00 1.454683273627866091e+00 8.055630569439036215e-01
2.104894371547558762e+00 1.415432535351664356e+00 6.174280534087722705e-01 1.369749957952862029e+00
1.245089277639941816e+00 1.746120863879797591e+00 8.957494258826547151e-01 5.602732509874581712e-01
2.099629745395168001e+00 1.510177388903680029e+00 2.997182177150722104e+00 1.911744321944406577e+00
2.099489765270261543e+00 5.806663733680078598e-01 9.373815888024494836e-03 1.717532654155619509e+00
1.007855990777563049e+00 9.948153142768410007e-01 9.216163690158571953e-01 1.451712120411474127e-01
1.449447843277865910e+00 1.937233964134650321e+00 1.203888694228826939e+00 9.365708653059943156e-01
2.304421188695688905e+00 8.942948572413558228e-01 2.227528510019719299e+00 1.958254809037552002e+00
1.481602259963578971e+00 5.787690272061243313e-01 6.236153689935528543e-01 1.737404963678103043e+00
2.039914325596626554e+00 2.200483307490518126e+00 2.829640205365927752e+00 2.990504699734147565e+00
3.116124088597895803e+00 2.282945794781253923e+00 2.265789645873329761e+00 2.693887191467281728e+00
3.090097539675754845e+00 1.922304895031949235e+00 1.548455637930547191e+00 2.835771077219670921e+00
1.618780874072911768e-01 2.198368265336617666e-01 3.119350019130568086e+00 3.062663346865700298e+00
1.995086790502775598e+00 1.735823058745582292e+00 2.667164766813308607e-01 2.649006585514651402e+00
2.199637651555829798e+00 1.942842942242372972e+00 2.714710452640904492e+00 1.898270488180627602e+00
1.291753449770209894e+00 1.344154323889236391e+00 7.803685983367800172e-02 2.356640970098987875e+00
1.165598152191801740e+00 1.505273814293439871e+00 2.594124008509691048e+00 9.418188734691478325e-01
1.016116372449287208e+00 1.958751688847609307e+00 2.797436453410272250e+00 8.283488051491827431e-01
1.552130842296396862e+00 1.149380047444895858e+00 2.116902658473839072e+00 2.277192767342648860e+00
7.826169482807583400e-01 7.906523926740357533e-01 4.562324250970254957e-01 2.126997203259520242e-01
1.442202274468590728e+00 1.647289831228900159e+00 8.250766580431609931e-01 1.848417709920860685e-01
3.305192505694177774e-01 2.918496234677453671e+00 2.477521451490698023e+00 2.590553925435735927e+00
2.670786103945941292e+00 1.719661002358994217e+00 1.131113784204511141e+00 6.120611566368677758e-01
3.082257630397849724e+00 1.802386439755025993e+00 1.658047393543051085e+00 1.068473754168868473e+00
9.488691883514150938e-01 8.975308354715674231e-01 4.695586974734862751e-01 2.737106496024968472e+00
1.303634216715569449e+00 1.482829956518601167e+00 2.971232769064138690e+00 2.666001498611266562e+00
1.071190440490150220e+00 1.130271927874993532e+00 1.862053613821049058e+00 2.070144428779460366e+00
3.229300620980544712e-01 1.885893504014167776e+00 1.950149095886017481e+00 2.504380369776991744e-01
3.048677460985848686e+00 1.844670594518649454e+00 1.484419703620468267e+00 6.952432231831111586e-01
1.935647242661596046e+00 6.279805757057760340e-01 1.307893905709064108e-01 2.164509696884215462e+00
3.105537617685010243e+00 7.359821050473034365e-01 2.200448148314321450e+00 5.883000090041644592e-01
2.489240555871945038e+00 1.256194539092520213e+00 1.031039739097855845e+00 2.860539201421083533e+00
5.589676008998635259e-01 2.844767385149072680e+00 1.776584191782748512e+00 2.023225604176121309e-02
1.577316563139280925e+00 7.486823161949867078e-01 7.346786974919871094e-01 2.238829044900090270e+00
1.570242482629063963e+00 7.757810472388751988e-01 2.956555957029392445e+00 8.425360740149384631e-01
1.903839734166593578e+00 2.426631345840116527e+00 2.568631314059912074e-01 1.095345972958262415e+00
2.568179979669229063e+00 9.961124923838162726e-01 8.609173402573172540e-01 8.900488392802776705e-01
2.354371027092772461e+00 2.137426437289341452e-01 2.112996290615090533e+00 2.032051116567186622e+00
1.674477111075529434e+00 1.562420267226766857e+00 3.116899264551808546e+00 1.137084667074306221e+00
2.677276870096764738e-01 7.794564293097120400e-01 2.751445760268122154e+00 1.215469129786379998e+00
1.620992369974374236e+00 2.074749871420043856e+00 2.630103873133871950e+00 2.348331292083906341e+00
1.019074177670478365e+00 1.214383476474246715e+00 2.098849305395406706e+00 1.277772891049202553e+00
1.810823588214556024e+00 4.808923730721347267e-01 1.412780510015930968e+00 2.425503179845982960e+00
1.787016384047074302e+00 3.080080200202300889e-01 7.755800047029749456e-01 3.042424491597648828e+00
2.453103109489955802e+00 1.566315499344736129e+00 1.787630011324363277e+00 2.356983301663708730e+00
1.426618292632740870e+00 8.429419146424297349e-01 6.914604386645218925e-01 2.052772219046818059e+00
1.565254483754212167e+00 3.032882636893830863e+00 1.262790287355150864e+00 3.138284220397177471e+00
1.719221250333248463e+00 2.248694550962837990e+00 4.012104899891036532e-03 1.439007083366119266e+00
2.378336737119177702e+00 2.804672787351925489e+00 3.052611871136168276e+00 2.321323860079468115e+00
1.397373382883063453e+00 2.234505094920725021e+00 1.287506161776128089e+00 1.820472242353087688e+00
1.725095275623536706e+00 2.682057676279187008e-01 2.096449496782220034e+00 1.415280476230659668e+00
2.813403230842964065e-01 2.399012974725744929e+00 2.868751445007752476e+00 7.341806445030243378e-01
8.048906776727238199e-01 2.794671728044648251e+00 4.049628898222508711e-01 8.497837518070519014e-01
5.688481566231776698e-01 2.246217346221888178e-01 2.766027928958317617e+00 1.890993147519401729e+00
5.730166133186807009e-01 7.037484856506851516e-01 1.404652372934710458e+00 1.549565248287838148e+00
3.933105090894606914e-01 2.079611074485458122e+00 1.563433246820959299e+00 4.336686549808463353e-01
1.561760757949884448e+00 2.511037853181373070e+00 2.040267423121286061e+00 1.303446839325925755e+00
7.290258418108800376e-01 1.245008582220819143e-01 4.911591822686308673e-01 3.064984379650000701e+00
1.105769019046804802e+00 1.576281989384966664e+00 5.854033349613161352e-01 2.959163435543700427e+00
1.181576107512824381e+00 1.027632040060417307e+00 2.827623700263760309e+00 3.905947715022855538e-01
1.688170887797113995e+00 1.392849922282653807e+00 9.308635751844425155e-01 3.522812430528973193e-01
1.425175945197160621e+00 1.021770568818062497e+00 1.810414865389613714e+00 1.721132189984700966e+00
2.929909972716553401e+00 3.012388535342743978e+00 2.343342291991371562e-01 1.245502116756696420e+00
1.409497787155384874e+00 1.286183385034945337e+00 2.458977163991883597e+00 3.925730483200591259e-01
2.564825597589468043e+00 1.725769331583034694e-01 2.508447059168563253e+00 1.397701262830480573e+00
1.527701585296194375e+00 2.903736052815984792e+00 2.202016359268342605e+00 2.062306182024214785e+00
1.192519915256448959e+00 2.651822908263944623e+00 3.703323307048240198e-01 5.089388242935682927e-01
3.051578284015372677e+00 2.903550955821537549e+00 9.601157759467075781e-02 9.475458390270131703e-01
2.572806117165244988e+00 1.582115985952290860e+00 8.934290718698615352e-01 4.543703651565726420e-01
7.923278401149987937e-01 5.578277014172581261e-01 2.590444581374455879e+00 1.965540250334026240e+00
2.737480811895484756e+00 3.369126226867144025e-01 3.776505623677076096e-01 2.598970287877457430e+00
2.151895720460049066e+00 8.864704075549358908e-01 2.206175959164970113e+00 2.437007375574278711e+00
1.402492402130672389e+00 1.675267372574804625e+00 2.373367992320148279e+00 7.287800780719595473e-01
1.190344058885293377e+00 3.063678994484732021e-01 4.810629095809072497e-01 4.987135436965063340e-01
2.627166241329877749e+00 7.062282157220479695e-01 1.517876524408083183e+00 8.846952010909951980e-01
6.893449372085969085e-01 2.541663432226552111e+00 2.598206235801689079e+00 3.093204026202995838e+00
1.076893590661760491e-01 1.648026093652463109e+00 2.835831828567502377e+00 2.836236827995177290e+00
1.683419670604987539e+00 2.047340889388927110e+00 3.076336286369022677e+00 2.453882493002424781e+00
7.106195434756397145e-01 1.694353669321973177e+00 1.451393672237269117e+00 3.138515113025044379e-01
2.914302621908831714e+00 1.596700543857055177e+00 1.775033363367311656e+00 3.061554385969825098e+00
1.049247878056785321e+00 1.955830059040804203e+00 3.103577914375770685e+00 2.943406185531248109e+00
3.103058816074003801e+00 2.104519658032287133e+00 2.845554201666160132e+00 2.436520740812582630e+00
8.042117563158790450e-01 4.407251181066034196e-01 1.929036360722230059e+00 2.618790702498763889e-01
2.471339231538070447e+00 2.964572481178033847e-01 2.841891302380844309e+00 2.254961227340917529e-01
2.624477362905520472e+00 1.718722425650040186e+00 2.713766255982664521e+00 4.287284117118421722e-01
1.727044929650950689e+00 9.499107364962343647e-01 6.530863093107556194e-01 2.207987704673232798e+00
5.891300484830893636e-01 7.475547038614064332e-01 1.224185402575659332e+00 1.113380886958205584e+00
7.618440769344438923e-01 1.072855702215009366e+00 5.703359712456199659e-01 2.917806078618387922e+00
1.400613527850681272e+00 2.183897087537312931e+00 2.600681397092758473e+00 1.221748430066753155e+00
1.936605943280088393e+00 2.579254070809123611e+00 2.871462362541609803e+00 2.421644499889843871e+00
1.153803242168812027e+00 1.456502905780265200e+00 2.023020470742284527e+00 8.287459764730731315e-01
1.662776266470564979e+00 8.658483522476722039e-01 2.151963067395107565e+00 2.054531141215004020e+00
1.784590851345118634e-01 2.097718821034592729e+00 7.792506002231907036e-01 2.372222096546290349e+00
3.026591268015416336e+00 2.584848842385865542e+00 3.935459334565176714e-01 6.725094364196495533e-01
6.880789862844489679e-01 8.796951611058480003e-01 1.706561503043282219e-02 1.839500901446798231e+00
1.052255734115353780e+00 2.454602326652886912e+00 2.174984540387294718e+00 1.320768660080557710e+00
2.046414273833839115e+00 1.078615252068334529e+00 5.179215137549723069e-01 5.384375215163265116e-01
2.060187802154208117e-02 1.957630821190885051e+00 1.364026093862745537e+00 2.774674048635213275e+00
2.927057931569720051e+00 3.010940123530894130e+00 1.651814662416684953e+00 2.923042834192179029e+00
2.258149851176256273e-01 1.459387622630421877e+00 1.634347240684808744e+00 2.612153002442818117e+00
9.351821898002349309e-01 2.923369126518980288e+00 2.001453742172763395e+00 1.431447929001141040e+00
1.366320842115519962e+00 1.854868518186392867e+00 2.946393767493262317e+00 2.578928000076447180e+00
1.289441097658409641e+00 1.331080756828213252e+00 3.014577500552776623e+00 2.842775810108877921e-01
8.023894138305126544e-01 9.041496065928612547e-01 9.595860265535565148e-01 7.886830402659150696e-01
7.998345991045484604e-01 2.673978174929084961e+00 2.905807384753984923e+00 1.756866318137991545e+00
9.265467825177557959e-01 3.092747521950162670e-01 1.114410651724968337e+00 2.371811267700827397e+00
5.401435058374184361e-01 1.691606246149780279e+00 2.956692455661130481e+00 1.494166840374212990e+00
1.549912223994320826e-02 2.117072252870593640e+00 1.830332969005759924e+00 2.400986017296598440e+00
6.719792893786618038e-01 2.999798227674919104e+00 6.296109637150452132e-01 2.517724554537924320e+00
2.547326038194937414e+00 1.002979531438443095e+00 8.656534449046481283e-01 1.949992360401433533e+00
2.509356616162242926e+00 1.118944562734939391e-01 2.197265047576826280e+00 1.983702616851038769e+00
2.059840983163281347e+00 2.242819567724684937e+00 2.853282449572653423e+00 1.485335932454903807e+00
6.529627104604420751e-01 1.132493080236659289e+00 8.739786252469176064e-01 4.516652262679942686e-01
8.305822263472100175e-01 1.873937954541041506e+00 2.040497191772642882e+00 2.662000086588462544e+00
2.534530552919024959e+00 2.381235671034476642e+00 7.748450686431533896e-01 2.485216006670252220e+00
1.361250411189396103e-01 5.776716075590002664e-01 2.528477134344413013e+00 1.827821989836860395e+00
1.024372438983679690e+00 2.264648592894332069e+00 2.801559375665315876e+00 1.294546541161408104e+00
3.059533092543795796e+00 1.903898451706112382e+00 1.459371260362428702e+00 5.847833764785351773e-01
1.429130378634061414e-03 1.347495250073289963e+00 1.507453018735076755e+00 1.742830882920240743e-01
1.977871007606604614e+00 1.078292958206794161e+00 5.419506361901975655e-01 2.713120407482753738e+00
2.343970429718725157e+00 2.182229815287318520e+00 1.239153480264362006e+00 8.135467780681585603e-01
2.344726516397739879e-01 2.684485738001509691e+00 4.778686150222759554e-01 1.140702266003122300e+00
1.493761580791033161e+00 1.736743532047980709e+00 2.730148075553335385e+00 1.152783991094875615e+00
1.868669104087533173e+00 3.119759799341102369e+00 2.967099578735978405e+00 2.687361405697428207e+00
5.230930296209108654e-01 9.264162262230707379e-02 6.914377322243679957e-01 1.224983720346509486e+00
4.612856277717978792e-01 2.398144219185424308e+00 3.052985090589261041e+00 4.451617854427042942e-01
5.448957496503197273e-01 7.691165619030747580e-01 2.497915221072393610e+00 7.293524793957306684e-01
3.106820620667442245e+00 3.109654341180723591e+00 1.420224902591035843e+00 2.671840579804159344e+00
6.450127925957586106e-01 2.324377269886376829e-01 1.761303165557470685e+00 2.541069871894139354e+00
1.548423631326887318e+00 1.934716241673576143e+00 9.688545752212649464e-01 5.926098968868572792e-01
2.119080552997453015e+00 2.309107151381693868e+00 1.202149480914405988e+00 2.934132684171614880e+00
7.297521413250012134e-01 1.417603976342053373e+00 6.828447288912601332e-01 2.625623857432214159e+00
2.945486751957755445e+00 1.212216797718863814e+00 1.630736174507713354e+00 2.562759873545310541e+00
5.955724250951456300e-01 1.266694394485485597e+00 1.198659815966274689e+00 3.037497900048622412e+00
1.205115242505539586e+00 1.590349131373785863e+00 2.409643446591547278e+00 6.167315059472515681e-01
1.600258415657054289e+00 5.657160786321736579e-01 8.749935911975644798e-01 2.217479238817916976e+00
2.020520337096069596e+00 2.178432238753287731e+00 2.512155976478021024e+00 2.135693883515055180e+00
2.541957301124901369e-01 1.018719174171033526e+00 1.497200957342874617e+00 2.869273701591301240e+00
3.141192716554705555e+00 2.855384616392485420e+00 3.109791927194065941e+00 1.487623246963153401e+00
2.104362825451613794e+00 2.132108144822022933e+00 2.009132288132593036e+00 1.938092326345229877e+00
2.731247240516571750e+00 1.353132105820716635e+00 8.557907250643077557e-01 1.451168457035511006e+00
5.322461626778278720e-01 1.434433080386629644e+00 1.583534362786006566e+00 2.700414122187080324e+00
2.286877717671408128e+00 2.961671080399550071e+00 2.399680114859933933e-01 1.813122944278980020e+00
1.437878020451655470e+00 2.685628195718977818e+00 7.987147749441257938e-01 2.369885726834936257e+00
7.809183618887487188e-02 5.729048127566684911e-01 2.239685352922210271e+00 9.887315922119310763e-01
1.000674886148136267e+00 2.382393194048056717e+00 2.002622046112111143e+00 9.485424010558982655e-01
1.654176884813085335e+00 2.146298506343697010e+00 2.222659500150397260e+00 5.722049876909158783e-01
7.578023159449915891e-01 2.978006553527566158e+00 2.248515638022193119e+00 2.708323247185827398e+00
7.311692092194531645e-01 1.690660873207283865e+00 1.836891819305249918e+00 2.253475886491965063e+00
1.223846890124403508e+00 2.925142479809457186e+00 2.805355076570912765e+00 6.730704242123138059e-02
2.095262219757883404e+00 2.726336651587586424e+00 1.474882991517677322e+00 7.210396177373156190e-01
4.329483504392973026e-01 1.860445004894311527e+00 1.366832490255394328e+00 5.211284207334285767e-01
2.827884655326904362e+00 5.118691282128072506e-02 1.048947585450295206e+00 5.374479139633935310e-01
1.554684161521142638e+00 2.670768443341350995e+00 1.817354283916522428e+00 6.270870580317874921e-02
3.037627570762996942e+00 1.113921440639619842e+00 2.441082699672137313e+00 2.270920956799472368e+00
6.713752522452146598e-01 5.697252224332347570e-01 1.769135467777605220e+00 9.653298490171228208e-01
1.729753345153583588e+00 1.746377882985063357e+00 1.486781020033857370e+00 9.164809913569865740e-01
3.126732238528162178e+00 2.914054102507298349e+00 1.755316558998252674e+00 9.455212397290555515e-01
9.088968668013356345e-01 2.102278275443821176e+00 4.399049001334455200e-01 1.556084564159722294e+00
2.939369871583056071e+00 1.809789635997218538e+00 3.042631694525838260e+00 1.330612267831597029e+00
1.407389719570040221e+00 2.917317700941069791e+00 6.658731239683247649e-01 1.139726583733423393e+00
2.323075022813187562e+00 2.484003365815984576e+00 1.132625568178798670e+00 7.418969326303422873e-01
1.872705805967808779e+00 2.700611491678922782e+00 4.530335280347241311e-01 2.439725001751291700e+00
1.490616866793088136e+00 1.735657495358055691e+00 2.881066393262770031e+00 1.411097759402450080e+00
2.017427380401597858e+00 8.569938191986554987e-02 1.100930790110040913e+00 1.155264887159535014e+00
3.001122207446262347e-01 1.991913822946596913e+00 2.266885513719982814e+00 1.560545038565171128e+00
1.522715861000849324e+00 2.316396189280611306e+00 3.299050049087753345e-01 2.152591335151658125e+00
7.282864999224711866e-01 2.593945256608551020e+00 2.933319450574755738e+00 1.476100969971860577e+00
4.101357700269168682e-01 5.423995321078928233e-01 2.629605372578164513e+00 1.332478144709579038e+00
4.104362204706230033e-01 2.607509038004147239e+00 1.691655231199387766e+00 2.604370017405048365e+00
2.414548040700407405e+00 8.874235479157431827e-01 2.799098871317576176e+00 9.460290662409852613e-01
1.642230520348759493e+00 2.841812016219674497e+00 1.159753956982164658e+00 2.821162068258784572e+00
2.375650728255193300e+00 3.094082631930184402e+00 4.703738028146228212e-01 2.512628182523400366e-01
1.088070430941514788e+00 7.765382749060862899e-01 2.076466187845388056e+00 1.994167269395984654e+00
1.888892346929265109e+00 1.783333833019253856e+00 6.234540005261213214e-01 9.155224153879862881e-01
2.217526902378818665e+00 2.135336952734452343e+00 1.612902463849776868e+00 2.716714959345346792e+00
1.274725913438272018e+00 2.518849764274142089e+00 2.852881386851513934e+00 1.499201276089410451e+00
7.296878777721155229e-01 4.988317466944677259e-01 2.987195196626792004e+00 2.304688241857705044e+00
1.421414844064786909e+00 1.794562365864721176e+00 1.538888719307612174e+00 8.977022078526168958e-01
2.100778600845563671e-01 4.205883031890255697e-01 1.362891624586770156e+00 1.555983027451228740e+00
2.292681113549375205e-01 1.369884849491328715e+00 1.598764304223673882e+00 1.460468969531038885e+00
1.736767088844442197e+00 2.187327170277247657e+00 2.207339541281548634e+00 5.078895732553084796e-01
3.737232557957222579e-03 9.828050318536204477e-01 3.019240304192215285e-02 6.053367193636566279e-01
1.348947272987728097e+00 1.581035667884059581e+00 2.301508878729392471e+00 1.588236776310087750e+00
8.538882804375516056e-01 2.973541634990731541e+00 2.227089028585943264e+00 1.252226325250274552e+00
1.595122491839393031e-01 9.484665275597305989e-01 2.818749102357379410e+00 2.104455683088072515e+00
1.454398764679100342e+00 1.709561691023760155e-01 1.524992644495857697e+00 1.645197706845474173e+00
7.469771462071601587e-01 6.358548801549037677e-01 1.095336774202828156e+00 1.888790409862723951e+00
2.066711747645544328e+00 7.007578391380807625e-01 2.875147860068993033e+00 1.174879602952884294e+00
1.083628760813098335e+00 5.463457634441625244e-01 3.028268796110605621e+00 2.125076185394714656e+00
8.752930060571791071e-02 8.421717581435381184e-02 7.742201587009285291e-01 1.506392716363494255e+00
1.038102179089441801e+00 2.875180303741492693e+00 1.767261065710326262e+00 2.486573220723796940e+00
1.961350958953580914e+00 3.138175628537186235e+00 2.884476867112296006e+00 4.857847710489709980e-01
2.450043519246945412e+00 1.121578766867188826e+00 7.512598906739396121e-01 2.205167615696026484e+00
1.154227659083000290e-01 2.891110051545854875e-01 5.914480443162427326e-02 1.473426316380941570e+00
1.499682721030110022e+00 1.986606984924318198e+00 3.039997399817009782e+00 6.064851311106805865e-01
1.300821847977586154e+00 8.705987778396172549e-01 1.670175863149610862e+00 7.228848239796958897e-01
1.114616473865656543e+00 2.542620418219946554e+00 3.140254376853433893e+00 1.667521836404913804e-01
2.813000576092952620e+00 2.694341935266699295e+00 5.754458176903828326e-01 2.772447453489017999e+00
1.292188086701436367e+00 2.728066617656752069e+00 2.441285215406060694e+00 9.583086685916912817e-01
9.702270947807524193e-01 1.989188268366562040e+00 2.410957529652495504e-02 1.261081668191593286e+00
7.179395242833486179e-02 1.480314574571515607e+00 5.747714207014341659e-01 2.995610947258336765e+00
1.132184053218326492e+00 1.602066424237580833e+00 1.388262154838137530e+00 2.154569548196881179e+00
1.149958591960825283e+00 2.609187783302878039e+00 2.578822844464577546e+00 2.613500627012047772e+00
2.465541751531801218e+00 1.580268957463929924e+00 2.764029746209378136e+00 2.316434246668896080e+00
2.046483678788890259e+00 1.137824134970611828e-01 2.962498710971443128e+00 1.631629876450786831e+00
6.660190116286086592e-01 2.873968497720969406e+00 9.323686782783970894e-01 2.477075320234407574e+00
2.155781260062461957e+00 2.136624552363955765e+00 2.906661727420216668e+00 3.063246388334425863e+00
7.601855576360593281e-01 2.440694378697969569e+00 2.109084859646995103e+00 1.040964539794575261e+00
5.516681299639191183e-01 1.938337894741729572e+00 9.037525975352789231e-01 4.515106093556759959e-01
2.230897693100348800e+00 1.271683125341670051e+00 4.521605094988982027e-02 3.258464535343106872e-01
1.698597449389699088e-01 3.955230960249778160e-01 1.260112255845648344e+00 1.628017538536761011e+00
1.127607523866237527e+00 1.509869585591966379e+00 2.730162479805819054e+00 2.301545330510837761e+00
1.025990535138606718e+00 2.772007699137287062e+00 1.835403173600959503e+00 5.173551993854050290e-02
9.503448939078402713e-01 2.971397743028077798e+00 1.121332137350164126e+00 5.728649860090111456e-01
1.010520740911535986e+00 3.558589471339529964e-01 2.287822308472629462e+00 1.011775432840094746e+00
1.389243189207883984e-02 2.621679684582016723e+00 1.919662593919506222e+00 1.209705960793533208e+00
2.526243842072296353e+00 3.587216915176159593e-01 5.168090721328247872e-01 3.072052192065215070e+00
1.484636621064652662e+00 2.214498204490031430e+00 3.181491541272951640e-01 2.035214329257560628e+00
1.349942010362388256e+00 2.775078625096101259e+00 6.003615389267225044e-01 1.759430522754882320e+00
9.973370131047261389e-02 2.474453901186300264e+00 1.524495270919110634e+00 2.519038219535571166e+00
3.055568327565159947e+00 8.390573568044290553e-01 1.699545869143983090e+00 5.963683658625996697e-01
1.219227248375439887e-01 1.623188492347830802e+00 1.581912443920050038e+00 7.554149856594711832e-01
1.699507603291666724e+00 1.052043784413116523e+00 3.664192753965949539e-02 2.792603748922540596e+00
2.324275699476961332e+00 1.501914401241573049e+00 9.167176087845017030e-01 2.344893021902447749e+00
2.046116002271011869e+00 7.550432923193760304e-02 1.822238561481226427e+00 4.048713219019964837e-01
2.788685625411888580e+00 2.470904463622280556e+00 7.473514223819073266e-01 1.931454652134774630e+00
2.748269234016738949e+00 1.578695073603822552e+00 2.578760794108881260e+00 1.621846894192396249e+00
2.467896632953505975e-01 5.344415916674123412e-01 2.488458722724834704e+00 2.260756517362802587e+00
6.699713937064629699e-01 1.770448105948439821e+00 5.580544878116080465e-01 2.146541291075588997e+00
2.689912998804887767e+00 2.967518187932066009e+00 2.042952589497422977e+00 2.575719486879935793e+00
1.974049258171638010e+00 2.580773515691228148e+00 2.388838688891735951e-01 7.723576090257988636e-01
7.722779977681637487e-01 1.169185094515513335e+00 3.058681296465143973e+00 1.196237862374499139e+00
1.352814181466547083e+00 2.834179941024782767e+00 1.601078180790990846e+00 2.937667292133656627e+00
1.873301311244836009e+00 2.259911174232986042e+00 2.035634495580248560e-01 1.365081743669802172e+00
2.738892802292025586e+00 2.044084827343286115e+00 1.346281778652877570e+00 1.864772135317590340e+00
5.239656640542194044e-01 1.373707715562789700e+00 2.811633541079063270e-01 3.132929687441069699e+00
8.213809153268586405e-01 8.144868764177460863e-01 9.401192733999482742e-01 1.492598426994686811e+00
2.763381461597057331e+00 3.063616374134026099e+00 2.161102025558711226e+00 1.204840478427429140e+00
1.962618059504337209e+00 7.435754755938466243e-01 3.130899460585701899e+00 6.268324504063990110e-01
1.890258949365568375e+00 1.240348185653356694e+00 1.269717258944939253e+00 1.734044842964314714e+00
1.546229593231795985e+00 2.702352914235831793e+00 1.389136672107106785e+00 1.252863003550231946e+00
2.186185670951215521e+00 1.609695051550647626e+00 6.382201549670916130e-01 8.481566040159029818e-01
1.372868196999794677e-01 3.033296764887603914e+00 2.244821538521903026e+00 1.111356951057918652e+00
1.611085073739421780e+00 9.919737977362970138e-01 3.323967103912886523e-01 9.758692137363630392e-01
1.816341061229693521e+00 2.584792686074857126e+00 2.883356624720207595e+00 8.144007736980138912e-01
1.589799434825901470e+00 6.701519488703393534e-01 1.338366498936714111e+00 1.816288744512315922e+00
7.912045118959007972e-01 1.435385296824857271e+00 1.846135835925381663e+00 1.925605441994466815e+00
2.462864896605528653e+00 4.012787690590932099e-01 7.509188845215919450e-01 7.382789758431543836e-01
2.643627281595066325e+00 9.141702112559948468e-01 2.574673916182915079e+00 2.954119926344040081e+00
1.065356276573658167e+00 1.305238627414043284e+00 2.232754351122034020e+00 1.328508318525462029e+00
4.360194244563179167e-01 3.034745738140133930e+00 4.336289913464740353e-01 8.539855734593496117e-02
2.064472681881832639e+00 2.860557109228112793e+00 1.545338214377081743e+00 2.692879262116858463e+00
2.234424543217072401e+00 3.101938925015657045e+00 1.773975780398584501e+00 9.194453315059420984e-01
8.675431819811260103e-01 1.662443379324556991e+00 9.664546247792807909e-01 9.465640873950481593e-01
1.349388667984406487e+00 1.435247739786286614e+00 6.292916480962239545e-01 1.565006016531241384e+00
3.876783925552581000e-01 1.875227046362177630e+00 2.590580319076536853e+00 9.765783443112002749e-01
1.741275553204254978e+00 5.531306315911790339e-01 1.484406769447617735e+00 3.008423060328207388e+00
7.449139655581545894e-01 1.079145144594664124e-01 2.371268520125081825e+00 2.229693277572363463e+00
6.785888326369190482e-01 8.026474266085495968e-01 2.322404769538140012e+00 1.695968334170193437e+00
1.304259341247769433e+00 5.920843223520438903e-01 2.704827458556315456e+00 1.533615609091121962e-02
1.868337773306087524e+00 6.241472510384780126e-01 4.060517061762377589e-01 2.662193446222147930e+00
4.988208257506840937e-01 2.660335509738021464e+00 1.737833931841521906e+00 2.884211718793360801e-01
1.138831445663388342e+00 1.895173471586261704e-01 2.635473299148298310e+00 1.618580206560182422e+00
2.607339499025376650e+00 2.105196863244302108e+00 2.917048055967969677e+00 1.184956879413723518e+00
2.355801285986977689e+00 1.312471450622691771e+00 2.025740559533590002e+00 2.791945642676050277e+00
2.412108750745256547e+00 2.151764330895994615e+00 2.497585300975262712e-01 2.805304875371741335e+00
2.780679640916170481e+00 2.348978653179527143e+00 2.552523961963106824e+00 1.005834458640357809e+00
7.398487744577242342e-01 9.691542700027463431e-01 2.356991669610933648e+00 2.216432041773868544e+00
1.532742361734433123e+00 2.213286142046102523e+00 1.775855979836076237e+00 2.229762498199949317e+00
1.039156597792748604e+00 2.032082670224690357e+00 8.111475833970763771e-01 2.635410992045458034e+00
4.569607288314060933e-01 1.509012312914178588e+00 1.707294972434264535e-01 1.036715915579069724e+00
1.442872437192791457e+00 2.891423254728768377e+00 3.551257557069507076e-01 2.842418277249595171e+00
4.025223242051751971e-01 2.814182806282904820e-02 2.798357079297488781e+00 1.165635409318928284e+00
1.427930815826677080e-01 1.674201134905713095e+00 2.003447909178861064e+00 2.919904077030480050e+00
8.080947247853594861e-01 1.457843111502594269e+00 2.322529893297280879e+00 8.149988844509521435e-01
2.101917408326061221e+00 5.297185103419635999e-01 3.186810540066848940e-01 2.949425401861701879e+00
2.494826905048805766e-03 2.200520110078924230e+00 2.044196273211778436e+00 2.885926507126671758e+00
3.068492187497652957e+00 7.209273548144649046e-01 1.249574837834208862e+00 2.559596826712542406e+00
1.227110077172341107e+00 7.991507684994396676e-01 4.263513511708250658e-01 1.957409783110323209e+00
4.872477603552982095e-01 3.028336661655005813e+00 1.293766543444851980e+00 2.786097367943336067e+00
1.324054439214664924e+00 2.004742531441084274e+00 1.196270963268729171e+00 2.753600845606358316e+00
4.533295510328633204e-01 1.071947112310807304e+00 7.160946635977690766e-01 1.483920588999016466e-01
4.524587093467709598e-01 7.758783754180695880e-01 1.447840195179349587e+00 2.598203819304943707e+00
4.558942886608657874e-01 2.763346061354074568e+00 1.955219237908830010e+00 9.598989862645493920e-01
2.232408887725346180e-01 2.752758982613490168e+00 1.868656570572160280e+00 1.443917871968317668e+00
1.187719455978177019e-01 1.385057610889865343e+00 1.717670502073555872e+00 1.571639582825933967e+00
2.790594501952448958e+00 1.289460559209243851e+00 2.350830074893963673e+00 2.200001195698471523e+00
2.179336404796097248e+00 1.928942056641803404e+00 5.914691521091148818e-01 1.731596375805951382e+00
3.064994527020851178e-01 6.591265390541327651e-01 2.183570264849069797e+00 2.219008841999692727e+00
1.721501238702807024e+00 8.312131838902839798e-01 1.934332299637266495e+00 2.559783777065386623e+00
1.430249457944335667e+00 1.180669226922625548e+00 2.874994549745096162e+00 1.673253803603033552e+00
2.309601076052108848e+00 2.036004156601437742e+00 2.979279098394807423e+00 1.793552704804227682e+00
1.960134730360711064e+00 8.783098066195657028e-01 7.607406957023887806e-01 1.396826748657381323e+00
9.658607824360968541e-01 2.911990912048638247e+00 1.967330451529687441e-01 2.376082074526397747e+00
1.805783913202127389e+00 9.461834466823102474e-01 1.199763055215777863e+00 1.046976224981430725e+00
1.407838704737718771e+00 1.129159355675252607e+00 6.260290701574400263e-01 4.831423273565636778e-03
5.330852235096851244e-01 2.157139470780412349e+00 2.065115345219568965e+00 1.149154129812663294e+00
1.358278525528917591e+00 2.659933770227639993e+00 3.881776276222614896e-01 2.879999727076580029e+00
2.931098556930026078e+00 2.789532142277237448e+00 2.316834476501052897e+00 3.098907805867139320e+00
5.374656312428698346e-01 3.733175011130613341e-01 2.110897360459467187e+00 2.617259907458141743e+00
7.446991100077245962e-01 2.840761277546385855e-02 2.383111057947345568e+00 2.595635214600571672e+00
8.919405595715211854e-01 1.336720122397247135e+00 7.697901887838707324e-01 1.266906146905360631e+00
1.728067314648846997e+00 2.318685962913229037e+00 9.601248780440799768e-01 7.356581256978085293e-01
2.686708901474778255e+00 3.704371234975541854e-02 8.151626491718196865e-01 1.127958187046839145e+00
1.548703084186042300e+00 9.342584972922856057e-01 3.021401914038210013e+00 4.198112365162581794e-01
2.689986625740938830e+00 2.789627493055874208e+00 3.050367984181220571e+00 5.559645917505894042e-02
1.556764935848266251e+00 3.025283699629476963e+00 6.457004186862892736e-02 1.221489840595954036e-02
9.494794321390181979e-01 2.848690385960151783e+00 6.064277075744595180e-01 3.131495511093169259e+00
6.429113946665209189e-01 3.113192146149038830e+00 1.508350085117490469e+00 2.769486056783591721e+00
9.546862039848641457e-01 3.076581007716244986e+00 2.536564177730251224e+00 2.888181654645824104e+00
2.920012107483137775e+00 2.998329334721880013e+00 9.190925785303679652e-01 2.037142593474723373e+00
3.007432117780470371e+00 3.857600355669727477e-01 2.782107495422894150e+00 1.969582337097785407e+00
2.801359644180390074e+00 2.777641063834975999e+00 5.736209299372551085e-01 2.541446148103534280e-02
7.272477619610367983e-01 1.386174009916772532e+00 2.630557395421707856e+00 2.444425238019176216e+00
2.645741703563525782e+00 3.059814047787969837e+00 4.205279756742134056e-01 1.890547922052635110e+00
1.473234355085537794e+00 2.510231675349975933e-01 1.343534482116458761e+00 8.121527228130019926e-01
2.502099427279338428e+00 1.138505617076599474e+00 1.958677261698281269e+00 2.842871299957574927e+00
2.553606102227711894e+00 6.607597962428268801e-02 8.295525609487363061e-01 6.369514413148240628e-01
2.229990620796316048e+00 1.905544840070700019e+00 1.523281400233795990e+00 1.431737956284596880e+00
2.511024820646329925e+00 2.574770718252367807e+00 2.889556942381945603e-01 1.534010468397670746e+00
2.148344136966310991e+00 4.108807663844655234e-01 1.616129550352296107e+00 8.294623827096626600e-01
1.767808458098858171e-01 8.325934187594604685e-01 2.531448679729080345e-02 2.406376461408254563e+00
7.528333640688853468e-01 2.384457707992932551e+00 2.861760763666722163e+00 1.691977097322284740e+00
4.360790835364337648e-01 2.193819778413343968e+00 5.227163886250492109e-01 1.691307925840807025e+00
3.388644689448112174e-02 1.417320027067704435e+00 7.457235532610221318e-01 2.067878399313181514e+00
9.133974506834821039e-01 1.581820996949069746e+00 1.275569101418105200e+00 2.664219684979550085e+00
1.992860102659503641e+00 1.918127941706311956e+00 1.486446692802307012e+00 2.038196608881403193e+00
1.474435296783783711e+00 2.255716229248917237e+00 1.167984850130090457e+00 2.493373601873546674e-01
4.657187474557442086e-01 2.381981664044845903e+00 3.005704898666048841e+00 4.083629719585367690e-01
1.329946669542654281e+00 1.956587585108775285e+00 1.766673575517069938e+00 2.336043837774095522e+00
3.044194673184407840e+00 1.192516325328445426e+00 1.906824387956291833e+00 1.183195779092290234e+00
1.320106782231721843e+00 2.559314578658509642e+00 2.805629558972579929e+00 2.709869120252742736e+00
1.843950900295463047e+00 1.079536745422158273e+00 4.556844355040995942e-01 7.949322439251840233e-01
2.615169340734841086e+00 1.116440875102684638e+00 4.219657407157573203e-02 7.455731843143038606e-01
2.397269627115074631e+00 1.099514035107883592e+00 4.746906226600476342e-01 2.951515019297363818e-01
2.356083219106413384e+00 9.133333954505173935e-01 1.857714565134794604e+00 3.028928184396792123e+00
2.703566160389160977e+00 1.622155604457317768e+00 2.774747393462780320e-01 2.578242659351879684e+00
8.782686007691615782e-01 3.020398703463495593e+00 1.327405177472929632e+00 3.017421261874986715e+00
1.560528973223680227e+00 8.061827853105744957e-02 2.618690006731013042e+00 1.464764721075288101e+00
1.914531733269242197e+00 2.673265210931709213e+00 6.019838960922749838e-01 2.821451682623775437e+00
1.291234961604908360e+00 2.155367701362839394e+00 2.893254712483070090e+00 1.434968476111378344e+00
2.571918581812248306e+00 5.954040820175461324e-01 1.078723996415424269e+00 3.587974469473562689e-01
9.509242781372032605e-01 1.493950916801896511e+00 2.717261221156137996e+00 3.065419368405018385e+00
1.470877040973920247e+00 4.384586479391365810e-01 5.443713890171014702e-01 1.263304560484408201e+00
1.430332041522238695e+00 2.102667476803541824e+00 1.250161679118718117e-01 2.748787402219695863e+00
1.621042773659198355e+00 2.462315817908023341e+00 8.333852424013079574e-01 2.454027907951355836e+00
2.364275425089479743e+00 1.015581818469861508e+00 1.160195758394866328e+00 8.923743977387470494e-01
4.863125516001639004e-01 1.787846367407364578e+00 2.741446751348895483e-01 2.020635831900448043e+00
1.625081021181069008e-01 8.218121820070397598e-01 2.895166063886108532e+00 1.449655701982989139e-02
3.794801145118752994e-01 4.837701647116325332e-01 3.081085625186771093e+00 2.531273789503973415e+00
4.977662880823077729e-02 3.071034196604377486e-01 1.156027478724921620e+00 9.039694803864191108e-01
1.364480794539706165e+00 6.959228664805139353e-01 9.488683565268921649e-01 1.080077064777350104e+00
1.112542460795525434e+00 1.098796745324560842e+00 1.174781678107400806e-01 2.377127364247476393e+00
1.472954738443727762e-01 1.090491424537305187e+00 2.323453920127052541e+00 1.295744091639468909e+00
4.844718136890087123e-01 1.598197643836823945e+00 3.030733118274387294e+00 2.642018770818214346e+00
7.596447965143935388e-01 2.232797824391374863e+00 3.124347396495058327e+00 2.337806668496698048e+00
2.367627531089509851e+00 2.871188526568059451e+00 9.776616431909924687e-01 4.235121278461270039e-02
1.045832914907664835e+00 4.931797859533192385e-01 2.280083562523065599e-01 7.736466942290863846e-01
1.421893333990590369e+00 2.842949357713747904e+00 2.151157975766063046e+00 1.008458474109289460e+00
1.912849044124917963e+00 2.192009514399543502e+00 5.142212473008638263e-01 7.125286499501473636e-02
2.387394168104149283e+00 2.969210065372697382e+00 8.835155317559351129e-01 1.530096460973423778e+00
2.317829708856218751e+00 9.772012976594914857e-01 1.562107553337851451e+00 1.866039225591261896e+00
2.565033488252281835e+00 3.018593654738669141e+00 6.652065465846686010e-01 2.716978068587814654e+00
3.554869944554974182e-01 1.403539600253601805e+00 2.465641306007383182e+00 7.717487236877637047e-01
2.652510047587459674e+00 1.388596955463315963e+00 2.496632812394930401e+00 7.520346581715503520e-01
2.641991823420558605e-01 7.308607283441985736e-01 6.387187893935123428e-01 1.823343917308548612e+00
2.562873689744849415e+00 3.743837828726344075e-01 2.784252678084577326e+00 2.609641892556399778e+00
1.111574023011664192e+00 4.523876475100198635e-01 1.193043074022460681e+00 9.101709105426456503e-01
2.980461064877684002e-02 3.024288279106783328e+00 9.177902943827410676e-01 1.171644999549623645e+00
1.746669979540459661e+00 2.885317860230695253e+00 2.055849853163875363e+00 1.458408056961525867e+00
1.397120381827815283e+00 1.421037447907090634e+00 4.704476847989473298e-01 3.004761350930456487e+00
1.623411093793689197e+00 1.255382048029358932e+00 3.083137343188624868e+00 2.793037690808599649e+00
2.865842364594100911e+00 2.671022153317959003e+00 2.171549976222666434e+00 2.586891784259390814e+00
2.860509244231164150e+00 1.119588058018057941e+00 3.117586354570339946e+00 3.977504893134230501e-01
7.245779520407259477e-01 2.493491450846762270e+00 1.099792629184839082e-01 2.123171726959987016e+00
4.705636062208517489e-01 9.549558131759346979e-01 1.827443483502311006e+00 3.004835649769276973e+00
6.075309844219639599e-01 1.149967080527072971e+00 4.980843898378934376e-01 1.770645524435277007e+00
1.958091309261414059e+00 1.467486798005412929e+00 8.864774804763912996e-01 2.129687992073292513e+00
2.196657770841178081e+00 3.565699116186261119e-01 2.592961735997466821e+00 1.840097455523587389e+00
1.659746728137343030e+00 3.220780312393042299e-01 1.928833903196860877e+00 2.757855377978082778e+00
8.862487829791064753e-01 2.153048288199948868e+00 1.310149435284750474e+00 2.590621945350866984e+00
1.217750946754506458e+00 6.309978059235566983e-01 1.412557211101216570e+00 2.239168381951693210e+00
3.090889396107466602e+00 2.667860990205797478e+00 8.228487247799081139e-01 2.223313918688594182e+00
2.175841252942903647e+00 1.080353329048701516e+00 8.514274772328968011e-01 2.355482116231239154e+00
3.296598040738726310e-01 1.312565977786598337e+00 8.346235124839458674e-02 2.409628884520340186e+00
3.044437258908859079e+00 2.610088150861873402e+00 1.474959720527154960e+00 9.893059399336863180e-01
2.143068444838895914e+00 4.922213641377939930e-01 2.505099539294428634e+00 1.324196950182036314e+00
2.735075092893400228e+00 2.328152481893333459e+00 1.208519164205990037e+00 4.582335674988854413e-01
2.287404096581620916e+00 5.220253975228338339e-01 2.789656267406406265e+00 1.475438449031987842e+00
2.075093547878903433e+00 2.346310032141849966e+00 1.948343915131478754e+00 1.500333251462377060e+00
2.008795710568144433e+00 1.801164585950363772e+00 8.292268357622573083e-01 2.087176429224144592e+00
1.949891581870381030e+00 7.953271730747170087e-01 2.676448000651687309e+00 6.977319536406215716e-01
2.973622102461090932e+00 3.679523490773118355e-01 2.226385956037269409e+00 2.745771949124344857e+00
2.347095685792442321e+00 2.227036770013813560e-01 1.724154657301811389e+00 2.328935208408228874e+00
2.498757715542192059e+00 8.941321746805064308e-01 3.106955363558137506e+00 1.232615695118049803e+00
3.614871436151361750e-01 1.398698886124659202e+00 1.468221145118483485e-02 1.330416115786408893e-01
2.314754794432376084e+00 2.299565865053148972e+00 2.895276431769643999e+00 2.335405963450825961e+00
9.861768795002879839e-01 8.860276494333487740e-01 2.597695840945181356e+00 2.008046281875859040e-01
8.877539888209921848e-02 2.685185034181014618e+00 1.841436620394990564e+00 1.128444314630402262e-01
4.054730026646762298e-01 2.885800306119179925e+00 1.387487381819306087e+00 3.123496354518572549e+00
2.561082083783262409e+00 2.768116295738018096e+00 2.602372838337583261e-01 1.355372351836748868e+00
3.117413355063836655e-01 2.642247299448007958e+00 2.026270686962791390e-01 2.652430396327226436e+00
2.229546571547932565e+00 2.311026372806179729e+00 2.665054943771028029e+00 7.500532329571336643e-01
2.480962592074384077e+00 2.908336508151742272e+00 2.418630311807519639e+00 2.923742618733911947e+00
1.110596438759538396e+00 8.098810682226195157e-01 7.307320400252864667e-01 2.144419420741935589e+00
1.086010984336093221e+00 2.035923108200710097e+00 3.037173705631726950e+00 8.901059649099633819e-02
3.029537379406063380e+00 3.897758153941238701e-01 1.960945450593010397e+00 2.263340619768486051e-01
1.737737167812155814e+00 2.002172779658789037e-01 3.049651981773093823e+00 1.867395054280544420e+00
2.530259366863738979e+00 3.138681435795284691e-01 2.624550645986837072e+00 1.951601814859202699e+00
8.234770114776877037e-01 1.331488068301896810e+00 3.027462203376292571e+00 6.417290246751713445e-01
1.651611498585424664e+00 2.983190408274707384e+00 1.477652048414549668e+00 1.076159052998123311e+00
2.135611788966468527e+00 2.650868680459227633e+00 1.278822954767709241e+00 1.213332374603836250e+00
1.346823648907090387e+00 1.940888832373623751e+00 1.289413170079744653e+00 2.187243796791709993e+00
9.277005388520308538e-01 9.160990541193094749e-01 2.679305403906862892e+00 4.180776387518730930e-02
5.798081285199216950e-01 1.487204756398956329e+00 1.967651034627710072e+00 1.478659853115478873e+00
2.095997508672192922e+00 3.759471157906910666e-01 2.802845712496900177e+00 2.001054124762484676e+00
4.698542180168220894e-01 1.038540076049078387e+00 1.529208356223659360e+00 9.887868429954455030e-01
1.254661038648974047e+00 9.087349563749952397e-01 1.302821730895515673e+00 3.216147337823091479e-01
9.602492697525938370e-02 3.065204010788703304e+00 1.776170766729233685e+00 1.836655465917441887e+00
1.323440069921971940e+00 1.184271983705452946e+00 2.315588294092938426e+00 2.756083861132023305e+00
1.211050502040360133e+00 3.571556988372694974e-01 2.996244513250274188e+00 1.373028652745251543e+00
1.558593878696271640e+00 9.055622038575272814e-02 3.029771865494605532e+00 3.079025850476345028e+00
8.895227299610043437e-01 2.827348755172558015e+00 7.535159012444681004e-01 1.418160133188428373e+00
1.653325417565684852e+00 5.184264818378927497e-01 6.453091528137911981e-01 2.508188254623270996e+00
1.030897162799596645e+00 1.075314813111777790e+00 3.007082800970815040e+00 2.342001111427146398e+00
6.705619531334352512e-01 3.242138560588397889e-01 1.346552667732967556e+00 2.715598367939861646e+00
2.434152860081704658e-02 2.365682760871794521e+00 2.650326574796327828e-01 3.297210129338726259e-01
1.573817617936220659e+00 4.079305049308396547e-01 4.762545281498392069e-01 8.648926206623036572e-01
1.006613467720526511e+00 1.350765335501371289e-01 2.386511361804058318e+00 2.426701737095732891e+00
1.806576861552185553e+00 3.665529980866726878e-01 1.797769799065888519e+00 3.964754240021264309e-01
1.817569760284580394e+00 1.340301521255863326e+00 1.436078201354022754e+00 4.052854718154657587e-01
9.529811324046714160e-01 2.000587950359177469e+00 2.594220516547208089e+00 2.494283869298828726e+00
5.219940778765316258e-01 3.164758316997191151e-02 2.117795290485797732e+00 1.155783661143387819e+00
4.678581932578824154e-01 4.334536202344455580e-01 1.676453582376695950e+00 1.848558200644736749e+00
2.647069988553835351e+00 2.498984905571190129e+00 2.176735144507230546e-01 1.629635020347538488e+00
3.037890547123785812e+00 1.534134583865164325e+00 1.051194006028087991e+00 5.623879718154222163e-01
2.222123414806631114e+00 2.231052507358979309e+00 2.831811990054611705e+00 1.569558281534441546e+00
1.790855093888100935e+00 2.945426916324958899e+00 2.242113732990095976e+00 2.478382406296198770e+00
1.977177794516870035e-01 2.380322717297728985e-01 1.345485641835026058e+00 1.389735306815019555e+00
2.878768581408401861e+00 2.115254441419536224e+00 1.206303769707492757e+00 3.121544461341641874e+00
1.452729278954229430e+00 2.932452667756075382e+00 1.998186317703751991e+00 2.274567636257149861e+00
9.082759047572660505e-01 1.094686399756847672e+00 1.475807879141895596e+00 1.566597732728742531e-01
4.390471203135479783e-01 3.099321616681435021e+00 7.175678831451288708e-01 1.760960018075848899e+00
2.516948813036961496e+00 2.430305385940249252e+00 2.095536685730186477e+00 2.271710434024048375e+00
6.621919460077508868e-01 2.753584532902539461e+00 1.612222286116573811e+00 1.800450569262810108e+00
2.087777590416429518e+00 1.591731569512852662e+00 1.469749573172174806e+00 5.390581779920422534e-01
7.301896902859967842e-01 2.189487863157133063e+00 2.435397836136918404e+00 1.454345715992013233e+00
1.875237018129432665e+00 2.612617963058340376e+00 9.850598620446294751e-01 2.576673012337471480e+00
2.107143805587202157e-01 9.878064886079285234e-01 7.442477155810421907e-01 1.120191685779384549e+00
6.424321405145264618e-01 9.960749602961070925e-01 7.668668501364478418e-01 1.197732421332980968e+00
3.042646346776656685e+00 2.341541443835151171e-01 2.246524007309218085e+00 2.489833436807149969e+00
1.852559960975308506e-01 2.539549545602367786e+00 2.727777993564351799e+00 3.564477864634975068e-01
1.408547126591334964e+00 6.249479671993489749e-01 2.354633960358186062e+00 1.867585099192365039e+00
2.680026647015898877e+00 1.663353886327490483e-01 6.885906549558556966e-01 6.321927733289820495e-01
1.945527118339923867e+00 1.877713489071729525e+00 1.652204558138699042e+00 1.171736968247281574e+00
4.538147647815071739e-01 2.095846776248967203e+00 1.145741293006225181e+00 2.870568131109621390e+00
2.182378946459196278e+00 1.135179152871260561e-01 6.893051091778769068e-01 3.038439557496548649e-02
4.296604713237324180e-01 1.012864862325604243e+00 9.635152947029322901e-01 9.405112711747507515e-01
1.814327052070640711e+00 1.670879601564225214e-01 2.986728720364328904e+00 2.421156954065099232e+00
1.718909324509934722e+00 2.534598485993497352e+00 7.572903746204469044e-01 2.948670901100716613e+00
2.381210357537872024e+00 2.287001239190706414e+00 1.149019737279308950e+00 2.674441720825507587e-02
1.692843194576480803e+00 3.135170457655439336e+00 2.201531318033853157e+00 2.483505699930192712e-01
2.571862678396357182e+00 6.713045209410697378e-01 3.013462281819533128e+00 2.174970212935606995e+00
2.925291890967568254e+00 1.787681188905584584e+00 9.412011550759046274e-01 2.191782225180024746e+00
9.972564269627345324e-01 6.468905297795196629e-02 9.784924096680618355e-01 2.564691380766545681e+00
5.318590224291980251e-02 2.762636420420666816e+00 9.765928885885560851e-01 1.174736381141028296e+00
2.372370933005676363e+00 1.702781207356286464e+00 2.801948270846422950e+00 1.524021271620631834e+00
9.578253565153131976e-01 1.361591723351094574e+00 7.145244846514695602e-01 1.190539391195637231e+00
2.565527281766815992e+00 1.195917402453734013e+00 9.021626158855620137e-01 3.036939588218925401e+00
2.560841162609636790e+00 4.521439338251401208e-02 2.310449464374056738e+00 4.348406476359134021e-01
1.759223443260980124e+00 2.437289045273407062e+00 7.219291016039052211e-01 1.062886742263940976e-01
2.354655750711937667e+00 2.538098951039302165e+00 2.416007809010882190e-01 3.320882386619005699e-01
2.593803678786108069e+00 8.806143843724084652e-01 9.436087089726113986e-01 2.241803201765189435e+00
3.718612385780674379e-02 1.861417460467227558e+00 2.566404612173546429e+00 1.958863378742446537e+00
4.183884113071110189e-01 7.853345846721344614e-01 2.256095592357745705e+00 1.324402682310361623e+00
1.228298097769996211e+00 9.917715529246453610e-01 8.312520169431190098e-01 1.141683611806599830e+00
6.607752658098547949e-01 4.251254233659920168e-01 7.103799000874432279e-01 1.979108971500037173e+00
2.291113784214356741e+00 2.693580438767341878e+00 1.461325491680120825e+00 1.163730193296726556e+00
7.219505833403883077e-01 1.878003142782820989e+00 1.276994914215465293e+00 3.123465347843517037e+00
2.294011387863475471e-01 1.292807112423326910e+00 8.937012905102427185e-01 5.357150507343910045e-02
2.963405523846224021e+00 2.950303524380736508e+00 1.086019267682615919e+00 1.842620308211355029e+00
4.903487434533450040e-01 5.388653787469429579e-01 2.167308301121199099e-01 1.450668269521305120e+00
1.014928188592923997e+00 2.657106190308016203e+00 2.777183481836953405e+00 2.547332756591009328e+00
2.893129550994540722e+00 1.249763946709492979e+00 8.259029988075766715e-01 2.896061543833971186e+00
1.660733004480975161e+00 1.095589525978921230e+00 2.379843242770267153e+00 8.359400292636611773e-01
1.840613922919300594e+00 3.764491425400059987e-01 9.368332341154027576e-01 1.745180394930321066e+00
3.107850885176108413e+00 9.053888732502187731e-01 1.019834458396961185e+00 4.164537066850759195e-01
3.579149052747481602e-02 7.150407185549544353e-01 2.606586197313384812e+00 1.933528037110727738e+00
1.504093040716680596e+00 7.914949304864092872e-01 2.267238846821602927e+00 4.702464410529292871e-01
1.256211812473803757e+00 2.331139411949731066e+00 5.883701200594680936e-01 8.230670477215396019e-01
1.362669561309607813e+00 1.830808272128566339e+00 2.745325713657762012e+00 2.518548204270454782e+00
1.653540456073182563e+00 2.111152908209420254e+00 2.267034719211270533e-01 3.979379047417487825e-01
7.123845690654144747e-01 1.361704898751566972e+00 5.351688964971749174e-01 1.483387952732761361e+00
8.996312742205138102e-01 2.635178957669082056e+00 1.407095876277517643e+00 2.109626887257600281e+00
2.156486884334536391e+00 2.829895786275082870e+00 2.811663047492203305e+00 1.976631608564334286e+00
2.060686777879374709e+00 1.661605611712814179e+00 2.595777325989269801e+00 2.005935574598356919e+00
1.534189513610670907e+00 1.823237441753788213e+00 1.695395951296685855e+00 2.399659347236001050e+00
2.392403807461746190e+00 3.999003234350876346e-01 1.802620383468084952e+00 1.666832679705570364e+00
2.284466072358153355e+00 3.026173433420125125e+00 1.253944407832493280e+00 2.550127525614477531e+00
4.083232138439427117e-01 1.528047387279079405e+00 1.951602347537644278e+00 5.323974042445298593e-01
5.790175578095710929e-01 4.434851966057234279e-02 2.247421883026488931e+00 3.272224755053297351e-01
3.523161766937173978e-01 7.648227046286854014e-01 7.674597493478046983e-01 2.617769360044295279e+00
2.143466177434004916e+00 2.737632338465199489e+00 5.401657392826221260e-01 6.967102253183490856e-02
5.300562726211940356e-01 2.003056820374450098e+00 2.225268549264687756e+00 7.138466289494526107e-01
1.960372743769474901e+00 2.076084374728002668e+00 1.483451409650383912e+00 9.016283486057036223e-01
7.677978996003936851e-01 2.127083782729277672e+00 3.022885023025616569e+00 2.433883547616462195e-01
1.577004497853464748e+00 1.574617765259405555e+00 6.456385826080944801e-01 2.856509931097554578e+00
2.934014621872950368e+00 3.033537084882434787e+00 2.698767834242202124e+00 2.333001536539976772e+00
3.027072191874697893e+00 1.079780363306339419e+00 4.825188270675172530e-01 2.989985221939780224e+00
1.600497322440615378e+00 1.008700944733170290e+00 2.518586759676942677e+00 1.075359943286588127e+00
7.959238943925839305e-01 2.873908120632136409e+00 1.830043397132878669e+00 6.045881853541522633e-01
1.320715078698198930e+00 2.853346232706619467e+00 1.815777528456470613e-01 1.934790750157022732e+00
1.037120236142827778e+00 3.092301890749971527e+00 2.696009133886757003e-01 1.575217101516611873e+00
1.024943000876469279e+00 2.924104674222435252e-01 2.189506035736792366e+00 2.639695786713099235e+00
9.362380210360057298e-01 3.086053585522163356e+00 2.653902857300710849e+00 3.118902137409617636e-01
9.918130673877350034e-01 1.772941875315928284e+00 6.583198823197349281e-01 2.699452622806429058e+00
2.822550515482411537e+00 1.043388011030327300e+00 2.736930978818681748e+00 1.011858059053933445e+00
8.912417196981249345e-01 1.447144435762496961e+00 5.488080695126620334e-01 1.741022142548714013e+00
2.090012914877346084e+00 2.103398788567744315e+00 1.611829538232768089e+00 2.850706051607466707e-01
1.759357041276489106e-02 2.212956750953452012e-01 2.163193339312050156e+00 9.823552773873084690e-03
1.968983388754446340e+00 1.284798772255370647e+00 1.785647936895307986e+00 1.558133772253729177e+00
1.896113046324201523e+00 4.930092312018497513e-01 1.648330800677465291e+00 2.588352111632965524e-01
1.539205266256783222e+00 2.462324083891536564e+00 7.833611555697088391e-02 1.401452562951716496e+00
6.275174375789210890e-01 2.153668208152276886e+00 1.970300242449144257e+00 1.054926473574621104e+00
2.730942129078574698e+00 8.361956235665043424e-01 1.714017343349527045e-01 5.118965917898059548e-01
1.993105184134815078e+00 5.014628105063952956e-01 1.914076926376941490e+00 1.811614622553676002e+00
9.440000033907920418e-01 2.846197339021815154e+00 1.947295783516801659e+00 1.854873824527132786e+00
2.211158987100393158e+00 8.219276961827731709e-01 5.211935226725705750e-01 2.440063318730722131e+00
2.470721435971785951e+00 9.375238002690576833e-01 2.697421504758681365e+00 1.232342518989202329e+00
5.245789986061809296e-02 2.082777996411599997e+00 2.593444403614609151e+00 8.897684430136125755e-01
9.275893662083809499e-01 2.513616394141339416e+00 1.351737193560553330e+00 3.079298401231850280e-01
2.366719883820870077e-02 6.999533602682554978e-01 2.635747146389793905e+00 1.028186665108127951e+00
2.254650860607189777e+00 2.813591360750726800e-01 2.744652484911406454e+00 1.186959106977750311e+00
2.460681879129599015e+00 2.591820933873993038e+00 1.323883734395477019e+00 2.033924520577446327e+00
2.784855040303435558e+00 1.310116125542578835e+00 1.031384649421155153e+00 2.389016891373797691e+00
2.919472317158545493e+00 4.616384407537788004e-01 2.948462667941659454e+00 5.220500957792464369e-01
4.091162223261533559e-01 7.384294559978940020e-01 3.062563141162991887e+00 1.430107085746711526e+00
2.863045223810984474e+00 3.857830943765544474e-01 1.024145743948631004e+00 2.309839504355482909e+00
5.677780344320869643e-01 1.866451857592050123e+00 3.116565887085293252e+00 2.728338980481156195e+00
1.156834669432926926e-01 1.742420543846449510e+00 1.577941263634681235e+00 2.082126926864782845e+00
2.769122455516010106e+00 8.465108128410475663e-02 3.037064496845366945e-01 2.835114594002775767e+00
3.029262941417017796e+00 2.346099360227938302e+00 2.542397947177952755e+00 2.209018922070257407e+00
6.814753720096420331e-01 1.724179194785810276e+00 1.707735587188937032e+00 2.042770739873673413e+00
1.651316457501676771e+00 2.293148596205359713e+00 1.871765941429877289e+00 2.174570879840545257e-01
4.346899443464632418e-01 7.333743532856102920e-01 7.839463958561502382e-03 2.155301513766500143e+00
1.322270654208802521e+00 2.477700151307085541e+00 2.653084002892210247e+00 1.207278675867145878e+00
3.973986432124323454e-01 1.026936361742209342e-01 3.091976059473804939e-01 2.803874014495771672e+00
2.718611883853454092e+00 4.326930912429252096e-01 1.468810229171655823e+00 2.734420922547010857e+00
6.365055533696564183e-01 5.162904793517389956e-01 1.598468554468582825e+00 9.580152439565080558e-01
1.799977798455225209e+00 2.562764201502077399e-01 2.382411546108923694e+00 1.388036908430676286e+00
4.475251607860186165e-01 5.786950896463037841e-01 9.956421049170720572e-01 2.626513050224081436e+00
1.531865449994329609e+00 2.669181140300800337e+00 1.966051493238949455e+00 9.113505701436099837e-01
1.461778930868248061e+00 1.281386388640449070e+00 2.025468962674942475e+00 2.851932038346925324e+00
2.488324852304730328e+00 1.520184876297135279e+00 3.135161068139000307e+00 1.016695842506365244e+00
1.920043045961890849e-01 3.034860963983819104e+00 2.983023415270071865e+00 1.878740390315203568e+00
5.717939720193424558e-01 5.035738001967597910e-01 2.917106498454852925e+00 2.314671713286967858e+00
2.210215060648977603e-01 2.504193045338895196e+00 2.427512860647437876e+00 1.022505742642891846e+00
1.718446102865930358e+00 1.860995667215352478e+00 5.263581823318156383e-01 1.234819274011378365e+00
2.361709583813485835e+00 2.916167467124519685e+00 8.346613067367514294e-01 4.889253600611875861e-01
1.602363318262842451e-01 8.495981919575650299e-01 6.987230987774881719e-01 4.934604861781584084e-01
1.024100976425343701e+00 2.031707234212917490e-01 1.507408374833739462e+00 1.397919561143828648e+00
7.992223791816824852e-01 1.513286272242422514e+00 2.067576090200338168e+00 3.009609209785596207e+00
1.149729331262654641e+00 7.143457811423190029e-02 1.340903418339561837e+00 7.126557734385592369e-01
2.092102542634415752e+00 2.815126985924780278e+00 2.160694298635576160e+00 1.897261227306307196e+00
1.518867736973913640e+00 1.019507029666373965e+00 5.192854463817446753e-01 2.363953171510546625e+00
4.963346899245962285e-01 3.833849195228195006e-01 2.573959081705895713e+00 5.256611958238791710e-02
2.985728221111531688e+00 7.011346279269691228e-01 1.053021268363922403e+00 2.594387608194657968e+00
1.495636949747123801e+00 7.548989917390801219e-03 3.424367801583574344e-01 9.640940703595577421e-01
2.355161061182163174e+00 2.460021778557629268e+00 1.158835902645796723e-01 1.275215970248452457e+00
2.626221782485953060e+00 2.126552014535728397e+00 3.687192863520651898e-01 2.263241198317350378e+00
2.032816280600782122e+00 6.840386814126111492e-01 1.631362450002743936e+00 1.701492996518381984e-01
1.073017791826072154e+00 1.247250199015248917e+00 2.815515728401548401e+00 8.550561654792456778e-01
4.028939474072233962e-01 2.999747006150804030e+00 2.723999069906253734e+00 3.498259475389319251e-01
2.018912370318654226e+00 1.779658953452056380e+00 2.418807006931525283e+00 1.105398893311144048e+00
1.264612835590137596e-01 3.081606330577757902e+00 2.532224473631413009e+00 2.906294158482193968e+00
2.447374086217646738e+00 2.626624203270909508e+00 1.125570050317573623e+00 2.679948310907941611e+00
2.929562407470307939e+00 1.044367735275159248e+00 8.973875021351496173e-01 2.934237793115625603e+00
4.481286914737015598e-02 4.302860034674866330e-01 2.487331374736117429e+00 2.436934898301924335e+00
1.767325718228671683e+00 2.558740356669271687e+00 6.138977679387715991e-01 2.888709822231330104e+00
9.801503151567504402e-01 1.461709338578823125e+00 5.418401103244369077e-01 1.600511056503217011e+00
5.655460315190954379e-01 1.373584724927454648e+00 2.292815731749097696e-01 1.382499116164230026e-02
1.996084538738030489e-01 1.277928889222810449e+00 1.515409101418525584e+00 5.503709920212050966e-01
2.838402233985208856e+00 2.367738321307719662e-01 2.558197459058181522e+00 1.608580440362476160e+00
1.059398593798515087e+00 2.538539923292697509e+00 1.215375762732875176e+00 3.958029573392724543e-01
1.613041651845976032e+00 1.790650910724756184e-01 2.383194623161746240e+00 1.267189440183011051e+00
1.934788084970437749e+00 1.552592718413969175e+00 2.429578677935823272e+00 2.589686651052357735e+00
2.570420619669145368e-01 2.977616081396591063e+00 9.462512381735843636e-01 6.703620985667615439e-01
1.861788860247362232e+00 9.255828964331510589e-01 2.192235298996797130e-02 1.102044343037727137e+00
1.464822871593554954e+00 1.333218024339359209e+00 1.366452845272793315e+00 1.696167852781295338e+00
8.536727566139330481e-01 1.626981950772636631e+00 2.756071087560787003e+00 2.058314701941802216e+00
1.271638880838318331e+00 1.324405041585531517e+00 2.845065817699986788e+00 8.217174957091660792e-01
2.486387877291779791e+00 9.034429601578659597e-01 2.380020852195448455e+00 2.262497134362601692e+00
1.093712524888308835e+00 2.691014111203132941e+00 3.011839259118138656e+00 9.760243685828312588e-01
3.040371722543656841e+00 8.023207724657286377e-01 2.356703684192430259e+00 6.763833068552678185e-01
4.707441822059947878e-01 2.457251999881370885e+00 5.451000604732005872e-01 2.480010167189753645e+00
6.009999971202232283e-01 2.193302771550755814e+00 1.497595732251194578e+00 1.239790932846275506e+00
3.015085614139198178e+00 2.198536748644607020e+00 1.441832902472028610e-01 9.428621698520578409e-01
2.534002000458607906e+00 1.357743749960127477e+00 3.946541194648653939e-01 2.273592660673051380e-01
2.673378253312546082e+00 1.657180188155271905e+00 8.425562085800375467e-01 6.622564715985465589e-02
1.564376218757608905e+00 2.373604553524126359e+00 2.156373060569501288e+00 7.337928662739177099e-01
9.758078523625974832e-01 2.508412564715819304e+00 2.517445793479122340e+00 3.112503331669636886e+00
3.209433385277973838e-01 1.398838823611519011e+00 1.639903882537351087e+00 2.194849663812866947e+00
1.614114821055165239e+00 1.221582609181059542e+00 2.483495785671873124e-01 1.545853823961715889e+00
1.323181517550625630e+00 5.680638363489728254e-02 3.273886465073984064e-01 3.097117100895447006e+00
2.785958976035333379e+00 9.032309639523727895e-01 1.772119704235545434e+00 1.251864666807878335e+00
1.934131514891120007e+00 3.807024578384994307e-01 2.721661522402210043e+00 1.991028912520021565e+00
2.715832480565296692e-01 8.248269938054084705e-01 6.668600167232052733e-01 7.989544194173050506e-01
3.102430236145059528e+00 2.243038665207257587e-01 1.905179278342812088e+00 2.187296553251554254e+00
1.517921313622396795e+00 2.070867484245043411e+00 2.703405388605018000e+00 1.497849932982108667e+00
2.047678860112513100e+00 1.546829956584837573e+00 9.016265931924297705e-01 2.447161345869383609e-01
1.464427956976973366e+00 4.623368996812453613e-01 1.033881555522990547e+00 1.294434324547323323e+00
1.335159079151518657e+00 1.611980834068776236e+00 1.389380130180025930e+00 3.124837260358069635e+00
8.061858581726538686e-01 2.943166011851244268e-01 6.343731554014689356e-02 2.415556417341412576e+00
2.904556727153486229e+00 2.484889389018269057e+00 2.270898696182509724e+00 1.245256285060379220e+00
1.438283257929587333e-01 1.382784231106302553e+00 2.768206931415362337e+00 3.670536009304576353e-01
2.009423688842559841e+00 1.922663252954623925e+00 1.965034331558358938e+00 2.316464287790437560e+00
1.548694022053019204e+00 2.523605560339307274e+00 2.268250421230118441e+00 1.433968707424486011e+00
1.480172857269054509e-01 7.688018546339239201e-01 2.999468051714385020e+00 1.542487583184160682e+00
2.616468488143139481e+00 1.351857348650131962e+00 1.034534662698786356e+00 2.149297297476175039e+00
1.722781028115092372e+00 2.987714731513946731e+00 6.776887979817520780e-01 3.112321386409889756e-01
1.221485963282198828e+00 5.326398591669582183e-01 8.057919811935322363e-01 1.887216981320942066e+00
3.737312341786074299e-01 8.166513562886027477e-01 1.003743910122959271e+00 2.174179983931765925e+00
9.916453897710887366e-01 2.929607284768403819e+00 3.091028934063307698e+00 6.310568510932119679e-01
8.469500280628243782e-01 1.826816004911899771e+00 1.783569456400126541e+00 1.738444080480507470e+00
3.325185685280704351e-01 3.099141558731301149e+00 1.815009580829793689e+00 8.783851229401267169e-01
1.926593428234840033e+00 1.546471935583369373e+00 2.654003480535461534e+00 2.821859456455028808e-02
2.726501038381936581e+00 4.481810142854338319e-01 1.197733023077609316e+00 2.089710279394532133e+00
2.598074510219972488e+00 2.892650097953282096e+00 1.547274454382737918e+00 1.954071399923316799e+00
1.756202453008920861e+00 3.786030437962784045e-01 9.904911567880014811e-01 1.738273488892670970e+00
2.564396694228141982e+00 2.130361997986978118e+00 2.753375912217220112e+00 2.601232817665026786e+00
2.861336392082892477e+00 8.577796795233137983e-01 3.047109295739083290e+00 7.254416780206622839e-01
2.431605327952965467e+00 2.478763658862595864e+00 5.760848803051642486e-01 1.274366192021231026e+00
8.725394409287634545e-02 2.924427351392222985e+00 2.117770118004178137e+00 2.017123598871713330e+00
1.502476866818476031e+00 2.156608930186991804e-02 5.427297110849685913e-01 1.816009822448979849e-01
1.170556524600740778e+00 3.052504114524698053e+00 2.331216699774064871e+00 3.403039357900085604e-01
5.160627400603354231e-02 5.178653108606657840e-01 2.863867392038543791e-01 6.068819926849586821e-01
1.011659715098494505e+00 1.123577439810103940e+00 1.239919366152442359e+00 1.213208424282031350e+00
5.490700028019227519e-01 1.807069107529648111e+00 8.569915303569279885e-01 2.387605325264029243e+00
1.919440501988707970e+00 7.056697599021384271e-01 2.134906138615587867e+00 2.196244858001466849e+00
1.265510984182265597e+00 1.782271028122696777e+00 2.379858345327826363e+00 1.477956652700642470e+00
2.051669587809355821e+00 2.722482529562614051e+00 1.007976874130353417e+00 1.016372166073320704e+00
1.615353702810067071e+00 4.214541654512017343e-01 8.196588783642296816e-01 5.239385780048746444e-01
1.100466955888819376e+00 7.028896205196174529e-01 9.453879008547846352e-01 3.763602259772487191e-01
2.266232232294265181e+00 2.411740892146528648e+00 1.930758705209819404e+00 9.183155592970613235e-01
3.022690639772300167e-02 4.673735822902805315e-01 2.379642306301656129e-01 2.781743627632203175e+00
1.598900174265825092e+00 2.380028974274976061e+00 1.386984375567981376e+00 1.014575072450896398e+00
2.921202948512306996e+00 1.688189206126219644e-01 5.540106724091742318e-01 2.376910119597729132e+00
6.477831310446899304e-02 2.833078910574104992e-01 2.917477899664050245e+00 2.297988356468523286e+00
2.239354619296589188e+00 1.518494467696778427e+00 1.753629894209431050e+00 1.929254464158426385e+00
9.469129240645550727e-01 2.910722978660629234e+00 2.906312428817622084e+00 1.305700295070864714e+00
1.921231724565074739e+00 2.819389274832809100e+00 1.184873347561420154e+00 1.818341510285951479e+00
1.594210259332724755e+00 1.154011898203511688e+00 1.041314444061969269e+00 1.042630216626988515e-01
7.458027952448181841e-01 3.010881611473155584e+00 1.598757180241324599e-02 1.582428374438278329e+00
7.106907651762980338e-01 3.084185463068036981e+00 2.232609234585790858e+00 1.821990750995663877e+00
1.317059846383941579e+00 1.730374150425627811e+00 4.464778565072326511e-01 1.524630695546047854e-01
7.612323668287880318e-01 2.278837512372408725e+00 2.152229159917139700e+00 2.210384834179768720e+00
1.029421390208695053e+00 2.832633661798200087e-01 1.988808744563313136e+00 2.531299552830321709e+00
1.103996757620964164e+00 1.683116994360283336e-01 1.476300038368606238e+00 1.622148267265180577e+00
1.738131176178325576e+00 3.225239256939523291e-01 9.804787961356475900e-01 1.969222780478318668e+00
4.351062737019800730e-01 1.484807982358990142e+00 1.704530366268540487e+00 9.813230962581126482e-01
1.410662564651391060e+00 2.390411711076117829e+00 1.394358643357128003e+00 2.457550338756818942e+00
2.109825389336229762e+00 1.167361759236118735e+00 1.129425644175620219e-01 4.527142871962439030e-01
1.175270658606287766e+00 1.148268231422347130e+00 2.805806249590092616e+00 2.762422287920339947e+00
1.939854805717464270e+00 1.491084061485866696e+00 1.892749893778789883e+00 2.918558776464203586e+00
2.953248876868325823e+00 1.624441267679769041e+00 2.300333304044734462e+00 6.664355162333418514e-01
6.388659946774447596e-01 2.897840657468285119e+00 6.650616489198710735e-01 1.074658847402524930e+00
2.727314548104324832e+00 2.906672229547011099e+00 3.724769432739610253e-01 1.356808861806533040e+00
2.013551754383231973e+00 2.070014725263068733e+00 3.140554295052626066e-01 9.984403123934993962e-01
1.219689447652920533e+00 1.967964208061457443e+00 1.878227175146962358e+00 6.236215054381151202e-01
2.230167254715401004e+00 1.817065452354490018e+00 2.334899876717883682e+00 1.726386713575511767e+00
2.540554226570299168e+00 3.069684261966084904e+00 2.165731952810039385e+00 2.436709369908869327e+00
4.361570519328009099e-01 4.848105651464951760e-01 3.004471932941370493e+00 1.691952395770970563e+00
1.487093683209087303e+00 1.851671502351953436e+00 1.418685324191512498e+00 1.307888287910720759e+00
1.938303641130973975e+00 2.095585744459957489e+00 7.563341821148227284e-01 2.707338927681826934e+00
1.293940155257309765e+00 2.301885473388478154e+00 2.535080484049215155e+00 1.628851796678199904e+00
2.199138548639849589e+00 8.646306417628135677e-01 1.857332278937334991e+00 5.439124101630286034e-01
6.202314410481362117e-01 2.017985154221295929e-01 2.692341160640619790e+00 1.618705792265952015e+00
1.026483268294265283e+00 1.830447958877912340e+00 1.681390158492232390e+00 6.894224806244521331e-02
1.076880937038569241e+00 1.731121016390733125e+00 1.140199899116559612e+00 3.120417139639648063e+00
2.460821159183164575e+00 6.201082470029678495e-01 2.222980878064320542e+00 2.719580503894937884e+00
7.231417659178172030e-01 1.826215944680113168e+00 2.347486823920008903e-01 1.411701510372209978e-01
2.104191908875964856e+00 3.324947309052235234e-01 8.030868109463052962e-01 1.897900289766425441e-01
2.335845776403461027e+00 2.238882742137554338e+00 1.970159319129723530e+00 2.890420820714421635e-01
2.953668673741979056e+00 1.237411400372370879e-01 4.827452172547302411e-01 2.942536331259265836e+00
1.029780309398918403e+00 2.144429717470433427e+00 2.669262750007990626e+00 2.487394109790341368e+00
1.469490266897319986e+00 1.874836633147973108e+00 9.699342758401693354e-01 1.333276149439710512e+00
2.235361625307790145e+00 5.827640197713307435e-01 3.057655415255126741e+00 2.942719946167014822e+00
2.461055690777481431e+00 1.134297472660851236e+00 1.819532523739978647e+00 2.302567844737782643e+00
1.664929501394022626e+00 1.353972238067506551e+00 1.060534548461218307e+00 1.599809382548544323e-01
6.892329560143186651e-01 1.663597891430463604e-01 2.932548692312057614e+00 2.699122333452312450e+00
2.866221296844449817e+00 8.397227405185426763e-01 1.925558920502161486e+00 2.759968554964672638e+00
1.986282295230095585e+00 1.371681004473737531e+00 3.027856221941349624e+00 1.725195238705714118e+00
2.616463115504725323e+00 2.040485683338865819e+00 2.929778639710186372e+00 7.244427656415360905e-01
3.058885225426790200e+00 1.627974599229766506e+00 1.337381466408360753e+00 2.499007476374706105e+00
1.807160406007645381e+00 1.987113699279938084e+00 2.910902206671016845e+00 2.811138916321801684e+00
2.097018052278708300e+00 1.967044093219914247e+00 1.930657431722390349e+00 2.617370449505944219e+00
2.526667413863128431e+00 3.506800269589849806e-01 2.807354227760599841e+00 1.370359875643608172e+00
2.207688743227171901e-01 2.316110928861329743e+00 1.189263750266045028e+00 1.573123508363477585e+00
9.300684077408889749e-02 8.805410942378816275e-01 3.377342695564392039e-01 2.658992143483064563e+00
8.107030308707454669e-01 1.179155146371449137e+00 2.607280532928303307e-01 1.162438958983891935e+00
2.230305139680127891e+00 2.022236214472243887e+00 3.029403199128091195e+00 1.476547790491598455e+00
2.470026182912899326e+00 2.084291766306175742e+00 7.764748705227443315e-01 3.023200637519260159e+00
1.462895952527117016e+00 2.839405276146158119e+00 1.762644939458238857e+00 1.672404185362183604e+00
2.742654315834127665e+00 2.366164384417839273e+00 1.651519429265831951e+00 1.138797795810593261e+00
2.562201406325834707e+00 2.388746569502395722e+00 1.207043597096055798e+00 3.069608387026420360e+00
1.625102457961805191e+00 8.155652647490974072e-01 1.079633430981447262e+00 1.145186638902137677e+00
9.218602802326548301e-03 2.989073839276625288e-01 2.140614950683358497e+00 2.980727795855171447e+00
9.067002705215680969e-01 6.426476690866930186e-01 2.822572293357877182e+00 1.104583574869610008e+00
2.926296919438307942e+00 5.943934414838485392e-01 2.261744405382632550e+00 5.066723296880940586e-01
6.780985397626736466e-01 2.197959981148144060e+00 2.251210961048859538e+00 1.966440828612807890e+00
3.093028947339190093e+00 1.997191096070112248e+00 1.950378701198512754e+00 3.002801541645747641e+00
1.406826324777684656e+00 5.905270819603267718e-01 2.808427892296596062e-01 9.546564471811975761e-01
1.486876127840943418e-01 2.980120855736734242e+00 2.843894297110244995e+00 2.031203388121849862e+00
2.282839852038620609e+00 1.394542249743655038e+00 1.417577723419492841e+00 2.944922234231854397e+00
1.693596913619890065e+00 1.945230779764017592e+00 1.438159735241051562e+00 3.050218017128920600e+00
1.418726589268608229e-01 1.335794294644107261e+00 1.570883971492046838e+00 2.543799454352805300e-01
1.285633478490887938e-01 1.372618757275279266e+00 1.845230205780516997e+00 1.259373762882951109e+00
8.789056178208154435e-01 9.507778435204701228e-01 1.821189769258015012e+00 9.875338383858711655e-01
2.593659471137044648e+00 2.381647047324472855e+00 1.472060904294491657e+00 3.137835477518792882e+00
1.429661248550635033e+00 1.916316581309604805e+00 4.213706392819642210e-01 2.470125685568644425e+00
2.864612732316757615e+00 2.299702734773439339e+00 2.053216325982515134e+00 4.926998221490440644e-01
1.146053058415315462e+00 2.660364519737042355e-01 2.830761499564524275e+00 2.144547966909883474e+00
1.382565226708794670e+00 7.288571217532158197e-01 1.246634236333801354e-01 1.995364879774871092e+00
1.547240354354098235e+00 5.783097629372085935e-01 2.611400156280641927e+00 7.855102533962300404e-01
3.118678439664005708e+00 2.359310419435455497e+00 1.535086676001514938e+00 1.776357117493006843e+00
3.007079481847063196e+00 3.057643752846478158e+00 5.643183876263344612e-01 7.932632529269713073e-01
2.997910385794614552e+00 7.661725189768984201e-01 2.007527891055387037e-01 1.809418558587564174e+00
2.842613830398498465e+00 8.101980805587504220e-01 1.413297843836129886e+00 3.138609207062489581e+00
1.700002329401668622e+00 2.944231155023459667e+00 3.373871328768380251e-01 1.700950804486496715e+00
2.308609096485544077e-01 3.667423042469095673e-01 3.116604337362855137e+00 1.496711896243312356e+00
2.716841155273381769e-01 2.002999802000639207e+00 1.228348225439860553e+00 8.275121237296817478e-01
2.184390544045811122e+00 2.710121655963434240e+00 2.698446390905648862e+00 2.054052759358918401e+00
2.936418326170552540e+00 1.074922245702424561e+00 2.205423260971442756e-01 2.982328651842577116e+00
1.607985489056170003e+00 2.652285611238565655e-01 2.312631358542363902e+00 2.791995340656448388e+00
8.685148311969611568e-01 8.809110948942656671e-01 9.200055885842890468e-01 2.709959225781509051e+00
2.721567552659126310e+00 2.804456964290433341e+00 2.813150882887321735e+00 2.159651103798984728e+00
6.823815242945776571e-01 9.687626949993545233e-01 3.497331800275368385e-01 7.685704619058820741e-01
2.760185182169819562e+00 3.038518305881949821e+00 1.813897359313765500e+00 1.954747771698379211e+00
2.302107725356747903e+00 1.193285222492938447e+00 2.248041291056377400e+00 1.617508554664788045e+00
3.109688740134153750e+00 2.353361511244984605e+00 1.984454103480347120e+00 1.157661501466149545e+00
2.137908578587448538e+00 1.919585263336524683e+00 1.444100460110184336e+00 1.918341321612515582e+00
2.055171073468352372e+00 2.533113444157871541e+00 1.003918090274797059e+00 5.712781698268210723e-03
8.988736656189211249e-01 2.411003326762298560e+00 1.111463230872686614e+00 1.729952291704040412e+00
7.447807446197085568e-01 5.918283098345643589e-01 1.411235120539543253e+00 2.045499327195482664e+00
2.212324853136275138e+00 1.167418820391403766e+00 5.021139970966236321e-01 2.504585575579174606e-01
1.097641885898723135e+00 2.123606169095802354e+00 7.374136314669580416e-01 1.986698728862878127e+00
2.351292161488502674e-01 1.628220856464288879e-01 2.918866418349950642e+00 2.786496004601850096e+00
1.659779654034552410e+00 2.002828911123272881e+00 2.112426688162707400e+00 1.614690360623038501e+00
2.266328352381334899e+00 2.379612851680275920e+00 2.338116276132664317e-01 2.062530660128623961e+00
1.101306385210683303e-01 1.632898673251525823e+00 3.107602971137447767e+00 2.442827521808046853e+00
1.658621893745090503e+00 2.554580395496967027e-01 3.081770097433526701e+00 1.403449135838853890e+00
2.158444056585063109e+00 3.112900553007990734e+00 2.822766149825216342e+00 2.393579215173575747e+00
1.998120874815822789e+00 1.471358464459286530e+00 2.847916629532423638e+00 1.907202928071020320e+00
2.794155264619277990e+00 2.545024804407511332e-01 9.190500646521331252e-01 3.049812875806346302e+00
7.356974585755303719e-01 2.027441795862352514e-01 1.464824841583626469e+00 9.611935555144565102e-01
9.098718581460724097e-02 8.793840873996940921e-01 2.506261677684381795e+00 2.255446299045700709e+00
2.936322008056812205e+00 9.951990349513569756e-01 2.074260191684382804e+00 5.448368535065671869e-01
2.804142799511350481e-01 1.826675162208034831e+00 1.946957624669660047e+00 2.019996320342981377e+00
8.309034618780698489e-01 1.460850537074533384e-01 2.353383391170594530e-01 6.333489864122947288e-02
2.670528280786834241e+00 2.157370859876937441e+00 1.252327423518034832e+00 2.482274123917707964e+00
2.705683025514204476e-01 1.906992063677811267e+00 2.444590578996121699e-01 1.442568136506101606e+00
5.684260680339218164e-01 4.386458951385013849e-01 9.596366717390647505e-01 2.087196973101929309e+00
2.625735442469272485e+00 1.686888183947459652e+00 1.942311695129163851e-01 3.139250854973917093e+00
2.813481631650974535e+00 9.467121917600812564e-01 1.393860920427913541e+00 1.388749070392448992e+00
2.169060899439553936e+00 2.002058352632157590e+00 1.844336479168589005e+00 6.591521327069068681e-01
2.270918660321081362e+00 2.430885327505795335e+00 8.153205323069679933e-01 2.628777291337364819e+00
2.654517578082513790e-02 2.625435568936978825e+00 2.503066257591349597e+00 2.520039980124861856e+00
1.888889074152781733e+00 1.578478553663006823e+00 1.915663788577713467e+00 2.832107954466844824e+00
9.732620611312141623e-01 1.139923715978220613e-02 5.756073598339482844e-01 2.197599117137274405e+00
2.510020662900303012e+00 1.613783164005240023e+00 1.255729611389857503e+00 2.669151298160466812e+00
2.820557023200319424e+00 8.991822370904183348e-01 1.112122505959769914e+00 1.340572225065209011e+00
3.072789440347594603e+00 2.280885400684851128e+00 5.441631953072924022e-01 1.266297827182866875e+00
7.744512566033592282e-01 2.861287099383720278e+00 1.471489712259625326e+00 1.912260972811200554e+00
3.897823149492244399e-01 2.649839676691187584e+00 2.545693041867473028e+00 3.080565769778004448e+00
7.686208460160393052e-01 2.592520053104020672e+00 1.000794950611280321e+00 8.886159660043103925e-02
7.515608515877363338e-01 2.045260817715586654e+00 1.571225536855905380e+00 1.247776272014798238e+00
4.474431535701516721e-02 2.780637309011265046e+00 4.810324167699469577e-01 1.047110565840399188e+00
1.291711075457651292e+00 1.138173079925979714e+00 2.351373178712903300e+00 3.701607607709442860e-01
2.772921378147724436e+00 6.425769719799718782e-01 9.849401470996258512e-01 8.332809998322201483e-01
1.916675177422461296e+00 9.482246143022297069e-01 4.640745946921631671e-01 1.708236160203696619e+00
1.766070273121991274e+00 2.886622206509635191e+00 1.961677731182886575e+00 1.401703695496212987e+00
1.480447761937830231e+00 1.206422188693005770e+00 1.298803627580325248e-01 2.633922737059312347e+00
2.017774825975761743e+00 2.965021914178121776e+00 3.988066759032863340e-01 1.988795497173950544e+00
1.536381960061370178e+00 1.265850300022268504e+00 1.054834079754773946e+00 1.034554584859825432e+00
2.906186730247013017e+00 6.333506375517952702e-02 1.924019284702225496e+00 1.771502051194400462e-01
7.264781953612624577e-01 1.692692368505322453e-01 1.462426177681425576e+00 2.403397847525164721e+00
2.842290133745500658e+00 1.580966163162569327e+00 2.237821418716610999e+00 5.531587341297501403e-01
1.341071578994475155e+00 1.011530876105693894e-01 1.214856359757776394e+00 1.561372202571369217e+00
1.206817860706367762e+00 2.143797723137649047e+00 3.313644150416643341e-02 1.603049114241137385e+00
2.902564517993785564e+00 1.392126480564066793e-01 3.234547202859047177e-01 6.632000618367102085e-01
1.999045010620430496e-01 3.009251117330354219e+00 2.737704049491672453e+00 2.775589460666912256e+00
2.689776791329017147e+00 2.710156641568302049e+00 1.855375019198967523e+00 9.101293727316004389e-01
2.085588185318767440e+00 2.766199112644575742e+00 6.380946969771339461e-02 1.238528460909454232e+00
1.229485162811068344e+00 1.561206170384195291e+00 2.362127045089490895e+00 1.594115800221613588e+00
2.000341506317382834e+00 1.158279211041120860e+00 3.846666234167896437e-01 5.465986668944559090e-01
1.391246591180600234e+00 2.679800676750375921e+00 4.017991625968695968e-01 6.956631633345928822e-01
1.175188813067293836e+00 2.864876934512406437e-01 2.151651622477019909e+00 4.802283708232041870e-01
1.098272422765766976e+00 1.180167680053394008e+00 1.076140606256057897e+00 1.141926606814533729e+00
1.667684129418106898e-01 2.734459177103714111e+00 2.321441062092916674e+00 2.182728050964951372e+00
1.698483318311267976e+00 2.430562338205140449e+00 2.419745648145976702e+00 1.783107349703865641e+00
9.462796864252727147e-01 2.397301605774448507e+00 2.881163012587490968e+00 5.322637224185141624e-01
2.446020708859813375e+00 1.704119800022911191e+00 2.926121713133305491e+00 3.807639387095740902e-01
2.803967626927074352e+00 2.220756822119319907e+00 1.773322030295033880e+00 1.556545581619481533e+00
2.639728437642046899e+00 1.217647421064060653e+00 2.691742977618568067e-01 2.465283579925702240e-01
1.372365985059569304e+00 6.791453679739417604e-01 1.851266462361718323e+00 7.427082526984492006e-01
2.694002340534132234e+00 1.850925280611733337e+00 6.700580801882870530e-01 1.533680475151258937e+00
1.860441131542048598e+00 4.842468277672864474e-01 9.091921507975296857e-01 6.157971409232124715e-01
1.612822644098901859e-01 3.119044558486403940e+00 2.100160465658569287e+00 3.075481148796710862e+00
2.971412671778895565e+00 9.812372406435083683e-01 2.320715533820629783e+00 4.982295564214392347e-02
8.383534256346553137e-01 5.126227769586092498e-01 9.209888455158032894e-01 1.577654133737659725e+00
8.873088834624712762e-01 1.728438061636649481e+00 2.175028960599506345e+00 2.440023399482914801e+00
1.284559396917843932e+00 1.127009506259186278e+00 1.493218906811547786e+00 2.936958199719542084e-01
1.443683635080706296e+00 1.709394142516031723e+00 1.413050605157234685e+00 9.465762210200390214e-01
9.238556862687931082e-01 5.913200877293328661e-01 1.166004084959135545e+00 5.187493262861508914e-01
2.925578811728736905e+00 2.029178041852158554e+00 1.087077242964590296e+00 1.060359690552259426e+00
1.006900932862988540e+00 4.164628344733889986e-01 1.865328117061603175e-01 2.045957551171249555e+00
3.086886245454913968e+00 1.451945793601617352e+00 5.997014529881335987e-01 3.980917682659889656e-01
7.103637497740181717e-01 2.448947904431423517e+00 3.070147472632593466e+00 2.517116062422813272e+00
6.130944674342475587e-01 9.985713169265233446e-01 9.889018567692996475e-01 1.744852804467639240e+00
8.680409657099469323e-01 7.754405544040099407e-01 1.054576189175745249e+00 2.891949746842642277e+00
7.692645805056648189e-01 9.672873930750502947e-01 2.048784111772607996e+00 2.125261867990642539e+00
2.127904954973547369e+00 5.757970522693415250e-01 1.700314208454773990e+00 7.779320009162425942e-01
2.212445068855457109e+00 1.547004725125466607e+00 2.242995940959841228e+00 1.051677619530228647e+00
1.924862898750608453e+00 3.005332220756872896e+00 1.852016642245815747e+00 2.757118839295051860e+00
5.917640512011388410e-01 2.136114754243893632e+00 5.540584344511173542e-01 1.673100916474653976e+00
2.527925905557751207e+00 2.502837427184447350e+00 3.094409379880131983e+00 1.855976932447798822e+00
2.326259063061587362e+00 3.106964877092235344e-01 2.191357786138633301e+00 1.671729613484020716e+00
1.192283064857858399e+00 1.702892625029154061e+00 5.853122885832844347e-01 2.931429947918999357e+00
2.492465166018047906e+00 1.244696535431289580e-01 1.735166996988839472e+00 1.644919357219853939e+00
1.735921418385510062e+00 1.449544486302465574e+00 1.298543612614164733e+00 1.176315612910540320e+00
6.544741013931990592e-01 2.274174417957780747e+00 1.426542259690234626e+00 2.952076939419773005e+00
2.174243685527371461e+00 6.217208729929276645e-01 2.745288802021916386e+00 2.010777326829846334e+00
2.642079865565825081e+00 2.513676077745696791e+00 1.236514114252951213e+00 2.187948114890051254e+00
3.135486138592991523e+00 1.973735497188801036e+00 2.491374156740730150e+00 7.516857598378420269e-01
1.895691402163540706e+00 2.252303178531912753e+00 1.946197273740173150e+00 1.223767095033523766e+00
1.909517037507876935e+00 1.848216400133566362e+00 1.244296228879712807e+00 1.779985286095247643e+00
2.114178602278057539e+00 1.190004138725295535e+00 9.414105455738666084e-01 5.453769234629998186e-01
1.720469687586635432e+00 5.643857732415793471e-01 1.615970961040547396e-02 1.646033292370830292e+00
1.392256096235326313e+00 9.604465004938931294e-01 2.780218981476771489e+00 1.727513196311554422e+00
9.358903468110963964e-01 1.958719457341681069e+00 1.560132164696200974e+00 4.849864564856278260e-01
2.256270002550719855e+00 1.721780270493748377e+00 9.505837599166876428e-01 2.511315740372522143e+00
2.833933012557649622e+00 2.446629255603602449e+00 9.169572562928576254e-01 1.450652827135647360e+00
8.913771247237819995e-02 7.548062814545243304e-01 1.671397913939148605e+00 2.444427904707904720e+00
2.852228420049470969e+00 2.939493517340411533e+00 1.722789554648697097e+00 9.117908415655076038e-01
2.038271703668252943e+00 1.381488912436056093e+00 1.186100721031692062e+00 1.247258268350305510e+00
1.145375207145575142e-01 2.954792938565729443e+00 2.153511784344193103e+00 2.576237665148742195e+00
3.108787969287132746e+00 3.582036565799276429e-02 6.731344377164969472e-01 1.150554530078043758e+00
1.418103703021987405e+00 1.602915594792109433e+00 2.292922518670799104e+00 9.729979516213901336e-01
1.787875222751457827e+00 8.625355344468388363e-01 2.034334998286082996e+00 1.505540798963712623e+00
9.886295434076166622e-01 1.572098576802335307e-02 1.532042296744050014e-01 2.134663820744270524e+00
1.497324956896465942e+00 2.249577095404436733e+00 6.438537182229692180e-01 2.007556401421157322e+00
5.896988944809854472e-01 9.848815430650487146e-01 2.799504214917537315e+00 2.386266703916256338e-01
5.969946629115816528e-01 3.040725981906875930e+00 7.912791330333283080e-01 2.432401086926384792e+00
8.892289220665382521e-01 1.055168458539071263e+00 2.592652047935332771e+00 3.695087545407930996e-02
1.334168855421906885e+00 3.023315111131455346e+00 9.596173612942816844e-02 1.851558209627965912e+00
3.044145967689671384e+00 8.543470408424167495e-01 3.653332847079656109e-01 1.984058099063939207e-01
5.981517944699370481e-01 1.543791294107967449e+00 2.420613082332186139e-02 2.679782411577968482e+00
2.200264754511745746e+00 1.174737400727489778e+00 6.192430363310074126e-01 3.003428504218011441e-01
1.782338770022214192e+00 1.303307928937483817e+00 4.587007420956863701e-02 9.238276458652020517e-01
1.956545640876618197e+00 9.064751594332719487e-01 1.822469667383453507e+00 3.097824671689527243e+00
1.012370866484583187e+00 2.666771767839235086e+00 9.676683003068320410e-01 1.909630768865995476e+00
2.080453501510957981e+00 2.938130621643348483e+00 5.100458012725856971e-01 2.149712806837323686e+00
1.378534346993587123e+00 6.265357696991407099e-01 2.009312087470606301e+00 2.846344108026916508e+00
6.310574811756655134e-01 8.461843156497955709e-01 1.547413619645837457e+00 4.372091798498663473e-01
2.151621212377760717e+00 2.901637605520243746e+00 1.648655135905727098e+00 4.139292823196057403e-01
9.127670801524951916e-01 8.506519409724137004e-01 2.078707731151091753e+00 1.069873666508504684e+00
7.497710908230419413e-01 2.192880249013759109e+00 2.141743601087247040e+00 1.191827991799371822e-01
3.061963983291760893e+00 7.109107090007802388e-01 3.059349645704277698e+00 1.279403737482670556e+00
1.829235926981476468e-01 2.181580907944276060e+00 2.248698021385545420e+00 2.825116397733414164e+00
2.601945063443748651e+00 1.147771286732259144e+00 2.230607784501479784e+00 2.404743943385534433e+00
2.553017791294102778e+00 1.810314285260343103e+00 1.966587889980424553e+00 2.018203056928085548e+00
2.761876941128913909e+00 2.916915893308372532e+00 1.850627139166501900e+00 4.452626854686554947e-01
2.546803286959313350e+00 2.603893600349085791e+00 2.811843881161882219e+00 1.915138569044695593e+00
5.140532160527220285e-01 2.162759175418587532e+00 1.395315394324816216e+00 1.494722911825702438e-01
1.785833035122138535e+00 2.433436771871770432e+00 6.910415593457903682e-01 9.867517257894162785e-01
1.185392447564118240e-01 4.931393969355171714e-02 6.868119300881895262e-01 1.428316158115815915e+00
2.341135160021833972e+00 2.634842433724304378e+00 1.354083314985186304e+00 1.803909428069237153e+00
1.690390315942922106e+00 2.749087439603828731e+00 1.250375176072415773e+00 1.360270079626406226e+00
2.054364450369067896e+00 3.673068092155294395e-01 1.646170808376127725e+00 2.919378162741942173e+00
1.022279556948160639e+00 2.524723114121830925e+00 9.072591897924964233e-01 1.027089063453121787e+00
3.038888300009353394e+00 8.724038644214628935e-01 2.974904978955714707e+00 6.156899260960086995e-01
6.562509107440330780e-01 5.867850560934128046e-01 2.302312095220017119e-01 2.282624803276043224e+00
7.830374081963593635e-01 9.098774431738999580e-01 2.616538327993795043e+00 4.741750995536400115e-01
2.694985930897578985e+00 3.438687992343974348e-02 1.077650410394194180e+00 3.737449963608534959e-02
8.671400762084331415e-01 2.835560008818055255e+00 1.623339850521312577e+00 2.711719525036906830e+00
6.348713785749365845e-01 1.391961909547163367e+00 1.576929972310521455e+00 1.372789904710178366e+00
2.341784975287470871e+00 1.996727487206260809e+00 1.350845209014430948e+00 9.870134931050909000e-01
1.502599109893056228e+00 8.743291083595658986e-01 1.684927545233962709e+00 2.261118470656102275e+00
2.860782682677401212e+00 1.997334226366988819e-01 2.351554976656167639e+00 8.457912762292920661e-01
8.575533676138625827e-01 1.643990403184294458e+00 2.334947289013233895e+00 1.106181421820191968e+00
8.634708966217160553e-01 7.216917557545675654e-01 2.666617334809856743e+00 1.953640480830546533e+00
1.700124357243725237e+00 2.837396626397029831e+00 3.037864123892360713e+00 1.640705156311097257e+00
9.364148862162209319e-01 3.874516106991081066e-01 8.200141406866819915e-01 1.024987088254727841e+00
6.403778949125423781e-01 2.813595158040639976e+00 7.560773879826969690e-01 2.565870135473861335e+00
2.905819278557584706e+00 1.143795438666323161e+00 2.232627822608896917e+00 2.881878157968341458e+00
8.821276579352184122e-01 1.324488058870651574e+00 8.491962458135861036e-01 2.050949749653695697e+00
4.617873537703836573e-01 2.985604463583811263e+00 1.755883049955894615e+00 6.290759623733808148e-01
8.392057207456100898e-02 8.732861657084518558e-01 2.262653284829428735e+00 1.140696173072066388e+00
1.566371872515659902e+00 3.122560431053220231e+00 3.010954890940994222e+00 1.016598106978727323e+00
2.208933155295963680e+00 2.568969253444761236e+00 9.182370807839539406e-01 1.534814101289262434e+00
1.830894672188841943e+00 1.638961198483501969e+00 2.527100369644016631e+00 2.863141276358566856e+00
2.500065373334884100e+00 3.123581675871852426e+00 2.257883575784441099e+00 1.961578229876403734e+00
1.481477856561800754e+00 1.943568817904226975e+00 2.269002881385638659e+00 1.072482947675005960e+00
1.491608100988640828e+00 8.520509408729173284e-01 1.840559177371565269e+00 1.275647594474088153e+00
2.372588071527894193e+00 2.034492611778138116e+00 2.705301719527758664e+00 1.945373917087642734e+00
2.710411740866258246e+00 2.599461632519045384e+00 1.481881809210735756e+00 6.568841143685224537e-01
2.507281186359746061e-01 1.939072417926883896e+00 1.191738876193239705e+00 4.947672694443572827e-01
2.081694264167738062e+00 2.323285602607272626e-01 1.735548070517387131e+00 9.623362824437182717e-01
6.530161666980108803e-01 6.658850249778218711e-01 2.735469570647130144e+00 3.102260299822985345e+00
2.047958541418416073e-02 1.206806647420680445e+00 1.744580641182381375e-01 1.146145091230697632e+00
1.132738071693380810e+00 2.100124468487062579e+00 2.338742197251911126e+00 1.551817246662789085e+00
1.583933931318785460e+00 5.947158463617070456e-01 2.211772579970168628e+00 1.535152883067267826e+00
1.318091666384226590e+00 2.920671484037867138e+00 1.307519210604502602e+00 2.738809117631690326e-01
1.412190073589654649e+00 9.099126066418343761e-01 2.082135906192598807e+00 2.673201044818240835e+00
2.689259146430599268e-01 1.479340912621936566e+00 2.342535768573561494e-02 1.074639209952014340e+00
1.874398795394628114e-01 1.411453334022429340e+00 3.808549685437211396e-01 2.268988371359204059e+00
2.878546671498733112e+00 2.364999887535743639e-01 1.125226100360085857e+00 1.897164699310643465e+00
1.767439727005151617e+00 2.442852864328883378e+00 1.375816228942504882e+00 2.039677403279661849e+00
2.879370846393228600e+00 9.559337294876848468e-01 4.951696965406308104e-01 7.966548255508237864e-01
3.025415287361169270e+00 2.282222350920080078e+00 2.872856498502748934e+00 1.526973279211921053e+00
1.488755335830015625e+00 1.120844384855879117e+00 2.182758079740815038e+00 5.463381156151637663e-01
3.031808084455317687e+00 1.429543696890033466e+00 2.324021165551886980e+00 2.360341938214731261e+00
2.059784919974050332e+00 1.685976716061013736e+00 2.441008771598455862e+00 1.824183208839616377e+00
3.120822402364459069e+00 1.909814401346494384e+00 2.419062913654569158e+00 1.458227453179147037e+00
2.985099333184355164e+00 5.956164839898100416e-01 5.410112026828353127e-01 1.339501188565386469e+00
9.987508291787645653e-01 2.656676541840572003e+00 3.010652004959024630e+00 2.519379881068418925e+00
2.319867038018805783e+00 2.218440377226662985e+00 1.457436520897382515e+00 1.064089890234817037e+00
1.949962967918278389e+00 1.130751498619888329e+00 2.537039276010038868e+00 2.322480099210966209e+00
2.510234750124016312e+00 2.065044533781275504e+00 2.904733983586464507e+00 2.834206378218679934e+00
2.343328523081965375e+00 2.601868869159996045e+00 1.008299141081216099e+00 3.908669249603283768e-01
1.004075453803048967e+00 2.821864347772452319e+00 1.914557467760175991e+00 3.067987327613642901e+00
2.590878368649575769e+00 2.324979827636979024e-01 2.943812030055466433e+00 1.760014706317142297e+00
9.667045474732924859e-01 3.079820359344778158e+00 2.451700104874381392e+00 1.813190544119137826e+00
1.706114076197652540e+00 2.089607062741233534e+00 9.526713505608802590e-01 3.460632784496511793e-02
2.454173374961058585e+00 7.315643986034436885e-01 2.548757398428914467e+00 1.965370168076632895e+00
2.622957069494500804e+00 2.619809315574590070e+00 2.499088798597905114e+00 2.823151854128306049e+00
1.161551645018860324e+00 1.632945194695688551e+00 2.250424551069030610e+00 1.359825392359609975e+00
1.632288026928472080e+00 3.979791847053087417e-01 2.962874684958094917e+00 6.448057813942539296e-01
1.276990405790081606e+00 2.436808744746776778e+00 1.109121526951048660e-02 3.097693036897865015e-01
4.112906516463845086e-01 5.247494086035093819e-01 2.101169774139983737e+00 7.144047135097246481e-02
6.123105784560376463e-01 1.904181030400675878e+00 3.536454490254076211e-02 7.277804775620274613e-01
2.566697130202692190e+00 1.392421333969308339e+00 8.331120097997860574e-01 1.792449568752633171e+00
1.265665416976005320e+00 2.863607883900058493e+00 2.843778436099133611e+00 1.894674592312720174e+00
2.905368601814874996e+00 8.662710898489661693e-01 1.330504157307162316e+00 2.768640721761713053e+00
8.777931209556787406e-01 2.590275346562762593e+00 2.730609738641531337e+00 3.036546728240219206e+00
2.824125216818679451e+00 3.077403532893795424e-01 5.555870254112629247e-01 2.024944085183426168e+00
1.626219153524169236e+00 3.759148969331137513e-01 9.170153962646271362e-01 6.956505374845416423e-01
2.823904712504674563e+00 1.945736121398812468e+00 1.137793479932997176e+00 1.618665658840857891e+00
2.159287859555569788e+00 2.997613410560736824e+00 1.566040023096590517e+00 3.025299896212214623e+00
1.983277248168906909e-02 1.736990333177953483e-01 2.889839120433758790e+00 5.281069681383647740e-01
7.132154405735005032e-01 1.241256878639388911e-01 1.961551318026089286e+00 1.735728127005853105e+00
3.089375020538755567e+00 1.494138947809692697e+00 2.663431697481057014e+00 9.553975335044043726e-01
7.308158516628608936e-01 2.497277906009102821e+00 2.466888434820718068e+00 8.811521871086499536e-01
2.658766284237584099e+00 7.218799206338841756e-01 2.228356560399928632e-01 2.132563138006129400e+00
2.079426537235194772e+00 1.873769045949497558e+00 2.504182736433304246e+00 2.490125725595771833e+00
3.132263607006216866e+00 8.199995010983341936e-01 2.128271989035559475e+00 1.822515308209949614e-01
8.375287537850349961e-01 1.206995812448845795e+00 2.714370506336118094e+00 3.134623973306366551e+00
8.287500294988580096e-01 1.069353233763683936e-01 2.080775489540541479e+00 9.790154688517084258e-01
2.734391293937077361e+00 3.130017257746792847e+00 1.432127620475046159e+00 2.769251665502324489e+00
2.936951326221296288e+00 1.076757212460594415e+00 2.836707535064010521e+00 2.798388817558493669e-01
2.737007722616665362e+00 2.761002493025459525e+00 1.954271867138264174e+00 1.838945614277333940e+00
2.221946067490176979e+00 3.138754767464399187e+00 2.747328457219710085e+00 2.942986596389717935e+00
1.285470152584135217e+00 2.263065520926620611e+00 1.684626233805737394e+00 2.385654802203500680e+00
2.265686868179305868e+00 1.884701372150908161e-01 1.066923110188072510e+00 1.184362639801091133e+00
1.591382176686700678e+00 2.431992540306879835e+00 1.941058003061992165e+00 2.858484239878975597e+00
2.060991842916036099e+00 1.368763410221640608e+00 3.531671468897132349e-01 2.375272426211953558e+00
3.024468191284438667e+00 2.514452063557516492e+00 2.747429592714007107e+00 2.413182782180108177e+00
1.984548245650153309e+00 6.082462754141525485e-01 9.946656197999512172e-02 1.812065484380805280e+00
2.058136318349070404e+00 4.667621426903314184e-03 3.110104877371725474e-01 3.637541197016369576e-01
1.163514684175332325e+00 1.977937815561348622e-01 2.348277915476352007e+00 1.821392272384323441e+00
1.873835247225428935e+00 3.087106873826239273e+00 2.094676610529518701e+00 1.804471234053600659e+00
1.382877085261184247e+00 1.457841680337366608e+00 1.156099327237089636e+00 1.479924612690675545e+00
6.758759873794011330e-01 2.872824365463624741e+00 1.408525147906076525e+00 2.173522219769587149e+00
2.130130712280233971e-03 1.282955970918880029e+00 1.000396206561313228e+00 3.053236628929115959e+00
1.809241008077444368e+00 2.137071303229908015e+00 1.599895018839964766e+00 8.267448724356791789e-01
2.884671419133935988e+00 1.853453989394146628e+00 2.483968752462423879e+00 2.324028598226383302e+00
7.699034636353560002e-01 1.092510698902486199e+00 1.465581586058770647e+00 5.932146911445331794e-01
2.825444972159783408e+00 1.004623710882187160e+00 2.251927807401018722e+00 2.234302074106521430e-01
2.274631499263113810e+00 4.900260945053119821e-01 1.101901552198811585e+00 8.340902761431784329e-01
1.871392772832515927e+00 2.291328975448539751e+00 2.158729992177390145e+00 1.853207258996735218e-01
2.752552140275882575e+00 1.628247437625601091e+00 2.909996112983521677e-01 1.089778051637695588e+00
7.128704690384067844e-01 1.506815608010295904e+00 1.926842684514981752e+00 1.361267123868668438e+00
3.130368097809424821e+00 3.124704047180954181e+00 1.857243836503994050e+00 1.238617469860879838e+00
4.640194391648835848e-01 1.902292100296140154e+00 6.633917783223287623e-01 1.301375790860692661e+00
2.679998689200477902e+00 2.045273316563369193e+00 1.830009257852249993e+00 2.740351329045700890e+00
8.070511325705911343e-01 7.501878328039082167e-01 1.470914815923996199e+00 8.866550988935814059e-01
1.096838428800560372e+00 2.881864622156040667e-01 1.794053982018827487e+00 1.204227518439080935e+00
9.584208077958698002e-01 5.350290027890461375e-02 1.901529941490669229e+00 1.344291815402880896e+00
1.193406303906729082e+00 3.044438993033345753e+00 2.614250076205894224e+00 1.219623993744002100e+00
3.240406799603424148e-01 1.083782219146335324e+00 1.727761986027535723e+00 2.593587097698306199e+00
1.917258491665402298e+00 2.273579667486337996e+00 1.113543453302896280e+00 2.546044505633321964e-01
3.127301043114920187e+00 8.678427499330289008e-01 3.070904825615292655e+00 2.749102381739529033e+00
3.053865005770010743e+00 2.339536431890781643e+00 1.118517537865134637e+00 7.569876959613848211e-01
1.862434139044623072e+00 2.456592617667324729e-01 2.789866079433364288e+00 3.102114670204571656e+00
6.322317803282838655e-01 8.664588388961433907e-01 2.664358865690005462e+00 1.409020642967561132e+00
1.140136246285885058e+00 3.004508258103806284e+00 2.627155467532989785e+00 1.016962767936661294e+00
2.273489739985588454e+00 1.762597130720574556e-01 7.075674529198133778e-01 2.542400880018703679e-01
1.386190732641104262e+00 1.947145990698352924e-01 7.050147265893537130e-01 3.034784626534451579e+00
1.595914564317748141e+00 6.340921466271416396e-01 1.775315163217246806e+00 6.867683957119840032e-01
2.569048276553125731e+00 6.435318973796466668e-01 1.637639946412096537e+00 6.372470183215046546e-01
1.011056120468592390e+00 1.116591444374357422e+00 5.506372956016455378e-01 1.915810274768282806e+00
8.258519520007361336e-01 1.958819847776050782e+00 1.514101854540766734e+00 2.449410759870384702e+00
8.181146634475406909e-01 7.297897069692410588e-01 3.738079398239970708e-01 1.625365445643183859e+00
1.248411807623249326e+00 2.273724319035557162e+00 1.816748400161892485e-01 1.306061780799470773e+00
2.916785470040160089e+00 2.640756633705960255e+00 1.909103818758261240e-01 2.884738913540481065e+00
5.273291515669950025e-01 1.986924998645559937e+00 1.163385928272825609e+00 2.024868884133575797e+00
1.026605406650901831e+00 2.206693631749451212e-01 1.665397207927972745e-01 9.832229821932125802e-01
3.015872414327969597e+00 2.984952022016706064e+00 3.042322789365140778e+00 2.799468801929033024e+00
1.320682012584387222e+00 5.437107552423490198e-01 5.611082720966691362e-01 2.013867692005536281e+00
1.057515684315575077e+00 7.227920555042023354e-01 1.293129921363083579e+00 1.813250776290121102e+00
1.107835214367455023e+00 1.269139916997770179e+00 7.213171185118250062e-01 1.057706454922932693e+00
3.081141988826583855e+00 2.885556746900260094e+00 1.316286412063718103e+00 2.086586115968934507e+00
1.093284766212388792e+00 1.865065972020344409e+00 1.615478040796933579e+00 2.238739498132747308e+00
2.338449241421917790e+00 6.616187470772719736e-01 2.670835420325047060e+00 2.294296098838630282e+00
8.677586061325867628e-02 7.459158185979511968e-01 1.802251074738791203e+00 2.489171217034056860e-01
2.365142793871323423e+00 3.106558274142854348e+00 8.142287168443772538e-01 8.363804369809800798e-01
1.768416554181587441e-01 9.084817215296010773e-02 1.006419465262106128e+00 9.002577761316065130e-01
2.907704671544526054e+00 1.887308847204236528e+00 1.243273038986615120e+00 1.858693169223059938e+00
1.165224669192972268e-01 1.672275174575556633e+00 2.366360289237642078e+00 1.959306422904423250e+00
1.059362430289408595e-02 2.825256997577642037e-01 2.694134492196281094e+00 1.497241679898633882e+00
1.628636582554680023e+00 8.253940658429513577e-02 1.915984554150938601e+00 4.173073614992598990e-01
1.057298877429882600e+00 2.887870774336554813e+00 2.719806737454230294e+00 8.148451919365120588e-01
3.052013184450625971e+00 1.513817226545489891e+00 5.379963426309304353e-01 3.076795716278039716e+00
1.402393037468290471e+00 3.552377338300379273e-01 2.685090620348617563e+00 2.344561550551839790e+00
3.477574114478216849e-01 3.451728014410591072e-01 1.100351944343976207e+00 1.593157354173474927e+00
2.693223190160950242e+00 2.148163354810421755e+00 4.492681070285675093e-01 1.508668506562369505e+00
1.783933306979224032e+00 2.441472084283410560e+00 4.261331316308433759e-01 2.881025535076801036e-01
1.373874496671936507e+00 2.637164946504553242e+00 3.025908978431844698e+00 2.535067096737850356e+00
1.577532348937070950e+00 3.236838407657882666e-01 2.798063339132523364e+00 1.768864658792117739e+00
2.000091757937025871e+00 8.356662769726481699e-01 2.106350879371972518e+00 7.921384188174351859e-01
1.522435743926937146e+00 2.663590088223227070e+00 1.832810402199074984e+00 4.655501767532416180e-01
2.063783404429682111e+00 1.195145831437856021e+00 2.963882177392656914e+00 2.254462032486543865e+00
2.931342751143841685e+00 1.627799646904155129e+00 8.388546154560334589e-01 3.370404890185219604e-01
9.122208651504227772e-01 1.424906042636105985e+00 2.262167480667053088e+00 3.659241763090968491e-01
1.188415512196635326e+00 1.037498455898417049e+00 2.409909491514331759e+00 1.216941053559997155e+00
2.832041012568369709e+00 1.588994542253351350e+00 5.913938528776634396e-01 2.831205078838189948e+00
1.586319239215283172e+00 2.614457647071453117e+00 2.324351906857404781e+00 7.631247358597732511e-01
3.379777742945926367e-01 2.896246055362240224e+00 1.925105148488285955e+00 1.011690895174381044e+00
2.031797841988490561e+00 2.498020564728835158e+00 2.204512321597142499e+00 1.683956045785888422e+00
1.963023460593295855e-01 6.565112984112938532e-01 3.036198828614912859e+00 5.654420068013413792e-01
1.250415364834853493e+00 3.119625094201945004e+00 3.035723494763619357e+00 1.574253978020493827e+00
1.948330119801406468e+00 1.614873953857028921e-01 1.564235452238210922e+00 1.290804999307711753e+00
2.694449246996108993e+00 2.238340537706324795e+00 1.742895291824892112e+00 2.978167802098536932e+00
2.546659575006799514e+00 2.330235945517669549e+00 1.323990083483891800e+00 2.042738733938992191e+00
5.600441743760551372e-01 1.703426231989688011e+00 2.342351793184390130e-01 7.363837024536574738e-01
2.830284530314455260e+00 4.540311531730036321e-01 2.839006021054126805e-01 1.721351719615446640e+00
2.190284523646607528e+00 7.762736045955801467e-01 2.771302882602761919e+00 1.140861500208669055e+00
4.835117635890772148e-01 1.257639670868613058e+00 2.137594650113650463e+00 3.063171981673709077e+00
3.021754632003829766e+00 7.805371251789864351e-01 1.307870057540680975e+00 1.377250359104505550e+00
2.743583139143816574e+00 3.706772759937849715e-01 2.768129747617171788e+00 1.087895268071071619e+00
6.090957742656474272e-01 7.436117860174152883e-01 1.881485025078582618e+00 2.885193801562535576e+00
3.017530582185903310e+00 9.294517624981328829e-01 2.991586288333496046e+00 1.463576498456969022e+00
2.803062259769183662e+00 1.129264021305140586e+00 2.737959329199861180e+00 1.297814761474943346e+00
2.512148569968010392e+00 2.793867982129809135e+00 2.521995486638876738e+00 1.302231813343850630e+00
1.538739709264190347e+00 1.701384749575836741e+00 4.450244805960824057e-01 2.283073479592748534e+00
2.265137124365825372e+00 2.675201214731930843e+00 3.141073824228397537e+00 3.018853412839228242e-02
2.124876111834026027e+00 1.479229720318481434e+00 1.742975546529515363e+00 2.139832719762701618e+00
2.707491857873165486e+00 2.528747852749301916e+00 8.533559368851155735e-01 8.264227613176131637e-01
1.960235041337429429e+00 9.854050066079356185e-01 2.635342352201171856e+00 1.243936419256473025e+00
2.051677809985608114e+00 1.282924240882436957e-02 4.066741107434174163e-01 8.978573994305195649e-01
1.927819725385224059e+00 1.686231320856470983e+00 9.296596418483528412e-02 1.237389777149829007e+00
2.593798372983755929e+00 1.870947773481586918e+00 1.894877973328774834e+00 1.562848019383837217e+00
2.984582547896119653e-01 4.454762510442576984e-01 2.766753381578543003e+00 2.771545264164009481e+00
2.061410909045353179e+00 3.010241703974566807e+00 6.313781077675103548e-01 3.857766995386899822e-01
1.096762501792294398e+00 3.735710966679056666e-01 8.229418184025230065e-01 1.556290243227432368e+00
4.407469060827566287e-01 1.732835657984121092e+00 2.622844581240529216e+00 2.604760406355098645e+00
1.910769808732436514e+00 1.309231598318397971e+00 2.068418811056655038e+00 2.517618208647593114e+00
2.972196798982822852e+00 1.879921524290317780e+00 2.102989395517479210e+00 2.038118856680305235e+00
1.056974063186703505e+00 2.898860167079813532e+00 2.136033022904531897e+00 2.433736124141778756e+00
1.880740738488817065e+00 1.067402701914344609e+00 7.647503449972153922e-01 3.137105507342033306e+00
1.477851033210007214e+00 2.899971328220499966e+00 8.436929637661956249e-01 8.588956573852660759e-01
3.122934051444059000e-01 7.412845119681734651e-01 1.339881093777249621e+00 7.638333308178913983e-01
2.158337476591478232e+00 2.018634888128069793e+00 5.764313562066886165e-01 4.167530727412068203e-01
4.509935222707947555e-01 2.858256956990371300e+00 2.357307086380689420e-01 2.236939552495604555e-01
2.821311148611676534e-01 2.021406651899998241e+00 1.529425685858214923e+00 2.817591220636660232e+00
6.819740892129073917e-02 3.107831531267114755e+00 1.219988004507873036e+00 4.143344251771992059e-01
2.674943308796540534e-02 2.433135307935568648e+00 3.044454537444388098e+00 2.581842799887334117e+00
5.521516776039858687e-01 9.785915083737219966e-01 2.018866550486829503e+00 2.584386532336293563e+00
2.541317544314750432e+00 2.188231730948645204e+00 3.002686495535941358e+00 2.035326632561849536e+00
3.992336460299273360e-01 1.377748117740340339e+00 1.715142111356001919e+00 1.228668259454203993e+00
2.919919465810346448e+00 2.715958651418169278e+00 2.961122965576895805e+00 1.915771632611879438e+00
2.733635310437045440e+00 1.295993398244371431e+00 2.595111944472192178e+00 2.864636366552411495e+00
2.165179253738614307e+00 6.385203544316444546e-01 9.589235028643817715e-01 4.525091372434507653e-01
3.033969202326112224e+00 1.176892285701073071e+00 1.233424332241350951e+00 1.842991292037300610e+00
1.381983299360787232e-01 2.063129782864786321e+00 2.251416895576547006e+00 1.467312745110698868e+00
6.037767111485622396e-01 4.934011084427719629e-01 1.667987527735748543e+00 8.235048579824051362e-01
1.388299176331331042e+00 1.938080489317397737e+00 2.727719126444727582e+00 8.785307612018239051e-03
2.812998472232187464e+00 2.900738672753331304e+00 3.511449243385921792e-01 2.363554322179994838e+00
1.328855034283259684e+00 7.568686684763109573e-02 1.948187293848493873e+00 1.093588492473573703e+00
9.449630076664623513e-01 2.176579018214741534e+00 2.390009490024904260e+00 1.268259309985081684e-01
3.001315916327497169e-01 2.286950529601740723e+00 8.963204775476178998e-01 3.010842885482471587e+00
1.629465583544557727e+00 2.686917802344708228e+00 2.471788427843952807e+00 4.131738191902341595e-01
1.242428578171595355e+00 2.635770551370223203e+00 4.157982351388023745e-01 2.209022983078410274e+00
1.015120304890869907e+00 1.302260262900195809e+00 2.683864923099793298e+00 2.943009563023212927e+00
1.766711833261263576e-01 1.310870793180518135e+00 1.311755256547583404e+00 1.044646432950752102e+00
1.037634218299884337e+00 4.491607031984565235e-01 1.289401807357940521e+00 2.695662529071132796e-01
3.009170796011892968e+00 2.824722251987359822e+00 2.589118117284148757e-01 3.114758641719540311e+00
4.732804974718464730e-01 1.976710999740991737e+00 1.703524900977380963e+00 4.576027061216691449e-01
3.042560146708822355e+00 1.981655648896109456e+00 9.832315034551094568e-01 5.528196524853704608e-01
1.420508117651370972e+00 1.249281472943042592e+00 2.342826105348813748e+00 3.008969402834068774e+00
1.779463346444043192e-01 1.654717697431188794e+00 2.425567926763303461e+00 2.154670863621690025e+00
8.729250186618161059e-03 1.577486819556537467e+00 2.900546387712716889e+00 1.677478141668106826e+00
2.642959837353496599e+00 1.490406797409961959e+00 2.801676190702328650e+00 8.364100543595026638e-01
2.575408069750523943e+00 6.284543840904874834e-01 1.149812875214594465e-01 2.307182634319376646e+00
6.391755644569935453e-03 9.491529043689552747e-01 2.209954541751159685e+00 2.604073327500405099e+00
2.285351949379236913e+00 8.598310851726573834e-01 1.273637924245777597e+00 8.944121214330382763e-01
3.570946977062779970e-01 1.645679741510808425e+00 9.840919777852118466e-01 1.431101106782691090e+00
1.783341075527890895e+00 1.900251875017875403e+00 1.182791474432247414e+00 2.241037919588082516e+00
6.062013412293738579e-01 2.635403073844746480e+00 1.449669721747859352e+00 1.288231539856183216e+00
1.747170273458710898e+00 2.131517235886541961e+00 2.639300714600736897e-01 3.045279366553753864e+00
3.017037912528410248e-01 3.026144399117574491e+00 8.685513522647789753e-01 3.068963366396280978e+00
9.832967145923068863e-02 2.054788491771371017e+00 1.815671763858993648e+00 2.049949041519453452e+00
1.898258392005336415e+00 3.119625798520485382e+00 2.178796375135978181e-01 3.123944027479641505e+00
2.844791555269045258e+00 2.109187268194555376e+00 1.361690525426194398e+00 7.154777131947182012e-01
2.132016247132797027e+00 1.232729909143414737e+00 2.142231219642652285e+00 7.292565685373765261e-01
1.499716696499354018e+00 1.189393563223641204e+00 2.774932637961716964e+00 1.226136938754276651e+00
2.943765240668821725e+00 2.787618628728107950e+00 1.062533484786849058e+00 7.382392072568779717e-01
1.707136563912257099e+00 2.934681517280714580e+00 3.113391135739353555e+00 2.013095950286114988e+00
1.509857149989040304e+00 3.114466395579219782e+00 1.245750423138380913e+00 2.732559760419796646e+00
1.391764773491434459e+00 2.217603179840135663e+00 1.008436684350662915e+00 2.468509094728501829e-01
3.050819890730599226e+00 2.843392344399632066e+00 2.483106795508266629e+00 5.634213195451062139e-01
2.036806663754709756e+00 1.595843505875075730e+00 4.511205116788110508e-02 3.083531102900311627e+00
6.958461328162022230e-01 2.016514476420051327e+00 2.898777645760396648e+00 1.133632917011778929e+00
2.613914990723241516e+00 1.749045526403496087e+00 2.435276308063650585e+00 4.949679661256605190e-01
4.898614219489687005e-01 2.465911486009785047e+00 2.835893888510143679e+00 2.233513256907684319e+00
1.224337362381150651e+00 1.773736941634233677e+00 1.993635708130857109e+00 1.460214527462533329e+00
1.612544855643671227e+00 3.806668955661065001e-01 1.358035097367546351e+00 1.673202013241310349e+00
3.874030240367856703e-01 1.490663545438928761e+00 2.301992232304864938e+00 6.903858595167929879e-01
1.854917064331667476e+00 2.319019391423908782e+00 2.426734881485163253e+00 1.796284387058955545e+00
1.991779116993648291e+00 6.140014922146999066e-01 2.624981718293394550e+00 3.019446752983325766e+00
7.883046959329366443e-02 3.081833959259909328e+00 1.367280477855061349e+00 4.419772425720647213e-01
1.588931156013916102e+00 2.987633320338599408e+00 1.838077931447693825e+00 3.595298412047662207e-01
2.404263804373104829e+00 1.771694141609890139e+00 3.041792663141322794e+00 2.063221853406340234e+00
1.759194054892330827e+00 7.378514246669193311e-01 5.624645739740555817e-01 6.053459139824208801e-01
1.047659393092693403e+00 3.306266587340099816e-01 9.695295424264368522e-01 3.097103939628601310e+00
6.926388075930305366e-01 6.303754036177847686e-01 1.325514671890898999e+00 2.211783004677756903e+00
1.161213969833121862e+00 4.975069656778662863e-01 3.427169420939241151e-01 1.344538934560217669e+00
2.916271594504127762e+00 1.057799747641527122e-01 4.028077093732526648e-03 2.708963007226781183e+00
3.123217382082508653e+00 1.946623295383943519e+00 1.343340242874603518e+00 1.220573690644862763e+00
2.979288319364791437e+00 1.921312718024634325e+00 6.189552535795282973e-01 2.330262239989864259e+00
8.025773938968161492e-02 2.725540584823332502e+00 1.312739875047290061e+00 1.004707063347368666e-02
1.072172016154416596e+00 2.282216793847983372e+00 2.968009961539804120e+00 1.301466606542420967e+00
1.741987902391477494e+00 2.744214789149268974e+00 7.999460719289516186e-01 2.488910892364411959e-02
3.136936964212332923e-01 5.711044624056004215e-01 6.279693040853034924e-01 2.787954569025801632e+00
1.895141579254260522e+00 3.096633707871294661e+00 2.758471787992413660e+00 3.503612052993387294e-01
1.787253267935385859e+00 1.424505492478524316e+00 2.208942896123805788e+00 1.394184210817409397e+00
1.519914673644177316e+00 1.795115281827806886e+00 9.290645937709686164e-01 1.459824947834655662e+00
1.558010808644687550e+00 2.766260259966236479e+00 1.266067067108443078e+00 1.588560802217980461e+00
2.257757300622609709e+00 2.271869687234732815e+00 9.978910849322504273e-01 1.237605427349927956e+00
3.063137374561281323e+00 1.451035029475908900e+00 2.290411245273273888e+00 3.643742729801351943e-01
1.734770828227588435e+00 1.017195776596866663e+00 6.699663280335338422e-01 1.276257595075218632e+00
1.712591978113421565e+00 1.757044976164595873e+00 2.210839635976496353e+00 2.185590617799924473e+00
1.753388420329816677e-01 6.348479676246564507e-01 1.566813481716809786e+00 2.169193380707822860e-01
1.182951047599358985e+00 1.753051345076168444e+00 1.377007858474447843e+00 8.512449398056769478e-01
7.279439202498747541e-01 2.581825430601723870e+00 3.071228276428132897e+00 2.687311486462995003e+00
7.832791727186224628e-01 2.272282496685582132e+00 9.975422369662501065e-01 1.468180357748232634e+00
2.346797027582002038e+00 9.492895938165393233e-01 2.232220526823227025e-01 1.021183584470322314e+00
1.602386652976152570e+00 2.698180097128558552e-01 3.185080550183176928e-01 6.454269054447641096e-01
2.867018958635675574e+00 1.178483174254483457e+00 1.731468134158868244e+00 9.197289648122481953e-01
2.170261280276473137e+00 2.227694177043813450e+00 1.928338546198419934e+00 2.548898208035895951e+00
9.317914443732374652e-01 1.631332518754418537e+00 2.445331695746629563e+00 2.911092983523429906e-02
5.528666409119357139e-01 2.785111313933094301e+00 9.340051546501960678e-01 7.253207350822284960e-01
2.966395871524252770e-01 2.113676321956233561e+00 1.663674354355948681e+00 8.122575687902229280e-01
1.021678765239237618e+00 1.790790656230570321e-01 1.612653281696427854e+00 4.085738706979450408e-01
2.939441087052590884e+00 1.182130910111152344e+00 8.469004315612048694e-01 1.980500481467464269e-01
2.201030708999021535e+00 2.451011806262814119e+00 1.165687554047524221e+00 1.556639683466840562e+00
1.199427594261622820e+00 3.039975197830505627e-01 1.230326020946262283e-01 1.476117662061985802e+00
2.591397199943131557e+00 2.000210457259063990e+00 1.424684118186567039e+00 3.493991244313902206e-02
1.325473269579911850e+00 1.053144396710191888e+00 8.831249075961986605e-01 2.192292364141176453e+00
1.318146640555469817e+00 2.356625251152489664e+00 1.109025695250775767e+00 1.249867720804719085e+00
2.511781638587824883e+00 1.871306163871639949e+00 3.112504395316790795e+00 9.690273599747734057e-01
1.757394240672415675e+00 1.454317986469981783e+00 2.410893461722535935e+00 2.821032165965277283e+00
3.740988987205735583e-01 2.460725598227111899e+00 2.629414662783061907e+00 3.129093493371445600e+00
1.592699286171742390e+00 3.235336961934470734e-01 1.282804548811022904e+00 3.556777312143161729e-01
1.648911572278237259e+00 1.238249073027476443e+00 2.506203947603546922e-01 1.062527421586479948e+00
1.637995174303528367e+00 2.967175012892628416e+00 1.664991383100608235e+00 6.689941268534485008e-01
9.359630711884550092e-01 8.347102061297675402e-01 7.994115886718305974e-02 1.804135524395123369e+00
1.308338274627353526e+00 1.878380991301617842e+00 3.733176098623599559e-01 9.184660056903680703e-01
2.968173815685319461e+00 2.650246242326580681e+00 2.503301392778888079e+00 1.135893313750044875e+00
1.802039346396913988e+00 1.066614144128520819e-01 2.255279269323767544e+00 2.562497269470580097e+00
5.329167778982155101e-02 1.741509070240235380e+00 2.145685089221414099e+00 2.324985553335352506e+00
3.124997170113007261e+00 4.574288980483234845e-01 6.919747770705830803e-01 3.337392374306351051e-01
7.714438942104653307e-01 2.903691388480596824e+00 3.051150256762733992e+00 1.207152168616224763e+00
1.334930728920166842e+00 9.522928493579408959e-01 8.224134451283006131e-01 2.795780481710556931e-01
2.293164712744374167e+00 1.909825083386715416e+00 4.440994403444136207e-01 2.395859627220489507e+00
2.861800687845130309e+00 1.965694212486245762e+00 1.861492295605154945e+00 1.876742575836437554e+00
1.244151885408553149e+00 1.886256471731387441e+00 1.392586557148963733e+00 8.191166837741997719e-01
1.699186786250160619e+00 2.053152630712713478e+00 2.284164633527505650e+00 5.582462998907125051e-01
1.827453426556452654e-01 2.345287085877096001e+00 2.005934754961743671e+00 2.319148516710533237e+00
2.093408490667274524e+00 3.011491717934507761e+00 1.738662963678949236e+00 1.875101315343742803e+00
1.923031681533953624e-02 1.112906360889292401e+00 3.113495585356086170e+00 2.895591127575511958e+00
1.670318353446704096e+00 9.139365475185238230e-01 2.398411027567326492e+00 3.630545903198812430e-01
6.548250082667336214e-01 2.764567300865115040e+00 2.318909925201760647e+00 1.417857980740399926e+00
6.263522682069345704e-01 2.588700114234837368e+00 3.136848555044743136e+00 1.490715829391953351e+00
2.661429303915039402e+00 6.902646879874766439e-01 2.752212813199636177e+00 1.487086844390750784e+00
3.978499783899426823e-01 2.652899000524250095e+00 1.131379065018242924e+00 3.023036874566036758e+00
1.873573853935783129e+00 1.470358594223000637e+00 1.566935513552874637e+00 2.909489559902495248e+00
3.090882498873201545e+00 2.090828215525702749e+00 2.571549635091279207e+00 2.753468377312094706e+00
2.737270221103727863e+00 4.550537097693424515e-01 2.617299094119824421e+00 3.888676341036249040e-01
4.309214866481298478e-01 7.214255072303227267e-01 9.440654684163213295e-01 2.419566621897003778e+00
3.902814903139882330e-01 1.775011503162248649e+00 9.762397761545033026e-02 2.862033736357006752e+00
1.675302703261893233e+00 2.763361460299392114e+00 2.389247865418235417e+00 1.435155518996832358e+00
1.646193339773651232e+00 1.322831696274415103e+00 1.784790609363529512e+00 1.577717754843870557e+00
1.784371885060660468e-01 2.928724241894672620e+00 2.842628406565789856e+00 9.149282388168664681e-01
2.623029755615503333e+00 1.715467572330890755e+00 1.946205487093083608e+00 1.392470178365882827e+00
2.985080421410404750e+00 2.822796293852981364e+00 7.180297699626038144e-01 1.467551618189854024e+00
2.399855386653896083e+00 5.739753794187779645e-01 2.267581340658551436e+00 1.591675946635489503e+00
9.955997077998796074e-01 2.318685719666459644e+00 2.891354631708924927e+00 1.148447772930393684e+00
2.449700358774329789e+00 1.991787055084607294e+00 2.511104500938335260e+00 7.378883855863996866e-01
3.568506012474823019e-01 2.809963496906904723e+00 2.055443964697205583e+00 8.601806706236776456e-01
2.087267974880657295e+00 2.539622894758278182e+00 2.225005973355401512e+00 1.057902074485140176e+00
4.251797807749204128e-01 1.280685607162821205e+00 1.867668263955573282e+00 2.482211851311466599e+00
1.190817708565937050e+00 7.372846849493764898e-01 2.395652238977419746e+00 1.277602813094281364e+00
2.161613603312039444e+00 1.630587800068412863e+00 1.846216437007418332e+00 1.500517181758606489e+00
2.657537274781058390e+00 3.081514453309860957e-01 2.970349699419656986e+00 1.644573079866834764e+00
3.062764980302190132e+00 2.187198926281237465e+00 2.857323631291341481e+00 4.139034121902845920e-01
1.255037385664084848e+00 2.964403651226040215e-01 1.257141151789260558e+00 1.232612929397456591e+00
7.634864458197621051e-01 7.437726236117503387e-01 1.578604442768597460e+00 1.024285853820224412e+00
2.098339325831106272e+00 5.053584245806960196e-01 1.062366443647386083e+00 2.243022675224790596e+00
1.079593842867759834e+00 2.207643156156918973e+00 1.123371759926306446e+00 1.740770146102141425e+00
1.802786169945002515e+00 8.058492049956523795e-01 1.138426579881018474e+00 2.067777377286763585e+00
3.135783227661562922e+00 1.626207493111335944e+00 2.349352084838351118e+00 1.488457894768378642e+00
1.572874413227089707e-01 2.882674932040935278e+00 1.120668339487719267e+00 1.679546798553386511e+00
2.162761936281152320e+00 1.089060994722090836e+00 2.046365837512702957e+00 1.827488175858430042e+00
1.527187640052230622e+00 1.516710976785906162e+00 2.850260397397901269e+00 1.155833195797183910e+00
2.106763571310195537e+00 2.088854755724896428e+00 1.364070871282696773e+00 2.130046642236560483e+00
7.300368302951715238e-02 1.319081169053663238e+00 9.558726525734355661e-01 7.211824641051644003e-01
1.356755675427942787e-01 5.745948904205517849e-01 7.990469920974077045e-01 1.814227780714473548e+00
3.688210011504883812e-01 1.795380179188241110e+00 2.157503335415180690e+00 1.010255739220057514e+00
7.285645457085970778e-01 4.745883580471777496e-01 1.606261095536541061e+00 2.761835657385327103e+00
1.937759215513639388e+00 1.922883465019925131e+00 1.114171439283130338e+00 1.710292552385502263e-01
4.169781259036937637e-01 2.467383743454457434e+00 2.439320688699815332e+00 3.092843093348577099e+00
8.039130915324923521e-01 1.032332918384338161e+00 3.079949533669583683e+00 2.792543694215794847e+00
3.014563716613551936e+00 2.680200143105679444e+00 1.884862263204503341e+00 1.620015490510252176e+00
1.152599022957478736e+00 3.845821730088233026e-01 2.208585135076116757e+00 7.250070396291311559e-01
2.628312706817293343e+00 2.416216201898049309e+00 6.767193247870644246e-01 7.023677147464344461e-01
2.628193024361119345e+00 3.104001062894067076e+00 1.085818316392561482e-02 6.779358650678448672e-01
9.853836812112219956e-01 2.172352447296375111e+00 1.595095649838777829e+00 9.122453872254231433e-01
2.183931052890472735e+00 2.653029546822751050e-01 1.899083434214635657e+00 8.359154828566051076e-01
1.195448667776119356e+00 1.181596197616708199e+00 1.427778902813288342e+00 3.097436860900922184e+00
1.404772099307750377e+00 2.036712147756262747e-01 1.368821981940122390e+00 1.195859131067550818e+00
1.210464708271641543e+00 1.701624257477036384e+00 2.383662506394125913e+00 2.742879549285232033e-01
2.931337334208724776e+00 1.868819933545289302e+00 1.613187875022568996e+00 1.543646906952245823e+00
8.067601837304000378e-01 6.027560586299004486e-01 1.318125388745175597e+00 3.072594239049505127e+00
2.394817311055901232e+00 7.046597849089213383e-01 1.810184844381990565e+00 2.940973128091638689e+00
2.684944061378097935e+00 1.665558241187173660e+00 1.998802620270111019e+00 3.136534755514305495e+00
1.187117402856186832e+00 2.102315461566499177e+00 1.545650165832657796e+00 2.621391641312326382e+00
1.436838126337219301e-01 5.331014842391916808e-01 1.471979346826153945e+00 1.992164288463643240e+00
3.011470307342661634e+00 2.294516739341610378e+00 1.887604618682824920e-01 2.889073821586233048e+00
5.936292619523302339e-01 1.282129222611674280e-01 9.920076256238101742e-01 4.953660996402983185e-01
2.512193808208900592e+00 2.358547734557478126e+00 2.211270646727533651e-01 1.972891388849655092e+00
2.243818371937311706e+00 2.933586870246466027e+00 8.296922694153959776e-01 1.127512959670604165e+00
2.166716515858074565e+00 1.131609939659961928e+00 1.303160686969595083e+00 7.858277985475556893e-01
9.600404940567126566e-01 3.051423272492877370e+00 2.522275264648890403e+00 2.711938076727505864e-01
1.544662211121935691e+00 1.070856420388450081e+00 2.379935228035335637e+00 1.635808513761721317e+00
2.468958625574239285e+00 2.283058916089293344e+00 3.103506237030217108e+00 1.402974999970637793e+00
2.619614228082234320e+00 2.508119455929503916e-01 1.812671049708437732e+00 1.130657211614296997e+00
2.983769297369744056e+00 1.439084169751392972e+00 9.095910867344314532e-01 1.700072266371119856e+00
2.814306492777559843e+00 3.781851917039023014e-01 5.556451577395074004e-01 1.082464685640215585e+00
7.906991420617919264e-01 1.115735467783107948e+00 2.379637485207115599e+00 2.764087578724414129e+00
3.051107765845206377e+00 1.713825723874815576e+00 2.138806375528161663e+00 6.752779300603916068e-01
1.322827727814507970e+00 1.570845875643271938e-01 2.995700867385243438e+00 2.693889234815006528e+00
2.809114011297364488e+00 2.627394416285210532e+00 4.866462712342879970e-01 2.390097187748362106e+00
1.243539890150338945e+00 6.493128550197438953e-01 2.838066390008859408e+00 2.978215300918493069e-01
1.899911989212800523e-01 1.947175520588443343e+00 4.274738252587838572e-01 2.281102973822956237e+00
1.290310252856749162e+00 7.190327166541078396e-01 2.362971933895798404e+00 6.076524063272329412e-01
4.935087822296254090e-01 1.673703018594056902e+00 1.580290803437331304e+00 4.266272373078812685e-01
1.506752834707273170e+00 1.471470463328977907e+00 9.797781022860971856e-01 1.810212305755977580e+00
2.075757043406581737e+00 7.283697007322657013e-01 2.192484607040124267e+00 2.764006164975411295e+00
2.406368532894485490e+00 1.561403285214538750e+00 1.531611652711635019e+00 1.388073172402459976e+00
2.880420288267402373e+00 1.527268858194767320e+00 1.109044969300467143e+00 1.320604527149487062e+00
2.190107999777782588e+00 3.560042606812592325e-01 1.526774739233008216e+00 2.754422723434125864e+00
1.051474030099420531e+00 2.340156053667927782e+00 3.071876687422497199e+00 7.948419787380697210e-01
2.346423776642204473e+00 2.245838556976939238e+00 1.680918527109711347e+00 1.276464569656561521e+00
1.048918135385759287e+00 2.021714305580666782e+00 2.564593639276253612e+00 1.186778907643063929e+00
6.912522602080789502e-01 1.197435742986039664e-01 2.087002104070724062e+00 1.825991125893515754e+00
2.784963419135885188e-01 3.109764965576103268e+00 2.022783946682127798e+00 1.778782515656483820e+00
2.690765172724539633e-01 1.982683704562950844e+00 5.174058458983531450e-01 1.009568393709404655e+00
1.636082738878843923e+00 2.380674032171621768e+00 1.235864280417211747e+00 1.975914781537667642e+00
4.701741216021501080e-01 1.977695289932217770e+00 1.169298662048692261e-01 2.042311296792404640e+00
3.143140196141978593e-01 1.054670184290022350e+00 4.309306392758505688e-01 1.075222815705484170e+00
1.660118804279352878e+00 1.773647483767214927e+00 1.982513812123233299e+00 2.652818328044749929e+00
8.806786727909260426e-01 9.166613772547861361e-01 5.521735022171255780e-01 1.030633458555375581e+00
9.393054532414707447e-01 2.895586152834787708e+00 4.500591901318314880e-01 1.670759925334749818e+00
1.349072312427131548e+00 2.171648924641767398e+00 2.735450560659181019e+00 1.484396846718992302e+00
9.450110337917698722e-01 7.670414626265785740e-01 4.423053118836747788e-01 8.320618306936968800e-01
2.364867002897828918e+00 1.846764490334759312e+00 7.841995044274797655e-01 1.291681769408706382e+00
1.978832956107199337e-01 4.382897348850630093e-01 2.406500970348819823e+00 1.231057952353774576e+00
1.936139388050429400e+00 5.216835064787066489e-01 2.971862195520301064e+00 2.320234305131213315e+00
1.734553230705411453e+00 2.777408201581246239e+00 2.406211515653226218e+00 2.526450934942277904e+00
2.376056497781227961e+00 2.346725106795690685e+00 1.529807121973741468e+00 1.297587230295056626e+00
2.187089051353575009e+00 6.281604331052780266e-01 2.447720614292430596e+00 2.209673704281164053e+00
1.277755780186772272e-01 8.642256463723017035e-01 5.834277318635863185e-01 2.363523152347060119e+00
7.972293818485050310e-02 4.100652594293767161e-01 9.208229969233692191e-01 1.791370822943007424e+00
2.236753966191561638e+00 7.252864573779795876e-01 8.446827513101951013e-01 2.735549952095007731e-01
2.984781837334407939e+00 2.766520262011503473e+00 2.560342722455478448e+00 2.019105476416691136e+00
2.099527545905484960e+00 3.273884373841075279e-02 7.152510375893865735e-01 1.462848190277518778e+00
1.539966664462024681e+00 5.578816032689838389e-01 1.648244325971160329e+00 1.075367704872198571e+00
9.190142624931230131e-01 2.304531848266275329e+00 6.194345779791978757e-01 1.103806419697188623e+00
2.114846659644750826e+00 2.870964787433977872e+00 1.171458630563722680e+00 8.264289504593268221e-02
7.888688910517147601e-01 2.937203792231802613e+00 1.185739157933833665e+00 2.306662329752055207e+00
1.476910200433985798e+00 2.163994935327077762e+00 2.659733015963319680e+00 3.138214364347122309e+00
9.316149386257297493e-01 2.051360841047035866e+00 1.916108302580395772e+00 6.552830940311961117e-01
9.324803189102313233e-03 2.347339924921208798e+00 7.077488456787149884e-01 8.280626300356126734e-02
6.380217091261520812e-01 5.542287903134125449e-01 3.111996880685011124e+00 1.467930016250988734e+00
2.648640726730388639e+00 2.920253236194695123e+00 2.587661663416454427e+00 3.071067423300470445e+00
9.267529618240556016e-03 2.792453370398587431e+00 1.440241515579051113e+00 2.963769106637498041e+00
7.048041129006080707e-01 2.324455424079654886e+00 2.559848214933020394e+00 3.882373808404677717e-01
2.546086419699349790e+00 1.193590930969498976e+00 9.468032530889501919e-01 1.701738563194024723e+00
1.804089770546160265e+00 1.551317108077411300e+00 2.212678885862896294e+00 2.794278845280850465e+00
1.458513343866864931e+00 2.773845648271587194e+00 1.385152702123811641e-01 2.782223383944239181e+00
9.053046206889370229e-01 2.280968739633210784e+00 1.295636329970544232e-01 1.451951283991435027e+00
2.384689717010169296e+00 2.155326896810769444e-01 1.251139288072231626e+00 2.327437406638318773e+00
6.224644678476229931e-01 1.069151000805556917e+00 2.184061256892396996e-01 2.593251393741623723e+00
4.626831369721599030e-01 2.616147238438624623e+00 2.631798348580042912e+00 2.767378858631224681e+00
7.706325826323918715e-01 1.732182938376983117e+00 1.769090467767419739e+00 1.434590927118897907e+00
2.176041075222080234e+00 2.742471949434275746e+00 2.091303596192323866e+00 2.456833361041539376e+00
1.796798900338516525e+00 2.523592643068842900e+00 1.409568330827820404e+00 1.074672846205691590e+00
1.769226733328547629e+00 1.863350489782586328e+00 1.674277743402712293e-01 3.076218254944299013e-01
8.975065423334575021e-01 2.881678387586975809e+00 2.496698818314779245e-01 5.101327467283487405e-01
2.514749634588576033e+00 2.560911586246478855e+00 1.202647570188623560e-01 1.461828038191299139e+00
1.317932028553250090e+00 1.305772424972073020e+00 1.099098379237310130e+00 6.127956858104757210e-01
2.498428718094316991e+00 3.586465109613293234e-01 2.257951319134575918e+00 2.439722638398830856e+00
2.591518590521606491e+00 2.006933436130591830e-01 2.893078658975296591e+00 2.959192018232875920e+00
3.002372232576484112e+00 2.716271654798809720e+00 2.746586405710024437e+00 3.040431991198278450e+00
1.562525327839475509e+00 6.632956507194318618e-01 1.375077249604484297e+00 8.323501948779415960e-01
2.888141201948546399e+00 4.205200764579290484e-01 4.245136378064213178e-01 1.789165569485368534e+00
1.419872998248325136e+00 2.235664396831902767e+00 1.418760636845437295e+00 2.846421814135757233e-01
1.579869831773897504e+00 1.614679781528985114e-01 1.218351744198076902e+00 1.124118684466941964e+00
2.416508955295829875e+00 1.828295656350712672e+00 2.093361097979852481e+00 9.402453047861970559e-01
2.461097773042510539e+00 1.457402092466297372e+00 2.861388763538587288e+00 2.434122141439740705e+00
1.706953402822299015e+00 2.727581102832097759e+00 2.370245682638921547e+00 1.199606887214413442e+00
1.548209015690434232e+00 2.252184731772556958e+00 2.961036128786781241e+00 2.986954646883443587e+00
1.818822158017673329e+00 1.477803342878420967e+00 9.592039014390597584e-01 1.803506095482064753e+00
2.197800969701307228e+00 4.925535391620728398e-01 2.965656416256304162e+00 7.882613567910189412e-01
4.910811213249234863e-01 2.366000196339946016e-01 1.906089035883421268e+00 2.473012148126219056e+00
2.155038662834694918e+00 2.684020513635386962e+00 1.845129080420844003e+00 1.623994813366802514e+00
1.195592419545368656e+00 4.494827469721646707e-01 2.060019363261146985e+00 5.283062636475280849e-01
2.264439307220551534e+00 5.446391959795566784e-01 7.619068954165245655e-01 1.159927691844703457e+00
3.847286432925331456e-02 2.273007492957645148e+00 2.683510934957032412e-01 1.081113500021205542e+00
2.764465186964801369e+00 2.351688072842570421e+00 1.341933754154320813e-01 2.085698596611715416e+00
1.292484724927390083e+00 8.051943915499648607e-01 3.019019431170998580e+00 2.204508524414461768e+00
8.975938533301585087e-01 6.588064867166808225e-02 1.640197758675693729e+00 2.424980567871994008e+00
2.036102058371004997e+00 2.988234150776439613e+00 1.049837470590772037e+00 2.287597431555007610e+00
2.770513040605461441e+00 4.450876331147640141e-01 9.930062361833644768e-01 1.705442383218814140e+00
1.676339964886073286e+00 2.060008024970164942e-01 2.814654277784308517e-02 2.186451799098806603e+00
2.188296047214374873e+00 9.894961517991477384e-01 2.896287311242075724e+00 2.237662022491827329e+00
2.948906572154226247e+00 2.005332583193796814e-01 2.416590782759732825e+00 6.125135047818338618e-01
2.838817227346549288e+00 1.799863991247780959e+00 2.544000326037195503e+00 2.714790362565164816e+00
7.144619850198337119e-01 1.286922789562312541e+00 2.863220476569014572e+00 1.737063941119962429e+00
2.147786663986996025e+00 1.526228959153352438e+00 4.863325159882661008e-01 2.925562082560515087e+00
1.474073058091852850e+00 1.639506008850396768e+00 2.257364822185193631e+00 1.978203600692630404e-01
7.016105287379107436e-01 1.229907683417416075e+00 7.522949616411076512e-01 1.078752714174432579e-03
2.508303652302795062e+00 3.029376356787813140e+00 2.541801795200992586e+00 3.027300883025319855e+00
2.375372630279565911e+00 4.953206275185484397e-01 2.512363388052625712e+00 2.780131931548039503e+00
1.756041538165574734e+00 1.508017864124970187e+00 1.382745129931439720e+00 2.489205010009731822e+00
6.863397319707950084e-01 1.154389326773107793e+00 2.006972289317858482e-02 2.435066316621160798e+00
1.163361441988266520e+00 5.496448327062136707e-01 2.432321787568523797e-01 1.644881711598778828e+00
1.352920728917313076e+00 8.269825525868743643e-01 1.565673532207110918e+00 1.091402017850131356e+00
2.815679566511751997e+00 1.874077558986444902e+00 1.115091834790548742e+00 1.177863248596423551e+00
7.689938634810713491e-01 1.423076803514377708e+00 1.754725924374092916e+00 1.781177969938787298e+00
1.770462986425208385e+00 1.805301546042290539e+00 2.513920009901002395e+00 2.794233899710990343e+00
2.573482023521437956e+00 1.107434539319427369e+00 1.746002522202337204e+00 2.638868232488280618e+00
1.361031112626518880e+00 1.562834390830946774e+00 2.614653741180397173e+00 6.762842217160133229e-01
1.162017545561176979e+00 2.540559043865834532e+00 4.849441738286599524e-01 1.239839266371355331e+00
2.505392214238466142e+00 2.024913688560968650e-01 5.918118213066704270e-01 1.023941259899467271e+00
1.659301452439569724e+00 1.406401583634056429e+00 2.240867519680866948e+00 1.070987855565538327e+00
1.847948521900709684e+00 2.231719647264644557e+00 5.904875973544346790e-01 2.908329584584867344e+00
2.950691232511280848e+00 2.086448634459828533e+00 1.026625848815130970e+00 5.395488170340060341e-01
3.097634842642149611e+00 2.759022629577911889e+00 2.420678197418495436e+00 1.563321662661060429e+00
1.810728251131267230e-01 6.099349642407813077e-01 2.129858488220571999e+00 2.707052065278694908e+00
8.077761095503802613e-01 2.144020542274070795e+00 1.338393362576364209e+00 2.141238531097667597e+00
2.377347688023312422e+00 1.382900821306182415e+00 2.330707040145205688e+00 1.349222215241820289e+00
5.726435707832436828e-01 1.429221894507755941e+00 1.863892683463417299e+00 2.333912896602520881e+00
2.889638828519442981e+00 1.447364611986302896e-01 1.231985686150752768e+00 1.452971212560192349e-01
1.119415070057903083e+00 1.936634082305344062e-01 1.245761375527332682e+00 2.301358660181667126e+00
3.464607964611211011e-01 1.878030583995782266e+00 1.585895214829073918e+00 2.273100464706622192e-01
1.772331334134687797e+00 1.240117787687454509e+00 2.662879654372114491e+00 1.035322593762797672e+00
2.130589190201883198e+00 1.008449103967735544e-01 2.341795853825629159e+00 2.649108937560485710e+00
1.165708620504592119e+00 1.976181547671143290e+00 1.000414372781365469e+00 9.005046775861358377e-01
1.397992754230236834e+00 1.554130635937253757e+00 5.706012956757821053e-01 8.050453022126045077e-01
6.282615912012768922e-01 7.714766438476189370e-01 8.420649438027839606e-01 1.393302188726379898e+00
9.695884622140620301e-01 2.606978284613733265e+00 1.028437637458835763e+00 1.081356818716657342e+00
1.345685850435745623e+00 8.682113689734796136e-01 2.382622237782964891e+00 2.619761101362206190e+00
2.993424628576769830e+00 1.759420593253834264e+00 1.887337559259869790e+00 2.856153329305652466e+00
2.552266163184525372e+00 2.057519346973647245e+00 3.129686737675742014e-01 2.116760150490681003e+00
7.412804541758701848e-01 1.323449289944830465e+00 4.561327815004366792e-01 1.847143257834435559e+00
1.476987540295987111e+00 2.974132443338858955e+00 2.461520332515581000e+00 2.968868178441488759e+00
2.555310390000324006e+00 2.480806574375055362e+00 1.623833372637208949e+00 6.465489928913105144e-01
2.984158841882562196e+00 3.328204782955344609e-01 2.230532921914895716e+00 2.625924372256967843e+00
2.924390661936516977e+00 3.174766265684318967e-01 6.200157716905796423e-01 2.199727114519437698e+00
2.021426016739201970e+00 1.089355259276395760e+00 2.442191317607490753e+00 4.474837720701552168e-01
2.467333082217036289e+00 2.820212860220084661e+00 5.211140953182078484e-01 9.356911322554031241e-01
2.439873895921995661e+00 9.952933059822655082e-01 1.231771330479104032e+00 1.064197549534880771e+00
3.401605191001745854e-01 1.892047910184447179e+00 1.661280645805490286e+00 2.563511715258009360e+00
2.942956226332991587e+00 2.187128062381171301e+00 1.077357894928851367e+00 1.446206054595524648e-01
4.471522054538160096e-01 1.774106526279421170e-01 6.853491893139148639e-01 1.472927551427359649e+00
2.183964535300105148e+00 3.592473421134080303e-01 7.082805424736267064e-01 2.752835538159226214e+00
9.237610767253896515e-01 2.134632973746958928e+00 2.873614044745598672e+00 2.190101449490270635e+00
1.470316509795627224e+00 1.614568360395388202e+00 2.499852430554678318e+00 1.732987269739730829e-01
1.851139037110483221e+00 1.038462717796490020e-01 1.306620189983271008e+00 1.593954945423118552e+00
1.847887074488848216e-02 2.879549841529378096e+00 1.791523895392277632e+00 2.217761621754419821e+00
2.162522450665002260e+00 2.374461548701725100e+00 2.128892491856809954e+00 2.967669040158726013e+00
1.539298224965086892e-01 2.402816994357334313e+00 8.505679678797808396e-01 1.296429276002946107e+00
2.025092434936833996e+00 3.415721826979212228e-01 5.724694956032368998e-01 1.255313107783145865e-01
1.886422767332100570e+00 1.142838950110351748e+00 1.296767703003081529e+00 1.006840372411680784e+00
1.046654080749750859e+00 1.265564860440883121e+00 8.012921880237438010e-01 1.862302251802057329e+00
1.412482383558931298e+00 1.670453927850336306e+00 2.995519220621386536e-01 2.853803418690032956e+00
2.624235654143844076e+00 2.315982647950013185e+00 2.539010098666837578e+00 2.196049508349293244e+00
1.255522649351725306e+00 1.552593895170058413e+00 1.809722459518256832e+00 3.081572604251809455e+00
4.372101956789483518e-02 2.421155811401038527e+00 1.822501402378849722e+00 2.549649730230635569e+00
2.605304346179031505e-01 2.210049347637181860e+00 2.568911563015802813e+00 2.700370009355894663e-01
1.069062438479769783e+00 2.982766128417533302e+00 2.055710749742708288e+00 1.535859847290884206e+00
1.901273824845186811e+00 5.458616174029118362e-01 1.662052838596125071e+00 2.988390257480290302e+00
3.320617113851117019e-01 1.093440687424731994e+00 5.120861488873850176e-01 1.799980704344433136e+00
7.346765879956722589e-01 2.949921566976731135e+00 1.151317882794742120e+00 1.614273875066497332e+00
2.500198301586558536e+00 2.248220242135388069e+00 2.549551016942592341e+00 2.362861148754687723e-01
2.381527166208924573e+00 1.322887466950403379e+00 3.756053675703852623e-01 2.410710307553428411e+00
3.120390631582476537e+00 1.688709780459668741e-01 2.704638779582195340e+00 2.300820650144448809e+00
1.980156432977049796e+00 1.153292238714227702e+00 1.341673828890557418e+00 2.817580036200587834e+00
3.139695710341936952e+00 1.567838808985584587e+00 2.706714477363348692e+00 2.741334249555816616e+00
1.621434466933448615e+00 3.127197482522158012e+00 2.602832292676632520e+00 2.306977626921117075e+00
2.087428229029304028e+00 9.211193198932727810e-01 3.949056936074625823e-01 8.652461565121292164e-01
1.466879632557098745e+00 5.205068334336048208e-01 2.611213185330630626e+00 1.159365927880320335e+00
2.680728740663777199e+00 1.633689699576742260e+00 7.990763189803153921e-01 2.627664524747128194e+00
1.340261108789483790e+00 1.023130233469260464e+00 5.143591319880156387e-01 2.005283225673660574e+00
1.069870214012857090e+00 1.909617945814749529e+00 4.111903254124712470e-01 2.940025313720562750e+00
1.554167957781290577e+00 2.891461538178514701e+00 1.860163775758456151e+00 2.100743334321481637e+00
7.322273148580857871e-01 1.987137753731244461e+00 5.440080897864119081e-01 2.781359040922601000e+00
1.432855312582274054e+00 2.432810803826198853e+00 6.255573705961736675e-01 2.271030240815417933e+00
3.048904952804371016e-01 2.238301663533106556e+00 2.682452423499306349e+00 2.208369623222793177e+00
6.470280908451944146e-01 9.146087564517513258e-01 2.521171978021784721e+00 1.164024928404649717e-01
2.025372124808197061e+00 1.702915908161824143e+00 1.862238638805530755e+00 3.025540922646036357e+00
2.330927231134409805e+00 1.151757057424021680e+00 3.185171659729524873e-01 2.070323912842168657e+00
2.552620236675176457e+00 3.054798894891778360e+00 2.677778469269476158e+00 1.076159451895468910e+00
2.764200275994559419e+00 3.072211757872782112e+00 2.395199699667739601e+00 2.314089748784708273e-02
2.049802682149266531e+00 1.535531508448214622e+00 1.664188818494376054e+00 6.957307796583208637e-01
1.072008184078906856e+00 1.008788413070467405e+00 2.669512978844864826e+00 2.524905658851929746e-01
1.834922803974442740e+00 2.128773835216859922e+00 4.964767569714268469e-01 2.837853629468341410e+00
1.486808364357139922e+00 1.502081973739630927e+00 1.408836459490965254e+00 2.343684319989649989e+00
1.966823793679244092e+00 2.705552756573164519e+00 1.569249290871552960e+00 1.444017743876404580e+00
3.984974744045477468e-01 8.301884702952128103e-01 2.912863159302370608e+00 4.624223274266233558e-02
2.783085403014447845e+00 2.999365732170408805e+00 1.542312641833419651e+00 1.660820649661128412e+00
1.928645781971548123e+00 1.875828255523030563e+00 6.838691486873442749e-01 2.005518153406706805e+00
1.699555469207153502e+00 6.238679045934666378e-01 8.053170906766979886e-01 2.170150362283401524e+00
2.725653635479354797e+00 2.616882856944446445e+00 4.655578365718364142e-01 1.470413799160044666e-01
2.615091289055980095e+00 2.962079722395341008e+00 4.547217468495082793e-01 2.775212566144012794e+00
7.360446109455824615e-02 6.673520266995859318e-01 5.095958345116178428e-02 2.139035156058100906e+00
9.164831709281124894e-01 1.311506317955014322e-01 2.180931175612074391e+00 1.079206088003754893e-01
7.077708067946156811e-01 2.402835823796615866e+00 2.494006492139122066e+00 2.141236316913384563e+00
1.040509936900670507e+00 3.100890572401461043e+00 8.842088160330185964e-01 3.006567352053364672e+00
1.720450463628730997e+00 1.435375868686541878e+00 2.790757896554809658e-01 4.718681536996263137e-01
9.269673612851496713e-01 5.991954919541471192e-01 7.745238471915435463e-01 7.521345975876400081e-01
3.749555069908084848e-01 2.065626817460866904e-01 1.415317470718877368e+00 4.748048674202143826e-01
2.461539298871943782e+00 1.557692059517979288e+00 3.134456119761992010e+00 5.381399447393542257e-01
2.281154391995051434e+00 2.942398195105114578e+00 6.791534295097350071e-01 2.708713986711251298e+00
3.905969862385756386e-01 2.902381286209991362e+00 1.381844614603529031e+00 2.490676246156860785e+00
7.942858224820394941e-01 1.501157362851859300e+00 2.245613805273106500e+00 2.859185800310648506e+00
2.099753173704783649e+00 7.536700812901482305e-01 1.574330375945003913e-01 2.361918403425404822e+00
9.810259012500167630e-01 2.838705860892016375e+00 1.412326088219400422e+00 2.416383107883179893e+00
1.436610736915894249e+00 2.114241842393707937e+00 7.463748698329000231e-01 1.269320281081430579e+00
1.832926520122104774e+00 1.307181189447708114e+00 2.730972674791934729e+00 2.444097845773085975e+00
2.356660800064801720e+00 1.034019011404417876e+00 2.925881025706839278e+00 2.896548718341634743e+00
8.096956105793503555e-01 2.603783728334481129e+00 1.580286069194031029e+00 1.401756824825962200e+00
7.185195383596769680e-01 2.018269038749600508e+00 1.891831413311053867e+00 1.381618476477035840e+00
2.832867881399016685e+00 2.403828369992490277e+00 2.539658745949444185e+00 1.645260919972422409e+00
1.469968344224034995e+00 1.457076978456388172e+00 1.713762520801916045e+00 2.695930622124632414e+00
7.504114838792667053e-01 3.590719458774368350e-02 2.377702403601723802e+00 2.228271602848569177e+00
9.696140550062408714e-01 1.422284821466391236e+00 9.825797385325553412e-02 3.135040872725936900e+00
9.942711884069151962e-01 1.869656002074284062e+00 2.803569324468954682e-01 3.445227377356604448e-01
1.190914773178042507e+00 1.189483983150785074e+00 1.021515377534895963e+00 2.797352921102736478e-01
1.536444870681113128e+00 5.952298032529115268e-01 1.190126719618477713e+00 1.937568451686911830e+00
2.165183379380398065e+00 2.747941830123505902e+00 4.823897926319481444e-01 4.019977412496031355e-02
2.998347502940410525e+00 1.912274272952291243e+00 1.665911354163964297e+00 1.362802385786828108e+00
1.390918108657678953e+00 2.461492068329425853e-01 2.575442495012463251e+00 1.543530805290847185e+00
1.340228643770119188e+00 2.914688794774692226e+00 3.064937641592371254e+00 8.723205856944771242e-01
1.367986523766481666e+00 8.606187864426757539e-01 8.008485128349180915e-01 1.894154433625624412e-01
2.257047051522419245e+00 3.067294196007979146e+00 1.300585932023776481e+00 1.539995177467037069e+00
5.888167985554897399e-01 2.724334363867868536e+00 8.923659713645617497e-01 1.046508007523207828e+00
2.753059893628860166e+00 2.738551934920080644e+00 1.820745582052876621e+00 8.599419722379905151e-01
2.468680824019569009e+00 1.560918823961716217e+00 1.092109017829206163e-01 1.715255919659445683e+00
9.318484181399687705e-01 1.750219253538697561e+00 9.984375883820444386e-01 1.930316341456296048e+00
6.898774609145278403e-01 7.465350935186146897e-01 2.594080349656300299e+00 3.133000880290123913e+00
1.718771565963809644e+00 1.568397713907506930e+00 2.841656844045651553e+00 2.533244903247923840e+00
2.384417968373488517e+00 6.522835451516140193e-01 1.993898019378330444e+00 9.250530638186644783e-01
2.385725627272336169e+00 2.165314410190719130e+00 3.136479507135656153e+00 2.348297195623183953e+00
1.094618774060635458e+00 4.711553686594385781e-01 7.778687897123601758e-01 4.725606097007341577e-01
2.778829088524020219e-01 2.197944288188474760e-01 9.570726450858958456e-01 3.399804852328284777e-01
8.089178386389224151e-01 2.781059347969815576e+00 5.249327502555310998e-01 1.034462286582569002e+00
1.363059306441822383e+00 1.063982507596900717e+00 2.107426769943679945e-01 3.564292141876450604e-01
1.079467933784431288e+00 1.624007273678746976e+00 5.209940966866114520e-01 1.008878778594242798e+00
5.186044838550861735e-01 3.449202277513611636e-01 8.774078023333277132e-01 8.207545418069357446e-01
2.090648904599365032e+00 2.785963793765971364e+00 1.926462553156290003e+00 2.782239571277260737e+00
1.292613793977398062e+00 3.003945792014368066e-01 2.101850712797890264e+00 2.536868493503918742e+00
1.842769304734058089e+00 3.104375817273828719e+00 7.880717082454432587e-01 4.532289379876567881e-01
1.362704085387731245e+00 1.550445581358734781e+00 1.263489133389808172e+00 1.190995239450685528e+00
1.288087361344319115e+00 1.138387755651651574e-02 3.009039717995629193e+00 1.418446763268291999e+00
1.933935963776008959e+00 1.086523110377852541e+00 8.033504468976226942e-01 1.639587501729262931e+00
2.772053598860313439e+00 1.929538266563359583e+00 2.390693900217995882e+00 2.669541007361212692e+00
9.920426944491098631e-01 7.105614151900117026e-01 2.266751511020636656e+00 3.001075348668664766e+00
1.464659888802057441e+00 2.323985951819765639e+00 3.131959339822781185e+00 2.498599917577327023e+00
7.953986664166123877e-01 3.077928763752316499e+00 1.417773551003000287e+00 3.033723398430380858e+00
1.712103660881002076e+00 1.422949295712190754e+00 8.233354451160929122e-01 3.069064467924170980e+00
4.961727191550646676e-01 2.156551685309731514e+00 2.302924885450846837e+00 1.197263021024147500e+00
1.245657896411002996e+00 2.606402840438525992e+00 2.912157998918859292e+00 3.022585007538192148e+00
2.792064442436495764e+00 2.584450763733971423e-01 1.811446346359693260e+00 2.182919272315280601e+00
4.687173139463348542e-02 1.681941108943654895e+00 2.759515703629211281e+00 9.714211972888037172e-01
1.591823301959727655e+00 2.954861464799656279e+00 2.871944784106946535e+00 7.532489322938538123e-01
2.579241472164214288e-01 2.167758792088315900e+00 1.141396277845758922e+00 6.144067576048480861e-01
2.370422800291795085e+00 1.437438438071888980e+00 1.549055730024699873e+00 1.934418917182600284e+00
2.057164009172141594e-01 1.276030782307978395e+00 2.227741122772066262e+00 1.991399515087292516e+00
2.670485055812782171e+00 1.649285319944914785e-01 1.784104093648348544e+00 2.467450459927145623e+00
2.643909739391640201e+00 1.523725324449840990e+00 9.030319832705772098e-01 2.427292732813110643e+00
9.401616398469838654e-01 6.850640106572081223e-02 9.536219093375697398e-01 2.816600798536920802e+00
1.114572937761812321e+00 1.256801494497961302e+00 1.431332767144978479e+00 2.757652893110096315e+00
8.976122959975545434e-01 1.423863314728546214e+00 1.304523366841951582e+00 2.191576838936429628e+00
2.668563383114030962e+00 6.256039131678590159e-01 3.009868988579120774e+00 2.485548792499147730e+00
1.195821774296725426e+00 2.370098260771458243e+00 1.003599755176175570e-02 2.058076680862877428e+00
2.709661386031940289e+00 2.582940449953200268e+00 7.555314277595550632e-01 1.602674222407456162e+00
1.845064564907182625e+00 2.774752916363412147e+00 4.878148927992805861e-01 7.945774157304912322e-01
2.982411613043348453e+00 9.757722289208523581e-01 2.565434818287829266e+00 2.881244955191816448e+00
8.900196202747132634e-01 1.571006854211765669e+00 1.033895348978737472e+00 1.749123541084339317e+00
2.512688538553436768e+00 1.252606032071744036e+00 1.743014418616055883e+00 1.959930904150213093e+00
2.102812815865707119e+00 1.718896455679788771e+00 1.470128421153972242e+00 2.870867870469596017e+00
1.330116504344146522e+00 2.315826953383388620e+00 2.221476190104433091e+00 2.220260869604109288e+00
2.788147214254013573e+00 3.115417298612075947e-01 3.108160406530659614e+00 1.952578241220566557e+00
2.132437861917465316e+00 2.689061851008851534e+00 1.361806367043666421e-01 2.365540010845045504e+00
6.485227379385399837e-01 2.537966501086351689e-01 5.665927016451860476e-01 3.014370478062288194e-01
1.607136453711780710e+00 3.114880687913141877e+00 3.134803430999797857e+00 1.690958751023124096e+00
4.966949517650338097e-01 1.136286207048115893e+00 2.502324748955156775e+00 1.222843802512377120e+00
1.766546300521450563e+00 5.588649762258028897e-01 7.227132403121491189e-01 7.059013583759238264e-01
1.283363607381196037e+00 4.025205953367323730e-02 3.074039950409247712e+00 1.857807319296916448e+00
1.285867526121392102e+00 4.030483381226241391e-01 1.749265813181779539e+00 2.054433940999663921e+00
1.533195082577469393e+00 1.813911340666263250e+00 7.426712323149162742e-01 3.029581006557397593e+00
2.827267232855087187e+00 2.545003250864974476e+00 1.606826670058028927e+00 6.049086026646900427e-01
2.698684870870534436e+00 2.770561214951337003e+00 2.597772957922884540e+00 8.100377908593516807e-01
8.166839200783750918e-01 2.684428315466842907e+00 4.397713939208559575e-01 1.902028340048520283e+00
2.261791826115325144e+00 1.021136158301835462e+00 1.439434440991677722e+00 2.958687893550589809e+00
1.419360040347568352e+00 8.856371031353837964e-01 2.030700830750840069e+00 3.041050433604499670e-01
1.037265113979689346e+00 8.973337844003299590e-01 1.217607052708510995e+00 3.926636504246379666e-01
2.364928511889424989e+00 8.821652085582613045e-01 3.254388176090490525e-02 2.983860434699932007e+00
3.090002979500928504e+00 1.042913195187377795e+00 6.941263484727007160e-01 2.055137158463881786e+00
2.065914330097301299e+00 7.106510758768102010e-01 1.270893978432824367e+00 1.378713487828584272e+00
2.669196130632303987e+00 1.707817466128584316e+00 1.410859231969486149e+00 1.501092871847047316e+00
4.932824185325769828e-01 1.190947226597842690e+00 1.658198651388398837e+00 2.315442869059292530e+00
9.649495269872455649e-01 1.678124871569475207e+00 1.298553089682764394e+00 5.017533100102581356e-01
5.340074642954251161e-01 4.928947179888951147e-01 6.918164991696381660e-01 2.415190638807340751e+00
2.750206944765750006e+00 2.000455980631132391e+00 1.283647150300156969e+00 3.025949324034287180e+00
1.487190365979954354e+00 3.063069891395320821e-01 3.139862883191109066e+00 2.212523698419814444e+00
3.076505101541973541e+00 2.670858220531026728e+00 3.064024785343039792e+00 7.132719866213208526e-01
2.469396849572495611e+00 1.072178961337890257e+00 4.518980187724893488e-02 2.021777873932287140e+00
1.357718128688172543e+00 1.191624496809239098e+00 2.851224905762679285e+00 1.255500808805306123e+00
1.937400032005446304e+00 6.864303122625229348e-01 2.339524023527327135e+00 2.678807515958131491e-01
8.731290681650232255e-01 2.686927357285143980e+00 1.717768945099704681e+00 1.484353326707319010e+00
1.691864918343273239e+00 1.330961632553185447e+00 2.153146748310726666e-01 2.769658817699693909e-01
4.743003322213925621e-01 2.290020846940535648e+00 1.864874595846516048e+00 1.998520736994223057e+00
2.473278516425513551e+00 3.105037701357512336e+00 2.822750309344617126e+00 2.015367177511953489e+00
1.222991556192609242e+00 2.305236963839957021e+00 1.610256400238171182e+00 1.804359424474772711e+00
6.146998750332383077e-01 2.954337952322114713e+00 1.148115635522561732e-02 2.542111302980973875e+00
9.695197832191146947e-01 2.861126074263976804e+00 1.216372064047013923e+00 2.782821445704674712e+00
2.744283524736305768e+00 3.089021652154442688e+00 2.297236807035297090e+00 1.886791552915883852e+00
2.985131528080428254e+00 3.032951820050611591e+00 2.854505162235245752e+00 2.607858986621529152e+00
2.408610508820913793e-02 4.402255135267540420e-01 1.884644314799492015e+00 1.029949176018474688e+00
2.963477963770845491e+00 2.219260583183614965e+00 2.708848740157216994e+00 2.261811137748207745e+00
1.829291313178591505e+00 8.840353474572566483e-01 1.074389952177793539e+00 1.064149182616052736e+00
3.010922564873235618e+00 6.743445481017221188e-02 1.713080030154191302e+00 2.317713842271869940e+00
6.929809750670324897e-01 1.767670988970449608e+00 2.109575016066516540e+00 2.369025243153809246e+00
1.399709456371501126e+00 2.215608181184383962e+00 3.009708252581888122e+00 2.232637715257483890e+00
5.476666090169970413e-01 1.727808447765405653e+00 1.050673708306519183e+00 2.474605088903490291e+00
1.346167408146528910e+00 2.851653359890496731e+00 1.707883413628555003e+00 2.161682082701071650e+00
9.903560132242318348e-01 2.482026152422567022e-01 1.790772217235795827e+00 1.569861468442988572e+00
5.645737894874797158e-01 2.816932854574070610e+00 1.648519196031531742e+00 1.446520757475237895e+00
2.307145777096707207e+00 2.879320205632176499e-01 8.520813600366831941e-02 2.581739333667114611e+00
2.554458212998456546e+00 1.518117140270130339e+00 2.279575543561807027e+00 3.465265038355042071e-01
1.591318426197017855e-01 8.752538587168167128e-01 7.653621181834582288e-01 2.126021955689221699e+00
1.167698341566167031e+00 1.006231435918883088e+00 2.062595641382023892e+00 1.455897566472627025e+00
3.134915315066776564e+00 7.146862333722988625e-01 5.902066595696052742e-01 1.201737807235592204e+00
5.271085787354837793e-01 2.401189408808164227e+00 2.340694065655546385e+00 2.718993339174536228e+00
1.332746509715327710e+00 4.822822026240026205e-01 2.227170937444772125e+00 2.784263848054711499e+00
2.682500228726133251e+00 1.598404514791430531e+00 3.921393165770001299e-01 1.604560734732007443e+00
6.048209551007054374e-01 2.022374533504058824e+00 4.836356631485608792e-01 2.497244527645769985e+00
7.156280775901475710e-01 2.930123701149506044e+00 5.310027375802135463e-01 7.150217382926713494e-01
1.695624360064351910e+00 6.811475056382071402e-01 2.336832060989698423e+00 2.320226395518875662e-01
1.321922597616000117e-01 2.524569252115492546e+00 4.766893399495177319e-01 7.189936134493055686e-01
1.560605383943781677e+00 2.390575116262388722e+00 2.521031038143194625e+00 1.731301344036924261e+00
1.326878509399793016e+00 1.327157840675143641e+00 1.789375082962574082e+00 3.121499771539980372e+00
7.504378955174085819e-01 2.675492883981325232e+00 3.009171001461351747e+00 2.465354825985617726e+00
8.783650486268761437e-01 3.062378853930717515e+00 1.747302718918201991e+00 1.138589751353359603e+00
2.356068150510665316e+00 2.541730035948221111e+00 2.926874604990162609e+00 1.641442563007429412e+00
2.324826861030519221e-01 4.691000393045819949e-01 2.946544010868372698e+00 1.777383317907640592e+00
4.259985366634276849e-01 7.914613142686361957e-01 2.828141693999837614e+00 2.847543323489907241e+00
3.020947644329022630e+00 2.980627423457404390e+00 9.229523909027727013e-01 1.979151948009653328e+00
1.960837336817733645e+00 1.837135079393799608e-01 2.816220127451062982e+00 2.318882630946736967e+00
2.594171250047953681e+00 1.668233363254064905e+00 2.553028255380928258e+00 1.243743772468265396e+00
2.050029906229206667e+00 1.828262544445907078e+00 8.162085750573819243e-02 2.955547541290235447e+00
2.523391567286319415e+00 1.884850010661441200e+00 1.941766580792426922e+00 2.266410206120007764e+00
7.524485174781243568e-01 2.567927085685231425e+00 1.572090191617992794e+00 2.837019318027712345e+00
1.712965760819353367e+00 2.997201869438816058e+00 1.743523980156086228e+00 2.468009390241779677e+00
1.079117503352036378e+00 8.139883157393579260e-01 2.709159823110811605e+00 1.282060317863483734e+00
3.118851759366874532e+00 2.621548357234993354e+00 2.971731177236424326e+00 1.062453654854605745e+00
2.748895193552793437e+00 2.751474579537407816e+00 2.208817424565338305e-01 2.248039347054127113e+00
1.875482301401108831e+00 1.757828884073760145e+00 8.404065918737213536e-01 1.209673035374407402e+00
2.569908933018836827e-01 5.405325983198860929e-01 2.603698466583211690e+00 1.143359448171226367e+00
2.080993032610798377e+00 2.509398927250912958e+00 1.762977907702680591e+00 4.563902359634589567e-01
2.357799930292387547e+00 1.190198940723510956e+00 1.062706544385099983e-01 1.009540899423438942e+00
4.833897723411478276e-01 3.709691395219698040e-01 2.710210218120954195e-01 3.662612455991520743e-01
1.021946395523087192e+00 1.284146863270672290e+00 9.133035085133216213e-02 1.072311772823126841e+00
8.890482192870160505e-01 3.037434330933758808e+00 2.722522641552875822e+00 4.325017030624725978e-01
4.035025799820570191e-01 1.854171750206629499e+00 1.222066321757744323e+00 1.859285058931957613e+00
2.997687029723512087e+00 2.629462041435519204e+00 3.072006957840027308e+00 1.499623388345021402e+00
1.488406289176981812e+00 8.446049168928182471e-01 8.228140631195877963e-02 1.506843553925889777e-02
1.293419782782839089e+00 8.752087726340672669e-01 1.180974289159961499e+00 8.333507336725873849e-01
1.151218144636091401e+00 1.680555315447478160e+00 1.221923793725355534e+00 2.732040026873459926e+00
5.275941891329553046e-01 1.013497284003795462e+00 2.594542997019844144e+00 2.086847636075627843e+00
2.380027288229501714e+00 1.387764721349380004e+00 1.713206949553987668e+00 2.311929010673840157e+00
3.127538921031900454e+00 7.838654034663170567e-01 1.735850171344816284e-01 7.192376898841073007e-01
1.186178979520384980e+00 2.606865296786625930e+00 5.279186115750557073e-01 8.659144004571400766e-01
2.605978818276998954e+00 2.292885404688698170e+00 1.361573801804374373e+00 2.645093967869131646e+00
1.706982224807865434e+00 7.244757690588599086e-01 2.582991766781970178e+00 1.281081380256659630e+00
2.896605954681799044e+00 3.093905276659034254e+00 1.202060273091475118e+00 1.808578389443175283e+00
3.417023525684067531e-01 3.920286886621923705e-01 1.061974081059779529e+00 1.728320355839512157e+00
5.965913183555903582e-02 1.085519125081257252e+00 2.712402988182694319e+00 1.820003809705070807e+00
3.677890618414681456e-01 1.757240933326388754e+00 3.237715638061683388e-02 2.882733323481910137e+00
2.224710419270403694e+00 2.941127095142265002e+00 2.703231211544773416e+00 5.473464589992653728e-01
6.870597708636451140e-01 1.219886353727575479e+00 1.059726926846908057e+00 2.024115663831016487e+00
1.556204246768768895e+00 1.608746520534048097e+00 1.567811233887473898e-01 2.623010414626238962e+00
9.346813335449827287e-01 5.863868871780318903e-01 2.030153302829621698e+00 2.626641677846298872e+00
1.108738115613623620e-02 1.159740282476549922e+00 1.887120863354318168e+00 2.728595247717546801e+00
8.130302828878561705e-01 9.560257463863245514e-03 2.574802304600475988e+00 1.314467090962015972e+00
9.389843726017704784e-01 2.762228762098076107e+00 2.261125515726312596e+00 1.503751420223021107e+00
3.680196275020204411e-01 1.516227035993823691e+00 5.683176787313397593e-01 2.617983827901628757e-01
1.612716375511830336e+00 2.660678761916362767e+00 1.217995961491403767e+00 6.555277457709129951e-01
1.003041184075780468e+00 1.288058501161782887e-01 2.092251254534054361e+00 3.138766127578231035e+00
6.923756329412441568e-01 7.600984115653216522e-01 1.809730570262887639e+00 2.809512433895140049e+00
4.439876303626227871e-01 2.959154712643082830e-01 2.577097580290438561e+00 1.811105810507311897e+00
6.647545233086192829e-01 3.743174512729920411e-01 1.016225884887040021e+00 1.997470696251842093e-01
2.427047172773529660e+00 8.848932327393729258e-01 1.445289310744168443e+00 2.985304294839774997e+00
3.136231325684728066e+00 1.986635393136030547e+00 2.819481900689115417e+00 1.310249343834811953e+00
3.138193035822458121e+00 2.596368057901175863e+00 2.082462577525836078e+00 2.587355278796575675e+00
3.002997170842802710e+00 1.866219888457957721e+00 5.070497750563366379e-01 1.553970765810988919e+00
8.125935761297211624e-01 7.311001793215770039e-01 4.618398153094750991e-01 1.092752201292753300e+00
4.971781291427151972e-01 1.547074959483267786e+00 1.076721746844529148e+00 1.661360610414197359e+00
2.359367549209828024e-02 2.724998059562446784e+00 3.347673465448179619e-02 1.357962027221957246e+00
7.336100397321361211e-01 5.003637735837659362e-01 1.432244262345616914e-01 1.781912274762008863e+00
9.534720352444663316e-01 2.381329511269796306e+00 1.614146790182799662e-01 2.235997234241260401e-01
2.054683333536293510e+00 1.780413911714561426e+00 3.028245566930850341e+00 7.507241258742866075e-01
1.643418817627056994e-01 2.611302298988030124e+00 1.205388617464511647e+00 7.509147861068202756e-01
1.035411465961469268e+00 6.370995383664999900e-02 2.364668352615972413e+00 2.826489862421105670e+00
6.998117374633452403e-01 2.592611378118991450e+00 3.092824982773411779e+00 2.852719018957313946e+00
2.197216179301367145e+00 2.218251285756685398e+00 1.642011283178923531e+00 4.379480119487016987e-01
2.945336617882506225e+00 2.571670021974337139e+00 1.609683537793788810e+00 3.094650367134632596e+00
1.623571216022062558e+00 2.890658315633723774e+00 2.617557499398990739e+00 2.520870195252576274e+00
4.798657788247470690e-02 3.917129936441166582e-01 1.239748922429580347e+00 2.057513654137569148e+00
3.090377561923964844e+00 1.654577861531455918e+00 1.781696777318735769e+00 4.858132490833811379e-01
3.535299608801867888e-01 2.498811209851894422e+00 2.479976001253458406e+00 2.054335768140293228e-02
1.049739184819831195e+00 2.646561976056271526e+00 3.110080268319485697e+00 1.082623040340970899e+00
2.976581750399718729e+00 1.590729764907648391e+00 7.685940255480978589e-01 4.147541405061636599e-01
2.772033226176760401e+00 4.425366438462829954e-01 7.182801082486507394e-01 2.827467410410038351e+00
1.132796539825849269e+00 1.676001443274299785e-01 1.303147749471931016e+00 1.957233389227729381e+00
2.362573554585156721e+00 8.313462158314008921e-01 2.177125765982322950e-02 2.832350080346183185e-01
3.292890534575635963e-01 1.586721814043543288e+00 3.030403743454408438e-01 2.065137685686967206e+00
2.162496856764961617e+00 1.326975451642744108e+00 6.318709351602074253e-01 4.792740569447672683e-01
1.006662991807898644e+00 1.083917162229356856e+00 5.653813499347101201e-01 2.012656978587261225e+00
1.344688965403688652e+00 5.106045007109374367e-01 2.393805751257926051e+00 1.267090341916436547e+00
8.278026523476239573e-01 8.734463730441390794e-01 1.245711859208442629e+00 3.070766902784684671e+00
1.473629618148354359e+00 7.633197281657292388e-01 3.895561937102025585e-01 3.042354988819208295e+00
1.157329783925834299e+00 1.395804250640891420e+00 1.416095881569946480e-01 1.785201981755349054e+00
2.336316064334228226e+00 1.293714870510413562e+00 1.628392651443813177e+00 1.385080767201686713e+00
1.344874212894970000e+00 5.204384857341222137e-01 4.743500237766725691e-01 5.802642013480038274e-01
2.685206896022458434e-01 2.640794776044510961e+00 2.498753922126017102e+00 3.080634982491518015e-01
8.228441591719748427e-01 9.861087059174822311e-01 2.931448528196861081e-01 2.853576705792868484e+00
5.766796046871170978e-01 9.862280465946036134e-01 2.838425563662354989e+00 2.835014600154705189e+00
1.407250694897788368e-01 1.568992673031821550e+00 9.474500540653341130e-01 1.684360769361574528e+00
9.736015556722074082e-01 1.339827219597288677e+00 2.105090382907544466e+00 7.930057992607058015e-01
1.394803888393736813e+00 1.220836111526395706e+00 2.076607197084072265e+00 1.019287814080656052e+00
2.586398628402342137e+00 3.802757125838580610e-01 1.036423447703775924e+00 2.572518964377676465e+00
1.391614555528423725e-01 2.969566901855313912e+00 8.708938448319113457e-01 1.128862404552201548e+00
7.662282205825438064e-01 1.726904475583187049e+00 3.174816709960064931e-01 1.013598624282874283e+00
9.314531690326851576e-01 2.069703518608918269e-01 2.248950014024130084e+00 2.608637818803827280e+00
2.531974296808562563e+00 1.334887664255967277e+00 1.343508351152899571e+00 1.595192998686422170e+00
1.087349965895060500e+00 2.669945046914829589e+00 2.200561890602369619e+00 2.610060254567019289e+00
1.285279451180728838e+00 2.398317431257635413e+00 1.262306470230913025e+00 1.657282313563894327e+00
3.285576365326450254e-01 1.080638927556521800e+00 6.789137701945092696e-01 2.580382786380721605e+00
1.741816868584266764e+00 2.114460353201311538e+00 1.142209434382695399e+00 2.318803269004212186e+00
1.795381012931297926e+00 1.173374350959544898e+00 1.844020604803185304e+00 2.942715529549321474e+00
2.739329202732953217e+00 1.607505766179226470e+00 1.440362878811197067e+00 1.664105893935366176e-01
1.524216765830637366e+00 1.609257167943400235e+00 4.699159075913399986e-01 4.396675925798304019e-01
6.468388185457241146e-01 6.074871934184219446e-01 7.688031736599770793e-01 3.009414528150202717e+00
1.542549414007396980e-01 2.200106620882937847e+00 2.106655682379459105e+00 1.579673009250699978e-01
2.620778004116913085e+00 8.383625029425088027e-01 7.980963426664966498e-01 2.102843336278236386e+00
2.780851546473329661e-01 4.059938584675745199e-01 5.475729564197449051e-01 1.821373173688063174e+00
1.318444849499047944e+00 1.780953095924506346e+00 1.243093747497742568e-01 1.187408462368015893e+00
2.035350309299546190e+00 1.935696191082902917e-01 6.048114351403485189e-01 1.010272227880474993e+00
4.234460235768951475e-01 2.694123429499533096e-01 2.695549426364526879e-01 2.273864480233152019e+00
1.141154714584311947e+00 2.928928627152918462e+00 1.177246126233475909e+00 4.190253224044055425e-01
2.690948271577698225e+00 3.329864292656107838e-01 1.126258653604489846e+00 1.514252252881254535e+00
4.192348984378266863e-01 2.778804271243507706e+00 1.638579610138559683e+00 5.227747432687390727e-01
2.291088763232797199e+00 1.991046995408558118e+00 1.264686564198174157e+00 6.291544939730381314e-01
7.104414770085564212e-01 4.218600896329030014e-01 2.650034838591084352e+00 5.608125364378142574e-01
2.697317329464434366e+00 1.693491450523675779e+00 2.621657420735976629e+00 2.424064121605138400e+00
4.532166661914042161e-01 1.172230734516241490e+00 6.169860785783931600e-01 2.291070942744302563e+00
7.561173139749785554e-02 2.159697191104608560e+00 2.937543820129985050e+00 1.009150451232007750e+00
2.689861486485523034e+00 1.386430294337327229e+00 1.762745931208613115e+00 2.603907797182572370e+00
1.274621958250630183e+00 7.541102331887417076e-02 7.489786100607082053e-01 2.626280561124195945e+00
1.780825845989714384e+00 1.681037859893369513e+00 6.663558707075333265e-01 2.445195434111893662e-01
8.925198324894219049e-01 2.277559048502835637e+00 1.942137074853719669e+00 1.372717270706600878e+00
1.980629794931586973e+00 2.159891803779914632e+00 3.000010662766668723e+00 2.188758378646107783e+00
9.908494362351762952e-01 1.228525965342412984e+00 7.998696400838741782e-01 9.337024304085234094e-01
1.823606087142508048e-01 2.927310452917856409e+00 2.697099442508557487e+00 9.812466683792439026e-01
2.289311724625161304e+00 4.209675121917748064e-01 6.411830685089502380e-01 1.872231038685759463e+00
2.141418892797601892e+00 1.598751266477580257e+00 1.576881724924827477e+00 2.017321337693128491e+00
3.804310984501228510e-01 2.740780625624997136e+00 2.852030411520140252e+00 1.718990903815584392e+00
1.578312088605517527e+00 7.034216237683136308e-01 3.083956725464708892e+00 2.698345629833263093e+00
3.125518762629564407e+00 4.719737802032749618e-01 1.421107581322021418e-01 2.884324832093228874e+00
3.065552467133479286e+00 1.648515954408231288e+00 2.610910352649218780e+00 1.446329611240785518e+00
2.262428612528880834e+00 1.407461121729879583e+00 2.109615535374810502e+00 1.547309231493775750e+00
2.059068426109175398e+00 1.369063037692273666e+00 2.899878272559581305e+00 2.002660615381288256e+00
2.642966732060838542e+00 2.680624794160161084e+00 2.442920780255262159e+00 1.977014120767006389e-01
1.429717632520285608e+00 1.740084692494518803e+00 3.088852739178905349e+00 1.809877444103569433e+00
1.071634139554203946e+00 2.968256995123557562e+00 2.429481883820248100e+00 6.213456742023635293e-01
7.294155534752820857e-01 1.385752173849087443e-01 4.222661488392526752e-01 2.011801051997303524e+00
1.752923753011941921e+00 2.117746890098724410e+00 8.233960180329654710e-01 2.732355152490670847e+00
1.364910171067976741e+00 1.079249686118880724e+00 4.072383365198800620e-01 1.992677116078875210e+00
2.078232219425345750e+00 1.021005140205506895e-01 1.396089311454112636e+00 2.937477271642958687e+00
1.660616479595764527e+00 1.674059896386881352e+00 1.470706176716181535e+00 2.531243600357308665e+00
2.188062847698791114e+00 2.355612145600372465e+00 1.323528740089575439e+00 1.284983512643548931e+00
2.601336408770493769e+00 2.465061639853557196e+00 2.369907562632796783e+00 2.925659187084574397e-01
1.430145604471500631e+00 2.839474105577532992e+00 1.544684656303220383e+00 1.119956521347348910e-01
1.835687711353867213e+00 1.849190864403527312e+00 4.189041095943706328e-01 2.030020438923992032e-01
2.712278220429917286e-01 2.869076512337246587e+00 2.238193860968385740e-01 6.169572504490008491e-01
7.956118258750377592e-01 1.349417743416753357e+00 3.026628155525586283e+00 1.236970244990897916e+00
4.152388007776673939e-01 7.334675336900738918e-01 1.898071708385093759e+00 1.129055830302677199e+00
3.079265311809007422e+00 1.250734006703083212e+00 1.611945143615511222e+00 8.278439715618265415e-01
7.609458562043892593e-01 1.023723608326451151e+00 2.136239842162742431e+00 1.202233903426596751e+00
1.536007591741730405e+00 8.225875253289466338e-02 2.626483655660776684e+00 2.118886710106028470e+00
3.068022831985605769e+00 1.635835118322496617e+00 2.267459725424230133e+00 2.598130846920205794e+00
1.990135253178299424e+00 2.852263934229037901e+00 1.120518083027656431e+00 9.995833200207319136e-01
8.616800070085263094e-03 1.138123501984407149e+00 8.153141728034024593e-01 3.722037329216638102e-01
1.244708876383872204e-01 3.129191419625205750e+00 2.026999726421024661e+00 1.455725777750155325e+00
2.412868228185411024e+00 1.167165951004405233e+00 2.201061304937301344e+00 1.080760452864316212e+00
7.639971000710392701e-01 4.917114259285917943e-01 1.773519602208636137e+00 2.719757720403559897e+00
2.342827612716321450e+00 2.271647840820600450e+00 3.070405098519473963e+00 2.373193581099867777e-01
2.899401434968034597e+00 2.070324153285944657e+00 3.017010492252148790e+00 8.138612929022584486e-02
2.281098490941884993e+00 2.724144747084523033e+00 1.339281887447192565e+00 2.128911938189654851e+00
1.547156944203278706e-01 1.553415662238269324e+00 2.947606591149109612e+00 2.472191524564177900e+00
1.696596386061748118e+00 3.075616998335016117e+00 2.029481791486446696e+00 1.237161669493443084e+00
2.106587516084671208e+00 1.550001990276629327e+00 1.079597751039846454e+00 2.810211926859572884e+00
4.563145035268851846e-01 2.500100406867962644e+00 5.154624582803217780e-01 2.545525256184975937e+00
3.890892964771518470e-01 2.102357633932207204e+00 1.907393857173903751e+00 1.832971380019320140e+00
2.783504659195052522e+00 8.766371274176829598e-01 2.244799784162764933e+00 2.299549821419894169e+00
4.232522347540448315e-01 2.461217172356500615e+00 1.916307877369700929e-02 1.632349792695326096e+00
7.522785462142358437e-01 2.505059573975278564e+00 1.476212646657381722e+00 6.444493780727007515e-01
7.778310444762314146e-01 2.534401066171800831e+00 1.063682689336398424e+00 2.680802247336731448e+00
3.097420080376473095e+00 2.874276024189195144e+00 1.961920044497262205e+00 2.033184195955903828e+00
1.736977183123304069e+00 3.130263785270587462e+00 1.004427635797214169e+00 2.854262032428319884e+00
1.040607436766125965e-01 1.824216617884982350e+00 2.279361023713919909e+00 9.090753543758527400e-01
2.904291460451746243e+00 1.728708246848431607e+00 6.408226614385995612e-01 1.244170244438030926e+00
1.809370769825171310e+00 1.343030242209139802e+00 1.783756471417742073e+00 2.229955474743225696e-01
2.486607983708264857e+00 7.559188575576316627e-01 2.578214624276123690e+00 1.359440154252588240e+00
2.490282334065287539e+00 1.474623023685563306e+00 1.826385617765623248e+00 2.606100934509387734e+00
2.226936668370021355e+00 2.237922865846748710e+00 1.606247271302539303e+00 2.323569996397004900e+00
1.586224509328240995e+00 3.602382192238127168e-01 6.857510219845807109e-01 1.093309611854725194e+00
1.279578003476862236e+00 6.855460730050152440e-01 1.436402496255151817e+00 2.290147824255107878e+00
1.614557955703910030e+00 4.429437855855697936e-01 2.497039295034688244e+00 2.065717332476815660e+00
1.279543155372292462e+00 2.710549187544534444e+00 2.045449037144288607e+00 2.836723987181340775e-03
2.092628884863853234e+00 1.894458394358894626e+00 2.616811080597259309e+00 9.355933366103302840e-01
2.722313958057304695e-01 7.060198714777977669e-01 1.801477852458227336e+00 2.054857340806277133e+00
2.551043694910605786e-01 2.211613028243565940e-02 4.286870726908996732e-01 1.163038982949995415e+00
1.715849907826651144e+00 8.376349234010120881e-01 1.723974761874547568e+00 8.364454313937866869e-01
5.700607419536685150e-01 3.896338085429235654e-01 1.437735285699809351e+00 2.918958651103920499e+00
2.230522200042595327e-01 2.242817651244144006e+00 2.410355571495311100e+00 1.364904056711078173e+00
1.547577128539632030e+00 3.082599671468757574e+00 2.869876950058650511e+00 9.270849010987429750e-01
2.185531655686606456e+00 2.060821524222086865e+00 3.057071305707305342e+00 5.841450644943002590e-01
3.142860554177229759e-01 1.856462729924883925e+00 1.966140821126934002e+00 2.009058186624299136e+00
1.389987676264321736e+00 2.642724390570144521e+00 2.367363838114656005e+00 2.760662208500295201e+00
1.349476710863020124e+00 1.485244186005147293e+00 9.514423475044939682e-01 1.648684889057510927e-01
2.276873458419919338e-01 1.089691690266259005e+00 7.818003768214545346e-01 2.239774605715898925e+00
8.738522038016882654e-01 2.378057964745208253e+00 2.877201331957597308e+00 2.765829033669223946e+00
1.312818408070589582e+00 1.745770886957434431e+00 2.701043404446350937e+00 2.067863072889241760e+00
1.238903063879050748e-01 2.834014023837258200e+00 2.455066872188460536e+00 2.072567601770379131e+00
2.986211665747361632e+00 1.769314810079589018e+00 2.301620407703213189e+00 2.665548455432609209e+00
1.535978977578668081e+00 3.697001649594219841e-01 2.401738363809048593e+00 4.881898711776813116e-01
2.414425977560036518e+00 7.073758449448287466e-01 2.128599355364366730e+00 1.266991396973974116e+00
4.151935729535649600e-02 1.097076837662298132e+00 2.420355088603308502e+00 6.446428583067906892e-01
1.700709766841044690e+00 7.007820269624220888e-01 1.493468675361367737e+00 2.379153415030204055e+00
1.566514354864547487e+00 9.241644276604502606e-01 2.870205543833992845e+00 2.581600738680279505e+00
2.825899755761270282e-01 1.420581212042347108e+00 1.360328398330278299e+00 1.647346258408289854e+00
2.932343577657122502e+00 1.952868981703358209e+00 2.739758632508698888e+00 2.529834566265764195e+00
3.545908911936416219e-01 1.963148388156725321e+00 3.022268973305489492e+00 1.256247283980239382e-01
1.553145030073175281e+00 1.426423253955959369e+00 2.376183790417129238e+00 3.844585412752801190e-01
2.833815393717114883e+00 1.235006452971097568e+00 9.484473316852283509e-02 2.899512927862444300e-01
2.412947750864682384e+00 5.289837712484848353e-01 6.114024126465441578e-01 1.921228375469456351e+00
1.016088386081420714e+00 8.817470455061711399e-02 1.058828890990463734e+00 2.296475731069212767e+00
3.017748027849858072e+00 2.070779176815503053e+00 1.595571383423164402e+00 1.263010952231959472e+00
2.495517469554829670e+00 1.889161512852103320e+00 8.744009578234859248e-01 2.929532667467267704e+00
1.265687634294974107e-01 1.334739261422155931e-01 4.285481568120033669e-01 1.786635889580861614e+00
2.633227525786540291e+00 1.149968714080999765e+00 2.147199189744098291e+00 7.326545630279142074e-01
9.180099632669355136e-01 1.606556036883246330e+00 1.612007598878941073e+00 1.760001222421603062e+00
8.007422698370534331e-01 1.644918137165336081e+00 1.486303147518572620e+00 1.742449923123970956e+00
9.560802779112469452e-01 1.312250577020110498e+00 2.404200865051081770e+00 9.828154641639057498e-01
2.318702469799797772e+00 6.022013945468623897e-01 1.961513172703751140e+00 2.587422971338230848e+00
1.737408693360059431e+00 1.422165025290916596e+00 1.874698436511250232e+00 6.205738074514605129e-01
1.423588912611628121e+00 1.830223799452818934e-01 2.413485184577826459e+00 2.220474034736232394e+00
1.045671186185072044e+00 2.166826978388729952e+00 1.610692935802213954e+00 1.175374517446427625e+00
2.198822554589450196e+00 1.639872260760999900e+00 1.532175754602101314e+00 1.676877322545959226e+00
2.564349589802746188e+00 2.240885364735811791e+00 4.111259823977770345e-01 2.294811170325850469e+00
1.471995193570036775e-01 6.511183849064268170e-01 1.265790341620503634e+00 3.510868308734892140e-02
3.034912937516330622e+00 1.892582111087569796e+00 3.002160681303850387e-01 3.109650724782048847e+00
2.195903819973922921e+00 2.636078070106430360e+00 1.474897483343233784e+00 1.401052795806323692e+00
4.913940486560457455e-01 3.023595048947445019e+00 1.707669842006713123e+00 1.282542126835219731e+00
2.427346009458848375e+00 2.249461291867118184e+00 2.910940340082162070e+00 1.744757665040920225e+00
1.451617640934098619e+00 2.157813123358446106e+00 2.770601795484342045e+00 8.930632819384410892e-01
2.571620330101443308e+00 3.028443876065602391e-01 1.603792336877811087e+00 1.170113991701234646e+00
8.507573312713170299e-01 1.317434018613834024e+00 5.099446253491489722e-01 1.731020962758963222e+00
1.369637205007844249e+00 2.477361446252214883e+00 2.165140965269155782e+00 2.934817735289999785e+00
2.940042487056549803e+00 2.549515996773285664e+00 1.548464903232721790e+00 2.732063042318688240e+00
2.356009067938028556e-01 8.662920400600657711e-01 1.827433705054462010e+00 1.245924088568627131e+00
3.028098997271492898e+00 2.202645813820164999e+00 1.986202919447415782e+00 1.858187441371712767e+00
2.215328553179791715e+00 1.604300538332411596e+00 1.244299695203512357e-01 1.989770020328696321e+00
3.036170212687559822e+00 9.720922733826505846e-01 2.773278331678773689e+00 6.716388347921852242e-01
2.038049967155478315e-01 5.277017502896603762e-01 2.039826885998521799e+00 8.576470911208499137e-01
8.105384687712614555e-01 2.795156569953611281e-01 2.010027122311881242e-01 2.058479398185867115e+00
3.347207105822910811e-01 1.199887538433759733e-02 4.999460474310051805e-01 2.727841613850935931e-01
2.473273103597736777e-01 1.804109020190528989e+00 1.196811352630227310e+00 1.756696148373092736e+00
3.100756047684506633e+00 2.624078872509077787e+00 6.429517899697336780e-01 1.151488732664098791e+00
2.750774986687187784e+00 1.036349171986449824e-01 2.019359693664191546e+00 2.772411102120803328e+00
2.366793228573454311e+00 7.235577487379608597e-01 4.585747632423027853e-01 1.233284546344173505e+00
1.643266798526316075e+00 2.166781361773431058e+00 1.010644188061304627e+00 1.804114564188434855e+00
7.337818460998810632e-01 2.281999652542157975e+00 4.614632645455433169e-01 2.676940659223424834e+00
2.728864364223601013e-01 5.247064904141643948e-01 2.237295380034034054e+00 1.940744392890291214e+00
2.487293772454325591e+00 1.980254982748206050e-01 5.675735567129329695e-01 1.725239927518558369e+00
1.705875658997003663e+00 3.110076780572432753e-01 4.477459669666648545e-01 1.205916931998670449e+00
2.793697273106070966e+00 7.828674468191608726e-01 2.207809666837597939e-01 2.234426598901058991e+00
2.298061330578396788e+00 1.577160692301809164e-01 2.427053216455683504e-01 1.156888151005629473e+00
3.050808440676330058e+00 6.591493750795960338e-01 9.286804330097535309e-03 1.578532858122994265e+00
2.516638751048162703e+00 2.999782995321217616e+00 5.846205263226330606e-01 1.356965526686251700e+00
5.690257225872485947e-01 1.834821920882510948e+00 8.445682774830226558e-01 2.839961955526177917e+00
1.250696490649792159e+00 1.581877321077514553e+00 2.396788366933629177e+00 1.989077084000062445e+00
1.525148783183418066e+00 2.934000854245734313e+00 2.999536872053509384e+00 1.950295295648060367e+00
6.020239768539423775e-01 2.592976200948328369e+00 6.504336040296838650e-01 1.946517840218622952e+00
3.868161109704287282e-01 2.025828608446220258e+00 2.085220796155368372e+00 2.895490144193829885e+00
2.545704258824123212e+00 2.091524844687525864e+00 2.522019008031313625e+00 3.372594511985737009e-01
6.936504590816963134e-01 2.095123473894254573e+00 1.650986757226617696e+00 2.944039743677221432e-01
2.299568881374539409e+00 1.385965441158133915e+00 2.057236497486106597e+00 1.147149742523710270e+00
5.552473463639664292e-02 1.950511823265897116e+00 6.272755601104951229e-01 2.610700474591880926e+00
2.340698043182345867e+00 1.586658900269693806e+00 1.480651365123581975e+00 2.721605370737613772e+00
1.738917758995461416e+00 1.412423037744517051e+00 1.763341097056373652e+00 5.680286467778123960e-01
5.669133158546016960e-01 1.287154804294998733e+00 2.666618165228968440e+00 2.376642655330341469e+00
2.125425380883579241e+00 3.030060152868981671e+00 3.936570012151133779e-01 2.803433301027814295e+00
4.715511465138993441e-01 2.481276711866710283e+00 1.165250005025028512e+00 1.425521136208249606e+00
2.392321193053973172e+00 3.629059663344556541e-01 1.450789457552616790e+00 3.119488190885425727e+00
1.202856215355903258e+00 9.555763145779322398e-01 2.716695193001261721e+00 1.077920507833606045e+00
1.124401956713069195e+00 9.801352452240882362e-01 1.550705175671255986e+00 2.512212985689388667e+00
1.560550385873131107e+00 2.649180240709688494e+00 7.797448604918971737e-01 2.503025639162128613e+00
1.301105762123656140e+00 2.085338269695524993e-01 1.654352393044410618e+00 5.659488955305747027e-01
2.808951238712861898e+00 4.050551137858588446e-01 2.535391610941597929e+00 2.674719855331217033e+00
3.033747117211250011e+00 2.826948612032192720e+00 1.839944139177220661e+00 1.004893137735349606e+00
1.583697988059657932e-02 4.749407237155059969e-01 2.825481106700182377e+00 4.193868663167252264e-01
8.492869665890118158e-01 3.117084565792918927e+00 1.122953990066552610e+00 2.689484373094854774e+00
1.715258007986598221e+00 2.471326200399833528e+00 1.013755005199587611e+00 1.367133124227635887e+00
1.356429228616158111e+00 2.611935085154163172e+00 2.513256735522680696e+00 1.169843980374021264e+00
1.962585762701449132e+00 6.959979659710372468e-01 4.762754133985928617e-01 1.861177789346455613e+00
1.242426686928210233e-01 3.058098533165868882e-01 2.421293904680535680e-01 8.191515323751240585e-01
2.800871206054530660e+00 1.706967030139994623e+00 7.519284814022612062e-01 2.807661386768441902e-01
1.852788157737858432e+00 3.740661285315579621e-01 2.318277286438874540e+00 2.965545735530493943e+00
1.246814810430411091e+00 1.717258918756481845e-01 7.789664881366435978e-01 7.341011540389325019e-01
2.261945741133392751e+00 2.569271578414512369e+00 1.767316175058950112e+00 2.515684590880435945e+00
2.364384813235366867e+00 7.877336586747085700e-01 2.217435741777011415e+00 1.528634302514412235e+00
1.511381686203919106e+00 3.038275242168339219e+00 1.106601463567252530e+00 2.896323618753299023e+00
8.503478248838424181e-01 2.129427113727369481e+00 1.120260093518741673e+00 6.777458635909314189e-02
1.261143118856116407e+00 2.075889269906761481e+00 2.976632841042204269e+00 1.446438288131828509e+00
8.554695602991546632e-01 7.830259131885672907e-01 2.308161718616333680e+00 2.497904383543485096e+00
4.979836402852123173e-02 9.765511160513946631e-01 2.667385831179902578e+00 1.105032776360209024e+00
2.861654251154884809e-01 1.446619815806761133e+00 1.468097897819921949e+00 2.793129432008829127e+00
1.246581598929066947e+00 2.490938084739196867e+00 2.915828972152610721e+00 4.683696652337410726e-01
2.717458898217554264e+00 1.074785478654587845e+00 1.114366981270778156e+00 9.239075333785808919e-01
2.655435856868797462e-01 1.350991402994916823e+00 2.888340473040128309e+00 3.502996399243629155e-01
2.320746717408489701e+00 5.995645686694573984e-01 2.391977959357711736e+00 1.506016418243120436e-01
2.696711095939811287e+00 2.893431028299028984e+00 4.921633613638117799e-01 1.369548169614509980e+00
2.889241564782443650e+00 7.812296401333789220e-01 2.505874983721641858e+00 3.906106492209037578e-02
3.071940512408727120e+00 2.884488943037179620e+00 1.870432071069701774e+00 3.524014906183781104e-01
1.023755367284430173e+00 5.788636740434972561e-01 1.120108918166611067e+00 8.011159790630234534e-01
2.488733628175205936e-01 8.579088572109335731e-01 2.579368318575792518e+00 2.442585815901989310e+00
2.395533363558594697e+00 1.044891851293922258e+00 4.842454411517768675e-01 1.757544309424668771e+00
3.318299702334115420e-02 1.261251341858933950e+00 1.550261729045860681e+00 1.633286334333154122e-01
1.393852874864226710e+00 1.137048959220894995e+00 1.002451178227107498e+00 1.279820563045502013e-01
9.900498450886133783e-01 4.586354660631881131e-01 7.603793879666744804e-01 2.310144997824442825e+00
2.681706087314900344e+00 1.761500119914402029e+00 2.109007521400725782e+00 2.857573401285685932e+00
2.542499578805562876e+00 2.455133049465103579e+00 1.734583012307216787e+00 7.986724057953332734e-01
1.907394371992765514e+00 2.530439920859337111e+00 1.227725115840962111e+00 1.008433151731996880e+00
4.482178730757664376e-01 7.408073622372586264e-01 8.878390059916735355e-01 7.809927192597045931e-01
7.104958098437934577e-01 2.220926150484266337e+00 2.673370571250949901e+00 8.329020837734663063e-01
1.921454557435991806e+00 8.587792496054498237e-01 9.182102521795333372e-01 2.373745144889952918e+00
1.897022646771945986e+00 5.399663942112938875e-01 1.828771435162970249e+00 6.812715111310025939e-01
1.803477363556226232e+00 1.203489289349912034e-01 9.567353330249420695e-01 1.421318355489305407e+00
1.145638024780379238e+00 2.588612464283898351e+00 3.316399094234919742e-01 2.194655468317816549e+00
5.599158100130593452e-01 6.280306402222526341e-01 1.348065353230099683e+00 9.243727697531327614e-01
3.136717265912297492e+00 2.042493381618435855e+00 1.680761485293894797e+00 9.543789286672205163e-01
1.723918168857154765e+00 2.551940770547974413e+00 1.852542234128198573e-01 2.042230686027513453e+00
2.614464483916479676e+00 2.669432084627013424e+00 3.974619566579096208e-01 1.683047274798983084e+00
1.317683193324729052e+00 1.951336735679784606e+00 1.947529446763756500e+00 2.954841615989797887e+00
2.435916943332304907e+00 2.745149009692931852e+00 1.353814043263240618e+00 1.277950740806097052e+00
1.472711314984106901e+00 1.691859511694300267e-01 2.514970785132462527e+00 1.131062323139465420e+00
2.893429900153883683e+00 2.765013058523369427e+00 1.415766075094099463e+00 1.677848236188287601e+00
1.116126490113815262e+00 2.599776175757858798e+00 8.162910978308103305e-01 1.794276899792479618e+00
6.673166098664939927e-01 2.338556562829488428e+00 7.652809706537336831e-01 8.537273911444549501e-01
2.784484434339478121e+00 1.130405001188698355e+00 1.425438565509307587e+00 5.454750149457258113e-01
2.345421664494919956e+00 2.897619997294567540e+00 2.736902696116319866e+00 2.214505357308322431e+00
1.931179458797589232e+00 4.796286115950423312e-01 9.434710092182967411e-01 1.639628127258154100e+00
8.276047190595451353e-01 2.976575058836947729e+00 1.477697809949570340e+00 1.907483890898229673e+00
2.815326714874296865e+00 4.291122247477768825e-01 2.537350222928926424e+00 7.627456309807005563e-02
2.395754270070602931e+00 2.379074305667368883e+00 7.649233402457306097e-01 1.736750477072250831e+00
1.713284115749715397e+00 5.466864474402318708e-01 1.290692454011970414e+00 8.754129990245231863e-01
1.980807152914499492e+00 1.301674829888420426e+00 2.401282680153137061e+00 1.962744472805748597e+00
2.538445756075761839e+00 2.877988902893360290e-01 4.216453686108260213e-01 1.695334066077961888e+00
1.882148657929157087e+00 1.428009234914648706e+00 8.986203873188772229e-02 2.543075749074527270e+00
1.239678576504674501e+00 2.754596832930575889e+00 4.792475605308013642e-02 2.615300834082021630e+00
5.640731702559752953e-02 1.360017987088873559e+00 1.367941644105974630e+00 2.072081986790281771e+00
8.496984892975367742e-01 8.448104821699778944e-01 2.120372943800389987e+00 1.277433374002775901e+00
2.784175685402160205e+00 2.648907018143037639e+00 1.028776893566429873e+00 4.346755227947795563e-01
1.156020375640888220e+00 2.451986263915791664e+00 3.770626679722687870e-03 2.640042769708284554e-01
1.671991357194953398e+00 2.661910074137856519e+00 1.183008657871160496e+00 2.922812197504776943e+00
1.316626130881485501e+00 3.116973407008968078e+00 1.160216787496482604e+00 2.043351765770486494e+00
1.034783762985098887e+00 1.440180853446848097e+00 2.598957539913878012e+00 2.549697984093998726e-01
6.497993843350209353e-01 1.663633928619335123e+00 1.211155142869508039e-01 2.082632350868074411e+00
6.488042108360065896e-01 1.957008091171988484e+00 1.778500974718120631e+00 9.780525146302679884e-01
1.291586814969757580e+00 2.389805373716294701e-01 5.309216177565905248e-01 1.870204223618058714e+00
6.402085089553559705e-01 1.086577409034915176e+00 2.339636229577940263e+00 2.464709963215963917e+00
2.153684637484206466e+00 2.570687351491251160e+00 2.874084332515989715e+00 4.240318303472028760e-01
1.524238446308082251e+00 2.699852827001801625e+00 1.666209598428586514e+00 1.573948464953908610e+00
8.641111417044636811e-01 2.415039556639208218e+00 8.254539965975880023e-01 2.320627961847240517e+00
3.774044076231265477e-01 6.977174046004627206e-01 1.530292035203852929e+00 2.665953760321739363e+00
2.000109238593358540e+00 1.537847762387827499e+00 4.344705627411890037e-01 2.830613594355172249e-02
2.934229957147413081e+00 2.553528045150642356e+00 8.121718006884526275e-01 2.843381070239992869e+00
2.007485852048731534e+00 2.319263287838575049e+00 1.804358655455736926e+00 2.936856236161518030e-01
2.993338953009445191e+00 1.510325166959032517e+00 1.138902642155702916e+00 2.644745943463912674e+00
2.945063234132432872e-01 1.185246752079206711e+00 2.138004792228273221e+00 3.004347360984145787e+00
1.282692651083322755e+00 1.672277355896207629e+00 2.272351191162581330e+00 2.672138018438454221e+00
2.810419348986298527e+00 7.856269547735957870e-01 1.935956768826624375e+00 2.563422170654505172e-01
5.780127386203741668e-01 9.325842129749095655e-01 1.070489842966179328e+00 1.206876747508075498e+00
2.961464397043680474e+00 2.860688617932761080e+00 4.312708671924850301e-01 1.605672728229460833e-01
2.646703942932409959e+00 3.196945264258453934e-01 1.790952470436320443e+00 2.849090536766243797e+00
2.199293766651887472e-01 8.556205544107913230e-01 9.446768417614535840e-02 2.020131614193318548e+00
9.162368110750976902e-01 1.547417750545990289e+00 1.098003569083031650e+00 1.494329816975141112e+00
2.870250293170445666e+00 1.152533057556281548e+00 9.629998868215738916e-01 1.393343915495620866e+00
1.787386426721678578e+00 1.940166465711681942e+00 2.832880988291623936e+00 1.156152147301236832e+00
1.538993215700847239e+00 3.134946280830104737e+00 1.331461773452756459e-01 1.479657710920237790e+00
2.394220183802843849e+00 2.949537081242815439e+00 2.899449268730423857e+00 1.281508804011089797e+00
1.852291847024272187e+00 1.247463246536032022e+00 5.453515302533615827e-01 1.978170016082144045e+00
1.115628301647425269e-01 2.597196755910177735e-01 2.982003072715929459e+00 6.649649821615094547e-01
2.040994657882185148e+00 2.346510724670108239e+00 9.650566260945611097e-01 9.283518754880959456e-01
1.543283219066674761e+00 2.853443408554939165e+00 6.317947874176162992e-01 8.100477790518795240e-01
1.594915073758693014e+00 2.673308181855809984e+00 2.679809625479124158e+00 1.331532450667147316e+00
1.700437915574774861e+00 1.811868744733504011e+00 2.270078285221889480e+00 2.102374260076658175e+00
9.460642822803474461e-01 1.103041326411788203e+00 3.182357845472552627e-01 9.879139884917513825e-01
2.878278309985707661e+00 2.753565815161226116e+00 2.215401348886274935e+00 1.446312659431357117e+00
2.470995457190395594e+00 2.947210776746209682e+00 2.259939133209100337e+00 2.884830049772419969e-01
4.999408583333632139e-01 1.880256603648116975e+00 2.558286901586308559e+00 1.756064943508603760e+00
1.018762498978674991e+00 1.603857891498668975e-01 4.962534423037149311e-01 1.590111625263220585e+00
2.143775860176152293e+00 2.247311924091220270e+00 2.642983702992768524e+00 5.261321958706078883e-01
3.037061420391178768e+00 3.459943380331264584e-01 2.232295011063420542e+00 1.636171536425012896e-01
2.733334477439638643e+00 2.333224977061564953e+00 1.498116166210905931e+00 2.614388629327918601e+00
1.730400871721542444e+00 2.364809543406987569e+00 1.186995734105265266e+00 2.474868239298385397e+00
3.570441076768339772e-01 2.962377541603610442e+00 2.910465805058164879e+00 9.858693926237487304e-01
2.265194802616491199e+00 1.905012418630869009e+00 2.439788699273689243e+00 1.091048057622772127e+00
1.898735173350289074e+00 2.109630546035333065e+00 6.772034637627494247e-01 1.566392915855460810e+00
1.144610844285399276e+00 1.620294955900878575e+00 3.349390752957678297e-01 1.188681476079839872e+00
2.623767773767337719e+00 1.202885476856256020e+00 1.971953005047049956e+00 2.079155241191774639e+00
1.222224529127015291e+00 2.730261263739303335e+00 1.625441030042553026e+00 1.696554695234951726e+00
1.600174250104218876e+00 1.049993022611339200e+00 2.610305013980202204e+00 2.210098427445055247e+00
2.075137199762774110e+00 1.833052825131518571e+00 2.743320366662119980e+00 6.920597130215682125e-01
8.481411839119022966e-01 2.012972710004375276e+00 2.871997182344483424e+00 1.147226445856422306e+00
8.107899120553229144e-01 2.810030021858301641e+00 2.469881216510970479e+00 1.621397883759362113e+00
2.705595900304895274e+00 7.322967970999458842e-01 7.639490213876376501e-01 1.450302470328054705e+00
4.544888228898316118e-01 2.146931636421540723e+00 2.610146281296191528e+00 1.321686747299017473e+00
1.426424844457125696e+00 1.382466277122315068e+00 1.216199505651772150e-01 2.241444698507312483e-01
5.761218574108007973e-01 1.347786145171837591e-01 2.245783977824435951e+00 2.276092620563044289e+00
2.783992072638330484e-01 1.706786118550822406e+00 1.062691093664725583e+00 1.403849872792538367e+00
7.078394625968715825e-01 1.305546628628021288e+00 2.256358155406571253e+00 1.786943010778984098e+00
1.773448226808374217e+00 1.768985795740024125e+00 2.926467015932939564e+00 1.834854162645877640e+00
1.154035175598021823e+00 3.330443105954826732e-01 8.849120859557355612e-01 1.102276020629936237e+00
2.610465952213194551e+00 2.144861617800728482e+00 3.896675806970675282e-01 2.930223687270691268e+00
1.844974025545675245e+00 6.825555027356416948e-01 1.394277366250625594e+00 1.291492431357479376e+00
9.925569212046951861e-01 1.129182972476363789e+00 2.514443270386570450e+00 3.073927546707428404e-01
2.011391494360781795e+00 2.032924152106108551e+00 1.443984318139914347e+00 3.706713197245928848e-01
1.944612846372145931e+00 2.219618264507462690e+00 3.695005934429770877e-01 1.428840822594402926e+00
3.021283504439087331e+00 7.133498258533809144e-01 7.727479780148732713e-01 2.123993646145633907e+00
5.074724323413598581e-01 2.465824014422759447e+00 3.030570936220600586e+00 2.521129742216491110e+00
2.706531101746568524e+00 1.674846303783786405e+00 2.688095387727677643e+00 9.414300057940151456e-01
2.918665445507604872e+00 1.295590096951535930e+00 1.286451807035802863e+00 1.274354491180572868e+00
2.971464669098227596e+00 4.311295684899198455e-01 2.888515690967999205e+00 8.307578915700615241e-01
9.891184132298243004e-01 1.586082965184563154e+00 3.117585354237030870e+00 2.823616110078225550e+00
2.105739304250973110e+00 2.520521987492891469e+00 2.284505555220917472e+00 2.680651739448008275e+00
1.920596738872266673e+00 2.067353834047271910e+00 1.066291574281880150e+00 2.822859930746390411e+00
1.402657859425382236e+00 1.051191542118200539e+00 1.655172302436961784e+00 6.528400294225465972e-01
2.539907328794928532e+00 1.717629936875360308e-01 2.152297694610627865e-01 1.059071961058005718e+00
4.476192855174430663e-01 1.017446627519269287e+00 6.141316663467007997e-01 1.228575985339062981e+00
1.805125129190817246e+00 1.021871147272171432e-01 1.519899443757609214e+00 2.025688600455573862e+00
2.288536901438035009e+00 3.669021831149143487e-01 3.072729544322719164e+00 3.076248830419221925e+00
2.340509731816737826e+00 1.179802806937500836e+00 1.604070674337354729e+00 2.123549645036336919e+00
2.492102034681933365e+00 1.047624903723577638e+00 9.556876212673596216e-01 2.887527971299023166e-01
3.111329461820232289e+00 2.099095787638995070e+00 1.303191710738970333e+00 1.675070466584349216e+00
7.345744686616663410e-02 1.304594295864003328e+00 1.279955941312078682e+00 2.966857663455670924e+00
1.231413753441240821e+00 4.082997386740669921e-01 1.739453477752704869e+00 7.325101956631927536e-01
1.241478512445823190e+00 2.962704246900529359e+00 1.437391990028326960e+00 3.110901661992993450e+00
1.685700221952930677e+00 2.969462620450880053e-01 1.137465406516145583e+00 9.911173787049623041e-01
2.940251071284009310e+00 1.405162926540049151e+00 2.431354367947198725e+00 2.943415804431562144e+00
7.885291963508594959e-01 9.088285060837399953e-01 5.344491801268624886e-01 1.246477144341116228e+00
9.858108976552809599e-01 1.376308203335028235e+00 8.443298664727176828e-01 1.341562297774089085e+00
3.065915392431562303e+00 9.453459938260229123e-01 2.581267504991707540e+00 2.156989782630949204e+00
2.859159857754398626e+00 3.014861783844954957e+00 2.550159175349569374e+00 2.389430388393603000e+00
1.479591731161321588e+00 2.814125124938868794e+00 2.527742957729820716e+00 2.347833862556783835e+00
2.474428873880765156e+00 2.362776200167073792e+00 2.292396711113734220e+00 2.516057584740287734e-01
2.867476661849547082e+00 6.899363754334346677e-01 2.796418857161051541e+00 1.603512577217998392e-01
2.613899878698294099e+00 6.314730767941300060e-01 3.116937675718957301e+00 1.395135446440157523e+00
3.113588175948482029e+00 1.681773191288062075e-01 2.935917063749980738e+00 2.283094500523177306e+00
1.793766845900394147e+00 1.321502853710883496e+00 2.206059817059295991e+00 2.678154048073396187e-01
2.622621366006670396e+00 1.459817710946626157e+00 1.691400284992060854e+00 1.247349400688508414e+00
3.035259978401194214e+00 2.189393874029452736e+00 8.150383475919347198e-01 5.168714536809283500e-01
2.681760165385866923e+00 1.871143585045240476e+00 1.868600708973231272e+00 2.137754415423561927e+00
2.936898657844725147e+00 2.668637599782136327e+00 2.833678457369907200e+00 1.726055003898094409e+00
2.009519448690618937e+00 1.082141117920179862e+00 1.024829731912168418e+00 2.877958336219376356e+00
1.047466589795088110e+00 4.100405614942905785e-01 2.761969239539372456e+00 3.134878679993469697e-01
2.259524739375686764e+00 2.691507257295082667e+00 5.382330854359406586e-02 2.338445398334244363e+00
3.069558512447249310e+00 4.628738765892552176e-01 2.348234128112594910e+00 2.815779828428928599e+00
2.754160281460765192e-01 7.042795431311819065e-01 1.236961421135414296e+00 1.512978764792606512e+00
1.141598600779905492e+00 5.388833708453816262e-02 2.636924320959240120e+00 1.318886385872876321e+00
1.503266649471505678e+00 1.266138568810979415e+00 1.501114943360674046e-02 1.669343014916705892e+00
2.987355715473587026e+00 2.285690271709449828e+00 6.616604324919682645e-01 5.572474577748662838e-01
1.267227708063995539e+00 1.103643790276620656e-01 1.664426427852306434e+00 1.975174331762679092e+00
5.391293012536144680e-01 4.195902650913407861e-02 1.426584059951164329e+00 9.612890562006793926e-01
2.869522211041208859e+00 2.740126848100999712e+00 9.382433829840790551e-01 1.653589782760269244e+00
1.091183485625180971e+00 3.055330268303817931e+00 1.131669537004319936e+00 2.832678159850275712e+00
1.700402040714089624e+00 1.335518213910236840e+00 2.197041123060747392e+00 1.266282173479281181e-01
2.549524354596759856e+00 5.840596614378255058e-01 1.835581712837332402e+00 1.881274619399846970e-01
2.745265612010307610e+00 3.274055893590014921e-01 1.461232254965048882e-01 2.418918797972572143e+00
2.041070057483028055e+00 2.404499255592893459e+00 2.402237671105877492e+00 2.203610294929140512e+00
2.104050503332769662e+00 1.081155152925748153e+00 8.253043775309403252e-01 2.742899875105925034e+00
2.112520637199747364e-01 1.989154764640156170e+00 1.266627105613388649e+00 2.454735993754146861e+00
2.116006627945466345e+00 3.121677181322676797e-01 2.024031616935640265e+00 1.475555552192407305e+00
5.274321385917827287e-01 1.400536416203627788e+00 2.232786463128005661e+00 1.283042536867324168e+00
2.682799280888325200e+00 7.114637443877254164e-01 2.057292953563190530e+00 3.946844801435239192e-01
7.146715089291079126e-01 1.684728863099621110e+00 3.107919459280399810e+00 1.673754944495159824e+00
1.278167877457875301e+00 1.605585314111244388e+00 6.999539838922844148e-02 2.203142438479153586e+00
2.391128843259000991e+00 2.237500966563612526e+00 1.510431684506933214e+00 1.130896000749150199e+00
2.519741847076006347e-01 2.900708673574460938e+00 1.655531044950930841e+00 1.937934521064978766e+00
4.320088805366631424e-01 1.580544491389970219e+00 1.703572153680402712e+00 2.627618044498266858e+00
2.063912072382138030e-01 2.972264081828513316e+00 5.403217375829062474e-01 9.533171438956409283e-01
1.217473072997100392e+00 2.245693234094686908e+00 2.255807156002360703e+00 2.994358498677969216e+00
2.947154952168197450e+00 1.237781764912101901e+00 4.246802458935270419e-01 1.833030061942342526e+00
2.284945434380592388e+00 2.748370603299926884e+00 6.546741983389777753e-01 2.480196979787825384e+00
2.440213706066261534e-01 2.582334941257712124e+00 1.754552271639873595e+00 4.123207167427234143e-01
1.053406359918017898e+00 2.075680358344990761e+00 1.126830288036372307e+00 2.515504099546646000e+00
2.098930764502705548e-01 1.062062580129241818e+00 2.885740851048797850e+00 2.843730610840957240e+00
7.465789923344952062e-01 4.331441080998621462e-01 2.010245758776587621e+00 7.697601445995677638e-01
3.045260308536031246e+00 6.090877230297718770e-01 2.922548158021277764e+00 5.099913876870577623e-01
2.034271172662788008e+00 1.158772718994759421e+00 1.615431002377880398e+00 1.189797234592144398e-01
2.078835547517066118e-01 2.971469844732840482e+00 2.677526301524879138e+00 2.986441954664285081e-01
2.200838242337284090e+00 1.428883650135164496e+00 2.599239606728378504e+00 2.288067698016321483e+00
2.006567960984993737e-02 1.941613711101132012e+00 1.365079009643652252e+00 2.751795783062116030e+00
2.708560654409807089e+00 2.107154217466765900e+00 1.704235078023553340e+00 3.123601566823327680e+00
2.294897693654843973e+00 3.038002984256285566e-01 5.983949790167450988e-01 2.268984930416097168e+00
1.329558564561002243e-01 8.482114181517552698e-01 3.054736773865588173e+00 9.102946428914446830e-01
1.645667008020183508e-01 1.210017576295160824e+00 2.027177128976562326e+00 1.599130282994808194e+00
2.043354561025457983e+00 2.249885407680653593e+00 2.314513385842342508e-01 3.856544737687830349e-01
2.715629327539839100e+00 1.836083889640077293e+00 2.333291882787734695e-01 9.407789525482735948e-01
2.869485161914082649e+00 2.454115985152041102e+00 2.033517920887032204e+00 1.208981583973604446e+00
3.205038573080126185e-01 8.848219397842695955e-01 1.735433029850500519e+00 2.102017609132739717e-01
2.334191694049081889e+00 3.670384235223389524e-01 1.261356356819205216e+00 2.283545426884293406e+00
2.289317112927694797e+00 3.000097560439818789e+00 2.256728149634904756e+00 6.191390828307385963e-01
1.222701557357248614e+00 5.576238301155722610e-01 2.164979043221589183e+00 3.077914600387214872e+00
1.357726525150452501e-01 3.008297448970557841e+00 3.877271793514118492e-02 5.951938041974608185e-02
4.032038480061732044e-01 1.514920174459592150e+00 2.284769811506353943e+00 2.874375975254598536e+00
2.434721381321171219e+00 2.679038639469928373e+00 1.805543295068676946e+00 2.117258421514376376e+00
1.115647170531486321e+00 1.141951317883121320e+00 4.674419568771556732e-01 6.326816016388844277e-01
2.748325629403529646e+00 1.468105578262467015e+00 3.833553585567736621e-02 5.723151471556459091e-01
5.778729755678104762e-01 1.166215117458243355e+00 1.818029749268350814e+00 8.071307304012216299e-01
3.057019996780393267e+00 8.492399964710578564e-01 2.824279455501865321e+00 8.379752535482098974e-02
1.123739937839606906e+00 9.458251585304683351e-01 2.996563746237142833e+00 2.697166227187542398e-01
1.157593204881417898e-01 2.919441934315186504e+00 1.014425695552067241e-01 2.848696681244795581e+00
3.649887949750750815e-01 5.779357887842222485e-01 2.629717891696478738e+00 9.977877007814635046e-01
2.190512201153149985e-01 8.864930477520081009e-01 1.849931879138735802e+00 2.996382438622897215e+00
1.418334949624930230e+00 8.047864829050987989e-01 1.110678229374779002e+00 2.060422362859971379e+00
1.393574447033072428e+00 1.771076982431841529e+00 3.113633368567185755e+00 1.197883325455807446e+00
2.687350452877069529e+00 2.637605919793717835e+00 1.943619412785597966e-01 1.001103953040668237e+00
3.112722658291124045e+00 1.928195170017113824e+00 5.522561434341688447e-01 5.470240905060931302e-01
2.501628030144235737e+00 2.702504628098612027e+00 1.271734022544364962e+00 2.247229785438794814e+00
7.671282653756187342e-01 4.498678338700263235e-01 1.044970213069438936e+00 1.924064482324651659e-01
2.372259809614168269e+00 3.300195679874845522e-01 2.928484354773042586e+00 2.739162909094726484e+00
2.640275342726254859e+00 2.323776431557657673e+00 2.451756868272060519e+00 3.880011396606773966e-01
1.269480385038653347e+00 5.797993937672152320e-01 2.925076192183030166e+00 2.484593564675767308e+00
2.663692284388289089e+00 2.053713118426955475e+00 2.343575762379153993e+00 5.348448121577344949e-01
3.441438967463926468e-02 8.763582761501215179e-01 2.422700516285397399e+00 1.997898148220105474e+00
5.912608163578018106e-01 1.298118489913749007e+00 2.780965790080285771e+00 2.185443955842818031e+00
1.594259708007971676e+00 1.588004679270405228e+00 2.198994685213613298e+00 2.893038429948596946e+00
1.590607461381161380e+00 1.738647300541213525e+00 1.190862364010883079e+00 2.557444554706627127e+00
2.603092307833414942e+00 4.780049931467511559e-01 2.318918635633607561e+00 2.049435024679196360e+00
2.023407476881772471e+00 1.138526536804127520e+00 8.749878402801718469e-01 5.838170076007185433e-02
1.638732236057952596e+00 1.757919251776935754e+00 3.083999777137567566e+00 3.097945297936167908e+00
1.849987975844723742e+00 3.015595296910039913e+00 2.051253507472790449e+00 8.828042534952511566e-01
2.233132318764558810e-01 6.620445678409530021e-01 1.846326612088073638e-01 9.256372914247041894e-01
5.504679831263551565e-02 6.330651748494050546e-01 4.461885922358789225e-01 2.846924587308978349e+00
2.024335355701952999e+00 2.743624524368240891e+00 2.793461856292851930e+00 1.784810573031442305e+00
1.720323281907550683e+00 1.902980526466813704e-01 2.803235363211089126e+00 9.592015551335955070e-01
2.436255905018585466e+00 4.823808119940076189e-01 3.091957604333969378e+00 1.712054621150471689e+00
5.201642666553603356e-02 1.918909992605182024e+00 2.939463617191246492e+00 2.491547693279700493e+00
9.675285977602408050e-01 1.887918814661549149e-01 9.805269818989774677e-01 2.465630499792712538e+00
1.428965838664602916e+00 2.526165902296963139e+00 1.298568509392742654e-01 3.091982182172671845e+00
5.957888606019623445e-01 1.200285742937313938e+00 2.927810344576960322e+00 1.441347414099283686e+00
2.673880306842228993e+00 2.616867534352542712e+00 2.689432144231421962e+00 2.383171816040224211e+00
5.884707560060135068e-01 3.546812619328514882e-01 6.870614337184928200e-01 1.245203040991778476e+00
1.916170680544393434e+00 1.727542329827962186e+00 1.264890319915581873e+00 1.814201072668517822e+00
9.057478472565678729e-01 3.340458384118130120e-01 2.369870246699065319e+00 1.537257683222448268e-01
2.351666882630725538e-03 3.118339288635358919e+00 1.130001636024810185e+00 1.629869858482362877e-01
2.367649561674745051e+00 2.186662498189068327e+00 2.287432160645278822e-01 2.516785937238253279e+00
8.825993014634221645e-02 2.442477196494639902e+00 2.188603260236007930e+00 1.894351373787213910e-01
1.105317417755698806e+00 3.501552712154789582e-01 2.374033397090569708e-01 1.343359077344189911e+00
1.631603097063163421e+00 1.366415999718028629e-01 6.098111736328203775e-02 1.158296177329349197e+00
2.287586564011359513e+00 3.091338020623133787e+00 2.206791214703584636e+00 3.113571213459112030e+00
1.804411148209069449e+00 5.165692835203519184e-01 9.267570296588945045e-01 1.450586242917052127e-01
9.313167348937827494e-01 2.457572280582796420e+00 3.119978012399350131e+00 2.952026174751634091e+00
2.003908144957717852e+00 1.338778685977242588e+00 1.801141244130138874e+00 1.235857958021630898e+00
1.699782239945372586e+00 7.264563922962971043e-01 2.668891853244412360e+00 1.267435507764682612e+00
2.136617759044767251e+00 1.796554844141980967e+00 1.748837081773123137e+00 2.267930049141114957e+00
3.373348721691805108e-01 1.924212817291105937e+00 1.615392027962894161e+00 1.667530596902399243e+00
7.552858850539478919e-01 1.961242808019075134e+00 1.390640696517393637e+00 2.117461838753776360e-01
3.316415415571165037e-01 1.292702450719325658e+00 4.219899300450981050e-01 2.116868590342573242e+00
1.227744566191416170e-01 2.610324480170636008e+00 4.202046381305835077e-01 2.515191096880762700e+00
2.313854922023500293e+00 2.842841115842630106e+00 1.484988042132278085e+00 5.544630246188454459e-01
5.360638434831652699e-01 2.207898778120249705e+00 6.468749486717906283e-01 8.401621552945972571e-01
4.270497427053913109e-01 2.092198735000323495e+00 8.499561971410199979e-01 1.627595378535700910e+00
2.328571321495122692e+00 1.942191786492762473e+00 2.872483798769365215e+00 5.000020560614995557e-02
2.450383422442527159e+00 2.892918121155615641e+00 2.184681131124002640e+00 8.937798549528312986e-01
2.691136744480494336e+00 2.744211717273027151e+00 2.573429190673743872e+00 2.590560510995909116e+00
6.990597438994160528e-01 7.867132679904085268e-01 2.673863248480145227e+00 2.776932635312611808e+00
6.444975815563460664e-01 2.513396273064470776e+00 2.231539100261399344e+00 2.316558990342323376e+00
1.479348822631782190e-01 5.805060878270026370e-01 1.150861227911834428e+00 2.849423069844347012e+00
1.138878921075651363e+00 1.682454032970412960e-01 1.675483784970128731e+00 1.697339223954466680e+00
4.813969297871332209e-01 1.115213092691420410e-01 9.326191256989654899e-02 2.539037306629674084e+00
8.930166178800501564e-01 3.285014460097599454e-01 2.012954134732839240e+00 2.245219209061389165e+00
1.544557629156017686e+00 1.571623313449595827e+00 2.769777075993685500e+00 2.615552657648402057e+00
1.806370492059673039e+00 1.816363769746628165e+00 1.361869526512180073e+00 1.696945105864814396e-01
2.678478301408839357e+00 1.092129048100654032e+00 2.735311068316777838e+00 1.698740323613147751e+00
3.138243777138991497e-01 6.439629980963874623e-01 1.540545536726228626e+00 2.775899944649701467e+00
3.783129251784661529e-01 4.008927274808657404e-01 1.565360158768799526e+00 1.534706955040538556e+00
2.629526027149277301e+00 1.286487470935935962e+00 2.522578247137764240e+00 1.476173309901957831e+00
2.475957115967694300e+00 9.889784202935317792e-01 2.793935951454331601e+00 6.549218936668619317e-01
1.266228212587922064e+00 4.077343035359390910e-01 2.936573098208615562e+00 1.959786375986407370e+00
2.069371952814756110e-01 1.426862717448519335e-01 2.769395001791434385e+00 1.544094246031904927e+00
7.705416639740297891e-01 2.819803368315265235e+00 1.951226126273530648e+00 6.760938279569861376e-01
3.140813140832961370e+00 1.939396860580771653e+00 1.367953766537536309e+00 2.848013698490754031e+00
2.655054693617769246e+00 1.477378505662415797e+00 8.596310516256120415e-01 2.839800428052141057e-01
9.844911644984823962e-01 1.962126693337406858e+00 3.071241545936317596e+00 2.248753169995049705e-01
3.018359862405188387e+00 1.225378528862760996e+00 2.798896581104354908e+00 1.826681974423594701e+00
2.254403940595957501e+00 9.116863072308772908e-01 2.338080914755607864e+00 2.917956818424184195e+00
8.814319934117047506e-01 2.344427493769922211e-01 5.586039754926771517e-01 5.199514899015955649e-01
8.116729618825582748e-02 3.092240377815752783e+00 2.351049519361012585e+00 3.849589044750514888e-01
3.356270797611095036e-01 3.587299463621891893e-01 2.996887875675263491e+00 2.055516633579055785e+00
2.214157419715582442e+00 2.128700963318248096e+00 2.328520812900102932e+00 5.075823067439121372e-01
2.500403326151491967e+00 9.274875161864970519e-01 1.057330569709844958e+00 2.344841608441709191e+00
2.270817278029560182e-01 9.665943405956121115e-01 6.107337437436608507e-01 2.613076884394693877e+00
2.597176630126002195e+00 2.248989313431541515e+00 2.511228167631283537e+00 1.285422573685866876e+00
8.246054364122696878e-01 1.358050666201818357e+00 3.125879042848003220e+00 1.908081612296331553e+00
2.437220155703216040e+00 2.804494998551701368e+00 3.338575716085246392e-01 2.973634301429752380e+00
6.683589535447814756e-01 2.069058053447808909e+00 1.922357777688006863e-01 4.336048779118845675e-01
2.495372409164353655e+00 8.382121006187860379e-01 7.144929422060591895e-01 6.552511551877151508e-01
1.164385538654312130e-01 5.602126350602073535e-01 3.010396288594238134e-01 6.788660212590614806e-01
5.623876914162860841e-01 1.375573125418620535e+00 2.656529878130614808e+00 1.758447546541062723e+00
1.169153177100420438e+00 2.526376674939512679e+00 2.803696206890130771e+00 6.505707848934216830e-01
1.092507869594123937e+00 2.746506858106075866e-01 3.305736141861560090e-02 5.539542493437279447e-01
3.033633763828857965e+00 4.078985038940329266e-01 2.260433898945205300e+00 1.554898302620255079e-01
2.722619945490594162e-01 2.188929991059415103e-01 2.961446171470311306e+00 1.947056617567551218e+00
8.708288870789094860e-01 2.510716024517980038e+00 1.084974397657025857e+00 2.739586156345197754e+00
2.025430993430303861e+00 2.397561864953153155e+00 1.791532074286654064e+00 1.887614424608904162e+00
1.516651435126074476e+00 1.964772829480250449e+00 1.895894066225489505e+00 2.775917345435965355e+00
2.735513819855008855e+00 1.033454412185336846e+00 2.297038417314404057e+00 1.718543691431855480e+00
2.198329274153092983e-01 6.308562025033277454e-01 7.591877303695120371e-01 2.405905293597216943e+00
1.986267655405574040e+00 1.685647527197533080e+00 2.051754679644861135e+00 1.272093597685644895e+00
3.226315313879882796e-01 2.624007414435050922e+00 3.066977377169089358e+00 1.815391556585294719e+00
1.414764980197274147e+00 1.022327238606988820e+00 1.415738278060107991e+00 2.828632567260895403e+00
2.631800803541121780e+00 1.046451639528603872e+00 1.986644832478985823e+00 8.746009574195843239e-01
1.651701488349400504e-01 2.286140879899722922e+00 1.817123800259479838e+00 6.455049952087965615e-01
2.951480526808717642e+00 5.481280684919274115e-01 2.755818092335740488e+00 6.761771513535212719e-02
7.867725160821358310e-01 1.674435372408231482e+00 1.196764011986661380e+00 1.261093840745824313e+00
1.024528110923985658e-01 1.895594488952460299e+00 1.597816089463715450e+00 2.165975390869884498e-01
1.684135013940545322e+00 2.588741262091841300e+00 2.630921588924485022e+00 9.977043541701673401e-01
2.600331822642928170e+00 1.173074234741331878e+00 4.368578831876446800e-01 1.242385967634863420e+00
1.963377473339061874e+00 9.723488105964285255e-01 2.531168148383654004e-01 1.966645147938056448e+00
1.700484629960965499e+00 1.807542302285634950e+00 4.449698071825632928e-01 1.448274553343439131e+00
1.811059054512258459e+00 1.038138522757798388e+00 2.864804323779934325e+00 2.949407910506603336e+00
1.638277537105378601e+00 8.414199699352530315e-01 2.512840449318071823e+00 2.883442303823485098e+00
1.418309566743956251e+00 2.580975370814139414e+00 8.812608304431839290e-01 1.443018005103502865e+00
2.173429681828911164e+00 1.651967338052888756e+00 2.378342860125885583e+00 1.268963653888796284e+00
2.403208635639914270e+00 2.722022796987205950e+00 2.756713772245502181e+00 2.653867126026209000e+00
6.481539425617673933e-01 1.401211677956328394e+00 5.539605046640353470e-01 2.990046788321552462e+00
1.909630969714722237e+00 1.109952585206321229e+00 2.748817249416258157e+00 4.159701716057987997e-01
2.475156396924879765e+00 4.527078760237924354e-02 9.835711083516652797e-01 7.712675717273382858e-01
4.620569322003109658e-01 1.694369461888102668e+00 9.906181761296130039e-01 1.705146061076900255e+00
9.323102820440126726e-01 2.511893363721138694e+00 1.147194112097633445e+00 3.020909250963072501e-01
2.507271420981096455e-01 1.270116973532668503e+00 1.922931234385316879e+00 1.561384503551009051e-01
2.188104453345774747e+00 6.750244603479961247e-01 1.799197458127549609e+00 5.856208008985845925e-01
9.576025644010004445e-01 1.626009829174784205e+00 2.287712904189632024e+00 1.888533644922087973e-01
3.507351255134446566e-01 1.817075609524035684e+00 1.774261664905573799e+00 2.205279773655155484e+00
9.784729857742514580e-01 1.263787701873137381e+00 1.202500005359550261e+00 2.270330529593507674e+00
1.623322593017038740e+00 2.548972742031449190e+00 3.070194055790670173e+00 2.699055668412745579e+00
1.206177473616427021e+00 1.631480202459874906e+00 1.445388259052684976e+00 1.262856730134536143e+00
2.812369653337574604e+00 1.156528042008996726e+00 5.802979088656959883e-01 2.928548457571689134e+00
2.237973531588273612e+00 2.593996416882527356e+00 1.735230560751274353e+00 2.731792511391797795e+00
1.661757647518075975e+00 4.994855614496938601e-01 2.634198575845709378e+00 2.861424340251930154e+00
1.506803035363196042e+00 1.314177881808380244e+00 9.832868579764127981e-01 2.189018887320422380e+00
1.408320904289723785e+00 8.909999395805613398e-01 1.456067335695449549e-01 2.431950661494153287e+00
1.043664984787822325e+00 3.136970719006050512e+00 8.728626387599508485e-01 3.090717354438238029e+00
5.331927392409018668e-02 3.057955697979961140e+00 1.530483861836054782e+00 1.378643782921526784e+00
1.385161613757223575e+00 2.702139526196365882e+00 1.128386053100069786e+00 1.152785892407555579e+00
9.054228564198836260e-01 1.922260901005762079e+00 2.127598566222723253e+00 3.023985144831677019e+00
2.701179369153706933e+00 1.962408051322786617e+00 2.603059146762009224e+00 1.281250288728705833e+00
2.788226351977467488e+00 1.333858825828165617e+00 6.790330590640161201e-01 1.250008352354953667e+00
2.488856639542949445e+00 2.262765923818597091e+00 1.287454130402816199e+00 2.005198916441764290e+00
8.828007612939867688e-01 1.264683172324735150e+00 3.112307622348841729e+00 2.991069640172003385e+00
1.621557744254723543e+00 2.508355807731408316e+00 2.172802304631918258e+00 2.853020948570290649e+00
1.081485534236213075e+00 4.952052853680951050e-01 5.861954537889219052e-01 1.672651352089908006e+00
2.820070159166539803e+00 2.666625760416122759e+00 5.711710574927133521e-01 7.378848442479581937e-01
2.250463939899863153e+00 1.027429788730347626e+00 8.492865364556949626e-01 6.710978650565878612e-01
7.486033026837488613e-01 2.395900017770027368e+00 1.164869112900328130e+00 9.332054581515142333e-01
1.971953516371698356e+00 2.726472218608389841e+00 1.761830741303895387e+00 1.722297757177686295e+00
2.216323265475978577e+00 1.553383526159902939e+00 2.644578389102483218e+00 3.005582845748629772e+00
1.866883098049384015e+00 1.193760816443798722e+00 1.513370431292835105e+00 8.111102714557595350e-01
1.019298968033189423e+00 1.639856345043150698e+00 2.675439977072297193e+00 1.820079635251714789e+00
6.078415736312513529e-01 1.173046566007125424e+00 2.767444974325603990e+00 2.188368250021860639e+00
2.504936509299007685e+00 2.950525324732768961e-01 2.462609902999961520e+00 2.597669514582545691e-01
1.458668473758517159e+00 2.458898354741515302e+00 1.398546426057842407e+00 3.645204860002446146e-01
2.922021553174218411e+00 6.446838516212415326e-01 7.649121365516278193e-01 4.465754932032680036e-01
2.211893709386814955e+00 5.467836660859847209e-01 3.131092732590888827e-01 2.053791822116532995e+00
6.956751473978602940e-01 1.255878079746154841e+00 2.702277313995996355e+00 2.808455507711833832e+00
1.751235763141188118e+00 2.807378269376050284e+00 8.864495146672622949e-01 1.666876084979789230e+00
7.978295154539893907e-01 2.442056648990791334e+00 3.428424978860293293e-01 9.428810502605143862e-01
2.407745723907359636e+00 7.350396328162498438e-01 6.867673660950644743e-02 5.372796582724268522e-01
2.159667041157715239e+00 2.211046184532497738e-01 1.556114902782075760e+00 2.726591165991569810e+00
3.457000385983831636e-01 3.167849866174165391e-02 1.792009151267247580e+00 3.107898192963733042e+00
2.762504755685157409e+00 5.853314308824010270e-01 9.469335062484174337e-01 1.254576312975045793e+00
9.582500735590787633e-01 1.073883678360559202e+00 7.300506100198450588e-01 1.668630167466719438e+00
7.127056270950075101e-01 1.009695031897783979e+00 2.835593251583077734e+00 2.927864644002860395e+00
1.242495232244623882e+00 1.109245026142705370e+00 1.442969646569423947e+00 2.334973183042091005e+00
2.114179073268562359e+00 1.978076192561214031e+00 2.679865363917810051e+00 8.241134814261757979e-01
1.722233580078617265e+00 1.099048918115935525e+00 1.955724281747524662e+00 3.018727284747045325e-01
2.242657156979970701e+00 1.402795333221827256e+00 7.301358686672775322e-01 2.832426030833969488e+00
2.320324368365339840e+00 1.491570103874209963e+00 9.889932752671201088e-01 1.828885252759511471e-01
1.904501077368796702e+00 2.461338089262484541e+00 2.416871490225163122e+00 2.042570313309176822e+00
1.483754532857434416e+00 1.737347567569965667e+00 9.767881002683677094e-01 1.166670139842267195e+00
2.201537266970641671e+00 1.367506303491299979e+00 1.914719046659245860e+00 1.336801671270200220e+00
2.127764475211485262e+00 4.273672510315791873e-01 1.586858407108171498e+00 2.444998516598632321e+00
2.186312969697274067e+00 2.620122228174086132e+00 1.149736417597499338e+00 1.985104364282160638e+00
2.842295837704104322e+00 2.443619379784409240e+00 3.103626467379771992e+00 2.418836583869740764e+00
5.415934512120015309e-01 2.199817259185999685e+00 3.016560879458884958e+00 2.052906958721898434e+00
5.748994132888841646e-01 2.323683835387063024e+00 2.191399074603761044e+00 2.175580880217672153e+00
1.587864892908631864e+00 8.872606042334684195e-01 5.873769664101986532e-01 1.136548324634969021e+00
6.570060811077373941e-01 9.643045710411234372e-01 2.119390152195163246e+00 2.434620206014933785e+00
7.455887054622868382e-01 1.490935641518614352e+00 2.147861861725695487e+00 1.943513779075113579e+00
1.420343981316110282e+00 2.490780462229541303e+00 1.259063461776431359e+00 1.531706882855057072e+00
3.148415254481846115e-01 1.581703187289008161e+00 2.482562238667683774e-01 1.450134087743229161e+00
5.226541503504734676e-01 2.515574997161754034e+00 2.825084374194785308e+00 1.805646348929076606e+00
4.730205050869034644e-01 1.090658163109116785e+00 2.582033276720744119e+00 2.376550830398424186e+00
2.669805119793172477e+00 2.283615338607695389e+00 2.908017379332905605e+00 2.970660490251633590e+00
2.723707877004425182e+00 3.068583379947613210e+00 6.445859001169268465e-01 2.196979916868234961e-01
2.704589314186465199e+00 5.982684597103479218e-01 2.430888388724303351e+00 1.897488417816062922e+00
1.594112245510962866e+00 6.572965329970064108e-01 3.052971738737423557e+00 1.577296725512505438e+00
1.117614026831643903e+00 4.107682532578763590e-01 2.248359772725425199e+00 1.629274251990523670e+00
2.396386596710851524e+00 1.897809405279005324e+00 2.215579015501169646e+00 6.770616310000925342e-01
2.294776019638434583e+00 1.195103764113239597e+00 9.929493271426080847e-01 2.032550470867556525e-01
1.115062633781260582e+00 2.510661217957331548e+00 1.053151636805195634e+00 1.844755789124916889e+00
2.776151673610737780e-01 6.047725064117749350e-01 2.861287153661037586e+00 2.404857453655460553e+00
3.083562460149132711e+00 1.781717024240501435e-01 3.598166446059233303e-01 1.622181056442695002e-01
2.275391556695444351e+00 2.492771045261173768e+00 1.199625955064846039e+00 9.606876573078101389e-01
1.096296483917923892e+00 9.758594399597949609e-01 3.440630800673816214e-01 2.691925950746689278e+00
4.669224743768414787e-01 9.795218069325112298e-01 4.349326664513099017e-01 1.077054088627310557e+00
2.949751965803712572e+00 1.927515784332253901e+00 2.797676785184946890e+00 3.133483354702917278e+00
2.973910172832350707e+00 2.157116383899369438e+00 8.072933444786942192e-02 1.354363312367998784e+00
1.290435531304742200e+00 1.441401565344348601e+00 2.507610270126076069e-01 5.674463016543234151e-01
2.282134458844946590e+00 2.730516070493834491e+00 1.087167141578282203e+00 2.033038488986984582e-01
1.106447520775125509e-01 2.314879711757163339e+00 2.277032423157606011e+00 2.740349182695824837e+00
2.847651228462194428e+00 1.435233802211825616e+00 1.013265165794743128e+00 3.091085124346154567e-01
1.169429321110893927e+00 1.645552643944850457e+00 2.825948246365619365e+00 1.696974331131658076e+00
1.555598830290538581e+00 1.361529229689712572e+00 1.314850130923967297e+00 2.388293689760781380e+00
5.118520569475021320e-01 6.891871508702822613e-01 2.490218848706672095e+00 2.525396532676117967e-01
1.398999353796339107e-01 2.034566159239374450e+00 1.808796892692106972e+00 7.763016395566573191e-01
8.613873109902365766e-01 2.419875937393844545e+00 1.463005481059231228e+00 1.168018668698565521e-01
1.836383505163503349e+00 3.114592271300277382e+00 6.493533211083176715e-01 2.398054369004653186e+00
1.110383613668328939e+00 2.713423817797511184e+00 1.256363460957405254e+00 7.480713146365957078e-01
2.949505771454619119e+00 1.095286120418575981e+00 2.618984390251275052e+00 2.832583599982060552e+00
1.892042702851598701e+00 1.774474399021250370e+00 5.140908204678880100e-01 2.398679709510206592e+00
3.124749663164639202e+00 3.894875049820477608e-01 1.906461890948426996e+00 1.472711200915571172e+00
2.046967259002151485e-01 2.297114047582689889e+00 2.756830645269701119e+00 7.232986854457423842e-01
6.015323638745453394e-01 2.551045775805108828e+00 4.002559037745265225e-01 2.144864951718706170e+00
1.490144090598202187e-01 3.805460703577252801e-02 8.626701251445104829e-04 1.581224832080819542e+00
2.783376354009481801e+00 7.072051325351100814e-01 3.106578271593191776e+00 7.211158485291424558e-01
8.279454428642644970e-02 5.171378894294649253e-01 1.781310344238675514e+00 6.634402968664007694e-02
9.478766542980083809e-01 3.449828937885657809e-01 3.590932045782299076e-01 6.000540228824794431e-01
1.221404967043101975e+00 3.334409061046954559e-01 8.867233089064222584e-01 2.214224789656411563e+00
1.904857434872976762e+00 1.336397256332282790e+00 3.030146045071984595e+00 2.963286855802406805e+00
2.825937291389770234e+00 2.292940421978231669e+00 5.927019303787025573e-01 2.536105815679746023e+00
1.581810053328444043e+00 2.562625269941380401e-01 2.494881098641591688e+00 2.202027607362989858e+00
1.539645625092498582e+00 8.120713957066819644e-01 2.388112592208868068e-01 2.958763880101500821e+00
1.464986262761752478e+00 2.549566442918946851e+00 3.130225312101342916e-01 2.533149345345091952e+00
2.984148210602363349e+00 2.495133001195239508e+00 2.987999804968284767e+00 1.855047994705039560e+00
2.184801509893516958e+00 6.416004537168584765e-01 2.825209934600124151e-01 2.658294283001590763e+00
2.464301828337979838e+00 2.132059726587938187e+00 4.888307602848238620e-01 2.983365976175576417e+00
1.561784136506990661e+00 5.582349908548575046e-01 9.570367676596828188e-01 2.422086301965745481e+00
2.912265123279890400e+00 1.895364392941705889e+00 8.339411871348408889e-01 2.609982880654672321e+00
1.559632907266797597e+00 4.754423504745468043e-01 2.337241100978081576e+00 1.900165556850724524e+00
1.986634872220293335e+00 9.181760138238008739e-01 6.966123633622338662e-01 2.425525726469461407e+00
1.767724338438637410e+00 3.111329811300248327e+00 3.061003310114052134e+00 1.776598905737496903e+00
1.329415980011075193e+00 8.529398679798575467e-01 1.249442682110512459e+00 2.566401275798763093e-01
2.609613371800825643e+00 3.071734638611625545e+00 1.365025960545922734e+00 1.555055583687919185e+00
5.469735960168491395e-01 2.118512027319370272e+00 1.765730399087281910e+00 7.343053485133543834e-01
9.529500926412433071e-01 2.756731165765633929e+00 1.622500809301509861e+00 9.904718961562336554e-01
2.526076621292181468e+00 2.162234045570961882e+00 1.905495146247480620e-01 1.014984394959757008e+00
3.130338798276983248e+00 2.306346451388792573e+00 1.191748105884341269e-01 1.570216786715440405e+00
2.424934920504838054e+00 4.226135764133563955e-01 6.393164083507403561e-02 7.299465902521454774e-01
1.453759626350082490e+00 7.943269730517605876e-01 2.070225301193590717e+00 4.077789385717209281e-01
4.548943735104919034e-02 2.990092741092559070e+00 1.190381367153906300e+00 6.824488180455168251e-01
1.641742522761092893e+00 1.711726400827599859e+00 1.937896739286187331e-01 1.263324402109836875e+00
6.901952957788342058e-01 2.055731364642622960e+00 1.879463214434554219e+00 1.348304514815442445e+00
1.133918049573041653e+00 2.414064304624072399e+00 3.109541200885953760e+00 8.477701361761654786e-01
2.957889196738002102e+00 8.420981094166575254e-01 1.970173712931525767e+00 7.451343335320366190e-01
3.024912897387787236e+00 3.096003756947705909e+00 2.572540825791104768e-01 1.223074900691126343e+00
9.942189098515022416e-02 1.630785283927214557e+00 2.383822719502477483e+00 2.672938073697410655e+00
7.548263156579243516e-01 2.611300543360062232e+00 6.701725652270945632e-01 1.426166456590080456e+00
2.216741088019032357e+00 2.817005422086449329e+00 1.919081790456814707e+00 2.636271996282586016e+00
1.268172122276886693e+00 2.257019626711930016e+00 1.962928617807289555e+00 2.005414771819876485e+00
2.516399494923752478e+00 1.654151901899233446e+00 2.738579999363110140e+00 1.401737679138214787e+00
2.921309145193752843e-01 2.033650576840282387e+00 6.021892367738794771e-01 1.713398304151642071e+00
1.268752255048229305e+00 6.813616135775933946e-01 2.962120941308941102e+00 3.760936761658562610e-01
5.945494204564693436e-02 3.023628702992295025e+00 2.615606082080383921e+00 3.077482186104810863e-02
2.123732064324233004e+00 2.915843302008476190e+00 2.599740654264897532e+00 1.380017027617469472e+00
8.722852964355450878e-01 9.883608828415543779e-02 1.756107659785070663e+00 2.566064765747927190e+00
1.752215228108190415e+00 2.246744080643602093e+00 3.992001220467767952e-01 6.745580633639747248e-02
1.607602937943399368e+00 1.656791572215577935e+00 1.780912195454589897e+00 2.488634191076844804e+00
1.994204779261058214e+00 1.065505578265735886e+00 2.495930335768727915e+00 2.951875401049525394e+00
2.617636659476065830e+00 1.928249195097133439e+00 2.641096641348685381e+00 2.806921118579733587e+00
3.049327035924603857e-01 2.194260340074098536e+00 1.835122675443448204e+00 1.954073029381190985e+00
2.720450436311356412e+00 2.283038478476183908e+00 9.855891908700890047e-01 2.454022562967176135e+00
2.331571380317354336e+00 2.058601931731889878e-01 1.467797341013896473e+00 2.099151696821232704e+00
6.251722239891720490e-01 1.496743813979289905e+00 3.016344639118780258e+00 1.241401996715686407e+00
2.991092149361557873e+00 2.343665254685002530e+00 4.663257955453763426e-01 2.987238837138856518e+00
4.760385871848956119e-01 1.280022510780578493e+00 1.659214410455587485e+00 2.246692410565442000e+00
4.688069073799926434e-01 1.975955090027716188e-01 1.442474873666876212e+00 1.077990446876023523e+00
9.027080982686465083e-01 1.774148431354973576e+00 3.058584131636966852e+00 6.090898189086022541e-01
2.446910610125790697e+00 2.594673194938858618e+00 5.225157546568760525e-01 1.378804487135603773e+00
2.630322479762658094e+00 1.012613828066628585e+00 2.616828465637835777e+00 1.649052090424079076e+00
3.049836161765881126e+00 3.844528300330298798e-01 1.748773135921757316e+00 5.382941145342887701e-01
2.625200372843436547e+00 1.288018109613827400e-01 1.517975172292693742e+00 9.554986337197919344e-01
2.835967772506092999e+00 1.023954987598150179e+00 2.704735686472958256e-01 1.949757401459503159e+00
2.514254653267413153e-01 1.223280028756415172e+00 9.878307116076873173e-01 1.569830511973947296e+00
1.120763298915225414e+00 1.375388963181889634e+00 1.186444605836165955e+00 2.749332840315413584e+00
5.435780949889730262e-01 5.356825276411970871e-02 1.388666716120579014e+00 3.296821437852441306e-01
1.837722677481380851e+00 2.999679847463290194e+00 3.051697336495966972e+00 3.524005139229371975e-02
2.149640328964925295e+00 1.337468005801999649e+00 2.093238235788417168e+00 2.229200693324114191e+00
1.600652300124231431e+00 2.369176659708433608e+00 2.588329801437398547e+00 2.960698755641491431e+00
2.422377448376403120e+00 1.581679401816040442e-01 2.594208211718236345e+00 2.839611334245006891e+00
2.143909750331042918e+00 2.538236308436015443e-01 9.865866525798067110e-01 2.854078336409957117e+00
3.491874568724672723e-01 1.821220392267425825e-01 2.157830834904282291e+00 1.896669999171818555e+00
7.270914008114348626e-01 2.414414973104830331e+00 3.053225869082647925e+00 2.912916903350866171e+00
1.286510971896550171e+00 3.059838383621187319e+00 7.095404807969245553e-01 9.676108759192229014e-01
2.600695942301435970e+00 8.086371780537620069e-01 2.709432405773662289e+00 5.986738754843931032e-01
2.168980221034360056e+00 1.557512963460091937e+00 2.493281101953692236e+00 1.239354506264097600e+00
2.134938905140383869e-01 2.649406051079287838e+00 3.036782285274763460e+00 7.338272807398719122e-01
2.208002780108083929e+00 2.651240283531842490e+00 2.306341065033539639e+00 3.309356179920046603e-01
2.919062827977284780e+00 1.315258790595475791e+00 9.732359789660024463e-01 1.314336900232235150e+00
1.715018601594061387e+00 2.204495040330775701e+00 2.846430112766701992e+00 1.831160232173070002e+00
1.914864465792746273e+00 1.100072416447078066e-01 1.728041769168572328e-01 2.869627224605249438e+00
1.389612114133729204e+00 1.420778347818373977e+00 3.114447956134140494e+00 1.335077035343352536e+00
3.037617359349270796e+00 1.516316127050057139e+00 2.196724784543153675e-01 4.797305188771925910e-01
5.226281392723645114e-01 8.780270020381688578e-01 1.022283349581663003e+00 1.031027334917757887e+00
1.275963481299214664e+00 2.226968273704045487e+00 1.062691842749901916e+00 1.195974035059169216e+00
6.233533825428223540e-01 4.544925925892790504e-04 6.135726175455807896e-01 1.763133266989019177e+00
2.689171093686852032e+00 2.072464864896145453e+00 1.128842850634376394e+00 2.223920045584180993e+00
2.775861486800012656e+00 3.068579447967141771e+00 1.358333987400758724e+00 3.728372498086755527e-01
1.810205888057853540e+00 1.522872259368839742e+00 3.019443845504218515e+00 2.933634386890075163e+00
1.206229243387025862e+00 2.794719557372455920e+00 2.301492554797937906e+00 1.489035117602219627e+00
9.152353331917090218e-02 1.126471594691211386e+00 3.032021636702910694e+00 4.614032483032431409e-01
1.751301519187983269e-01 2.319247591344446136e+00 1.367831921061704259e+00 1.648234564712666383e+00
2.638916374590162484e+00 3.052801741332496821e+00 6.574167664929934929e-02 3.085976242063237063e+00
9.204350451366809516e-01 2.513565104251450633e-01 1.590141063661171472e+00 1.047527392517120237e+00
2.116417344596163375e+00 5.295294335617685422e-02 7.737802759802138164e-01 2.452378310682953977e+00
2.492620737343179904e+00 6.522006271679007261e-01 2.653953698549948448e-01 1.630083912133824642e+00
7.510202606846502205e-01 1.045297439292062203e+00 2.464919309919195278e+00 1.233531160705933383e+00
9.519629353094172242e-01 7.218517689860064479e-01 1.806645438313559060e+00 2.479467024560244592e+00
3.327725504319695160e-01 2.864797833180420472e+00 2.369529811715868739e+00 1.969112073250415484e+00
7.425389578475780628e-01 1.406809329052166602e+00 7.525456059100070760e-01 1.399631402774380584e+00
1.926718592482605352e+00 1.281737585504023169e+00 8.818859185642243803e-01 3.380686109387384120e-01
1.054949438347703827e+00 3.123825090139048744e+00 1.832880385361047804e+00 1.036794908365918255e+00
2.697032490139885663e+00 1.286769311887588252e+00 2.633403376913341809e+00 2.106179787087103961e+00
1.785698392174163152e+00 2.857377828006273379e+00 2.953573565848334415e+00 2.246530644326022730e-01
1.869390544980518376e+00 3.136236748404498620e+00 3.380911517569536451e-01 8.520952491514374172e-01
1.146181338753621493e+00 5.619283790081996445e-03 1.989015420483921659e-01 1.011861120564811811e+00
3.003911983948295283e+00 2.837501741437408853e+00 1.693189019392148609e+00 1.900106348735068007e+00
2.434879241633246316e+00 7.002456425188939848e-01 1.136101795694750338e+00 6.710427018237291596e-01
3.062518365477482796e+00 5.366217119836077520e-01 1.242676243055043539e+00 2.870763375404702167e+00
3.957936681950721680e-01 2.918948762651709217e+00 3.143017206266979224e-01 1.557806799181467694e+00
1.031321283500743861e-02 2.657628201755262154e-01 1.653873768496740615e+00 2.610398110891881007e+00
2.572606061131418098e+00 2.500566457905027296e+00 1.291283838561990249e+00 1.004645348798260729e+00
2.688892958801734956e+00 2.904757972622551421e+00 2.904796755401790165e+00 3.114865795145207450e+00
1.522798965041574082e+00 2.996147124861480382e+00 3.117564433002047775e+00 1.390900827409042195e+00
1.826911505102813305e+00 7.283674391841925277e-02 1.474665866102552902e+00 1.237697040863804610e+00
1.906450709134290600e+00 1.588223432966973769e+00 2.777892313877446284e+00 5.490248178867899176e-01
1.284044266430950154e+00 9.285583563344407265e-01 3.044695836604209283e-01 2.907770667326349034e+00
2.390467802235639316e-02 1.289052029100141272e+00 7.448947582919334121e-01 2.265854577790266777e+00
7.922217997351345131e-01 3.961890730401423921e-01 2.786603731849587096e+00 7.931917976582709695e-01
2.537211956841605609e+00 1.153732746161336475e+00 5.488373900519290249e-02 1.102317070790820530e+00
8.079967388224731373e-01 2.882097557588982450e+00 1.408355847677274619e+00 3.782711551196389632e-02
1.008238814625276730e-01 9.391788077538274493e-01 2.087865591977867030e+00 2.420435727900871914e+00
7.290744507084632176e-01 2.222515648053902559e+00 1.317089285041784352e+00 2.750063341150696061e+00
1.664645766090781853e+00 1.109912741238095135e+00 2.504033864603951276e+00 1.282195081646756663e+00
2.739828811087416494e+00 2.668305480190220180e+00 2.166068398721820998e+00 1.005735191937292328e+00
1.225739947917533490e+00 2.759286210090253988e+00 1.086675992005864400e+00 2.252113200214429511e+00
3.120517113209798854e+00 1.355461321580286871e+00 1.595320663761178537e+00 1.438266188320099337e+00
3.101455274735083201e+00 1.033898749747928392e+00 2.293104147418529859e+00 7.195899439274475728e-01
2.242794264092937251e+00 9.154162175339642937e-01 1.446120200582503568e+00 2.371848572881883221e+00
2.363664445890704957e-01 1.535186870026017836e+00 6.887944146694392478e-01 5.332487802118951459e-01
2.188842848956995102e+00 2.187049723250023447e+00 1.575848113651778126e+00 1.391569705606740648e+00
2.820400084512442174e+00 1.750908664850533203e+00 1.657113333817736400e+00 1.079929140011206101e+00
1.235158873184442507e+00 4.602671186166851780e-01 4.519476034218866678e-01 1.225849255956215217e-01
1.928390425702906086e+00 1.158154156002616508e+00 2.135480630417171621e+00 2.329854084692388749e+00
9.756462642897317794e-01 1.153883087180435751e+00 1.600861520186555476e+00 1.545047394297291321e+00
3.095096788994910586e+00 1.243950683903765286e+00 2.285329964985809870e+00 1.522127048768856517e+00
1.308167787392703119e+00 1.335302308026075968e+00 8.250114003548175701e-01 2.432202989825765549e+00
2.281754827559203669e+00 1.715234199141263405e+00 1.620316997881573240e+00 9.152479470535587192e-01
6.015233871097035445e-01 3.363046039596189751e-01 3.030421351736455993e+00 2.197568626215995025e+00
2.229755383728226015e+00 4.766265449628681594e-01 1.707613161914567079e-01 1.728507144430596165e+00
1.967593493699559826e-01 9.942543948928674047e-02 2.781362174232095086e+00 3.188305802850099346e-01
1.263348501667065582e+00 2.779905052675392341e+00 2.200962958125021629e+00 2.976724057898525899e+00
5.685172356089134293e-01 1.684026778746132491e+00 7.007453334782126619e-01 3.133212547894792976e+00
4.062845617118080593e-02 2.739482620981909644e+00 2.077784385841694448e+00 2.393613566507494461e+00
1.675876281431728954e+00 1.504876647856337124e+00 2.081457533558505713e+00 1.067133815881055048e+00
1.309835093442225595e+00 4.173751892237358430e-01 1.605639886853818421e+00 1.162197432910923034e+00
2.396020212639675684e-01 3.052387810742212881e+00 1.343205743581362466e+00 2.482782425037390439e+00
1.014213024882292036e+00 1.923876923737562805e+00 1.739647356338009265e+00 2.112346407615019128e+00
2.865466501573905145e+00 9.548805739167808282e-01 2.895898981998314081e+00 7.840852751660383202e-01
2.592721421714211161e+00 5.396522835500322524e-01 2.874245016769676919e+00 5.518651817507398416e-01
1.944331434024889171e+00 2.452713966589002315e+00 1.480933240800510697e+00 1.631103345265344284e+00
1.920313515673216509e+00 1.242469259544502158e+00 2.853056155297284402e+00 5.577996444455791680e-01
1.219772687822363366e+00 1.623751274348765650e+00 5.124368326079459246e-01 2.198801712875415593e+00
6.300615464315955094e-01 1.059724444223123729e+00 1.088486733674687068e+00 9.403273178606642579e-01
2.638936291430950654e+00 1.570613296210689791e+00 2.425899051056969125e+00 1.933437407584564394e+00
4.867349776352108415e-01 2.787166500254427692e-01 2.489269124812328204e+00 7.478017677890159698e-01
1.252254525657087392e+00 1.647330859889629462e+00 8.044076754338311819e-01 1.121165191111232584e+00
2.933961620322234953e+00 1.315081961647894149e+00 2.440661733490548713e+00 2.642651886969806796e+00
1.362060291396611778e+00 1.908266341536850819e+00 2.107402704081216882e+00 1.699108009012371134e+00
1.933687654506569986e+00 4.394153967095444369e-01 2.989880389799680405e+00 1.748209593964305197e+00
1.263226707751076150e+00 2.218279558657874073e+00 2.359318127976469004e+00 1.816952419987428458e-01
1.675870403460070435e+00 5.489810830730598168e-01 2.714064862593884797e+00 2.601357236627644287e+00
2.450196015487915879e+00 7.263144162255746883e-01 2.517309757870511699e+00 2.833823599022376349e+00
9.605902805265664757e-01 1.779458508860972898e+00 2.069795655062049988e+00 1.042819517062341328e+00
1.220702003562657456e+00 2.111592590637815903e+00 8.353465128862631595e-01 1.552543846889119061e+00
2.042553419919765911e+00 1.240304017405404302e+00 3.048995029382303379e+00 1.580798333072443995e+00
1.661191887994425409e+00 7.827541479617102782e-01 8.072695173897379561e-01 1.885488597161323554e+00
1.193612554679240878e+00 1.015897675756312735e+00 2.243319953077285600e+00 5.918375869460703598e-01
2.901005598573031197e+00 8.845444765678431853e-01 2.855654620283027967e+00 9.924289419497589471e-01
1.481078841459684714e+00 1.966658704681195413e+00 3.052248685286937047e+00 2.619895173652287301e+00
9.464321451699305721e-01 2.134964769469315460e+00 2.655556064323212340e+00 1.845588727650887106e+00
1.164998012110976422e+00 1.440304816978731361e+00 2.039786156607791945e+00 1.250398052869280408e+00
9.601436060179326104e-02 2.783055332104945379e+00 1.996568558993086606e+00 1.364883861006399579e+00
1.516769568811818347e+00 2.673775467025524932e+00 3.016018788008174134e+00 2.785963942452376774e+00
1.935944130085561321e+00 2.845884969193632763e+00 2.485563205941720977e+00 1.796848134548995890e-01
1.653270317618457996e+00 2.217046471568123067e+00 8.089949037098160822e-01 2.835185775961260202e+00
1.528243822367744142e+00 2.651720369848711734e+00 3.095302902423028968e+00 2.568704356816319923e+00
2.007753162435416350e+00 2.182690819338210186e+00 2.590709964978166635e+00 3.137256376004298630e+00
2.418758511666149857e+00 2.332679496562377164e+00 6.329472127292243844e-01 6.995161151033370273e-02
3.008746813349097771e+00 1.119839856750576290e+00 2.866246516196865102e+00 2.885935779395700340e+00
1.653236735168737370e+00 2.709575990937055145e+00 2.222352088725304764e+00 3.083862419092763485e+00
1.677551882466538524e+00 2.084678173570142956e+00 1.990993391323654604e+00 1.659868627283440867e+00
3.033265018071503061e+00 2.482437072572792225e+00 7.651545907864476526e-01 3.069129268127455124e+00
1.387544125205049106e+00 1.811359787965387103e+00 2.195787552779969065e+00 1.192618602965610730e+00
2.046382403782140535e+00 1.627626450674247938e+00 8.038280124806751470e-01 3.347378543546956631e-01
1.473550162493907800e+00 3.116666546826880158e+00 1.480594359655774683e+00 2.013103166185588488e+00
1.549792171298297161e+00 2.037408209215718191e+00 1.168672663580699045e-01 6.334377021045305423e-01
1.132706859522040199e+00 3.117817675035830516e-02 5.835122072794560744e-01 1.457383774099126672e+00
1.473686824141752227e+00 6.603529493396691208e-02 1.544413503284076949e-01 3.071831189664280259e+00
8.118482969230270685e-01 2.731482528601009818e+00 1.711519820869201958e+00 1.647879411716936859e+00
2.676503129282097326e+00 1.898587014053547462e+00 1.152481106205908379e+00 1.600024294315455897e+00
1.929677405581146532e+00 8.359710193704686931e-01 9.643150000420611656e-01 1.207542094247010311e+00
2.462780699004801566e+00 1.604746816746225990e+00 1.824712701178530905e+00 1.534007680526073836e+00
9.326888115766902576e-01 5.118261848447299700e-01 2.070202549634851064e+00 8.612883627572068823e-01
1.006927119691510164e+00 4.484478969718693614e-02 3.136864640130158755e+00 3.513960292934545371e-01
1.275411986066316672e+00 2.840368945364613040e+00 3.069277715987049238e+00 2.868870653067576271e+00
1.464838080165056455e+00 2.952289414500111064e+00 1.336769355410054871e-01 2.614309450466441032e+00
2.454807495799383510e+00 1.307018158697100585e+00 2.280304322310081400e+00 8.844215944787884309e-01
4.975365294269633587e-01 2.348347849962626022e+00 2.667593337960480149e+00 1.577413577504983122e+00
1.690964720841697577e+00 1.360144838186518879e+00 6.863716782705637787e-01 1.741321774023316893e+00
6.399212171813255245e-02 1.528451418330826483e-01 1.170759812027826641e+00 2.206223201111240595e+00
2.890595835655041856e+00 2.364457991417696636e+00 4.366447443849863497e-01 1.845629913073888240e+00
1.555618842503705190e+00 3.034633094355838612e+00 2.959400937185518998e-01 1.761898631962712125e+00
1.502666499165586922e+00 2.416185759997346416e+00 1.930841065630942988e-01 1.159986041770507903e+00
2.320987469808124537e+00 2.038332363649128620e+00 9.034201296382584623e-01 2.215799122150660661e-01
2.775822894031930943e+00 4.650411868995184099e-03 1.535484537231059710e+00 2.562418936877700393e+00
1.879822722080575659e+00 1.050902255020489617e+00 2.291751913084702164e+00 3.725378449110725576e-01
2.356043827079509878e+00 1.341249056287934782e-01 2.570098035056440633e+00 3.080311858255537327e+00
2.258305229686887294e+00 1.404420269573747548e+00 2.899944949223495438e+00 2.287831901429218995e+00
2.582172443357001468e-01 1.679587630614899130e+00 5.600335387963556455e-01 5.670957939727659936e-01
1.187733870269938041e+00 1.887345448260466796e+00 1.259419619685225311e-01 1.378769042451685634e+00
2.697098441483798403e+00 7.393504099582812739e-01 7.757813294192490439e-01 2.868563808769568180e+00
7.380501272804127488e-01 9.529250520103336175e-01 2.299886627610956205e-02 1.119050380894776181e-01
2.004827738825162298e-01 1.348504210734384978e+00 9.470333946208107090e-01 6.048212879047411006e-01
2.706014698045698275e+00 1.035101183367132666e-02 2.583500588095947403e+00 2.792408642211628766e+00
1.473708274072389024e+00 1.315877145342534860e+00 2.938370824307650953e+00 3.089474594223347026e+00
2.830428146191699135e+00 1.617536232566849863e+00 1.518992187733252397e+00 1.088753856891038652e+00
1.703678744758599706e+00 7.333646821114334080e-02 7.718089640484446790e-01 8.396158402177407165e-01
1.655369045977164610e+00 4.960279488037322437e-01 1.384397050385066108e-01 1.227275028935898682e+00
1.711414394337954503e+00 2.074579745694895117e+00 1.854165787575767999e+00 2.233377340737459527e+00
1.873672854299686330e+00 2.846291441417206691e+00 1.394415126449304987e+00 2.801527487876793288e+00
2.673363864773873555e+00 2.787753487158249666e+00 7.185830835491163748e-01 1.233144104891763515e+00
1.229186931177321584e+00 1.025742859441468147e+00 1.863159029899437158e+00 1.127756414500993842e-01
2.341985832070530460e+00 2.123546730470176946e+00 1.516468915598416567e+00 2.678230999873803420e+00
1.936908581932119011e+00 5.760130001362425700e-01 1.075378408385499585e+00 3.009303287460648679e+00
2.676526040951396901e+00 2.526132704845167609e+00 9.895975290211441733e-01 1.010851386328388113e+00
1.545218675488289894e-01 1.803067448019989971e+00 2.019160656190892578e+00 1.086885717471974822e+00
2.862179715460436480e+00 2.038963873201608212e+00 9.794914586266637579e-01 2.731477018981704585e+00
2.939827807512902069e+00 2.097772101946600465e+00 1.103631342257427983e+00 2.107421257640945900e+00
5.529259023885167990e-01 1.864150707861588874e+00 3.077999341382822163e+00 1.244452393734613027e+00
2.065460901585352449e+00 2.137819222050514778e+00 1.650178722690353927e+00 2.564034240923945163e+00
1.412713291295815576e+00 1.029022537098531531e+00 1.485955678653515522e+00 3.027482924426866617e+00
3.383537679095949269e-01 3.115584822597309955e+00 2.630275618570918628e+00 5.530916515300623448e-01
1.688293057063298575e+00 2.946611806673348877e+00 2.689808332639102684e+00 4.297908278861821696e-01
2.064703821041225407e+00 1.313486772565320315e+00 1.158874184513824235e-01 2.282974467332197666e+00
1.517770287956639930e+00 2.352782001305800286e+00 1.992606431574919901e+00 2.877270583347791177e+00
1.005814872613521427e+00 1.455382826921199635e-01 2.821202328383371150e+00 2.321924304830399244e+00
1.541900481390612310e-01 2.959698354179919999e+00 1.626563438273221474e+00 1.149316654987547981e+00
3.140735067645591183e+00 2.318529715057485951e+00 6.718769736135080661e-01 8.899867808935807423e-01
8.465536356411603736e-01 5.443174561413874901e-01 2.063085282256691855e+00 4.456101752073753364e-01
1.901566349417792290e-02 1.988753554425103598e+00 2.776370926088933100e+00 1.464621821939705137e+00
2.151785267552973835e+00 1.458405603840923492e-01 4.149623698083994561e-01 6.399583722443810130e-01
7.155762613544328632e-01 1.330412582428980750e+00 1.726063375543306355e+00 1.994792163483992686e+00
2.436788910901438232e+00 2.985713323865695212e+00 9.613979186623650142e-02 1.662283687996371828e+00
2.313413911539813128e+00 7.131068865234170273e-01 2.544012961191506883e-01 1.651660574185368491e+00
1.509808458918270091e+00 2.499190652326065631e+00 1.301043977856035871e+00 2.935735772540369215e+00
9.849924212723842887e-01 2.475944967479223102e+00 1.553155189847039264e+00 3.977961055892418329e-01
2.334929842334569905e+00 5.957112661188936897e-01 1.321873218916993498e+00 1.793639723776687678e+00
6.899693525803315408e-01 2.917242125864560331e-01 7.043895030106985811e-01 1.427686725025872905e+00
5.330828618448820722e-01 2.095490822709529244e+00 1.567949532391406997e+00 1.060597844337363371e+00
5.132701173136690054e-01 1.384249489172275638e-01 1.607749261752457470e-01 1.950660360405427785e+00
1.237632200700372387e+00 2.503096618266601459e-01 2.530178271651121857e+00 1.730596711073171479e+00
1.415368755603111595e+00 1.567686320327085658e+00 7.447663804764254047e-01 4.150283031938716283e-01
5.364651409144993721e-01 5.606532549919294173e-01 2.233671539314403987e+00 3.253233819098410029e-01
2.901666698340560124e+00 2.758601092620464268e+00 6.918606834503580050e-01 1.168310860122038664e+00
1.428996813402611421e+00 1.504538304932953263e+00 9.283986535526314587e-02 7.057907721714720140e-01
4.551916904867513436e-01 2.399721165850777549e+00 9.250828064353857627e-01 3.000383100431006422e+00
1.415585742306024297e+00 1.521948523707656875e+00 7.831377647636894590e-01 3.039436533635885840e-01
2.353140418084609831e+00 2.622306039291080193e-01 1.942647523920051800e+00 1.242367747626828667e+00
2.517680336687276643e+00 2.061217514963966657e+00 1.917096989068510560e+00 1.302226738851867349e+00
2.647537068546674810e+00 2.305150149268919701e+00 2.387839366809274277e-01 1.037926810651102372e+00
1.108066551877317396e+00 8.689434184023865360e-01 2.698247863821323644e+00 2.530475751034632736e+00
2.681242243663930491e-01 1.979478645234544310e+00 1.813788708359376667e+00 2.843285985787417758e+00
1.511713541105903280e+00 1.694881503859783312e+00 6.504035659909344069e-01 1.190296767534937183e+00
1.495425998950617563e+00 8.282684820014795113e-01 2.356203911203223367e+00 3.038913390692714600e+00
3.010024021988115805e+00 1.066083119522823530e+00 1.734698736984318534e+00 2.226283960696854969e+00
1.922904572540436341e+00 1.632107711753778556e+00 2.402230219269735123e+00 5.383055723890889377e-01
2.354893678834769855e+00 5.487304914835178238e-01 2.867091738261015710e+00 3.423374321666755593e-01
1.716680696356891689e+00 8.661348514260588383e-01 4.938599095812364337e-01 2.110101532246529743e+00
1.558167135034083772e+00 2.763027395606954428e+00 2.820922402537712426e+00 1.795871046474378341e+00
3.114290669704205872e+00 9.354624582351307449e-01 1.939226035097863399e+00 1.296903624292381485e+00
1.000960484941498585e+00 2.377272646339953610e+00 1.487120660555072860e+00 4.472464153709581614e-01
2.807343565016263476e+00 8.058216358879660701e-01 1.847588781808799707e+00 1.524205046533946506e+00
1.760156261001718070e+00 3.187090777551967458e-01 9.238854611801052830e-01 2.658007489840544579e+00
2.598996776122715069e+00 1.967235824954130186e+00 4.604979416159002414e-02 2.699356308468670917e+00
3.409623216998572404e-01 1.403310397482143479e+00 3.990668784121841062e-02 7.804532776318588994e-01
5.765542664011303886e-01 3.079735538706511289e+00 3.970024288465803797e-01 9.469511218766594185e-01
2.212035704241343659e+00 3.069961691707522533e+00 2.183409202284136430e-01 2.259778811744979521e+00
7.975516745161214116e-01 2.570034129203330409e+00 1.675006909852513770e+00 2.506300829594644508e+00
7.179942289870567818e-01 8.768148013320372636e-01 1.885721818953010942e+00 1.641861804978266282e+00
1.030717918109072428e+00 7.046024645389649121e-01 9.538046745050896558e-01 3.035322386704092157e+00
2.979339469229548287e-01 2.379813212585420779e+00 2.480276990242126889e+00 2.332216333370748185e+00
1.482166266230264151e+00 1.453202334817994323e+00 1.872966139778785344e+00 2.109393848353329978e-02
5.669990315653646862e-01 2.272307581067603888e+00 2.899492510409655902e-02 1.807024511666912137e+00
2.942969329023953584e+00 2.193080425612930817e+00 2.632994315649465289e+00 3.319402599575415613e-01
9.862719341211233504e-01 4.142311802984439684e-01 2.405138264208113608e+00 9.672630331022635808e-02
2.895016016654381019e+00 2.186624962995194377e+00 1.033156280144703842e+00 1.838294313227096577e+00
1.218106588309796345e+00 1.959162540891602466e+00 2.419517519899959002e+00 1.558372954932570220e+00
1.232173446565261843e+00 1.933572193025793751e-01 3.832539150705274733e-02 1.383909918629668390e+00
1.498949889073754038e+00 1.732641863242952995e+00 1.752631645866501164e-01 2.795554411615126966e+00
1.070601453200155539e+00 2.559455280189619764e+00 2.259665473486958565e+00 1.495820350079209105e+00
2.889566315360341253e+00 1.214747367611344941e+00 6.337763422831138582e-01 2.306738066796089892e-01
4.579969605787576059e-01 1.838900654066772056e+00 1.818377749208485161e+00 7.249660850985094607e-01
3.034380044900530482e+00 6.735900703554367208e-01 3.096707192810350673e+00 1.254545979465140348e+00
1.510938804126735979e+00 2.517390017114806700e+00 1.805699193921162404e+00 1.744940400099118216e+00
1.534892669886768424e+00 3.070103127580542601e+00 2.643855286496903823e+00 2.797424143391239237e+00
4.315548342858874231e-01 1.704528976737379020e+00 1.131827413028933860e+00 1.927307822953246097e+00
2.516400946065147526e+00 1.032656042872024393e+00 1.371101664392628150e+00 1.079577239191043425e+00
1.080380565560281836e+00 5.193676269794914591e-01 1.348755529454942925e+00 2.152508091666861301e+00
2.091554603771784038e+00 1.391924670183402934e+00 7.324913941525650340e-01 5.066684017777379756e-01
4.410652141282206951e-01 2.284900837937944740e+00 1.039779942823568781e+00 1.032735637431120290e+00
1.155368022714327259e+00 7.124120350449508754e-01 1.386267897246456604e+00 3.761214003849540632e-01
2.500150879014533700e+00 1.298718853010903951e+00 6.536533300945337466e-01 3.451054032095681179e-01
4.242189165093154246e-01 9.296988696491458315e-01 1.691164187062299984e+00 5.505288561794697832e-01
3.127352838957587977e+00 1.896461321416102574e+00 1.246523857867886553e+00 2.449982545321428340e+00
2.756377316699615498e+00 1.025041126983238016e+00 1.498602243022630454e+00 2.823024812913374149e+00
7.415455959104082506e-01 4.624032427424150105e-01 1.288174617297296543e+00 6.047184491535116668e-02
1.521206467923880590e+00 2.702980790509772913e+00 2.416847723079072363e+00 1.118246209836173399e+00
1.193631224114710010e+00 2.963918423676461522e+00 1.361999763845680222e+00 1.778265914413496851e-01
1.867959076681649178e+00 2.475133948834004727e+00 2.301300026798486886e+00 1.334387476035435727e+00
1.878844114727468373e+00 6.704931750544421698e-01 1.782229909883425556e+00 2.930312298318789477e+00
2.343915747222727664e+00 2.380633027253304945e+00 3.001941523065219997e+00 3.119475885937067705e+00
7.713955254779204518e-01 2.616679656591068159e+00 3.778674346819168584e-01 7.895767051259690306e-02
2.243449152943125746e+00 1.808074798515523662e+00 1.563442827525635570e+00 2.402381427577861661e+00
1.936253186844492324e+00 3.038079255885009378e+00 2.222099619571733964e+00 3.085207632594931582e+00
1.185932483802474291e+00 5.454375570169269771e-01 2.061618369402923534e+00 1.831766759631896946e+00
2.671842989479149555e+00 1.763625105107377022e+00 1.941674989974668142e+00 1.995481501038719685e+00
3.133160862940275737e-01 2.537401219695116783e+00 1.829357968331598583e+00 9.325635777860682984e-02
1.220307495666940190e+00 1.895858100953961012e+00 1.129079338449670011e+00 8.449318799731568852e-01
2.915478911401305773e+00 1.821863005731670038e+00 1.021007735835841812e+00 5.892287665297714083e-01
8.144710335829041803e-01 2.733633254390175793e+00 2.662501553579618818e+00 8.081892167993260934e-01
1.496478937535858478e+00 1.079687795058996924e+00 2.000678276263567756e+00 2.858635421941483123e+00
6.755247727373691058e-01 2.195710049205395809e+00 1.448827371608688130e+00 1.815935037706170707e+00
1.844698174220318343e+00 2.882458072906526336e+00 2.292320956230275097e+00 3.543334196932822477e-01
2.453391040293448011e+00 2.000897081481943562e+00 3.067009406274341821e+00 3.011901907763935071e+00
2.390454024538140043e+00 2.669710488323676856e+00 2.987337139553047360e-01 3.947778278520866491e-01
3.129941447950537192e+00 2.444947512974850135e+00 1.380571519223217303e+00 1.367470771445388200e+00
2.219426800837654312e+00 1.041961837287060488e+00 2.689946086290535554e+00 9.788213589229530776e-01
2.676525979314187342e+00 1.158147408860197736e+00 7.387669594896131842e-02 1.782313957906580537e+00
1.471443330919107950e+00 2.860983454845626994e+00 7.841921329196825940e-01 1.191343167508739809e+00
1.110859172870321210e+00 4.198605799417305939e-01 1.006314503913746217e+00 7.483668137850716384e-01
5.079152333097934902e-01 3.171809865472559609e-01 1.107444132037179174e-01 4.931860983717363256e-01
2.741659950101113186e+00 2.487137217644100673e+00 2.714963726974191527e+00 1.085224774923303936e+00
2.648799766912584897e+00 7.482122334479418546e-02 4.222378927718307695e-01 2.515436648987290802e+00
1.670427966034742084e+00 9.847776321488590501e-01 2.380663127287073522e+00 2.835531460535235748e+00
1.906509247073467916e+00 1.239133006657570979e+00 2.217860099893166625e-01 6.634622075186775714e-01
2.642990708423171409e+00 2.477257992462519098e+00 1.356253281891234730e+00 1.531356720448411757e+00
2.942144726532974097e+00 5.094119911422299030e-01 7.882716532197799886e-01 2.845679931026218412e+00
1.645112392016808478e+00 2.992282545699010976e-01 2.920116655957810003e+00 4.684520382786140358e-01
2.935621871948167261e+00 9.774332537360722606e-01 2.656475907331153241e+00 2.817345783081076416e+00
2.681670083885423495e+00 2.695572545097759232e+00 6.254029610021861751e-01 8.141440349207695881e-01
1.628242283012937053e+00 7.864272465872196305e-01 2.376872384675848604e+00 1.281051632724436173e-01
1.175345307004906692e+00 4.988323619160170419e-01 2.101675682122063460e+00 9.889662047454864657e-01
1.930320808446073511e-01 2.160914854072755811e-02 2.024671514239059444e+00 1.800416911148150945e+00
2.174811737894657426e-01 6.372396107624475961e-03 2.392710594382902567e+00 2.274715765490231245e+00
3.015655778289635158e+00 2.963627055090734541e-01 2.123870963766633757e+00 1.995487419447706356e+00
2.685381309357159019e+00 2.462662345651690732e+00 1.003738258627676183e+00 6.531358906261447439e-01
1.318347144828106776e+00 1.045894478739469280e+00 3.104765738237765138e+00 1.810362891731436052e+00
2.156855608049060624e+00 2.619122237425616007e+00 2.202570744646448753e-01 1.850759622477430311e+00
3.082692325346946038e+00 3.687544627026728694e-01 2.422499094374666040e+00 4.716669710056969334e-01
2.017649121021135805e+00 8.080380912270423988e-01 1.699720039330596233e+00 2.897948591992574485e+00
2.487706562711224034e+00 1.302851211746435922e+00 2.651014270961497221e+00 2.207159168128748572e+00
2.260358961982216197e+00 2.149282159447568397e+00 1.409431128757745233e+00 2.621761828028640995e+00
4.322275851035062288e-02 2.013942460556954028e+00 1.521964250135390051e+00 2.527782803858034555e+00
2.083894220618079718e+00 2.971480203620321170e+00 3.054318045985882080e+00 3.010738505356561845e+00
2.922520199036006794e+00 1.225761357373448490e+00 8.432960127219247815e-01 2.729491224657030646e+00
2.652022970465583107e+00 2.517522686958021949e-01 9.234557526308621034e-01 4.163386544541643475e-01
3.084512621919564879e+00 1.488785471419673767e+00 2.920174673998285453e+00 1.728134235577750699e+00
7.481877755254755513e-01 2.456528993054008403e+00 2.409303896619354735e+00 1.353777292744097194e-01
6.946353505523945593e-01 3.093318733240254303e+00 5.693531871889218748e-02 1.289897467987661805e+00
2.759826307221614705e+00 1.218872890126119879e+00 1.828880100625056571e+00 3.075240720905902392e-01
3.330052123513474460e-01 2.732888132939228054e+00 2.952077900921721287e+00 2.191657318594983916e+00
2.222998613136594415e+00 3.083940428339778661e-01 6.035533956185429316e-01 2.653961428333161954e-01
8.209048124942800451e-01 2.667244218943801481e+00 1.378572968853358560e+00 5.068202762630996672e-01
4.979338107194372087e-01 2.760053711306326374e+00 1.597676346067208319e+00 2.502992154610747644e+00
2.253471392839361709e+00 5.810958473486933784e-02 2.412699689485522825e+00 2.934638226345549938e+00
2.641616976669294736e+00 2.217696539039788917e+00 1.237192545215728056e-03 6.645420327218187762e-01
2.786609952953674529e+00 2.065596507489810829e+00 3.139333473925114415e-01 2.901321777476451480e+00
9.195749113393495433e-01 2.025943531557080401e+00 4.450461844546724222e-01 4.817888385261842044e-01
2.011797660164175383e+00 4.738281243855435032e-01 3.256475069655114796e-01 1.505841704663547775e-01
1.135350553330310985e+00 5.269078588385622819e-01 2.926982414966867285e+00 1.234861638357974911e+00
2.627871121513284614e+00 2.929510915293002782e+00 1.699552082887737292e+00 2.158380658886275505e+00
1.127355884828617150e+00 1.384180740486286032e+00 2.048001233111117703e+00 1.595878307286609399e+00
2.385922261811578515e+00 5.094182907011232109e-01 1.733398910806846605e+00 2.780672978813184315e+00
5.197697367408650182e-01 2.647484964196188950e-01 2.850973275206419633e+00 2.826370609707573589e+00
2.853268211549934374e+00 1.847763805238327395e+00 9.863550775103495719e-03 8.622271946311043100e-01
8.955079692001162162e-01 2.183486604812582943e+00 2.397492876596589717e+00 2.008991399437643377e+00
8.732626780826119317e-01 1.852741475060968313e+00 2.727171679260621762e+00 1.028647343178056284e+00
9.745641471342350037e-01 1.695892950020859269e+00 3.292788161091280141e-01 7.486344698197920922e-01
1.307368895471075598e+00 3.056451540685020341e+00 1.450730012637275079e+00 2.627641419097037190e+00
2.127619852951854629e+00 9.511722404914190188e-01 9.224853981861269592e-01 4.144827700590350550e-02
4.467482971390127067e-01 2.415361078209255385e+00 1.943053182664648215e+00 6.693454684873906269e-01
2.109773519817169429e+00 1.036952078916925757e+00 2.815620871631805411e+00 3.052221291694827698e+00
2.318961282019710302e-01 8.721388977082976668e-01 2.754142868825498192e-01 1.083845116774660333e+00
4.202270390511756437e-01 2.434511097548374803e+00 1.671715634322312960e+00 3.062103664010790371e+00
1.980871137870233167e-01 1.194748992175716840e+00 2.466267738375409913e+00 1.462671838599120200e+00
3.945698337945468537e-01 1.610516712933583561e+00 1.161446696927472599e+00 2.018860333417642483e+00
2.740036714271524954e+00 3.013525315613874711e-01 2.655643226018746805e+00 1.647438407194003585e+00
8.644173688963521229e-01 1.506501987081002358e+00 1.430811708620280287e+00 1.360975489057719034e+00
2.492307391018226514e+00 1.443024333226415427e-02 2.846233829665341108e+00 2.116864745087835953e+00
1.061686984375814990e+00 1.719294908760908847e+00 2.877894495980526823e+00 3.079290297005098154e+00
2.693465895557499046e+00 4.436132799555372874e-01 5.477580456162919331e-01 1.954277272077800109e+00
5.451295178024843091e-01 3.115138585850937947e+00 1.555099690571297488e+00 5.540787257779177244e-01
3.080980517817599740e+00 2.103403438792617042e+00 2.665156688183477618e-01 5.950112610970612614e-01
2.052478557038467599e+00 3.084795475538451459e+00 3.017399066628752458e+00 2.882070882708473114e+00
2.746971772034830561e+00 8.543943351362577321e-01 3.701876112794116880e-01 2.549413232615396652e+00
1.819776855030186269e+00 3.606602926389438912e-01 3.059963341081399779e+00 1.348150245503656475e+00
2.192917762556733319e+00 1.132939767669148390e+00 2.351511053756011549e+00 2.097134671273464868e+00
3.382497351759538029e-01 7.233472881731153326e-01 1.415787820880197945e+00 1.646448735416701781e-01
8.089961741968750841e-01 3.112878352864637765e+00 2.950815206671333346e+00 1.921095347567316924e+00
3.086794188901181180e+00 2.095618268916513927e+00 5.961470749990112061e-01 6.914178255135420281e-01
5.348879918576565640e-01 1.429962596706799705e+00 2.660051408759443792e+00 7.778521559151859721e-01
6.037316137842853037e-01 1.715476632636583787e+00 3.130626293549120920e+00 9.145505389029262577e-01
2.078383562688230324e+00 2.039719577066997580e+00 2.807076317526977061e+00 2.451325948484362360e+00
2.368346152179533703e+00 3.006148680327513034e+00 2.408107449340522344e+00 1.915367305350920146e+00
2.817729001850351800e+00 9.895267512683705302e-01 2.727723010060564945e+00 2.072497793713952152e+00
2.456604858476453490e+00 1.815385496580030456e+00 1.478268630635845904e+00 2.370999681574680995e+00
1.120242664887392825e-01 2.870780122822005787e+00 1.648995768425001174e+00 1.930242859893948282e+00
2.963991910255324047e+00 1.291377858430649006e+00 2.857518368363217487e+00 1.773178496630100742e+00
8.238422587243620088e-01 2.002382493864837798e+00 6.280109843934426062e-01 1.948174514697168513e+00
9.457491529107777684e-01 6.960742051960986387e-01 1.165222748264994390e+00 2.294103360983660078e+00
5.298019933185255104e-01 3.774890749361723974e-01 2.925006791034047815e+00 2.855786836272504736e-01
2.400981799616630052e+00 1.507335570640258304e-01 1.731280463365760136e+00 5.962544768132259643e-01
4.091710475990696372e-01 3.120547641147982443e+00 6.310596569652381360e-01 1.743109461128694804e+00
1.920365760532296351e+00 1.329658652463010959e+00 1.095284876990885170e+00 2.900211071044364264e+00
3.311516534222632147e-01 1.721335368325886406e-01 1.307782255500297142e+00 1.812113844307710275e+00
5.754031255183261750e-01 1.357543321832515248e+00 2.953198929101722214e+00 8.624514046061152461e-01
1.281556286784186538e+00 5.398358734679947757e-01 4.888266988302213956e-01 5.919365396944953339e-01
2.803772024026947474e+00 2.536858086120931333e+00 1.740816157118056484e+00 2.599640211848770033e+00
2.851128630053239021e-01 1.675493388249725824e+00 1.786496027691792499e+00 2.211528689604656872e+00
1.997455877825284887e+00 2.819165393095547145e+00 2.398169026823934846e+00 8.432013074557553889e-01
1.197076578541293790e+00 2.247205574175727083e+00 1.806464064382089951e+00 2.681103968307268381e+00
2.219048441187502885e+00 2.955880650862127368e+00 9.412244703567337334e-01 4.384171889339233963e-01
1.898659159797046359e+00 7.682910667679542227e-01 2.244427917806669726e+00 2.943726411940831955e+00
1.069378250492296623e+00 1.990439585321110538e+00 4.346751903001733197e-01 4.022354769845770672e-01
1.368139001307040026e+00 2.404274610501744847e-01 2.520012683366295914e+00 1.816223890258879203e+00
8.618775894955580386e-01 3.051376416971207650e+00 8.609110499503391800e-01 2.679878489455352231e+00
2.949137453632329375e+00 2.538143308274015464e+00 4.337613448300942642e-01 8.446644350124182798e-01
2.773501225056447250e+00 5.751573057231303132e-02 2.045080407589961791e+00 1.145630506150350225e+00
1.009656406082930724e+00 2.101478496858253386e+00 2.312880470623618567e+00 2.705761144799557982e+00
1.255350456808608905e+00 1.010561285405367826e+00 3.488086681922571985e-01 2.324764808300310737e+00
1.740585917484361644e+00 2.212174949790331802e+00 1.639866362605873151e+00 1.888167827956367839e+00
1.192287132229619795e+00 4.856237042665817460e-01 2.398275850225340733e+00 2.786942552725336864e+00
1.871758388813773211e+00 6.669486788772469588e-01 1.656829243861694057e+00 1.994521528184186154e+00
2.572062308317117907e+00 2.127474993598139186e+00 2.809516742343623363e+00 1.209316545773689855e+00
8.825737387913020759e-01 7.125657629972426133e-01 2.829865311598612987e+00 3.118216479451907941e-01
2.532100938880073482e+00 1.152239093078488708e+00 2.112020856132932334e+00 1.947188199824469723e-01
2.183774833346471933e+00 5.078379032465804022e-01 4.107157189778378181e-01 2.788019542854149435e+00
3.527454216023171440e-01 1.343249457447818651e+00 1.311698606331624106e-01 2.540099110933539794e+00
1.121018424088552790e+00 2.441132423797273798e+00 2.775176983510352802e+00 2.081247478771965365e-01
2.337117900034184181e+00 7.057395003708710757e-01 2.449888738726915260e+00 1.713498686713255337e+00
2.267654660754647722e+00 1.577129020607401122e+00 1.908555396330959830e+00 1.099887364919391208e+00
2.387030306570258276e+00 1.468476229856748194e+00 8.679875246107681130e-01 2.133876824462671351e+00
2.618199717307278185e+00 4.551870329504332235e-01 3.084864666604965944e+00 2.741134565497800324e+00
2.267558317131748158e-01 8.598731084372139843e-01 4.612304191369538675e-02 1.215305568166644701e+00
2.613890964077390411e+00 2.517667767228580100e+00 3.032910986546407006e+00 5.985137336855753665e-01
2.610889711458703299e+00 2.429226602566038284e+00 2.056642165879366768e+00 2.335044972745399683e+00
2.304637223290842751e+00 2.262374487298664860e+00 1.079550185525230521e+00 5.917238083058375953e-01
1.541478303780201120e+00 2.581098548040454688e+00 2.873888247528527007e+00 1.408235281511319936e+00
2.574874922934045074e-01 2.119102222162895899e+00 1.823965697033388844e+00 2.780890929381008014e-01
2.068520817889715868e+00 2.048695271150548614e+00 2.173637773199254219e+00 6.748981315839066575e-01
1.388141362567339998e+00 6.947325744719392571e-01 1.504059902892905143e+00 1.518951254125173289e+00
4.032152966943593486e-01 1.143129864766865511e+00 2.970345193342651680e+00 3.055112377161059545e+00
3.137131530906378973e+00 5.340572289288016972e-01 2.142846950214404078e+00 9.955388077593175788e-01
3.094473836636736142e+00 2.881142708727327584e+00 2.586324543587573022e+00 1.636257620339531815e+00
1.589002309986520256e+00 1.798366765724019212e+00 5.746337613924934473e-01 1.316619905916958766e+00
2.816513534531183360e+00 2.333834565587913801e+00 1.771518118163186717e+00 2.684566965753219792e-02
2.241296144417084246e+00 1.705096709260743193e+00 2.399808515288524902e+00 1.988411603295269448e+00
6.056002744253068393e-01 1.250922333524961516e+00 1.536034693071409052e+00 3.055357611781117644e+00
3.076249705823653979e+00 1.652254566480471976e+00 2.402635472305317599e+00 2.334959311339224186e+00
2.189872627444441111e+00 3.073845225556112393e+00 1.837608198367409185e-01 1.025024317431202148e+00
2.445027268102105911e+00 1.240158275251828091e+00 1.459984632217635969e+00 2.490966322423026735e+00
2.152842249286446741e+00 4.084568883327398536e-01 9.758971594743877098e-01 2.039309605882805521e+00
1.247590140110893531e+00 2.020381550079447308e+00 3.611894062246826520e-01 1.743441497345537883e+00
1.093427872562876768e+00 1.572393847542914669e+00 1.758404632314840788e+00 1.836417512731042700e+00
2.745316333355618532e+00 6.593784802655514587e-01 4.671343783622729923e-02 1.868141265210653490e+00
1.514182675355456587e+00 2.295866826373688330e+00 5.924102668194379806e-01 3.071751341731931095e+00
8.592738976040800170e-01 2.728716585359574065e-01 2.264565233936814082e+00 1.891315468880465867e+00
3.119168014528598043e+00 2.772430326917999732e+00 1.168735535856542773e+00 1.348928802557574080e+00
2.791048737983222727e-01 1.796814570025797586e-01 1.992638555701295777e+00 2.578459896943854357e+00
2.410175661159964289e+00 3.807398194208457265e-01 6.614287447640083972e-02 8.175357192682649599e-01
2.457798473799691852e+00 1.337406770806504719e+00 2.940515215492199630e+00 4.410015597455670400e-01
6.008485205880831348e-01 5.132806983136948276e-01 1.783626085440350506e+00 2.167011263124606568e+00
1.646614519433551083e+00 1.233543709151160739e+00 2.938645103344831089e+00 3.135151241023596658e+00
2.009624579593292104e+00 1.774703124448116176e+00 1.314769507834853135e+00 1.301796028568863228e+00
4.649507941382800824e-02 2.268020306078733839e+00 2.227978630684736672e+00 2.631812602563714520e-01
2.846921971305525823e+00 1.457239889273543865e+00 4.487541685202716679e-01 8.495219421787886249e-01
3.268833369553336143e-01 2.549482900675701824e+00 2.730437763377374427e+00 2.218987092493573510e+00
2.961168190378816067e+00 9.645960887703058928e-01 1.026775174677935887e+00 3.083705516231747712e+00
3.050410996190068502e+00 1.398311710173052003e+00 2.791566102244649628e+00 2.714719710792161678e+00
3.136203837795970450e+00 3.089541686497017547e+00 1.614104452698972070e+00 2.278997305870698487e+00
3.253563844720323006e-01 6.886548254303954675e-01 1.653373438953962715e+00 8.293331168220303695e-01
5.948609300771686703e-01 1.831359930282972781e-01 2.748597508533373368e+00 2.183281550328449949e+00
2.850165097291080585e+00 1.146726970925888267e+00 1.129059618949419530e+00 1.604277019371151525e+00
2.209926208173230155e-01 2.273609828300735991e+00 5.204760151101738286e-01 2.264157295869412945e+00
1.887394854954757673e+00 2.861308763700376900e+00 2.368351454841018722e+00 2.215204815831080420e+00
2.264506999882031302e+00 1.039252471754941176e+00 1.860502203339333693e+00 2.565762221513316010e+00
1.843415462747506783e+00 7.893046800679854869e-01 2.205692474036140549e-01 4.952179503622824996e-01
2.209644169454890950e+00 2.130271479141806701e+00 2.987139394100285728e+00 2.287945154245931256e+00
2.662101909603095118e-01 1.418667758552839775e+00 6.386310413316173551e-02 1.226953001373997099e+00
1.455524841630935873e+00 2.449862680267923754e+00 2.934681214409551320e+00 2.976950891357432294e+00
9.066794168282137356e-01 1.919156855903821901e+00 2.009512017624393021e+00 3.131891529640493665e+00
1.705191691546904753e+00 2.169513208754295430e+00 4.821282020813946190e-01 4.353360776717196678e-01
2.130139164144734032e+00 1.976280924327888489e+00 4.318949067653399809e-01 2.980089760044478009e+00
2.149444543159469756e+00 4.225623962264236644e-01 1.757437192377882873e+00 2.194858644060592390e+00
1.290970359368852849e+00 1.975989454044071447e+00 3.014237612984857595e+00 1.158338106905332648e-01
1.285607287824934719e-01 5.524954079760150405e-01 2.392756876491745732e+00 2.717867575955805304e+00
2.125279988085345018e+00 6.858196114736671012e-01 2.041316221992600877e+00 9.342503848823459356e-02
2.610667830005164891e+00 1.880528654444555858e+00 8.558550288491660885e-01 1.097599701728316557e+00
4.618565700442168187e-01 1.567415950303700178e+00 7.014341633966448830e-01 9.434409197559193716e-01
1.462995353494674688e+00 7.985010452684662141e-01 1.582051443455457784e-01 5.182780887036964046e-01
1.611540390087763841e+00 1.755227601971010909e+00 2.056961656259150395e+00 2.605497883341743592e-01
2.555595874766487086e+00 1.939873503035694169e+00 1.864632206305710804e+00 2.803928571953108406e+00
8.278805475301594941e-01 6.770782522567430073e-01 6.240437797083904226e-01 4.480815921682159558e-02
1.312888192635037754e+00 1.764519454055239134e+00 1.887022352521182667e+00 2.845512251958924654e+00
2.007680722886612479e+00 1.925384067039067615e+00 9.635799567674364630e-01 2.192401210169149905e+00
9.009701066644920653e-01 1.788925355824378727e+00 9.954682039721381992e-01 2.992543683428154022e+00
1.750141898461262446e+00 2.021136411896720997e+00 4.142808245195128136e-01 2.113716535685196796e+00
2.835612121764617410e-01 2.640029462202365895e+00 1.937584069748900628e+00 2.339638555611915027e+00
2.119409033469838999e+00 8.867973605410555127e-01 2.025187900982958311e+00 1.596049402500061332e+00
2.507004526594782123e-01 3.788989113311206358e-01 2.810854776243225661e+00 2.214370828127599777e-01
1.860886719605724160e+00 4.762253123123864063e-01 2.162843693483841534e+00 8.204125711664653764e-01
2.797068676318848368e+00 3.093809335949928574e-01 2.319119875772514661e+00 2.710665648255672799e+00
1.977712493357000945e+00 4.684684056236898542e-01 2.530022812770111873e+00 1.074622589292479224e+00
1.643544637352945648e+00 6.307800430571267603e-01 8.565236382515855063e-01 4.833931641945073410e-01
2.384891249282320214e+00 8.528035398974831427e-01 2.114297059872256579e+00 2.198944825242730161e+00
5.614532525793662909e-01 2.229312372559428823e+00 2.065303518435789076e+00 2.162724314910740908e+00
2.257156253696984027e+00 1.681925915216341272e+00 7.782504133628337373e-01 1.448784031230631930e+00
5.515222564858159870e-01 1.216590954256686619e+00 2.285493851825847411e+00 1.511315325474800630e+00
1.818232432761801576e+00 1.609121372677893846e-01 6.376585330669388707e-01 2.099013163318014019e+00
3.268439274769232017e-01 2.156872380515508780e+00 1.900594749704168418e+00 8.736334439167576793e-01
1.967150612128439224e+00 2.608979937502718727e+00 1.092210239978422370e+00 1.820925795449725770e+00
2.206439330430157941e+00 1.192516116386721503e+00 8.447947548044402177e-01 2.563769390498976009e+00
2.069890938311949924e+00 6.499462041927321632e-02 3.353960381059847840e-01 2.027887322030691997e-01
1.420945100202410716e+00 6.151976276630504170e-01 9.984250978202519056e-01 1.668065563050164624e+00
2.346099823769397741e+00 2.629712037500667954e+00 4.428833560295812322e-01 1.529631157206327030e+00
4.055560260615050372e-01 1.246085623141280463e+00 2.504755590971357471e+00 3.099542943837759079e+00
1.416590759536122457e+00 6.688636178438360253e-05 2.464628967633358592e+00 1.886957556884212295e+00
7.781518693000119002e-01 7.690065979907436677e-01 2.716586552537016530e+00 1.719966544281739562e+00
7.455060995894009085e-03 2.822456045066298547e+00 1.408529424265505092e+00 1.562277672085698121e+00
7.669357431160925831e-01 2.723515179352452353e+00 2.663286302572162256e+00 2.317908671862813019e+00
9.635650858461827228e-01 2.135890734130123647e+00 1.233840106854404706e+00 1.312840263351983561e+00
2.675757579551064858e+00 2.523042732524922727e-01 6.479214596947340254e-01 1.934362737060335125e+00
2.647394736775736668e+00 1.406546835288631003e+00 1.834605282175682417e+00 1.709433341484535296e-01
2.114478047786842119e+00 1.194988986107575535e+00 8.130711707146963674e-01 2.833214584172818906e+00
3.123575008366449079e+00 2.284273192004542707e+00 6.329219823223998231e-01 1.829368249705591420e+00
2.001735317655673363e+00 1.286237969781176327e+00 2.196967075454741902e+00 1.495144738649504923e+00
5.479482704998940301e-01 2.986937089947403923e+00 3.075936736508228186e+00 3.034865578493729732e+00
2.216989130999871715e+00 1.938635071779472252e+00 1.437494715246799171e+00 2.360563150169787239e+00
3.734918105822980783e-01 1.752729766438927195e+00 1.142488596764640540e+00 3.845342140605351733e-01
2.507856536739344389e+00 1.698365589408994403e+00 2.890836215735651749e+00 1.085596051606196211e+00
2.889528002204712287e+00 3.103130946295818982e-01 2.112068539709536008e+00 6.060700993978821449e-01
3.983967928924850854e-01 9.251745559505968330e-01 2.847678414826598114e+00 9.573809005315200293e-01
1.710647185297369532e-01 1.924371429246212850e+00 1.990568233609446347e+00 2.276876244828711648e+00
6.401061747006159264e-01 1.010637784129409800e-01 2.231897916861295794e+00 3.602889296375192951e-01
3.090709636166405261e+00 2.920834460435587587e+00 2.794889097102651654e+00 2.829694668944039648e+00
1.630101811183509053e+00 2.543197279575732050e+00 1.218543629376005688e+00 2.294958717187157937e+00
4.242702806464941356e-01 2.977506876104741629e+00 3.101893937412027569e+00 1.370982138816724039e+00
1.701161496849046051e+00 2.043384721248191038e+00 2.469455683803910284e-01 2.963225583324802681e+00
1.393724890955316598e+00 6.708011398643362044e-01 2.906522475127802707e+00 4.509394260981786640e-01
1.362500970642452902e+00 2.979305849749048996e+00 1.148559893498968698e+00 2.840846493913644188e+00
1.448567256786550850e+00 2.453182309893959800e+00 8.355226810104140478e-01 2.423815096537131009e+00
1.020778204300376579e+00 6.274531912048134652e-01 3.023383064981642665e+00 7.899472296967734453e-01
5.757381583349617526e-02 1.830488750038781420e+00 7.318648401225907874e-01 1.492339987950889145e-02
1.185217935922688204e+00 5.082846305781617280e-02 1.425848903599871154e+00 3.132967129897269221e+00
1.932048551132030889e+00 1.236702989236632799e+00 2.842903451229031653e+00 8.359648193576160180e-01
2.205565749489961203e+00 2.009877923595604798e+00 1.783088997218963190e+00 3.031613463154179566e+00
3.034932720367990444e-01 2.280047469411988992e+00 1.142975607875445165e+00 9.554934622386601628e-01
1.141607869337535996e+00 2.408796743610059021e+00 5.738332436411520687e-01 1.700635161800061246e+00
1.804918875132088374e+00 8.791015671951022403e-01 1.665755488124845529e+00 1.126022584096561252e-01
1.593751898333913397e+00 1.150889546492401827e+00 2.744269002177594174e+00 8.771483218898542544e-01
2.658826322564885380e+00 2.454267595583673245e+00 3.000917991411659269e+00 1.646831654503310705e-01
2.364866022569105830e+00 3.888871027082182463e-01 1.884857699982634749e+00 2.173480269715614421e-01
2.243577644822759787e+00 9.174594488375440449e-01 2.021627981549143360e-01 9.390953856713035730e-01
1.370807160009344328e+00 3.045235687099375532e+00 2.241174497578428237e+00 5.387331718071043385e-01
1.911548221522102464e+00 3.803071658629440521e-01 2.910572169260453812e+00 2.448674014140446609e+00
1.890730509460582187e+00 6.187104055950082282e-01 5.820833258237694680e-02 6.303867474751951860e-01
2.318096780577836302e+00 2.553789367259041487e+00 2.239753330015458843e+00 1.159196599034367114e+00
1.446610743868145699e+00 3.007763788602938249e+00 3.127056059777799657e+00 3.004366234367587207e+00
1.665514968580701360e+00 5.128958935457013091e-01 2.047570854452763101e+00 2.715076212870801697e+00
9.772276621945090724e-01 2.782375506594858994e+00 1.705160287526497509e+00 8.602958696731190236e-02
2.422564539315025911e+00 2.703381417779691986e+00 1.675052005704092295e+00 2.192297533812260113e+00
1.742137415228684150e+00 2.704406733015962683e+00 1.041695774614574299e+00 1.605091902147374849e+00
1.639677594449139741e+00 4.933406319554008990e-01 3.119892174073314539e+00 1.574849576221886149e+00
6.907570164269021262e-01 2.669519823130303671e+00 2.161779483403024837e+00 2.416365196253259295e+00
1.109934229100848269e+00 2.025665079154823356e-01 5.885417376656443267e-01 2.377187275398711996e+00
4.889373825216281055e-01 2.740150084814324316e+00 1.225618788670558734e+00 2.449910831539216627e+00
1.819695760648337490e+00 4.149134181863677329e-01 1.240240108609186986e+00 2.411399086106161160e+00
1.598883256286565357e+00 2.347196979222050395e+00 3.394377347000971934e-01 8.410816370181765089e-01
1.511176808319109499e+00 2.810525534646667101e+00 9.917717814840667501e-01 1.578224142898990934e+00
1.078320677307479158e+00 2.905736565642733193e+00 1.412156230920057265e+00 8.435563907414358464e-01
2.606917070979613893e+00 2.081971656084582456e+00 3.076431173467398139e+00 2.424847800918606300e+00
1.284442625429712992e+00 1.375344494690080133e+00 2.347598584247104991e+00 2.394078938992412198e+00
1.776810497596879923e+00 1.653376190455299932e+00 1.440972534066935484e-01 1.981788780738555911e+00
9.914128112027091877e-01 1.438183442266599998e+00 3.397051864336074201e-01 9.252187914454299555e-01
1.565658962657036302e+00 2.152201661837565894e+00 2.392460774983891092e+00 1.810206922683205599e+00
2.283151761740227048e+00 6.599336441652206009e-01 2.042877032346689936e-01 1.479916624391077740e+00
9.600093650272777390e-01 1.538116060559770182e-01 2.932079138436588295e+00 6.994587786704146160e-01
2.079744229853798032e+00 2.489426501402482117e+00 2.393792442002658838e+00 1.772922988673693689e+00
6.287905278383831842e-01 1.644458710587683559e+00 6.710679539229860158e-01 9.646521891323171782e-02
2.731274645301064563e+00 2.654871553708797460e+00 2.415191407799329448e-01 1.128225157137013435e+00
3.937486980175972096e-01 9.835755228109606396e-02 2.333506780023558491e+00 1.545252212824417049e+00
2.146091613078633387e+00 2.545766041460802320e+00 1.434093769752065928e+00 1.706886082698102935e+00
1.555006032304762975e+00 2.095789954643959341e+00 2.000081649413812723e+00 1.298247987132996384e+00
2.318076032956966070e+00 6.696975952805611643e-01 4.440698535671426250e-01 2.515058112316253425e+00
2.473853846888535157e-01 1.680121643105426221e+00 1.409033211100275684e+00 2.436233889367689809e+00
4.901150589245032441e-01 1.430366898939644527e+00 3.234202398567574965e-01 2.627300599438424200e+00
2.753976018408139659e-01 2.117799515507963193e+00 1.598884137299913411e+00 3.512612820598013386e-01
2.315559391735364514e+00 1.260035664502957342e+00 8.123044506440416646e-01 2.123415975957523738e+00
1.526046133598225829e+00 1.135956928156809376e+00 1.378723154176056509e+00 5.275371124913588172e-01
3.003135617147107972e+00 7.060089001469469494e-01 1.378871375807048383e-01 4.449222047088234322e-01
5.272714318630166153e-01 2.559073773563923293e+00 3.094663148461739066e+00 1.467201091814454295e-01
1.367418363374031387e-01 2.635730490860232589e+00 1.734376730618491624e+00 2.060708383055479764e+00
3.054885314917663131e+00 6.766391209173314714e-01 1.198270529771569226e+00 1.000579085957122416e+00
2.799534700110926533e+00 1.682451010575984340e-01 1.112453584700704878e+00 1.188890053828701721e+00
1.490224504685790263e+00 2.449305714574213366e-01 7.595723409847441321e-01 2.842687751032270116e-01
2.465192676233009639e+00 8.063875156450368564e-01 9.448255252935283677e-01 1.474126815931345424e+00
2.660409388362217964e+00 1.330248454625960974e+00 7.924329925759622528e-03 3.688208590869780923e-01
1.559464448093228206e-01 7.500015423745602927e-01 3.101763688239167926e+00 5.385139869103041654e-01
1.474280405515954406e+00 1.186398907821375692e+00 2.598501090942608727e+00 8.810102547001980033e-01
2.765098151450752439e+00 2.983415146590829181e+00 2.180902679429563396e+00 1.981715681385570083e+00
1.729811140820467774e-01 7.730479781275860773e-01 1.816256132277938473e+00 9.552594761398425227e-02
1.657903621966944963e+00 4.152348622861824767e-02 6.101748020022251806e-02 2.702052641712056613e-01
4.635169236707932239e-01 3.035890377152762110e+00 9.546996258641533561e-01 1.930114154446604502e+00
2.229094034025280724e+00 2.157848154615699343e+00 3.024661540758185385e+00 2.455389650270737079e+00
9.848241278982718949e-01 2.887099743254478490e+00 2.784153937706379534e+00 1.481372027781373779e+00
8.313026130386621526e-01 2.380436600560059013e+00 2.995552245750995546e+00 2.960116765525057314e+00
4.866949029082081046e-01 4.643717652260322404e-01 1.213381408067268075e-01 7.023783384172042066e-01
9.510191831144051422e-01 2.699583074209389366e+00 1.941513924745666753e+00 1.177624251165819036e+00
4.798618899518830583e-01 2.011513490222216927e+00 2.052399050418488802e+00 1.360904332807116868e+00
2.293522416388411589e+00 7.640521900517377452e-01 4.293505354660249324e-02 1.653616891703556802e-01
1.850351014411387052e+00 8.179540226724620888e-01 9.210485052023614783e-01 3.995712518737576380e-01
2.671183955386347453e+00 1.112419141083870744e-01 2.875373872037154221e+00 2.772490539141336363e+00
2.442763871830761602e+00 1.518087001471821740e+00 4.751279953734677264e-01 1.968362971246332860e+00
1.683693622997291639e+00 2.725752734235737496e+00 1.829363640665936597e+00 2.133469414886119964e+00
3.033708178561685287e+00 1.218333540794132724e-01 8.770112805647720666e-01 7.400418604371497011e-01
1.142028381784528229e-01 1.447834266813544879e+00 2.211189889248982965e+00 1.717099539632104932e+00
2.400928516666110291e+00 5.706778850284478510e-01 9.085656998674992435e-01 2.549756059507432226e+00
1.687008068907863034e+00 1.422528534597219840e+00 3.345299417449042467e-01 2.009789995537778928e+00
2.599430870796427318e+00 1.538727598887169368e+00 2.254333963689879372e+00 1.255480430631077615e+00
5.776426187105486720e-01 2.773813569558346570e-01 1.114733019222796440e+00 2.723412013794233033e+00
2.618881601982907537e+00 1.981711523003288677e+00 6.596143681972832518e-01 5.835334985596705160e-01
2.449231536770644535e+00 2.258523835018448445e+00 1.389577033766065339e+00 2.966500966513614834e+00
1.404969206855711139e+00 2.401858324968610514e+00 1.849314733824900303e+00 2.270886622142988198e+00
1.932484233919540495e+00 1.971068895968715928e+00 2.677973688600585600e+00 2.266349910839561499e+00
2.655128768792431426e+00 1.504631217455355996e+00 1.403751462101072711e-01 1.553271816638666758e+00
1.202309914565348858e+00 2.293756316595996658e+00 1.763385057670568967e+00 5.079321935302495428e-01
6.478444077337767171e-01 1.949976602557249139e+00 2.363728224882962525e+00 6.006320945780390108e-01
1.865372819780481528e+00 3.020422996817966332e+00 1.932532070402406266e+00 1.056928813122397642e-01
2.561133914194431149e+00 2.338309077368449174e+00 1.319605523744205255e+00 9.249652759127915402e-01
2.125340914472794829e+00 1.820666791797306505e+00 2.195535962864691104e+00 2.486285153748757637e-01
1.207760614616238293e+00 2.015244737763064453e+00 2.824444389406284728e+00 2.290434955489922153e+00
2.078602654647168979e+00 2.935128854035009116e+00 1.862719760473709352e+00 2.080271735586444848e+00
1.374875857577222860e+00 1.679140562335460052e+00 8.124580328900622705e-02 2.115639310090271064e+00
1.048086557204249258e+00 9.275898291763219339e-01 2.210315980666354374e+00 1.664515935699360627e+00
1.777529505558139711e+00 1.690689000064717007e+00 2.210911741999522562e+00 1.447204781640084370e+00
1.501043661873113555e+00 1.482486208622317836e+00 2.907907348309292761e+00 1.606782395149608300e+00
2.006983757924768685e+00 3.519383531129018916e-01 1.224791225657236859e+00 2.466973894920900356e+00
9.168510830613608720e-01 7.066205291951860312e-01 1.197064756816156983e+00 2.881956753328076992e+00
1.208731223115485420e+00 1.973192948646158129e+00 1.562297131799432526e+00 6.730368582689040258e-01
1.200021278338676334e+00 1.202258197883757651e+00 2.169617898747774998e+00 2.156028421835618936e+00
2.721207373071278468e+00 2.558348887834531293e+00 1.525721810688030811e+00 4.782933448468344034e-02
2.747217846746349057e+00 1.578357227951677100e+00 1.159340421475393512e+00 2.746902314146306701e+00
2.261749685864312465e+00 2.907229109547035950e+00 1.962230983481068503e+00 2.589243129068715898e+00
2.592927572083769228e+00 8.876569129163618399e-01 2.786406994055373954e+00 1.829365033270456520e+00
2.135672168922020386e+00 1.970300624649795607e+00 1.878106090048778709e+00 1.462898467728954932e+00
1.757321363194669805e+00 2.880976221211347443e+00 2.692752905321559975e+00 2.234633726445551735e-02
1.139898342964278832e+00 1.038145862825279764e+00 2.903759125963340182e+00 2.530411600510917403e+00
3.136556057377333229e+00 2.356024888664177697e-01 5.437938446581965790e-01 1.769465890422537546e+00
1.066978737414596701e+00 1.170828469071503175e+00 3.132285294862955372e+00 2.541329941688667660e+00
2.935849326769540024e+00 1.934342854928052136e+00 1.133969253245201481e+00 2.129742239039846829e+00
5.702147117196956216e-01 1.205673572951882155e+00 1.296345507364115024e+00 1.252509996317961338e+00
6.619230701952976137e-01 2.886100856410257265e+00 1.783976193931967602e+00 2.123271203967072474e+00
2.026891348552932737e+00 1.538840328435520988e+00 1.458099516904372006e+00 6.810782799745059846e-01
2.500954463763124469e+00 1.304794623345962412e+00 1.271815429761987470e+00 1.618171871241493864e+00
2.014267366163752460e+00 8.881261203888938249e-01 1.688938651900573795e+00 4.522960590417698379e-01
3.075976890212422932e-01 7.555789644570899410e-01 3.013169204515296684e+00 1.413828660773692292e+00
3.111768543050788427e+00 1.764891596116655137e+00 5.617199682230287205e-01 2.477634361896071891e+00
1.399538220110297937e+00 2.351967361450599370e+00 2.619861950376707951e-02 1.574482876130569586e+00
2.020470219392274391e-01 1.608966054500290177e+00 1.898337844182335310e+00 1.508785299046051076e+00
1.211545056556304623e+00 2.479266416814904339e+00 1.839196417159843500e-01 4.484064197438875632e-01
9.016419051736371815e-01 2.670394496985180055e-01 3.035026542474460243e+00 3.363105837466248693e-01
2.168165749200428483e+00 1.506170859987412403e+00 1.641283917477724952e+00 1.295827332400308229e+00
6.834645150400079361e-01 6.972092067634551305e-02 1.376091299949211866e+00 2.301110129811826166e+00
1.447201287689847016e+00 2.501661150095627395e+00 5.652206329476903157e-01 3.019113457610385520e+00
1.212120505517831903e+00 1.191594178366505608e+00 5.648709263987543583e-01 1.888949702074204318e+00
1.806615586998342460e+00 3.056336217428753166e+00 1.289085252378251001e+00 2.804733495369888363e+00
3.009238921061897276e+00 2.294000931267354382e+00 1.656966742950358507e+00 1.903745982268827186e+00
2.858031027364992038e+00 2.658803451092959680e+00 2.276325755493865177e+00 2.370729173167093862e+00
1.198392943150656587e+00 2.173436375875770654e+00 2.629283259430798214e+00 1.373474059573432937e+00
6.774636278502069731e-01 2.451197445336764869e+00 7.857334909232925879e-01 2.903838199567546852e+00
9.135580542729927478e-01 3.061527231592347853e+00 7.107703209387423726e-01 2.116305717704697553e+00
1.415890681604438761e+00 1.353191818836631255e-01 1.460635471765892257e+00 2.128860597400592525e+00
1.496145015783601579e-03 2.002078491135888871e+00 1.218835895673024527e+00 1.843281866889790122e+00
8.939074651704209673e-02 2.134289686833938937e+00 1.322437142929855369e+00 2.268368132454664288e+00
6.284020386926330026e-01 1.405278494882649776e+00 1.098897576342948046e+00 1.912413483867223762e+00
1.286009975358239910e+00 9.038810264752179524e-01 2.427532736875785080e+00 1.509317114037012519e+00
2.754251454753140038e+00 2.731156240264783097e+00 2.540215204673958116e+00 8.862054467504765221e-01
3.774871807833548587e-01 2.197495291894814962e+00 3.786685706085048814e-02 5.632026785034468519e-01
2.337214640716792358e-01 1.183858663161050373e+00 1.254786167759224025e+00 8.807005735800854662e-01
2.145793021424233782e+00 2.803734852943711608e+00 1.883703095348382206e+00 7.213656218664948883e-01
4.037682664765116503e-01 2.008775277051738861e+00 2.983210084546145779e+00 3.116175292028895427e+00
1.753623241559175927e+00 1.957557918080419013e+00 2.459481633464027261e+00 8.496772832212470816e-02
2.798257332660781138e+00 1.400151976664913533e+00 3.020421714407552916e+00 2.715822656775934360e-02
1.919632321429022959e+00 1.340451032665464171e+00 5.948212392196102760e-01 2.480509398599080040e+00
8.562575852721370229e-01 2.065785104182758403e+00 8.045333827369310908e-01 2.426196321195030592e+00
2.879288203399394508e+00 6.828793283847705009e-01 1.179891877669597910e+00 2.312385886265249990e+00
7.413467724457065700e-01 1.190006043569039162e+00 2.276853587580005556e+00 1.675299456655579888e+00
5.112717322639608319e-01 1.063855647028395746e+00 1.470758722032967425e+00 1.707453554954194708e+00
1.364083805105023028e+00 3.068718442777036426e+00 1.123780790137341112e+00 4.830568048566625805e-01
1.413084946261954356e+00 1.156134365273654874e+00 1.953199226003482281e+00 1.235902116091285530e+00
2.867109733862083787e-01 8.222642338596574119e-01 8.557844154751065302e-01 3.121736035889695504e+00
9.287248189313169755e-01 1.628593238741838700e+00 2.639720023445775166e+00 9.067196080162062133e-01
2.335748161157316982e+00 3.031967602189894820e-02 7.170983756080869798e-01 2.097994766437883296e+00
2.702284249419736994e+00 1.129861457223608756e+00 1.406809395761098314e+00 1.084727830196596798e+00
1.016440076789578040e+00 1.782094243592507565e+00 2.147894846389040602e+00 7.158599381758670166e-01
1.080161809391703698e-01 2.727487126218165248e+00 1.331052022617317254e+00 7.410263098716103336e-01
3.745587791314720638e-01 9.120381636004618597e-01 1.675037390693798978e+00 2.130063623122282479e+00
1.337377082662611461e+00 1.639575507640818053e+00 1.044698132493689258e+00 1.047968188383506138e+00
1.891444951723861401e+00 4.810207228674325819e-01 1.136541000897692166e+00 1.802905661258844994e+00
2.350139929083466139e+00 1.966988380768770917e+00 1.792948044926636342e-01 1.378123118762243582e+00
1.877723158353426403e+00 6.379774232456686400e-01 2.338111983414937534e+00 2.429996379536786488e+00
2.660156069402550560e+00 2.703056951083421033e+00 2.320872510829385948e+00 1.325355605875422782e+00
3.011765982907527839e+00 2.797301951040716883e+00 2.639538052826756687e+00 6.641332778404658299e-01
1.715312862011099782e+00 1.064708007583460014e-01 1.497435953972098832e-01 1.396065418137997227e+00
5.341845859010417863e-01 2.936334676167092983e+00 8.431204248776287269e-01 2.091425496387957494e+00
6.036815482392339227e-01 1.604771200134742060e+00 2.279479798414437042e+00 1.255094410969001206e+00
2.218684535037993122e+00 1.653863727464298661e+00 1.328473710688770293e+00 1.344996146516616253e+00
2.837564191103862488e+00 2.420501768768172912e+00 1.560538646118523776e+00 1.388927810638665994e+00
1.904235633119286231e+00 2.067999197573560100e+00 1.206651698523226734e+00 1.508227620964622151e+00
9.201555302569496275e-01 6.583889998871602645e-01 1.713334940180585741e+00 3.764684739522420331e-01
1.655328485222643309e+00 2.479360807243291109e+00 1.872855468692958270e-01 2.550777343677825826e+00
1.361074941060323562e+00 2.771224030530472504e+00 2.882043421636256486e+00 2.850175716796758962e+00
1.056026188899316987e+00 1.835529387350855357e+00 1.940558091466930035e+00 1.992605854285068201e+00
1.687613101237704250e+00 3.012795961028326808e+00 1.521289013142997915e+00 2.331481261711918496e+00
2.787809678944911163e+00 5.798884861473682095e-01 2.681054122335476020e+00 2.587391846797407191e-01
1.758491521444904560e-01 1.352566194851101633e+00 5.565503547479915269e-01 8.767110278677392454e-01
3.566077432871573860e-01 2.247911128101229394e+00 7.716041655297171120e-01 1.188027541403055665e+00
2.293021387709015979e+00 1.596649547175770012e+00 3.109621399689208587e+00 1.662904637830801891e+00
3.215462542313470701e-02 1.997311188974705720e+00 9.988492655199310288e-01 1.471789742702926951e+00
2.037403072117822678e+00 6.777584466632222693e-01 1.431172842674429457e+00 2.552483468910720088e-01
4.302391661099019271e-01 2.826466314041012340e-01 1.405593526290753958e+00 2.124626876133473841e-01
7.763833558628271403e-01 1.084282598946413545e+00 2.156997850971787756e+00 3.138792872856065230e+00
1.720977166160763350e+00 2.101249937889846375e+00 2.749618952438419139e+00 2.380481684368652484e+00
1.162671959676135680e+00 2.941730571895733615e+00 2.693937985351808617e-01 2.243263176215209764e+00
1.955698527840587397e+00 1.741906127808254379e+00 1.336020383574326287e+00 2.020899811140860702e+00
8.626730829558039160e-01 6.856802421037228035e-01 1.159773121225836867e+00 2.879296309941016485e+00
3.602233538835918347e-01 2.718916234391387299e+00 8.897635155436828258e-01 1.599565637681082286e+00
2.114470614934508497e+00 7.922950002849235007e-01 2.600253194471756846e+00 2.114945174247514270e+00
1.286110740563771282e+00 2.360900436714802542e+00 1.787053600426198319e+00 2.919833425931801063e+00
2.945260083025192377e-01 1.764214302910667831e+00 2.463735481731519350e+00 6.084352128419396877e-01
4.485657233296775487e-02 1.359246915894941621e+00 1.032985084971050460e+00 6.781991948081839139e-01
2.186734838347381693e+00 9.715962747235432628e-01 6.778042280728349134e-01 2.075651286701913900e+00
2.691103180003523665e+00 2.037540974069097288e+00 7.297154869713057788e-03 2.437221554945419921e+00
3.070152562315021871e+00 2.138002818185266385e+00 1.710122251819710781e+00 2.354496823535611405e+00
1.838815343042210504e+00 2.399998429295521485e-01 9.224789263525804417e-01 4.670386854862830783e-01
2.394408341553600827e+00 2.324243084820110550e+00 1.955202853404166996e+00 1.123188115213598071e+00
1.848239915017055202e+00 1.089492449894658321e+00 1.131800584888544847e+00 1.832007667969971776e-01
7.455303538863463642e-01 3.093849289842304895e+00 6.083445683162372886e-01 9.172956355334530576e-01
2.981151964714032321e+00 1.253756911994571066e+00 3.007718184186880528e+00 1.991941528142907869e-01
9.275779058760205142e-01 3.698861145651696214e-01 2.046124639404567347e+00 1.450810144166707838e+00
1.906035668810782902e+00 3.434670190346710700e-02 1.771672106841424954e+00 2.853384217425958269e+00
2.921127152189700205e+00 6.031469674307372575e-01 1.868880629757131873e+00 6.548566613888644472e-01
1.533025936142451418e+00 1.538275666448606360e+00 1.098838488189732399e+00 5.286651311285006649e-01
2.535095877218846105e+00 2.191517037782000354e+00 1.067980650633972850e+00 2.904673912844255135e+00
2.096847967347162112e-01 2.120460965179998547e-01 1.425703818087297181e+00 1.184698345942673203e+00
1.623045368558872825e+00 2.527585542206123748e+00 1.303806769540354793e+00 2.989642808814343411e+00
1.321744816432629976e+00 1.012553106945519810e+00 9.654329169399307187e-01 2.623959828958498885e+00
1.525786459303351217e+00 1.009218046439906091e+00 1.194053547078957500e+00 9.536879920642343800e-01
2.159245377718962633e+00 2.880501707162698377e+00 2.049056715943786688e+00 6.619492565858496880e-01
1.329020392070907830e+00 1.097386354115243767e+00 2.690869340516200303e+00 2.248991803352361762e-01
2.117835870312845259e+00 4.878063519386467706e-02 1.529820718612158625e+00 2.751350223512978310e+00
1.001047472945055583e+00 2.022923668752943660e-01 3.010521778251917802e+00 2.641450084524197717e+00
1.528802453778431047e+00 2.072696178665277555e-01 1.316752443498061087e+00 1.430883900296138656e+00
2.730657349154998137e+00 2.887217414242585267e+00 1.455621985436996724e+00 2.100265609375308706e+00
1.317639185889261322e+00 3.677988044207451401e-01 2.178740509501781109e+00 2.897135790147142842e+00
1.706652377185590153e+00 1.957547302903450248e+00 1.217327103189948856e+00 6.836255642514172948e-01
2.893247763051580268e+00 2.699691412177889216e+00 1.187353762560228843e+00 3.131066939162224561e+00
2.454110183715199900e-01 6.834395617873120221e-01 6.859469112255622836e-01 2.659469170601361565e+00
3.089029260428462376e+00 1.358387657577751761e-01 1.173017759984047892e+00 2.418587083886261091e+00
1.390104567073729092e+00 6.833070554708158273e-01 1.469027563969924621e+00 4.798492718527311296e-01
9.136931922394192496e-01 2.690938135084841143e+00 1.243999203038991919e+00 2.208497815814324916e+00
1.578036586278432463e+00 9.272045963757924447e-02 1.103955098436205429e+00 8.971725671325995188e-01
5.949450012772754537e-01 2.157915022748596368e+00 2.451253366501873643e+00 3.990006654657325402e-01
2.884823835252980029e+00 1.182362743520240400e+00 6.931980857909527671e-01 2.872905235539052970e+00
2.872715583562046593e+00 1.827596395785063388e+00 1.489687124740717961e+00 1.144052719024771569e+00
2.893885084090215276e+00 2.997045763983066990e+00 1.055314010223112220e+00 5.014582732166787959e-01
1.623232664901020472e+00 2.595644096665032041e+00 7.697916715463424264e-01 1.949514921322327510e+00
9.178976366087834293e-01 2.628133591353521314e+00 2.192276701153690888e-01 2.264628053695478371e+00
1.646685136682419337e+00 2.732150765208932963e+00 2.143881626033658172e+00 2.006611727898200748e+00
1.595055986294918515e+00 1.446523627980978555e+00 1.537881502036003489e+00 8.133341317301131523e-01
5.928193913390984449e-01 7.434158777141347541e-01 1.825150986050162683e+00 2.576264542008211755e+00
7.035358554053532387e-01 2.438650495266232010e+00 1.978794834770659206e+00 2.353051854727736369e+00
4.534095212033162348e-01 2.973055871074601786e+00 2.211646392393724625e+00 2.580019086842697540e+00
1.480787822450946312e+00 1.467564477415766566e+00 2.389354832406222151e+00 1.603332194706525105e+00
2.662847286587552986e+00 1.845786438190020196e+00 1.810084410299705571e+00 2.217076929885880787e+00
1.171567176173108349e+00 2.278748883351139121e+00 3.046105520661783195e-01 4.133515890785219860e-01
2.056412383484446937e-01 1.831579175824915806e+00 2.116062498493800792e+00 6.031466268039462064e-02
1.342884290724514873e+00 2.488509740379422297e+00 1.111375485438055977e+00 2.384438414355663838e+00
1.468046202077869955e+00 2.069342622120965647e+00 2.988783203567044744e+00 3.339535600566889140e-01
2.951202581293888016e+00 6.952896428317215105e-02 5.287197354744117561e-01 3.356945949966668175e-01
2.511764382964671416e+00 1.526757277112366529e+00 2.570790463870135767e+00 1.605600375374481192e+00
1.029613210249354927e-01 1.012947051872276738e+00 1.398602529070845257e+00 2.627315056687934192e+00
1.738387542119181894e+00 6.619834084653949402e-01 5.736061930623773675e-01 1.678173119486663589e+00
2.069335352773050474e+00 2.704445946202669454e-02 2.065004291884056542e+00 2.305786356004298820e+00
1.289333043276107149e-01 2.336841926868529651e+00 2.764272671947821447e+00 5.794009795741701385e-01
2.463067102696406607e+00 2.941547702868832381e+00 3.071334303946592126e+00 1.478756900624726978e+00
1.883714448188210877e+00 1.289687990021938901e+00 1.381239471138818065e+00 1.698226879023689184e+00
2.977794639392246978e+00 2.758663765841337323e+00 3.117338506411659438e+00 1.947388083646841017e-01
2.684495595495074660e+00 1.146384765973365694e+00 1.376518061009502025e+00 2.211513805347391948e+00
1.343722834170018254e+00 2.772164077193415732e+00 2.821768739892576150e-01 6.072743248489795853e-01
1.968578735724047180e+00 3.688529335122229247e-01 2.576977791187593070e+00 3.868542353366298536e-02
8.961664825380709631e-01 2.441258173557513622e+00 2.827130039057000666e+00 3.053624862524554118e+00
2.380539934456541662e+00 2.520905968611609538e+00 2.199468254307626935e+00 2.887262359010567270e+00
1.841085278147772009e+00 1.044106588515187228e+00 2.514072674702955368e+00 1.270656461213619082e+00
9.543229326259932144e-01 1.906103805836510734e+00 4.912320110788803151e-01 2.707664623203313026e-01
1.110712212974011015e+00 3.724366191382990077e-01 2.550482589146834567e+00 1.095260867890250678e+00
8.753419363867708247e-01 1.802730042893822437e+00 1.002829699878346803e+00 2.680948867410776426e+00
2.441281867404847983e+00 3.108580945666989948e+00 7.944688476577128622e-01 1.053976862343306842e-01
1.050616079095120003e+00 2.587106008713080385e+00 8.661826040074271926e-01 2.506702821060224018e+00
2.402281731218541161e+00 1.778213155807304657e+00 5.560762899182001284e-01 8.370307051615438754e-01
2.356007811333542978e+00 2.857310830538090318e+00 1.181108873812731108e+00 1.005882325815938838e+00
2.302965598619404641e+00 2.682622736403777797e+00 2.571467962927699524e+00 1.241162110654921324e+00
2.549475988883530331e+00 3.013548678838544159e+00 2.524114686827498399e+00 2.057936443568704199e+00
7.742718859555365318e-01 2.658373868998752609e+00 2.494949088501701162e+00 1.927691394034660721e+00
2.890122643678440628e+00 3.068491157434734884e+00 2.644708365218952029e+00 2.457648250875488660e+00
1.385364046854586473e+00 3.390929463716924608e-01 2.870075710094520449e+00 1.823986853736753622e+00
2.818025097572577575e+00 1.884827003950592328e+00 9.956533806368413897e-01 3.254107454862771864e-01
7.192934621510518323e-01 1.786605213971113049e-01 6.465273660237728093e-01 2.737850845973251790e+00
1.447310323787300845e+00 2.743958923481354173e+00 9.581986919528661106e-01 1.949684759696602487e+00
4.632195201734839451e-01 3.695549424682362805e-01 8.160307796881868247e-01 4.821208884483407231e-01
7.749009891567865127e-01 8.989618526806963938e-01 2.767792246555066615e+00 8.518317735800609025e-01
2.468396640605112768e+00 2.251490212607598629e+00 4.645056659196029059e-01 2.155913506493163379e+00
5.978776668827194551e-02 7.236504699764561011e-01 1.515845172903493854e+00 3.013042537928245057e+00
1.703329200673761035e+00 2.017342297515780647e+00 1.293503285227090238e+00 1.200772800316599387e+00
2.030471422213277588e+00 2.837076938763563483e+00 1.551617397455631986e+00 8.598763926473910191e-01
2.119379156400169606e+00 2.206272620140019125e+00 1.578874328438154118e+00 2.995085194803637663e+00
1.976394853569694243e+00 2.430117067708214673e+00 2.698553001762339587e+00 3.954395559063468568e-02
1.632451181343366198e+00 2.889164596933385454e+00 6.524874481740297050e-01 1.069704895515729781e+00
2.280878532184202001e+00 1.620506217956247871e-02 1.845229233714728301e-01 7.408129909205900532e-01
2.482941289612384139e+00 7.157133367464998397e-01 1.466299285929595353e+00 2.585894647697460691e+00
2.959344946402830079e+00 5.632753566958174085e-01 1.525875871512666571e+00 2.021837909776120323e+00
9.757165342432243538e-01 2.589666512071902016e+00 2.447983097119968754e+00 1.951769765937978907e+00
2.764454303019381332e+00 2.222338318700898707e+00 2.425273819040825174e+00 4.000266161109845009e-01
1.850334980559208642e+00 1.203577672283187017e+00 2.181661861522266488e+00 1.137871585024442300e+00
3.116620826627215513e-01 2.188396757802296033e+00 8.593312731217012113e-01 4.640865825688284541e-01
2.761108286998938066e+00 1.225660549490750872e+00 6.837054702270763951e-01 9.802889194962081110e-01
2.139883303051250962e+00 2.660363035348566996e+00 1.105891227203791988e-01 1.142384756173887850e-01
2.008639433324895585e+00 1.172788880847061233e+00 1.081496030168697553e+00 2.784758452972456055e+00
6.945246287480306702e-01 2.011732426864885515e+00 1.789147680775375004e+00 1.123152071328014756e+00
7.032181190641877411e-01 8.468489507717089637e-01 4.924029867832826479e-01 7.835509093636657818e-01
2.930408233021932207e-01 2.513034424646066967e+00 2.478443684882638554e+00 3.688213649139368555e-01
2.359616294579298668e+00 1.089560503879118736e+00 9.481085637452559833e-01 2.205498099825558445e+00
4.964446532341071916e-01 1.578559503135512632e+00 1.545000890238130420e-01 1.072956271309436049e+00
1.075049443191461451e+00 2.477416309356187174e+00 9.146517174733848066e-01 7.799535450453036756e-01
1.139130096619067611e+00 1.308619958289244378e+00 1.620649053813063123e+00 1.674496461573539707e-01
2.246328591015637421e+00 2.777905411495202870e-01 1.475835068776417014e+00 2.728840929409699356e+00
2.217483293397470412e+00 1.013584168922974982e+00 2.270620185313596551e+00 2.360097213404281913e+00
2.998620043279838221e+00 2.533189574087963553e-02 2.690714901636117595e+00 1.678000750305124633e+00
2.849221274491680944e+00 2.159667517158025074e+00 2.418938415254738850e+00 2.353639624179137080e+00
2.819983612420007280e+00 9.845650210258218848e-01 2.476469962674516245e-01 1.430202731425068263e+00
7.095181264782060016e-01 5.766539629351882801e-02 7.987860728620530537e-01 2.042136865180211647e+00
2.953144588429854611e+00 1.233115044372925073e+00 1.761300033328189407e+00 2.324274649641953072e+00
2.657460350679863748e+00 2.460504762014881663e+00 1.685570642447238754e+00 2.233071682949686387e+00
3.039285504154779716e+00 1.338239439382065354e+00 2.971116815230117059e+00 3.131485820148188104e+00
1.566341285322606636e+00 1.447958352939188620e+00 2.760920715824940697e+00 4.053744704688180822e-01
2.301615763403210835e+00 2.717953127593775609e+00 2.358326884953646285e+00 2.694935478928843775e+00
3.251139489443455877e-01 2.531792316920184582e+00 1.876054397396188289e+00 3.017971908895324962e+00
1.377175959669491467e+00 1.531374980164171173e+00 2.976066801478385759e+00 3.338506372265708233e-01
3.032874346977203484e-01 1.561972468784665447e+00 2.551253801190036974e+00 2.585714420510427658e+00
2.335329217219738851e+00 1.829227046269401358e+00 2.494781433266581860e-01 2.652111532217118040e+00
4.369230766647130317e-03 2.951045593955391677e+00 1.160350945575937986e+00 7.732297046979905719e-01
2.259331283337899343e+00 2.950599010362553010e+00 1.010609712241820335e-01 2.355056888625049805e+00
3.383691409075124668e-01 2.236917331795634567e+00 1.774632731974544519e+00 2.232640854084420035e+00
1.376665430048275685e+00 1.010334185960243936e+00 1.510620902573037494e+00 2.903646017663857659e+00
1.525899374641258133e+00 1.604341072556238368e+00 2.475395061511191930e-01 1.039024624471103442e+00
2.421354825878665462e+00 1.738314869416906827e+00 1.171732116022952574e+00 6.320473403932374001e-01
2.227001419830482831e+00 1.033717034231879106e+00 1.222280877018911749e+00 1.629671428049686899e+00
2.478593626856317567e+00 8.228772734421837542e-01 2.140777201200178670e+00 9.524499552882575992e-01
2.781965980441829522e+00 3.497054154954309935e-01 5.624485769680784286e-02 1.656868328344122787e+00
1.578380533333963776e+00 1.323952606461126447e+00 3.091509832297684168e-01 2.763530801573562901e+00
1.247368913471324503e-01 1.079004401177859895e-01 1.821843487351315280e-02 3.036066389546542510e+00
2.664844687912920396e+00 2.341233479468709522e+00 6.157589311709148888e-02 2.942575639893122208e+00
3.823373423974176233e-01 2.665269671378949212e+00 2.644155449763880839e+00 2.208229208824033840e+00
3.167832895039518482e-01 2.650403042567460954e+00 3.803349307565800363e-01 6.975409622182646707e-01
6.622130898127646936e-02 3.039776631200556523e+00 2.242073461286929081e+00 2.147665726896961502e-01
8.914577411632692572e-01 2.742210189888870886e+00 4.760189734801936745e-01 2.006038348020660500e+00
2.000530286052071727e+00 2.955443278590438538e+00 1.644907705048870072e+00 2.704342360123300093e+00
1.016153054672354283e+00 1.030711534922698513e+00 4.245958082366833586e-01 7.846087206536481728e-01
8.386089488561507821e-01 2.654143851310178270e+00 7.730569360454235817e-01 1.740597222593548710e-01
3.642311651197433497e-01 2.052684143330520516e+00 9.628808011855814752e-02 4.963332750514877212e-01
1.056641546063110226e+00 2.437360886803243254e+00 4.555383576042525973e-01 1.266877014042442351e+00
1.765825773307196478e+00 1.652684568765931117e-01 2.038068814521271310e+00 2.104071173168159170e+00
5.783459126159795627e-01 2.294955425133222260e+00 1.238693360472522542e+00 1.738444501952247867e+00
4.207490307416445474e-01 2.672126652823574755e+00 4.294516586041361994e-01 1.238649810288308339e+00
2.192474563380114372e+00 2.775472968335196189e+00 2.782449435749577482e+00 1.723076212110427274e+00
1.968626176485088086e+00 2.405397680740363420e+00 1.199709157759853539e+00 1.634675374416399984e+00
6.599509309358740916e-01 2.958250734584181085e+00 1.115928876329091324e+00 8.200804531255632135e-01
2.191293300363451824e+00 1.276669610341593986e+00 1.001092061264455157e+00 1.490071686674484974e+00
3.197253824541578249e-01 2.009874399212231211e+00 7.973085568645028598e-01 1.183319850200038603e+00
1.422404617553444162e+00 7.330438959017686607e-01 1.974335239253651730e+00 2.033226605354336414e+00
2.777687152920441882e+00 2.575422340882592920e+00 2.599409723905448999e+00 1.678305465686030118e+00
2.439743836384596687e+00 2.354532708241023009e+00 2.566602721116137076e+00 9.051938750072113793e-01
1.114584458685438761e+00 1.339626477393278892e+00 1.418384646281231509e+00 2.910504386316522751e+00
2.616329324449418792e+00 1.775744483165447196e+00 2.116518365521189882e+00 2.014101621342793802e+00
6.845760848097515172e-01 2.542306344320757194e+00 2.177607803934627828e+00 1.772428614527070678e+00
2.605177310264831902e+00 1.405801940544838979e+00 1.895928999042322538e-01 1.348528490178004136e+00
3.074187920395535123e+00 8.517113146629231579e-01 2.228429109907354544e+00 4.755086005831598017e-01
7.275494622853235782e-01 2.214654264244509729e+00 1.195718894210242134e+00 5.882268773942291029e-02
1.589963992520131431e+00 1.786724908129620593e+00 3.061925339120481482e+00 4.831598271794220745e-01
4.446516651923402286e-01 1.767545654479768524e+00 2.257942473591928234e+00 1.531633220556895436e+00
3.072749290708506553e+00 1.930192408641927759e+00 7.099122760750563588e-01 1.128198065608577300e-01
2.037445042530975137e+00 4.241340184497924271e-01 9.265513411743860894e-01 5.248112752986180268e-02
2.315721815277716367e+00 2.862954373424036358e+00 1.387566297575936608e-02 1.430032691225950670e+00
1.153512012215183180e+00 3.095364785395414042e+00 1.255603459491824614e+00 7.620199194282896160e-01
2.905244142689843212e+00 8.180756528227683955e-01 4.624450796890035575e-01 1.353222414136897367e+00
1.991615679056977228e+00 1.615931831986687550e+00 3.049195157073731455e+00 2.198824296859558380e+00
3.192664810278211113e-02 6.942145345467349848e-01 1.185043987964712331e+00 1.302527381424626984e+00
2.918474392867262068e+00 1.077766993708459409e-01 1.965027583563611957e+00 5.171260069468499587e-01
2.481377709596295222e+00 3.177878594675526691e-01 2.560749804763567727e+00 1.811255320695460913e+00
2.539386086507454898e+00 1.837800055334360083e+00 1.937368816090720980e+00 2.671573324511240521e+00
9.285841251020812148e-01 2.510764345097419081e+00 2.389045999555800215e+00 5.514371462050040584e-01
1.497743052004802511e+00 7.637548209266195043e-01 1.523502404783421804e+00 1.101266192803384891e+00
1.131517317219477459e+00 3.720248462830722525e-01 2.062953665266180181e+00 5.819089798998773322e-01
2.030804236688014797e+00 1.476319085035799006e+00 7.818982900027625638e-01 4.317983506623653267e-01
4.146533345308606178e-01 9.238937123758829140e-01 7.582706100689369233e-01 5.114564787022085612e-01
2.101626267586842456e+00 2.068544316932752203e+00 2.542525564867017085e+00 2.487194447388888507e-01
2.935546133166207827e+00 2.472764567344423181e+00 1.801977980581294103e+00 2.553833566530339549e+00
7.474104018006348937e-01 4.681507489294332580e-01 8.170977616313991332e-01 2.517520360538715529e+00
1.060468362098485828e+00 1.356564575787875260e+00 7.761091741770455021e-01 2.622147419977076233e+00
1.596545253621039828e+00 1.655247560177346644e+00 2.441393109899701930e+00 1.295013544304884912e+00
2.120058589081365241e+00 2.543844448712281547e+00 1.272472486749723464e+00 2.299215177548506794e+00
1.456795951680050161e+00 1.029186918829133379e+00 1.485129718154023282e+00 2.171446211025084949e+00
1.800687144367475900e+00 1.371785302507666726e+00 1.536256517739753802e+00 6.898332836880506636e-02
1.535041281028485471e+00 1.586246694200380780e+00 5.958058820540593770e-01 7.912895862960362958e-01
2.943688302987450545e+00 1.886716828041938021e-01 9.922795788248496562e-02 3.101221922967142941e+00
2.457519713725341948e+00 2.338888858014501082e+00 4.181835859284291357e-01 8.737866049748707065e-01
2.466814063182034111e+00 2.242333118068844389e+00 8.970435044995398455e-01 4.568509155413014722e-01
1.503943674981101264e+00 2.015049955430425310e+00 3.979223774208227593e-01 1.793314779581006935e+00
2.729910683695278895e+00 1.972755784799979040e+00 4.111731625062869933e-01 2.280805617992174739e+00
6.536610838139172985e-01 1.428507807059920864e+00 2.187624127908179616e+00 9.168289197906616395e-02
2.884505529878550245e+00 2.600009102285741669e+00 2.984165521098267604e+00 1.562232466766003691e+00
6.631008766766777196e-01 8.516288983185126005e-02 7.746820676037144415e-02 1.812633188166874687e+00
1.821351131078014163e+00 1.943765166622547724e+00 2.065442731212811633e+00 4.066825767397058145e-01
2.698580058173937424e+00 1.291308522464564179e+00 4.999810542830290805e-02 7.163674220364197875e-01
1.718296836548120154e+00 9.001156865059932732e-01 2.959551126186003689e+00 2.182429727562246402e+00
2.789346260510734421e+00 2.162214902838457409e+00 3.041538777820828265e+00 8.119947690715728639e-01
2.633222194951990947e+00 1.096023579662581016e+00 1.799605363143263803e+00 2.863546500912512283e+00
8.174105523621243430e-01 1.702441373603561070e+00 3.021062890933834399e+00 1.999061495306000191e+00
2.901273326739412184e+00 5.073399148818363846e-01 1.258134993729661089e+00 2.076941622115519248e+00
2.897182548876214181e+00 7.486244829736188322e-02 2.890150113994840009e+00 1.434652659046008027e+00
8.601639394052397469e-02 1.620781101432986482e+00 2.633197426728645318e+00 5.057318436434729003e-01
2.966009529063118322e+00 3.080814439721134335e+00 1.889642039144180830e+00 6.669660934436871802e-02
2.043844420761148084e-01 4.415970812075873525e-02 1.033360783365381286e+00 1.019353911562821124e-01
1.284788556904916446e+00 6.224399005984412314e-01 3.078750473091874884e+00 1.820976502934306129e+00
1.316951961403024229e-01 8.087216346742586159e-01 8.082135411976206774e-01 2.552262677964121096e-01
2.507365821684167884e+00 1.199903287820188513e+00 6.157552791433499317e-01 1.192558980842041150e+00
1.981816651779254146e+00 5.795761856403698342e-01 1.425741738647400725e+00 2.412668943306151892e+00
3.010891900405608279e+00 7.175162608437510858e-01 1.321496765050675648e-01 1.947589967689865809e+00
2.802049544099747713e+00 2.453992040020287924e+00 1.857450113287658633e+00 7.195152121672501178e-01
6.469125202678217557e-01 1.776024096551196141e-01 1.228726322318405062e+00 1.863718532613634349e-01
2.173687326340673298e+00 2.540744141078854934e+00 1.974269501119386483e+00 2.172343655486249414e+00
1.232553185081248781e+00 2.200055600560827607e+00 4.140430183884599713e-02 2.274139618783477701e+00
4.073747313315525531e-01 9.597677246671910967e-02 1.768115160370518746e+00 6.250620083310355346e-01
2.105058035369936853e+00 2.647961059004732221e+00 1.092407603368175106e+00 2.853827221543229431e+00
3.686072838674114283e-01 1.707290628006855604e-01 2.282258422956543187e-01 1.376850635910936926e+00
3.098616605357302767e+00 1.112866755369258609e+00 1.618465040348494810e+00 5.644114674064953929e-01
5.333346483880508915e-01 3.853280647999678399e-01 1.794023737088630721e+00 2.965709137887329594e-01
2.641229158539966093e+00 2.957477353152773603e+00 1.722916782547487813e-01 1.405361561770274381e+00
1.824628899182498265e-01 3.033533672069099185e-01 1.593215214066117325e+00 1.298626177561641670e+00
2.684490878819049353e+00 1.448219629695789878e+00 2.280098216754946616e+00 1.725632391598670212e+00
2.364023421126276947e+00 1.583219479145611785e+00 9.043914522206728535e-01 1.917191427008442473e+00
3.477819518954650690e-01 1.827723842471008275e+00 9.639191309935548624e-01 8.193803228354545887e-01
2.588178412992655275e+00 7.887795078694482820e-01 3.864858013250725005e-02 2.614793366287879284e+00
1.485364230410409547e+00 5.863854983904340790e-01 4.781264992858375584e-01 2.731297101049309006e+00
2.094114408085368417e+00 2.006891680278500012e-01 1.850782747524579941e+00 1.369787643347925910e+00
1.893069201453321915e+00 1.569346626023233382e+00 2.094406910592580218e+00 2.588260595719426682e+00
3.021646292959541569e+00 4.371123257224329151e-01 1.090020021419918050e+00 1.513660617194385161e+00
