1.726367741991812643e+00 2.621816257654674409e+00 2.783058834013835359e+00 7.823557266548828437e-01
2.545481347118957682e+00 2.305565467131744928e+00 5.580931894205509725e-01 1.925186942707173277e+00
3.119340495018724235e-01 7.267617282647835519e-02 2.345761778884955184e+00 4.353540999031779157e-01
1.198671043852769014e+00 9.947019779045335186e-01 2.782140037834373913e+00 2.778554043963464615e+00
2.231598303090391422e+00 9.259710249253921832e-02 1.911905672405875833e+00 1.943567278653196784e+00
1.283997779494003844e+00 6.140373604827115833e-02 4.067248237066445338e-01 2.239289425310060810e+00
1.536712146377602783e+00 1.242160588391003628e+00 9.614566073545746105e-01 1.362164709835655740e+00
1.410314567432528754e-01 2.271232182923540233e+00 2.389337215512193247e+00 5.300018779790743872e-01
1.871487736297456905e+00 1.047664042350215263e+00 2.718370000558741229e+00 1.370231725653158650e+00
9.655768351028792829e-01 2.903839386709730519e+00 1.354171953460253430e+00 1.312519113918328317e+00
1.444191213985815736e+00 1.792955309462782143e+00 1.896716277968440556e+00 1.729143467708619042e+00
9.403224163170794681e-01 1.858097976350279623e+00 6.571133600567620192e-01 1.391083570627156929e+00
2.582677332309478047e+00 1.203873853498179214e+00 2.944359105611407568e+00 2.865583344686075673e+00
1.573792791487474529e+00 2.750119445645136107e-01 1.468941949418887560e+00 2.851092876529583542e+00
3.107666739869322736e+00 9.032106279717989628e-01 1.762483136940221407e+00 2.393635816289155116e+00
1.669307004200450750e+00 1.747241964862464414e+00 1.397000767239707120e+00 2.682989657800671335e+00
6.970219326978543961e-01 2.691166724437080160e-01 2.701602761449315881e+00 1.278692064464850731e+00
2.125232682144679031e-01 1.025669691137756745e+00 2.014120245552260435e+00 1.777260567289042026e+00
1.785738018131060034e+00 2.782486948783484237e+00 2.423843138555273224e+00 1.400587536203797834e+00
2.394632018705446175e+00 2.452888577150617699e+00 2.182615494274229295e+00 1.750316301296299670e+00
1.931832731155122829e-01 1.085113968111831140e+00 1.062658660610239281e+00 1.689329961794086232e+00
1.866075256781766889e+00 1.702613746655596394e+00 2.517508802658371403e-01 2.283305631702659877e+00
2.782025395474562846e+00 1.174112987889797344e+00 2.071214576112164085e+00 2.461588899602505709e+00
7.591694966671724831e-01 1.514153055653593594e+00 2.277605501591501103e+00 2.868277053462183535e+00
2.694628943946256960e+00 8.040517915158984508e-01 6.096961782488009574e-01 1.503513318381844543e+00
8.915252412656327063e-01 1.360010287855754951e+00 1.697303496491539887e+00 1.006492425980789251e+00
2.299426191496988459e+00 1.883823969367570905e+00 1.074652904813208298e+00 1.951360407553721643e+00
2.067492036211806550e+00 2.910218430495504549e+00 2.338673220272953213e+00 2.751994645104238746e-01
1.721526892145166521e+00 2.971500198031339135e+00 1.980664473305107087e-01 1.152857179100519103e+00
9.286057485488894425e-01 2.652251689255043399e+00 6.428852617494368316e-01 3.676118018816502686e-01
1.321820144498085492e+00 8.630649938323738946e-01 2.566474512497679328e+00 3.069797320926624717e+00
1.644384178392153117e+00 2.734572953948111618e+00 1.253519592472994937e+00 2.732897531449867579e+00
1.015081992399428312e+00 1.580229315634537057e-01 2.847640801977549874e+00 9.780220749464338947e-01
5.880286399357972371e-01 3.917457883104450422e-01 1.329758222551434166e+00 5.352937191461246691e-01
2.710590620107004689e+00 4.883905782387036321e-01 3.034788135050866753e+00 4.953219608185678059e-03
6.396104570350695795e-01 2.746033764088117390e+00 4.640029593528989249e-01 5.184426951064986522e-01
7.680322899808209591e-01 2.950029818252337677e+00 1.112854326241381697e+00 1.903471659085605450e-01
1.057922747445434880e-01 1.229489693711709908e+00 7.084280393616598781e-01 2.675877899321306597e+00
2.830650401050654796e+00 1.601597471787904459e-01 1.616072524801695609e+00 2.407951082872684001e+00
1.230237004831416625e+00 7.441007825704354373e-01 1.693835688545826335e+00 3.644511431685658609e-01
6.952576968556845038e-01 1.473808738271309648e+00 1.644455241535938583e+00 1.360582686187899570e+00
1.968981144214400736e+00 9.214908643286527645e-02 1.581808386799109789e-01 2.821346159283690813e+00
1.237840158287536463e+00 1.908579832407471810e-01 1.555839497429819307e+00 7.914110633944124173e-02
2.036543655288324484e+00 2.481402510271625061e+00 3.747492875278287117e-01 1.768937786308648841e+00
1.268881084618264987e+00 1.037003196407108252e+00 9.275921341984427748e-01 1.925671993806376436e+00
2.968835748080964620e+00 2.117680332536433507e+00 1.401884927983721996e+00 2.127002478847701106e+00
2.256777550850515457e+00 2.164634923017389134e+00 6.031967454068368761e-01 1.724291141710416975e+00
8.440352729456834791e-01 1.592556252754215307e-01 2.354175019358446086e+00 1.927884494965376172e+00
2.668750029967306148e+00 2.360436882098376099e+00 2.804312814011434618e+00 1.021029054670306246e+00
4.779772374876342100e-01 9.343808071205764731e-01 9.443945452735611479e-01 1.269869375880920526e+00
2.224150980563726065e+00 7.384146334393479894e-01 2.090619833384320447e+00 4.339239111790285097e-01
1.450050425521774100e+00 1.066818545004091678e+00 2.963939168021674675e+00 1.053578105611508720e-01
4.099315694173695235e-01 2.784186382285481542e+00 1.741868685359533986e+00 1.047765729402773793e+00
7.706865236159404775e-01 2.123336574794001397e+00 2.553253487448329806e-01 2.002302682296038583e+00
9.826081651546855200e-01 1.234230477300017448e+00 1.452430098529912117e+00 2.016748524237270065e-02
3.142047048484316041e-01 1.830026480613674789e+00 2.747157927156298030e+00 2.841742359945995222e+00
1.934742990325488687e+00 9.804499690394679057e-01 1.022124508985289504e+00 3.037798149052393981e+00
3.076501035142011009e+00 3.105284985858537183e+00 7.309191439179902883e-01 2.768070936532449622e+00
1.280235753608329752e-01 4.924287558211569715e-01 1.478941270469988911e+00 4.867564865555514680e-02
1.243335664917606165e+00 2.114042701172295313e+00 1.300136016978833853e+00 2.647497416260943037e+00
2.129281261949469872e+00 2.835599588443834751e+00 1.040436229846217087e+00 1.167656127464317573e+00
2.775028921099369494e+00 1.745201419802572262e+00 2.991713026025614397e+00 2.523868092697653331e+00
2.645295441279812199e+00 9.187197207835140489e-01 8.149470953816881913e-01 1.991515503169821732e+00
2.036454611904053191e+00 2.727304159241377146e+00 2.395795337377269352e+00 1.896276116846603799e+00
6.564775127693399659e-01 2.949650567937883938e+00 3.000041181528634748e+00 3.745451577390382369e-01
7.359142263163637177e-01 3.119138999269845947e+00 2.329921217667398903e+00 1.923720808371483182e+00
3.103880394354962657e+00 9.614857578204103472e-01 2.860294817349130714e+00 9.690056874245041030e-01
2.303671435366378528e+00 5.056914052114462876e-01 1.655839770754843121e+00 4.208997334427673209e-01
2.778642509314074971e+00 2.688604304076689377e+00 2.357296353042810377e-01 8.242220910073659867e-01
2.994301259251396008e+00 2.288812724361423967e-01 1.466209056555883627e+00 2.220144190245522342e+00
3.048095131423709692e+00 6.838074963055084110e-01 2.271011856478807545e+00 2.268104776010602563e+00
1.623635615113733666e+00 1.355226789293527467e+00 3.322093038933921633e-02 2.106161164800252894e-01
2.160655646764187754e+00 5.457291170074459741e-01 3.011238025930554230e+00 4.600492632626921874e-01
1.743017150706157592e+00 2.937071462402411903e+00 2.914720288574600193e+00 1.829533011432607215e-01
1.945919797317808841e+00 2.576043018020266029e+00 1.873961638522261497e+00 1.984957191808483179e+00
1.064370399948922463e+00 1.972001687017485461e+00 2.456492804970670019e+00 2.185943977272475802e+00
2.543116693574647424e+00 1.736929382531736898e+00 9.274934258553076960e-01 9.387840528657273031e-01
1.428926103788986435e+00 1.338766861004460518e+00 1.302521975811845367e+00 8.497047416995756608e-01
2.318794917527769339e+00 2.704201198113612481e+00 2.420465255747718647e+00 2.214814218669010515e+00
5.637450129299900192e-01 9.956094078838744199e-01 1.771697425293165651e+00 2.297953657297333141e+00
5.165870311539065840e-01 1.026108789429303503e+00 1.608621903859081215e+00 2.759492913468334918e-01
5.031170215001759538e-02 3.089183225083746542e+00 3.032233948769978427e-01 9.675006938946505430e-01
1.698476176570417051e+00 2.583237430642778332e+00 2.527162800366076656e+00 2.788000666828331031e+00
1.033406876714412670e+00 1.484620789895408688e+00 1.971730179640230896e+00 6.876457636158270770e-01
3.853971138807701924e-01 1.867790343356955443e-02 2.719122823716766391e+00 5.278758799499170401e-02
2.458825339136095689e+00 8.043090510187340947e-02 1.854239983692335336e+00 1.626318679605596174e+00
2.125287889058808499e+00 2.893958008688231498e+00 1.284596479438970595e+00 2.746053090527738494e+00
2.960253795638664975e+00 1.881088885900703556e+00 2.358437321930169084e+00 2.323725962406253398e+00
4.442929354185772284e-01 1.910690493746787677e+00 2.769153855333686742e+00 1.853868136132066136e+00
3.074224001970810694e+00 1.015783826389270006e+00 1.671433366619144545e+00 2.762627444006208410e+00
2.807832566016371878e+00 1.498527631908960434e+00 1.138332138522289982e+00 2.684067980821495780e+00
2.451255187786306466e-01 2.790963652156838837e+00 2.491771140080925928e+00 1.455635006549715005e+00
1.538837202629735224e+00 2.535485735661330065e+00 2.148205252382406616e-01 6.000375040021344725e-02
8.478890353699737314e-01 1.525166319911417157e+00 2.832845016243050185e-01 1.727860041840014294e+00
2.239342353978868716e-01 2.708989869327621758e+00 1.115728772958883619e+00 2.667129379039279602e+00
3.008160348346534896e+00 9.696610649119656866e-01 1.637078072954042618e+00 8.351306066501618108e-01
2.018867927633061221e+00 1.130923254948300816e+00 2.900488012973002405e+00 2.976918959399784903e+00
4.539187688595876929e-02 7.071521254837576098e-01 2.205996815202828643e+00 1.023818929705792469e+00
1.618870229636629299e+00 3.500425541100978810e-01 6.753496777579750532e-01 1.708363456408956704e+00
2.030854937602933619e-01 3.002900173611386503e+00 1.466531124389572449e+00 2.514701841479325850e+00
1.481162670154237526e+00 4.828005442861068031e-01 1.271431186157504056e+00 3.238973812047037549e-05
1.641557336639236420e+00 2.784535721223577731e-01 5.656337642389279718e-01 7.137657656016400676e-01
2.699612155945873671e+00 1.058121599755522224e+00 2.329411070599689548e+00 1.001221213144664057e+00
2.004202206735798519e+00 1.239769541533665809e+00 1.348573771704159929e+00 7.064038091105135919e-01
1.434438421159194288e+00 7.979488467073264646e-01 1.898160948506710799e+00 1.953418044875163684e+00
1.825773440602471154e-01 1.737293937176186187e+00 1.828607734931061879e+00 1.305484942800172465e+00
2.597177203369884335e+00 2.524343027333911943e-02 1.944171669519910717e+00 1.342355559274830634e+00
7.394548889050370777e-01 2.749768927544644193e+00 8.309226809758141208e-01 2.939615686716431586e+00
1.676827259943350912e+00 2.883417420041940016e+00 9.331866084858811972e-01 2.452422639571571583e+00
6.875703592526907215e-01 1.039862637947605695e+00 1.868432748391717135e+00 2.322212070936367834e+00
2.813871264891913526e+00 2.512467289415324156e+00 2.567292004304461805e+00 2.956296959612290998e+00
1.941079052264527149e-02 2.394141834476707587e+00 6.897609555865044650e-02 2.645350307589215522e+00
1.108543069055798913e+00 2.936075025459646159e+00 1.073994408143541968e+00 1.906178559941176243e+00
2.865147222247598879e+00 2.209223975485707037e+00 2.461862539335440969e-01 1.431354485302252399e+00
1.546967103010216560e+00 2.054413677599844501e+00 2.100127021153974649e+00 1.141062684840292274e+00
5.545948857186649289e-02 1.772377403202921808e+00 2.754091541104318974e+00 8.315715915408726788e-01
9.651335571515773371e-01 1.783844778047834811e+00 1.048610830483400758e+00 1.434664031925573680e+00
2.313128417228145217e+00 4.619792631215207668e-01 2.217462662761644054e+00 9.073474028715549089e-01
2.742896153122615033e+00 2.957681007368910819e+00 1.342156535955373764e+00 4.473973086115023978e-01
3.018641888282904695e+00 1.045471859870939380e+00 8.583549576890782129e-01 2.915027568168036876e+00
1.928697913386053564e+00 7.132820164549148467e-01 3.905003211799433216e-01 4.737045235624728345e-01
1.572031491729804831e+00 3.686187308513074745e-01 1.851476141711594803e+00 1.626595536708972833e+00
1.589301262410542703e+00 1.673946095630986619e+00 2.145317084004501051e+00 2.932781885914399478e+00
3.671992368360780246e-01 2.735153601061193207e+00 3.048408727990168821e+00 1.812759713056904531e-01
6.102599715347054588e-01 7.837644109697912143e-01 6.863892032497116713e-02 1.814409770140389178e+00
2.134666991159171356e+00 4.159135606862985335e-01 2.177659839299656230e+00 1.398594440287058482e+00
4.752999121335135801e-01 1.224357478668649968e+00 2.530757792258341521e+00 2.753057907734400289e-01
5.423344746705002217e-01 6.832120958906949815e-01 2.754787680262986260e+00 9.698079763188743874e-01
2.541854927633517391e+00 1.499894344214318664e+00 1.003005203235261211e+00 2.927839229329966209e+00
2.583447774970617505e-01 8.582047982326551638e-01 1.418378952690687811e+00 7.167266478004769015e-01
2.102691234001585308e+00 1.872496380060287402e+00 2.107974280666176092e+00 2.890182561087597968e+00
2.652475741465821990e+00 3.310900078524176005e-01 2.607987139606393612e-01 6.405709409887155870e-01
2.996483330614207130e+00 1.330869948628023991e+00 1.832807764903057191e+00 2.373251502548022085e+00
9.904982907322846808e-01 1.015560333667963722e+00 2.350536630779135994e+00 1.113007210861830076e+00
3.029931187940098525e+00 2.518583513226906323e+00 2.128282637333962946e+00 1.896457608230607939e+00
1.765261803799544893e+00 2.082782763986652075e+00 2.645589520036206732e+00 2.396874557138795492e+00
7.361367358399037997e-01 9.255160201801548858e-01 8.728152983171975077e-01 2.226505348030030529e+00
2.417430938052989919e+00 1.215787047508354313e+00 1.459847167240821530e+00 2.075892629106824927e+00
2.090857131779591427e+00 1.353879070743878588e+00 1.788826834529470888e+00 2.276360636800351389e-01
3.071384169093144045e+00 3.128030428431214371e+00 1.686338114194558813e+00 2.740702081798823908e+00
7.950610288444547313e-01 7.747678618557567454e-01 6.499348850515448417e-01 3.032910647574594165e+00
2.168170616241347493e-01 1.627785155945253193e+00 1.880150892458346323e+00 2.810289874644359642e+00
1.083769688610284332e+00 1.250183851699214310e+00 2.229589187695170782e+00 1.135430069303540845e+00
4.793227639600810552e-01 1.007759935649166216e+00 2.501236216646660182e+00 2.162932298326268599e-01
1.485415317866639884e-01 5.568631819469866961e-01 4.895273358129875740e-01 2.296100262091153699e+00
1.500993384531258856e+00 4.966341429369447447e-01 7.991337689954229884e-01 1.386519165371744355e+00
1.164137849000443481e+00 2.184837280235626622e+00 1.700722911892968536e+00 2.677387668239774143e+00
1.231093660632638809e+00 1.190359428880493065e+00 2.113099175172517441e+00 1.997785556165252219e+00
3.147353666734208355e-01 1.993593832234733521e+00 2.118256771293074436e+00 1.494298075123294822e+00
2.220684195802542227e-01 8.189454525745033520e-01 2.391470548520105321e+00 1.329543526552404709e+00
9.635043052737505276e-01 1.247489061449584380e+00 2.526898867897430789e-01 6.946454345005380615e-01
9.776980418063093703e-01 3.279255795704688059e-01 2.671111553590370669e+00 8.651547576754863300e-01
7.066763323680932407e-01 1.217692477859403599e+00 1.127262329704137978e+00 9.726315728688148532e-01
1.749662458213746330e+00 6.323746244971181207e-01 2.945738924923842816e+00 1.494783316500968295e+00
6.780391217711652097e-01 2.238885208588515585e+00 2.246521672411289305e+00 2.743569129892677427e+00
5.252701127023556849e-01 5.377978555546076844e-01 2.618982282836143760e+00 5.611976807720729932e-01
3.804698188281560589e-01 3.054186828730707237e+00 2.520077502372382039e+00 8.592583388415196977e-01
1.568741782525771455e+00 2.436710733976779508e+00 1.825962999483097926e+00 5.779438694301917145e-01
7.706134137895942482e-01 8.558691388520355270e-01 2.700693694816800883e-01 2.403566650861325815e+00
3.042499976049337085e-01 2.202720086642750097e+00 2.907934396070224192e+00 2.614289280573240948e+00
2.203493939336643059e+00 2.829536622073055341e+00 2.708658395531731156e+00 2.800666544252338852e+00
3.063217139132814015e+00 2.380977043443494257e+00 1.606118268801111526e+00 1.451881346431654896e+00
1.313709808164517767e+00 1.166673556108039467e+00 1.328380408056490047e+00 5.746273531973441484e-01
1.387617084394050737e+00 9.404435801585582233e-01 1.139175252265556271e+00 7.151194730152818924e-01
8.249915827566307591e-01 1.242439455557151184e+00 3.102601266048709672e+00 7.736000679912349298e-01
7.878744264208297210e-01 5.229153811750647529e-01 2.536481145307356133e+00 2.515213042294912160e+00
8.069411188824890391e-02 3.007828797677948085e+00 1.355351909960386125e+00 1.249292604264979900e+00
8.686181927227114574e-01 6.556163738372203786e-01 7.537444874859702271e-01 1.885510584627884789e+00
8.012316507688691525e-01 1.238023859355842360e+00 1.314016420707480259e+00 1.672809047138538174e+00
2.359059519227784563e+00 7.593354692142820217e-02 8.524026384570099202e-01 4.855290008173041572e-01
1.238418181821472785e+00 8.714268867382816142e-01 1.839930382750401217e+00 2.740435943354701198e+00
1.574088463177646835e+00 2.718631363525891853e-01 6.613845193383040000e-01 1.697114122813127457e+00
4.978817583964366689e-01 7.451847117447614188e-01 1.874996295021879922e+00 2.217551326168758941e+00
1.298053915795664315e+00 1.961601087733426230e+00 2.623227649245197579e+00 1.427276060896057741e+00
8.494697649933730110e-01 1.212853083542810406e+00 1.854504203050436617e-01 2.546474011860012432e+00
2.305062626580487162e-01 1.852690973675718222e+00 1.630088212984760698e+00 3.061969977506125318e+00
1.440085606310308242e+00 7.897757487697099066e-01 2.436972590776791403e-01 2.238975134369634912e+00
2.957532446920716040e+00 2.666918879436238843e+00 2.059367696953080529e+00 7.728589928759478367e-01
8.663439924062281694e-01 3.816272485561172378e-01 1.977839455874346841e+00 3.038774240783495895e+00
6.672288633883288744e-02 2.329451769648726578e-01 1.932003067325678058e+00 7.014815031966747938e-01
1.488894438003498244e-01 2.322781814957888130e-02 3.933827828753840294e-01 2.664653261881885893e+00
9.312952680777136782e-01 2.134099903297834722e+00 2.636515847140644020e+00 3.984693701773516228e-01
2.005335723511328272e+00 2.382027247772250611e+00 6.640615564385213831e-01 2.605340970549488322e+00
2.683912651087973500e-01 1.354515990815709170e+00 1.039709412870278848e-01 1.944999431839993687e+00
5.432274038558695395e-01 4.752338199862040646e-01 2.440411620954597627e+00 2.622556884475581107e+00
3.130614764741326272e+00 6.138621783592461689e-01 2.308245735825706024e+00 7.170186904342971124e-01
2.708851201446914825e+00 6.036266431580968872e-01 1.000871617195661534e+00 9.279796566498151877e-01
3.389738407045251312e-01 1.361673109819860450e+00 1.098598589021890337e+00 1.551157770410239722e+00
1.373284856992890712e-01 2.928495842870550536e+00 1.973720291089164358e-01 2.836011408316551297e+00
1.580221857360998960e+00 2.941695440053467170e+00 2.835970489954771967e+00 2.980011547581467912e+00
1.983005011316117949e+00 1.532275541858660661e+00 2.217253716785285267e+00 1.227098389746989815e+00
1.261542664342506503e+00 1.780166034839832712e+00 5.813010613335936050e-01 2.131589266664273008e-02
1.160024770571023156e+00 3.007874926773787205e+00 1.025898505482327083e+00 1.162608888811549557e+00
1.212249894630252012e+00 7.951796472631932344e-01 2.297252426426723115e+00 4.050023441128968726e-01
2.902843744924128000e+00 3.900083441480909352e-01 6.793818335840655642e-01 1.649085656552397472e+00
2.360491361879925698e+00 4.953703992467637374e-01 1.999145793539346627e+00 1.761934773446911517e+00
2.889515743999151010e+00 3.032077717368562908e+00 2.688009303030312491e+00 1.890064422267981881e+00
2.426722767241869416e+00 2.523612904274527668e+00 1.524845406498320788e+00 2.391334983098830413e+00
1.164226314568206133e+00 1.476232300403085063e+00 1.901860539795207528e+00 1.155729574269952709e+00
2.308754406017751837e+00 6.796094665500541643e-01 9.041322389777534108e-01 2.259567471553101559e+00
2.567367336449003723e+00 3.567589951770601120e-01 5.608492277121028824e-01 1.081706996644637986e+00
2.413119080288745444e+00 7.657200173942609878e-01 7.027384240223412126e-01 2.595591223814491588e+00
7.062960467974956913e-01 1.754370390860460205e+00 8.462308856090133835e-01 2.530607881788291547e+00
9.689327196893980920e-01 2.652803112465645263e+00 1.563516697507991937e+00 5.127463344948685053e-01
3.113068595259541826e+00 2.610526667890382235e+00 2.002401958188124276e+00 8.044472734045269302e-01
5.860859100202818750e-01 2.468132930446899298e+00 1.032592841989653509e+00 8.406214781605010344e-01
1.492031430215375432e+00 1.325018386571468643e+00 1.092814192745233060e+00 1.365060612755526703e+00
2.817037077869313677e+00 2.772533212465080776e+00 2.766454295944732245e+00 1.195958966402874413e-01
1.565543282508646272e-01 6.271211663956212101e-01 3.027487873173975608e+00 1.614449811737271590e-02
1.477075662098505271e+00 2.458092551293826478e-01 1.399417459331945945e+00 3.108740580448851265e+00
2.861586669895770818e+00 2.536170500812805706e+00 1.950412516640377181e+00 2.070525520300955602e+00
1.602791796525576462e+00 2.329149031713572793e+00 2.850325736918976061e-01 1.036315178327228193e+00
6.447509891021777628e-01 1.197011484064638420e+00 1.636568298153816325e+00 3.618711635972820528e-01
7.101687354695590537e-01 3.162266369500690288e-01 1.370015386298980564e+00 7.585546270513970901e-01
1.319660277348185362e+00 2.579789043935519555e+00 9.509414088951779753e-01 2.904670475636800919e+00
2.014588239258214397e+00 1.488555799997212770e+00 2.358705058743370220e+00 3.678991380597952943e-01
2.866591151893029821e+00 1.507726821666131034e+00 2.972030174927536628e+00 2.712334213519044912e+00
2.595042712314016953e+00 2.203704812687141246e+00 4.890544920078814251e-01 1.583833828398031995e+00
1.495142072422912749e+00 1.365118799332639021e+00 2.811551390567507802e+00 2.771985644182616504e+00
1.778119454836338598e+00 1.183267288878183887e+00 2.934238485348485526e+00 2.988392417760450392e+00
1.510310671210423505e+00 1.828261959754038157e+00 2.509844690727722760e+00 1.838016036055693414e+00
1.397461202176765394e+00 2.441566382221308285e+00 8.961202409956485759e-01 2.833508112162886228e+00
5.891882319157005776e-01 9.281461082849942756e-02 1.729826471158130596e+00 2.852959780482036134e+00
9.944212926039638356e-01 5.289926687500700053e-01 1.880865478278971548e+00 1.463270362076785958e+00
1.816644810276653477e+00 2.559783295987495322e+00 1.062481958645039803e+00 2.300037295600579068e-01
1.953873149915037688e+00 1.070452269603023199e+00 2.647002376272888036e+00 6.915626191273407386e-01
2.476808235472876873e+00 2.520778633685328424e-02 9.976919107568147371e-01 1.607810160831859569e+00
3.027657756650886878e+00 1.717574045241281877e-01 3.045630653198775128e+00 2.094619277681724956e+00
9.807825358076579514e-01 1.572280398255027745e+00 2.163339290594509912e+00 1.085739356366774100e+00
1.181112050382148615e+00 2.860646828908232298e+00 1.848154355758315992e+00 1.519358522588166061e+00
1.943440023659250615e+00 7.452022962827135055e-01 6.888980356148465267e-01 9.265703458255477587e-01
2.087135484129140295e+00 4.316470445934316724e-01 2.963738238166668371e+00 2.443360923491278980e-01
2.203798587691217781e-01 3.851202020864014086e-01 1.675452640121912307e+00 7.693296774471423127e-01
1.879719548164281717e-01 2.227838247018169682e+00 6.269353615806944058e-01 2.624013616059316156e+00
2.912495373646287078e+00 3.066634603567426343e-01 2.117562479209970761e+00 1.188037199641949648e+00
1.766625106729177164e+00 2.113099520619512006e+00 5.488066500103367940e-01 2.479086106472067286e+00
1.976934885905749617e+00 2.602966776693573348e+00 2.129883986706091914e+00 2.217904373197787660e+00
2.032362469222097179e+00 3.015000882022783824e+00 2.389448911637215983e-02 3.001527864565834314e+00
1.224898676574384782e+00 1.296835034557614064e+00 4.870249691547403059e-01 1.704083419167261138e+00
2.008696335300995450e+00 2.979235562949347660e+00 2.587731864341357824e+00 1.033687993394606305e-02
8.108647956996483108e-01 1.382481829049251765e+00 1.606767105430504161e+00 9.700040587287660498e-01
1.749444099357797766e+00 2.259825984524356901e+00 8.368702161052867794e-01 1.758283564167476554e+00
2.171939146215053018e+00 2.360220684811360936e+00 2.573616379108025320e+00 3.467900124297909059e-01
2.536033246825195153e+00 1.057456676875184298e+00 8.834880850756603454e-01 5.692540237886217769e-01
2.044841007918731801e+00 5.301188801016710750e-01 2.701492590497655666e+00 8.569761344760710164e-01
2.826989847278676304e+00 3.140322132232559849e+00 1.974585910833596580e+00 1.815019991143459466e-01
9.128394251583357710e-02 2.700353071741781630e+00 1.300853908623843980e+00 1.305750987163974974e+00
3.967173998398270673e-01 2.754121282477903332e+00 7.069646156722199093e-01 1.730753436159259806e+00
5.403172224650161504e-02 2.391945751139728404e+00 2.727768472587944748e-01 8.105037219176190744e-02
1.816916398467797844e+00 1.015360719081522589e+00 2.993255907843633157e+00 1.028194990710829204e+00
1.247781974974692565e+00 2.600109797718443527e+00 4.805595948052270028e-02 1.405164853099013511e-01
5.370817888702077436e-01 1.545441621729640724e+00 1.824257826830948614e+00 1.190614412083548679e+00
1.105577100034509375e+00 4.644735062878317389e-01 1.086782113303208952e+00 2.869540015729903359e+00
7.740222411370307753e-01 4.376856846701746573e-01 1.440356646423234688e+00 1.258780549598839782e+00
2.765296584658347268e+00 1.006901099211141348e+00 1.745808958280508083e+00 1.241691138458859145e+00
2.040781835468923777e+00 3.038337984562674787e+00 1.979683636003455760e+00 2.433102387787586807e+00
4.046626721068872778e-01 1.168388691644256960e+00 4.593980240829627186e-03 6.441761643360497391e-01
1.003245724671852468e+00 1.491236339453215765e-01 6.750157849856035508e-01 2.851443938541067702e+00
2.640748282608420539e+00 2.917610884728016440e+00 1.127236680903147326e+00 6.943768008697830119e-02
6.069956373869184185e-01 3.079741706748464480e+00 9.344842056666780028e-01 2.448131018953519089e-01
1.463140377577283324e+00 2.247094533335876942e+00 2.986160940356771931e+00 1.059606535685695405e+00
2.963496533648128484e+00 2.736215244036405148e-01 2.483923582118112705e+00 3.018167131068843378e+00
3.629448300987453413e-01 2.247317037614186219e+00 2.846700705402442910e+00 6.665302349599563358e-01
1.657588301490013238e+00 2.636480249145801036e+00 2.610304575205038002e+00 2.490952302707896138e+00
6.992089840563991965e-02 2.288190214607664696e+00 3.089266413426314806e+00 2.536649108654521534e+00
3.128174614430931921e+00 2.537232892968423581e+00 4.008269528407482629e-01 2.305650937317949456e+00
2.223247286874973749e+00 2.351480354905846060e+00 3.115367195066329198e-01 1.367285925888250153e+00
8.414676952727678794e-01 1.160304122565883889e+00 6.645048166553580993e-01 1.217717408890455766e-01
2.248035345130988460e+00 2.153906015306982447e+00 1.028599149669064960e+00 4.529930827753526207e-02
1.842177266803274094e+00 1.866945208263215195e+00 2.547120717573878590e+00 1.738561529025499430e+00
2.194067438539590409e+00 7.050453190964216521e-01 2.017675939200492596e+00 2.893164975627327884e+00
2.800754498141311277e+00 2.944186097274175573e+00 1.844001702732475767e+00 2.904644679986147171e+00
1.718481466036119842e+00 2.859732704731491548e+00 3.112448595395814976e+00 2.567650642955206397e+00
1.910340805323738511e+00 1.518966929997013882e+00 3.111451737657742633e+00 2.301172765355967709e+00
2.448384136991239579e+00 1.766510073866776498e+00 5.818614560482858744e-01 1.560817669446014522e+00
6.494714751353023452e-01 1.119998654093224744e+00 5.789211889063475835e-01 9.077225468073142345e-01
1.859789929764145144e-01 1.343267028607655567e+00 4.353232464136954083e-01 1.011198224691794101e+00
1.559250605453829985e+00 2.332338746498210824e+00 8.844599448609515857e-01 1.288282657414625554e+00
4.891707058537281272e-01 2.154674909723838905e+00 2.924733132495097032e-01 1.207278369747818658e+00
2.642346085191255245e+00 2.340535365305509152e-01 2.002472250151820177e+00 5.865308295767458491e-01
1.204056108700608307e+00 6.497995905729195831e-01 2.896322938947650805e+00 2.188963965191698779e+00
2.708509301649017154e+00 2.396316946711126050e+00 2.177022653090302295e+00 4.043805675367465602e-01
2.809032831729051605e+00 6.635629939264851007e-01 2.851524783255050988e+00 2.437373547216794112e+00
2.783873965086948843e+00 2.800643404039301121e+00 8.471378661955794032e-01 1.141450539193209712e+00
2.979922475724315678e+00 2.987448862561375762e+00 1.227652119536638997e+00 1.576245283698451960e+00
1.531387610499257201e+00 2.783895702435895458e+00 1.832470984864271069e+00 1.827337567994200329e+00
3.112409901377606314e+00 4.817256378497934977e-01 1.795037265469495047e+00 1.375988152019478550e+00
1.949074653739119034e+00 2.527897982266347765e-01 1.833749994857583943e+00 7.867752149772179182e-01
2.453812849494629023e-01 9.110802784395104215e-02 2.020819658977847766e+00 1.187636378560076311e-01
2.647501100068441748e-01 2.484823294341390820e+00 3.022670215088532508e+00 1.211502421087344628e+00
5.491630063760640779e-01 5.683827361179276672e-01 2.338091220633038425e+00 1.150031873880526412e+00
9.004894880073376351e-01 8.000506084866370049e-01 3.118202423814842472e+00 4.121509788239418048e-01
2.712002322559639911e+00 9.476122046126471687e-01 2.172398655928359013e+00 1.965006575272817413e+00
1.325162855290433539e+00 6.884793939035758203e-01 1.608179688502690441e+00 1.072479560435481982e-01
2.651119337449112656e+00 2.790275838703571321e+00 2.132513862375082336e+00 3.127593386367038875e+00
1.550673861840796253e+00 8.845044503537418112e-01 2.790727841407785181e+00 9.706245073218519037e-01
2.693805301313467293e+00 2.145597567481872581e+00 2.464972116507214484e+00 3.912702851496863143e-01
1.670014543267449802e+00 2.610187094759005011e-01 1.941041472000298862e-01 2.797607760134121158e+00
1.275166355317445932e+00 9.663889394243420083e-01 1.810868805036554452e+00 5.827751126381200963e-01
1.271297666665573090e+00 1.978172880556846591e+00 1.564934025118364103e-01 2.491316277286302672e+00
5.308871192843053199e-01 2.544525672553590745e+00 1.023538034446291434e+00 2.876877654344781376e+00
2.597964311867274390e+00 2.631605717026781033e+00 7.193660136485304779e-01 1.514432442214534102e+00
2.845648998968821619e+00 1.200252771343117031e+00 2.295002821848437069e+00 2.915407932991373574e+00
2.489115978281515873e-01 1.280809224856032547e+00 2.156357685162327620e+00 2.327246012212307757e+00
1.964896550650816698e+00 1.758648491778273870e+00 1.760942645984200139e+00 3.051464829191463668e-01
1.083937847791907272e+00 2.854888011713070384e+00 6.125289115997113454e-01 5.506586418586150167e-01
3.039565618224846499e+00 3.958111090912461161e-01 2.734207437110169003e+00 1.105969935805810378e+00
2.577216635719878912e+00 2.866677389413541999e+00 1.267494401397043058e+00 7.802454599309274208e-01
2.519915034577291824e+00 2.401307992776271494e+00 1.977987590474564294e+00 2.857139026852145491e+00
7.264346218317456749e-01 7.496974767271030737e-01 1.856898065003843579e+00 5.878351734474096535e-01
2.018512488680917372e+00 7.050041984619784818e-01 2.515922606503556480e+00 3.002253512957496984e+00
2.628724216192550145e+00 2.950845220701976857e+00 2.630460797640042703e+00 3.125393860215744946e-01
8.827581503925374662e-01 1.721814617798637759e+00 1.428737756522411306e+00 4.188277252312874732e-01
7.079596612424129409e-01 2.047354425857334181e+00 2.847997179465834083e+00 9.287692412897483596e-01
2.002870792524459098e+00 3.111901193762252493e+00 9.279246979809405715e-01 2.138773834149692910e+00
3.074050364399254498e-01 1.546681146293431564e+00 2.557277723237119549e+00 7.267647693067367243e-01
6.239042524375878473e-01 2.209763646610733545e+00 1.903316449335781035e+00 3.016168129182233315e+00
1.211189091035674847e+00 9.792432791344524157e-01 1.543112311455123287e+00 8.594519181237448846e-01
1.569135309004523027e+00 8.880894694771664932e-01 9.539873165641804542e-01 6.211507207424258326e-01
1.711918223330277433e+00 5.047497155651166079e-01 1.187847808631794289e+00 1.517231370677815105e+00
1.651110545167094434e+00 2.169122307514418369e-01 2.930431276573408184e+00 2.059434559026622757e+00
1.248281435795295824e+00 2.807284169055771272e+00 2.324993904701485814e+00 8.509856434520837176e-01
1.456181341002108942e+00 1.398797635712016874e-01 1.445582165848628531e+00 2.678154851455020857e+00
2.950821245999264875e+00 2.738970568951027307e+00 2.456139663366038395e+00 1.203500210120909797e+00
1.903669198430471443e+00 8.309282570141623969e-01 2.378552425327068232e+00 2.172478458596624584e+00
2.983525795516752233e+00 2.964998482895738086e+00 1.997649878095898224e+00 1.842318366773395777e+00
1.099873220541545349e+00 1.197222588606100813e-01 2.509241706741794919e-01 1.592621135912086761e+00
5.368266734672366702e-01 7.349763969497912219e-01 5.772540447567323652e-01 1.703574785661847724e+00
3.785850632644627289e-01 2.249570642634301620e+00 1.722874826952920824e+00 1.232468783366432730e+00
3.011131434484910052e+00 2.248694861518982346e+00 4.530925374375132098e-01 1.092322585636627430e+00
2.549040350537550736e+00 1.129040781887186373e+00 1.614728798515281172e+00 1.375052768255855762e+00
1.282022868181097675e+00 2.456325394089970526e+00 2.434433748344007054e+00 1.196043920018696305e+00
9.767427823731515690e-02 2.488810553679543069e+00 3.036936715375911700e+00 2.789234497260666856e+00
1.980718790536397211e+00 7.591803613725591759e-01 2.336611660381400224e+00 2.367875312889245354e+00
3.045048691624900883e+00 1.183984206554181906e+00 5.341013574874079461e-01 3.026324947237941654e+00
1.498484919152571981e+00 9.950005010717931642e-01 2.839136867451912849e+00 2.483784564655693750e+00
5.544712118544745660e-01 3.851104871936825713e-01 1.624387863095136719e+00 5.693104537481056271e-01
2.652195250165252816e+00 1.157098606576356659e+00 3.128883821047695246e+00 2.030555994997903291e+00
1.022181029139039410e+00 6.439761976285115486e-01 3.032572874356953108e+00 7.342176062804480763e-01
1.030890365605725112e+00 2.252594858827472901e+00 2.421735149694640654e+00 2.182014548178562163e-01
7.223646049337074659e-01 2.642157691927359053e+00 2.884177476867173073e+00 2.674501454196453576e+00
1.327812108919291800e+00 3.790332012282058294e-01 2.031989183912810137e-01 1.949842281910840969e+00
2.889323827104554709e+00 2.801972769191613200e+00 1.562911451608747226e+00 1.519581097373783329e+00
2.152710725603647290e+00 2.163459557287283896e+00 2.092354497319936613e+00 2.573085040777721488e+00
9.955898357394192821e-01 6.643362458275196003e-01 8.286434815137805332e-01 8.584269790484978790e-02
4.278452803384199532e-01 2.406124777960964245e+00 3.090953263976680354e+00 1.637256224770243573e+00
2.227173392749686176e+00 8.003303169731584843e-01 1.921668772281573512e+00 3.191818433295408042e-01
1.906665548439409497e+00 6.184924123431351228e-01 7.104849383120526163e-02 1.787035130159164265e+00
1.623293305288614929e+00 7.744817673724663232e-02 4.458231158633321201e-01 2.744682425991745056e+00
1.010341073290769026e-01 1.666821496683209114e+00 2.348064234600563793e+00 1.117292837688523610e+00
1.137544547642449499e+00 1.282814480653502009e+00 2.536815414313585038e+00 7.231532424962979766e-01
2.330006147888131540e+00 1.271902970045195591e+00 2.416592989747218034e+00 1.213364899369959504e+00
1.335221777757997108e+00 2.506181445560759169e+00 2.527763267271835534e+00 1.777494043302815019e+00
3.876287319817230959e-01 2.193493506452996566e+00 5.829843481882703848e-01 2.076421300052283314e+00
1.835765198801671660e+00 1.889470256673391191e+00 2.805396788243507356e+00 2.978356068087853803e+00
7.155941386458470888e-01 2.823501558924206734e+00 1.490128397137101768e+00 2.300092112192667904e-01
2.374525471641506069e+00 2.699352247419787520e+00 3.283480956266329187e-01 9.888746606800392636e-01
1.342559124493443168e+00 2.793249785034970678e+00 2.539789223009432731e-02 2.164923210870933534e+00
1.471049822226261350e+00 2.337353780853676621e+00 8.665897521359878786e-01 1.533496337160903389e-01
1.939938975911476016e+00 6.066447513908452827e-01 1.007788624858390714e+00 1.780611096502903390e+00
2.857801794124377737e-01 9.379143170409569574e-01 2.872192430948916186e+00 9.197214105411009033e-01
1.016794745833180524e+00 2.232573990492801030e+00 2.195376571923087994e+00 4.883076391378044639e-02
1.474951772616667878e+00 2.204800710359206217e+00 2.347147327273620743e+00 2.366421140671176815e+00
1.630011206903473786e+00 1.772258446487632533e+00 5.985743633824557042e-02 2.395037705009666062e+00
2.430954304761584250e+00 2.724572676261038051e+00 1.779801887379747205e+00 2.735849279774706044e+00
2.329564471607236786e+00 1.625427569706293873e+00 1.872137917314245614e+00 2.378820654984131533e+00
1.164128078137359523e+00 3.611627869080844544e-01 1.296334571252724666e-01 1.045531621187805404e+00
1.404359641244755874e+00 1.042512544925693785e+00 4.865180178878671380e-01 2.994896606836455089e+00
2.694935093479227550e+00 1.723594348374081486e-01 6.081627483982627869e-01 1.930085378392383033e+00
1.144448505189186838e+00 7.138704944711754541e-01 3.083318023729278989e-01 5.586497190546126923e-01
3.111383915511889420e+00 2.994602876805910974e+00 2.017739737831789171e+00 2.254150059790654304e+00
2.892039016878439561e+00 2.244849973059789505e+00 2.952410020967429993e+00 2.331644132120829660e+00
1.974365216360303599e+00 1.364331173429083721e+00 7.568562614146374934e-02 3.020303232526958759e+00
2.716281012266035244e+00 2.462724374309918751e+00 6.335998615595032080e-01 2.625193357432497265e+00
3.977238909493504559e-01 2.742830534026802436e+00 1.041404207200471665e+00 1.957075467605346564e+00
1.707726724842905996e+00 1.146301338061063824e+00 8.424736800093367561e-01 6.101053114810599531e-01
1.371946334339416929e+00 2.829112370073713079e-01 2.499585608571634587e+00 1.283139900427197500e+00
2.192342150398621570e+00 2.663584995674860512e+00 7.051992568066903777e-01 7.330022300497266441e-01
2.382609964458278551e+00 1.503197034878146710e+00 2.306481018440478259e+00 1.813221730078171001e+00
2.469041678904228210e+00 2.628456988196456567e+00 1.488158021087766958e+00 1.461409834946157726e+00
1.595503947251629695e+00 3.181379829124592051e-01 1.417249283675631855e+00 2.730375347791673679e+00
1.351894886368853133e+00 1.325637098517952417e+00 2.155985152639717572e+00 3.301850385535985422e-01
8.918673774976556556e-01 1.103571058952087791e-01 1.741064877076356376e+00 1.964154997747386666e+00
1.550868065548840491e+00 1.215485839075939323e+00 2.933442607862814633e+00 1.705502544481322991e+00
2.394182953201106301e+00 2.962351598442589662e+00 1.677928682428292406e+00 2.884592300678124221e+00
6.272425518195031691e-01 1.835612321336082875e+00 2.384857791482583256e+00 2.024246287182384751e+00
2.322252192842781504e+00 6.441840248066036390e-01 2.202782812971084692e+00 2.197950884424212159e+00
1.905290682983328335e-02 2.233884086014090276e+00 2.169602829298360014e+00 2.063077122404033403e+00
2.162804919396975833e+00 2.507454526340625378e+00 1.658293065199523797e+00 1.235779831434772102e+00
1.932262210470894637e+00 1.082640198054600988e+00 4.593478230774452609e-01 2.293463343134973798e+00
1.431278355014374393e+00 1.456237536660150989e+00 6.844567874970088894e-01 1.316381138033809739e+00
6.938632285754718632e-02 2.921647710799317288e+00 2.561606827280347609e+00 1.277955756132143517e+00
1.340857567030770303e+00 5.278443563938726296e-02 1.997636501347213045e+00 9.369402774087447483e-01
1.029882660268794714e+00 1.768462989861742773e+00 2.221720674108097704e+00 6.681872670885579124e-01
2.434805701784389598e+00 1.009114480370515432e+00 1.832517719729180428e+00 1.569682256104527607e+00
2.685913986192259628e+00 3.774491956061588604e-01 4.762972943137317450e-01 7.407400238497116041e-01
1.028885755741800745e+00 1.093994272483641117e+00 1.698189917359924916e-01 4.038280658193278971e-01
2.916757923618547910e+00 1.005836082732378900e+00 9.961129184294349459e-01 1.954702638382605773e-01
3.795187332227841215e-01 1.198506440106195337e+00 5.373061945026651465e-01 2.233539208900443551e+00
1.246489473908441115e+00 7.871654924853186408e-01 1.490207029361848345e+00 1.950711427776247620e+00
2.033354620657619183e+00 2.102228423551084191e+00 1.347898404878854262e+00 1.653579394683138526e+00
2.013360545570528348e+00 4.366685293883712515e-01 6.273470821356057492e-01 2.324645013589786036e+00
1.702865900284991962e+00 3.098936470206238969e+00 6.528716459857394350e-01 2.273288117740688563e-01
2.186442636680982599e+00 4.150596806993026022e-01 1.902344389259386093e+00 2.948394122963118313e+00
8.794309132254793937e-01 1.335612383795324654e+00 6.742561788901207942e-01 2.087088200052868547e+00
3.105702508463958011e+00 1.221233862483441651e-01 4.275081352755618069e-01 1.370408937274903760e+00
4.289692896808368072e-01 2.197258440965894177e+00 3.605870778534042143e-01 2.743406553594162745e+00
2.246079018093588009e-01 2.148611650770501758e+00 3.101432682296062282e+00 9.076736387508181902e-01
2.372043152959333601e-01 2.159254384888802836e+00 2.727065153124408781e+00 2.699502819102139295e+00
1.213257402509238636e+00 9.658547331387758172e-02 2.239999467118411580e+00 1.352130055481439941e+00
3.118767036078434085e+00 2.261551132955109011e+00 1.674091630092812810e+00 2.745282598257958284e+00
4.989470833343085943e-01 4.041771441588175584e-01 3.084482508261537359e-01 2.027075899417184246e+00
9.486025545958109984e-02 1.325852816540435297e+00 1.813470488746284692e+00 1.887261502988814232e+00
2.107108666332589308e+00 1.985061412622285193e+00 2.145923948446925245e+00 4.078002824250701042e-01
2.164477980234544408e+00 2.576485513613496536e+00 1.884724190555228995e+00 3.085703439840085327e+00
1.538987246857261848e+00 2.136223806486152454e-02 2.049622009896162833e+00 2.988099672822891240e+00
6.577479198701510765e-02 3.994965263125415111e-01 2.150791007674996091e+00 5.415860746987558594e-01
1.461828197023326004e-01 1.548535487392426191e+00 2.669866257689227584e+00 1.768377034471543263e+00
2.511717539949295031e+00 1.621057099369185295e+00 9.522416695539421827e-01 2.560287897155275605e+00
1.901991323302618664e+00 2.693869013826986514e+00 2.335466876316986351e+00 1.283105988012611220e+00
1.469486662927307341e+00 1.391187460294085465e+00 2.090312848146819835e+00 2.491031478410638211e+00
2.919885172310916044e+00 1.642701530324754966e+00 9.536058723179529073e-01 8.754788475337624831e-01
2.436069547163728366e+00 1.133693389511051697e+00 1.592403932054107463e+00 2.639096539504875771e+00
1.020030008301651137e+00 1.659474600137522127e-01 1.377203681969196181e+00 5.162539307442765013e-01
2.565505074046571909e+00 1.806002636542359263e-01 2.378350968085303663e+00 1.591033607706160202e+00
1.332586155914180365e-02 1.522516639029458885e+00 1.013403648869486195e+00 2.941509995488403639e+00
4.515344270734687471e-01 1.615664642739983448e+00 2.901874693534751248e+00 1.952693182840786745e+00
2.891853884091797333e+00 7.833596231813327870e-01 1.976890487866069801e-01 1.242493435929459267e+00
2.832892390509577640e-01 2.629087806315746345e-01 1.607831947919007076e+00 8.286363265863493366e-01
1.270800049543178600e+00 2.567605350799778030e+00 2.289294681157318101e-01 6.079150422054127034e-01
1.368408580694569165e+00 9.606935125421087740e-01 2.319529278139050188e+00 2.952504783004943345e+00
3.077794552237859360e+00 9.814976934636361339e-01 2.125889005857480196e+00 7.000700926146685710e-01
4.716405336716919527e-01 5.739937803749967093e-01 7.278437592285289526e-01 2.505794691274828012e-01
1.921239292122793207e+00 3.578480657658818509e-01 1.739486932977064582e+00 2.536245234306954366e+00
3.081186176846469338e-01 1.280631375521904314e+00 2.230287722581562715e+00 9.339385602644300066e-01
1.850017966761045463e+00 2.768702767147097177e+00 2.435634967269852513e+00 6.251227274597342953e-01
2.586201132331684249e+00 1.589941616294369586e+00 2.362529248847677454e+00 7.785887390644813388e-01
1.091402055258273274e+00 2.793739731644460544e+00 2.647199788110064844e+00 1.610788265783629436e+00
2.166050238398606442e+00 1.210381451406015385e+00 1.407903229198495643e+00 2.102745826732109080e+00
1.285852417826740757e+00 1.233605643708263644e+00 1.885756974181952705e-01 2.608529914837826702e+00
6.238505413464897481e-02 2.760202971366860325e+00 3.704564532613527361e-01 1.481753530689842169e+00
8.338528333795851566e-01 1.856818589433266498e+00 6.918111858132702276e-03 1.280646650876408721e+00
1.487335580068204210e+00 1.746131214154565070e+00 2.524764648358271746e+00 1.476900418850698893e+00
3.192108387193614560e-01 8.837195330751538291e-01 2.584534353601361190e+00 1.363074414307356985e+00
4.697099179305503358e-01 5.819231308856215312e-01 4.510544043377865547e-02 3.041336793424175955e+00
6.679427113742564259e-01 1.746180639528547074e+00 2.714463944396287687e+00 2.849203182565589021e+00
6.890705594511703502e-01 3.112503003081266151e+00 1.472511781175642298e+00 8.533582419423756393e-01
7.724371622034345020e-01 1.378593508577881321e+00 1.946151026484840951e+00 1.572827117398252206e+00
1.911157937776483795e+00 8.242417190130144622e-01 1.345235679589690703e+00 6.458177298041924974e-01
1.135906425470564862e+00 1.186291163911327162e+00 1.646459941002932581e+00 1.304789215612573106e+00
1.009696592414171118e-01 1.152707035045366535e+00 2.247877794352306058e+00 7.599197049552948446e-02
2.955826406771723924e+00 1.906539170203946032e+00 7.554086013703343871e-01 5.857755694118728096e-01
3.245739494826562765e-01 1.907534094847917680e-02 2.705907533002291476e+00 1.216445387809863554e+00
8.569476951061278935e-01 1.122754905183647400e+00 4.891799503657739412e-01 1.391693272585619479e+00
2.941396760216294481e+00 1.067674373255923737e+00 4.698491451862912283e-01 7.419597926741092753e-01
4.707663632764014228e-01 1.440009088804830473e+00 8.208959874713399607e-01 1.118649259878028435e-01
7.887849953043878370e-01 1.798932746162885898e+00 5.995593909139473876e-01 1.891766846927601442e+00
1.525166645795019038e+00 8.015225804145473809e-01 1.831668834356644515e+00 2.330088406293609804e+00
3.109349755412423727e-02 1.096303618192699503e+00 1.856869927837816459e+00 6.059085580387069125e-01
2.653359454398151573e+00 1.216465579395679342e+00 1.427660898571508241e+00 2.621035271691992907e+00
1.281451819669906733e+00 2.914763307701901507e+00 8.222566261685715361e-01 1.451348795565422956e+00
2.685023559302761598e+00 2.707327766726081997e+00 8.974992539581601037e-01 7.180498126188653574e-01
9.514156095400647661e-01 1.286148800049354834e+00 3.866970973030126046e-01 2.100408963559410758e+00
2.225361210838817438e+00 2.359494567396315023e+00 1.878631741112909204e+00 2.441130100562959981e+00
2.433024198023364004e+00 3.091590667427626116e+00 2.010641086798120369e+00 7.255467316790036314e-01
9.175611079812661108e-01 2.635734530873762971e+00 3.768490751750517426e-02 1.075335831256135632e+00
1.380688273094740737e+00 1.539417395466460947e+00 1.442702961561755259e+00 2.693732469357306147e+00
2.102359168567734748e+00 2.349270746796392917e+00 2.962457182466307959e+00 5.831271050393111999e-01
1.310853944547770267e+00 1.506118751123062038e+00 1.900952747767781226e+00 1.248727997945352719e+00
2.102835883889357937e+00 9.684808328923850684e-01 2.403222868079030849e+00 9.437129890750964867e-01
7.058692164905172595e-01 2.330009406502197233e+00 1.677453851152600928e+00 2.336218433637902603e+00
1.489442998692114495e+00 2.085502880917768920e+00 2.260208482447054301e+00 2.292320256462624384e-01
7.484383631292823580e-01 1.031264788178508196e+00 2.293156382027941920e+00 7.606545772420399976e-01
3.034480191192972409e+00 1.052468127938641640e+00 3.360761812138233218e-01 1.354165529545219737e+00
7.338667866260456529e-01 1.581263825496731279e+00 2.406002160733544670e+00 1.053318213474258913e+00
1.717298525772784412e+00 7.549764539576423461e-01 3.620463167215930977e-01 6.189540325955873445e-01
2.772946598764531867e+00 1.093413333217053474e+00 2.144463228132841959e+00 1.283751083057117715e+00
3.434993212974653543e-01 7.548224790062566525e-01 1.246203065374323384e-02 1.675995299023760321e+00
4.845074301211262369e-01 1.848442613091895614e+00 1.945700850279439953e+00 5.335097651391915857e-02
1.613059262539077388e+00 1.366096361066887477e+00 8.171973490474044866e-01 4.397213991669221556e-01
1.890013286806579096e+00 9.588025419985334308e-01 2.440329999208236789e+00 2.661534086271271526e+00
1.467658085328304107e+00 2.996866871263265342e+00 8.567165555594133952e-01 4.857993223325240972e-01
2.394940791913787448e-01 1.001414110148006076e+00 5.104549159748066334e-01 2.683296186441597619e+00
1.169471578190687255e+00 1.645635369050593155e+00 8.653441169672615452e-01 2.036909801116833840e+00
1.966406066271406239e+00 2.785150366413220002e+00 1.763682271854046135e+00 1.133275176877237778e+00
6.703497237858282998e-02 2.193493444651799962e+00 1.074111041474125061e+00 2.032945609501411788e+00
9.500338925849936000e-01 3.827636392750246030e-01 4.397755333090509755e-02 6.312206252350054392e-01
6.850297508374770805e-01 1.401991337496655277e+00 1.638361773987967895e+00 2.262991570365537886e+00
2.020994643304702798e+00 6.743710651870610251e-01 2.042022375482775320e+00 3.015046261504045422e+00
4.999445573162967227e-01 2.510405638336975720e+00 8.954484711414124609e-01 1.674465851695022822e+00
7.221869384969379357e-01 1.318038558806243321e+00 7.279507275313172876e-01 4.028850164725166771e-01
1.840949135672259818e+00 3.448663654935024865e-03 2.180141705612122394e+00 1.929913095736901507e+00
2.278346834168292645e+00 5.832681391912024615e-01 4.316038953619917851e-01 4.491003033556026369e-01
2.890008399970384723e+00 2.516319088658606429e+00 1.009266093660311503e+00 2.123334524499225662e+00
6.668760352506661881e-01 4.852899194733512056e-01 1.605830644654369754e+00 1.554766527216951966e+00
1.917664520697625496e+00 3.653716747026335421e-01 1.828706345917977316e+00 7.373310386863630717e-01
1.593853031793562025e-01 1.966453532041891439e+00 2.356633054789931236e+00 2.859282080417279825e+00
2.311149967383566928e+00 1.575749544765409293e+00 1.748043451737632648e+00 5.985309785698956775e-01
6.641115989453180157e-01 3.124624345560325978e+00 1.264813267449096834e+00 2.144642919127313530e+00
3.128914924392303565e+00 1.307706549291378417e+00 8.846384945545642253e-01 2.008994060733428899e+00
8.010594257404856089e-01 2.561428816917501017e+00 4.684128945100556884e-01 9.021380467685690130e-01
8.842402178555345271e-01 6.906328680902429351e-01 1.501922275495312986e+00 2.071370881902209860e+00
2.560436362135705690e-01 1.751292562327005253e+00 1.642213993089680191e+00 2.666824956947699832e+00
9.309837961378448767e-01 1.975377044322991882e+00 1.235562697448162384e+00 6.898856196370610760e-01
2.050574288648154830e+00 1.096965717987532951e+00 2.186574075427079933e+00 5.026843420370525894e-01
3.788721344007509040e-01 1.852713721878767483e+00 5.425658808245662490e-01 6.303507161930694824e-01
1.902403221662168020e+00 8.860039849793863720e-01 8.000222747767029574e-01 2.895094755698953914e+00
2.738051060387652669e+00 9.094695715040965744e-01 1.635824326663736450e+00 1.583707212247802490e-02
1.166643997271963329e+00 1.888586595781619693e+00 1.686812339289875062e+00 2.419349541097647105e+00
1.601248777868359008e-01 1.724858105523342733e+00 7.651599435638815061e-01 1.620753205018456766e+00
1.035769686667417311e+00 8.654465197260938769e-01 1.426492445655200614e+00 6.632092798640066844e-01
1.579713490627365990e+00 1.098816923163442150e+00 1.317248097669303286e+00 8.386738120625975013e-01
1.083040199603007903e+00 1.014247346532384686e+00 2.806146020459859614e+00 2.423672793149294957e+00
1.288423249903368761e+00 1.814512907824561649e+00 2.860638174236362019e+00 3.053869092744208036e+00
1.770267246999138067e+00 1.081453644623329602e+00 3.706577898610169952e-01 2.568109444975717803e+00
2.295378016339857830e+00 2.530619840627009509e+00 9.420963331084895032e-01 2.721047642709594760e-01
6.916592848585586539e-01 1.584995457254638751e+00 2.908848653690334185e+00 1.336277503768103392e+00
3.079657136913172000e+00 1.695327911632557027e+00 2.113117862057057206e+00 1.077039942157682173e+00
1.158547187962989611e+00 3.911455987414332869e-01 1.008669137500765034e+00 1.132290246422149593e+00
2.434324110970965016e+00 3.079243339308129990e+00 3.334814522080997712e-01 1.419993788793964207e+00
1.262742101058151212e+00 1.627943169073453822e+00 2.917317878783431073e+00 2.308988206834342360e+00
1.380183048580771343e+00 7.472462486067102949e-01 2.775314285532370029e+00 2.078773235932345198e+00
2.398147307488458502e+00 2.069942024936860747e+00 2.581766826700361506e+00 1.167993995673392460e+00
2.960626156935711073e+00 2.542085185885241128e+00 1.024068463495152181e-01 1.036093176508966707e+00
1.033760924786830904e+00 1.216088340074838792e+00 2.043255797389621709e+00 1.496912966769529341e+00
8.510448597963855555e-01 5.251221712062307256e-01 2.616863284389264965e+00 1.792613803757471480e+00
1.110559556241402568e+00 3.818562332413317217e-01 2.297638755844472858e+00 1.838056596079785665e+00
2.007540664104359163e+00 2.995448391774652386e+00 2.136844634950640032e+00 5.371828322026919178e-01
1.749469526625800908e+00 2.225476180317514707e+00 8.261821141092221543e-01 2.564644324712894718e-01
1.604705021318816538e+00 1.586935999262428121e+00 7.920012502781380581e-01 1.222061231813688531e+00
2.608465721334496834e+00 1.277915849424479555e+00 1.943601086130506139e-01 3.100905001703814001e+00
2.132530389490520317e+00 2.539756840029009144e+00 2.571126546467266127e+00 1.846211085573002508e+00
1.713464917989352188e+00 8.568904240985554532e-02 2.164253554376035726e+00 1.471327807389455788e+00
2.552942117362367647e+00 2.933058103023651331e+00 8.158378472942586779e-01 1.571060057232172236e+00
6.277259288269501081e-01 1.863135036169287995e+00 2.851647078948975622e+00 1.051875171217941274e+00
2.097627230190998393e+00 1.802680110969877791e+00 1.415021964448864855e+00 2.345995898890416154e+00
2.183335051072505362e+00 1.637264209512771518e-01 9.467475158725734419e-01 2.342059428807298449e+00
1.509026454642029780e+00 2.563841070512662856e+00 1.291864439404542653e+00 1.623746784400669885e+00
6.116887780424232757e-01 3.059729874276503114e+00 2.021903868408566840e+00 1.081756064188657884e+00
1.372288451410911492e+00 1.770188427274109744e+00 7.001282183515401547e-01 1.129442074176410626e+00
1.014102224884942283e+00 1.372341607354394144e+00 6.325815486866216419e-01 2.972997885747695190e-01
2.101938424259285121e+00 2.301928127224259213e-01 2.921385048043198207e+00 2.243372356103143339e+00
2.398813292806490083e-01 1.884174941659336078e+00 2.447500812935950343e+00 8.843015577307145048e-01
5.327752991766900870e-01 2.483083176027699235e+00 7.578431651025029359e-01 2.269974342182681237e+00
3.349859193701990034e-01 4.113830687127695285e-01 1.348278390329827436e+00 8.379874728339758994e-01
2.548668689475920512e+00 1.053138901206752243e+00 1.979001353656649309e+00 2.774357969088434572e-01
1.182090308176720228e+00 2.951301008521913793e+00 9.103108612320354176e-01 2.275824781607289182e+00
1.947761936752635759e+00 1.822584157495745538e+00 2.005441529080700391e+00 2.203588827272758621e+00
7.980293553585864341e-01 2.093016561549772003e+00 1.705809018503935848e+00 7.624459653998081343e-01
2.167052064227886543e+00 6.051788752287733386e-01 1.447258665426929047e+00 3.100990061854708379e+00
1.616451645501378875e+00 1.748992804756824171e+00 3.056572139863788617e+00 2.763941692051971710e+00
1.744963819108211966e+00 1.234986382280361950e+00 1.844726002544768040e+00 4.198224110011162247e-01
1.579483827485506975e+00 3.095036074532911297e+00 8.554036085298423187e-01 2.509887168528043055e+00
1.638211817068134568e+00 1.049994791505096892e+00 2.681228392333639743e+00 7.995632441814262137e-01
4.706568121488017287e-01 1.377171916152451159e+00 6.129004825772814691e-01 1.433116786471565263e+00
2.365706846901022065e+00 2.909441194293073796e+00 3.083485476194296471e+00 2.058520907828026214e+00
2.480139181126193026e+00 3.560577456723066914e-01 6.483310258476410182e-01 6.607372827011932515e-01
1.598712007736478258e+00 2.374178557246598320e+00 8.912173607993653657e-02 3.077503090034841904e+00
2.496961013665490725e+00 7.115600189972841605e-01 2.575234160447213427e-01 9.976366216949651422e-01
3.086957358431966725e+00 1.329037464321369155e+00 3.133395582165050985e+00 7.388359057804171348e-01
9.475210893166080561e-01 9.238434507784403227e-01 5.095472503840996481e-01 1.742076629051680259e+00
2.942788760052785779e+00 3.412091925447777174e-01 2.088391391377281359e+00 1.058193099062938014e+00
2.784825664729310812e+00 7.869934504569026101e-01 2.249992943025377556e+00 7.959655969261786312e-02
2.634703217242593709e+00 1.965278329900894461e+00 1.659710140827336533e-01 1.968019960758051190e-01
2.633779985489103748e+00 5.274055029787000359e-01 9.568167532000565467e-01 5.018917979200112622e-01
3.592991427689756212e-01 1.532890991511641987e+00 2.669047974240047472e-01 2.223244507378539847e+00
1.677763776106008908e+00 2.102861177767182621e+00 1.016931909211979818e-01 2.114501741504273724e+00
1.117446012339105454e+00 1.569306505001287766e+00 1.835622183043505329e+00 2.567664302292330447e+00
1.538363527757380611e+00 1.473929160308297126e+00 1.860542969436688399e+00 2.683918066578371953e+00
6.284105217614448513e-01 6.135363534843381039e-01 2.121396861474758033e+00 1.152311340947207219e+00
2.371456354410506062e+00 6.081088425204039805e-01 8.188445462380943285e-01 2.237542582341260022e+00
7.393109459399187511e-01 2.470030385503137804e+00 2.363406260835117845e+00 1.276941775223742859e+00
5.816270853236337190e-01 1.559464031880377188e+00 2.587745156836611660e+00 1.854726527995810503e+00
6.921351798723395232e-01 2.144879157641880418e+00 1.404443175958301593e+00 1.692879513578613437e+00
2.438507002173919247e+00 2.649554190338514470e+00 1.440765573034014979e+00 4.079096095520020615e-01
2.413323108036616205e+00 4.949682027478539137e-01 1.159273476511089918e+00 9.493943750348597943e-01
1.652617625417009739e+00 1.941906656253847174e+00 1.050676774535717756e-01 6.238309584744221592e-01
1.369746878063562212e+00 1.950589354039794054e+00 2.905499674624592021e+00 4.229202465737845196e-01
3.117697204220878593e+00 2.550547091052718596e+00 8.033757471617121171e-01 2.058758947743463352e+00
1.911960278730312934e+00 6.130098810371533702e-01 2.990211257045412907e+00 1.414691153952450930e+00
1.073375073477501385e+00 1.837932996017356491e+00 4.118103223775701482e-01 1.712330618518733694e+00
2.501400846447838333e+00 6.011248819767371909e-01 9.130400464299927021e-01 1.662943657580169488e+00
3.013775954180357264e+00 1.580345945370030591e+00 8.433673296213343162e-01 5.742502764531494108e-01
4.305270949581023743e-01 3.111730871919807573e+00 7.272012928719051583e-01 8.403264156563298171e-01
2.487161063294056174e+00 1.146024033199483316e+00 3.442204342293012087e-01 1.591317957492519586e-01
1.838680002497794730e+00 1.433034957617667637e-01 1.648522061061926114e-01 1.068699267888609805e+00
1.998181025736891714e+00 1.862064240427874218e+00 9.870928753516089449e-01 7.002347089695077909e-01
8.417683199779637526e-01 3.024657316119768069e+00 8.438764563076112113e-01 2.630037175168543628e-01
1.423293636276134588e+00 1.825242132829615116e+00 3.564294893381244056e-01 2.593866446478799936e+00
2.526712200566899047e-01 1.718295653664410283e+00 2.953274147457121579e+00 1.243105575708490340e+00
2.268756005225601946e+00 1.989825672248015875e+00 2.577362132731611521e-01 1.540893194082493700e+00
1.992948679851130667e+00 2.950338823078922701e+00 3.828486480991941665e-01 2.460865628098420910e+00
1.821170952185346747e+00 2.153278774398087236e+00 7.020448661410482183e-01 1.782941783408816372e+00
1.130559607405140499e+00 2.432744620792978429e-01 2.675053880389941519e-01 2.045590298328790801e+00
7.881454600449344650e-01 5.870085274336772629e-01 1.647770791212436636e+00 2.486368362170092272e+00
1.802108204614440434e-01 5.091854717855097689e-01 2.328753432109891719e+00 1.882974716416214278e+00
1.162214318998310958e+00 1.206735892425974885e-02 2.257020535991152155e+00 2.623863930892262331e-01
2.997452111413778653e+00 2.108933471243188695e-01 1.001248051009276524e-01 1.495360961543061418e+00
2.950561699029707885e+00 1.827963096528125719e+00 1.434253293240592031e+00 2.679445025237199740e+00
2.785639334019183178e+00 2.176718044169593469e+00 2.798348949151055809e+00 2.078152345364915110e+00
1.939692072861535665e+00 1.956361846814626215e+00 5.094081880122476313e-01 6.795743448406270648e-01
2.841545327568060664e+00 1.566034865051417313e+00 8.338732707668811139e-01 2.310035407512237793e+00
2.665433758473631176e+00 1.864819413615347976e+00 2.304608216942357846e+00 2.356326963039117928e+00
2.018785000616253100e+00 1.351847066850998313e+00 1.812372093052570188e+00 1.289634147171601297e+00
1.052959627145575588e-01 6.057790653740094955e-01 2.555977365104730836e+00 2.319014802268063669e+00
1.691289107196133790e+00 2.199508849065947125e+00 2.568525356420253924e+00 2.523654230819816213e+00
2.019798150224091149e+00 1.418761297432765023e+00 8.131109269849536858e-01 2.829371769721637619e+00
7.462738303877594070e-01 1.095685719760397969e+00 3.096364346546462087e+00 1.478146717182963199e+00
9.704179062725495353e-01 2.558475234992437120e+00 6.153001899233989658e-01 1.730392639677272637e+00
1.988371108826323397e+00 2.271794941194627881e+00 1.637152610202259884e-01 1.468706834826556396e+00
2.104339377391492238e+00 1.361120939595112489e+00 1.615230721069656816e+00 1.199736466967382231e+00
7.772441844087928375e-01 2.071344572027577602e+00 1.547645378917770431e+00 6.757635568100688050e-02
2.329994690946852298e+00 7.387299204989539181e-01 7.462242675850370155e-01 3.051641593108849637e+00
1.616590807158680310e+00 2.868601945881358528e+00 9.928185899642748558e-01 2.503273783159349453e+00
2.401870756058742451e+00 1.490888588947518967e+00 1.719311017038799960e+00 1.909069456767239714e+00
1.464804688010814537e+00 3.029816486752072713e+00 4.286437059211245515e-01 2.932351617967849933e+00
2.719274330198249601e+00 2.658280028003933371e+00 1.155356038762424126e-01 3.664858229592198868e-01
2.851263851407933037e-01 3.133963646878422438e+00 1.611496732740244742e+00 1.171081493093442782e+00
1.505731512965703178e+00 1.166075497702658614e+00 2.260477034856308798e+00 4.013569782361751659e-01
1.435056501268652529e-01 3.382200845517394083e-01 1.659560791284605985e+00 3.936681499314911847e-01
2.837856738843314020e+00 3.119623594771355091e+00 1.743190516756020436e+00 1.488214701574080756e+00
1.793556452523230593e+00 1.053985642982860904e+00 6.239870317345823647e-01 2.915508436802820125e+00
2.477269050083763080e+00 1.219921113731597950e+00 1.955483376162773679e+00 2.062239016156023563e+00
5.046952220298026592e-01 2.991802831691609654e+00 1.182813774628636239e+00 1.390307474550388500e+00
2.323859746544485017e+00 8.247675586571251438e-01 1.309925983355959112e+00 2.158654201784966364e+00
2.226353334417678020e+00 9.686913188512887851e-01 5.075358799686798678e-02 1.078720379928504336e+00
1.629100167263623611e+00 3.132318303842533957e+00 2.578979822652140541e+00 3.909181748465908601e-01
6.533852005687313946e-01 1.962916525072983254e-01 5.445797343227686688e-02 2.176385067360008030e+00
9.713448172490926069e-01 9.474917758272828339e-01 1.917017787580284294e+00 5.669547616477819130e-01
1.542781918450353729e+00 8.139223260164832885e-01 4.845201664892656579e-01 1.611434863872918344e+00
2.538755848396566428e+00 2.350314940534160790e+00 1.850726951205090565e-01 2.952534221798871705e+00
9.512513094774959210e-01 6.366912731908891399e-01 8.924114098311269894e-01 2.546755838677905448e+00
1.975975478188159329e+00 6.377008853234966690e-02 6.316932943367320474e-01 1.509093488394415816e+00
3.259160702888680983e-01 1.248335260705068839e+00 1.039830888279307253e+00 1.520805732648310427e+00
9.110327919033672783e-01 7.796047770788911979e-01 2.823971196349239321e+00 1.473018093287696395e+00
1.324378208570478943e+00 2.318024197662720720e+00 2.139924541231965183e+00 1.905547781446584210e+00
2.585965548227933564e+00 2.611003998906213486e+00 3.066420012642161907e+00 2.107054443049479975e+00
1.104869832719639122e+00 2.786032519095233084e+00 2.793392369836952271e-01 3.558428678979892457e-01
2.215982558293408289e+00 5.760667373182809525e-01 2.998151535520526600e+00 5.698642452309882200e-01
6.817043412131872371e-01 1.395784921356155950e+00 4.619734687280506180e-01 1.239609515779457105e+00
2.078548242534405954e+00 1.068646647858135124e+00 3.116262063247117187e+00 5.371797991288064233e-01
2.255131216947618089e+00 4.333548326177134036e-01 2.053940756871731832e+00 1.759608244373075170e+00
1.405965943464094092e+00 2.564219697458217873e+00 3.756388092754023300e-01 2.702862345164990021e+00
2.466017546246567438e+00 3.695471688027166524e-01 4.020157818021796170e-01 2.993491934860522896e+00
1.453169520401162318e+00 8.001261063907082471e-01 2.641375896973124249e+00 1.273475792726001199e+00
2.228565176801531322e+00 1.666772719274667525e+00 1.720139728536695278e+00 1.045069199300051377e+00
2.333619105779545233e-01 2.129463813161246666e+00 5.049203043627339405e-01 1.795002854400663317e+00
2.926388101684085807e+00 6.514777690570744406e-01 2.546845944559389952e-01 3.938665126826395024e-01
1.798655033838874484e+00 1.240365459736029408e+00 2.643599651658289584e+00 2.114144903037901813e+00
2.557266026176849838e+00 2.677757371251115792e+00 2.371343647339752447e+00 1.824276295844145190e+00
2.028101408801660455e+00 2.625401396252439401e+00 1.280326169886247145e+00 3.652383973570580422e-01
2.971653398999229090e+00 1.890758611126180266e+00 3.193377256142735932e-01 5.155684938215260305e-01
4.690790794166151412e-01 1.023950974647459100e+00 2.928582301410629807e+00 2.576361854269216156e+00
1.436830805519617060e+00 9.504764692595315534e-01 1.186876341269275104e+00 3.854741569637886167e-01
1.770133623201809003e+00 2.361295767644479238e+00 2.027251528191587493e+00 1.917980607318430675e+00
2.019030592580335792e+00 2.765717869660395234e+00 1.505118132752248705e+00 1.253099691718457587e+00
9.610151080063398243e-01 1.647274744166982829e+00 2.565530076795531356e-01 2.301298048939081742e+00
7.682043186128620915e-01 2.249023532261018588e+00 5.662491047389949239e-01 1.375069302238243640e+00
6.048054969694562910e-01 1.948802053018584779e+00 2.688960356393364393e+00 2.629099548773748962e-01
1.390705330085867109e-01 2.947289325931752746e+00 5.495651893882196326e-01 1.916292891774239671e+00
2.599717347607154228e+00 5.218635547767612737e-01 2.666349564283672091e+00 1.720591147812680077e+00
1.511299526054464382e+00 2.226946126696672135e+00 7.260707126708135783e-01 2.236947545658412473e+00
5.619249199161862988e-03 2.376551391760368670e+00 2.064025109314438389e+00 4.989446833987292163e-01
1.978584523250939808e+00 3.016986525362304050e-01 2.475646568293721650e+00 2.126440897315408751e+00
1.268315477138725722e+00 1.603540401686526451e+00 1.651324817962161573e+00 6.246719484917421239e-01
1.916126420333894798e+00 2.188759456137130410e+00 2.884523514047600656e+00 8.474824835793391964e-01
2.397822942692803494e+00 5.038671456596235387e-01 2.704811281097853737e+00 2.569900721698576973e+00
1.131179497270047740e+00 2.051174188264635490e+00 1.930841886953706066e+00 2.653032334963781214e+00
5.588161530791150300e-01 2.308876618634490896e+00 6.651481785097597063e-03 3.348659362244122417e-01
2.277304988249025719e+00 3.552765114112972356e-01 2.129970870483013368e+00 1.904103060025204686e+00
1.978146058180287215e+00 1.712714479481058483e+00 2.935657120624653782e+00 6.863833381520449972e-01
2.929137123251732255e+00 1.177852346943733641e+00 1.569024645010992813e+00 2.459808481099759359e+00
2.639073884611042420e+00 5.375523838892859452e-01 2.802254306429907249e+00 2.675404865967091705e+00
9.719147267040477711e-01 2.401113021553597626e+00 2.329633683365019969e+00 4.960124730297807427e-01
1.854426701833660429e+00 2.602865636376049618e+00 3.006256496117498678e+00 2.212358874650864227e+00
2.040207782206171050e+00 9.673329665299709168e-01 2.521684535903570890e+00 1.568783070951961234e-01
8.369838520544750082e-01 1.879538100064390982e-01 1.216513329106442942e+00 1.603163770366112795e+00
2.982940673238476670e+00 3.647356628342376950e-01 2.170416066233638031e-01 2.874305772513883195e+00
1.338051127948084895e+00 2.118550252391486310e+00 1.400589457611397304e+00 3.728399188977238876e-01
2.442511901730480606e+00 1.547472811432096584e+00 2.502492072198992279e+00 3.487527734696168474e-02
1.020989734394932791e+00 1.080311594634462802e+00 3.024279567464450924e+00 1.509174988547801854e+00
2.836893340730976654e+00 2.352855085922308742e+00 3.309072921568102094e-02 2.585404522294815877e+00
1.686212673188651756e+00 1.876677499786386205e+00 1.948971898961245897e+00 9.405945826640290663e-01
9.839673378694478723e-02 1.568124055987879517e+00 7.987169452049039942e-01 1.625654960423177586e+00
2.675809052553279166e+00 5.848043653837632361e-01 9.578336076695370682e-01 3.088181735096126701e+00
2.558738144460339647e+00 8.428470933536823528e-01 8.604232389058045216e-01 1.507370872050836974e+00
2.107218089906249592e+00 7.763349151719034502e-01 2.360536046019988454e+00 3.214637331149129418e-01
9.556895474682378655e-01 1.393511974711723944e+00 6.922678122420250491e-01 1.975742880471889951e+00
1.927557511831515136e+00 1.494544745817641740e+00 1.168300316572866038e+00 6.796239567090518463e-01
1.746666780413836662e-01 2.666717830073168205e+00 5.257556273515504586e-01 2.602052793801765684e+00
3.054423637309799933e+00 2.097992340804403444e+00 4.958045301431412422e-01 1.978530338227235008e+00
1.951705332728338904e+00 1.882140537899376742e+00 1.066321885777355316e+00 1.366458481218738807e+00
2.875153829967144414e+00 2.872216498334767998e+00 1.396246888378157136e+00 2.169774448903417863e+00
3.038000633382820226e+00 2.768215524181608433e+00 3.880174994842192082e-01 1.809084311187761918e+00
2.151260414032106549e+00 2.535890500347909526e+00 2.481299310504443412e+00 2.020680590879069261e+00
5.076588670449209140e-01 1.240562174742632084e+00 1.680422561766218070e+00 6.973819105123232331e-01
6.474572819714078387e-01 6.535131757142602360e-02 1.958834102393519905e-01 5.213134135382871959e-01
2.322953213023798646e+00 9.718919148941463915e-01 1.969955540270044381e+00 2.303590188536821959e+00
1.523928562900849659e+00 5.370634650117651621e-01 2.899968422851501693e+00 1.425122013098937712e+00
9.932889218074925086e-01 9.193621760855293923e-01 2.485768648737040731e+00 1.174621944989145073e+00
3.066946804486145428e+00 1.331942209388990328e+00 1.270382117691475576e+00 9.459624450787958994e-01
2.375375221244005797e+00 1.992752101182051927e+00 6.324093205851992749e-01 3.630375590646111594e-01
7.146438859583621461e-01 1.973567021172561997e+00 2.744460936758862157e+00 1.053986788069615904e-01
1.687385711840018621e+00 1.979561021135512466e-01 3.032283574984810937e+00 1.283767907286826881e-01
2.748306777063674655e+00 4.865571590178581762e-01 1.615533015119483107e+00 1.871563617312757208e-02
2.630909794114294264e+00 8.206745698123589783e-01 1.544045510345976036e+00 2.701591812001460369e-01
1.696129946089424356e+00 4.727250941929568295e-01 8.035317627766735971e-01 3.046398333079427534e+00
8.834936639296477878e-01 2.181422833479599976e+00 1.831668883945949622e+00 7.759103830655894596e-01
1.029033285962553501e+00 1.442053639933294218e-01 2.081947948442566254e+00 1.718226110261873163e-01
2.873440479441701889e+00 1.981478550138448425e+00 1.064016116771479004e+00 2.275166422245416820e-01
5.559402364626863102e-01 3.034663941148993072e+00 1.294375037334005052e+00 2.217039254065471809e-01
1.605570605688188879e+00 1.229203501034785040e+00 6.902017754733597021e-01 2.127448919676969474e+00
1.134222283704375167e+00 2.009942706540971624e+00 1.160967351449462004e-01 2.975812511167435837e+00
1.580120298491878850e-01 1.609589747509773794e+00 2.687286396575885750e+00 3.402343585275324211e-01
1.454062215836434691e+00 1.237761284904519643e+00 2.203064978209443137e+00 8.867242509925141736e-01
1.149124295114591354e-01 3.836155447406031649e-01 5.570216505324867562e-01 6.219962388214628213e-01
9.323972833385509862e-01 9.679358989612748543e-01 2.025803782184542712e+00 5.745847480633863302e-01
2.923860770208385862e+00 2.909590371847876611e+00 2.717817789445502008e+00 1.926242298082599946e+00
2.138528864488678405e+00 9.944904933738437647e-01 6.926908875332162818e-01 1.167783805635974170e+00
1.222500759083423594e+00 2.247710149529547063e+00 3.032578278204471012e+00 1.998356077444709333e+00
3.066969381035038911e+00 1.139058400065051657e+00 9.063385394741840795e-01 2.107806597132113602e+00
2.217480161497690450e+00 2.481864462555448458e+00 7.641887804480139712e-01 2.078892298441702646e+00
1.026331419913368848e+00 4.307445890106432196e-01 1.492655757624229418e+00 1.515017530297460224e+00
2.682528821279285491e+00 4.795133088004703836e-01 2.017918427903559131e+00 8.967966417025408088e-01
1.050186224672694735e+00 2.223317136872004607e+00 1.991454500061997424e+00 2.102521225965449769e+00
1.315887433484930202e+00 2.868498045136645969e-01 2.427679332019228031e+00 3.037899075080784161e+00
2.496221274354434527e+00 1.311520442606747272e+00 8.193906103343817637e-01 1.849939324874821100e-01
1.935650219135541805e+00 1.665999300705674147e+00 9.160295014209599573e-01 5.231075553995228056e-01
1.067225040468424035e+00 1.617564897982342931e+00 1.867781691732896654e+00 1.141349221031860983e+00
1.589548640974508764e+00 2.362669104922765495e+00 1.936284035838496065e+00 2.246280205227885407e+00
2.181698822804106097e+00 2.808406946496339707e+00 1.591390913464567847e+00 7.454063847231846840e-02
7.981734534742399578e-01 1.032053645337992043e+00 4.918560925215052088e-02 2.321612529345526144e-01
1.603670021714386440e+00 8.118077570384932828e-01 1.628214382037699082e+00 1.287894994127879000e+00
1.037197231629532590e+00 1.537519651222964301e+00 9.787292642486685734e-01 1.663163671547220446e+00
5.194041670634760299e-01 1.215068383932412566e+00 2.543921856572632922e+00 9.240748836086726259e-01
5.535539654867031034e-01 1.825465826481728338e-01 1.668167356055767048e+00 5.593282960529394332e-01
2.714820022411966960e+00 2.099615411288129341e+00 7.442191089295003836e-01 1.152695870208398476e+00
2.532547550801392156e+00 2.777386574933481622e+00 1.490974956460734857e+00 5.231349986639465266e-01
1.275500120173482133e+00 2.852419318354639355e+00 4.092754502430907548e-01 2.311311236573653893e+00
2.002204099497639778e+00 3.871661575314306880e-01 2.076104746958091773e+00 7.676921444683340034e-01
3.090126339905299724e-01 1.036343954457657368e+00 1.135527487441432060e+00 4.913938008242113575e-01
7.226322075420241742e-01 2.500959970275174360e+00 1.512989715050229167e+00 1.438821487610952854e+00
6.643050574082400850e-01 3.133101333360211349e+00 2.741552223264911881e+00 6.296062078863028100e-02
8.809485616251961915e-01 4.104755778950829326e-01 1.361689880149042908e+00 2.312786867195202323e+00
1.363086276579545675e-01 2.205785319853181381e+00 9.993936708760176035e-02 5.147972950040590190e-01
6.805814055437866550e-01 2.922839287433040667e+00 7.025852740549698439e-01 2.753982968448955293e-01
2.108698238552086046e+00 1.152000959450936168e+00 1.497644055961277809e+00 2.383998835548066353e+00
1.335202404251378150e+00 2.493262394092866874e+00 4.627457801987743258e-01 2.200954815588363811e+00
2.427536255402543031e+00 3.152221540418027046e-01 3.008416706768575200e+00 2.431360061014353757e-01
9.875876975576306505e-01 1.590570801331006312e-01 8.481585187619935517e-01 2.265401227226890857e+00
3.102669904162778547e+00 1.337206034218999529e+00 1.270536060469144468e+00 1.089678371826297454e+00
1.456002926217479621e+00 1.421631156318352796e+00 3.082868961888974857e-01 1.493371673548922196e+00
2.586162962319459524e+00 3.087192169078414317e+00 6.060221921400813505e-01 8.141454967107737417e-01
2.216383532110430377e+00 1.117609348459880136e+00 2.871845491132876571e+00 1.484148176793115004e-01
1.400608617210308937e+00 3.425132361083046972e-01 6.535612487323330111e-01 2.913811937346547420e+00
1.269069216635523301e+00 1.632835615269966567e+00 1.338285208040756347e+00 2.129871964737549028e+00
4.243026732004995250e-01 8.637162035896054357e-01 2.584009287200721428e+00 1.722430782714650110e+00
2.764625090208716607e-01 3.739547624150524885e-01 2.035471986938381661e-01 2.879878742739943931e+00
2.691520643092193410e+00 8.916938882785460097e-01 2.127281711393468555e+00 2.556625413259255186e+00
1.386735924825498234e+00 2.837304586788743421e+00 2.257803147388296239e+00 2.962968071295105865e+00
1.287109262022071876e+00 2.558391677424269872e-01 7.136864638629282498e-02 3.042430024465336835e+00
1.785340769410500572e+00 8.911790450525305940e-02 1.696834926711620062e-01 1.229977142318677386e+00
2.532966943172064167e-01 2.554658988824551447e+00 6.732873013596963885e-01 1.914443232169845688e+00
7.375829292741887810e-01 2.784297306001720873e+00 1.292372432842096686e+00 6.758237918459862881e-01
1.021925271240775590e+00 1.709884329088262045e-01 2.012952629364133994e+00 1.061539317260090431e+00
2.490781350854291532e+00 1.896255745825476069e+00 5.733372452663439839e-02 2.953307715530386179e+00
1.778022243886792086e+00 4.959555753278329648e-01 1.496349524618739268e+00 1.078651939366867651e+00
1.919303067803715290e+00 2.095814104772395048e+00 3.135816092987258941e+00 4.020473644925496304e-01
2.635030075139696226e+00 2.248168735647365080e-01 2.490095640512244302e+00 2.486763036103277091e+00
1.768330981881018449e+00 2.947268741907838052e+00 3.057625496791878117e+00 2.791689252216082995e+00
1.068691022901279153e+00 1.649107029045950412e+00 9.959947860915654982e-02 8.591327235244479166e-01
6.918003742015044200e-02 1.324309746164409107e+00 2.049482263065759646e+00 1.298473668995932251e-01
6.839237797343679093e-01 2.895154778953488162e+00 2.440910216094439811e+00 1.209406361332032942e+00
9.253642297787735282e-01 1.367350207286630814e+00 2.507856746931065306e+00 2.906418095873344321e+00
2.821080108883799120e+00 1.092207510795172754e+00 1.123913925411102882e-01 1.765692624182073844e+00
6.230317509745372240e-01 1.385398864649461714e+00 3.135214214405773081e+00 8.164216733975543372e-01
1.704000730051149215e-01 2.952564130263112485e+00 3.521449107239150167e-01 1.221961716818102728e+00
1.765217757525015196e+00 8.858651723194203020e-01 2.706889594169092472e+00 2.806688581981546360e+00
5.125169453672825393e-01 9.037171227633505888e-01 2.948484886789488613e+00 1.812753175713795795e+00
7.177927915712399853e-01 6.617437401814234565e-01 1.873263083273466245e+00 7.863526428087485032e-01
2.061137502482167427e+00 2.355080482779519535e+00 1.758226788218578696e+00 1.903135538928788728e+00
1.057376945943870467e-01 1.527649832243763051e+00 2.541292957617018455e+00 2.639027804224653551e+00
1.562470346660471465e+00 3.106402343053963566e+00 1.051067772419569391e-01 2.570126673243899429e+00
5.411107258655949437e-01 2.562246521858842829e+00 2.278136147878639661e-01 2.156707599521458629e+00
1.280318826270706589e+00 1.045496055692678894e+00 1.408956091175131764e+00 1.374000540750085486e+00
3.818933548534534927e-01 2.908679611113151875e+00 5.557363159157600041e-01 4.966418895437155756e-01
2.203842219516528367e+00 4.956491036784889670e-01 2.468526717617411936e+00 1.300813359171474559e+00
7.237725245713496625e-01 1.557818939825303950e-01 2.913546327759558796e+00 5.375301897800577322e-01
1.783232284308005899e-01 2.834031112620696735e+00 1.183691818805482798e+00 3.047850619588587384e-01
1.574897265704249261e+00 6.572208497934762805e-01 2.930131417703692343e+00 2.255275247283542672e+00
2.549377013622096566e+00 1.652826044763132662e+00 2.811633377400690748e+00 1.378885965772720601e+00
2.024516730669871478e+00 1.855166348885054717e+00 1.148130748189845507e+00 1.767013497952366174e+00
5.737165235226451276e-01 2.542413310680048943e-01 1.674008054973876947e+00 1.128366493556285377e+00
3.120596049040334830e+00 2.263151299106706205e+00 2.716891408018721421e+00 1.406322939618068091e+00
2.097885808044126499e+00 1.049083954714237876e+00 6.275596005452702686e-01 1.075596079203153532e-01
2.722593399898434741e-01 5.871121113012468529e-01 1.984383887295526394e+00 1.293158461559667849e+00
9.160129911822632032e-01 1.738882814865852833e+00 2.965878199077409239e+00 1.503003894999164647e+00
2.424086169323405482e+00 2.916910466446251959e+00 9.932721558481785173e-01 2.042455496773080359e+00
2.576493881986090084e+00 1.452360831013881137e+00 1.682009678190104607e+00 2.648200344542165130e+00
1.443136307261517093e+00 9.748784853917396021e-01 1.236092432784413164e+00 1.979633219398222677e+00
2.970933008091054539e+00 2.272965284910545503e+00 1.114107737457927794e+00 1.435169054910979014e+00
2.073128488258655366e+00 2.914966467584829690e+00 6.200627427765132982e-01 1.838621744927576573e+00
4.345528616706411107e-01 2.398034663836089209e+00 1.632182819501131477e-01 6.408212510650348470e-01
3.761853138352003745e-01 4.430507820794616913e-01 1.057882194326134284e+00 2.577980566835295750e+00
1.427285835959104965e+00 2.176625688309800744e+00 2.457254935092374915e+00 7.088051009457116969e-01
2.059701845310096591e+00 2.745119750995902219e+00 1.744417293322054752e+00 3.171621214988386561e-01
2.729877134515236836e+00 2.076505646469307909e+00 1.457646512947703865e+00 2.674263765362056677e+00
1.518328930076774941e-01 2.708833997275158723e+00 1.119052871319838438e+00 2.805481709512640087e+00
1.170719388931049432e+00 4.076829167012949728e-01 1.181461770035128200e+00 2.231994154692887200e+00
2.227448173035953882e+00 2.548420953989978255e+00 2.099219033827449898e+00 2.003298812175290100e-01
1.321928785694810093e+00 1.710053214971399393e+00 1.035743322947783041e+00 4.971256200229800526e-01
2.227985979354585311e-03 1.423134175923183253e+00 1.140217128860958384e+00 1.915629751899970090e+00
2.845864684288267554e+00 2.239259633685489970e+00 2.598928383477689508e+00 2.170637299007347476e+00
2.150855770923143506e+00 2.400569802631779825e-01 2.698827762216221782e+00 2.061729234804111854e+00
8.626329775026179147e-01 2.852156318863384499e+00 4.811415253602246977e-01 4.343340192745542283e-01
2.654968927281948776e+00 2.779125692394987635e+00 4.478540053960931022e-01 2.134580440323640804e+00
2.585277134607121940e+00 5.723117837152604803e-01 1.580957591387265326e+00 2.160316839545549872e+00
1.026883073144743586e+00 8.636250001315190494e-02 1.896705499928913907e+00 1.063931421921742837e+00
1.139230703727617033e+00 2.024594583877249665e+00 1.049702409799633473e+00 1.587070295555713884e+00
1.087093470880384494e-01 2.431026756345924689e+00 1.494975192492668858e+00 2.950428029240982908e-01
1.101319684962857731e-01 7.535551850823595244e-01 7.295987366927799700e-01 2.008181445298629519e+00
1.191950566994750105e+00 1.367281039055273428e+00 1.462560718228381074e+00 2.920693107200068361e+00
1.215459021692593344e+00 2.431946014135134781e+00 1.623693113400282551e+00 1.201652035289520137e+00
3.076479644904592803e+00 8.307958768580939735e-01 1.693219989761308275e+00 2.572512254009808430e+00
2.829292812454370587e+00 2.092977489559341375e+00 7.803760481866166554e-01 1.440469150702070378e+00
2.744782935328004658e+00 2.166554401834496879e+00 2.660538037843932724e+00 1.074141560553566244e+00
2.585342742921712844e+00 1.481630506338479369e-01 2.914123118230129261e+00 1.487266078392527113e+00
2.380877855994214087e+00 3.058894303548736371e+00 1.839387465702871260e+00 2.814727417167708357e-01
1.206350641632500720e+00 2.567528945173206179e+00 7.279516577465052762e-01 2.178239258407733026e+00
1.305930507805693752e+00 1.355158923804408166e+00 3.778621153595306259e-01 2.471629720842880573e+00
2.908629425827554904e+00 1.633481489356665817e+00 1.701908122911478083e+00 1.181880780960889582e-01
1.066932705850313523e+00 2.930246289765098933e+00 2.063843928107021775e+00 1.666355967358386370e-01
2.868083934974412053e+00 1.243507905489476650e+00 7.036883562397983072e-01 1.189444440860174979e+00
2.168521805690578841e+00 1.758936785123623059e+00 9.294609385209132713e-01 1.308682657509341762e+00
1.431886030419449174e+00 3.044177956232687610e+00 9.513297303057541843e-01 1.410879308217774408e+00
6.691363413277093830e-01 1.697927051017468658e+00 1.398510935264310362e+00 1.931038595694971327e-01
1.663017717229889003e+00 1.384033775916410747e+00 1.490358528741279054e+00 2.611017271611889345e+00
2.362429267915724385e+00 1.357480017049183529e-01 2.819684698317641569e+00 2.827427035722765991e-01
2.158260691481374671e+00 1.156166101452797301e+00 1.735888884624450457e+00 8.333775536323935196e-01
1.346300976633815871e+00 6.139494313133286169e-02 2.397924996541734632e+00 1.114600864049531515e+00
3.038104533746087466e+00 7.505766857274077941e-02 1.316409774532655286e+00 2.356698193527979157e+00
1.491437111318359543e+00 2.706770925055262289e+00 2.485599717737520642e+00 1.327410031062227214e+00
2.579229684932651701e+00 1.690583456955454533e+00 1.727737006415812071e-01 2.868764795163514680e+00
3.662440009105081828e-01 2.387549904685571711e+00 2.825562489830232948e+00 7.482660112576439149e-01
1.855880911384959475e+00 2.310517872821904461e+00 1.690192580928439048e+00 1.898096121142310633e+00
3.027777857132753603e+00 3.098192183784889586e+00 2.206335635207545387e+00 2.368652175999454101e+00
1.724352546720966828e+00 3.127079730157128257e+00 2.223925554877223654e+00 2.705880854077734821e+00
2.763037323446882354e+00 1.354682899515208039e+00 4.556819210923779839e-01 1.377964914050348932e+00
2.957209166567984937e+00 2.070701982331829338e+00 1.381605726767292985e+00 3.031875298969572530e+00
1.119383714153750375e+00 1.860277721328169820e+00 1.741902975810626086e-01 1.804584692240128740e+00
1.018341188381128415e+00 2.633669939558571649e+00 4.085955139467182806e-01 5.142237576665209531e-01
2.070839459999386900e+00 2.923699752872705560e+00 1.726940224182375028e+00 3.969573980275007408e-01
2.420737691063442831e+00 1.674095261940601764e+00 1.361643329813083669e+00 1.758969003559266442e+00
1.419184851492323540e+00 1.723310592488080939e+00 2.023107310778830215e+00 2.728682839789050019e-01
5.770758973034526562e-01 1.158453040934634970e-01 2.327032505198338153e-01 1.783932114658850709e+00
2.217731853946774745e+00 2.376060828454440887e+00 5.530304868203095303e-01 2.605105004704423521e+00
8.171787634059957117e-01 2.192285913417758803e+00 1.940988406627478513e+00 2.861461366703987430e+00
2.298456946557026814e+00 2.603437670418231598e+00 2.061610602931765790e+00 1.667940690267234238e+00
1.611446583984812664e+00 1.093396975644163716e+00 1.366947208528004110e+00 1.272282350409281504e+00
5.985047241109130445e-01 1.074154726864704479e+00 2.423000634591417679e+00 2.018101332667322279e+00
8.440960339675380730e-01 5.128633657476154850e-01 1.611960021491718464e+00 2.868488687336580245e+00
3.029297206065017511e-01 3.088088150658099273e-01 1.494597157701074153e-01 1.093773333611379739e+00
6.132299833876458939e-01 2.800585657228842895e-01 1.286106428486055719e+00 2.283739482565535273e+00
1.578162383501338972e+00 1.997243683746280141e+00 1.746926466108744913e+00 6.244530940497216021e-01
6.141674815196727089e-01 7.025576418497173070e-02 4.243427765182614109e-01 9.508772259835996873e-03
8.689782122135253362e-01 2.425704093283983731e+00 2.053165225732468624e+00 2.730621697703023099e+00
2.626961672320967667e-01 1.212278323139137193e+00 1.911641569471103086e+00 1.054118071128139933e+00
6.780174118867393629e-01 1.168928719330563526e+00 1.107413924291758001e+00 4.053927886131278857e-01
2.965586945401630814e+00 3.100263009943535319e+00 4.891337704882513515e-01 1.809114355231998816e+00
2.238053828706697779e+00 2.367145065662228376e+00 8.580656363011321952e-01 1.882068415004496176e+00
8.001020608921652899e-01 1.125826979213917278e+00 2.513289098081368245e+00 2.350926414808160558e+00
1.667082273919641144e+00 2.854650066965101374e+00 2.888615281290068282e+00 1.612769028306798802e+00
3.108517001696164961e+00 8.669718154251603304e-01 3.092850079269213737e+00 7.799370707312486273e-01
4.099719763255477711e-01 8.669066239117378947e-02 1.603704615383603871e+00 1.579419875373791582e+00
2.591614714843276879e+00 2.821501162596994572e+00 2.034844360457844559e+00 4.015150160088703513e-01
2.574182705353908585e+00 5.237777253204342065e-01 1.967313806770034423e+00 1.643932248568954257e+00
4.417664170150584768e-01 3.400467761969410696e-01 1.434896911603237291e+00 3.635597848799519416e-01
2.618021378003997590e+00 2.955834183195067411e+00 5.508090361860298878e-02 3.083244760779005222e+00
1.882149666093806406e+00 2.885719301740393039e+00 7.896366090005497718e-01 2.860489598115756760e+00
1.663848774915135387e+00 5.723325666143319612e-01 1.711216130340635466e+00 1.195149355531303970e+00
1.536872092651840216e+00 1.441205548166582640e+00 4.925594271466864904e-01 1.062701506493089143e+00
2.263120146910445829e+00 2.015698837861553461e+00 2.503699514587983899e+00 1.558622498237016263e+00
8.932212473505147798e-01 4.580221454961060923e-01 2.684167182105290816e+00 3.417075551635260222e-01
2.959120361043128700e+00 2.376883429718477547e+00 7.319706363374784974e-01 1.398623630365261779e-02
2.549661882477623376e+00 3.053438003128033262e+00 2.322136843172433185e+00 2.644535954009448186e-01
2.829431283689319621e+00 9.400197356811050842e-01 1.683973989242742775e+00 3.398500968584728943e-01
1.921708979066525380e+00 3.091016314478842730e+00 6.361727838742737839e-01 2.762535163011827333e+00
1.509668364861701084e+00 2.469772275173347964e+00 1.335037926002591968e+00 1.362400237490203114e+00
2.933335837591400264e+00 9.204750724403037987e-01 2.698529842240891430e+00 2.200355728712934056e+00
2.734996483684618784e+00 2.887901638160417228e+00 2.721169315526577925e+00 2.020554837684287008e+00
2.115531520904701868e+00 2.303329990596036048e+00 5.022047314373283278e-02 3.896047329082655795e-03
1.703024175395230433e+00 2.879969263547404790e+00 1.405622837742877662e+00 2.316252089865574515e+00
9.025969170305329081e-01 1.161993542143931357e+00 1.008463934534874040e+00 2.100877366210088582e+00
3.112807798623228539e+00 2.334866847771953413e+00 2.967505318497843714e+00 5.206197880124434629e-01
6.857228835252995314e-01 1.390733558581733309e+00 2.484134017006903061e+00 2.137009838275585771e+00
2.693331548222567484e+00 1.236248510616758223e+00 2.588934332168504326e+00 1.877412506077613008e+00
2.142715534175390069e+00 8.086366122189615480e-01 6.150456217923632174e-01 3.858061376722111135e-01
2.405199973565816940e+00 1.696054633143779355e+00 9.188742368184370235e-02 4.080971199501695068e-01
1.692072813104582130e+00 1.415326104234289339e-01 2.353473926268549565e+00 2.530464498564406473e+00
2.470795844910637307e+00 1.247066553901995167e+00 1.107279456833046627e+00 3.082950470474793647e+00
1.045368625986281275e-01 1.124143254801148323e-01 2.998385564022943317e+00 1.490845597635914288e+00
2.911032708801202240e+00 2.978674971098608459e+00 1.034055860208043243e-01 1.775197837721628868e+00
1.917117044270499893e+00 3.181466577345631319e-01 1.963252530960601039e+00 2.965271338389487532e+00
2.538558410173067603e+00 1.171657322750014663e+00 2.594828545160680289e+00 3.785652460051194823e-01
2.647002494039688569e-01 2.523927082043249115e+00 7.527158577114505533e-01 2.721913303532386141e+00
1.781298530830939475e+00 1.065509603330909716e+00 2.441644387685961703e+00 4.087525817827575292e-02
2.973495150689970057e+00 1.226929365036220299e+00 2.193960055015896360e-01 1.376318381369629806e+00
2.921114394822023064e-01 2.999577694920713355e+00 1.221704562602941690e+00 2.948803467283962920e+00
1.324349868551684128e+00 1.516265837712731601e+00 2.087849586393504264e+00 1.444448068103134863e+00
2.368436710456645056e+00 5.366899543875028322e-02 3.138601817441653563e-01 2.562037582578465325e-02
1.226475478943077846e+00 2.301890643445882567e+00 9.382087291704613863e-01 1.517047772243367953e+00
1.154417376276902107e+00 5.076466094046943045e-01 1.792232019837703305e+00 1.268708054263113283e+00
2.491786316062789552e+00 7.730500299933712460e-01 1.372412822723582115e+00 1.678684105694793205e+00
1.583324675508835266e+00 1.294981415122345547e+00 3.128981194012982581e+00 2.135856468167627309e+00
3.076960620682222203e+00 1.374114183637807018e+00 1.487787984396378382e+00 1.951794647411540629e+00
2.739795886041515249e+00 1.822740502534186069e+00 4.335486592668369443e-01 1.123569373798068760e+00
1.376299947676366542e-01 1.101764296353123118e+00 3.157360354081114040e-01 1.696222246877205020e+00
1.734948908003856483e+00 2.997826662228570416e-01 2.579508888533505573e+00 1.322829717255076254e+00
1.155252590438546223e+00 2.260375609353697079e+00 2.426673562655752292e+00 3.929769955165684503e-01
9.813289546740944225e-01 2.131893251788061772e+00 1.724437313130099181e+00 2.170470815374109019e+00
2.144023392259420291e+00 1.337926332838725418e+00 1.787450446510251423e+00 9.495234749329604096e-01
2.808334748955875426e+00 1.867093818127610660e+00 1.004184366040137499e+00 2.076761229946312959e+00
1.656008102141200533e+00 3.024708676912694738e+00 3.108050692221452138e+00 2.725437439910275650e+00
2.543673543058363240e+00 1.606368678254361138e+00 2.958909941016115042e+00 1.432583636248010661e+00
2.482375194656369910e+00 3.723811830016930946e-01 1.973024131720963359e+00 2.613939561980910042e+00
1.884618458007354835e+00 2.732789154928855435e+00 9.328075311003501680e-02 6.301371573948376659e-01
2.456933896062150513e+00 6.612201402682644780e-01 1.150240355519457802e+00 2.670819386174180465e+00
2.173033740694061411e+00 2.065924129025350720e+00 2.291202121067392738e+00 3.024092000698388905e+00
6.470215121938764913e-01 2.264187232140888462e+00 1.908325529179718760e+00 3.714064526994174109e-01
2.290603736731344764e+00 3.804698619093649925e-01 1.103809673717088824e+00 1.209913494550376001e+00
2.559616998808293076e+00 5.072294824986376405e-01 1.921109886243602904e+00 3.055963149616545138e+00
9.321515532706776963e-02 9.136519910001146272e-01 1.175734539874899731e+00 4.234957567199962858e-01
2.005448379745305321e+00 2.022021289000298871e+00 4.143102219374010242e-01 3.063901179336467884e+00
6.322078177913007524e-01 2.914471258727328262e+00 1.382621896984852938e+00 1.574532230571493718e+00
1.604495915666179773e+00 1.985692251624423310e+00 2.937396631255490220e+00 6.411467027284915021e-01
1.189859097980610070e-01 2.631744257821154953e+00 2.685954628611894712e+00 2.204824025058196302e+00
3.093697406871514843e+00 1.503079200222554590e+00 2.229638596846465148e+00 2.608345884278756799e+00
4.080781878233620819e-01 1.044097502870385608e+00 2.399969781230559374e+00 6.464315548237784537e-01
2.616815230614687238e+00 1.931604052400510918e+00 1.053362813652281904e+00 2.577532797830793587e+00
2.364888785982246056e+00 1.694775734264125866e+00 6.897663708400604554e-02 2.894965382369683038e+00
1.986764420280958454e+00 1.571272980426456689e+00 1.236349710824547365e+00 1.893223231904695991e+00
1.318120492224333917e+00 1.006262126546150215e+00 1.199463783987916310e+00 9.551556828714196090e-01
8.601264805496167121e-01 8.150984042568366617e-01 1.954800439845730819e+00 2.144657131818170359e-01
2.464287517609589084e-01 2.445422808422460292e+00 1.694761532907588908e+00 6.103281085977805276e-01
4.148312460238707811e-01 3.865066293500062922e-01 2.978299697066838281e+00 2.532695140328569128e+00
3.419586256138801850e-01 1.440469423694052731e+00 1.611536580641396710e-01 1.655543396798801803e+00
1.577152845416219584e+00 2.534345828172309467e+00 5.154338995446032801e-01 6.032639368624203025e-01
2.105433894383958560e+00 4.780171652011848682e-01 1.752355128011639618e+00 1.765305169342991087e+00
1.440209393620579315e+00 2.980835287476313766e+00 2.077819417681954661e+00 2.407104286587150810e+00
4.903004732749824401e-01 2.649709435576245831e+00 3.085308577132199748e+00 2.405738526514134001e+00
5.930561862707759424e-01 6.077118688986932193e-01 2.740170212976976050e+00 1.428617915453669118e+00
1.471228885110502871e+00 2.051129168197025621e+00 1.909501986228071768e+00 1.361815216973538467e+00
2.480801188302522942e+00 2.903437727363796128e+00 2.511145483156118074e-01 3.062733380890505952e+00
2.965165434744469586e+00 2.214957353129372475e+00 9.128327214333531447e-01 5.328815501665631338e-01
6.778908259742488784e-01 8.647216809457478615e-01 2.057526993616763278e+00 4.175732152388474394e-01
6.874291355521298108e-01 3.662616231083757334e-01 2.299573330840330776e+00 1.505274396506183221e+00
2.623421633656821239e+00 2.577343377098840538e+00 4.340204463273740210e-01 2.533910854896477272e+00
2.463021441417588608e+00 1.040319678539516568e+00 2.982598227313785877e+00 1.994071784226363109e+00
2.844975550687212529e+00 1.291970923605416877e+00 2.948091728029025305e+00 2.487249516775913438e-01
7.680573944599430325e-01 2.752663352012970854e+00 1.513994778412983466e+00 1.564792992541345962e+00
2.081792645443988121e+00 6.610804436868606970e-01 2.964423734301182556e+00 2.151672086671240880e+00
2.998421124877845845e+00 1.093024370884907226e+00 2.265984650335987727e+00 6.628542734655803494e-03
1.402421682047749751e+00 1.468690782559971320e+00 5.079940780529140776e-01 1.955121421950394289e+00
2.181215606916948602e+00 1.072628301964382302e+00 1.276169823292166772e+00 2.916475506654024330e-01
7.778775162644166463e-02 1.937672479286156324e-01 1.035339942788386702e+00 9.510165386532238863e-01
7.971948185722880220e-01 1.422383535159516876e+00 3.826336423416693555e-01 6.551783164039772789e-01
2.145063436227927944e+00 3.033253190925359721e+00 9.631561460426180110e-01 1.657971773633780010e+00
4.272571518511578681e-01 1.306693117848951813e+00 2.047508726683968383e-01 2.911761389032081038e+00
2.950870781615625216e+00 3.017815934709924708e+00 2.684862585148195979e+00 1.878938926480481220e+00
8.134666972156647802e-01 9.705974530575478543e-01 1.500288298307514145e-01 1.388895611769340288e+00
2.653162026643653526e+00 2.397603510475842040e-02 2.313118068823524887e+00 3.019157850345875471e-01
2.728018649597538037e+00 2.386668898870277500e-01 7.530947457474624906e-01 1.922175495308100501e+00
5.066769216659710029e-01 2.253494469586519999e-02 2.786262280079661036e+00 2.766287483143517356e+00
1.819105795882353105e+00 2.989751091965815011e+00 2.555751579777048921e+00 2.258684453308700935e+00
1.963526817422684090e+00 5.481015401971124357e-01 1.406211769889011531e+00 1.417088167037204416e+00
7.915631111256700159e-01 1.187829916620092296e+00 1.175803255393262248e+00 2.956015565665553790e+00
7.260751921041884716e-01 1.911263483295214005e+00 2.220314706026771390e+00 1.198983942833119931e+00
1.026607230210744737e+00 1.415487903572119510e+00 1.073351849172436756e+00 1.504502826060165166e+00
2.256244872380288147e+00 9.180795048163848948e-01 1.987349452446894871e+00 6.060221450843381596e-01
1.642470436755403052e+00 1.797129156027948760e+00 1.968532456853282930e+00 2.749274325272720532e+00
9.189974042518495034e-01 1.960972372557218402e-01 1.495034121885825851e+00 3.038527074993916610e+00
5.657797286098179002e-02 1.178792759468395790e+00 2.215320906856974137e+00 1.545888826225756407e+00
2.149372313720140093e-01 2.597084514231887020e+00 2.431995475582283461e+00 1.094664754381330818e+00
1.904881488595833727e-01 3.030203300412358303e+00 2.852130094474484290e-01 1.082912278593126887e+00
2.271694590402247194e+00 5.560193109574969039e-01 2.020104468015307742e+00 2.062849711978683942e+00
7.635818400042910792e-01 3.021213536466222926e+00 1.810980653297499021e+00 2.643346940530182820e+00
2.616559381007133478e+00 1.343372434511233005e+00 2.879978273237683517e+00 2.449519726196073055e+00
2.539281975455487839e+00 1.635396200433524294e+00 2.206985183035452103e+00 3.095571628572495015e+00
4.293249785752114578e-01 2.134810500248221832e+00 6.655137017703459668e-01 2.129866862276840855e+00
2.899202001575236221e+00 1.846140873259311199e+00 2.408353703512708943e+00 2.243813315805892827e+00
1.842295795081735355e+00 2.461748901978957349e+00 2.444660974698849909e+00 2.770549909169424119e+00
2.495767183423226676e+00 1.846691524268412987e+00 2.955919304528544789e+00 3.099439153625869192e+00
2.768851461951781889e+00 3.027408282728281996e+00 1.090145947417040517e+00 1.230598559027344052e+00
8.578775613602381833e-01 6.237177256704814488e-01 2.367907118561169699e-01 1.642513904930699153e+00
2.817580774584841574e+00 1.649991799644808799e+00 1.144487759344823274e-01 6.815011141557125729e-01
1.390801894339968925e+00 8.918112712826977706e-01 3.127240970026625710e+00 2.746789785220279612e+00
2.367409538763913801e+00 4.191303689963308821e-01 1.025929327406623681e+00 1.526751135444878393e+00
3.008265768784528227e+00 2.471628000500662115e+00 1.376641361693013765e+00 2.953903911657946413e+00
1.668810981003893357e+00 1.350005635612612220e+00 2.241051562937646402e+00 1.543637435091339105e+00
1.912189085198976235e+00 1.020810293899379273e+00 2.809476113290020560e+00 1.097330151584969160e+00
1.477567026306848108e+00 2.148961138403272297e+00 8.854080979124584472e-01 1.350255868620805710e+00
9.205986306092701632e-01 3.020991451695628438e+00 1.832812581126501250e+00 2.172185617725832962e+00
5.963111970937812201e-01 1.511207804735292815e-01 2.884432116855329409e-01 1.324471746317568588e+00
2.597360293676515663e+00 2.957622838100754326e+00 4.064001893669251797e-01 2.995375742238953976e+00
9.976176436835975103e-01 9.089846361188606005e-01 3.071397704700074560e-01 8.942753880247525378e-03
3.464101141054823363e-01 2.662598424887041126e+00 3.367544808246911714e-01 1.568339918862524884e+00
3.061972280688574632e-01 1.491895145105002207e+00 1.511472557596351018e+00 2.828803556592442980e+00
2.456047305493508581e+00 1.212680964615074686e+00 1.818874206488038769e+00 4.255810793305720985e-01
1.848711635525777941e-01 1.992270105041120454e+00 1.734361575192826299e+00 2.420951465900662569e+00
3.110699646860433543e+00 5.193641762009821861e-01 2.866492334227999539e+00 1.417660072620366085e+00
1.197842585763315482e+00 5.795055833701794751e-02 2.299928127376577702e+00 3.127515777498460547e+00
5.682798366243170252e-01 2.573584127088408113e+00 2.617391428787847474e+00 1.245216895371096255e+00
2.723495072652347471e+00 1.450702383166715626e+00 1.609881384410424054e+00 1.108206456254625660e+00
2.318906797175370738e+00 2.751036773745821673e+00 6.566304188679570331e-01 2.894517946889929139e+00
1.848710465100920963e+00 3.001700066903508990e+00 1.173294745269174433e+00 1.957024423050897965e+00
2.033825289834501504e+00 2.564760362047507680e+00 2.960136153608595500e+00 1.063767866232384618e+00
4.079166934723174598e-01 1.180118574499338768e+00 1.530812854373372556e+00 1.133881941911482727e+00
3.176064115297771995e-01 1.784901464098694879e+00 1.070997561258678621e+00 1.462468132829253697e+00
2.670322177423502641e+00 2.545925726835073899e+00 3.111156297443254726e+00 2.413676273374577796e+00
1.600061971828268814e-01 1.282774970536942005e+00 1.065553628342021275e+00 3.049524307181879390e+00
2.076319211702223111e+00 1.210961838896335907e+00 1.707132979440544318e+00 2.647099042698703109e+00
7.577954407132669878e-01 1.344913053969909178e-01 2.426859519322176695e+00 1.129600389846716180e+00
1.323856321336458031e+00 1.058015544971169231e+00 1.670119088510674810e-01 3.293567171676016758e-01
6.370874843579087399e-01 1.295563452255247716e+00 1.332626161213362526e+00 2.736386797281511907e+00
1.838896725702663160e+00 3.137654027546411761e+00 8.523761803586222818e-01 1.594123790541778884e+00
3.351771379504868698e-01 4.912356548402780909e-01 2.416356338852927443e+00 3.199395970783402432e-01
1.294129183553693441e+00 2.731566513719528633e+00 3.065630165959654096e+00 1.510596643850770970e+00
4.848053892980107582e-01 1.205393123467610739e+00 1.205940819446890355e+00 1.988426872025071512e+00
2.335223508680942750e+00 1.646946560445752494e+00 7.370987941288812406e-01 3.075951523586193392e-01
9.437946845624726189e-01 1.531867974285495482e+00 1.753323863729605803e+00 3.048725696629065673e+00
1.287377839489768361e+00 3.223776625218930381e-01 5.412114738715375628e-01 2.134805902907654485e+00
2.799860337651290276e+00 2.288192524684550477e+00 5.648495405445133066e-01 2.432319116815737647e+00
1.501466133442418693e-01 7.762173739575860543e-01 3.004248655513632293e+00 3.124774525641467182e+00
2.630168887439705561e+00 5.100612097766941133e-01 4.715590024302292460e-01 2.184555556759808059e+00
3.049211338403267746e+00 2.771269130914244982e+00 5.573091434034491698e-01 1.309077877292079473e+00
1.851713534736390887e+00 2.559471645056389466e+00 2.589651850442093450e-01 3.085624464190720229e+00
1.391940398316805938e+00 1.734063331929657670e+00 6.843188098402956943e-01 9.384444934298378227e-01
8.975196013081597757e-01 5.730538658877204483e-01 2.699050022595252951e+00 1.187042498765688903e+00
2.669632715845774662e+00 3.023638874841594326e+00 3.507654957846654264e-01 2.796229814251733004e+00
3.174837436640804422e-01 1.906644829367912242e-01 3.107129250005408405e+00 1.455489400415840295e+00
7.348326382666036105e-01 1.515282889829327351e+00 5.810900683480466622e-01 1.342577035851277856e+00
2.484110001639928011e+00 1.655129697448837645e+00 2.046831729989646131e+00 3.460670904380639956e-01
1.280519287718870025e+00 1.031099968684470625e+00 2.143334458982532720e+00 7.588271731569279366e-01
5.316837622151702192e-01 3.404134427549891373e-01 8.014503375478775338e-01 6.048126670118795234e-01
2.169369409650454994e+00 5.510284871083209746e-01 1.329039672988609588e+00 2.763664942362787702e+00
2.686571664050361186e+00 1.169390811322201351e+00 2.311536740651542576e+00 1.274407207060221481e+00
1.893040643006879131e-01 2.896981458993356906e+00 4.844634843705064586e-01 1.838629261338587284e+00
1.489762176379874958e+00 2.631192899856710454e+00 9.057946650351004214e-01 2.623405772692141369e+00
2.709093410938010038e+00 1.795677691489342420e+00 2.525543636416538895e+00 2.324550516630579100e+00
2.017562231988637933e+00 2.284500453714640500e+00 3.164682999116508744e-01 1.379832793171395844e+00
1.941907633804245359e+00 1.353851186495672598e+00 4.355448468988869226e-02 2.144623474612708414e+00
1.484280308721087405e+00 2.081610704580255482e-03 2.667296023679187833e+00 1.128813966416523373e-01
2.522263704602936585e+00 1.857189043266228134e+00 2.731891123718006131e+00 1.397769603286723727e+00
3.065826630925242213e+00 1.230074507530665606e+00 1.047837915125026997e+00 2.122249426743056666e-01
2.120205404550156381e+00 2.465672723633579033e-01 2.512825814235825739e+00 2.585740373340757792e+00
1.675021585598457596e+00 2.401948799519987077e+00 8.056326345416395807e-01 2.691530741315806718e+00
6.617514432494157051e-01 3.057085680053835963e-01 1.557910416139770993e+00 6.029731304432940364e-01
9.857273754637962959e-01 7.370189988391008251e-01 2.543605023632419915e+00 1.967445295099996105e+00
2.739259479480160575e+00 1.739938132846401864e+00 2.960284026234128341e+00 2.316705425566619070e+00
5.937832182361876265e-01 1.629760892791613180e+00 2.558240141771342735e+00 2.475799410627359975e+00
2.643534136544043900e+00 2.326443810075634833e+00 2.870461742299552643e+00 5.363545012573163184e-01
4.191375478045311631e-01 1.801931333085332154e+00 1.522217936463767241e-01 3.458393464234720271e-01
2.548464028653161684e+00 2.507430860081361956e+00 6.429420120854764109e-01 2.852775396352691395e+00
1.248293499067159695e+00 1.222851888829839417e+00 2.094637064029023055e+00 1.143378345254349691e-02
1.650600477457852433e+00 1.270490392571378413e+00 8.082998483128555067e-01 8.759807943318893564e-01
2.721395878775735078e+00 3.099998703284522872e+00 9.936151805193807474e-02 5.941075830279203551e-03
1.179227449885776657e+00 9.704299642991310870e-01 3.070057493027272155e+00 6.996854297695698222e-01
1.033988970238352234e+00 1.185000179969786016e+00 2.463955627748545263e-01 1.109332034455584148e+00
9.801465753184519514e-01 2.686511369273055561e+00 1.925575328239797379e+00 3.088222540249809356e+00
5.842030532437065826e-01 2.497854874004870496e+00 2.073431091083219435e+00 5.008196991691126199e-01
1.546425153861953117e+00 2.753660265657130179e-01 2.040241060828134501e+00 8.458002460415040558e-01
1.367481095865641372e+00 1.631517202614031437e+00 1.270835069624686176e+00 7.846216175970901485e-01
1.516043799631318301e+00 3.077172495864466395e+00 2.133546840571427072e+00 1.729445427852237760e+00
2.123283897392314323e-01 2.167621363248654287e+00 4.024767565917939383e-01 1.146615749609262158e+00
6.859102240488766933e-01 2.933903786487858767e+00 1.878943296810005603e-01 1.352276850120163187e+00
2.858310220447366490e+00 2.567673018545155728e+00 2.292181482100913215e+00 2.768590435895085244e-01
1.640571832890074910e+00 2.963378738916415678e+00 1.035576261874896264e+00 4.259606120849206978e-01
1.961663954206429583e+00 7.591044991534889874e-01 1.714581974200954373e-01 1.555520064127853486e+00
9.919091415072834872e-01 3.010212501616562619e-01 8.819500428896558386e-01 2.652630632114811426e+00
2.607533840112622681e+00 1.828031382526327464e+00 2.024613920686532342e+00 1.881872534061919788e+00
9.553668988215496816e-01 7.923966387783184517e-01 2.979168329832127871e+00 1.517507954318191521e+00
2.086732958098175494e+00 2.025987800495895996e+00 1.909838414597433198e+00 2.804228032360468692e+00
1.722553896357303271e+00 1.577085423740262948e+00 2.723636098465304745e+00 2.233427167403746694e+00
1.280962045887347855e+00 9.824165540758889037e-01 2.646890683714594461e-01 9.113021815903876721e-01
6.651435762821070186e-02 1.719244014842578494e+00 6.913398164021653525e-01 4.208052486515531099e-01
2.608545426031528613e+00 1.822588760550999387e+00 2.079766256543098824e-01 2.746260849319401842e+00
2.619753652398908006e+00 8.213730722394200212e-01 2.506050425967220718e+00 1.777579339450353846e+00
2.324253278280456581e+00 1.706868977173293001e+00 1.464391384215307124e+00 6.517910802577406848e-01
3.182357677145221664e-01 2.407316483426535925e+00 6.296471016131152121e-01 5.067607914387837198e-01
6.416907950480300604e-01 2.622918526137739903e+00 1.327512646458036016e+00 1.163024395822360724e+00
1.821817582410578007e+00 1.960619002496705177e+00 1.928705287095136223e+00 2.289722291025985346e+00
2.520439760135005258e+00 6.085670877894160391e-01 1.977996237354648468e+00 1.432660832599515488e-01
2.732847633459769998e+00 1.124078254594269799e+00 2.133131722973272471e+00 2.275442460792094668e+00
2.275358314502104573e+00 1.562751958841392730e+00 1.398554542016220648e+00 8.963489626174661051e-01
2.643708669650928655e+00 1.000209529208833770e+00 2.602740272635072349e-01 2.601250560140696777e+00
1.938324705675564807e+00 2.635974278822825756e+00 2.320730612748429955e+00 2.347308122650391127e+00
2.499021593197160662e+00 5.991268652065745437e-01 3.021242138717139092e+00 5.087930261754363137e-01
2.643374321301193319e+00 1.871539780994821323e+00 2.419953919940401210e+00 8.960812029203317763e-01
1.182294629162500277e+00 7.375330421976503681e-01 1.038858076704642697e+00 7.840924952104270929e-02
2.431405861906303478e+00 3.053317835775001932e+00 9.967521543636195247e-01 6.759769047158616928e-01
3.326340528300842370e-01 2.610332908356954196e+00 6.159536831928281303e-02 1.763984669171023700e+00
6.786786535746835991e-01 2.457704202430988083e+00 2.345963751696154898e+00 1.620867666335727098e+00
6.499467021457011606e-01 2.887155514485763685e+00 2.918652743539157157e+00 2.635804042036970607e+00
3.084873587069948631e+00 1.242217705266849270e+00 2.106730616869802175e-02 1.677615044767787111e+00
8.887543279625778059e-01 2.538572369158901498e+00 1.819313042629801869e+00 2.530815802464078335e+00
1.389531684779241827e+00 2.352185563821680703e-01 1.124450396547677089e+00 2.952847710983951490e+00
1.219612493002512732e+00 1.121980070570412158e+00 1.204670085957088244e+00 2.680415782591228702e+00
5.785190163365525606e-01 1.363393726318322452e+00 3.121002390652610536e+00 1.971309642055112832e+00
2.593492787895305796e+00 6.535825108836484931e-01 1.461544539902502660e+00 5.545359226815627096e-01
2.067779339238900338e+00 5.336049475143339604e-01 8.311683887164442730e-01 2.260020366590535179e+00
2.095647525393820043e+00 8.109167824467830021e-01 3.032032071573085297e+00 1.705323656454598824e+00
3.015095149854676748e+00 2.766260273554428384e+00 5.610491461950444236e-01 2.941961739970362366e+00
1.375573866500596543e+00 3.042666588283640561e+00 1.190811035736711432e+00 6.277767277358639042e-01
1.514455834844609994e+00 6.803683649405615208e-01 2.321040715840968716e+00 1.448175988370183687e+00
3.042217943969689031e+00 4.776671767066341112e-01 2.322783625771044136e+00 2.427865561922484261e+00
2.609906449185622090e+00 1.711828800913115067e+00 1.548908623335989221e+00 2.101906336267455710e+00
8.273958290412482264e-02 1.426937591287144036e+00 2.422023495561376194e+00 4.570727337485963049e-01
2.767493000150416993e+00 2.550342516213175426e+00 1.029316935158662849e+00 6.651186842838902047e-01
1.255425248771992797e+00 2.497217297541464376e+00 2.100703392545900439e+00 1.732920868106455625e+00
2.498148178710297707e+00 2.409325690884293270e+00 2.456728778257824430e+00 1.480530952418547486e+00
2.451992502451516565e+00 6.331145833033366976e-01 1.762270570487459498e+00 2.526337309899313155e+00
2.149631170990550899e+00 1.293380102469272375e+00 3.684869237884525472e-01 2.201994123064900499e+00
6.716040678657114738e-02 1.907696564322654664e+00 1.725833368098152132e+00 1.256276466288409055e-01
2.062158609031041312e+00 2.106634630921113693e+00 1.734559470137787551e+00 2.334797780852052806e+00
5.134161700650382576e-01 2.872324451032699955e+00 1.116778271191937177e+00 1.224850620657274847e-01
3.008972786938656441e+00 2.592225147513529837e+00 1.567300861129321765e+00 6.152998563090649187e-01
2.440258268572831124e+00 2.094330839306710157e+00 3.031136603166089571e+00 4.000684244194483430e-01
8.323831931330555323e-01 1.276382727334894662e+00 1.853382509801880573e+00 3.369277728272770389e-01
2.112935388156790051e+00 7.522444443636437938e-01 3.539499641962140508e-01 1.477677479959084827e+00
3.079847972401098311e+00 2.142893049608741496e+00 2.168122637785819595e+00 5.247995404369490968e-01
3.003417675925180053e+00 1.470361232681292929e+00 2.187497101623459894e+00 1.677779571925418711e+00
6.350204969292996271e-01 1.837284011846411769e+00 5.528748063074094832e-01 3.011530793404250339e+00
1.493048735845254882e+00 3.067501999497335596e+00 9.485280820300616700e-01 1.184346607995218958e+00
1.749569506517701489e+00 5.912205415876150560e-01 1.692830935781457491e+00 1.667099827650516897e+00
2.739640206048888693e+00 3.255315773028479853e-01 5.086730806656379889e-01 2.624248597296573671e+00
1.710697083369633553e+00 1.200050514026955728e+00 2.031402157654057739e+00 2.880724201317765298e-01
2.582514709211152226e+00 2.733376264624108654e+00 1.001395388456214786e+00 1.717511646498781630e+00
6.293551965633887857e-01 1.351836203499905409e+00 1.971859621592374046e+00 9.025550047595372327e-02
1.830813976411697297e+00 1.336425595741659755e+00 9.964091923318411925e-02 9.477268267037247673e-01
1.800173609452878187e+00 1.859251689987121425e+00 2.462156844657565902e+00 1.337455446428679640e+00
1.396283479972327546e-01 5.671885194475823067e-01 1.487303213061452523e+00 6.104403986190158893e-01
2.234618123381052701e+00 2.840673867667219410e-01 1.581784226586297137e+00 2.372396416902399441e+00
1.602861750712793354e+00 1.038780258593300809e+00 1.736568691040822898e+00 2.773091487466877947e+00
1.754582164566227842e+00 1.976518409213684768e-01 3.054147803594844834e+00 1.326298020370396236e+00
2.530224647438267027e+00 1.403953245569003361e+00 2.151820780411757283e+00 3.124705764710097977e+00
1.455076058140725714e-01 1.280608812158709586e+00 1.195381283877751111e+00 1.816959046543191070e+00
2.712803692774988118e+00 2.703514459000454284e+00 4.730744108928885416e-01 2.245234764284189666e+00
1.388123714862128599e+00 2.789196039768305546e+00 8.768524362592857724e-01 1.570436117457558733e+00
3.018984494455660972e+00 3.311635628865186032e-01 9.429633096247863611e-01 6.480967889781218405e-01
2.486624991938277240e+00 2.839821391314993448e+00 4.212500830990862366e-01 2.874093918170460782e+00
2.180066246182545520e+00 2.571924992370954177e-01 2.875463893592620224e-01 2.765288433809413249e+00
3.830638477598820035e-01 1.792062639069658958e-01 1.412433545955683600e+00 2.770698198813968727e+00
1.017955268302241700e+00 6.137309123526403232e-01 3.025084529282083157e+00 1.612467302695032911e+00
3.024998255030154404e+00 3.466672133346037632e-01 2.881091801044196821e+00 2.517057228022202775e+00
2.395058855351793081e+00 2.329878839541991375e+00 1.490811837555734432e+00 1.127651666443930889e+00
3.013071234315871649e+00 2.885694158212303240e+00 2.467589406910941641e+00 3.144943954943710263e-01
2.150267205109763768e+00 1.479360312101333008e+00 2.597154681988612435e+00 1.201377353523611635e+00
4.326262894090371347e-01 3.945116085944508355e-01 1.497631399391337492e+00 9.266639518376725837e-01
2.584817689436723076e-01 2.288896521564500297e+00 1.471465122846023599e+00 7.766379545015019703e-01
2.117979221833753645e+00 2.406467705905910304e+00 2.624352182466588523e+00 2.974152670542517196e+00
2.221907298480206294e-01 2.208518343767003511e+00 5.893174568562264959e-02 1.351738500516853625e+00
1.600559467107100620e+00 4.621214776631990540e-01 1.476163363698915987e+00 1.902238336515636563e+00
8.277036121868256435e-01 1.793588454656037889e+00 5.135594689740450303e-01 7.819116207405479857e-01
1.192266791915006507e+00 1.277283237492700341e+00 1.373753319262759121e+00 6.849895428495214045e-01
1.301186054709738915e+00 8.801367063652044964e-02 6.187464871164713998e-01 4.269097985503805814e-01
1.260906223013483762e+00 1.026292885849972469e+00 1.110942370471744572e-01 3.439456909509207017e-01
1.522563276436615043e+00 9.676119103887332873e-01 2.186135348341091689e+00 2.603315628815586535e+00
2.329601675218522794e-01 1.387781079211847013e+00 2.363387258723854689e+00 2.419014104529319642e+00
5.279186832278509600e-01 4.604919455352270430e-01 4.265286141461901992e-01 2.396652075038286700e+00
2.872556701979950500e+00 1.461485772965493146e-01 1.298088716809341348e+00 1.055209975859335847e+00
2.262081661409892863e+00 2.721797530057266101e+00 1.368268150124248628e+00 1.084525585982098139e+00
7.263562873115003704e-01 1.468272931539002624e+00 9.922646302338870017e-01 2.563092760097586353e+00
8.079153791316450173e-01 2.581255940000590776e+00 1.544975064786310304e+00 6.440929938338565974e-02
1.001950334250130137e+00 1.736563425832038599e+00 1.050978906998660589e+00 2.321888185730110354e+00
3.019001161261145594e-01 2.832711136449882705e+00 1.057916468954914979e+00 2.266701723147237502e+00
2.155612889771615581e+00 1.738432497094416052e+00 3.325322849072481768e-02 4.877368598783922149e-01
2.838147556661738236e+00 1.486120700443803067e+00 1.452436653693622626e+00 2.310745309538171810e+00
2.661718659473616633e+00 2.063064262929980686e+00 1.069358969051029229e+00 4.098911139632258616e-01
1.296676947824890735e+00 8.309388824817830477e-01 8.105073701308733725e-01 2.479760048196760991e+00
4.900425373869646967e-02 1.772507262486839430e+00 2.032259864414424078e-01 2.298301012593271686e+00
2.467761419318705407e+00 1.102743919960343932e+00 1.900652763653574606e+00 1.470056876736059115e+00
2.493552265683388391e+00 2.353803988838587546e+00 6.631672837710377300e-01 1.457408137127420122e+00
1.055080336373382943e+00 1.406101808234074380e+00 4.752494864696311661e-01 4.724947047646089748e-01
2.682195305885837211e+00 1.018613555369392465e+00 1.464984450101894931e+00 9.864971312548643789e-01
5.569896594965060288e-01 2.491946738373357562e+00 2.822997812040609400e+00 1.619531823659045022e+00
5.352313406770510262e-01 1.765430830918744309e+00 1.652480596638102650e+00 2.446279967427109625e+00
1.585277053093449462e+00 3.078889546749479678e+00 1.734630067489171035e+00 1.390369776859853967e+00
1.317680289350412037e+00 2.347434158780204783e+00 1.493785290326260728e+00 4.688266934689380161e-01
2.297709778745002485e+00 2.081538521283413434e+00 6.681437429173968656e-01 1.911896485312525318e+00
2.491903102527021741e+00 2.189227156418959375e+00 2.105001675822164131e+00 1.980088338007673476e+00
2.910060537428873495e+00 1.458443874448923649e+00 8.939542228237261634e-01 1.783106459900577478e+00
1.775619331696948855e+00 1.524382030076450789e+00 1.297731733218356664e+00 5.305287492083593515e-01
1.344774905893188599e+00 1.812857751191769839e+00 1.079324448649977009e-01 1.988059505868134680e-01
4.061051235259454661e-01 1.842058132901201128e+00 2.794475706013201943e+00 9.459858856477985078e-01
1.210543029498889339e-01 1.522540536765718766e+00 1.841121378817301091e+00 2.133975579660621680e+00
5.787429012190788841e-02 1.825172421050780924e+00 1.393845603036455216e+00 9.550887911821270837e-01
6.684420239137112141e-01 2.380027135838431174e-01 2.499199448000223533e+00 1.269901004503715791e+00
1.454328360326553549e+00 8.527270283220603764e-01 1.864712358049299468e+00 1.320607365885799300e+00
1.357368916937057746e+00 1.520536138933600845e-01 1.807499807964680905e+00 2.684199765670800097e+00
1.811944990726175320e+00 2.818921097628702022e+00 1.009828180531099795e+00 2.234500570268735498e+00
2.646665039102318762e+00 1.029182927123117430e+00 8.978501591581756758e-01 1.789669776436011661e+00
7.034396906621320777e-01 2.711172932355866649e+00 2.141579760331946858e+00 6.419186417096760522e-01
4.723097940118682891e-01 1.237420664511250212e+00 1.463754545934830009e+00 1.574596320276674122e-01
1.890302165366350540e+00 1.561093371326998769e+00 1.931298234814291082e+00 1.699810029264491096e+00
1.894246070818377703e+00 3.023036278540161437e+00 1.497685813228713414e+00 1.041493301317556464e+00
1.095946917155445011e+00 1.824018265173862563e+00 1.815643071198583369e+00 4.642172146069943328e-01
2.561388985122238893e+00 2.542550149353624001e+00 2.844888354733497771e+00 3.020376826179488106e+00
2.723021184809045536e+00 2.031263043118574974e+00 1.599534297654042980e+00 2.521741422825216183e+00
1.996440467110325967e+00 2.010945548591772880e+00 1.430905939635859880e+00 7.315175822794611760e-01
1.782382437356293536e+00 6.920085737283913907e-02 5.897544356042311309e-01 1.542523632187961402e+00
1.971519167685683582e+00 4.263488157147464763e-01 2.204738840533677635e+00 2.589454711021854649e+00
6.749575962610430135e-01 1.064879469321074357e+00 2.223794071183812004e+00 2.978647215313561247e+00
2.868894684371488424e+00 7.441123143345171886e-01 6.754228587081450019e-01 1.668081629920578512e+00
5.517002412532581168e-01 1.411338422575451279e+00 1.586112894297500020e+00 3.602454162849650365e-01
2.813439296746426344e+00 2.204808713042557322e+00 1.678104040718375378e+00 2.017467415377729445e+00
1.785027871242233610e+00 1.853430161179762559e+00 4.914426100735698189e-01 1.988696989393181180e+00
2.419432135165763942e+00 1.598474046993354492e+00 2.428350542596271922e+00 2.535627595665657985e+00
7.017301381833409568e-01 3.121626298369963859e+00 3.060335541682818850e+00 8.924083655956877026e-02
2.031480949536358160e+00 2.932604760381878339e+00 2.205991579757402565e+00 1.757867658139438127e+00
2.345716544726553110e+00 7.503717833178327190e-01 3.022509340851783577e+00 7.711755068974721072e-02
3.636422556494036673e-01 4.560194400087481115e-01 2.970754033378193437e+00 1.262392853733665721e+00
2.401793056390545633e+00 2.734647304226510478e+00 1.684281440013511544e+00 5.967668858944688015e-01
2.807807010769403533e+00 4.865551546464554344e-01 2.731550986903826139e+00 8.845756114521342584e-01
3.865751740453416407e-01 1.108739094755802457e+00 1.262606084483521851e+00 8.662462230954194320e-01
2.602526023086019880e+00 2.969518540326137934e+00 3.090444924829612194e+00 2.504684329341938742e+00
8.790638916717381512e-01 1.091097809714038691e+00 1.319791715596074555e+00 1.344135202734749290e+00
8.429830170705989723e-01 2.638604384179389584e+00 1.551557386208788913e-01 1.785435657603480442e+00
5.388834073156587579e-01 2.444988901894388444e+00 1.351267852281041515e+00 2.856909526101964136e+00
7.610739169155480432e-01 2.795571520040874419e-02 2.217964110557709922e+00 1.234123372301441979e+00
1.992960623747914051e+00 1.091591778047932726e+00 9.557375216552278507e-01 1.645204353671830155e+00
2.615808921711802792e+00 1.078440145656054616e+00 2.394802237285012514e-02 2.709246712759147968e-01
3.713383978243368078e-01 1.974577601286600759e+00 2.405822331125921920e+00 1.537774057173978637e+00
2.853866213025326171e-01 8.677357176878124356e-01 3.291698861295009326e-01 1.083836511460753771e+00
2.957450009768550103e+00 2.285891027682567689e+00 2.071851755370583525e+00 1.166385388205190443e+00
9.504980254637690473e-01 2.214279937564443745e+00 1.984150824777720423e+00 8.883142620808471834e-01
1.614091413807048903e-01 1.697343125650548235e+00 2.948800053702826496e+00 1.509637735647715306e+00
2.662759106819934107e+00 2.682055944548059401e+00 1.718876846257773261e+00 7.781005545905522736e-01
2.400298962911387335e+00 2.717202528884984591e+00 1.333566930050671395e+00 1.730199870103939386e+00
6.421418887174341616e-01 2.877416149539905543e+00 2.097225519459491316e+00 1.803044453817449710e+00
1.314920470276005782e+00 2.369848886058897097e+00 1.028322037150642521e+00 2.128897944287174937e+00
2.453486448514275775e+00 2.186840924297065669e+00 1.812433632733815858e-01 5.651151250890404931e-01
2.376826351500513357e-01 2.288447582066437391e+00 1.764543133272535202e+00 1.308311684692111232e+00
4.388300006950953125e-01 3.072476852167159933e+00 2.120463481527280258e+00 1.426571667675784028e+00
2.259846998055154099e+00 2.760527333141066908e+00 1.857554470267129831e+00 1.929496901749208737e+00
2.824999249232932996e+00 1.506454927822378442e+00 1.998004182618097646e+00 1.806979261605164311e+00
2.629644599705442509e+00 2.453371359333732293e+00 1.890280594724203622e+00 1.364107853260861924e+00
1.679569191101901948e+00 1.882816844434511028e+00 3.052572249275087746e+00 1.638124075788283784e+00
2.615837982646846971e+00 1.146572073018015336e+00 3.169552371682565761e-01 2.277077124954515863e+00
1.168211593560811501e+00 6.067862303049997158e-02 1.045549456682385303e+00 1.546347868796182690e+00
2.415018868725869794e+00 8.207383107080181706e-01 3.139122918564165587e+00 3.360042292577780643e-01
4.078753528381353077e-01 6.533047215856104817e-01 5.943931528555052024e-01 2.187713088640648174e+00
2.315986790781453752e+00 2.998536784369463692e+00 2.014686470917070427e+00 1.956503067774035154e+00
2.519823874275278097e+00 1.323173588870503403e+00 2.540608286926428150e+00 2.741304666581544591e+00
1.443767414118443559e+00 9.225123745912073847e-01 6.778232576902413209e-01 1.792788045100218497e+00
1.854804659047385007e+00 2.727422169025656373e+00 1.950745907489461084e+00 3.110348821171042555e-02
2.495676036136142972e+00 1.757708216442657401e+00 1.442876962578004241e+00 1.638430337257918312e+00
2.599482040878559275e+00 4.297964056060078475e-01 1.551165570575717467e+00 1.500685347434237427e+00
3.074510250552012103e+00 5.871731359526132232e-01 1.236034508719813241e+00 1.446235000056292463e+00
3.261236258230990614e-01 4.086162697140210409e-01 2.398565703260934767e-01 1.451605984676753502e+00
1.601837403797647053e+00 5.028020002017209444e-01 1.952509855465160538e+00 3.079249159005860825e+00
7.233397185914380856e-01 1.719722229587881956e-01 9.935058959500369102e-01 1.666877740550823939e+00
1.703208658667799913e+00 1.681303035748216601e+00 2.354099069309854908e+00 3.359075940784494452e-01
2.832071619842112753e+00 7.374866183201127523e-01 6.953040579042462088e-01 4.899486110154080976e-01
2.656101292034824812e+00 1.988044963273829957e+00 2.779817011020743855e+00 1.257620001752475902e+00
1.851381973276290394e+00 8.790503014292970763e-01 2.470174475763536215e+00 2.896181884327225120e+00
1.575614863469153581e+00 3.140431808592790919e+00 2.033579467232152105e+00 2.624684147150616376e+00
2.767658077516238713e+00 2.616581194245387820e+00 2.075040289180752617e-01 2.459495665150298382e+00
2.504744652790027448e+00 2.278042474717804744e+00 1.061260340265742785e+00 5.032535817437997494e-01
5.284549764891716128e-01 1.809176585825697403e+00 2.758835953317871681e+00 1.697374004654051208e-02
3.006637864541249705e+00 4.338887065240788488e-01 4.294315062210474765e-01 4.721121420028709381e-01
2.712146720290383062e+00 2.085654513532852139e+00 2.552026303390503292e-01 4.866172670831387936e-01
2.701135972151504472e+00 1.432450204612374822e+00 1.970995541690185870e+00 1.459687786704390255e+00
8.974004832953198507e-01 7.618649000133206894e-02 2.993767730258479087e+00 1.975485068147949441e+00
4.741445964153466752e-01 6.649614902282864337e-01 2.438833949198293993e+00 1.259847162648735308e+00
2.773581821733313024e+00 9.318943331295618249e-01 1.804612494451159233e+00 1.119330534322849457e+00
5.887078471249234113e-01 2.102942916565003095e+00 8.771113027006542939e-01 1.954312780865145927e+00
1.131011089051069396e-01 5.107622100205744253e-02 5.642161872057310790e-01 2.522944559542417142e+00
3.023422508112637797e+00 1.825164044448653655e+00 2.419783703312078593e+00 1.604135894487811465e+00
2.533524647462138457e+00 3.675958858874128765e-01 1.405699185360208991e+00 1.698440177879948942e+00
2.692781718079793940e+00 6.814478719782286475e-01 2.706396675689585418e+00 1.471821339362515690e+00
2.545242774315939815e+00 1.978952290536563297e+00 8.782216539229154018e-01 2.620660646854883868e+00
1.427391108570946754e+00 1.596346745057378724e+00 1.446222816366375064e+00 1.122471779080945975e+00
2.682626766277062647e+00 7.577703915467541851e-01 2.090262122736348260e+00 2.094071988609138568e+00
1.212923032111676847e+00 4.446176749174229892e-01 1.001347183817985931e+00 2.951689565209505428e+00
2.357754553012327392e+00 2.935439285814764876e-01 1.108308360425418249e+00 3.119724480522906074e+00
3.001825838244733369e+00 2.737430074523310886e+00 1.968562769167599535e+00 2.757871949810879464e+00
1.925727232355877838e+00 1.382720602065408144e+00 1.213125169736537279e+00 1.272601843176086822e+00
3.010040646396878294e+00 2.010713718327966359e-01 1.982368612747350323e+00 2.937050779213228324e+00
2.058071299795221076e+00 2.749325867629917930e+00 1.419615152486698451e+00 1.563090406590174508e+00
1.644798549882856786e+00 2.968345940635740199e+00 1.087353775551265445e+00 1.033327450591008390e+00
2.897968945274645769e+00 3.021832590440817867e+00 1.686216069656882866e+00 1.852037205897193228e+00
3.328873199213642775e-01 3.953355643558720267e-02 1.470375481001319651e+00 2.018453861408034733e+00
2.642884881231389649e+00 1.114578477079908758e+00 2.052402967989432891e+00 2.604604688055667694e+00
2.252239451793135228e+00 2.592361405512728645e+00 7.440253166818314723e-01 1.704326163907295966e+00
9.812039872007584096e-01 1.500665043452038772e+00 1.813369608957917212e+00 2.433845289033151449e+00
3.130476072052046810e+00 1.725786779070615840e+00 3.037272431590345878e+00 5.742275315530405155e-01
2.563242561786980844e-01 1.234760113689586047e+00 5.313252069628285890e-01 1.818985128458399769e+00
3.375682406021424664e-01 1.130872600818035645e+00 1.948462897013853112e+00 2.085280501928513108e-01
1.170267839730670945e+00 3.114016261793991491e-01 2.066897399555556625e+00 1.268753988205484795e+00
1.324905809471537799e+00 2.681100914313705008e+00 1.233961771117716211e+00 1.962146285666700907e+00
1.232298533528604745e+00 2.418130840542411342e+00 2.403167278019289199e+00 1.687945569733935169e+00
1.822848044095887188e+00 3.009101009167547858e+00 2.740140020412961341e+00 1.123966508563168487e+00
3.450741816379545024e-01 1.216537781571628285e+00 3.101106786345661614e+00 1.777503815121551201e+00
4.452002463991628356e-01 1.425437638082045488e+00 4.851450610117006845e-01 1.560249799967685203e+00
1.902827809333708542e+00 8.956423166744521547e-01 1.453056200558114019e+00 1.821326941399503907e+00
2.152224185067947437e-01 1.819690592762637227e-01 7.238506715225218047e-01 1.897916756679966399e+00
2.365833870338814204e+00 8.541205664023280297e-01 2.707384766195737313e-01 2.688265364844996327e-02
5.158006317748871083e-01 6.023121422064626751e-01 8.126316615882015482e-01 1.823879748844818294e-01
2.676406227776106039e+00 1.748979901750036703e+00 2.055520611967532663e+00 1.517390109420106103e+00
1.408881933566832334e+00 8.565139247423265711e-01 9.333975501053872748e-01 5.429322842439212593e-01
1.956889263022816072e+00 2.996272449685559280e+00 1.803447764649158458e+00 8.583313440823814311e-01
1.552055603956661534e+00 1.583482976354105842e+00 2.484440177766254809e+00 9.955189303357934172e-01
1.500391658319964128e+00 2.364872038213367667e+00 9.161203671212219124e-01 1.513733821384473544e+00
2.442907857935748162e+00 1.297583503155843143e+00 5.753403106948298262e-01 1.345513992469733244e+00
2.627014899154401117e+00 1.718842330847261568e+00 2.356493547725045712e+00 3.169995998697652112e-02
3.371470627744138082e-01 2.099709055577285710e+00 3.063379597628770323e+00 1.210322002278876763e+00
1.884217492058299470e+00 2.129980291422920669e+00 1.509225214035269547e+00 1.674674210398122698e+00
2.263716162111680141e+00 1.977937336708694982e+00 1.050451985079285944e+00 1.727927028375726204e+00
4.828222868017813529e-01 1.240414912415175985e+00 2.643860014522309676e+00 2.158867452866360725e+00
7.938638601767136205e-01 2.055607641892874149e+00 2.246579702310314008e+00 1.140315078153551820e+00
2.364059857952508281e+00 1.245564786299240417e-01 2.692023093780366860e+00 1.727199784466430799e-01
1.176547242534741633e+00 9.547938423168949029e-01 2.862786164244657705e+00 1.102098050096139703e+00
9.361316917966647777e-01 1.521095559486579374e+00 2.955163231899521570e+00 2.286821457193809248e+00
1.459001945368731068e+00 1.706601972595965355e+00 4.276017766419853983e-01 6.838220943245952865e-01
2.477373292330110388e+00 6.896460393925026855e-01 1.789453809816907937e+00 3.129276491981722308e-02
1.241447264638830150e+00 1.756475289651295846e+00 2.204971854184935243e+00 2.747485279426272520e+00
2.929083260300255454e+00 2.598694040082324186e+00 1.886984526087021052e+00 1.676591213017579740e+00
5.253023027199683614e-01 8.361627375193487755e-01 2.498353709015100677e+00 2.731555345799073997e+00
2.467797731668569805e-01 2.325367885590032380e+00 1.394352840087880629e+00 8.663265091690125486e-01
6.695955777991655644e-01 2.983210858271425625e+00 2.784900143890955970e+00 2.628251720075979847e+00
2.664700503942508902e+00 1.254434717279863776e+00 1.030481307766051735e+00 1.908520562716641944e+00
1.332742667812962134e+00 1.261546805740339616e+00 1.988811791951238916e+00 2.492943725770630614e+00
8.282043000340408301e-02 1.796706594584534189e+00 2.467482506498763328e+00 1.841168375113071853e+00
1.578194059592227250e+00 2.728939677687843179e+00 2.335446976309250466e+00 1.823018795580662044e+00
6.998393569743150966e-01 2.478297488453139685e+00 1.812739144634337940e+00 1.530821743660096157e+00
1.608199815478486894e+00 1.034559879604291410e+00 2.738977726448798222e+00 8.725135457838139041e-01
2.527445943515441495e+00 1.437090902249038349e+00 5.553652385581598905e-01 1.496391711581726680e+00
5.125471478907738243e-01 1.438050981175291509e+00 6.623193806622850177e-01 8.574475937055628938e-01
5.316764148060578732e-01 1.451435679901529330e+00 8.618332380608844101e-01 6.965474405908053668e-02
2.515035145949582329e+00 4.430376290308561671e-02 1.441488845472663982e+00 1.468158132428681650e+00
2.426102271813920463e+00 1.127790596681358393e-01 8.533838480180032660e-01 1.258965457583968384e+00
3.187099668358849835e-01 9.865182844135830242e-01 1.271813583383551549e+00 1.874811111721968182e-01
2.952900779606682846e+00 2.985200069501291686e+00 2.091787794290739522e-01 2.451305078205321841e+00
1.149460333650924371e+00 2.507569180229010097e+00 2.889876786272757681e+00 2.456646972515524663e+00
1.934550086069263264e-01 5.555835325176327055e-01 7.542273563395359703e-01 1.438308418756614193e+00
1.056808924123605831e+00 1.687795571298315256e+00 1.494372183322764558e+00 1.244947544218412805e+00
1.707579232582569828e+00 2.328115473045997419e+00 1.885604383230228054e+00 2.368116651527362837e+00
1.184638241528358948e+00 9.943546459202238230e-01 1.143009913627240026e+00 1.941764819185774371e+00
2.998926760278003645e+00 5.069344976518516122e-01 2.392648686076908060e+00 1.487664382575923705e+00
3.028672837213490787e+00 2.784379805149420850e+00 2.632735546816466488e-01 3.665028803964427428e-01
2.609349663337427572e+00 1.694010454440855185e+00 9.432300641584626666e-01 1.600678478367347335e+00
1.665778469388829564e+00 1.964368964799698913e+00 6.804306207648501692e-01 1.028795419927352350e+00
2.604680370519646626e+00 1.293778445132959254e+00 1.018663884301857614e+00 1.224969244722476258e+00
4.276633640061535541e-02 1.039883952420455504e+00 2.745156648096179097e+00 1.498484475458020659e+00
6.635858432053586276e-01 6.116481356076741704e-01 2.043201783097821966e+00 2.796839679698459591e+00
1.699211303855281852e+00 2.157899184234348955e-01 2.369897892202922574e+00 2.040743784453592280e+00
1.577310368063649104e+00 1.840809199857703859e+00 1.680247408665382913e+00 2.596411681017602113e+00
3.124099887773844841e+00 1.201441833714862906e+00 1.174659419398366156e+00 2.225365018990579369e+00
1.468307584502103191e+00 6.989709032219740825e-01 1.996117108267158713e+00 2.518754551713337175e+00
8.585190758425247370e-01 1.178066508131443202e+00 1.879522505447563718e+00 1.512188555641190479e+00
1.583847049083935588e+00 1.923982562161677290e+00 6.760272568177736474e-01 2.283157383594640155e+00
2.294415209791833998e+00 1.366619582148243417e+00 1.995587266621378975e+00 1.344681961791197367e+00
1.635407326557383634e+00 2.925546694633414546e+00 2.608518381425700472e+00 2.376700948528702728e+00
1.840949560183856359e+00 3.587884980167301285e-01 2.287784068544989946e+00 2.768033103323043864e+00
2.580774374461918264e+00 6.542274925233809713e-01 2.902745450736255783e+00 1.201803771401511289e+00
9.921888875452843370e-01 1.358624256909769235e-01 1.235269303477550595e+00 1.337969207889989409e+00
1.421553305850962845e+00 1.545491047917501248e+00 2.676203369331129345e+00 1.395326224885090838e+00
1.311552534345899135e+00 1.955649524365236980e+00 9.801689445084983410e-01 9.341844579123076420e-02
1.410851727549511381e+00 4.309215770577662918e-01 2.641106720573981104e+00 1.035817619213319496e+00
4.419240358227738419e-01 4.567560715740449639e-01 2.944722452650113453e+00 1.331213599334416520e+00
5.524337296308410306e-01 2.803866519737142848e+00 1.779765163511453530e+00 2.664766939423418357e+00
2.854340798374673582e+00 2.531573745435256040e+00 2.778257408294816155e+00 5.179684327447111603e-01
1.478228434799601976e+00 6.284565760758239472e-01 2.354158333180202511e+00 6.262906961588620147e-01
1.462982112587472239e+00 1.656677178058216793e+00 2.925139266966523710e+00 4.247916953075758784e-01
2.485326396897901358e+00 1.332542203942298942e+00 3.080341320658408932e+00 2.497149313485312661e+00
3.025120384258783712e+00 1.221787058743833754e+00 2.261190413674197153e+00 2.131063421453517126e+00
1.117325964054604048e+00 1.881636689687927744e-01 1.524708699156043679e+00 9.851378048815513377e-01
1.505816764532123542e-01 1.413016797755415332e+00 1.805409841450781983e+00 6.236953527581972079e-01
1.394302221377711204e-01 2.931889151857829390e+00 1.385089417491990327e-01 1.888630596583823040e+00
3.536170170494820075e-01 8.980562780127696598e-01 1.125395192264740496e+00 7.065927584650461002e-01
1.885623515610886480e+00 1.965359441291559373e+00 7.584780801798639560e-01 5.984541817761827170e-02
1.638855298930094184e-01 5.887061427333852848e-01 1.129414942755651019e+00 1.476736969229614393e+00
2.920793929870108663e+00 2.850057692308627821e+00 1.137295215576124230e+00 7.920352487222676041e-01
7.885271196260118520e-01 2.048604108817904557e+00 1.620849536756433507e+00 2.609958668831889650e+00
1.743718506574046589e+00 1.423293795020204699e+00 7.611212201405924693e-01 1.558402533338750340e+00
2.893874259177285246e+00 1.383185448559803188e+00 1.456598346608862338e+00 1.747685838960938209e+00
4.429924000599694267e-01 1.506155133756944764e+00 7.785930018596464164e-01 1.398973043235387514e-01
4.454973990777597037e-01 1.077786526067191775e-01 2.124225971874587948e+00 1.124269569225243570e+00
1.388656653043316425e+00 3.136002815582627612e+00 3.114065924760457627e+00 1.229863358643078393e-02
1.045806869814395412e+00 1.724712140312779196e+00 1.943017628222134974e+00 9.889694179394115103e-01
3.074822160516111680e+00 7.094759810878413786e-01 8.531962314844683259e-01 2.118827841962073855e+00
1.669378044076835210e-01 1.419339359299981451e+00 1.251086612210855487e+00 7.817749322062818029e-01
6.021241211722236364e-02 2.091760506323875557e+00 2.121256262246695279e+00 1.226353974800850344e-01
7.063929859947438716e-01 2.434439292233145480e+00 7.335355366460055704e-01 3.093852080616938061e+00
1.678516926849115798e+00 1.583379089994498390e+00 1.319241718969523802e+00 3.519743759885188839e-01
2.306931482936642741e+00 2.718606275264856542e+00 1.832542705596237997e+00 3.064698157770758158e+00
2.032769537067812937e+00 8.000655070568766236e-01 3.518834194442563845e-01 1.021374748124607601e+00
1.673930874290917359e+00 2.641916579593102110e+00 2.511034863962338104e+00 5.218447292252933467e-01
2.991849714739911945e-02 1.386549138269832726e+00 2.606513796306412001e+00 1.600373490682969677e-02
1.954794256848005451e+00 5.179150205896548842e-01 2.679177457630319115e+00 1.626359379673403049e+00
1.735226174782458441e+00 1.586471898745128450e-01 5.064655185418316385e-01 5.994044982050514836e-01
2.884608244691450274e+00 1.784552332604738778e+00 1.738830219854156534e+00 2.905826006831920605e+00
6.037048494768151308e-01 1.526253231962460877e+00 8.851778868779259790e-01 5.253565942068038064e-01
1.019218345172549611e+00 4.493945323959780969e-01 1.125744397345196823e+00 5.531224558815772685e-01
1.974376800265655207e+00 1.330197416650756637e+00 1.112828414471472849e+00 1.903988848890312724e+00
1.942773386717008055e+00 5.169430129983206834e-01 1.046815181554369145e+00 2.288736934081530450e+00
1.611641745250293578e+00 8.874687550803279645e-01 2.237509983713209305e+00 1.743022947138954226e+00
1.853323953102067767e+00 1.595023627751873896e+00 2.560804767763255718e+00 2.443283024555836569e+00
2.799549035145082243e+00 2.162451648797543147e+00 4.970242448785154865e-01 1.903551497267583326e+00
5.129952393598886662e-01 2.191343657961006386e+00 8.184140247595768081e-01 1.921020625608820698e+00
9.650898403323950048e-02 2.935863949349438506e+00 2.058406923111150144e-01 2.765215511067535381e+00
3.012381249237464864e+00 1.655669447808464367e+00 2.539832270791447577e+00 2.097986784699196861e+00
2.396238872694016198e-01 6.931643832674425632e-01 2.967744943521342105e+00 1.450844435469959448e+00
1.702998030423511278e+00 2.364363160423959831e-01 1.697380232158630431e+00 1.868021362906813849e-03
2.549548618656665600e+00 8.348879860825223487e-01 3.432527354642399275e-02 2.755688660699363357e+00
6.073187508363572240e-01 1.628015227709856294e+00 1.587631945570306957e+00 2.684282706831890852e+00
1.200211218632264210e+00 1.517642597946171401e+00 2.943077343252173073e+00 3.732781137296595775e-01
2.186721307895537869e+00 3.664139756377077783e-01 2.927357215673312307e+00 2.058489713764046325e+00
9.050627365680142811e-01 2.209080369361175578e+00 3.100308327042674339e+00 1.496778381061559582e+00
4.010007493516016264e-01 2.884146186469883855e+00 2.700307059095372164e+00 4.895147945270317269e-01
2.194267118138211625e+00 2.407814722136199848e+00 4.890335793929850849e-01 1.546175551236397494e+00
1.726215607527513018e+00 1.950990584632623204e+00 5.348068601871793781e-01 2.200048198816005218e+00
2.072191465072284355e+00 7.965245655452387608e-01 2.542252043724291699e+00 2.723543145578168456e+00
3.120428752467136135e+00 2.579475981669537288e-01 2.411465725654384773e+00 1.522325110858466779e+00
8.005682432793430336e-02 3.024934174545373278e+00 2.463872496311522831e+00 2.864828388003008541e+00
3.619361470862885177e-01 1.677762125083211986e+00 1.888771225478049542e+00 2.943360697247412450e+00
1.656802177705582357e+00 2.194077021798683358e+00 5.464810611970472021e-01 1.108162830210452476e+00
2.328469876087197132e+00 2.374383812929725224e+00 1.289490293649078412e+00 7.296241164597210282e-01
8.773033920499492266e-01 4.487319741942030205e-01 5.123919020295341076e-01 2.360449031173817769e+00
2.148727609197382371e+00 1.280143945425949559e+00 1.187977368975916825e-01 7.807926455331194449e-01
9.561932955574329318e-01 1.540931759049995575e+00 2.994191163027231539e+00 1.665128093833071476e-01
7.348307900392182512e-01 1.036658358378925948e+00 7.662745549881011531e-01 5.986716319287557209e-01
8.137604261607851441e-01 2.307317181987147969e-01 5.079672238536878659e-01 2.384334903275848738e+00
5.230461165104270949e-01 1.943029417367519329e+00 4.452976055650640919e-01 2.928576440219527566e+00
1.510363765866520769e+00 2.218870844458809000e+00 5.933149847406635757e-01 2.617277155996209803e+00
1.721023172791575240e+00 1.127940110969777310e+00 1.726892735988576844e+00 3.187134900866104847e-01
8.255518136140982399e-01 2.758420568307400345e+00 1.324683140691209848e+00 2.574442032004869763e+00
2.480384223007410238e+00 1.961234051134845835e+00 1.572926866768577625e+00 1.592311455210731752e-01
9.742893372372773975e-01 1.509267989822657752e+00 1.033745431471799314e+00 1.171570730693323403e+00
2.952711691046758347e+00 2.231703956523213073e+00 5.511662839333852926e-01 1.382495401305187332e+00
2.470968056544061930e+00 4.214172459362348633e-01 2.730977442638331532e+00 2.644394513433476313e+00
1.916574330049163999e+00 3.121556486702548927e+00 6.745544861698116179e-01 1.277076502278392534e+00
7.690200044224099196e-02 9.958828667041995653e-01 5.424969030248712187e-02 1.335390539410899136e+00
7.018051375664078328e-01 2.618278190125527427e+00 7.096260990312901473e-01 3.305152952126143573e-01
1.212587850795981748e+00 2.041353050678606618e+00 1.840486656204392668e+00 1.606276185174796201e+00
3.073670083760082328e+00 1.624139215075442122e+00 1.029995356733472978e+00 2.024987018993092747e+00
1.591266366679663369e-01 8.038829539062711804e-01 2.430711745664875245e+00 2.946515867743290329e+00
2.201393290537948744e+00 5.330283260801130796e-01 4.271519144347636354e-01 2.017551129975211577e+00
2.763691022633136263e-01 2.811836681676725735e+00 2.446703618659316959e+00 1.780723754720578755e+00
2.478686121980405499e+00 2.121960768690513088e+00 9.511686805346043772e-02 2.328806164121111522e+00
2.385180907433471997e+00 7.194415463881989048e-01 1.094724394481634278e+00 2.224734452000524776e+00
2.412088418634631193e+00 3.079786317138335505e+00 1.261531739822864484e+00 1.517158788443240258e-01
2.372271536483171683e+00 1.997762935865521117e+00 2.897506296297355455e+00 1.810860241101143853e+00
1.693700714952973696e+00 3.007965608099353094e+00 5.338954455214666162e-01 2.824852070059445719e+00
1.367545321145576809e+00 3.134535458213340675e+00 2.333943707286919855e-01 8.320110169640256015e-02
2.017155794859189388e+00 6.164658674063135946e-01 2.667582064179895074e+00 1.751594136729750506e+00
2.107398830756956443e+00 1.474968633297032872e+00 3.104092848957144657e+00 2.200967263349321801e+00
7.917415725201523147e-01 2.776229585114466936e+00 1.973838529983464207e+00 1.006256361165443813e+00
1.755446605582940522e+00 1.154176004388763666e+00 1.530962088666854903e+00 1.731362170763861119e+00
2.885554118488814712e+00 2.513588594698983325e+00 7.948265283152948779e-01 1.249423787996409629e+00
9.099906158722824712e-01 2.962657913359322825e-01 9.956751434962002323e-01 1.988759325448481219e+00
1.928419096653665621e+00 3.013195693386710783e+00 1.545409879967619249e+00 1.302783642515653373e+00
2.943677023033222984e+00 2.114607379932313513e+00 2.068321404051245427e+00 5.059678694737688165e-01
1.048583118967314265e+00 2.284500825040673977e+00 1.595147057613393704e+00 1.997879909975297963e+00
1.972325062973155241e+00 2.220803325009415907e+00 1.861139188744839190e+00 2.607643344708102884e+00
1.294759873063959343e+00 3.746402673460779709e-01 1.860046489569095796e+00 9.792150797832647191e-01
1.265884247797413709e+00 2.828413787091963449e+00 2.947958602560676322e+00 1.737528481012381887e+00
1.756260861527874972e+00 3.008520462160551467e+00 1.990981825763697755e+00 6.540263420382479431e-01
2.552032634025986457e+00 2.325127742643469997e+00 9.659599628363740864e-02 2.920637759940921896e+00
6.788751379077284653e-01 2.198861882501526921e+00 1.950648680495722376e+00 7.105588506783753200e-01
4.697560361394804707e-01 2.215434246007462971e+00 2.255530724581659818e+00 1.523407979993156802e+00
4.459254789196297475e-01 1.980353135159683253e+00 6.879781877354785857e-01 1.509493813999882805e+00
2.983191809174555509e+00 4.249220173426175307e-01 2.221277739853531052e+00 3.129513599838067872e+00
1.139457379769576395e+00 2.634377357862323077e+00 8.118901917289432502e-02 2.612978005842774287e+00
2.835702860657762781e+00 1.514482000842959808e+00 3.083087615438993012e+00 1.873137826068412393e+00
1.928774055063647852e+00 2.544325843800907094e+00 2.578422837853254768e-01 8.286826310889716662e-01
8.709207238023590758e-01 1.160319258712502855e+00 2.404443245599744650e+00 1.683587250371850086e+00
1.149123596183246665e+00 1.144840317001107471e-01 1.720823220673542986e+00 3.106725919513550149e+00
1.059441930239551688e+00 1.013592651780822695e+00 2.432427709663357446e-02 1.951524075791526869e+00
2.415916172569644860e-01 3.053557842610817641e+00 1.888064781503528966e+00 1.230110171844381872e+00
5.679855847608918928e-01 1.986563388875606462e+00 1.312163613418005692e+00 1.937507415204757333e+00
3.092755979561891522e+00 3.086008214343571865e+00 4.158727049731028025e-01 2.063266504687376823e+00
1.414363452160475321e+00 4.033472848121851806e-01 2.945042045267947994e+00 2.843372393247902252e+00
5.884387906484538355e-01 2.275580191934645669e+00 3.079150622506676704e+00 2.297611081423133861e+00
2.562412664381573002e+00 2.637992644478264648e+00 1.930545227751480075e+00 1.317208638583196256e+00
2.040510396036084195e+00 2.260479192637781409e+00 2.622965431243290402e-01 1.544336604889149811e+00
4.503917014041827205e-01 2.075629333960453682e+00 5.014514390558656443e-01 1.506161939760892077e+00
1.004600586504722282e+00 2.873005870915309679e+00 2.271925534527469148e-01 1.242464692275671689e+00
1.794541353883436052e+00 1.825276440322729232e-01 1.416498126506132049e+00 1.273405522007056589e+00
3.027066338848809934e+00 1.898984248036855282e+00 1.476724120615221514e+00 1.914481264501334712e+00
2.793440974746049577e+00 3.433069721607022173e-01 1.824562765947175258e+00 1.054363793368802815e+00
1.827375701378705530e+00 7.990961258741748896e-01 1.810643474663942820e+00 2.297306854889165084e+00
1.541532620264967068e+00 2.358008132684299984e-01 2.417437428984263725e+00 3.121688189650300149e+00
6.563152535952969657e-01 5.262462120573484503e-01 4.438228026037520091e-01 1.092940891677841142e+00
6.590698722626138206e-01 9.108015408316393335e-01 3.833224965989107669e-01 1.794646757571255247e+00
3.100081725826120849e+00 1.530461644885906747e+00 1.867398578509866569e+00 1.216084326016962036e+00
1.972135422207987654e+00 7.914962046088719338e-01 1.236259023636135046e+00 3.054140109667139669e+00
7.456453901335142742e-01 2.343598056739452762e+00 1.913085357408913945e+00 5.230464776695653573e-01
1.331627856745942973e+00 3.000317129463899501e+00 1.475659471998771677e+00 1.063456832573911992e+00
2.903242753912637752e+00 1.089385560187023039e+00 3.039142615849624640e+00 2.884698697284498348e+00
1.124041060371273382e+00 1.742823346846529731e+00 1.069532340095581846e+00 2.597498566013943577e+00
1.389217633683655029e+00 1.146937896220884268e+00 2.949633869345989812e+00 2.422241129141576188e+00
2.704683750747974846e-01 1.624799566973819553e+00 9.428033130475879098e-01 1.365496828073057056e+00
1.653888842777714752e+00 6.622658764803146525e-01 1.039548696907997893e+00 6.999950806037660289e-01
1.775352586960069035e+00 2.305348256871412538e+00 5.099019605873538197e-01 2.548385354856432361e+00
1.659520214596733378e+00 7.355547630409781101e-01 3.657343291651818373e-01 4.194596690883314327e-01
1.853966451431906970e+00 2.364263367566336704e+00 1.475665457289628280e-01 5.482793728299365510e-01
2.354201199719374582e+00 7.548429700873314774e-01 2.274891000504309702e+00 5.057405193417028322e-01
6.572647784022091211e-02 2.959202000558886603e+00 4.843386764102510650e-02 1.863833915043461298e+00
1.577370889683550104e+00 1.543448997436260850e-01 3.001812380861314938e-02 3.680786935259696691e-01
1.680316378032850055e-01 1.890856409939863481e+00 3.082548473355931851e+00 2.503135077489309968e+00
3.437331608076936718e-01 1.549076372099719379e+00 4.308637678518922876e-01 1.694201574949229627e+00
1.557486976842869630e+00 1.454666326555380307e+00 2.081183021076316031e+00 2.303067580529008396e+00
6.758882975231372825e-01 2.189322365776493307e+00 1.819313162156199315e+00 2.846527826476498713e-01
6.090274447708506900e-01 9.139705904932056146e-01 2.930209368236414758e+00 6.145436104457095983e-01
5.507223562537970629e-01 2.986037226607562101e+00 7.247880049291383076e-01 1.990905881281063827e+00
1.497158505455165267e+00 4.427645063708636752e-01 4.718888530473820397e-01 1.455315145322490233e-02
1.092118890093705552e+00 1.238718884497111095e+00 1.435709922283929796e+00 1.282577468451884917e+00
2.352241927293132751e+00 1.045772766048139069e+00 2.794662828644771668e+00 3.121274526766537161e+00
2.972263905507095960e-01 2.084049465183408500e+00 4.718934178441892002e-01 9.256542411140533666e-01
1.556339122368215255e+00 1.778194335581623653e+00 2.431033950680422606e+00 3.059041152346115844e-01
2.063393179846264580e+00 1.826287773589981178e+00 5.439095740406889590e-01 2.830649736042191833e+00
8.288200417942530596e-01 1.416794269549490171e+00 2.763007914887896099e-01 7.211134999395195644e-01
2.295158953529373991e-01 2.856841742010551410e+00 1.323644620318315868e+00 5.370772409139360493e-01
1.777680349179489250e+00 2.134028443122081065e+00 1.723436960865936340e+00 2.223897841812697340e+00
9.969938780924053612e-01 9.687501198677177516e-01 2.039903870372132833e+00 5.906081302711995162e-01
9.559319093781698529e-01 2.008186525113582643e+00 1.822267376800889016e+00 9.301835409534291443e-01
2.859128412272947450e+00 2.607189129963757956e+00 1.834690127395025794e+00 1.011611974763509725e+00
2.434448305218487985e+00 2.345299665772920150e+00 9.018753391739473546e-01 2.829082898022550641e+00
2.010856417850622468e-01 1.423463437806352649e+00 2.211150925383484012e+00 8.653705464509464651e-01
2.218691314461860298e-01 1.436497219112777168e+00 2.859204488238363151e+00 2.772141883904308379e+00
2.671728606182089960e-01 2.092976350217429449e+00 1.270735604785051986e+00 2.287640592955953789e+00
9.047696760656912529e-01 2.151243847862401193e+00 2.097729354521805423e+00 1.410728499050711848e+00
1.609288063008692093e+00 1.595784092944718680e+00 1.893509447232929910e+00 2.808084773993970717e+00
1.619612188178497503e+00 2.055689568220390395e+00 1.479119083190201522e-01 6.634671539091593351e-01
7.928658087808923005e-01 1.926831308639610496e+00 2.439148180736806226e-01 2.308548613429556529e+00
2.237715942420698045e+00 2.875107176322694080e+00 2.606171182131487019e+00 2.135807836421263595e+00
5.616712374950892928e-01 9.800396883529270686e-02 2.368724183988517584e+00 1.614279189654662439e+00
1.663645812813489666e+00 2.547893268895387031e+00 1.491506513186535432e-01 1.340252497174296620e+00
1.551798563616399340e+00 3.235498896538593905e-01 3.054398467049042609e-01 1.366444289357258590e+00
2.720742578091216668e+00 2.551996973890881648e+00 2.179650714755600127e+00 1.998242406773615309e+00
1.957087807606547880e+00 3.131589033263562971e+00 1.373782546906312740e+00 2.038122924641459388e+00
1.618311346341825718e+00 2.903805146913680968e+00 2.547529405588599527e+00 2.128943703466774195e+00
1.050588493822785380e-01 4.061584560899088592e-01 2.723776179819846099e+00 1.428779571367365442e+00
1.204134844184826525e+00 2.867342860473007349e+00 4.445264631839674352e-01 2.701514709798498171e+00
1.433052133805746475e+00 4.378830875012177382e-01 3.104356862783780979e+00 1.411202726285462505e+00
3.624641181297772463e-01 1.388481710950996151e+00 1.113773379469688574e-01 2.104335443238169567e+00
2.016790302142644542e+00 4.199311490170954397e-01 7.395362971241251637e-01 2.805684557663384648e+00
2.494213763362411740e+00 1.633301158299349742e+00 4.728246676349535105e-01 2.591960276455147927e+00
2.296886185838209471e+00 2.938346076962239817e+00 1.686897015607007333e-01 1.766047084985472360e+00
1.229527563233174525e-01 1.342658843268832225e+00 2.269231484124886400e+00 1.677652497167291701e+00
2.195639768094136635e+00 1.973133067735332924e+00 1.748247472624208321e+00 1.775659289854278011e+00
3.032695850004439642e+00 2.649985035545729062e+00 5.035081102192404678e-01 8.800876801901545976e-01
9.712476555832434411e-01 1.053296640634306502e+00 1.625994299922178365e+00 5.966560704104603152e-01
2.949674790004431557e+00 1.635000753011040420e+00 1.728895449497270531e-01 2.471681998567316185e+00
2.688336330347062209e+00 4.934230896646884523e-01 1.407408771982517459e+00 1.717415737104044382e+00
1.596677134229286477e+00 1.185406937418896467e+00 2.713849417122700114e+00 2.596669914867664630e+00
2.493303328717090539e-01 2.993284532753618166e+00 1.255973973545157163e+00 2.365491105842004060e+00
2.601507049148894080e+00 2.579883613670562070e+00 2.429492086796838368e+00 1.890905584750796953e+00
2.721623539973478056e+00 7.125266969134314010e-02 2.681295246429283630e+00 1.482297477508201844e+00
2.564962226027403869e+00 5.966844452741444371e-01 1.248435447153651845e+00 2.003743253798095925e+00
3.051207370792259344e+00 9.996758116379762527e-01 3.090605561975589666e+00 1.079788524611080547e+00
1.289956381833089472e+00 1.763639714868320940e+00 2.663823574682117279e+00 9.746754402532512573e-01
2.367440064039171954e+00 4.749839704316046740e-01 9.593248194812192819e-01 8.666840533390742785e-01
1.905095203749496369e+00 1.726345708889913677e+00 5.731828658790200093e-01 2.352912182050941603e-01
1.532640595954933849e+00 2.329270483923910007e+00 1.088561996844180868e+00 2.775482961741109644e+00
2.143486004580289706e+00 2.617868481011262460e+00 2.446548274904523534e+00 1.384896006807676549e+00
6.384790036214716968e-01 1.414452295165914419e+00 2.021616023553152175e+00 2.546917046199817403e+00
2.708122465231468379e+00 1.535262438139767038e+00 1.879996304848669197e+00 1.902281504128959577e+00
2.538643868506071044e+00 5.245500907968461135e-01 1.684388746098959277e+00 3.070195415091881763e+00
8.775005737642331827e-01 6.612564271156285978e-01 2.541519189000270629e+00 1.628940074162884777e+00
1.379463494405003043e+00 2.022645820705283093e+00 2.587637096417296778e-01 5.471742398995266266e-01
1.916684029902033237e-01 2.638980639480461576e+00 2.095451970954184340e+00 2.292380269547597216e+00
7.956684668409555461e-02 5.577699528274556728e-01 1.487037833098683981e+00 2.326943566200662339e+00
9.289118014265401735e-01 2.098434154426422893e+00 1.507255348172023224e+00 2.812138935962710473e+00
1.716463702299040994e+00 6.149091527316297157e-01 9.324521489963000231e-02 2.515795868451879080e+00
1.591300731127300860e+00 3.108785730969093830e+00 3.413244261411142455e-01 1.506056895456548750e+00
2.203239794032844312e+00 1.941612191222462647e-01 2.839600250636967527e+00 1.683626041690358122e+00
1.781778280088780697e+00 2.852456089930500926e+00 4.004428139014168941e-01 1.014942393067171933e+00
8.123906457035356965e-01 5.938293259752205344e-01 2.082818717830748234e+00 2.396897186594949769e+00
7.514029695237591788e-01 2.735235603478937128e-01 1.011385339137734984e+00 8.170579102551566164e-01
1.168005021928490567e-01 3.020619630338517325e+00 2.191100673075685901e+00 5.338305184023615091e-01
3.114434144349104372e+00 1.405667562240522139e+00 6.629590527905634412e-01 1.210494009512006919e+00
2.527437395904254203e+00 1.595680168587297887e+00 1.567016041288816997e+00 2.877382118918465626e+00
2.058311732203956055e-03 1.048655696991832142e+00 1.778072546930276943e+00 1.665864335436116228e+00
1.696743153462732412e+00 2.260520410186415585e+00 3.703267328779763501e-01 1.980826500238261456e+00
1.497059758438639587e+00 3.068678359074148432e-01 2.780269453255454160e+00 1.725139568491034003e+00
1.962863413952884661e+00 1.595025128685425120e+00 3.129585281979837763e+00 7.574285781437440912e-01
2.511835307932674510e+00 7.488316065066635829e-01 2.645884042339981423e+00 1.846258999311350291e+00
3.129718142693721283e+00 2.523984250481357883e+00 8.458843763904992930e-01 1.115768874288861623e+00
2.126625352651568157e+00 9.614611016803269461e-01 1.339306128307042598e-01 6.936484842601112755e-01
1.509230970619872325e+00 2.517885295151375047e+00 2.913780560451362245e+00 5.466440802497884999e-01
1.809085485555042561e-01 2.845373553539862765e+00 2.501570302978911808e+00 9.577292068704819084e-01
1.916379184694771975e+00 1.290715043228814363e+00 7.975185178741994729e-01 3.038218241258639818e+00
1.603611748743109411e+00 2.475454997328156548e+00 1.578472403930893386e-01 2.090230296259533826e+00
2.357316710740479770e+00 1.410330029948298147e+00 9.572204003354567448e-01 1.675088545363932813e+00
2.021298309828669648e+00 1.157183822624324510e+00 3.037806178499055321e+00 4.804490279794350061e-01
1.125138688511830187e+00 1.063439344351899241e+00 1.046236210371634723e+00 2.597450907950331622e+00
6.161604646813401143e-01 2.622253287980949477e+00 2.098402993772862324e+00 2.974527358506240393e+00
2.292894075634321016e+00 1.229633595186520933e+00 1.646573138437539718e+00 1.702242576666027407e+00
2.602275090511714239e+00 2.734651072591438137e+00 4.966927969678835431e-01 2.605004218893493650e+00
2.018613501144271627e+00 2.718577771759490780e+00 1.867913014783375125e+00 2.734574050422677871e+00
4.803355210109617746e-01 8.397963363141943693e-01 9.709102726164592356e-01 1.842649167900547447e+00
1.936429920561561380e+00 2.763873654043051520e+00 1.092594256665735175e+00 2.357301177938836645e+00
2.226329229505220386e+00 1.890678169852687829e-01 2.153552755052781098e+00 1.394594119064191284e+00
8.812333541889781907e-01 1.958546177424670409e+00 2.643814038684126011e+00 2.035024807035609395e+00
3.111134439520445660e+00 2.983975780034623937e-01 2.258976816130298104e+00 1.983218396219595503e+00
2.547557357021424718e+00 2.891063792853017511e-01 4.542637378966367656e-01 2.405674664948899810e+00
4.662498187581455289e-01 2.528303719284994422e+00 4.241717375363574516e-01 8.421710224963441238e-01
1.491822439537574541e+00 2.899016868392897628e+00 2.361866083552994697e-02 1.190978041978084434e+00
2.486817780170029468e-01 1.254539810780270770e+00 2.947721067955320962e+00 1.805913604602925604e+00
1.824608560782876587e+00 2.737451903616913373e+00 9.222182991866105795e-01 5.358490662328683207e-01
3.083417600043556472e+00 1.782021412570091501e+00 2.633278864444380751e+00 4.778884975129356616e-01
5.208192828815927378e-01 3.584819701662421143e-01 2.545587251768099524e+00 2.044184419417992782e+00
2.903325666303139041e+00 7.966401417753770087e-01 2.349762908494644531e+00 1.414528185013859352e+00
5.697622657506010713e-01 1.432346134422813888e+00 1.016834001845386304e+00 6.367715629951704870e-02
3.631288818637589122e-01 5.870952013103682976e-01 1.255040711974348300e+00 8.313368816924583682e-02
1.806977542197099329e-01 2.827482366882952292e+00 1.504926074127955760e+00 2.969891976393699284e+00
2.559369046017484273e+00 1.689523837794832284e+00 1.108900621200386460e+00 1.037138590740293687e+00
2.822516985842535853e-01 2.575817624595345467e+00 8.778171087416338780e-01 9.250235290682035094e-01
6.611324451875807973e-02 2.109626073390308942e+00 5.251811205139583771e-01 7.011923502549046727e-01
2.366485423197490778e+00 2.215539639587626120e+00 1.688322746298997590e+00 1.227717142451892229e+00
1.101077428947926151e+00 2.158969066649931712e+00 2.948413928590708277e+00 1.272971220226455813e+00
2.582250746796610930e+00 1.041702721647070229e+00 2.306704441229694424e+00 1.296151016608439788e+00
1.194775107366198519e+00 5.295976685045561405e-01 4.850268020324262075e-01 8.336440189917846411e-01
2.081958219965000190e+00 3.864680115448927422e-01 7.120423688311242061e-02 1.877595454599464642e+00
3.086409181877364016e+00 1.522893446820744456e+00 2.729983276625671973e+00 1.403034555356279078e+00
8.250140656648848880e-01 1.219384757666688524e+00 2.336093668523841593e+00 3.483962715306606617e-01
5.608308164193769318e-01 2.613932270863908336e+00 2.185676363652875764e+00 2.123874165200017927e+00
1.478150671601571320e+00 1.693555976174528022e+00 8.031398613862706926e-01 2.057153983519694196e-01
1.276205541697913726e-01 4.179889017085386405e-01 1.935657014326240155e+00 9.818031965321906140e-01
2.433481374882730641e+00 5.505713687765244613e-01 2.662329403521682902e+00 9.155764562985844179e-01
7.395686147591389314e-01 4.397398018862423985e-01 5.421507568218014717e-01 3.274793098703122907e-02
2.374915035196864199e+00 2.990293874199075219e+00 2.877757160704571771e+00 2.079433526840456459e+00
5.839707222617072091e-01 1.888074522296278257e+00 6.143600608322052209e-02 2.547992751724042826e+00
2.548245589696363389e+00 1.642975430029368633e+00 1.802717907083798643e+00 2.999453720562813785e+00
1.413847999768029218e-01 1.429305601528948699e+00 5.246750595756201063e-01 2.295407259068548367e+00
8.415030417187213674e-01 1.733792648359812949e+00 2.290082051527622120e+00 2.156135174069369498e+00
2.102056236404167944e+00 3.123361681367448295e+00 2.247917878585494744e+00 2.799622660078481484e+00
7.704194084226841932e-01 6.732040174899823759e-01 5.201487794474787263e-01 2.461893978570691033e+00
4.838407459165354751e-01 1.408338508330017724e+00 2.312008647941337980e+00 1.999969666156695913e+00
1.221564158911897957e+00 3.136924465468768020e+00 1.053021656377254089e+00 1.146749459279677197e+00
1.581005346816838131e+00 3.279593524776637792e-01 1.718642468482895147e+00 2.274150923852300554e+00
2.641906583078933446e-01 2.977876466350023232e+00 7.197812548770705643e-01 1.732967258325007309e+00
2.610777162332575063e+00 6.633141636333755864e-01 3.120963577802107758e-01 1.232234362958174900e+00
3.011150088995052099e-01 1.876890324541425681e+00 2.374433004672504399e+00 2.286091631365628762e-01
2.809730228805984886e+00 2.308212123380240399e+00 5.173708197234013761e-01 2.771796305910407821e-01
2.937422587537275920e+00 7.738757771447242195e-01 1.221294668189472077e+00 3.167794908857384656e-02
2.531248481537133888e+00 2.232761936597035035e+00 1.267092903282683647e+00 5.479008764020792260e-02
3.783404165541572883e-01 2.689619166619654056e+00 7.828229332404917917e-01 8.731960117040465930e-01
1.837490609936477393e+00 7.987170928311064788e-01 1.731909941002085729e+00 2.870248767273565704e+00
2.910666571645014855e+00 1.938927321736700682e+00 4.226951388115738339e-01 6.356332097532093606e-01
1.440720796330524633e+00 1.754305843155640421e+00 3.083360608559281291e-01 2.241416337396632041e+00
1.903111027285635748e+00 1.969688820150468533e+00 3.106477032007956218e+00 2.525923921045709175e+00
1.737156702553420029e+00 5.172405325362555706e-01 2.048111997074558488e+00 2.177035843512854285e+00
7.654353886380040883e-01 2.713630919454735821e-02 3.500462130381448156e-01 7.359844960776447120e-01
2.422935566733868562e+00 8.059952258993097196e-01 2.987245855408707240e-01 1.347542746827816718e+00
2.048444744135755169e+00 2.183855888903650566e+00 3.028568356367453696e+00 1.765612469889081160e+00
2.958793585294148709e+00 1.227583441955625743e+00 2.094258059005121630e+00 2.751569244440519313e-01
2.983406867377892402e-01 2.957740744159333968e+00 2.902521073546452168e+00 4.149923956892799803e-01
2.251020840078893581e+00 7.171457081737718786e-01 6.548055339568777944e-01 2.857594397746284987e+00
2.368655633568468311e+00 1.807459768987281112e+00 8.076665835569756258e-01 5.317754333839992409e-01
1.793300253529697574e+00 2.269763193437561277e+00 1.096695064979922085e+00 2.806131768249545022e+00
1.257309426230796223e+00 8.037093821746129629e-01 2.323320778165898659e+00 3.113758274808752780e-01
2.809547695206879414e+00 5.301111598043265483e-01 2.555899967789687643e+00 2.490261822094937294e+00
1.127943363381237463e+00 2.943787772076829068e+00 2.906772722392451769e+00 1.668033998496826209e+00
9.839356879157643565e-01 2.342665819790247017e+00 2.862231535961063500e+00 2.808981022268697725e+00
2.609835103986534843e+00 1.952193365846135009e+00 1.972947187500529997e+00 4.076686594935421959e-01
2.785458468099610840e+00 3.098629285750003515e+00 1.760948235662234129e+00 2.962768009657570367e+00
2.999358418499372902e+00 2.585580938945988283e+00 2.508806016518077553e-01 2.821984225817357750e+00
8.905344905068982575e-01 9.172491995392493269e-01 2.232459065235372186e+00 5.769202357659373170e-01
1.540174624165904893e+00 2.991124736922682104e+00 7.029006430122282101e-01 1.885233899536499669e+00
1.895254237384840001e+00 1.283811305400483604e+00 1.615092247933768599e+00 1.562561589191276745e+00
3.123245085961157130e+00 5.420197578337490052e-01 1.846801805577737099e+00 1.625454186484234453e+00
9.228674331945078135e-01 1.685348932822071877e+00 1.506827163268414038e+00 6.537012042175812665e-01
4.818207461683138293e-01 1.258899723319528263e+00 1.215081288073637023e+00 1.630635874294389387e+00
1.512166602599982701e+00 1.932113293693588751e+00 2.547020389377621985e+00 6.421075061620483693e-01
1.615251799842414959e+00 1.611282440403222438e+00 1.971694357932735286e+00 2.327796492857528765e+00
2.060977354884288903e+00 1.349251449083470167e+00 1.592155358383594788e+00 1.732707436913065058e+00
6.783670096160594465e-01 2.797465592982698368e+00 1.026954403449658937e+00 1.507157519198928153e+00
1.242111424301002964e+00 2.480363167973638649e+00 1.607603780117070835e+00 1.426278051110837275e+00
2.160951893280416591e+00 3.074604357446943936e+00 2.763534747198144181e+00 2.690961741249930927e+00
2.556624195425918900e-01 6.049615749568575396e-01 1.715343036526087994e+00 2.760287570687757874e+00
2.659881378022971976e+00 4.053257926961442714e-01 2.887591878836722525e+00 1.348423141900666256e+00
1.567461824013953731e+00 2.282076215610178593e+00 1.348066259145090040e+00 2.562445324459149187e+00
2.180778586140200481e+00 2.093445095334642403e+00 2.270151804028401887e+00 9.819454130567137895e-01
5.607963862885070316e-01 2.490655046131514450e+00 1.950080486485879172e+00 7.362218768896849203e-03
2.543577333083039349e+00 1.155237050616531480e+00 8.933063418130658961e-01 4.807693025370256001e-01
2.477669223868945725e+00 1.805037864468590492e+00 1.190140642747067767e+00 2.884386358580583565e+00
2.114575188446375709e+00 2.954220179678598512e+00 2.652406876881987507e+00 1.784415608894552863e+00
8.659552834951668165e-01 1.048954579379076435e+00 9.686458513544407012e-01 2.819495019512642919e+00
1.877384249716297360e+00 1.949025298766280168e+00 1.845705332715468661e+00 8.698835401672605494e-01
1.625890609519989205e+00 1.031051848736726395e+00 3.533557714035326369e-01 1.740355989011973303e+00
3.010583339118354296e+00 2.599471241324302628e+00 2.374322163278471454e+00 3.017289477872026282e+00
3.004723725040380433e+00 2.394749727416216611e+00 4.941346035275812065e-01 1.652761538267857544e+00
2.067828429068033547e+00 2.874004617697699437e+00 2.553967977146009094e+00 3.363505362121579911e-02
4.659426631663986518e-01 1.842949408472457362e+00 8.874050114879070694e-01 3.169146301600929139e-01
7.881464557194172160e-01 2.255694658625331694e+00 1.358579141222846731e+00 1.227525897556326573e+00
1.975034689671078203e+00 5.518672905741789370e-01 1.333523657230216486e+00 5.479634960944035349e-01
2.012146934237788454e+00 1.436698686532446922e+00 2.004388371948458758e+00 1.950433307188081944e+00
1.936492577770468237e+00 1.719308074399236830e+00 3.783589847502796255e-01 2.427113004528501428e+00
7.200050825059571835e-01 2.094874063666629205e+00 2.059910598146599714e+00 6.809028457494987752e-01
1.969090953078034945e+00 1.514662446529211559e+00 2.654426491850801373e+00 2.697561682702457553e+00
2.919276658050955930e+00 2.635751804918528673e+00 1.935199432609344461e+00 2.507902395326276901e-01
2.799142756672005738e+00 1.310782064693811755e+00 2.924312873082765218e+00 2.562094731846678464e+00
1.722061982907648670e+00 1.638918556612508626e+00 1.540605390092079974e+00 2.486401301627304328e+00
3.058507838256011802e+00 1.710235067711744161e+00 2.625162688526152532e+00 1.397826155617083232e+00
2.708381530877148169e+00 2.214594328625756781e+00 1.272629390643140290e+00 2.677799817575070573e+00
2.489005235060911314e+00 6.141715550933911638e-01 1.379196609421131869e+00 2.997999723863912891e+00
2.903599352889865148e+00 2.540291603295781631e+00 2.840588111389440673e+00 3.987722004975918777e-01
2.471033850194864989e+00 2.017989041371717196e+00 2.628124854449589876e+00 8.843262749285624169e-01
7.684440904418188278e-01 2.688136211302647904e+00 1.802951497141659809e+00 1.804481859588152437e+00
2.378763202789325737e-01 2.911921468487634890e+00 1.331241518682447555e+00 4.204860987944369043e-03
2.085293697805347346e+00 1.843606278919498687e+00 3.683784776666868543e-01 1.150122211060358390e+00
3.240792984403909061e-01 2.710351619029466974e+00 1.510995110237421279e+00 1.314959556736924329e+00
1.734330713398528623e+00 8.420719408496467606e-01 5.538161608477678577e-01 2.951004798692606457e+00
6.211091646945777756e-01 8.060417189601273291e-01 1.632157695842442413e+00 5.783954164486878602e-01
1.765573508121060398e+00 1.046757215193588664e+00 6.169692018897001695e-01 1.407465569065424527e+00
2.886278306949721095e-01 2.548537445166434434e+00 2.880652663917627088e+00 2.676124518598598456e+00
5.723424710854605468e-01 2.458530473017261075e-01 2.422562320829872107e+00 7.030494784402499531e-02
2.811351258988027624e+00 2.465214456709086122e+00 9.737359535237471997e-01 1.905183523721640571e+00
6.257824734754667828e-01 1.297863300242103612e-01 1.535070153950264915e+00 7.469044151262776987e-01
2.846692031005810253e-01 2.164499346503163224e+00 1.655961500714370649e+00 2.545330362716223593e+00
1.423775926809993209e+00 6.134679502155099273e-01 2.469365550149193123e+00 2.428357821250104465e+00
2.278203631363617809e+00 1.314458149705246326e+00 2.136964892216636880e+00 6.824008946380076823e-01
2.234673723748432206e+00 5.499521640477600393e-01 1.260836857757266394e+00 6.944428928115691235e-01
4.853972922812206381e-01 2.237629531381456705e+00 2.079277801091349076e+00 1.549958628582028153e+00
4.844877419879784625e-02 4.515599342826686069e-01 1.116042422700417758e+00 3.069547667595298623e+00
6.114468726425959823e-03 1.594517498675761313e+00 2.835563770757163926e+00 1.459423942908959271e+00
1.108205126222154613e+00 2.920465939955806167e+00 1.891946500294886757e+00 1.940901913569336612e+00
1.285357646827864242e+00 1.009384512675182366e+00 1.233431201145506861e+00 8.091280834993487270e-01
1.054868151496542783e+00 2.610532042241041850e+00 2.931019438945789535e+00 1.756223745826793525e+00
2.049690699813511152e+00 9.387561095643214004e-02 1.076349550050881065e+00 2.866088187308063695e+00
3.070639232334525737e+00 7.619200605406282190e-01 5.467628020139387868e-01 1.889915581868742089e+00
1.672473700701123445e+00 6.729984572811051891e-01 1.527025132453995848e+00 1.687480373099227160e+00
6.131257785121193571e-01 5.717892859744839740e-01 5.409499778785697988e-01 2.392706833603560401e+00
2.995099908413167533e+00 6.323849208664565902e-01 5.719088012343280791e-01 1.622924365021644277e+00
1.966024390552821854e+00 2.306941285724349644e+00 2.287934521721803449e+00 7.112567966605712333e-02
1.260147539373796644e+00 2.667429252018608921e+00 9.580630239108093305e-01 9.130577916757541823e-01
1.768779043923339511e+00 2.429826834703159300e+00 8.634909227603452253e-01 1.514301543052944121e-01
8.029322074619728022e-01 2.382255574967513834e+00 2.558309600829972830e+00 1.757732194419229899e+00
1.610478502077331342e+00 1.352838740233130554e+00 3.135942200463812224e+00 1.067753116869259861e-01
4.145580261070209716e-01 2.628544247977220305e+00 3.098379425590139569e+00 2.167777139289609689e+00
2.890853952968661211e+00 2.467421077268195706e+00 9.136969929419821446e-01 2.842252308354754842e+00
2.388718250241632646e+00 2.362101947636219723e+00 2.925172436818975541e+00 1.295924087108844214e+00
1.329976387548104322e+00 1.701635376723980464e+00 2.797466256073363411e+00 3.555753341000206791e-01
2.019744487671649935e+00 2.645797675190669107e+00 5.758281798613571478e-01 2.950296176301734352e+00
7.461258941843218473e-01 2.935869612854543842e+00 4.303413535962175573e-01 1.478704649224181766e+00
1.634745194055007067e+00 2.447053815423128942e+00 1.694974138496675664e+00 6.116597427893120248e-02
3.438779715652951485e-01 2.225497811322147079e+00 9.742687026751729595e-01 4.076818525142343330e-01
1.800247486628251625e+00 1.476320802862249426e+00 2.719233173676439463e+00 6.778973955311303756e-01
2.996665262024080789e+00 8.005106923565663557e-01 2.541757536881276369e+00 1.867740650377002209e-01
5.839910209939587205e-01 2.194124290849136294e+00 4.418708408016110423e-01 1.138342639825447034e+00
2.154633843204322385e+00 2.100452725857922864e+00 2.127097948289625062e+00 1.188893316171403480e+00
2.329645472840754739e+00 3.029192822336114421e+00 1.014963549864375647e+00 3.051918231287818362e+00
1.938179745628301420e+00 1.453800693062311300e+00 1.908284342725546701e+00 1.411110259144623624e+00
2.553623274116166186e+00 2.863681921965044008e+00 2.098488334528598287e+00 7.700215975922359846e-01
2.702262069986355542e+00 1.167072739482251320e+00 1.082682077222944850e+00 1.055585740031537378e+00
2.311689060338375512e+00 1.891932067789126704e+00 1.443102131939570931e+00 7.566961635534639186e-01
1.465300681035444530e+00 1.022491298863722697e+00 2.642086360065808215e+00 2.155087171669652246e+00
5.168753201188772683e-01 4.074729948695577919e-01 6.723141159353601681e-02 1.449229773335540816e+00
2.840332688359097801e+00 1.953204982892754904e+00 1.854447316560670744e+00 1.933366596444310082e+00
1.839290065404250551e+00 1.382565977805559454e+00 1.671258216630848281e+00 1.909370937402554480e+00
1.468047935582392105e+00 2.059543412654142980e+00 1.740772122390010779e+00 1.452369321651485023e+00
1.556185381289381553e+00 5.348792391791283851e-01 2.427508887036833762e+00 2.502508133618115860e+00
2.113842058288508685e+00 3.076651699528703543e-01 6.986822168472339722e-01 4.980332978677299294e-01
2.393238808172791554e+00 2.329864458859112641e+00 1.019539279985063551e+00 4.951356958924212348e-01
7.648197717474444768e-02 1.708554228861496771e+00 4.803025453735496053e-01 5.524489979218200064e-01
2.106659616049051387e+00 1.181334592546370521e+00 2.813217594234624030e+00 4.078079657940857916e-01
1.031966461905292398e+00 3.118039137548966444e+00 7.295348057754720283e-01 1.965376415668413479e+00
2.553581666399114880e+00 2.829199139299999555e+00 2.918353643009795384e+00 5.688253202256784435e-01
2.311713798599519976e+00 2.840493030775596228e+00 6.043327230332879996e-01 2.677610312125816350e+00
1.206742847870688057e-01 2.493770590289456024e+00 1.499338122150906560e+00 3.045211802194454531e+00
3.004977551489103060e+00 9.729572412914914148e-01 1.096487615758948264e+00 2.857066947092340436e-01
7.709936413552600509e-01 2.230970262598235720e+00 2.942628736976260928e+00 8.226096198962312700e-01
2.794892923778644178e+00 1.250545173133290167e+00 2.183229553665094524e+00 2.208852035225100430e+00
1.183678239089311690e+00 8.218395525881073693e-01 1.182904617382039669e+00 2.540489387859297565e+00
7.129267712164153448e-01 2.260993430191478026e+00 6.609984639897732439e-01 5.799245636920798835e-02
1.377360493894346449e+00 1.533129298304347632e+00 2.713211453799969572e-02 2.870376190277172501e+00
2.142598409324240727e+00 2.862187500312225463e+00 7.362170056326177159e-01 6.087119805864902311e-01
2.968692183398065954e+00 4.064791203901983452e-01 1.658855882109538493e+00 1.459109700660021103e+00
2.038875781490196548e+00 3.837271014877211561e-01 2.199601142181101920e+00 1.850125221171485590e+00
1.002155244996748851e-01 2.898162116980635972e+00 2.102005406242046348e+00 2.136208261639543249e+00
9.838838925261007562e-01 1.734711418022891527e+00 1.128225169219868818e+00 1.932711099944585120e+00
2.274184475636888525e+00 1.552401437192503675e+00 4.823013812193901323e-02 1.521197842297054459e+00
4.304895028736351742e-02 1.366857130638479134e+00 1.099525180190582985e+00 1.324313133204403581e+00
2.109827685711766598e+00 2.883965251725991052e+00 2.107698572604176146e+00 7.423515540775798005e-01
1.938343044434917006e-01 2.014476186996304818e+00 1.595548696768202435e+00 3.005763870993206854e+00
1.744049768051887606e+00 2.280013820960669624e-01 9.121213839941315626e-01 1.399067301392544538e+00
2.272511472966867174e+00 4.573511231947471889e-01 5.942140457010129939e-01 1.623912815551460831e+00
9.739353334811100549e-01 2.850230321689553925e+00 8.944262298125257304e-01 4.043202890023234741e-01
3.023420674020210974e+00 2.446378173828955394e+00 1.168779055470710038e+00 3.116017440136493288e+00
6.965315031189466266e-01 2.374393031923747732e-01 2.777248385887926219e+00 4.049323655423925916e-01
2.828409581924211103e-01 2.543804062671129351e+00 2.879142584909404334e+00 6.306540783107604797e-01
3.054377756560885171e+00 8.659420976281019255e-01 3.067091414638816627e+00 3.120823735906693708e-01
3.082121740252819819e+00 1.818817947816321334e+00 1.126154734805978330e-01 2.756456785697027456e+00
8.962606302876082731e-01 1.022136004772388862e+00 3.040129324825260326e+00 1.531032433836787554e+00
8.652692883632355780e-01 4.245539747149273957e-01 2.305072472522188054e+00 1.031834127032254189e+00
1.172834296783405117e+00 2.641971365968224811e-03 2.321568418594052385e+00 4.239731256652131131e-01
7.792461718295702333e-01 2.543571610689839169e+00 5.867591582371143449e-02 2.481250758193334960e+00
2.281200010058856531e+00 2.448371428097721125e+00 1.689887859192521935e+00 1.877002308509817308e+00
1.654780625366390590e+00 1.037280140524913463e+00 1.135115805752037854e+00 9.325675492990082027e-01
8.306554020742992761e-02 7.870215088971759254e-01 1.225968068815741274e+00 4.484854164711224445e-01
2.957884904521910219e+00 2.291952285694341118e-01 2.157751041221477095e+00 1.307678699496443997e+00
1.593776713721052118e+00 2.358169971833326439e+00 8.860468658969107292e-01 1.647427559064152947e+00
1.499648618129569178e+00 2.950815574966276333e+00 7.944031302016563156e-01 3.038138971636620417e-02
2.891646514688398284e+00 2.051148020415300421e-01 1.748201846674741100e+00 2.003529650274899154e+00
2.635036132318239854e+00 1.191223882297171688e+00 1.959847763189338732e+00 1.574097107365606818e-01
1.599613604967566216e+00 2.151476907392849025e+00 3.733208556809796130e-01 1.083837041411237490e+00
7.879494506318563962e-01 6.051557888875271907e-01 1.579934722302655858e+00 4.837759547625888334e-01
1.085527711880195589e+00 1.044753227684046132e-01 3.139119996800024293e+00 1.718807369226474036e+00
6.634695034667407176e-01 3.055969307936643009e+00 1.604019420367687410e+00 1.566846644155964308e+00
1.975106283998420365e+00 2.532970991047038378e+00 2.652053129534220233e+00 1.955181422952087189e+00
7.537958876742031356e-01 2.912887724798943090e+00 1.008276124461138901e+00 1.681771292566807352e+00
9.982864722252181577e-01 2.595173709482734736e+00 2.841380911314440372e+00 2.611429542613473043e+00
2.609319152193301239e+00 1.835406663109337533e+00 2.921990465580691421e+00 1.480530618832760492e+00
2.272775624133402061e+00 3.129381116527046647e+00 1.058000500776622221e+00 2.445283924797712061e+00
2.167226077738354295e+00 9.265278865971018352e-01 1.740959467813246953e+00 2.012104065726568081e+00
4.587567520196327298e-01 1.521924181763946837e+00 1.635844472073362921e+00 1.353330884063250084e+00
1.902005673028537291e+00 1.379316638531813410e+00 2.510769348711493265e+00 2.689220827240570877e+00
1.545755740540546652e+00 5.117965589077938526e-01 2.188420474572088104e+00 1.001269026117066439e-02
7.503091362794646058e-01 2.711070262436914291e+00 2.512682758056905552e+00 1.642624697357620400e+00
3.488872195673288212e-01 2.578753427831939504e+00 2.666714224835851521e+00 4.133808425629507122e-01
1.837874228956240197e+00 8.394378587271363878e-01 5.216833791643744611e-01 1.671422826705958986e+00
4.062834170207105244e-01 2.708359822957442375e+00 1.878360661259872666e+00 2.970500452711262174e+00
2.653483456118913342e+00 1.576581586211263541e+00 1.901535629582130627e+00 1.105046860003126241e+00
2.271236474622090051e-01 3.998445691331390939e-01 4.839816862956629051e-01 8.237157727820163672e-03
8.559030502822971842e-01 2.937167606293697553e+00 2.385905483929415816e+00 2.004326729977920607e+00
3.017787231022039496e+00 1.062766734632248244e+00 6.041906263816702038e-01 5.932968043331143804e-01
2.528012956418558499e+00 5.756956388798309954e-01 2.992279073818124857e-01 2.958493288610538396e+00
1.095738558258429585e+00 4.226445769118969964e-01 6.390344059312023095e-01 2.191480323240661665e+00
6.542510851763430058e-01 6.135993916558857286e-01 1.766615732918688009e+00 1.712949765499400812e+00
1.603615851561360328e+00 1.664559558333358336e+00 3.131772037854717361e+00 2.265810992843925398e+00
6.809680487619150790e-01 2.252333045725009308e-01 3.058141565424087549e+00 4.643180254163069010e-01
2.556921215011377146e+00 2.420055649528241482e+00 2.971265785594470188e+00 9.602130898696291661e-01
5.909488632438674172e-01 2.505028058030178251e+00 1.239923871956581491e+00 3.120291626383365990e+00
8.714865005119333263e-01 5.162560515107235126e-01 2.570057128555776949e+00 2.697667550404568293e-01
2.812456625054459813e+00 2.132615675516304155e+00 1.139730109666095226e+00 2.231172692340505748e+00
2.724100742989307822e+00 2.583057586669933681e+00 1.890235298847248835e+00 2.307285758694833433e+00
2.929835295482245083e+00 2.930977886583464365e+00 2.477876862025896187e-01 1.676808741387232793e+00
1.672607157262765432e+00 1.021633682804734322e+00 3.859437077759174661e-01 1.538747214775595840e+00
1.372852753237726597e+00 6.574086898383788569e-01 1.847101086269011150e+00 5.756940634793661360e-01
2.266383857778195288e-01 9.679543643105695261e-02 6.543591438361218149e-02 1.994110170720972131e-01
1.228506294954122335e+00 2.717361019031813374e+00 1.403272033964305887e+00 1.109777155396615145e+00
2.787337779389778891e+00 7.671658816525462887e-01 9.512199712264899354e-01 4.751471408075604863e-01
9.770302639905055209e-01 9.294301920290862773e-01 3.019216301174840300e+00 2.304223219158773261e+00
2.333085222387194069e+00 2.258911689818233093e+00 6.204853639453186132e-01 1.160874788999278762e+00
2.188425683909533515e+00 2.795773747671683740e+00 6.851566462621770937e-01 1.891906259065669893e+00
1.362390798854869356e+00 1.221052652779418768e+00 2.318274006261298315e+00 2.830593912888154762e+00
2.709438298005652168e+00 2.710401753210715636e+00 1.560716095340890508e-01 1.277908936865415290e+00
1.232677807063141451e+00 5.835798509546438195e-01 4.525731649902631770e-01 8.957157041402671327e-01
2.122428669860106698e+00 8.052686187076564250e-01 1.219439824964467123e+00 3.070853034657936576e+00
2.872354854425214210e+00 9.281090672853761214e-01 1.087937920023258842e+00 2.123043134979416546e+00
2.546981528600296585e+00 2.653623853143977307e+00 2.550999548121728910e+00 3.048163005735539333e+00
2.087061795107719497e+00 1.110731050200383319e+00 3.125457290686450285e-01 2.892056660035733362e+00
1.881717296814137963e-01 2.305316313157948827e+00 1.069370315356293233e+00 9.648391311642419144e-01
1.713807711459679473e+00 4.002221734818092735e-02 2.620307672109405406e+00 1.872841534601594526e+00
2.390714004290675376e+00 1.735452297766273633e+00 1.885572154722337856e+00 2.147802906442457527e-01
3.335923639292018850e-01 8.177486520548862270e-01 1.810391199869997747e+00 1.339203837096884619e+00
2.239721716938464446e+00 1.930744331568517325e+00 2.747347233317853910e+00 1.549850324026726733e+00
1.790954558488654369e+00 2.092651372213629735e+00 3.046969941667062365e+00 1.410961942699964000e+00
2.244694544574848405e-01 2.941078815863312546e+00 5.308765781361592939e-01 1.005738555169461090e+00
1.246466461074065668e+00 1.600712448753656592e+00 2.903255428157104134e+00 1.554397167865195550e+00
8.891614904014033538e-01 2.596757888270354808e+00 2.923604607437713110e+00 4.275991036231402975e-01
2.549436634337441276e+00 2.975884232947972663e+00 1.752401806525411221e+00 1.988084663361105342e+00
1.600049337641230585e+00 5.886118093399258511e-01 2.004336883700642336e+00 2.744505391284001838e+00
3.552599072257610624e-01 4.073148163262364091e-02 2.943492165017408180e+00 2.905579431221068099e+00
4.228548382765257574e-01 2.600975966343384016e+00 2.420403333100163312e+00 6.410835598536933633e-01
1.136177689948618008e+00 1.564637086297482771e+00 2.155918428022045141e+00 1.242725206653904957e+00
8.912914110853769056e-01 3.115173606547033458e+00 2.428605928511606837e+00 1.791359397477763515e+00
1.279182339239137711e-02 1.313243413169090656e+00 9.276121406970654348e-01 2.788102251561119793e+00
3.137530230576014656e+00 3.050075072490327166e+00 5.037253980245707252e-01 4.626205718928198540e-01
2.775715657578195827e+00 2.212450605924236147e+00 1.892894173355128995e+00 2.235382081526402498e+00
5.991948777571348694e-01 8.777684147667101922e-01 1.018019122921448583e+00 3.985460479307165738e-01
7.135910669818668062e-01 2.715654986392864068e+00 2.459150339662421914e+00 2.329770150547245677e-01
1.528146976386426381e+00 2.878822088200955864e+00 1.417348377144826754e+00 1.107597913966760439e+00
1.032873934420359685e+00 8.627450424717027222e-02 1.908693489469872828e+00 3.777400543707100655e-01
1.645125171142727938e+00 1.721949456455405425e+00 1.848809410420530597e+00 3.334197715506196508e-02
4.791590332236020933e-01 1.573433843361530027e+00 5.495227882097768468e-01 4.480552563244851183e-01
2.404667560400966408e+00 1.733462749950482218e+00 3.417771386974355896e-01 1.568248555222547580e+00
2.509438044106390153e-01 2.127207798048786458e+00 3.016894708163277983e+00 2.388764163466654100e+00
2.596963707704019964e+00 1.494201936878345016e+00 2.250304252578272379e+00 2.324113906244799299e+00
2.361325631588971685e+00 1.448810228850140047e-01 1.956900553238887452e+00 2.458522821190160634e+00
1.006578745568426303e+00 1.058094179287174974e+00 6.687218219345825165e-01 2.546531134698813759e+00
8.844499440262342249e-01 2.707991540280658693e+00 2.965362718877035508e+00 8.300164787470413197e-01
5.087445184362782147e-01 7.382810207369220334e-01 1.524582352098978744e-01 2.081260148400642773e+00
1.697320915351171244e+00 1.737890638037621338e+00 3.111149569892197597e+00 1.060432591092955873e-01
2.372586131844136137e+00 1.521608293158647873e+00 1.301157086944074504e+00 2.966794313405419992e+00
1.727217736113827673e+00 3.974455068316417594e-01 3.545034452558789018e-01 3.117809284983812379e+00
1.633420549248026266e+00 2.111299246047594114e+00 2.528515947249410978e+00 2.520698998005234781e+00
1.168498865109918405e+00 6.129285522867797820e-01 2.237740816442364000e+00 1.781040773459922733e+00
2.350867446834668417e+00 5.759442256482706851e-04 2.535433410150443656e+00 6.732462353066628324e-01
2.863215319696899464e+00 2.948106295092518536e+00 1.539749439687478072e-01 1.626909177593437006e+00
1.927409317021768986e+00 2.036987854761559191e+00 1.331721699563041872e+00 3.096066377307131301e+00
1.493086001509189353e+00 6.081927274086439406e-01 2.413701127564753968e+00 2.426878721131391803e+00
2.976692491904135096e+00 6.022593921631593794e-01 2.660079530431876282e+00 2.364055849124737207e+00
2.544577766175684541e+00 2.103361903305458469e+00 3.060487401282743214e+00 2.802377180448366367e+00
9.509847837080490085e-02 8.433064890070397501e-01 1.352132112629283789e+00 9.804689855198308601e-01
1.547838993501255755e+00 2.435594357594921711e+00 1.621466208335888615e+00 2.378099670019663492e+00
3.474686818514032272e-01 2.338419879307692462e+00 2.411601007287732745e+00 2.218671573804583408e-01
1.567825689180404325e+00 6.063916167140879221e-01 1.327729549462731473e+00 1.913160875274428463e+00
6.194268616863002341e-01 1.683786712692828536e+00 2.295443233358338109e+00 3.216622624902901184e-02
2.354431122333902504e+00 2.281588114736543549e+00 2.766251276216740163e+00 2.902508896531133864e+00
1.933108029611267265e+00 1.584178282779244773e+00 7.414660182623239448e-01 3.055884334733956487e-01
5.266009530567525854e-01 1.370623037698414093e-01 2.869260964322777052e-02 2.723987147243153162e-01
3.816614443495637554e-02 4.122684104512851500e-01 1.842190451865125311e+00 1.342723843919461757e+00
2.409288747362430705e+00 9.977374067203894636e-01 1.270470513293825654e+00 2.424194625366858702e+00
3.013868371072310759e-01 1.087408717994613916e+00 2.127098277354298794e+00 2.799341819141901944e+00
7.805263110942395333e-01 2.668546064770715986e+00 2.177229991542918963e+00 1.997587399913321127e+00
1.163851782457942630e+00 6.231132910791268298e-01 2.770875811929618848e+00 2.790881576849945311e+00
1.347261690270522561e+00 2.096493169530995626e+00 3.111787169575294332e+00 7.665308955582005312e-01
2.463263083614547266e+00 5.122269538318058313e-01 1.027931324717406447e+00 2.574745775618507260e+00
8.508268791976970613e-01 1.450609661294971264e+00 2.193457497811112766e+00 1.124419823172158051e+00
2.304257242225947119e-02 6.921298028441734418e-02 2.363899205746246235e+00 2.244905215771262341e+00
8.635311715550034739e-01 1.966990082951129315e+00 2.570896326382975605e+00 2.025208627265538963e-01
2.551170325160598829e-01 1.127391619278732104e+00 2.427033808831493999e+00 2.712163328433775611e+00
1.700398394154889692e+00 1.545872656635946640e+00 1.122193758688607712e+00 1.303696661238518406e-01
2.802109231477779794e+00 1.830704891853196514e-01 1.109544494830589478e+00 2.849514072074944337e+00
1.163077991716003345e-01 2.651389678700499797e+00 2.712288923596691159e+00 2.950587346794435462e+00
3.099860171197021952e+00 4.193165120783417521e-01 2.793435075791174338e+00 1.126282773840151658e-01
2.119492842928705656e+00 8.640529144778341664e-01 1.735502019681706143e+00 1.486908047890899143e+00
3.070225464080142963e+00 2.722503288590596870e+00 1.226613303217693574e+00 1.023078146896963664e-01
2.407925918389191011e+00 1.920730483253789922e+00 1.685667780532895010e+00 2.211035489510671859e+00
2.392649999488746015e+00 2.550097678353080433e+00 2.244332631944076617e+00 1.210825505875664732e+00
2.337557171839382608e+00 2.147443487815996921e+00 2.080059544645333602e+00 2.527309302738141028e+00
1.735618107554103284e+00 2.105085294098970883e-01 6.980797436399285294e-01 1.902569299554938143e+00
9.037573056314576192e-01 1.894720062982175879e+00 8.874139664487076251e-01 1.937513001885709629e+00
6.373515990299170042e-01 1.486766356197429584e+00 2.086481946980295543e+00 9.542288679617282332e-01
1.642555460616943241e+00 2.268012790016021185e+00 1.515286625485347649e+00 1.906971270123917206e+00
1.987083203778114537e+00 1.365179511735539197e+00 2.965705747812620086e+00 1.963277693259949164e+00
2.458162880129975303e+00 2.065842525264987906e+00 1.212992576635495645e+00 7.131772946274799185e-01
1.754865829881666839e+00 2.131507003884570484e+00 1.089966421378443462e+00 2.599506937242528348e-01
5.184311976208038075e-01 1.797926361301532161e+00 1.226716180250568167e+00 1.972010803283005487e+00
1.926690919666493418e+00 2.612459484216129280e+00 1.332215796448153577e+00 2.114278263923796253e+00
1.677188603181872129e+00 2.788872418225944116e+00 2.414616234021412122e+00 1.401425979843236247e+00
2.339276058479617504e+00 1.514826450900687682e+00 1.774226249240920206e+00 8.658992744893027060e-01
2.661090484392712341e+00 2.444296724458739245e+00 2.013106654483593161e+00 1.478130877135094501e+00
1.766802210974434573e+00 1.062214989492819006e+00 1.295950576463559933e+00 1.901110222995239685e+00
2.938875348477163918e+00 4.048207821273826224e-02 2.423986952976308284e+00 4.621029934468555145e-01
2.295371022145688666e+00 7.995591881235813991e-02 2.828028096913973721e-01 1.829793379375425744e+00
1.341485262307841486e+00 1.563395512692227207e+00 1.748284334859427913e+00 1.535256765316431959e+00
1.419532140820507216e-01 5.808724051152772683e-01 1.569612068162517415e+00 8.169405389379116311e-01
1.858372017153773870e+00 1.393284000902291098e+00 2.756418188114795775e+00 1.590607344726392869e+00
8.383822152566352548e-01 9.102295749455159291e-01 1.340079629509391745e+00 9.920438057520644115e-01
1.171263440860878413e+00 3.453347606743609743e-01 1.444819141444158572e-01 2.511801487909943287e+00
1.078299630656021080e+00 6.994022789656092476e-01 5.461318713078309184e-01 5.220927927124130452e-01
2.104093593661992667e+00 3.804940484622895691e-01 1.318924003315073534e+00 2.797299115862243557e+00
2.763639130725752846e+00 1.065240593622720500e-01 1.626730765115345922e-01 3.763123592093899905e-01
2.756814641543221533e+00 2.873776692091558616e+00 5.574743117101288448e-02 4.375385674880693521e-01
4.926904729551448425e-01 9.321459886589315014e-01 1.963603021746191724e+00 1.118669551539831358e-01
1.771258625770690154e+00 2.215450724724420617e+00 1.659071002577870435e-01 1.303796588626700226e+00
8.120724451449823356e-01 3.475450595575151902e-01 2.678605625874930674e+00 1.665769011358279039e+00
6.222037999994333157e-01 2.734624306967769480e-01 1.894487945742149293e+00 2.864761785095540692e+00
9.556045043334381317e-01 1.409503412648564769e-01 2.962840142923094944e-01 3.012732213098469058e-01
1.058811420379532214e-01 2.626234753642429087e+00 1.239700365572481644e+00 2.971698055246006831e+00
1.825024051925585811e+00 5.486100738659338560e-01 2.420647491216972647e+00 2.905717060006972829e+00
1.662802057383664822e+00 4.191549199587039087e-01 2.021191514837742176e+00 1.313189935529757157e+00
1.086981955864382288e-01 7.389556744956243817e-01 1.403305371220056275e+00 1.400336831325193598e+00
1.143694802474296779e+00 1.349481981480449511e+00 2.849969133181001979e+00 2.622350634138293501e-01
2.452279447969824666e+00 2.233321756351177800e+00 1.657351790895906340e+00 2.257313180363936578e+00
2.742639740066346588e-01 8.414450714833632272e-01 1.952304387232840499e-01 5.882885331797331752e-01
5.331732638626157650e-01 2.188373257002659500e+00 2.499460220152732060e+00 4.097317393043125033e-01
3.140292761044183312e+00 1.800414701510164805e+00 2.212603176917499859e+00 1.146220656091387236e+00
9.035714206031052464e-01 3.928830534805508035e-01 3.709405380032468336e-01 1.908671307189744093e+00
1.655153852969041051e+00 2.370077629503023697e+00 9.608409301952754167e-02 7.770256857643195181e-01
1.206957587400268261e+00 1.861394995840847777e+00 2.056988639777665551e+00 9.105821594075821368e-01
1.049291566334157766e+00 2.604189466280937726e+00 9.810968720938105792e-01 1.921589925094109752e+00
1.384544129244071220e+00 5.488694024963942653e-01 2.471768823641685930e+00 7.347844276170795164e-01
9.868414397707662156e-01 2.562221776707996224e+00 2.215177849809681909e+00 1.366107063868407634e+00
2.291308337709010878e+00 1.228217168327426112e+00 2.681499081654072469e+00 2.970533804104948494e+00
2.093367611944603635e+00 2.820508475838079843e+00 3.815096854639842272e-01 4.745657812329737851e-02
4.801427588527476531e-01 5.044579598383350794e-01 4.057437013466108078e-01 9.684594124513932201e-01
2.845359305506255154e+00 1.330744147009630396e+00 2.591940779557237562e+00 1.211030639421655009e+00
7.265486292759052445e-01 6.832299601488754925e-01 1.248089601133369753e+00 8.024480598913336094e-01
2.609843826084123464e+00 1.452202769800323923e+00 2.089602429954918517e+00 1.451473184105269487e+00
2.615526639895265681e+00 4.796508134818405766e-01 5.290945309518111372e-01 2.321240244450560652e+00
9.833124219775221664e-02 4.686716610699056540e-01 1.799337223550171672e+00 2.066557523341534974e+00
2.121345443110743467e+00 4.580532316732783271e-01 3.089973205421799207e+00 1.385017457359198456e+00
3.738476636096293992e-01 2.836024792344895129e+00 2.865766082523962144e+00 1.299476150214499359e+00
1.953064275962001828e+00 1.292309269804341909e+00 2.288197790354747241e+00 3.094002579942857212e-01
1.362753803850050849e+00 2.247169356843082555e-01 1.728987462526900165e+00 3.076666877247310250e+00
1.245824742323437206e+00 9.852797975190823454e-01 1.102556039918869857e+00 2.204016468779616211e+00
1.573622358423976353e+00 2.078165912238378432e+00 5.821369695232250230e-01 4.460393186261603082e-01
4.546270954338472725e-01 2.831998417309857796e+00 3.337797902227025437e-01 1.070413609520559195e+00
3.099059914561424378e+00 1.415049950470284257e+00 2.198202796129161030e+00 7.624049494223779089e-01
1.422868114622268143e+00 8.160778513924457078e-01 2.072138057868141647e+00 8.071145078577581788e-01
2.202688385752042954e+00 8.685395164071813001e-02 2.040115493392304025e+00 1.588014128380689227e+00
2.485640337344474649e+00 7.940754153758158296e-01 1.242950188558409108e+00 2.022227576981278307e+00
2.840976419922402574e+00 3.147435419285983249e-01 2.735148604437153352e+00 2.030408757282308851e+00
2.009717667704538968e+00 1.648112367643287612e+00 3.126616545735857455e-01 1.499132113572227087e+00
4.462109828802993811e-02 2.501552772259172941e-01 5.036078433633661700e-01 6.780387908613735304e-01
1.801374501831028763e+00 7.077239391481954245e-01 4.450536554804782607e-01 8.194989823648269889e-01
2.787137862858614756e+00 1.296805361071119433e+00 2.739071285848630577e+00 1.429419238333580200e+00
1.819126028561417696e+00 2.564989174378681902e+00 2.404593063717610946e+00 7.741220292611105114e-01
1.501141426730537409e+00 2.266905708127443297e+00 1.306824146670616527e+00 1.937599170754225275e+00
2.474470878773871174e+00 2.598457033771532365e-01 5.377571923581081492e-01 2.838838307886466072e+00
2.441128133151558632e+00 1.960121486719460959e+00 2.524721720973089667e+00 2.947743831094987943e+00
1.209260567049120327e+00 2.774989695338828000e+00 2.936776457537584317e+00 1.731736731643076288e+00
6.157557686462372670e-01 2.235071734149301215e-01 7.892347435677729006e-01 2.870339776812060428e+00
1.788770572103973056e+00 2.883221952269099830e+00 1.353344653472298598e+00 9.081187706565878315e-02
1.412970352807342955e+00 1.759307859482164504e+00 4.494867533240006763e-01 4.316740467123255653e-01
1.103100200905843931e+00 1.476675181029956985e+00 1.796454092812663328e+00 1.061746328685954310e+00
1.435142392935550237e+00 2.790786902425341776e+00 2.730835660435219303e+00 5.979663810532328538e-01
2.458929454871093156e+00 2.780391961771862430e+00 1.005992643236508499e+00 1.245870267835448075e+00
1.273622395450954015e+00 2.617592408565097006e+00 3.101175419175680847e+00 8.470161874930079438e-02
9.362600889241436963e-01 2.705703693935286869e-01 2.727766397608259119e+00 1.137880543258895427e+00
9.875304912260662871e-01 2.850901075775085225e+00 2.238345809912591466e+00 4.967538570387561858e-01
3.025204628438775245e+00 2.636031636464982508e+00 2.954296844641091990e+00 7.365260460553053612e-01
2.018895643738447543e+00 1.063721657735902798e-01 1.283835791198197906e+00 2.051794768329074259e+00
2.255030087403479655e+00 2.388360802170181429e+00 2.452570677655834253e+00 1.934850423630039229e+00
1.917080904129129237e+00 2.901029567706272072e+00 2.011224898377967030e+00 1.503226154713280249e-03
1.677318101811059448e+00 3.926354513437422811e-01 2.610970944580325082e+00 1.895048970147439560e+00
1.439371198157925136e+00 1.252309260820747339e+00 5.436727077517041762e-01 1.550083972678774735e+00
2.795458641702706970e+00 1.718723397098123717e+00 2.862974487862977924e+00 2.830794262140589268e+00
1.407915851531589546e-01 2.678553904514119122e+00 1.068032138478718363e-01 2.451241373338801655e+00
4.173783436387906165e-01 1.739348786239233835e+00 6.247374952179408636e-01 1.951828484888480819e+00
1.361646916619179581e+00 1.505242074703939892e+00 2.214262326976995432e+00 1.870297502361208730e+00
3.629384848673253283e-01 1.403817690997190448e+00 7.499309081715074266e-01 2.206888309475429910e+00
3.488908659217420105e-01 2.806008596648190689e+00 1.047511934266125211e+00 2.410859430518399460e+00
1.168936793269668817e+00 1.150765735363505626e-01 2.399607479127603860e+00 4.458693296846416576e-01
2.429429122389632489e+00 2.463100564396091041e+00 2.365709467841686120e+00 2.864243604836966828e+00
5.017805142830982224e-01 2.734762475661363101e+00 1.129934239732669710e+00 8.340173276604214703e-01
1.411566969804390892e+00 1.825718729398264628e+00 9.250519334658280357e-01 1.944126354462115014e+00
1.302573570665931157e+00 2.629788729181298246e-01 2.998525135011289144e+00 7.031649605349818977e-01
2.749709053270305681e+00 3.880663436388674670e-02 1.945952695524740816e+00 9.563729709704789361e-02
3.656817877713791631e-01 5.254167542522831802e-01 4.345602966402896394e-02 2.281009501666617201e+00
2.194296744301367230e+00 2.943912742354349188e+00 1.304472893644582854e+00 1.814111889675972034e+00
1.151897283541667205e+00 2.239537015573885181e+00 2.931604902476873109e-01 2.128086006907837557e+00
1.365436591798780075e+00 2.984778253274015469e+00 2.427394256981470821e+00 1.297306271732174610e+00
2.704397131709673996e+00 2.019517886228670456e+00 8.323467085964252332e-01 9.787296480775335983e-01
1.011579068849339569e+00 2.672832536928802405e+00 1.438941393914898947e+00 7.808034722477650291e-01
1.670738765803807535e-01 2.430466306144493771e+00 6.156897054789145507e-01 2.751143344368284893e+00
9.192656815362815204e-01 2.420674031368810208e+00 2.460756613250863367e+00 1.958114508525929276e+00
1.375566124687909619e+00 1.827819514046087113e+00 2.421777087236210768e+00 3.121789091781930647e+00
2.123432615232572651e+00 7.035385666658313664e-01 2.935883905140095340e+00 2.579018407504191313e+00
1.925422923448818935e+00 2.805585663337332836e+00 1.393359307520457280e-02 3.503825144103918099e-01
1.134527181837035048e+00 5.772207720782910334e-01 9.334909556398006680e-01 3.092542771717188277e+00
2.831364452727589409e+00 6.794348392167040562e-02 2.836327684660632453e+00 1.533372978488121818e+00
2.821594400807510006e+00 2.702409219835964826e+00 2.152250010845126571e+00 1.246405416692168977e+00
8.101236379079661543e-01 1.512400686547850093e+00 8.544811844703797607e-03 1.405560915886804318e+00
1.013081932215487813e+00 1.508216006329354819e+00 6.241183439618239737e-01 5.943573315067107732e-01
5.387522688431533036e-01 1.586506711004942671e+00 1.488759538852814757e+00 1.349956092866941404e+00
1.892479891226808819e+00 1.407588916893736997e+00 7.356553907757638067e-01 1.721143564550772220e+00
1.070859179702097208e-01 2.299153103265204390e+00 3.079147094049693667e+00 2.601512616671088018e+00
7.449570785409441731e-01 2.467435113090302501e+00 2.237804765823229403e+00 2.751069335218502498e+00
1.042032671149618395e+00 2.673942972219975012e+00 4.048526244260088336e-01 1.388812381099873816e+00
2.682947092812836498e+00 7.594137697938572185e-01 2.647641901280785248e+00 2.109587725237239031e+00
2.185984321017077736e+00 3.138550307832594477e+00 2.594755562301836793e+00 3.701825788408987794e-01
3.023494211906239570e+00 1.696239208413847788e+00 2.215094104147783405e+00 2.772542790549351599e-01
2.900913505157662886e-01 8.831535169275995800e-01 2.565234788287517720e+00 2.418008701214731104e+00
2.188237066924517027e+00 1.564669636593804203e+00 2.210797419443560202e-02 9.302749503626818184e-01
1.534034505508002466e+00 2.662631069138952533e+00 1.523247727070440038e-01 1.684862045183881385e+00
3.010262139054086794e-01 9.342582925194423682e-01 2.819752149865051738e+00 3.949297472017103128e-01
8.563192247672698487e-01 1.692449012344589887e+00 1.509433783024898557e-01 3.100484055876864709e+00
5.760154620284518856e-01 2.881112563737711518e+00 4.066886097819046864e-01 5.101907914978504044e-01
1.594400208106523387e+00 1.557453505541142258e+00 1.067127418709163056e+00 1.470703854336077310e+00
2.328683604532306273e+00 4.916677141406161078e-01 4.701201456915983790e-01 3.120679412173287037e+00
4.701537396087354659e-01 2.304086962822347928e+00 1.327805278540044487e+00 8.207661014491342000e-01
2.438670530702006012e+00 2.313562731827357943e+00 2.268810093946822537e+00 1.577918973023328730e+00
2.802844495735030694e+00 3.017627490188796280e+00 1.969013637962397256e+00 3.098890205813389809e+00
2.057980102795965660e+00 6.546838304409311471e-01 1.049257403100810837e+00 2.364195664310191763e-02
1.505591788517329110e+00 1.817780662783508250e+00 1.954856704306467075e+00 2.593737963660499357e+00
6.765158134413012947e-01 1.215262383458171502e+00 2.160312902110870237e+00 2.430800380384510184e+00
2.264835445112340473e+00 7.601797436597708402e-02 1.470593372213492289e+00 7.845922309499624436e-01
1.204408191061040245e+00 2.410265009359256805e+00 2.091585175715319433e+00 1.553317708208230785e+00
2.560469270713356504e+00 1.047419489731026720e+00 4.175978117034792603e-01 5.109579763092989557e-01
2.957540563849004656e+00 2.422692715168957012e+00 8.059280818934208002e-01 1.722010522681624023e+00
1.895323694962593786e+00 1.312381058284810109e+00 9.757726381968763463e-02 6.792681909060440670e-01
2.751205300688454702e+00 2.876861604967843267e+00 3.032235186168316776e+00 1.451296010620572563e+00
2.945247725924559745e+00 2.034990204633573274e+00 1.236522722217077430e-01 2.585238302377688147e+00
9.818724987791476178e-01 1.497193634270253870e+00 1.403797823504562947e+00 8.228233114386186431e-01
1.634511162003449591e+00 9.767918665668018363e-01 2.586030053947308893e+00 1.563113927305306738e+00
2.165414035735965470e+00 1.394523171440974929e+00 2.189920987977157285e+00 6.164049385050833774e-01
2.666713710318846076e+00 5.116487518599527329e-01 2.220130078342080093e+00 2.842623943125296204e+00
2.785946391531172406e+00 1.499940678941185324e+00 7.024426074917137219e-01 1.877356929009630360e+00
7.842170723928888476e-01 1.984101858376731364e+00 4.658652065706497258e-01 3.066118738082603268e-01
1.263674469315815285e+00 7.962277518320363123e-01 1.669957268188985378e+00 2.929385517355697299e+00
1.273661057260430773e+00 2.846383094917676715e+00 2.327362212986721079e+00 2.942458859260112636e+00
2.638927975072553167e+00 9.326050733906243728e-01 6.676177089557551181e-01 4.603552895025208591e-01
2.566453945323989849e+00 2.833716064778966981e+00 1.327729188247604442e-01 9.534380406245923645e-01
8.064183470628528694e-01 1.610723028707197413e+00 1.738279583786989990e+00 1.848296829022115562e+00
2.390369939608404604e+00 2.339358586139499874e+00 4.740775459958849192e-01 1.599635675905531684e+00
2.276173425489100843e+00 2.422429624944616222e+00 1.816863307865116406e+00 4.975446773753358087e-01
1.387250957229233972e+00 8.563530425539743751e-01 1.581151631074319663e+00 2.347992213344941015e-01
2.545892089186257756e+00 7.919416288669119119e-02 1.778806929519124003e+00 1.388338292606954516e+00
1.064769649178934463e+00 7.302625827257953617e-01 2.399816119043975959e+00 2.907720785592639245e+00
1.484188941042370091e+00 2.067489164047472183e+00 2.755385896829410708e+00 2.440721680851815734e+00
1.005324357462774154e+00 2.197291529106527808e+00 2.630030583858458115e+00 3.702015005678558346e-01
1.408525152853899121e+00 1.482441658590126554e+00 8.050619037248154530e-01 1.856928541795888066e+00
1.833355226381324643e+00 1.816567665655208330e+00 1.697811026474834950e+00 2.704907830146852987e+00
2.527429323425149477e+00 2.345608127640942175e+00 2.674920675792693991e+00 2.481679006172124780e+00
1.787014182332818724e+00 2.550901098387654109e+00 2.945364643889134992e+00 2.088028876631367492e+00
2.446817913619398488e-01 1.032014011978226398e+00 1.980893135283180451e+00 5.711414107533803464e-02
4.013140757179132767e-01 6.389363460991910326e-01 2.151033606627728911e+00 2.233713685444279839e+00
6.832935327545350823e-01 5.263359140604961794e-01 3.003307466711326423e+00 2.190431519473128308e+00
2.854090814252201014e+00 6.967625097792934374e-01 6.407325791120666025e-02 1.627443460477963955e+00
2.649074879286861806e-01 1.684528304187061565e+00 2.539474698039467793e+00 9.185998954960720164e-01
2.272711732862583656e+00 9.291645439720701560e-01 1.566066377866716763e+00 3.099092986406720929e+00
2.257432546116222127e+00 2.701419858279921371e+00 4.539298464076543804e-01 3.020663307571862966e+00
1.771491320991738450e+00 3.094562931419230445e+00 1.911697209760430116e+00 3.527382219144667985e-01
1.940014476719737369e+00 2.421417858602997075e+00 3.122289508239977085e+00 1.156025500007448414e+00
1.591725801670035745e+00 1.618635901668459942e+00 2.848693459522150473e+00 2.759679168264600468e-01
1.034960545199224535e+00 1.246056218474064226e+00 7.042570133524911347e-01 2.103084256238746175e+00
2.481039910374161384e+00 2.610264416267080279e+00 1.367264809371547374e+00 2.140027344886580973e+00
1.037211511897718902e-01 1.453535862914767884e+00 2.327920324351021364e+00 7.061079715076024055e-01
1.165713848687283116e+00 1.789880833258977733e+00 1.067308133055872910e+00 2.171030434414432442e+00
2.198461515634378749e+00 1.783122192667818906e+00 1.652993080593038178e+00 1.305726569611989074e+00
7.612444630149003411e-01 7.950255659720623092e-01 1.204074532965755839e+00 1.233555151951217566e+00
2.397833164291064190e+00 5.129889450199701662e-01 2.635976525612951260e+00 6.545192800199596261e-01
4.491934521144462789e-01 3.058582321632282941e+00 4.479925679702459473e-01 1.730911094286301799e-01
2.069391001027241828e+00 1.574063893351408838e+00 1.319002408783535696e+00 2.566778608996524547e+00
1.165778814355421522e+00 1.547720951683069890e+00 1.285906079267684410e+00 2.381322115443468057e+00
1.057734032700678589e-01 2.090865121053151199e-01 1.297073568110885367e+00 9.173197036645032443e-02
1.226446315549610588e+00 9.541497515432975085e-01 1.690231013520462788e+00 2.601972974640969660e+00
4.604828923279076780e-01 2.561573449855380602e+00 1.894307197567865586e+00 9.379183973801006324e-01
2.496594004035446623e+00 2.786855942927328300e+00 2.446872991421565668e+00 3.079677546491914164e+00
1.484623589946461708e+00 1.744538594095372597e+00 2.397658503940778285e+00 2.984099434253273841e+00
2.166521825513070265e+00 1.685643031113538193e+00 2.347331507136221962e+00 2.000763649514812059e-01
2.352804177931119511e+00 8.208134972621818903e-01 1.113921142339075798e+00 1.916949852583609060e+00
1.158583941245886484e+00 2.540012374738308321e+00 3.088096646243867482e+00 7.003375950645958359e-02
2.109789896753579086e+00 1.517837324506130292e+00 1.603395599098418556e+00 7.505742836690902919e-01
1.766649154360382834e+00 5.943214175791003764e-03 2.554198074484619330e+00 1.941841969060369211e+00
1.940630984339129839e+00 2.598865242110978357e+00 8.372119099639765416e-01 6.192032664490793037e-01
2.067622530126174418e-01 6.262434941601011662e-01 2.429165831429607625e+00 2.776586228949515345e+00
1.179649453142608717e+00 2.800216848052132335e+00 1.059156000136137976e+00 7.484641033250956088e-01
2.893910688030225220e+00 1.174026377537908949e+00 1.216101888131688513e+00 2.394202205548810802e+00
1.751187207957635827e+00 2.147613299514824492e-01 1.887824100396085614e+00 2.749763888067805251e+00
6.474005875849622171e-01 1.365255954325640397e+00 3.512605724218634817e-01 2.223096456477803962e+00
9.650562238187453401e-01 2.895361924419922683e+00 1.255594586253699685e+00 3.058094200116701522e+00
2.785003832731510087e+00 2.614248334452957234e+00 3.335005536802050363e-01 1.660699480606077305e+00
2.326178400228999354e+00 9.655598106875509234e-01 7.884480520899782574e-01 4.240561176211271044e-01
2.592186568347500941e+00 4.564515490135386266e-01 9.129399979749591720e-01 1.944258464948539711e+00
8.261960730242388085e-01 1.242439462539216111e+00 1.715288350048655319e+00 3.113616011111599136e+00
2.200644160570521368e+00 1.194462209583293077e+00 2.977354768021836851e+00 1.743525978527400877e+00
5.009615479402481641e-01 2.356891980056724289e+00 2.985876669642355541e+00 1.416374865748541989e+00
7.271394634364348741e-01 1.024181057606424972e+00 9.046913530696529815e-01 3.150438355982975724e-01
1.436209836397807527e+00 3.116327723426846497e+00 2.469935371397395940e+00 8.474683065283787897e-01
1.133009685307116543e+00 9.112027222168421758e-01 1.082953467876652809e+00 2.503268685087233436e+00
9.091464391742842821e-01 7.399509638256748234e-01 3.047297644534660677e+00 7.366049735349420625e-03
7.510163976219119686e-02 2.237143461734033334e+00 1.086554163307253962e+00 6.526333710086840156e-02
1.418534341507293073e+00 2.304955467009996095e+00 2.332021791263363841e+00 6.466210788633813822e-01
2.638212075257632128e-01 1.156256021923012689e+00 1.317499189472169707e+00 1.600935675348488685e+00
1.527073670642467018e+00 9.762491235876988860e-01 2.146867175368089242e+00 1.939751150713705741e+00
1.148855920089394828e-01 3.041620393709847825e+00 5.192262599936802170e-01 2.857002726200831219e-02
2.237290911078690492e+00 9.789919150757177002e-01 2.619014780388252639e+00 2.375769580610937570e+00
6.180208068534981392e-01 5.727219178554888712e-01 2.011392223063769968e+00 2.773944144656736999e+00
2.999657509405106115e+00 2.930185207800852787e+00 1.688392137994311204e+00 2.201434370683583275e+00
2.620459175838403265e+00 2.650067624504909847e-01 1.818444901065414454e+00 1.069938858137210458e+00
6.102275773580267959e-01 2.017416318453764124e+00 1.092989452496336389e+00 3.701417429730365916e-01
2.331726339150417715e+00 1.970898278425279870e-01 1.002496763711223871e+00 1.420925793496454093e+00
1.337409712001710327e+00 1.257987722621923599e+00 1.962839614670717880e+00 2.906625492524470555e+00
3.041502083791526978e+00 6.509314778317408789e-01 9.280103332441613784e-01 2.147159047733178561e+00
6.698570014120090732e-02 6.471711029693826278e-01 1.063461292520754942e+00 1.981021726305184361e+00
1.362146507504632176e+00 2.568065897206640802e+00 6.677806543851596555e-01 1.984788729378492489e+00
1.943077418319720362e+00 1.671425872037821669e+00 1.533767165388478793e+00 2.267048787389419340e-01
3.072464322144262017e+00 1.251613228197509253e-01 2.291508530155441647e+00 1.897216614029328285e+00
2.196584057424635805e+00 2.662919675744931602e+00 1.141470768229138066e+00 1.040189531176293425e+00
6.941311806362614467e-01 1.119921332702582095e+00 3.123054987253054193e+00 1.287919500957322105e+00
4.059850980706842805e-01 2.475041625822294922e+00 5.729897364704429341e-01 3.095927055630744107e+00
2.204000685486365851e-01 1.359810789262581254e+00 1.109666721737061934e+00 1.263143201635430701e+00
9.614311383423278234e-02 7.300362761633801822e-01 1.276587635670093590e+00 2.791908573803296267e+00
2.284395803497122568e+00 1.320387414797960401e+00 1.164913311957638253e+00 2.965815560914108584e+00
2.847998558359467580e+00 2.025454856042881335e+00 1.356679659295539908e+00 2.957268236200060407e+00
7.296252972764183387e-01 6.926103651941913908e-01 3.032829486385432372e+00 2.531475040766587026e-01
1.195502052478098376e+00 1.818449392238649542e+00 7.883969641721843002e-01 4.060407389808937673e-01
2.820169766986815874e-01 2.128968150961655148e+00 1.935822231229486212e-01 2.822000938216874921e+00
9.084536084255679933e-01 9.067786000951790770e-01 6.001246988591534270e-01 7.565258396208650593e-01
1.759336214027290124e+00 2.052727673988895329e+00 1.785803382291777153e+00 2.947588179890068716e+00
7.195305515338535907e-01 2.378940803254128433e-01 1.756829931213138796e+00 3.559336469528751046e-01
4.146946162640670619e-01 2.651207173872461298e-01 6.568173452115921851e-01 1.307411860531589642e+00
1.228067535061382110e+00 1.186269008837714356e+00 8.164488743760175415e-01 1.017048305734075259e-01
2.204093764061361149e+00 1.596179025634050508e-01 1.769840824046777561e+00 2.281671344005847146e+00
1.047805109180968808e+00 1.043540242584094363e-01 2.405309776111454134e+00 2.352824237372167282e+00
2.860191142357984440e+00 8.006474424646584653e-01 5.447059493643665595e-01 8.718351760805792550e-01
1.321462659302554465e+00 1.497441991052497645e+00 8.473200203093721461e-01 2.088031788133263567e-01
2.304831509970009407e+00 2.537814855495279964e+00 2.742437249001852817e-01 2.778947443463184452e+00
1.434904580933471951e+00 2.659084849026370545e+00 1.376207352740641321e+00 8.120404889321893860e-01
2.672590684621888091e+00 2.964312465913257810e+00 7.549963036821792928e-01 2.417736775081372469e-01
2.417024621944278362e+00 1.779636557781182793e+00 1.253626099069804933e+00 3.864323386719455966e-01
3.434018086321240504e-01 3.275955816276644450e-01 2.782527034489402570e-02 1.260016297444888522e+00
1.968439261716358191e+00 2.930510085816341537e+00 1.770832321674568943e+00 2.180474304248611439e+00
8.613539807679527760e-01 2.408816576976787194e-01 1.112591057675572204e+00 1.393820716424708950e+00
2.926581594101069772e+00 6.004256154309126625e-01 2.532718452892242400e+00 7.207299155618014375e-01
1.284353707466832084e+00 1.974310691206045965e+00 2.646483707971114541e+00 2.820761574874464550e+00
9.900965181525406278e-01 1.222810445302288995e+00 1.811299035566241278e+00 2.312464631215582322e+00
1.069781198155894675e+00 6.966289786033809106e-01 2.396288365456864078e+00 2.196099113900307653e+00
2.879136952415133344e+00 7.633245060774098700e-01 5.612470418254340565e-01 1.194345212027951408e+00
1.251504291830665805e+00 2.830867240902171567e+00 1.130569138153759923e+00 8.187703790219306166e-01
1.710832195042138570e+00 1.964477916788778478e+00 2.810123838514157146e+00 1.564396862384400677e+00
8.962647125727526420e-01 1.900958046023643044e+00 2.365137593056937160e+00 1.090118310666050139e+00
1.293095819877210673e+00 1.782651306796603219e+00 2.819796244606890934e+00 1.915854666797421890e+00
2.242090581356230405e+00 3.017812379133201217e-01 1.607840111026226371e+00 2.244156283495913229e+00
9.278043395288188000e-01 1.000580881274764300e+00 2.778606671445199794e+00 1.982742373752572895e+00
3.237255519481137267e-02 2.138156961063367056e+00 1.750374023035793813e+00 3.628844769413342580e-02
3.395825194492862464e-01 5.482122244223537333e-01 1.143405984915378593e+00 2.182015079066287999e+00
5.685714796016506645e-01 2.940119947859657135e+00 3.135006212987859087e+00 7.425910041764327563e-01
1.561753425995154654e+00 1.559937566418394317e+00 1.352301576077713285e+00 2.283708716136352290e+00
2.857311732149582784e-01 1.055590221221480274e+00 8.167668484741634760e-01 2.063744069636431977e+00
1.339450251990628449e-01 2.895192699237978839e+00 1.280096029239638167e+00 1.932940262540172316e-01
1.366587478015851342e+00 6.730203242958094911e-01 1.352247578823551510e+00 3.841360103054750619e-01
1.451962848480668367e+00 1.651297210560738415e+00 2.137762923599151765e+00 1.790740006420449060e+00
2.925958648620154534e+00 2.908902567248539128e-01 2.390547875865198346e+00 1.619669071064268495e+00
1.270618600479853200e+00 1.287004538453898617e+00 8.524404091521775584e-01 1.622407231861671129e+00
2.979211800788686748e+00 2.786179608844839173e+00 1.037649181102392903e+00 6.470966397414842364e-01
6.873223964510783990e-01 9.546104570759447183e-01 6.031807988734992909e-01 1.331518093940148528e+00
2.235423199797910598e+00 2.193592585157287722e+00 2.264875076889987682e+00 2.589712426567076786e+00
1.855438541326372759e+00 2.461039780376506503e+00 7.329557732905306322e-01 1.301414140466796265e+00
1.463526705975536135e+00 5.821721980298221188e-01 6.154169203745356587e-01 2.543674680037037561e+00
2.487817817765953787e+00 1.226882647151013694e+00 3.137513999064948322e+00 7.840138172177697484e-01
8.445917609244768531e-01 2.524671668211607933e+00 1.477281331377028106e+00 1.994048513468984485e+00
1.188807616942732626e+00 3.868536194472468881e-01 1.886293162293680270e+00 3.042483375093752329e+00
2.895273678023708719e+00 2.121085266533081271e+00 2.562357317983071869e+00 7.093857578095383865e-01
2.957210635467756088e+00 7.125328779038967442e-01 3.049661055514125252e+00 5.334618484430181384e-01
1.212948635853270174e+00 4.918780042477807202e-01 2.142258346199439334e+00 7.101960893949668119e-01
9.884864299443979485e-01 1.474484085121325616e-01 1.518596447332048571e+00 1.787774495853412082e+00
5.546146973782952738e-01 1.994959273269492295e+00 1.154873455024547635e+00 2.183023875873372210e-01
1.189660650481449838e-01 8.993670972140052067e-01 3.139959569079552537e+00 1.992847272798450975e+00
6.183502772371212153e-01 1.832448809990476102e+00 1.312751789564216454e+00 2.845583393573877462e+00
2.815841611610392925e-01 1.802808255468660414e+00 1.920076204688860866e+00 2.505708732566655605e+00
8.306426933349526642e-01 1.459146653312212383e+00 3.141259839109862284e+00 1.092324213035406943e+00
2.651961211902918780e+00 2.894052530699862125e-01 1.092951615681277522e+00 4.696283656811670038e-01
1.880376765200055367e+00 2.413715446795454689e+00 2.105764605754392171e+00 2.590895238843624604e+00
1.558464973262873032e+00 2.762447400179438795e+00 2.650712315531747798e+00 1.404585933418105226e+00
1.786163187611884196e+00 5.582849463935217749e-01 1.151263954115013810e+00 2.289003077325760138e+00
6.834242254949908502e-02 1.096925189440511428e+00 1.134968404875288828e+00 1.773730775888572975e+00
2.522612371779114682e+00 2.099006186656798612e+00 2.446243407508101875e+00 1.229221940144878289e+00
1.043544681841265476e+00 1.983047772489334934e-02 1.973912328385756698e+00 2.176566562719614240e+00
8.939294819515484214e-01 2.073711412136822307e+00 3.136822012447614494e+00 3.460746908231742136e-01
1.101116698533896043e+00 1.081507492699373268e-01 1.743925347767106393e+00 3.696156194062996669e-01
1.152533108031196936e-04 8.883191871963721509e-01 2.693774829990989605e+00 3.594711913747275500e-01
8.701127405888423594e-01 2.401269334807581757e+00 1.975948100586831790e+00 1.329380686535393430e+00
5.733935885953405087e-01 2.549754001703611550e+00 2.160272063240297857e+00 2.199529337419408037e+00
1.303917255118202112e+00 2.097465100486133771e+00 7.330569837792764165e-01 1.765529691141002611e-01
4.131479453774947186e-01 1.108090463957710492e+00 2.384914270693264005e+00 2.671142912110570755e+00
2.184946089823296855e+00 8.955595987295161819e-01 8.501255738567998765e-01 2.506629980980364714e+00
1.030338778371762354e+00 2.263861098269033700e+00 2.496743135857341755e+00 2.463270943880161656e+00
7.556208564833608587e-01 1.847151562723775564e+00 1.768710915977692588e+00 2.451629608820872441e+00
2.652078746244989738e+00 2.826612988689585215e+00 7.433460812421074371e-01 3.665659832308798549e-01
1.620406575599615762e+00 1.660993017588245246e+00 2.258860505890095016e+00 1.170727494380379818e+00
9.507572663679026981e-01 1.602980562781455509e+00 1.577009804357548006e+00 9.346916272940146708e-01
2.356269441999799152e+00 5.055785027376306084e-01 2.148653590660957402e+00 1.929088668220096725e+00
2.013415095765265228e+00 1.870099027476686659e+00 2.144112370098843812e+00 1.054667447297179761e+00
9.050428373363084145e-01 1.502107797072209205e+00 1.677038876524013622e+00 2.926429455974284277e+00
2.010508616887897393e+00 2.191213777496766379e+00 2.841945449628432208e+00 1.373914064886468056e+00
2.828299159260646345e+00 5.903356634153340554e-01 2.216458181662203319e+00 1.203945973994384300e+00
4.411823353347902321e-01 1.241985599244529448e+00 1.226135988982078651e+00 2.840713696707596991e+00
2.793990029120859919e+00 2.156943417479787239e+00 1.650287044735267994e-01 1.252297596937607560e+00
1.833818016401919992e+00 1.100515688300648609e+00 1.208054534154444859e+00 1.310475598830148358e-01
1.064766082799937230e+00 1.342821420292018564e+00 1.042407220849732141e+00 2.921393630101003502e+00
1.237823792255336564e+00 2.703131090997215047e+00 9.884848848819093314e-01 3.021927956601618614e+00
1.876547671696097153e+00 2.937007558655144734e+00 2.844571083963324920e+00 3.020444569189653539e+00
1.406918346301795075e-01 2.394534088776809178e+00 3.089332736876970298e+00 1.703568213901721640e+00
1.142559395033125647e+00 2.430569202213684665e+00 8.870092075558080325e-01 1.634455826375160292e+00
1.612753893035814734e+00 1.592196441506148474e+00 3.041533263697207445e+00 5.023497195249579939e-01
2.268610765721668088e+00 2.038272410500395537e+00 2.367196109264307680e+00 1.788188242071790945e+00
1.216671744511980569e+00 9.577556018784088021e-01 2.655830496999427748e+00 9.658742306417391621e-01
2.621328402033965332e+00 1.115619039231151133e+00 1.073699412417905785e+00 4.834130699419369320e-02
2.719470928796115849e+00 1.026222128274577372e+00 1.399167455963799878e+00 1.429771425751715230e-01
9.490360887806789103e-01 1.596307855190545633e+00 1.102335659825445902e+00 2.492381069569421292e+00
5.897173524640582087e-01 1.721097974495936267e+00 1.496576857079791489e+00 2.907959199562557107e+00
1.183945691937778211e+00 1.591831726368399869e+00 7.653024283640719183e-01 2.330350340978721846e+00
2.765712316060810139e+00 8.455927172302932782e-01 2.654771569556399591e+00 3.099250861423628489e+00
2.154236034275154033e-01 7.782436422570006007e-01 1.045810540281145951e+00 6.231280764502936664e-01
1.731977443873702338e+00 3.088663153775540682e+00 1.967593444478372422e-01 3.598608086439605142e-02
1.491680786910039025e+00 2.235212878244295709e+00 1.499889153847128453e-01 8.979348450745061605e-01
5.675190788745423376e-01 3.122534329048800128e+00 1.050547677970732785e+00 1.880072430348558754e+00
1.096097029908377429e+00 2.095263910823027320e+00 1.569394283436108539e+00 7.151544917558534387e-01
1.640378332652264071e+00 2.757387451257943045e+00 6.568184343497559530e-01 2.290817466985740847e+00
9.861398573934332737e-03 6.103778176385730170e-01 2.563198386567989040e+00 3.895709152351287674e-01
2.572344437458935040e+00 2.842245353435301158e+00 9.648226127622260284e-01 1.679574316504853559e+00
2.555736934939321969e+00 1.971862704666086819e+00 2.806392060852260784e+00 1.180033892752764269e+00
1.305206222389541093e+00 2.334278540337163754e+00 5.584270007315773610e-01 1.265504533752652483e+00
1.415201682080517331e+00 1.551713402975321454e+00 1.540872146477742621e+00 6.887900737991466960e-01
2.887342357437263196e+00 1.010539266005366477e+00 2.907851764408564854e+00 1.464978030737027273e-02
7.183385946717768533e-01 2.799711143570074334e+00 2.241749970319224072e+00 1.960787339590698064e+00
1.515183964112845061e+00 1.179564147357590187e+00 2.572532489977345516e-01 2.984674803992743986e+00
2.928482518900252352e+00 5.248887893981782349e-02 2.235691508740466293e+00 1.096301086762433430e+00
2.295215618274293323e+00 3.042680760901812498e+00 6.725803596793563655e-01 2.744006756551363946e+00
1.991653410289486947e+00 1.174745948932281792e+00 1.095390109198586925e+00 3.051876989253479611e+00
1.803988120987605859e+00 2.368100034426397826e+00 1.723734638713134482e+00 2.716798959514992173e+00
2.098506628435762522e+00 2.603677820152104250e+00 2.362857123898665535e+00 7.713138930346802313e-01
8.554309633515150280e-02 4.597718229099839182e-01 1.063698695270025585e+00 1.035218547216197660e+00
2.233060345004303393e+00 8.583589708806798058e-01 1.225206294273321950e+00 9.806635247858241922e-01
1.405565243018817245e+00 2.063250003031021240e+00 1.927618862312210801e+00 2.015917666668624264e+00
9.700991944740785522e-01 1.427463201418930350e+00 1.021218003834672539e+00 1.774221396117154681e+00
7.341659805367410918e-01 5.537395635994610821e-01 7.269823792884336777e-01 5.949259200517721391e-01
1.114295230831869876e+00 1.295177322682520948e+00 9.675762840865576031e-01 3.444895460785557528e-01
1.627109222656009102e+00 2.484876387372124462e+00 2.336131766790263409e-01 1.340698930687780788e+00
2.376652510378822303e+00 2.552878325778984880e+00 2.040222039415917621e+00 1.966627171064347479e+00
1.912839760170037540e-01 1.693604189733708854e+00 8.128280177444760501e-02 1.816183359432433475e+00
2.520683678966609609e+00 3.019172215512158530e+00 1.090102303718348375e+00 2.960492243752968822e+00
5.255210265445583451e-01 1.806064111358953284e+00 2.888270224425986549e-02 6.630934695465237061e-01
2.005714945571445806e+00 5.073253280363035911e-01 1.297602679977905293e-01 6.125413590967894173e-01
1.728574924745847285e+00 8.942797060434553025e-01 2.664098218624215697e+00 3.107621775579961998e+00
3.063020738629953943e+00 5.573713379748173047e-01 2.874502574858665227e+00 1.160778505406460104e+00
2.818015220986667568e+00 2.382924760387239882e+00 2.183993105040501703e+00 6.027656266573270250e-01
2.953207756887479274e+00 2.077141315713540326e+00 1.451890626343082191e+00 8.225045835180032627e-01
3.072167355217491291e+00 1.424778514115789818e+00 3.102670646834650103e+00 1.744061291207199105e+00
1.548206618502478316e+00 1.866858928924731043e+00 1.030528981703510150e+00 8.956466025210587656e-01
2.704205684598010695e+00 4.023441474309420451e-01 2.384533001791367735e+00 2.447410829459406578e+00
1.576023365548439470e+00 1.310470417276252686e+00 1.407886207715897675e-01 1.755707624102989195e+00
9.611043619464199050e-01 2.145773366134817728e+00 2.962667004823451133e+00 1.615451225905943922e+00
1.240006705048718016e+00 2.399695666947967432e+00 2.302413472171420672e+00 1.385289940815001675e+00
2.588118102059864811e-01 2.550936928250779001e+00 2.773829822242178000e+00 2.874882565467328455e+00
2.670791829017737928e-01 1.252523455120883478e+00 6.287451552065014271e-01 1.505009106372589889e+00
3.049597182946985008e+00 9.486891218033717266e-01 2.600531385496142711e+00 2.661018305242153659e+00
1.842765458253849298e+00 5.504988378298109053e-01 1.994219807810879042e+00 2.563437033975755064e+00
1.272504898440281806e+00 1.361510601293421052e+00 2.129901832192395261e+00 1.965440721464792206e+00
2.351082965870038066e+00 1.226276636421599342e+00 2.264154995239160695e-01 1.123615014230439302e+00
2.932669878766664517e+00 8.732607110319640098e-01 3.549269384944276906e-01 1.159265229124735841e+00
2.997360931819752494e+00 3.089365863204759921e-02 2.533191618877621121e+00 1.354682973808997437e-01
1.885406924137750684e+00 1.299851872305149208e-03 1.700248870373874732e+00 2.772874568568803877e+00
1.172054900786408504e+00 1.025944054746166900e+00 6.798090480675266223e-01 1.290058027588670386e+00
2.123116661359847779e+00 8.456854403303022405e-01 2.541709666366818610e+00 1.285659115077164349e+00
2.850469411717712731e+00 4.063169546406282251e-01 2.169439400094299142e+00 2.324879966042936008e+00
7.220925298300608919e-01 2.436258111695776662e+00 1.599486500611683626e+00 1.147039098133165513e+00
7.493294023190126829e-01 1.318014245136855500e+00 7.493058236386080928e-01 1.516903630474856435e+00
2.010198511735426852e+00 2.598756098010400972e+00 2.615461425306963683e+00 3.923392423165588672e-01
3.032493671444587771e-02 1.228173880647155602e+00 2.555697711608432066e+00 2.783753717731545674e+00
1.897350062456191200e+00 2.957975821789041504e+00 8.955129043696810065e-01 4.577698965331426506e-01
1.648454131351640983e+00 7.248364473918943451e-01 1.130911506611373740e+00 4.540017518531594964e-01
3.939160720630402457e-01 2.588094508342787758e+00 2.944702607273655737e+00 1.469636778965047519e+00
2.231018708028306374e+00 7.856616059165908439e-01 2.343983807488411841e+00 1.700650854713047222e+00
2.966216749567531785e+00 5.461582544400461758e-01 6.657573866427166087e-02 1.156909708233286205e+00
8.411389782583320041e-02 2.119826104842701953e-01 2.226967020315154588e+00 3.653881268258016290e-01
1.206505036801295061e+00 2.369110634969755491e+00 3.004943928189675706e+00 1.351353057559356641e+00
5.782301440290602557e-01 2.879171952391522904e+00 2.495033880869953702e+00 4.398410880506850584e-01
8.699841500350725676e-01 1.487937631675334771e+00 1.661075502273677285e-01 1.623526557358493383e+00
2.864721030117206357e+00 5.962995304461405910e-01 5.910198684181916517e-01 1.181517334208218362e+00
2.036185093508553923e+00 7.294281932060957541e-01 6.496713440779545712e-01 1.932315987917682776e+00
1.451312037581649284e+00 1.716261569083109562e+00 6.879014325701526822e-01 1.372393408602180287e+00
2.149859448082589719e-01 5.653235069129740609e-01 1.696341866441829715e+00 1.354321398443384117e-01
1.001614211664379805e+00 8.714113273703650853e-01 9.163038292268540497e-01 1.645917813299629939e+00
2.596463613981232932e+00 1.080492888791348749e+00 1.579003741020055251e+00 2.100311284999384132e+00
3.007860448878968196e+00 2.969084160681884299e+00 1.890995103099372576e+00 2.235071422365203286e+00
2.470776838915409890e+00 1.785403334352068994e+00 2.875255762385176883e+00 1.324360608272420192e+00
5.951990900449799504e-01 7.389306268031632652e-02 2.765848391849753174e+00 2.374952820112981311e-01
1.060578857131850850e+00 1.406986139338727737e+00 1.686026297550164754e+00 2.115245898902431421e+00
2.370564822837725849e+00 2.950524202112819960e+00 1.221195282050328901e+00 3.726148957567901321e-01
1.352835766243499105e+00 1.560706088475202424e+00 6.431642060295846841e-01 1.372801508384450697e+00
1.208915444943791329e+00 1.201259895562931890e+00 2.979800575464432999e+00 4.615404483243354394e-01
2.976610332224312483e+00 1.404618407970572580e+00 1.708603777956523517e+00 2.526826607570558103e+00
2.290851854163897805e+00 2.164294299709287994e+00 2.874179613424257429e+00 5.196995199553554601e-01
7.420455939345647067e-01 1.792234071185236921e+00 2.656106360303916780e+00 6.636531589748475568e-01
1.519125566589957788e-01 2.137453831112805069e+00 7.414680677486911176e-01 9.141478645595004782e-01
2.318947045732605350e+00 7.158566909252237487e-01 1.098383573207452335e-01 2.333736178046692533e+00
2.168321296177814883e+00 1.094629854224413057e+00 1.127609061134327906e+00 2.506390689173977560e+00
2.615900474417854227e+00 6.275760491624646775e-01 1.751397911617910363e+00 1.889279762735231794e+00
1.890641486198471055e+00 5.954589649042961730e-01 8.567548397842029706e-01 2.328057858569965999e-01
1.299393548031338774e+00 1.187935729394237416e+00 2.862271888259782404e+00 1.749522517633571805e+00
1.683422902508069807e+00 2.422472180928499697e+00 2.864343520467635518e+00 2.441786470006855669e+00
1.203357082477335638e+00 1.811151110472546621e+00 3.063724678178984639e+00 2.470242804612649667e+00
1.254181777398368780e+00 2.451993713088491234e+00 7.739816968922543783e-01 6.753588835071698826e-01
1.717202606691775379e+00 2.400736268594553469e+00 3.548540625402391013e-01 2.661008249975292950e-01
1.107452348883216198e+00 2.309175462080244490e+00 2.852683528183695749e+00 2.026531929303822199e+00
2.940468182288585641e+00 1.929633556421490814e+00 1.555385636364164492e+00 1.227181014612226395e+00
1.214095186942202087e+00 6.241885702316202211e-01 1.321762786571093473e+00 2.735830164602226500e+00
1.137396817656618070e-01 1.790509680057928099e+00 1.830353160832313586e+00 1.676862917295242950e+00
1.917777165996836231e-01 1.913774190575678658e+00 3.085696921295073558e+00 2.482422656610241418e+00
6.013156187194215185e-01 1.850162246574982516e+00 3.145746732386983102e-01 2.120883504049889456e+00
4.686286613881350260e-01 2.129549642558564493e+00 1.807074784865200678e+00 1.147830584822198796e+00
1.548870125573000189e+00 2.394729151775560616e-01 1.871964208332880020e+00 2.908896725798662874e+00
1.617937936369539420e+00 2.581442059329924543e+00 2.642454665017670123e+00 8.388744519967016311e-01
1.824803470818780804e+00 6.970796447036238241e-01 1.699159980384040480e+00 2.892149586383965687e+00
2.305690943877868548e+00 2.840135665172105917e+00 4.137262710166042523e-01 2.653412159436110418e+00
2.818345109709337493e+00 2.117844531572345534e+00 1.435829011185732806e+00 3.010599475809628833e-01
3.235737224811138096e-02 9.609660947738410952e-01 2.701467382771928438e+00 8.954968229547812797e-01
1.890200767442031360e+00 2.898333650340729761e+00 2.929256457663414803e+00 8.704772774564685234e-01
1.043664668210940283e+00 5.427090666372490491e-01 7.104152785998119057e-02 3.241395331429292731e-02
4.375447643762204186e-01 3.657981023615000660e-01 2.451300593893588342e+00 2.987854931449012597e+00
2.568085109832523916e+00 2.939836664326940241e+00 1.485363935507262534e+00 1.408849428070881205e+00
1.006545933720638608e+00 7.330593949140036258e-01 2.199772529681581990e+00 1.224324275559426911e-01
2.708802709891913629e+00 3.045755195669599846e+00 2.742911781151655681e+00 7.146927451609004223e-01
3.045090277466905970e+00 3.025277218239147192e+00 2.802222876806432339e+00 1.371014387266414669e+00
1.762196081072747278e+00 2.206045929285749274e+00 1.128462083520843651e+00 1.476199493070975421e+00
1.270235170724855811e+00 4.171217791611206427e-01 1.100017308325595300e+00 1.417649693086687313e+00
8.425705530985097003e-01 1.747136277060664655e+00 5.344144051576472654e-01 2.202353689053964114e+00
7.711753844761928267e-01 1.239856701559233443e+00 1.808078959698370847e+00 1.405214517423392317e+00
1.204084499995203172e+00 2.396498790250177979e+00 4.091341737126346079e-01 2.679137411015982906e+00
7.880182378854897474e-01 1.700118101142757521e+00 3.816652846166377483e-02 2.555212237012025156e+00
5.233735152704594995e-01 1.111510262691889177e-02 1.015193855571594889e-01 2.016475789347428105e+00
2.526957924793289401e+00 4.690747840662268242e-01 1.413133635564072232e+00 1.593500964384594099e+00
2.807214120283175962e+00 3.067479606678634063e+00 2.784796580130096677e-01 2.757086715723019221e+00
2.757833265510542198e+00 2.109574937451091370e-01 2.793072055853004887e+00 1.038793287513318564e+00
2.487517006633856553e+00 4.061226036737219935e-01 1.270464002660778302e+00 2.268622983845116181e+00
2.386621682338383010e+00 1.578860336025762479e+00 1.623479549827292034e+00 2.473775530585887061e+00
1.320110224600288706e+00 1.819884194990557313e+00 6.983382766051752233e-01 1.949753689607089280e+00
2.629286304603869695e+00 5.551234145941654763e-01 1.769502783101042365e+00 9.086745702459910756e-01
1.618063894254023527e+00 1.885546910442928548e+00 9.456268527098240506e-01 3.093690335107404543e+00
1.778255591363371302e+00 4.121378348594897933e-01 1.102041948644520097e+00 6.618284436463437448e-01
1.555647727795657076e+00 2.434901670669385787e+00 1.062653093517477165e+00 1.123635064902529068e+00
2.607945674087619903e+00 1.802955783400389811e-01 7.510669923712361973e-01 1.662520058043080340e+00
2.348882322479664442e+00 8.629750984810357073e-01 1.113699519693878814e+00 2.249169590077713998e+00
2.399100869538701275e+00 2.644307522212867134e+00 9.266903274144173697e-01 2.527455471483571525e+00
1.731825354066729161e-01 2.533716725093853039e+00 3.055352550247338428e+00 1.142498023178965649e+00
2.806187623585943758e+00 1.488881640043909105e+00 4.526681461573438536e-01 1.393822975472718551e-01
7.513968509881767677e-01 1.305553427801054100e+00 2.445597315144837136e+00 1.386629893439782268e+00
2.420906088480704099e+00 1.153080705104269299e+00 1.759675627670082676e+00 1.434920798043930912e+00
1.084038453989395225e-02 1.757801853576424600e+00 2.563591341067105733e-01 2.408722403179007987e+00
2.133617201785773965e+00 4.135626811759676724e-01 2.200918594720671084e+00 9.863090954429182267e-01
2.321543486366612008e+00 2.886082131255695682e+00 1.897833281577016029e-01 2.923262884651042004e+00
1.396385330035746053e+00 2.242883522585046308e-01 1.222455996459223204e+00 1.876361993880809376e+00
3.809070604697228218e-02 2.784463584751534437e+00 1.759052447165412536e+00 9.968984711236514862e-01
2.300578607734782732e+00 1.929378417165269921e+00 2.701126839390447731e+00 2.868440210849138694e+00
2.377292367215668278e+00 2.370117558210790953e+00 2.486645011861183363e+00 1.258897113010610802e-01
2.035678540772035916e+00 1.924116702961460312e+00 2.022161939811942144e+00 1.342609985698057340e+00
3.180479274957431213e-01 2.264866156222159255e+00 1.947299834218436443e+00 7.579875309857907473e-01
1.941729317840322100e+00 2.346606635941371977e+00 2.619486294762256584e+00 7.485356891518314404e-01
1.951358374903325643e+00 3.997612398537448430e-01 2.526972467140164547e+00 4.888195055996716332e-01
1.702186796593393669e+00 1.170449057042631358e+00 9.133982059678333876e-01 2.069019956257121429e+00
2.452177876843208537e+00 8.960555730845984890e-01 1.783242447102240558e+00 1.381661257462399428e+00
3.074256843671955064e+00 8.161235312266160724e-01 2.188009275080897265e+00 1.910873235448623975e+00
2.150049041978741915e+00 1.697559628557495870e+00 1.644439428246882162e-01 7.715680920177401259e-01
2.382202911454695649e+00 1.232830332547032670e+00 1.885648956745854310e+00 9.316925634776421772e-01
1.103309000617374996e-01 2.629588375574449799e+00 1.412730764621124235e+00 2.845553319084162425e+00
9.508009146000471201e-01 1.414326394328788927e+00 8.957416534026431121e-01 2.604751370759475826e+00
2.549306189524231492e+00 1.071265655710109455e+00 1.314774488509959482e+00 1.595334133585594838e+00
1.183508001351236683e+00 1.998224573870639731e-01 2.163286036472601204e+00 3.089353537167294661e+00
1.475924510129200673e+00 1.179522520209959291e+00 1.241736899618193446e+00 1.393816374791207791e+00
1.094617687975397491e+00 3.151266211619213053e-01 1.897941894024138376e+00 1.907600362586387099e+00
1.884937135786081130e+00 6.723056993230648315e-01 2.969069575658437099e+00 6.663432631845640497e-01
1.812765792724614133e+00 6.841167746816201323e-01 9.944842203177194362e-01 8.039678806308288017e-01
8.947465338348753461e-01 1.417306555906168164e+00 3.125595191361938419e+00 2.816483127463562219e+00
1.184853782919716103e+00 2.969958954130931250e+00 1.601167197415245491e+00 4.732987511104089218e-01
1.145645688977453003e-01 3.138385355678560362e+00 3.124037676418883080e+00 1.869698017023334158e+00
4.382764460249358174e-01 2.631219890283801544e+00 2.190589830510958347e+00 1.167057933153095917e+00
6.508948467179161979e-01 1.962782731038259509e+00 2.461926484962070061e-01 5.175373233852229582e-01
2.745172248755351596e+00 2.623449262815473748e+00 1.415863063270782263e+00 2.546763850240096438e+00
3.092645592212192707e+00 8.246207176980585585e-01 3.344789727146165181e-01 2.514548765163296284e+00
1.956436855797637764e-01 2.898486527790705924e+00 3.044497899716642308e+00 1.785898355516155611e+00
1.217819800044797063e+00 1.296209815108157803e+00 1.900541831420499150e+00 1.214803652316689631e+00
1.180559664966351008e+00 3.278318258167280952e-01 1.756404926051435611e+00 2.267702613902364384e+00
1.260261356528616927e+00 3.059693361015177970e+00 2.000437659402638957e+00 1.865698552603815452e+00
2.845364957449559792e-02 1.257000568001773955e+00 3.028390211894887996e-01 5.296429599534193677e-01
2.923262406559091087e+00 2.615274638127289109e+00 2.218287994573767130e-01 2.069677257515756708e+00
2.606413849880141242e+00 2.136003395888259604e+00 2.681196549297996778e+00 1.898305379653056679e+00
2.071252754689337117e+00 1.560310682958013562e+00 4.963870435812768322e-01 2.847392498688356088e+00
2.079164144599467523e+00 9.132214879573506972e-01 7.123214617746247423e-01 1.377324716354844381e-01
5.880335345063624208e-01 2.822062823623306738e+00 2.202469843695539886e+00 8.634977696673973302e-01
2.920752340243788492e+00 2.016934099837643046e+00 2.095668732785310184e-01 2.790269267189417146e+00
7.023409687116819455e-01 1.030698295986797852e+00 2.566274668769219502e-01 2.991245121103643267e+00
2.917568525003060742e+00 2.866038546048013558e+00 1.534565525110353157e+00 1.027518232549574417e+00
1.977223463215249222e+00 2.863526350961859368e+00 3.053883875803312442e+00 6.447660298102597665e-01
2.985172111454885258e+00 2.381619148482529091e+00 1.396119003701746575e+00 1.693119837493009872e+00
9.719173251165508232e-02 9.381101962383961990e-01 1.219524613866151519e+00 1.293455594768544714e-01
2.642298944582337050e+00 2.296424019677917094e+00 1.666373555361758241e+00 6.766037214487753693e-02
2.315783120327438827e+00 1.738471046385949847e+00 2.508646722871530788e+00 1.022191930428490159e-01
2.139296591534875169e+00 1.541774722009196852e+00 2.839422307884274410e+00 2.735704784923603139e+00
8.634528451030013541e-01 1.722294182600525581e+00 2.620324327366739592e+00 1.775593325080145890e+00
2.460669529310500536e+00 2.657536982462324726e+00 5.325126822778436519e-01 2.739469095691257738e+00
2.415184476206378328e+00 2.852931021927913147e+00 1.487649171428032879e+00 3.022692793935090605e-01
5.564939689027245118e-01 2.785471840087753836e+00 2.540687244055928606e-01 1.026032342244184603e+00
6.993339742457362063e-02 1.580817976222392840e+00 7.466945345228090947e-01 1.776045081273271542e+00
1.187525569412852366e+00 8.524442544941825961e-01 1.671060702377285212e+00 1.153716770329519914e+00
1.748559681168204427e-01 2.881072291501193261e-01 1.703488757803030662e+00 2.221667576394077415e+00
3.936085612040564619e-01 3.492615234011849368e-01 1.470069805544155228e+00 2.813781963684653942e+00
2.641735486240352149e+00 2.724502112299000967e-01 2.089283233942200280e+00 5.016372433800071473e-01
5.671888345103101026e-01 2.048678916424474750e+00 9.263074893722081926e-01 2.048800439656002226e+00
1.253915238870315418e+00 6.675217317477838419e-01 3.049504452077167471e-01 1.666966442557497263e+00
1.699103762907161252e+00 3.714658866245875712e-01 1.035478731162535887e-01 2.331256530860107645e+00
1.771663693434560427e+00 1.260855666845802192e+00 1.073514903470482729e+00 1.090624689583066020e+00
2.361417573537899717e+00 1.638128537025830278e+00 2.357351638311217634e+00 1.399325558930630597e+00
1.168441734650068176e+00 9.639410286069165501e-01 1.184083266209279728e+00 6.108947399563270375e-01
2.370652346025734047e+00 7.999018015952963356e-01 1.025881209733631588e-01 2.417022566172047082e-01
3.254096030376105175e-01 1.515899825696227499e+00 2.479793840289722162e+00 2.856243206427840686e+00
1.411020471311759117e+00 3.034170882587314821e+00 3.059274604805482856e+00 1.274188678811197351e+00
2.339631494165807790e-01 1.993593567485219431e+00 2.758766017971534534e+00 1.061535948691591097e-01
2.972331911385307723e+00 1.996305154662031400e-01 3.569945637954200501e-01 2.255763302208269927e+00
1.226131831750414181e+00 3.043613540015973840e+00 5.127617441858735026e-01 1.605947359533615115e+00
2.915678188155602424e+00 1.532567272713307727e+00 6.742210717648977614e-01 1.808594791507540878e+00
2.673238415525343581e-01 1.427306864941557674e+00 1.552159404299379153e+00 6.654388805113005123e-01
1.757269897203098896e+00 2.264406437236595737e-01 2.781646263104514460e+00 2.452149874744112612e+00
1.259664711764049816e+00 1.123689656183566865e-01 1.255707522979373936e+00 3.800291084091529659e-02
4.452004623771177449e-01 2.034591165258932965e-01 2.799167106639847358e+00 9.255973120819285249e-01
1.141581815272107781e+00 2.734487253939687168e+00 1.807906752135137740e+00 7.691296977380084332e-01
2.841550655025533167e+00 2.564782463476795726e-01 2.148732662268773907e+00 2.490089410704699746e-01
4.344251309753193735e-01 1.535984971262186694e+00 2.191036678927718861e-01 8.232253052097699975e-01
3.101606207300269702e+00 1.582297718593519198e+00 2.292090151987202784e+00 1.845467085525503981e+00
1.312303840661281029e+00 1.933292021038803266e-01 1.607706967080875682e+00 1.165633239093141871e+00
7.417304892876692701e-01 2.641811137016900624e-01 6.306614803373832290e-01 1.252834455090486021e-01
6.810550484725673426e-02 1.279097521783390201e+00 5.663916007426099686e-01 3.223684694056753175e-01
1.538088756317420369e+00 1.998482961391699453e+00 1.297754802228635596e+00 2.445678337588630846e+00
3.006111689716880253e+00 1.723935478467977012e+00 5.449303095995430279e-01 3.414562603974753419e-01
4.901869886516695418e-01 8.821601969675978427e-01 4.888043730904178541e-01 5.401267896553305636e-01
1.050262438245867402e+00 2.092137231153818888e+00 8.026219514849677328e-01 2.044182870296537835e-01
9.695234360980184429e-02 1.550512066196244820e+00 9.068193304759133433e-01 1.502263105511502328e+00
1.350842961218621019e+00 2.693935225452372961e+00 2.191637761335765600e+00 1.908035145885487727e-01
2.189976002356870843e+00 7.806151158008189928e-01 1.713844796218341404e+00 1.102098105953434715e+00
1.907696710608393742e+00 1.611055499844401551e+00 2.897722846063875757e+00 2.915073037677918144e+00
5.220479982409648861e-02 2.248918479523289271e+00 2.088808522455934291e+00 1.632438753131702169e+00
8.724634514925748707e-01 1.704517974847677975e-01 1.597001449354311431e+00 1.804185914527164147e+00
1.106684024463919336e+00 7.980830089833803598e-01 1.936676088495946857e+00 1.324504609182059367e+00
2.667913305128179147e+00 1.008823092844890912e+00 3.006734576165594586e+00 6.839904625805673932e-01
2.235071135658152297e+00 1.180058052826217452e+00 4.680567034288837247e-01 1.628596953602821307e+00
1.020851517182973955e+00 2.848072930065444819e+00 2.611043438589744081e+00 1.008177455103787645e+00
7.800933735529055335e-01 2.643445981158582203e+00 2.521646545097850911e+00 2.375028049742283986e+00
1.298718465678656342e+00 2.014652443621016698e+00 3.643255398596924044e-01 1.083655455174656002e+00
8.667069424945199607e-01 7.190924338659751003e-01 2.734130505259943611e+00 7.211242410330532815e-01
1.911672230427609032e-01 1.504620997874912547e+00 1.388313376768352425e+00 3.113938868083331979e+00
2.259163319674219128e+00 6.050194375108102207e-01 2.939415864943274670e+00 1.448103895357093218e-02
1.208809436821039807e+00 2.228155287587526345e+00 1.580668922838980306e+00 1.665852436960336913e+00
3.094760772959083805e+00 3.101340449901951235e+00 3.072539285061802961e+00 2.135627838460928130e-01
1.461834338503174013e+00 2.341944742401733226e+00 2.461284310515599039e+00 5.395394641608851627e-01
1.924653735848016689e+00 1.193131593013300629e+00 2.743933227685628307e+00 2.445849559491657388e+00
3.119941172295259246e+00 2.224346841521212870e+00 2.243706224911680369e+00 3.002006423587992856e+00
7.945419351456297630e-01 2.466708836687645512e+00 9.374441245971643077e-01 6.334156357965384787e-01
2.809491175143786545e+00 2.422833755054194960e+00 1.731673891520385977e+00 2.035110521934473837e+00
1.976330166612331185e+00 2.470424424114660233e+00 2.448184248578496813e+00 1.054719417997459496e+00
5.930989503588551814e-01 2.183000964125972221e+00 2.930309517272182696e-01 3.047225122431542754e+00
8.099363339807696960e-01 8.160839608939224332e-01 4.379876375955810142e-01 1.807426836905742240e+00
1.886250116922363551e+00 1.028182282116691049e+00 1.877433233102945520e+00 2.692268688957963452e+00
1.756716966979784633e+00 2.029010237263315197e+00 2.826910941795168775e+00 1.574124140169326891e+00
3.224171169024970807e-01 1.047324083841386866e+00 3.078199494728817598e+00 2.084124771874141580e+00
1.510110604989122640e+00 1.114416515864211865e+00 1.967343505484466570e+00 1.262912667231880004e+00
2.990570472004188574e+00 9.532547801607951232e-01 1.184135771244810842e+00 3.253222398623730194e-01
2.935636245821854562e+00 2.096753045543964689e+00 1.090124389851346409e+00 8.156869693037299696e-01
1.820003104864866605e+00 5.318669573574543730e-01 2.044033261476884689e-01 7.248167528419112715e-01
1.305897115398785946e+00 2.763697944278140195e+00 2.126195666814027607e+00 2.293223472952500952e+00
3.192128388781783066e-01 3.073048141079751439e+00 2.520112735763009315e+00 5.884730198701633164e-01
5.272044419183723463e-01 6.242068563467056269e-02 2.955299977683116808e+00 2.091466917142925652e+00
1.260398328463381734e+00 1.001204662579855853e+00 2.853682415350447865e+00 1.313924136451046221e-01
2.569457481695987866e+00 5.920239401599524109e-01 2.184407865137290905e+00 2.044336187602209254e+00
3.108157129912256789e+00 4.614190443322058188e-01 2.714307808755089813e+00 1.397045302323816296e+00
1.178582764260638571e+00 4.690616427798523502e-01 1.896320057452293595e+00 3.148797198849750262e-02
9.375220168056592751e-01 2.307496263261142322e-01 2.853487028626673361e+00 7.166998963149142643e-01
1.276417751981341109e+00 2.789544639751610156e+00 1.343075719829580184e+00 1.541597780880824331e+00
9.415457108353795235e-01 1.045057848754674668e+00 2.097216536947632548e+00 1.527306430332312948e+00
7.827927886722885198e-01 8.836959618004776029e-01 2.540293199010272396e+00 1.484410537836814425e+00
1.198113467285812028e+00 5.473719136930199625e-01 2.398316621664203563e+00 2.273889182594523550e+00
2.581847646314046951e+00 2.951904423844128988e+00 2.689875563275623271e-01 2.011072198727865690e+00
5.579463241577676397e-02 3.048048522165120566e+00 9.549034919435915592e-02 2.382377407136247793e+00
5.789725929268640936e-01 3.027972182065454376e+00 3.025490042948520752e+00 9.737008347692073240e-01
1.285027468598553657e+00 1.983036269308771304e+00 1.685918299415653854e+00 2.368074570258596800e+00
1.640215350595629618e+00 1.803308539604091765e+00 1.193686692785649761e+00 4.457519404002209806e-01
2.120470206828102555e-01 1.878388397682398958e+00 2.777210041230210091e+00 1.842250113932836442e+00
1.629063411606795908e+00 2.301817951580322763e+00 9.012549576383248606e-01 1.645320203082977661e+00
2.572826543218322382e+00 7.514530467883997478e-01 3.117249273822340072e+00 1.388716580229690356e+00
1.906800500898956918e-01 5.776285374489413815e-01 8.616364668053876352e-01 1.602851475251205526e+00
2.866406835680721521e+00 1.620799238863148251e+00 3.074628234813801431e+00 1.931584102244437440e-01
1.881614272747561767e+00 1.676420080302752469e+00 2.458669508979430596e+00 2.449448354021732221e+00
2.869189457998547521e+00 1.329900088282044424e+00 2.917536462571189704e-01 2.927366052475767866e+00
1.687094561288843719e+00 5.548945929985755754e-01 2.810676388715193763e+00 1.115393313428111766e+00
6.845289547616254522e-01 2.334538280198339866e+00 1.668238338261025966e+00 1.453071311199904958e+00
1.462226560734815495e+00 1.257342001671620135e+00 3.053178442523335701e+00 2.325879649628202817e+00
2.595986136547218770e+00 2.564052641631318963e+00 8.966789066826735821e-01 1.001867809063089698e+00
1.444843789446713211e+00 3.121984100880127677e+00 5.943627713982569949e-01 3.382291614170538363e-01
2.265415295334741064e+00 9.989909742117221159e-01 2.397055522647406900e-01 3.581779175766770518e-01
1.153866294080648336e+00 8.354308826472439664e-01 1.816443907602924623e+00 1.505712260138804215e+00
4.789642914298478660e-01 2.426956632434249528e+00 4.310146144474770458e-02 4.078029880222002190e-01
3.027919738753223289e+00 2.731639990119233197e+00 1.948531785831599361e+00 1.212073554547107301e+00
2.308632171484247930e+00 4.184619375259983620e-01 1.921135274394679016e+00 2.715279881609591328e+00
5.861845244772352359e-01 2.217827584955985198e+00 9.913672533750410576e-01 1.553104974193665333e+00
5.400823144282826949e-01 7.623301723137708708e-01 4.080764054937379565e-02 7.371620256491687173e-02
2.950442534798892957e+00 1.318761974744057541e+00 2.999151717348859769e+00 2.536284289182291207e-01
3.991608173666207904e-01 3.112693419557653662e+00 1.553963865322038451e+00 1.278359618935764219e+00
2.068731542245000610e-01 2.641397119670513050e+00 2.134837555679553134e+00 8.934561072436814078e-01
2.844989868607590733e+00 8.585897787769493084e-01 2.779210852473729343e+00 1.766078223311815965e+00
1.363844914591106017e+00 1.468875955526921961e+00 2.944463104634743811e+00 1.959512230223668494e+00
1.709335887930031106e+00 1.388483779888518788e+00 8.788479584004268985e-02 2.463171760283024980e+00
1.620195215533114963e+00 1.322269601027955099e+00 3.119868855877664382e-01 8.551014157434884133e-01
2.927068542302932119e+00 1.006840527824659270e+00 2.436645223605303112e+00 2.759338759993144929e+00
1.677742973034992202e+00 2.722228813455344731e+00 6.971907624339219733e-01 2.226867205200342426e+00
4.790553082020414521e-01 2.819393071234816972e+00 1.807241836840222771e+00 1.929854072580700297e+00
2.930157793778273678e+00 1.720508206380467087e+00 2.097874308911125141e+00 1.329919774781060271e+00
2.478443757902650812e+00 1.199128851788991756e+00 1.466691853004587764e-01 1.177323334792776954e+00
9.764958397873796381e-01 1.871201710364992055e+00 1.575707964595101762e+00 1.253104529641307252e+00
2.253865648492228591e+00 1.749231548536579695e+00 1.633094781036515730e+00 2.279388270839260433e-01
1.000628113936615549e+00 1.371784048444646187e+00 2.491885701747770465e+00 2.623412910093400052e-01
1.804774866119532861e+00 2.998789520985357893e+00 3.305023096402845417e-01 2.933682987253458663e+00
2.320428049525467440e+00 2.988257921409641416e+00 3.618946317989374939e-01 2.131026043152594696e+00
1.231129680640211888e+00 2.816710737564232847e+00 2.939269726292319085e+00 6.058837553652079988e-01
8.380534059432381833e-01 1.735490576480614999e+00 1.428631406013796401e-01 7.858598309051044728e-01
2.588261684772890092e+00 1.265525041352970614e+00 3.122265761329191758e+00 3.146521133919201185e-01
1.762475042573942163e+00 5.569635823301374300e-01 6.775349892242993333e-01 1.965546967659917987e+00
3.136254272252796849e+00 1.866080676783987424e-01 2.873799557903135238e+00 2.049352947253921364e+00
7.658909820079374819e-01 2.245440067859012512e-01 1.864145873975320944e+00 2.560265889461232902e+00
3.665525601310263282e-01 2.565103626596392683e+00 2.306954469920223350e+00 2.379098652080932297e+00
2.089247959497076756e+00 2.140289143733001609e+00 3.061107785177417551e+00 9.339535335562527685e-01
1.358376711768995326e+00 2.817617282153878300e+00 9.910781750787138744e-01 4.593700905266783763e-01
6.388491511009551926e-01 1.562076365804563327e+00 2.413251718418501834e+00 1.349711357084363961e+00
1.765168942710821476e+00 1.233579629644572906e+00 3.148715487177401740e-02 2.745609555644212385e+00
3.086021330940037277e+00 1.359996594610440424e+00 1.490144594395595767e+00 2.386095100755464049e+00
1.535692047634198865e+00 2.161680872296956490e+00 4.488049133740640850e-01 2.388561933893649236e+00
2.047014843644249016e+00 3.111588033756087363e-02 1.509344413477436309e+00 9.211840204037772262e-01
9.040343931987183668e-01 2.066869170021900182e+00 2.810807548149757196e+00 1.234867508097816646e+00
1.948276263601943947e+00 9.004681564232736024e-01 1.111076619330797044e+00 1.986664516900237543e-01
1.893508687783366673e+00 1.720624987349963497e+00 2.504118289710323353e+00 3.127847497905099416e+00
2.253083946737331200e-01 5.471377754159766349e-01 8.020317321386891685e-01 1.406855624331299515e+00
1.980908406573860248e+00 2.109327766011721117e+00 2.048391465484567409e+00 1.297427141337252676e+00
2.761396184569036460e+00 1.047623130103235045e+00 5.739341663262680082e-02 9.791270575504437135e-01
1.523683807312167016e+00 7.681216143335571900e-01 5.025940921201881295e-01 5.377822697532337326e-01
8.743609146023989531e-01 5.863317060206472975e-02 2.649997221370237188e-01 2.659709703559892446e+00
2.140069027638274335e+00 2.896213595983796019e+00 3.141291509218008260e-02 1.573262132621075393e+00
2.916972970643802121e+00 1.230681827062047207e+00 2.320353074713737307e+00 2.366148868072643019e+00
1.232772146043304318e+00 9.534525166996202783e-01 7.042571899279826964e-01 2.047238342134121147e+00
3.398301266040242297e-01 3.590008940661901793e-01 2.791647027128207892e+00 1.946633311663043431e+00
4.556921739701574325e-01 5.907406873335074859e-01 1.478340101192817668e+00 2.451317697512286120e+00
1.701358478937429419e+00 1.710534008489291935e+00 1.208528920739357027e+00 6.021294141461793759e-01
2.816181467055821841e+00 1.636436429488593580e+00 1.634396727219945555e+00 1.469263334904553853e+00
1.144671706759412821e-01 2.134805689469709389e+00 2.866757588257670353e+00 1.460432808239868985e+00
6.102294405054470294e-02 1.793415455659286506e+00 2.464237037885719239e+00 2.778218926239708342e+00
3.130812715276288571e+00 1.255305191007995758e+00 2.943666696611384914e+00 3.356858310124434808e-01
1.201036084133801501e-01 2.133597381052654285e+00 7.245500325980163137e-01 2.847166507974675298e+00
8.490591196080161662e-01 2.877933447349855456e+00 1.387354448923294181e-01 5.910755259892447322e-02
1.876205972354372697e+00 1.540089652303492374e+00 1.011566998720391908e+00 4.854730679449911768e-01
5.455131806861670540e-01 8.888860773475661115e-02 2.151250093638366501e+00 9.164542872716788802e-01
8.720827321587314163e-02 2.210759856037080695e+00 2.124326878811322317e+00 2.228463726416307189e+00
8.578731041364352494e-01 2.203628467002296087e+00 4.092280214586149212e-01 5.529247898734734878e-01
2.807094512828164579e+00 3.041222268514168992e+00 9.825917127954986174e-01 2.028084400435878343e-01
3.044536810341220701e+00 3.999198789206321880e-01 2.964118027863617222e+00 1.824083899960208477e+00
2.552998190517499655e+00 1.057091720291337467e+00 1.047303079357708500e+00 1.841716835978343791e+00
1.371929729005141985e+00 5.849404443614673876e-02 2.606882097558382849e+00 2.258763655496446088e+00
2.658564225051244900e+00 2.387824272208561305e-01 1.378271560483177449e+00 1.941865532663522576e-01
2.408352279588764411e+00 2.180837075387224377e+00 2.370192130609975578e+00 2.272061570011959519e-01
2.209574148379295000e+00 3.062446950499985832e+00 1.481899359277911277e+00 1.714122978085832916e+00
1.461969802035165245e+00 1.000385410896731608e+00 1.084950769559227091e+00 3.474607533427627737e-01
1.506801176161055578e-01 2.078570756680629128e-01 6.446246649715322574e-01 1.404457178696214781e+00
2.340767650633704289e+00 2.903553896147143654e+00 2.922081082402037122e+00 1.713398424956441124e+00
2.463126629964568881e+00 2.156608345370419233e+00 2.067594015513647854e+00 2.670285534440393072e+00
1.718108543120809850e+00 2.084629321276553870e+00 1.167520378544739890e+00 1.390895137014119820e+00
9.847219971716049125e-01 9.552200749800556778e-01 2.462972074206238593e-01 9.346322199316693391e-01
7.787816234023006157e-01 1.159834443394853309e+00 2.140794488242133031e+00 9.047419267893600514e-01
1.432672898259784722e+00 2.217922621359648350e+00 1.290362782354379290e+00 7.382038657021686712e-01
4.516817624066474940e-03 4.596173939775835549e-01 2.141158685573543607e+00 1.155175179520481654e+00
3.098509469665597482e+00 2.796614243288876978e+00 9.168140109435632956e-01 2.429833494808713912e+00
2.006731302901809233e+00 1.827285321960287368e+00 2.777458277246406926e+00 3.510043740954866265e-01
2.297934847607071784e+00 1.425881576944756146e+00 3.617697432523228063e-01 4.525212783458229526e-01
2.000672215407945931e+00 2.782780058873785656e+00 2.536028096219386629e+00 1.319287839827542941e+00
2.607702121337629464e+00 2.743849516760587637e+00 2.115095525692531897e+00 1.549823803604236216e+00
6.374057409259688001e-01 1.107382232055948101e+00 1.039407279406787676e+00 8.514051783459675171e-01
2.707834266839695414e-01 2.515980487680717026e+00 4.535101436728770086e-01 4.233134196332182242e-01
2.609996175406080088e+00 2.290051097494435695e+00 2.919736663737841020e+00 6.035024298513793628e-01
2.826943637728724923e+00 6.771403488399820869e-01 9.135531078422630680e-01 1.378888931784570060e+00
5.062223450537296082e-02 6.085154846667124584e-01 1.356067415821714528e+00 1.993621384726003365e+00
3.047192372820473949e+00 2.664111248192203796e+00 1.761455228888710867e-01 2.619938508399342503e+00
1.806438068374871087e+00 2.249898478311592509e+00 1.235201413135294857e+00 9.752410734313756713e-01
1.601692971828177825e+00 1.661278206583636674e+00 2.431684430301679356e+00 1.106564229934136501e+00
2.636753939323849938e+00 2.720573977659344056e+00 2.696000543887351775e+00 1.107924950510905227e+00
1.793703971810790110e+00 9.491688274570310169e-01 1.996032192751394208e+00 3.203194213820436120e-01
7.874982117868781772e-01 3.404374958592900624e-01 1.142877953784672940e+00 2.444152380545586034e+00
2.636234845303512930e+00 1.674876262060433829e+00 1.131312236678858607e+00 2.942904348377691992e+00
3.101363836377712513e+00 1.104372995802195057e+00 4.493500990752266055e-01 2.295995622852498474e+00
3.134447618503899413e+00 2.725216923892512799e+00 2.357404330474196286e+00 1.232267776759952138e+00
2.765552447443007544e+00 1.616146829402397289e+00 2.709775287609203609e+00 2.899895938130573558e+00
1.658470729752293149e+00 2.586334294569423875e+00 2.069512597801126841e+00 2.844570181448530022e+00
2.113628235558649315e+00 7.414907157463571652e-01 2.114608251481863821e+00 7.932594425617416345e-01
2.666354181275921054e+00 2.878685731886352794e+00 1.627497419851025029e+00 1.100582122243749739e+00
2.674703335625492340e+00 2.764408162133258795e+00 2.591364555406950876e-01 3.335910868989611644e-01
9.218627583032872330e-01 2.905064862201499842e+00 3.121686199434101194e+00 1.589691162299585070e+00
2.573122180389206370e+00 4.914390446913938226e-01 5.203371361555391150e-01 3.076932146510050980e+00
2.287656315683491037e+00 1.202721971815885027e+00 1.929334682336208751e+00 1.399376212163789379e+00
1.968133363354287457e+00 2.556937163362345000e+00 2.528305238942255562e-01 2.450768637715055931e+00
9.525454677870365261e-01 2.856550494996706657e+00 1.172198757598272856e+00 3.073636119913274456e+00
3.029564170815216340e+00 2.968825618134013133e+00 5.834145012777139927e-01 2.765148578532417467e+00
1.247666200609599985e+00 2.733119737478256983e+00 1.875903349457041402e+00 9.492891125689696397e-01
2.320818977125564508e+00 1.327180494253398013e+00 6.517353530999177025e-01 1.961147158058231810e+00
2.990925435050043824e+00 1.041639269133719292e+00 3.062806802553983410e+00 2.424148896514515705e+00
1.997198720448192022e+00 3.110758391420052948e+00 4.759796707861367326e-01 1.137545099884050420e-01
1.370011763043167408e+00 1.083895736215285233e+00 8.527805023656749306e-01 2.992795773737399134e+00
1.322660472828646183e+00 2.892654909105344951e-01 2.964973526341170729e+00 1.940492341685640942e-01
2.438233759698126946e+00 1.462098168262234710e+00 1.492317447682213860e+00 8.139714628613690106e-01
1.280595953531106002e+00 4.756752134800679710e-01 1.274398652109278940e+00 1.074924180975685428e-01
2.726170726362366903e+00 2.895207195206419115e+00 3.061474539756395163e+00 2.679250639180660976e+00
1.513667531862974869e+00 4.771208000901411284e-01 8.140297180137034960e-01 2.000144428965233701e+00
6.706222952621694322e-01 1.600738425630786832e+00 1.998505212142629231e-02 2.979817129985171675e+00
6.498087722961694013e-01 2.693456181905364399e+00 1.139410156891822679e+00 9.601404359654682752e-01
2.026169474459661668e+00 1.585014224303468167e+00 2.265624854972915880e+00 2.190846535042457077e+00
6.012542858553088232e-01 1.700720543406633922e+00 1.868562058008113036e+00 8.931726897481503391e-01
2.196500565003977334e-01 1.737110182608424092e+00 2.268545921900242401e+00 4.210198067032853153e-01
1.161704811230997336e+00 1.418516109049885010e+00 2.864486908253561115e+00 1.449434268899286060e+00
2.101965380761893432e+00 8.432965166517407685e-01 2.620656320954360741e+00 4.416773119663777170e-01
3.111710919965821054e-02 4.751807564639973780e-01 2.297008272716144273e+00 1.574463913876253951e+00
1.551526492108268096e+00 1.738337838569040450e+00 8.386815822324825698e-01 1.116068356797330186e+00
5.426425421968801288e-01 2.148000868344501768e+00 2.150243345125997241e+00 1.120577652499378241e+00
1.279647276378523379e+00 2.976072303525957974e+00 2.902945090327865518e+00 2.414478166216791344e+00
5.659443665260592837e-01 5.932365178312724030e-01 5.559803972516653703e-01 3.585475518685716234e-01
5.353453346050065509e-01 1.831841504403574517e+00 2.739863845919265017e+00 1.183761268109105647e+00
1.043355400543156536e-01 6.899054754717660609e-01 6.536862094023826453e-01 2.638393195546641756e+00
1.208570649189400353e-01 4.498809562589137223e-01 2.895037693164977721e+00 1.558428039589693448e+00
1.615616401374682098e+00 2.296879929601969295e+00 2.339330368418860662e+00 1.591760155598267001e+00
5.126273812288826282e-01 2.535923957498490200e+00 1.345012263470303671e+00 2.454180645154918405e+00
6.267667100725766716e-01 1.357794675495484604e+00 2.687943760708480401e+00 3.099815511832576309e+00
2.130359708586042622e+00 2.579234813663444648e+00 8.359741637346140841e-01 2.731508650945338790e+00
3.962306691708364359e-02 1.459204016007587645e+00 1.561392262227867977e+00 2.012243710431793620e+00
1.596298766442027617e+00 2.814305580633519543e+00 7.886727097188729330e-01 2.710927236626618608e+00
4.109524854957861129e-01 1.075633399188793637e+00 3.000982746203120222e+00 2.868785186678904697e+00
5.527429561119504564e-01 2.613517124355124288e+00 7.439061441224819049e-01 1.818303525224267136e-01
5.898065684538096320e-01 2.312654924575515469e+00 2.602581008172685229e-01 2.669224256230493086e+00
1.987671483385653026e+00 1.815575309451652908e+00 1.329721210053383507e+00 1.660664239056255154e+00
1.821509738363509934e+00 1.234573954351011749e-01 2.401036969132211318e+00 2.600427654796297894e+00
7.352426392913576914e-01 2.417940234360609786e+00 1.879682841812310601e+00 1.293821958872313660e+00
2.005803373024664271e+00 2.659170262420208708e+00 1.885588306955650495e+00 6.129342162397105609e-01
3.011487565476966388e+00 3.126912866379026212e+00 1.584055003391657834e+00 1.886451018756434284e-01
9.959875494239054383e-01 9.884416442890546772e-01 1.025678469751198918e+00 3.085658346982731448e+00
2.677823428362660074e+00 1.531590823911483712e+00 3.027327089116360170e+00 1.408533989831295186e+00
1.274820218579420406e+00 2.312851936992322610e+00 1.011589219424013919e+00 2.922399596181841197e+00
1.599415992921543461e+00 1.244877447397008119e+00 1.355017840936545870e+00 8.174040486643031622e-01
2.939418914047698284e+00 7.762753453327834174e-01 1.429068287960421735e+00 2.864416754458890324e+00
1.077801198156154161e-01 1.126358961023267158e+00 1.573655059566142045e+00 2.212754520046861462e+00
1.632048144563706948e+00 2.301771670766486824e-02 7.135484818372900273e-01 2.063580022471472208e+00
2.818886933125883121e-01 1.163321934307913752e+00 3.059233015052585269e+00 4.487075860349293843e-01
3.580996528818685132e-01 1.847222848178476262e+00 8.793162779595019574e-01 1.537542731635437976e+00
3.126845108533289341e+00 2.498321308513882233e+00 1.381339854848542270e+00 3.060657680594615349e-02
2.829064886913957633e+00 1.879738749252026553e+00 1.143712575281147226e+00 2.953979509592711494e+00
6.107684707318562500e-01 3.453376647078940098e-01 9.812879767921700580e-01 1.325439172148838107e+00
2.917273517720168741e+00 8.066082946723815983e-01 8.370001713192432025e-01 3.042830130714009873e-01
8.765762115013054911e-01 1.735185383912285773e-01 2.941901773686303567e+00 2.843073851883518799e+00
5.630244893490806563e-02 2.452036138944607924e+00 1.736770055724225603e+00 4.227177603317642390e-02
4.409471235418784274e-01 6.941000471827407647e-01 1.264893245535252175e+00 1.918491286721900890e-01
1.558413559865763132e+00 1.637039188650845301e+00 1.851771138958846485e+00 1.658890522395984224e+00
1.120938378597405721e-01 5.904866383902161731e-02 1.213969222286733984e+00 1.297252766566436177e+00
1.070835850201798944e+00 7.692139722348998454e-01 1.114900502975851415e+00 1.845242310562835719e+00
1.065805400457876306e+00 2.746784423020713461e+00 1.724540787901363892e+00 1.110560768777851370e+00
7.445977548393539758e-01 6.682111975110194280e-01 2.379703209603031056e+00 1.558722488195004363e+00
3.051708768212261710e-02 2.328231882094062843e+00 1.256265913019994684e+00 2.660260588026355677e+00
2.327144292600842768e+00 1.427738717120047296e+00 1.473067213347472704e+00 2.653602446119059710e+00
7.431088897126534309e-01 2.708123551966642228e+00 3.007587155105825083e+00 2.231048401892700372e+00
3.034508842528658601e+00 2.228735047058550300e+00 2.404477696682987276e+00 3.001678524985395224e+00
1.860115878388782784e+00 6.517729267715978159e-01 2.651005067498354517e+00 2.572516715662761744e+00
1.979633078254398271e+00 1.799215033948106335e+00 2.729210722391952615e+00 2.252574920528827906e+00
8.727272023617903551e-01 9.009372963020602088e-01 2.555548157184887259e+00 1.198755349507449219e+00
5.171097530315300617e-01 3.000636639582249021e+00 2.937562246026221846e+00 1.813931393282276261e+00
3.358080642099003366e-01 1.657081039464583183e+00 1.872334881450133270e+00 2.084970951424133523e-01
1.115489712673068734e+00 9.566865425097124953e-02 6.122717214976627353e-01 1.353697567762574439e+00
8.372401356438621267e-01 2.633331074435685815e-01 2.285839727471585814e-01 1.698179673460460393e+00
1.810739931613803311e+00 6.480210777692576585e-01 6.528362154226591274e-01 1.156227767075588941e+00
3.047677541159784731e+00 7.815820804335606997e-01 9.554440205781015161e-01 3.078724350078381633e+00
5.130871981253376513e-01 2.937441327895161658e-01 1.070432728163497993e+00 1.324876260361180780e+00
3.078517544256947680e+00 1.137990226556448325e+00 1.983971347004184649e+00 7.430083958001677535e-01
4.271792589576727806e-01 1.926178696040010463e+00 2.045971182594995330e+00 1.100070316625191058e+00
2.868560774660629864e+00 2.723031132555919775e-01 1.341280188411906771e+00 1.960225770634662634e+00
2.527536799819962710e+00 1.735408499692814743e+00 2.564768670121549299e+00 2.849626411365195899e+00
1.467436764651334657e+00 1.808919642320780730e+00 2.779874459105192486e+00 3.128122886643210698e+00
2.375744384513692964e+00 2.232320281581721133e+00 1.698304081962132894e+00 2.919779978082531757e-01
2.729573400612459455e+00 1.133589218132203674e-01 1.188916569101875265e+00 7.690654633448257282e-01
6.531199232289839340e-01 8.630969811904534161e-01 5.899187910906926735e-01 1.121336686178259878e+00
7.340581311273780551e-01 1.928565606377729891e+00 1.091004631732334751e+00 2.551898329089322015e+00
5.306178291557591686e-01 7.960523832595789440e-01 2.369436932706398213e+00 1.562802450748358440e+00
2.790510233419744690e+00 2.390697265571652519e+00 6.153468726387487653e-01 2.921199109361895196e+00
2.762958143526165755e-01 4.804520969194582269e-01 3.120895301632064189e+00 3.068564100721262733e+00
2.211413021806311274e+00 2.105153419262306702e+00 2.090287283624412851e+00 1.707879031840803696e+00
4.157851075648367513e-03 6.625651964804810459e-03 2.086799349618362776e+00 2.722024410871190625e+00
6.706830878405843910e-01 1.014479880916823173e+00 2.080906347967539372e+00 3.111489237160239174e+00
1.938750252304887400e+00 4.741821072603961129e-01 1.927121542390785924e+00 1.060993072537680382e+00
4.876036169776401530e-01 2.019170767364558472e+00 2.458923699378523509e+00 1.807565450043151278e+00
2.272118945730638107e+00 2.309552496991518211e+00 3.042123772412584914e-01 3.077553509543825783e+00
9.165663051996415511e-01 2.856677271155481979e+00 3.453566623005062675e-01 2.251438111631073102e+00
2.216715447889844093e+00 2.372877630931184978e+00 2.139990705492670120e+00 2.304857918641293413e+00
4.859576495214326664e-01 2.342568638879202414e+00 2.905967905961662101e+00 7.563420525744412037e-01
2.159217963217063829e+00 4.743696690883223432e-01 5.888170442684067529e-01 1.686529513425116367e+00
1.465385113584405596e+00 1.473432721666272593e+00 6.683233827556414042e-01 1.341732881655262055e+00
1.499149805049154294e+00 3.013022706518174942e+00 7.497691095222448476e-01 2.548462242189615257e+00
2.155844654304176711e+00 2.527059948169602777e+00 8.262412236777990637e-01 2.590241278480626352e+00
2.141649817081266338e+00 1.481782777707001619e+00 1.609526235718786058e+00 2.583938085624082781e+00
1.701811593214429985e+00 2.845401756084482425e+00 2.597056668499913457e+00 8.414595564630855673e-01
2.332833410807141572e+00 4.602154628375508816e-01 2.435319122256348834e+00 5.002585096533181119e-02
1.580592146264918396e+00 1.353597749654179561e+00 2.450317749332123984e+00 2.717692313852294372e+00
3.123080828057407832e+00 2.557299029700901727e+00 4.534014213940265603e-01 3.425210864049519355e-01
7.780791735212730931e-01 2.427823384425265463e+00 1.616043686372586885e+00 2.438767286012482938e+00
9.877089805862537819e-01 1.725340678305991249e+00 8.169958693490592117e-01 2.379907068504289125e+00
5.414571478882431732e-01 1.376442627220924475e+00 6.859674573760214944e-01 7.335746685429230807e-01
2.220770977881632469e+00 1.966392045896376395e+00 2.642484319231430234e+00 2.707422130862660037e+00
8.381708329807345814e-01 2.095134438221010864e+00 1.518047250357887679e+00 2.130052740721373628e+00
2.904833600685854389e+00 1.663622051743582464e+00 3.123951566204909547e+00 8.441863879905302237e-02
1.837186515461599168e+00 7.912480369138955583e-01 9.892617591507558705e-01 2.606129353962893802e+00
9.884513694668789485e-01 1.804176521041745751e+00 3.018205879169680195e+00 6.669024048729593757e-02
3.859467043246995743e-01 7.903133853728548930e-01 2.269635374689165097e+00 3.026874393038030853e+00
1.973449995247910316e+00 1.982299234746008665e+00 1.245138813584922621e+00 5.826190124488855870e-01
2.161117442602523475e+00 9.472685092970706267e-02 2.699542479708598730e-01 1.324537037805205264e+00
3.422373489146691705e-01 2.845389299421103413e+00 2.060299989777781171e+00 2.796481164181462642e+00
1.306715991462777504e+00 2.409189153221541702e+00 7.747721615842072529e-01 1.447165917086544074e+00
2.932880012710199047e+00 2.427812049734935140e+00 2.566151555489014413e+00 1.091910698911971456e-01
2.950900047094337175e+00 1.298891317890555674e+00 3.365558103313397165e-02 2.973378415094233063e+00
6.833144475723038624e-01 1.078703013249844300e+00 1.955705577495276071e+00 2.187567962068881489e+00
2.727322670367395840e+00 4.416035610882352302e-01 2.131570534479566154e-02 9.772788595476894491e-01
1.061574721587160708e+00 2.103181704684002895e+00 1.267026064717393874e+00 1.304017405947244468e+00
1.041495290976914401e+00 1.619241337571388994e+00 4.316982211046934137e-01 3.249919664834399202e-01
5.006027426246733025e-01 1.108524331223617709e+00 1.863949095051207872e+00 1.977732727063252094e+00
2.018274960626134984e+00 1.612210959297989188e+00 2.491855800170463819e+00 3.136226365796932036e+00
1.761574295308621307e+00 2.593340419992228085e+00 1.443190759938864920e+00 1.028231887630092878e+00
2.026342965468450608e+00 3.020423633188656698e+00 8.712248889221754222e-01 6.174195671156638143e-01
1.787974835722059286e+00 1.153734759153280942e+00 2.579463956880844844e+00 1.579261699995679002e+00
1.734103161440328167e+00 8.309637259147643062e-01 2.884558028893288828e+00 3.371302209497421126e-02
1.593156010759700703e+00 2.051074895429798595e+00 4.036512034030781959e-01 2.105323506501617370e+00
1.296085841222329060e+00 2.436415670255131616e+00 5.817360954673641560e-01 1.978546665997186482e-01
7.395427735865436891e-02 1.386943284204362303e+00 2.525695500082233647e+00 1.215206914337136679e+00
6.884415622293429404e-01 2.314152859444317034e+00 5.623683842563399482e-01 1.387853941196978358e+00
2.232137290542442809e+00 3.602205736673096403e-01 2.840881157075148877e+00 1.842641686150944258e-01
3.074964505581096130e+00 1.347084028953127399e+00 2.319506955101277246e+00 5.743487868929199047e-01
2.960460225598082307e+00 2.832789956259536446e+00 1.184458431528476074e+00 2.523325961513935400e+00
7.724962466239326808e-01 2.687822923796400865e+00 1.579558212300437026e-01 8.512846461513281504e-01
1.969023446813864986e+00 8.075972871719364066e-02 2.347145671662278943e+00 1.857296953152606678e+00
1.371556702224688395e+00 7.671624626683949399e-01 2.472725339680033885e-01 3.002039309168079040e+00
2.651323470559055817e+00 1.202053860285329512e-01 2.866878881832473080e+00 2.691399951343706132e+00
3.084895508763347283e-01 6.930234802226882262e-01 1.091649982225342708e+00 2.460004240028272893e+00
2.000881845893214273e+00 7.406174713453435032e-01 2.470131910686408805e+00 2.045443153941999714e+00
1.680986745605704824e+00 1.866193822656920798e+00 8.547383330667412960e-01 1.702773474500236459e-02
1.258917633466414054e+00 5.944980141865643386e-01 2.277608246502620837e+00 2.856039160015384937e+00
2.628217847499926041e+00 1.938602770350920934e-01 2.801346741486675729e+00 2.946114092463012479e+00
1.717590073413232998e+00 2.460040169547591526e-01 7.857774750510682082e-01 1.746012062963463729e-01
1.781395578698462989e+00 3.060246521518660057e+00 9.013642280189554379e-01 1.749817842747595220e+00
1.242119083531403545e+00 3.038816350223700891e-01 1.994731172150737475e+00 2.061256618753497083e+00
2.239204145425214509e+00 2.582460511587965524e+00 2.531415069830146081e+00 3.720055681081566590e-01
4.790186346645635140e-01 7.210321402565990079e-01 2.208925317051223747e+00 1.063725094542500305e+00
2.606347543544538237e+00 6.396729786292598696e-01 1.589901459493481273e+00 2.920776631357095532e+00
1.114586166730307859e+00 2.209122822882497728e-01 1.259930161080221378e+00 2.012169489405648992e+00
1.303981953468818844e+00 2.720552708827581156e+00 1.520121974497659068e+00 2.843704894422007801e+00
3.084473736837953339e+00 2.226613176716462306e+00 9.475799078226795347e-01 2.272025530888566180e+00
7.424688283623078755e-01 1.963479497444003408e-01 5.136789602486960815e-01 2.170732112361259958e+00
2.617476919418948444e+00 7.068352408090813332e-01 1.355922101713278982e+00 1.970180624283091042e+00
1.838083292650297462e+00 8.422125078241673446e-01 1.679342641968052163e+00 1.289476980301190068e+00
2.244346145439961582e+00 1.846248492674493535e+00 2.733905628396860799e+00 2.952195977950595296e+00
2.038928815878580103e+00 2.513704249717122252e+00 2.770125133852494592e-01 1.052081201624621487e+00
4.514908191513122282e-01 1.644863256250454764e-01 4.818964652029649742e-01 2.319787225021256116e+00
9.248895138771657809e-01 2.384997898839210873e+00 8.459835042191060639e-01 1.468390826689469408e+00
1.445792358253848331e+00 2.188479230967014022e+00 2.369931864893469964e+00 2.754380903573813821e+00
4.842750164027153637e-01 2.619032096164059631e+00 1.316958369168318432e-01 2.418728042821718938e-01
2.558173368986487173e+00 2.353439090895665498e+00 1.880783799948068991e+00 1.738564891767486964e+00
1.598667058743605374e+00 1.947632222798605595e+00 2.983880868842336387e+00 1.263805814160478658e+00
8.018955233651763326e-01 1.906577176285312980e+00 2.602804638461642117e+00 2.653961776777584713e+00
3.119232586692662235e+00 1.786873782161229940e+00 1.486801369105048565e+00 5.227079442557595046e-01
8.835918458465364944e-01 1.328778458847376998e+00 8.522171974043909470e-01 4.925425835668862384e-01
1.369685462022904199e+00 3.140151242020727262e-01 2.648780456289201446e-01 1.790018881062654055e+00
2.977728819728754583e+00 2.309703952924267334e+00 1.528651805066679970e+00 2.013831114441348435e-01
2.537986661112753950e+00 8.626353678930233082e-01 2.036460212939390946e+00 3.102178321452535581e+00
1.257029544712817248e+00 2.600378189604224399e+00 2.617545273650381699e+00 2.078390811043729247e+00
4.877433461444850571e-01 5.731853514121824228e-02 1.495745991749436010e+00 2.969925244745137416e+00
1.990121842707245126e+00 5.884139072169211060e-01 2.069111983017962064e+00 8.079863160725823112e-01
2.605891157632247435e-01 1.748782337567577061e+00 1.392451387895717874e+00 1.349628333827646465e+00
2.176518637916671661e+00 1.273645007226027914e+00 2.857513451084936484e+00 2.098802225807835597e+00
2.677474769531150933e+00 1.000872156087134202e-01 2.425831459917376254e+00 2.407849713412655746e+00
9.415636827667110964e-01 2.603489251316039255e+00 2.831011318032808255e+00 3.302766788631261718e-02
1.548551675743916611e+00 2.951001338806717555e+00 1.586358775473222460e+00 2.014939533856076270e+00
1.315837410050272993e+00 2.612101107998595406e+00 1.384064126776613834e+00 3.128150877582808853e+00
1.030733204490801747e+00 3.115939880452522015e+00 8.436100497604887005e-01 1.543766932430911343e+00
2.813564184179795813e+00 1.324629517190519801e+00 2.986977637277289599e+00 3.014867569994283070e+00
7.035394052686615163e-02 2.184727397102983026e+00 2.128595698864993668e+00 2.930883563841460315e+00
4.987894318647054237e-01 1.570795578066716824e-01 3.119024837612517587e+00 2.131969507352717841e+00
1.805041540449475512e+00 2.586200306887656897e+00 1.084592899937494970e+00 1.138821186822285281e+00
3.660240274295527563e-01 1.672850757567758917e+00 1.870752622205161586e+00 1.788055349846176867e+00
2.363293080745394903e+00 2.118082346169054553e+00 5.622481333929340436e-02 1.208113025359383919e+00
8.796370809268000412e-01 9.354586170911727283e-01 1.766860920958227776e+00 2.727774015620618719e+00
1.142301072645217852e+00 2.401249409082744091e+00 2.774984132427049222e+00 6.965157724207559076e-01
1.520170468340063252e-01 7.919977115404152057e-01 2.556780271265169713e+00 1.384569469354772764e+00
5.321933462227557143e-01 1.944184774310931674e-01 2.858381422406771843e+00 3.121752525072691853e-01
2.654435782278858014e+00 1.660540356933643213e+00 2.502201265613681613e+00 2.271494828467671923e+00
7.487546150303515669e-01 1.653997567520938183e+00 1.730724385883150696e+00 1.044158005664802324e+00
1.659339723770749009e+00 3.183598756088749093e-01 9.678884525776538794e-01 2.844166968060273692e+00
8.393919470455679654e-01 2.284518528367968093e-01 2.675586833560040567e+00 6.982806712687443795e-01
1.367074305345280294e+00 8.609229669773436067e-01 7.016276543971698976e-01 2.426209126609037980e+00
3.035986336553770926e+00 2.891714616280373296e+00 1.756669771475685149e+00 2.662322744566565813e+00
1.059216230390605418e+00 7.034025716432841246e-01 3.021320983747719957e+00 9.628405252826072180e-01
2.389638145597942298e+00 1.972947892558442495e+00 2.614206703076017213e+00 3.002825453917331092e-02
3.873288687638357097e-01 8.425805469803160364e-02 9.934974480491188809e-01 3.071406356918124914e+00
1.806391032981444988e+00 1.219572879435253610e+00 2.882831136850915854e+00 2.521635783001513698e+00
4.533520850927382773e-01 2.236290066864673687e+00 8.470898037477495590e-01 2.315865421166598548e+00
1.891139409901259949e+00 1.224037163862670363e+00 1.444532820799970585e+00 1.381068103671215797e+00
3.122792198196254532e+00 2.973287889952296759e+00 1.282428927349761771e+00 1.728551756625701818e+00
3.012242538743692855e+00 1.696749994883895107e+00 2.040065397460717467e+00 9.076181331937387409e-01
2.703242634372897246e+00 1.529603812908445049e+00 8.446613166773146997e-01 1.704713724547007869e+00
8.383535305836255225e-02 1.048951436793405634e+00 2.079193916310887680e+00 1.920604976704789912e+00
1.703923421371820401e+00 2.937097595208095768e+00 2.454450333278667351e+00 5.924562733060774189e-01
2.308467944318348231e+00 5.570155122262122616e-01 8.607783606649195285e-01 9.575491894050707220e-01
1.287807802182006967e+00 7.531087286139559467e-01 1.755446123610391318e+00 1.896633143683153166e+00
1.286586435988798627e+00 1.834147528595850840e+00 1.453752068304906997e+00 2.207899700011848321e+00
3.186163735867593161e-01 1.588043900136644204e+00 1.536475731827659841e+00 2.419714390164723561e+00
2.116164145526895357e+00 1.690694674172734668e+00 1.753861144281002371e+00 1.930970903410510475e-01
5.356680816636026909e-01 2.085842307755476188e+00 1.287979519903242442e+00 1.407115995297885336e+00
7.446313812393134945e-01 2.734118509937128128e+00 1.301149270107021305e+00 8.933201773745964580e-01
5.143349112777102494e-01 9.514395130800413769e-01 2.795737815833449283e-02 5.103968420168335518e-01
2.506106316125189970e+00 2.435492772613733425e+00 7.750774221770080352e-01 2.523622120099353605e+00
1.063708571971486494e+00 1.615048908532114691e+00 7.222374462455581900e-01 2.621686119140664406e+00
1.460243169595554225e+00 1.422793987466685617e-01 2.269653556284506379e+00 1.603207953496112781e+00
2.175160717172267333e+00 7.171873203146172937e-01 2.836429574102774520e+00 2.406574988904987278e-01
2.322003931194528636e+00 9.333725773262051550e-01 1.336857045843737435e+00 1.660549861721229536e+00
2.448467746905438780e+00 2.384481740575975728e+00 1.705648027082786955e+00 2.712157352097920526e+00
2.043954345815513829e+00 1.203415940275388341e+00 3.100119165286123302e+00 1.831574002967185422e+00
1.468741685644403994e+00 5.210821359198026803e-01 2.744184715821196274e+00 1.714084115844325851e+00
1.298461994444740419e+00 3.120674433106281342e-01 5.450668583829757496e-01 8.531222173199124459e-01
6.863795085419648334e-01 2.265268856291177801e+00 1.496819150355072070e+00 1.835799071035534580e-01
2.286840703235007322e+00 5.745024829154121715e-01 1.028489041821158967e+00 9.883108772374200601e-01
7.690357257011956049e-01 2.200337449528712297e-01 2.092872078166299055e+00 1.276076836133718251e+00
1.981258142595688110e+00 2.789386198185695331e+00 1.875170725432649066e+00 3.832032700345686105e-01
2.128671007980874830e+00 2.392473051551226693e+00 1.808029626463330208e+00 4.861317483743141099e-01
8.503586275622395663e-01 3.101071024317479941e-01 2.006488826021475269e+00 9.371923622404489951e-01
2.884249258194937493e+00 1.958522961930655892e+00 8.642787325817486987e-01 1.869711265619845131e+00
1.040050041118945501e+00 2.669432962167700651e+00 1.913625874371158275e+00 2.468397668344176898e-01
5.004270143470520571e-01 1.594198176414905466e-01 1.699115681381343057e+00 2.691211547685304240e+00
8.597786633432951131e-01 2.198937910074561519e-01 9.199886206190799331e-01 1.141391009898335751e+00
1.090462144905875341e+00 4.422032293071406217e-01 9.056919747784910601e-01 2.460386243347970403e+00
2.063698637823895954e+00 5.664479033993281565e-01 2.301957706406647652e+00 6.848712586962613091e-01
1.118476509826250131e+00 7.327198019926780548e-01 6.084781689119157511e-01 2.650975833718068664e+00
6.382598308126387066e-01 2.153628195633107811e+00 5.116627119988602646e-01 1.282199243503691077e+00
1.420916047357766887e+00 2.135222985275889440e-01 1.902819085364506835e+00 1.285131527237997284e+00
1.401386568235394758e+00 2.425089858696995448e-01 7.045765822126666134e-01 2.684727807168834524e+00
4.999841488948087442e-01 3.064779186398376432e+00 2.050088390302079677e+00 9.949155419597282002e-01
2.313980253600754988e+00 1.783595175432827862e+00 1.755105962583778378e+00 2.418976431014862261e+00
2.897297233459301680e+00 5.212870326589245096e-01 2.515729688428621103e+00 2.296831847382050817e+00
2.767414838155295875e+00 5.678002808847636418e-01 2.145676983833705087e+00 3.313394207119358392e-01
2.254596673362732506e+00 2.433397990983397374e+00 3.137587551361938676e+00 1.652499497323238753e+00
1.464902836126484864e+00 2.991085117038032148e+00 8.802028822935150654e-01 1.291918959016437718e+00
2.785063278592858182e+00 1.761416294365562463e+00 1.536101908785174885e-01 2.094450889503352453e+00
6.598093176021333495e-01 2.494588498169332258e+00 1.380127410009898359e+00 8.166531376236131345e-01
2.028365132587730546e+00 2.522816013481552044e+00 6.904982534798163873e-02 8.303832530117566391e-01
1.079506277398196934e+00 2.688190536007498022e+00 2.774228239599886070e+00 1.949992352232993831e+00
1.947531541745248340e+00 1.140628955571885816e+00 9.360104555116610658e-01 1.790447753009418941e+00
2.755026692930979682e-01 2.661144019511067604e+00 2.617064638463005188e+00 2.344144641772012427e+00
1.726897581142678995e+00 2.844725266831338306e+00 1.714530551101756561e+00 2.102612608498105384e+00
1.909788901376607173e+00 1.634543484057051410e+00 3.045954875780849225e+00 1.616899061071340515e+00
1.798998394696083469e+00 2.793877800929774224e+00 2.162260619903924486e+00 1.522426188302741012e+00
7.872626493764404154e-01 1.664011456208567274e+00 1.301149150194367277e+00 9.232517779315144724e-01
1.966112069690189701e+00 8.385638436042357480e-01 5.075410607878889646e-01 2.269577862161532567e-01
2.959139098767023857e+00 6.372341345886719521e-01 1.312709495337081034e+00 4.258156990132094810e-01
1.934172996233191333e-01 2.968945304252087691e+00 3.130846976262316783e+00 1.980193675809570397e+00
1.445043350907527113e+00 2.356129382953063567e-01 7.622205091073058769e-01 4.119148663263178523e-01
1.998298860966153168e+00 2.018084087977587870e+00 1.853636891845680479e+00 2.192475954513294134e+00
2.180072504375314857e+00 1.380984474888087288e+00 6.000189838195617471e-04 2.838392805775307171e+00
1.388480031969032691e+00 1.612986411019614819e+00 1.180878314343025037e+00 2.737942997622259789e+00
5.574460289983284023e-01 2.444393476712439783e-01 3.102925071288650805e-01 2.465392134994610185e+00
3.103851522889488734e+00 3.132698800927304017e+00 1.948756201922549058e+00 2.577644693878952342e+00
1.867875189895581434e+00 1.981380286348320308e+00 1.344076972839337802e+00 2.682512084841860656e+00
9.255897083489974531e-01 2.903594708133602431e+00 1.112004663408687311e+00 2.929863672726022106e+00
1.139106209834158223e+00 1.380130837297565805e+00 1.100120745074375517e+00 2.672720171469014083e+00
2.807312205557277451e+00 3.831259249253231580e-01 1.128200207239061781e+00 2.871082034490321178e+00
9.260693361449517935e-01 2.860432892312459341e+00 2.922951617806047730e-01 2.662826158077396532e-01
4.639965806388628433e-01 9.851582894750212649e-01 1.644740505687754428e+00 2.849410492474248269e+00
1.157580307305081241e-01 1.582330318302356931e+00 2.891762808813824748e+00 1.140066987638585827e+00
2.967411843138431649e-01 2.882742810389192112e+00 1.430459575564389407e+00 1.944173270959236755e+00
6.913318073168670530e-01 1.078718525789862603e+00 2.325966872722597500e+00 1.955213340792105514e+00
9.539049910397812138e-01 6.460753744581299030e-01 2.701723277967117642e+00 3.851756602650254213e-01
3.011105613179363427e+00 2.224485988699091088e+00 2.147764865098474196e+00 9.075507348771859606e-01
2.982638714147002990e+00 8.072347175096598049e-01 1.010970572399055856e+00 1.634690513033059400e-01
5.873866575580541927e-01 2.608912117934789610e+00 2.597944164077374829e+00 7.016247482047286432e-01
2.395561146429734833e+00 5.565805933585062926e-01 2.438959892761562109e+00 2.540837784718551706e+00
5.306884553708545171e-01 2.807891108751972897e+00 2.356446973902416087e+00 2.086342560046494654e+00
3.380930059123036235e-01 4.773252435586413656e-01 1.720569061241009168e+00 9.526710749716884585e-01
2.231557149591778533e+00 7.360149052538399461e-01 3.346917517518996354e-01 1.218527985321231411e+00
1.841009860138260956e+00 2.029888478648329553e+00 1.683551149599936014e+00 9.933393470660720759e-01
1.983141582425068938e-01 3.479623767972222503e-01 1.466208078153483862e+00 1.287759560145328663e+00
2.123269870141240467e+00 2.980747890966341185e+00 9.765965481401955861e-02 1.801894667899969660e+00
2.602581975447681994e+00 1.979089492124276095e+00 1.618072297448958752e+00 2.935755524921108250e+00
4.996676751491166413e-01 4.283873082337698590e-01 5.835019292363085031e-01 1.457683705281451081e+00
1.307862109019959362e-01 2.794861104070806235e+00 7.655557694291318382e-01 2.318268366701051963e+00
2.962892011230757738e+00 1.559505222086553289e+00 2.315413628583328887e+00 2.125851706243621297e+00
5.738541081646161279e-01 2.721340810784745212e+00 6.784174958278301748e-01 1.362448488749019582e+00
1.715379555234068487e+00 2.768451560595404981e+00 7.566148919305926146e-01 2.600808713088662016e-01
1.234940951402556941e-01 1.089721808671063163e+00 2.510710706909756951e+00 1.076898658840444778e+00
2.251826853328894096e+00 1.554386434867780498e+00 4.054314740351330076e-02 2.252524016564688036e+00
1.509579210065847166e+00 1.808378622627502486e+00 1.400805514036655985e+00 1.532333153429993322e+00
5.792143730701758697e-01 1.780669038219361067e+00 3.008567290974157427e+00 1.501114459962831216e+00
6.175486013669887475e-01 1.293775556629636059e+00 1.734214155648327038e+00 2.230751911683027444e+00
8.722632252177671131e-01 8.964517629987459602e-01 3.049009685056282226e+00 2.835171043529506996e+00
3.018972318485494188e+00 2.762636054832130414e-02 3.563853043983620794e-01 2.551749075409007195e-01
1.190723603449502122e+00 4.086760217604768486e-01 8.718775847911282018e-01 3.106306406308214196e+00
4.984085909573007789e-01 1.011095235320678132e+00 1.367824591567992076e+00 3.489876380407590517e-01
2.966620251916352036e+00 2.643194368818171824e+00 1.204530806992608838e+00 2.257293163062226160e+00
1.248107138621464829e+00 1.235924076642547442e+00 2.812542954742637047e+00 3.676892092876434259e-01
2.275650687948504114e+00 2.049769809698777756e+00 1.009597986010906112e+00 4.406462571718998689e-01
2.871647428978802097e+00 2.376203960476168386e-01 2.619441956741479505e+00 2.449312540062890786e+00
1.921527604262118549e+00 1.719319570051938140e+00 2.355518398635870980e+00 1.912838771964275320e-01
1.453973205431346782e+00 2.368656106114737980e+00 1.396968863969009655e+00 1.741352826053515601e+00
2.652390268776913529e-01 7.977246895938205906e-01 2.629344423519855312e+00 1.815749948879694209e+00
3.722828856464533986e-01 3.085925816416081435e+00 2.491528974812405650e+00 3.716247274801034312e-02
2.826912545323162274e+00 2.073661621189764936e+00 2.519941988676855260e+00 4.813985200737126435e-01
2.579381518616649660e-01 1.638088658741509329e+00 1.756543270210847218e+00 2.885096707369023239e+00
3.568357823571807058e-02 2.663493993547178640e+00 2.611611614482925781e+00 8.829554807873532529e-02
1.637307425911069148e+00 1.458366726455623819e-01 1.769317996470333831e+00 1.647314108856420711e+00
2.503964959431991488e+00 1.278127849584087761e+00 2.242601764795964403e+00 2.998078556017487184e+00
2.488780992153453386e+00 1.105904322795324246e+00 2.272143148321689843e+00 8.741902126598301015e-01
1.478120543480956561e+00 2.690962688627181354e+00 1.098679675539911416e-01 1.962361021033963926e+00
2.889112672306545226e-01 2.784569763498751183e+00 2.685972853839684760e+00 2.946589346231959450e+00
1.340618445041540596e+00 3.046389970704856065e+00 1.066144556888597994e-01 3.994676708612539540e-01
1.891465928764084703e+00 6.062670961998982699e-01 8.823489715507092379e-01 3.507598804878033216e-01
2.353180476265955612e+00 2.247299715282566002e+00 1.516761887320268398e+00 2.990272988428047896e+00
1.645521242521962302e+00 2.737638254301631324e+00 6.579121575590836102e-01 2.138576180368721324e+00
1.428154001449321919e+00 2.604292335817837589e+00 1.401068375112843045e-01 2.408794368260456675e+00
2.824048911325270250e+00 2.812492282526313225e+00 1.065360273044282158e+00 2.037186766516009495e+00
3.005297170679924523e+00 2.001635621600840853e+00 4.228216870867934074e-01 1.490787841027307215e+00
2.160401597065476409e+00 1.685272076648735906e+00 2.634525050615155184e+00 3.100178778836466087e+00
1.737924666662682638e+00 2.029531240453441132e+00 1.110626240115743180e+00 2.166239715645116970e+00
3.053552859427703936e+00 2.804284617569216209e+00 9.883256047655901433e-02 2.516475402120990523e+00
2.915541761434913504e+00 2.870672258596521420e+00 1.939745306858601026e+00 2.114924631194741445e-01
2.142401974302976519e+00 1.729207784424214633e+00 8.201919085910764906e-01 1.894390228972509638e+00
4.188290257313251885e-01 1.757718862089987066e+00 2.293461614107389579e+00 2.534354336983660083e+00
2.876386217309848448e+00 1.905102718066225886e+00 2.043582947574216213e+00 8.097312579984717873e-01
2.434190229330020383e+00 1.895766046007855143e+00 2.601345379082674381e+00 1.335674220449406313e+00
1.028361245591634887e+00 8.127064331832244415e-01 1.657865846010129873e+00 3.730532768731280591e-01
1.768756910522801151e+00 1.976500644924823469e+00 2.969881601909771351e+00 4.282118400561737287e-02
2.752833643958441989e+00 1.473782969737585047e+00 2.151223378359015115e+00 1.387654643933308174e+00
2.598082024407375012e+00 2.773782693418628043e+00 5.500797660865609506e-01 1.007739630568958322e+00
3.305259353039802228e-01 5.904735444938297162e-01 2.630839989401538404e+00 1.016335293465587819e+00
6.878889574168235432e-01 2.445032559029517660e+00 1.102754457407746136e+00 2.018126622956500249e+00
6.149252213726673633e-01 5.611804603906280636e-02 3.842876677095479615e-02 1.069628857010560763e+00
3.978118099089000270e-01 1.950761291936856656e+00 1.975676406144542208e+00 9.078703495090996167e-01
2.608499022464418449e+00 1.325203955610695150e+00 9.806323958834763099e-02 1.391680104340364599e+00
1.742245567707675136e+00 1.071779270184980648e+00 1.182205196499118038e+00 7.971417690640467124e-02
1.203860184228362273e+00 2.491809095743548141e+00 8.427427204634093671e-01 1.677031563707876760e+00
8.102389030740538844e-01 3.564372058771967389e-01 2.509103348632797381e+00 9.707783146797273055e-01
9.258918843228354234e-01 2.919646702091657775e-01 1.540432790543955877e+00 1.928364542380612168e+00
1.392503308584261745e+00 1.311880495262991664e+00 1.288374954423200824e+00 1.239609420192666844e+00
1.167003541510782449e+00 2.855693658334168550e+00 1.515096252092911433e+00 1.496369456627235195e+00
2.276459977503011878e+00 1.207683332799575515e+00 3.356369440372658497e-01 7.933228974548093282e-01
1.789740853759508310e+00 2.997193070802803838e+00 2.896596124789284854e+00 8.025687304848331260e-01
3.305477661564994452e-01 2.300803263058770476e+00 6.209692906358043052e-01 2.706507524104856177e+00
1.417184748022947360e+00 1.283757430470147343e+00 1.142628919953992128e-01 1.770387437680110754e+00
2.031818091878835109e+00 3.916123196937971729e-01 1.691688687715023898e+00 2.810221296308944794e+00
6.642464548568417781e-02 1.485450334619156099e-01 4.299339968162766423e-01 2.335316035025499559e+00
1.045028686629005721e+00 2.443564233635253213e+00 2.476759094407539052e+00 9.303300353017606161e-01
2.351213803889615317e+00 2.659379747640201241e+00 4.326769365149747970e-01 2.328150012819734549e+00
1.468509073292979750e+00 6.043245990285638358e-01 4.124069762302600695e-01 2.566804980873697684e+00
6.590492528592239996e-01 1.042847298390763733e+00 7.935014723054915065e-01 1.316249382572225457e+00
1.347375870431373412e+00 2.624682583151906279e+00 2.386695874284756602e-01 1.100327929752316303e+00
3.137171457836803068e+00 2.307611287281580381e+00 2.425980463613310878e+00 2.501739321982743292e+00
1.131362658867056947e-01 1.791104806704839625e+00 7.540064491408928760e-01 2.787853235162547350e+00
2.943370288909185728e+00 1.847860552521424671e+00 8.670988710142181199e-01 2.645977721233822244e+00
5.536740042364515224e-01 2.892084796523799906e+00 1.808498282425251291e-02 1.386915983173766742e+00
2.923368088504550322e+00 7.960614147346859459e-01 1.366550003290791349e+00 8.066210528199710961e-01
2.919259740274670278e+00 1.184143369342407270e+00 5.413210629849253275e-01 7.539796439180475041e-01
1.966094868096937676e+00 2.198859309622732461e+00 1.683471925340070952e+00 2.026067489520857912e+00
2.703160930110418025e+00 2.227004871496643279e+00 1.113129607346728944e+00 2.688883094890653913e-01
3.011887527887076921e+00 1.615113431950017997e+00 1.777003329888200200e+00 2.388542714723976612e+00
2.835716858429558229e+00 1.177563994140138348e+00 3.634303812154185964e-01 9.843063101062907161e-02
2.813073800064780361e+00 2.534449932324406962e+00 1.261921197684702900e+00 1.259255363220393109e+00
3.059582760494436116e+00 1.790132498025639896e+00 4.837278760585482229e-01 2.026590093363192846e+00
2.978256343862707656e+00 3.138523490228249724e+00 1.652751149509184891e+00 1.264599148381595928e+00
2.421199310017944306e+00 7.488128980593682371e-01 2.717590319866317383e+00 1.876852630361725893e+00
1.432027461673331281e+00 1.669087443925904468e+00 2.613358232680363269e+00 7.727591728771081581e-01
2.711692460336821764e+00 2.122197531457612474e+00 2.513432543000515551e-01 9.374291406887335087e-01
1.501145700102406666e+00 2.369333699450246300e+00 2.758469711278944025e+00 1.009863119513753738e+00
2.408051961486465942e+00 1.021402496450230624e+00 1.606373266995638316e+00 1.738839434986636734e+00
8.826632798254613332e-01 5.543878484454175526e-01 2.653297868301442097e+00 2.068183946155004449e+00
2.631543326630301216e+00 2.797880052710756793e+00 1.200705195535921366e+00 4.108198889682471155e-01
1.830232676013406445e+00 1.322261072363799750e+00 2.599252066763173108e+00 6.151370447544767250e-01
3.074743102793523697e+00 3.007847306227369621e+00 9.565426836068303684e-01 3.119641677609347186e-01
2.626163629352185946e+00 8.807782688223138312e-02 1.644964064282916194e+00 2.084859816950153988e+00
2.001334034721285349e+00 2.806466012882792960e+00 2.157036999917537390e+00 3.091313131645538004e+00
1.662472655910504526e+00 1.858066717213634478e-01 2.660905980014771632e+00 8.142160495318426783e-01
1.218260319338872355e+00 2.036116785488641945e+00 7.835569621699994824e-01 2.097335090555433046e-01
1.693400816220513416e+00 6.658868493907886821e-01 2.644073572225522639e+00 2.929066911180634669e+00
3.685535905979764326e-01 1.853879886638403196e+00 6.807535122019368057e-01 1.289709732758722360e+00
4.640033301572318164e-02 2.022144847324426120e+00 2.373930475812725316e+00 2.957637133224074732e-01
2.281951815449487331e+00 1.329275200305245486e+00 7.829603473881585618e-01 2.101746505235344120e+00
2.003765724664337444e+00 1.182544287576951847e+00 2.712910497396713083e+00 1.758544107776318643e+00
8.401186198870634891e-01 1.954707268535899711e+00 1.554107027228861515e+00 1.795127787669414277e+00
2.175520345150893320e+00 1.318655754165348970e+00 3.640374962151397553e-01 1.569966985691438666e+00
2.601461024241241038e+00 8.339743282230095422e-01 1.357931720443852353e+00 6.601049810543470064e-01
1.249615423140106429e+00 2.855135643778153209e+00 3.134339178755456146e-02 3.132875463496768376e+00
2.865311934169838093e+00 2.345830234564599159e+00 2.457767021580278044e+00 2.294639444847748955e+00
2.686838277315659607e+00 2.464177796904263307e+00 2.471697266554293559e-01 4.562444871763509102e-01
1.956079474530683093e+00 2.406819554696556729e+00 3.106721904082937691e+00 2.693777219447936133e+00
1.935726287371822174e+00 3.051943723125545294e+00 9.212193365924306043e-01 1.003538085595524626e-01
1.207520185916898664e-02 3.116322146175854790e+00 2.300257289966095797e+00 2.072504138122479578e+00
2.452687107263440969e-01 3.547581032647582622e-01 6.196683762823881336e-01 5.239990785020048891e-02
1.030019604495174823e+00 7.856988947964821390e-02 7.964702771930237679e-01 3.012585538409455310e+00
2.524753328688507548e+00 2.427645659504427122e+00 6.781550044501061247e-01 7.289738229808214731e-01
2.433222134783855850e+00 2.413610882865707907e+00 1.079300988361911129e+00 7.298041064899604136e-01
7.860586589713657313e-01 1.785828175855322941e+00 1.287567446649384717e+00 2.175965026868800667e+00
1.596976044154107877e+00 9.677426245012573647e-01 1.669777172787977604e-01 1.027928311192871869e+00
4.819326125077953438e-01 1.305768344892133115e+00 1.510901469089161564e+00 2.530522862222546188e+00
2.944823953965268748e-01 3.025844126891150676e+00 1.129462737385635712e-01 3.045446662909079283e+00
6.526199963560843642e-01 2.947095594466623059e+00 1.327298947927740613e+00 2.428197036648254148e+00
1.441073836687173815e+00 8.021829004108457228e-01 2.524393905893788759e+00 1.353445422116118513e+00
2.456150027747334263e+00 2.263592876903694595e+00 2.025509643040748209e+00 7.715136375612020869e-02
2.681478057111363000e+00 1.275488200979191467e+00 8.715584511925743572e-01 1.603265706990051997e+00
2.680556490501040834e+00 3.132472251884193870e+00 1.647036375408425180e+00 3.474780056133677242e-01
1.966438520538410284e+00 1.513195573970933738e+00 2.788767995283151890e+00 7.432878726033098626e-01
1.337751368255188700e+00 9.737900195295423611e-01 9.565545913896139618e-01 1.292530332616925293e+00
1.543246797048500651e+00 1.659053300657338470e+00 2.204414995941139932e-01 6.000134877812131062e-01
1.781891981199092756e+00 9.277756275524099427e-01 2.688432290452737128e+00 2.429105986757372548e+00
1.254804531128313805e+00 2.230320553336840650e+00 2.684964003828663515e+00 1.576612090446937398e+00
2.815889987931412097e+00 1.654810660304011360e+00 2.791178957154183404e+00 1.489914855163475549e+00
2.776873286273005448e+00 1.072687611433714272e+00 1.604827179806521453e+00 2.749698182137235936e+00
1.622076831429343002e+00 2.878086766330310908e+00 2.427687151728967763e+00 1.928443373014362860e+00
2.744308487645626737e+00 1.672808956347557885e-01 2.059819997364756627e+00 1.929521694477893012e+00
3.063648975243893791e+00 1.778187760398763084e-01 4.188306930062513644e-01 2.079890379683175361e+00
3.913300836303938990e-01 2.214784468308242271e+00 8.960972882405110473e-01 1.261699679055428014e+00
2.153647323319448637e-01 2.265873296151380348e-02 1.808927744045791597e+00 1.742371127418840926e+00
6.674532020733415782e-01 2.317748590799451947e+00 5.544976002832372464e-01 6.591285110092458543e-01
2.511807693768719485e-01 1.921362410200460058e+00 1.206918650750649968e+00 8.412831892664390798e-01
3.003478983754958254e+00 6.369019704697015394e-02 5.855009679689022750e-01 1.985671686286673232e+00
2.984034004403235407e+00 1.093187167871310539e+00 3.103184594782937733e+00 6.491793985369490594e-01
1.573060849563351349e+00 2.555697788877089316e+00 1.336448404294348524e+00 9.060570786678452393e-01
5.283438204182743236e-01 2.415717920072361746e+00 2.421060001643105863e+00 2.296576705023574583e+00
1.996447135692195562e+00 2.170892773407970378e+00 9.942589467774549661e-01 2.859919176795247875e+00
2.525128632263161865e+00 3.061108560480726659e+00 5.847674148680306327e-01 1.425299531923653884e+00
1.053682850620279443e-01 2.200950415505579794e-01 1.909106158168762724e+00 3.603581810809881047e-01
2.264148733581734962e+00 2.555236921552851648e+00 2.320211431023392556e+00 1.322376341810276301e+00
2.047396008734799544e+00 3.061309893554918116e+00 4.287264402380932399e-02 2.114059637732869756e+00
1.472881857123566673e+00 2.703338413951360319e+00 1.779213315143793883e-01 2.592439761245162178e+00
2.802000953612554301e+00 6.066087795374829339e-01 2.423971780241059637e+00 5.301818988710090830e-01
2.856408626913279347e-01 2.323804965655426269e+00 7.632627896329965411e-01 3.917915547213037808e-01
2.584681103257929546e+00 9.714833621355840887e-02 3.031018330531461302e+00 3.060012967939345074e+00
6.095584878212297886e-01 7.487516816673198128e-02 2.317676378339294185e+00 1.564961553092762969e-01
1.575778025536681115e+00 1.381093573348769699e+00 2.450467590371987470e-01 1.765122226647608983e+00
2.578708552430389211e+00 1.724575000506249678e+00 2.018946173563034741e+00 6.358893251583178641e-01
6.408608636509198764e-01 8.092152450004197473e-01 1.959393459918324032e+00 5.004478434154703281e-01
1.830051476843388203e+00 1.175365461664994005e+00 1.832402105605598908e-02 1.977244682475829629e+00
3.074392338781476663e+00 1.320019921516375039e+00 3.021903211926975530e+00 9.750384247809121829e-01
2.192857923696253764e+00 3.028167326083079036e+00 2.860583556564381791e+00 6.222885514789963657e-02
1.543968350293401404e+00 2.162700443274154782e+00 2.261950029194214729e+00 2.823029332376804645e-01
2.503822618170930436e+00 1.344558370678540227e+00 2.129338602491068766e+00 3.069465253669140026e+00
1.876281401222380740e+00 2.912576046653099660e+00 2.996671645940737871e+00 2.821979735701278802e+00
2.893851238976082652e+00 1.703042506406961643e+00 1.733067530901569064e+00 1.636971251724939347e-01
2.813328308374203779e+00 1.586341187105406725e+00 5.362859009840779123e-01 9.297576452738191832e-02
1.661567750960599166e-01 2.809370859218594418e+00 1.359474562141381959e+00 4.796163578406834604e-01
3.063602577666975524e+00 9.099419854250174744e-01 2.395846026202038459e+00 1.611146608413171144e+00
2.797949391643286265e+00 5.292657650183643092e-01 1.575540763290991908e+00 1.133043781550562012e-01
2.049512383176119723e+00 5.231926181841288770e-01 4.818995267090722678e-01 7.861403861042896013e-01
1.711505543095264592e+00 1.031273563848859931e+00 7.923462554063005481e-01 3.139711145317233942e+00
2.223164684692709336e+00 2.633257531204053592e+00 5.977004003774628593e-01 2.567812296901146762e+00
2.411482286874432890e-01 1.843518904940038450e+00 1.870618357567034540e+00 1.130704573749047759e+00
1.421841971112669523e+00 1.744430488979737515e+00 3.061737036963512182e+00 6.234961091524730131e-02
1.660892924920124747e+00 1.355306779179407117e+00 1.451415272710925297e+00 6.435256565732481171e-01
1.009022865066181662e+00 2.515796025207210018e+00 1.157603516234480878e+00 1.044519562011290814e+00
2.548769750481460594e+00 4.126594188537577867e-01 1.068177742081950710e+00 1.150251144429674577e+00
2.078578219201209443e+00 9.363226708040315316e-01 2.415114892666418100e+00 1.136228014732252767e+00
1.492717775444228678e+00 2.718655624368203849e+00 3.544846123683791927e-01 1.411930967538661763e+00
6.145936089311171413e-02 1.522398238909485224e+00 1.704336079929752445e+00 1.183418022469603592e+00
4.375457257600671723e-01 3.036063336591752648e+00 3.018579616741475569e+00 2.759971109540656720e+00
1.951660639465467417e+00 2.290117811350143473e+00 2.871986145730923923e+00 1.676704813434784502e-01
1.980485661225025673e+00 1.402376750278290007e+00 3.937275853259499803e-01 9.446487465414539486e-02
1.661282094965095713e+00 3.256648639394844058e-01 4.773110662549238103e-01 2.878188216739972383e+00
2.445982860303992812e+00 1.169631072930265248e+00 3.585362648036195532e-01 2.242529533655446716e+00
1.670660503465801305e+00 2.980701286370944780e-01 1.395907795021068099e+00 2.791332655321032252e+00
1.954746953297295198e+00 5.944024060809155463e-01 2.248973313373246796e+00 4.372351999545005530e-01
1.591146512685672310e+00 9.258121830664008955e-01 7.643238028819790975e-01 2.733128807599433774e+00
5.074035991637719789e-01 1.447588615385862809e+00 1.309778812500799194e+00 1.903347265282462564e+00
1.667182743261105826e-01 2.766801909555937744e+00 2.761936050344651616e-01 8.623492757760068406e-01
1.564856532306578840e+00 2.540134629156240553e+00 1.259073285363598638e+00 2.561105527707823626e+00
1.772315549512323840e-01 2.381295251353628295e+00 2.973399487341515268e+00 4.042445389425181057e-01
1.464186678198650338e+00 2.810315084641256345e+00 1.570171690713916546e-01 3.084791870796389723e+00
2.702344683877792253e+00 1.438143896923128329e-01 1.988440188600067104e+00 5.071772899989667183e-01
2.611013045885011152e+00 6.638934744313808034e-01 2.621591375305732274e+00 2.346563588891385777e-01
3.026685257073325808e+00 1.345835540525668117e+00 1.342409437351376633e+00 3.009790951368777612e-01
2.675128484602933288e+00 2.126713231107124180e+00 2.815027561172490422e+00 2.137277353534953406e+00
1.367378226708552358e+00 9.210651813084240747e-01 1.599413825077394380e+00 2.945176454708839486e+00
8.393814783420135983e-01 1.306594916761820935e+00 1.893710338329505749e+00 2.604626786177213216e+00
2.562662610770617633e+00 3.005496065986824838e+00 1.046242425893504802e+00 2.753447096863768095e+00
1.244411677298382424e+00 3.034986726841298665e+00 2.945803226247876161e+00 2.407059343654045946e+00
2.435321444303450544e+00 7.733433341326682031e-01 2.782017634275784079e+00 1.831010050660652588e+00
1.401182726332478756e+00 2.723259098727238481e+00 8.679751285015587792e-01 2.059851348056401577e+00
8.939368749196674457e-01 2.069352960590880031e+00 2.723312703914833044e-01 2.340383385673566519e+00
1.264141686176253776e+00 3.740903646413567540e-01 2.501598440879118979e+00 1.303827534456711179e+00
1.910804783109518179e-01 2.398973484364198328e+00 2.130826624695437488e+00 2.373566061853532361e+00
6.725766876376727821e-02 3.078048437620696021e+00 2.568355018820708491e+00 2.109340645260049385e+00
4.422678386584014132e-01 2.310471643952290766e+00 4.916745612717913216e-01 6.891286078562319783e-01
1.065373459217346719e+00 1.578703346732322377e+00 2.819716043067773903e+00 6.794728862632350985e-01
1.243170059100535463e+00 7.173492173480460199e-01 2.047040698560341099e+00 2.739055084331933010e+00
2.559402099107875639e+00 1.582898725103230042e+00 2.563900665054293260e+00 2.267706416586448892e+00
1.407988345622149584e+00 2.267702135582628120e+00 8.173745723592439338e-01 2.344927044996105714e+00
2.219571133426199605e+00 1.111102444481238516e+00 5.173718118808817712e-01 3.040825664519193783e+00
1.398479628163445732e+00 5.472901318617514471e-02 2.132783868916370729e+00 1.402790070454968063e+00
2.317014244115767507e+00 2.216505836278492403e+00 7.041187742984499343e-01 2.504704159814768349e+00
9.149567622818938206e-01 1.281376796859473810e+00 2.604412428173524585e+00 2.361650806847502615e+00
1.813574165786364656e+00 7.311553352371825687e-01 5.672146506804315313e-01 9.291446087776993323e-01
2.171572864218221710e+00 2.571839496589099494e-01 7.221672947271565723e-01 2.446704072880477643e+00
1.328311130213351898e+00 9.453164591474792766e-02 1.706511825646525038e+00 1.697995407359372266e-01
2.613431016122337081e+00 1.871942368449665217e+00 1.039510054164291264e-01 5.038771505089552072e-01
4.827009372977452140e-01 3.059549508717657851e+00 2.154354457770312870e+00 1.165912720350849474e+00
2.252483103961764765e+00 6.825280037553526080e-01 1.742424116999073069e+00 2.460532242285484283e+00
2.030523406423277777e+00 2.169101123024280042e+00 5.993547085264901986e-01 5.611244128286211330e-01
4.390297462974421805e-01 1.558645224563681042e+00 1.299120663165108658e+00 3.968719390368096178e-01
3.346432885787349876e-01 9.104648756590708603e-01 8.434621851386813196e-01 5.158079355605459382e-01
1.950094318379003377e+00 2.947302501362275340e+00 1.154960155922478693e+00 1.279703220962014276e+00
9.496780091332689411e-01 7.594997008827042428e-01 2.613193491281572189e+00 8.992491450280072629e-02
2.428083121485433704e+00 1.421923740247432177e-01 1.087566350323241116e+00 8.067716144964591773e-01
2.850439918859860589e-01 1.655026922002307055e+00 1.366527721259505501e+00 1.216197614209785005e+00
5.676757164652141974e-01 2.491746848252597957e+00 2.871648123160750465e+00 3.133250285513314193e+00
2.067787261995043480e+00 2.301811364558862039e+00 1.449503455866642199e+00 7.615271493060905561e-01
2.218733254066901139e+00 1.070460208175514794e+00 2.009885889628896527e-01 2.674838037568518737e-04
3.395564016485101977e-01 1.828746742051082341e+00 2.669860639535056812e+00 7.567408460087142741e-01
1.166291024550645261e+00 7.494538231085223767e-01 3.105062221941264244e+00 3.677985943320569162e-03
2.752908565347664815e+00 1.333471383927435250e+00 3.025061693729845569e+00 6.944180892205986666e-01
2.096455783406325324e+00 2.265651891662048278e+00 5.845952897214388155e-01 9.747297037686288856e-01
1.687109939696174621e+00 2.098495788010080965e+00 2.881164673160833356e+00 2.408638029634692757e+00
8.739609464826650909e-01 1.771457863476419092e+00 8.437827017592615109e-01 9.415947060405115421e-01
1.433059170972941887e+00 4.324158969455896284e-01 8.206558500730835037e-01 2.581255709402930698e+00
1.457526892019151976e+00 2.907570472208680368e+00 7.882994522126003378e-01 2.985793474647000068e+00
1.958990780804446441e+00 2.142502025281168565e-01 8.849755813877319133e-01 6.292638192839764555e-01
4.186094495505838231e-01 1.412148100852558263e+00 2.476901114474240106e+00 3.976957683818908573e-01
2.369122688624646145e+00 6.578789397699706942e-01 1.706987944557072812e+00 4.478126421650747702e-01
8.695440740553894710e-01 1.338906580432286164e+00 3.731476864072785782e-02 5.683148027523493573e-01
3.053728926603455296e+00 8.388596169549762394e-01 2.705006543803194052e+00 2.979282840640799623e+00
2.906371283838669939e+00 2.322377222359244542e-01 6.929224392012564571e-02 3.117214082270187703e+00
1.045702361302896233e-01 1.246525307431016749e+00 4.776983933545670413e-01 3.095900065544746393e+00
1.219613261702209739e+00 1.272539011796793407e+00 3.037686735216227341e-01 2.410139763959212367e+00
1.524947172346877711e+00 7.541369863094160575e-01 5.014432646045619002e-01 1.608943333262590869e+00
1.708877171829392694e+00 2.032655481392136032e+00 7.291294510115214900e-01 9.672388225736967549e-01
1.284520934984254570e+00 2.718835654847677197e-01 1.881110553182343770e+00 1.975771557069288809e-01
2.414491585670136331e+00 2.226812143618861206e-01 1.147704325542044046e+00 2.550307127138901286e+00
1.606886198891721795e+00 2.577978234303250904e+00 2.993167517248786158e+00 1.254749535311235453e+00
1.531702272420645938e+00 8.659628457965714565e-01 7.452157379900838929e-01 1.872062311065862517e+00
7.124532405254843104e-01 3.012319687964754689e+00 3.138273602952700969e+00 1.602287610468424939e+00
3.639578619893753947e-02 5.541978033597944053e-01 2.435827609867659227e+00 2.741044556907409335e-01
6.178782984930399902e-01 2.900404589884302275e-01 1.796809718596209970e+00 1.070959216602615505e-01
2.759949611951187931e-01 3.060921772759037096e-02 1.150652394433402170e+00 6.908026093746659768e-01
1.471291995380755502e+00 2.458037671937540747e+00 9.050846685470097519e-01 7.987195845407768502e-01
2.178901906876494099e+00 3.098579789058057532e+00 5.286922506987891124e-01 2.823560426037898363e+00
1.918396225845034886e+00 5.799461649295223342e-01 3.076831076917923902e+00 1.431805363380071139e+00
2.048382228517358516e+00 1.257668737596854713e+00 2.172754059809164140e+00 2.542090692270863261e+00
7.329110929795659146e-01 4.896933577983193786e-02 1.181053891023095659e+00 4.723597239304542228e-01
1.180163903175227125e+00 2.375410860912770872e+00 2.179214775931266057e-01 2.050479692500529971e+00
1.082210135903248494e-01 1.856307499673970574e+00 1.655396927537870821e+00 8.747428058006750939e-01
2.514690146699278372e+00 2.748944879761988869e+00 1.197098470015635074e+00 2.993206410373808524e+00
2.225912600081745296e+00 2.230841365281151845e+00 2.363609228842139753e+00 7.587879920377261778e-01
2.668223425315974229e+00 2.254932675590878510e+00 1.545015046836505146e+00 1.738714327929982817e+00
1.829083990978795926e+00 2.610473814169298024e+00 1.361076129120982470e-01 1.999822982257197346e+00
1.714137413718064828e-01 7.157858829665282308e-01 2.221140783514147010e+00 1.557112114518437007e+00
1.927249659638109236e+00 1.078983420720754705e+00 2.153189847624884301e+00 1.132181515879631339e+00
1.698339465457790354e+00 2.969366272406149587e+00 2.364687002259818538e+00 2.441500754426547903e+00
2.530132619484703582e+00 8.483305630580260104e-01 7.632788732635009676e-01 5.888361423442537435e-01
1.258068156929678105e+00 2.369045455669785416e-01 1.263757881766903512e+00 8.047267467519804152e-01
9.920845041575511170e-01 1.366443623807703511e-01 2.357362376144252203e-01 2.903234423189001490e+00
2.339470135254234862e+00 5.311412110841436940e-01 2.737572861509506961e+00 1.560762754035552834e-02
5.909927918057721330e-01 1.413974169357579802e+00 2.021263060569745473e+00 8.403969548210343810e-01
9.363115190772380858e-01 1.633280789621694984e+00 2.304002599770359705e+00 1.721752825569770717e+00
1.292829755401838865e+00 1.193352930774748355e+00 3.640201077659324103e-01 3.010278637072889119e+00
2.930984434298360419e+00 2.959955871528881843e+00 8.659978053972392509e-01 2.475645872483093868e+00
1.021838822456613949e+00 1.088254421384731607e+00 2.516001987651799165e+00 6.619976977026501563e-01
7.424752177983855450e-01 2.507059481293434811e+00 1.435493384977246434e+00 1.703292323898338401e+00
1.014939155562241124e+00 1.063519212590587681e+00 1.390637041380042405e+00 3.030306949780768644e+00
6.943094927776925773e-02 2.229330100495686473e+00 1.967013212726381077e+00 1.037183748939605410e+00
2.042271246728877554e-01 1.533556800928348673e+00 1.504730379101137494e+00 7.451141988976772712e-01
3.038409100212432712e+00 9.223807207482809245e-02 1.869901608577718699e+00 1.802244863334137692e+00
2.047324146414867041e+00 2.207203316479114719e+00 3.203381536754085768e-01 1.078402230314072724e-03
2.654164168407248336e+00 2.729469816481462363e+00 6.626716703287427457e-01 1.786884076059676696e+00
2.421498918808267842e+00 2.833186654771179036e+00 2.390796378988047977e+00 5.168596918055219369e-01
1.550698322369473914e+00 2.555587193741205354e+00 2.017718574086571959e+00 1.893040064182479831e+00
9.923032918476870634e-01 7.505843032644876622e-01 7.311242145767732348e-01 3.086794215763651650e+00
1.903514344543815739e-01 1.534934769383918540e-01 6.831494281224981258e-01 2.576713157096941043e+00
1.610928127262523102e+00 1.254031570947612140e-01 2.999013137826489039e+00 2.028281369676610435e+00
1.930607293837801164e+00 1.533152085810325138e+00 2.330294475011700506e-01 2.358645437046884119e+00
8.881037620557240275e-02 1.029904458147501423e+00 3.976909700539353332e-01 2.791329143003903113e+00
2.393289161380934171e+00 5.640298330516424485e-01 8.177259186550913661e-01 1.540915540705509512e+00
2.755919809874676218e+00 2.634549224487707342e+00 2.501758492319605232e+00 2.221884026067726836e+00
6.313201297224459996e-01 1.991948202295043879e+00 1.099867245163270724e+00 1.884685694641509812e+00
1.126998850771717686e-01 1.602825922673000614e+00 4.706443719032069595e-01 1.751238902363430938e+00
9.435132040171356760e-02 1.045137773089534899e-01 1.868645545244923989e+00 3.108685280678479046e+00
2.843034611788859412e+00 1.211062808427750381e+00 2.964275794260429198e+00 9.189957167472487809e-01
2.373323565132563040e+00 1.149389490163065686e+00 9.468089425183408014e-01 2.780919150873270018e-01
1.917661053391705561e+00 7.865035259979882287e-01 7.978606248381059363e-01 3.715217443216416449e-01
1.333395011408080588e+00 1.560987620413465393e+00 5.674988330077762599e-03 1.540522763491563696e+00
2.400081252973130574e+00 8.592864422541405256e-01 2.140281331190181824e+00 7.993856987213880938e-01
1.351825844211715033e+00 1.623241562572206309e+00 2.301951716844957474e+00 1.782844407855318503e+00
2.101003182945200276e+00 2.467331569984982487e+00 1.836269917195376966e-01 2.027986027758361676e+00
7.492525479791892762e-01 2.509354728346933627e-01 1.338596628819936907e+00 1.030838778972397618e+00
2.321174504820785689e+00 1.130350578820690011e+00 1.151621856486956252e+00 2.397005193752606456e+00
2.823553845105050808e+00 1.063243346255895866e-01 3.014950919860751366e+00 8.918330122987437880e-01
9.827425896269912364e-01 7.179032530091580266e-01 2.952626581353687829e+00 6.955506854808652939e-01
2.187836754015075602e+00 8.608892753232156858e-01 2.718877322283598907e+00 2.972518569566896307e+00
2.253354335281936738e+00 1.072753766679298781e+00 2.221407903805988404e+00 8.014096210776456841e-01
9.924894099797877400e-01 2.779623882427883608e+00 1.053134451846448938e+00 2.281042929863870139e+00
3.120451863711872775e+00 3.270436806033896193e-01 2.032579238514987008e+00 1.214603875235137354e+00
1.470266452006760316e+00 2.553164411607550033e+00 8.036561793712492241e-01 2.762277567407798173e+00
2.788659334120390021e+00 4.287881575052023275e-01 2.146235242451254077e+00 2.003173743682877816e+00
1.643576653185272685e+00 8.475520611837917828e-01 2.564886136377170778e-01 9.246245431415034410e-01
1.233673097589135459e+00 1.491783366822444163e-03 3.086244022361026573e+00 6.581942370391397068e-01
6.170034351789723814e-01 3.036151592370212704e+00 1.140726394615209083e+00 2.146327351702447928e+00
2.589286311839703369e+00 4.741841167632447895e-01 2.009298030944592028e+00 2.627046815507667610e+00
2.621832089584408720e+00 3.031068048949665084e+00 2.082991839431997061e+00 2.207050832220225356e+00
3.129641508380689885e+00 2.355181852215312066e+00 9.455884453109371091e-01 6.057318224064185408e-01
5.686358379419713671e-01 1.712233191634244811e+00 1.592665394323055761e+00 2.707267118590393373e+00
4.080801502050832585e-01 1.686151416209667353e+00 2.280796824195983064e-01 2.150861369230594899e+00
3.831737817204800001e-01 1.179412776751467051e+00 2.604627479201205187e+00 1.195404612735297079e+00
8.686578548826229262e-01 1.076767019921601870e-01 2.869107253526052004e-01 2.113646752831298326e+00
2.174401577861192258e+00 2.981757284183421230e+00 2.785165735371088136e+00 2.586298331548536611e-01
2.021230623866741460e+00 1.645257460415404660e+00 4.123649649299092057e-01 3.434655929302889987e-01
1.596904248454421582e+00 4.749142531300559744e-01 1.910817576275551488e+00 1.861449628223138753e+00
1.689201137986276580e+00 2.197307325862246419e+00 2.026796810873938259e+00 1.356101674309771354e+00
8.573452234721048448e-01 6.283888819122457337e-01 2.717691748570350563e-01 1.618064641982995377e+00
9.367038213856819506e-02 1.382347806963991177e+00 1.737698616010538766e+00 6.408078888823826036e-01
2.831256413538237648e+00 3.137175464784850210e+00 1.878205048673633915e+00 9.579896766860299673e-01
2.815715958261379104e+00 1.367948874582769925e+00 3.830565016060789585e-01 2.959781834180707616e+00
1.190689473128343279e+00 2.315411644186712525e+00 3.060666895203897120e+00 1.535851617925713564e+00
1.402128209953926063e+00 2.585396579909796433e+00 9.762421008021451296e-01 2.970213676688410409e+00
2.067663056785217890e+00 2.848271119080309610e+00 3.951670577473164192e-01 2.412109688299088450e+00
3.594673559885881720e-02 2.184908070873815333e+00 1.687548482994280175e+00 2.478748653496164744e-01
7.357182891378895029e-01 2.289555666723184668e+00 7.794117950876184864e-01 1.906692325928096343e+00
2.180353316209743486e+00 6.444307575748051686e-01 2.617010978475866612e-01 2.905066123709189707e+00
1.900277868020236127e+00 1.432326648155068383e-01 8.064755219385995044e-01 2.559944751202159363e+00
2.826776892909322658e+00 2.256466051045641574e+00 2.968799382748036120e+00 2.851756680229452723e+00
2.217954458214767222e+00 2.089728321598448346e+00 2.925413450140238680e+00 3.355972334138244140e-01
2.715684743893589381e-01 3.133313787397363104e+00 1.939697343670478080e+00 2.668215558869227788e+00
6.814099565016566995e-01 2.669505271508248789e+00 2.569060642887680546e-01 7.106372603822772582e-01
2.108081403830557754e+00 1.243797704595481779e+00 8.292345457469334491e-01 2.462974476348129271e-01
6.938704243847633180e-01 1.378834643464728726e+00 1.751237511992095985e+00 2.526271679106387946e+00
1.284763381305300323e+00 2.133030591155635758e+00 2.110334787609548624e+00 2.070742501397119462e+00
1.784496958518810406e+00 2.896848702030227152e+00 2.376107770738407954e+00 3.975758058902987280e-01
2.244527174339558062e+00 6.835528832834331103e-01 2.918297318302821797e+00 7.837252119100862613e-01
9.924497506039490213e-01 2.715835992211689920e+00 1.455143828722188948e+00 2.144281120918094086e+00
1.083488176616830057e+00 2.677176303845027139e+00 2.754963143721619545e+00 6.431716338488269180e-01
5.715801387689110058e-01 2.349683475451829207e+00 4.340666957542267390e-01 1.654873409641526294e+00
3.689271309903624507e-01 1.422974188532251105e+00 2.801191569143527182e+00 2.048269440838940969e-01
7.376481145984750132e-01 1.098877507991914415e+00 3.639398590015775758e-02 2.888008972924560158e+00
2.539949916039083710e+00 1.950874112879843691e+00 3.020608576115536570e-01 2.524391361890156116e+00
1.196786694952456792e-01 8.308463393651817075e-01 1.843559409718581898e+00 5.880219866985813004e-01
2.534736394789482983e+00 1.650465694181516341e+00 1.443243474288815054e-01 2.286064670882228089e+00
2.114886538234557189e+00 1.423593158381017520e+00 5.197407296161111745e-01 7.948796501120215519e-01
9.448499456826081611e-01 2.896635508342717991e+00 1.866588095171290762e+00 1.119900848705785323e+00
2.447066171050702010e+00 1.022216763014447000e-01 2.450386415627792580e+00 1.460006302326630978e+00
3.517082762368630156e-01 2.189040989063423481e+00 1.585555940502258787e+00 2.773334064259631582e+00
2.310998694980813006e+00 8.964518100346424712e-01 1.299741784280117773e+00 3.134369295095293051e+00
2.160955296875848308e+00 2.072797340708897540e+00 2.063645559364752913e+00 1.945876139525468451e+00
8.201035501518522119e-01 6.564393243601558403e-01 6.714565867289314927e-01 2.893839988089283111e+00
7.578386862613873953e-01 2.113505684135225327e+00 3.070859657021359546e+00 5.595177894304477484e-02
2.426988329554875978e+00 2.216535698638651297e+00 1.519797053367730522e+00 9.342967951845210228e-01
1.063449602773784752e+00 1.430309784097675507e+00 2.969944831879833380e+00 2.456736712941306244e+00
2.822882889552383645e+00 5.498244231557299910e-01 1.336577705274338834e+00 2.376956482002352544e+00
6.684802663883776530e-01 2.279345365939289270e+00 2.278566397205035621e+00 9.454299281169059599e-01
1.474981216734563727e+00 8.562185886488623554e-01 1.106237651783477771e+00 2.501769449258994804e-01
1.977069257071659258e+00 2.115310333025286926e+00 2.885803262222856436e+00 2.180409192686412645e+00
1.207004088719562107e+00 6.014808476916150282e-01 8.869772258303044721e-01 2.986176813195827950e+00
2.223739041953582074e+00 2.073494287914951162e+00 8.547395203129551922e-01 7.362539146348420216e-01
2.861339247180603174e+00 8.638246955349385692e-01 2.024799197490605884e+00 2.730773091950345677e+00
2.302605505871234026e+00 1.166778599051648685e-01 2.548217621182046422e+00 2.997881873364659722e+00
2.592175779669282143e+00 1.983015929908721331e+00 1.690820322449280155e+00 1.409503027855446788e+00
1.471814635565067864e+00 2.146107953223867160e+00 1.019234121023329109e+00 1.534879795136478986e+00
1.904688887699635291e+00 2.378376659051777420e+00 8.039182253409928869e-01 2.428324476776946295e+00
2.010511463557696832e+00 2.507483279086973660e+00 2.648762073540379625e+00 1.009445849264891448e+00
1.615969495374445231e+00 2.788706338976707055e+00 3.014330039803437611e+00 1.384048462830387738e+00
8.673011016673910500e-01 2.900990141102555597e+00 9.260800554328206813e-01 7.255328731005243892e-01
2.984672925058065918e+00 8.367128855197869530e-01 3.618557974183005399e-01 1.006532239772807147e+00
8.045874471451178733e-01 2.618530332758919332e+00 1.886195092751162816e+00 9.243102688714217585e-01
1.386447173100422869e+00 1.763799858817537869e+00 9.891952328052193710e-01 1.263734616056479965e+00
6.602803158937952110e-01 9.746024432535216331e-02 1.559139187638289403e+00 2.868355296612324246e+00
2.628239433359529809e+00 8.606646886308612077e-01 2.772867643828965001e+00 2.105084105286452623e+00
2.839245613103531518e+00 1.437378345531376445e+00 2.212758417470323646e+00 1.373133431210932509e-01
3.195396958578466950e-01 7.169778081339595044e-01 1.787992651490360130e+00 9.957553908026653966e-01
1.088736398972188629e-01 1.919984706455814205e+00 3.029591729121434263e+00 2.785829086010550348e+00
2.922806481680439439e-01 1.234476011483362168e+00 6.679532175799628435e-01 2.153617899463254659e+00
8.252949847718893395e-01 1.277070096729107762e+00 4.615017770489192039e-01 2.483339385295502133e+00
6.539916757492365562e-01 2.261108603131507078e+00 5.868938991651310166e-01 6.403256091767298153e-02
7.967388666822602938e-02 1.903835354735843310e+00 2.486312806339858739e+00 2.927362964066862361e+00
1.470738665190464145e+00 1.741582363141475964e+00 2.585215268026427982e+00 2.237016773084846033e+00
1.841296886651658582e+00 2.383780464018603329e+00 2.870184879616201279e+00 9.299798015022716635e-01
3.054201851778368670e+00 2.444477433923857301e+00 1.009076136239227095e+00 2.948470671710070157e+00
1.389815335621441994e+00 1.932975360257081832e+00 1.424868873132258962e-01 1.472626693775402895e+00
4.869341500299483871e-01 7.004583807495523562e-01 9.495080340434073340e-01 4.678905536446951730e-01
9.178802812186815929e-01 2.713925341663364854e+00 5.078613254094804796e-01 9.876937055970845813e-01
3.052046407390212046e-01 1.040912176319910731e+00 4.280664603447948413e-01 7.192551869546887078e-01
1.604972817632837057e+00 2.261441907822245856e+00 7.176790841719574710e-01 1.588296904059876002e-01
1.025073386672473941e+00 1.741161409889985912e+00 5.295306140130285888e-01 2.300452157331195124e+00
1.775336741476079228e+00 1.520359404210023913e+00 2.306739583666291171e+00 1.528671382177255067e+00
1.239095284822876453e+00 5.681523968785777701e-01 1.069938770807663975e+00 1.981769633305729306e+00
1.240330243065884241e+00 1.801714429144275931e+00 1.706945652542492642e+00 2.292714719146236035e+00
1.948291409032171462e+00 4.533825378602832634e-01 2.495590192598260870e+00 2.689577515123511287e+00
9.905906015372146767e-01 7.129558193092595531e-01 2.236341046047440440e+00 1.708152126540205762e+00
2.522129010988178877e+00 2.750963194504873588e+00 2.374747420421423172e+00 2.075761671136055142e+00
2.543933584426692374e+00 2.910940948423215158e+00 7.654744885541201471e-01 1.403928227358724135e+00
2.448273783419771643e+00 1.065340598161480523e+00 2.872086161184628672e+00 2.762604505172432390e+00
3.065006950270120711e+00 7.366983869519380113e-01 1.501537401703240127e+00 9.213574966783754094e-01
1.682407272046527957e+00 1.309681435668292648e+00 2.420479464660978408e+00 1.731707592358977754e+00
8.355587508326604018e-01 6.729147112123438079e-01 3.060872261988956566e+00 2.560688699805473867e+00
1.020216299593523557e+00 1.923251980676154993e+00 8.469701290888599632e-02 2.932574563082973373e+00
2.207257415839777526e+00 1.847808584450592873e-01 1.651465512962706939e+00 6.667530711929955389e-01
1.715996950584446124e+00 2.695310421266341905e+00 2.885440112917325717e+00 3.030399670953010993e+00
2.903765149075725915e+00 2.175952142159002456e+00 2.653466149061969315e+00 1.417597877575873078e+00
2.334477593989939592e+00 2.380580489513805187e+00 2.962535364324607290e+00 9.723148100985115061e-01
4.089390395243742704e-01 2.077421899497836844e+00 2.523477235200561442e+00 1.665622622641577344e+00
1.032977964958915029e+00 1.818033913003992141e-01 6.102072323782936625e-01 3.925749590030385150e-01
2.073294392815507425e+00 2.561378149923491332e+00 2.368470476718969486e+00 2.494765890874363734e+00
1.636655859225186083e+00 1.159707275549821004e+00 3.008575788294692632e+00 2.811825598471330956e+00
1.942648245606850566e+00 1.163697708187491298e+00 1.876836861560327696e+00 2.071816810821411337e-01
2.149806579592437039e+00 9.131057341050423659e-01 2.868992468892107350e+00 2.465878808593289673e+00
2.506787532427412035e+00 1.116163990083499424e+00 6.657085493301488910e-01 2.086277290454092270e+00
1.585489865757846895e+00 2.939577098656038778e+00 2.124802260102986562e+00 8.012338232628272994e-02
2.377840438031388892e+00 1.898434603780637941e-01 2.383441595277907776e+00 8.780992660444688624e-01
9.001595761003139406e-01 1.247273440788192911e+00 2.317275735129408876e+00 9.015253775577036777e-02
1.107276734684437880e+00 1.111198472905241763e+00 2.898546523562753663e+00 9.549399672526719396e-01
3.915660487265794631e-01 1.726738406187996011e+00 1.259576757341776210e+00 2.706925665027414052e+00
2.421523643547566884e+00 2.455785827259320708e+00 2.414385864552596406e+00 4.288649177497024789e-01
2.164173099429086200e+00 2.186505097200845515e+00 4.111249691939683482e-01 6.916485021526141974e-01
2.751234907818581044e-01 2.420579759685530519e+00 1.398102790880911384e+00 2.316784539197006776e+00
2.225843273859774207e+00 2.749449591453672959e+00 2.285141139495229012e+00 1.661365299558262842e+00
2.215671980542929020e+00 8.530553282226513989e-01 1.761277521986944539e+00 3.253909203044440257e-02
1.532123619966513584e+00 3.707471122575050071e-01 3.130309009589253844e+00 1.448458184661878478e+00
2.789985242810783639e+00 2.493417311833146410e+00 7.944482137535662236e-01 2.804340170276270694e+00
2.365512816276384545e+00 9.775383223580607073e-01 2.140888887554817099e+00 1.450845881445152807e+00
1.739909172817599714e+00 1.418402010369905986e+00 1.179138062435071133e+00 2.081471006619835418e+00
7.978096444573237189e-01 8.085379285363800683e-01 1.349260955580655397e+00 3.326775913988144207e-01
2.339960456251915843e+00 2.585810710754139041e+00 2.935129696484267026e+00 5.364780325747561252e-01
1.747529484431266988e+00 2.713231203523174262e+00 1.950573523238850138e+00 2.942033887011789695e+00
9.762602114234859574e-01 2.585999760359930288e+00 2.599145542056139568e+00 1.152931549631762698e+00
1.157391163276110913e+00 2.858279491399648986e+00 5.332723610207369402e-01 2.001089811486524539e+00
2.860764152015347950e+00 1.844529187522808256e+00 2.939808492134138085e+00 9.598066851953036549e-01
1.176276183980418111e+00 9.755352754549962979e-01 1.394699021801715677e+00 5.482498483218927188e-01
2.783562300745526130e+00 1.335122545564634278e-01 2.274096212490695379e+00 3.031290489530380938e+00
1.772837963441494136e+00 5.646525494761874819e-01 5.883648716911272780e-01 5.578286703152016690e-01
2.913549571316418785e+00 1.711117814816085936e+00 9.413294753727834419e-01 2.322833344122292587e+00
2.079691398563289884e+00 4.067305422961926542e-01 2.309526191356992886e+00 3.136894385918232775e+00
6.196869017092268006e-01 1.693389335680951513e+00 8.141832926725847130e-01 3.068679156791287443e+00
3.921955752382127458e-01 9.251723395644323444e-01 5.758120753668716230e-01 1.761294736909003067e+00
2.582682542236925727e+00 2.899001892781100764e+00 1.688904200491128993e+00 2.160428151219573767e+00
2.260261828618300939e+00 8.468157457336081828e-01 2.348120243502358040e+00 2.325831254909595192e+00
1.393774664440765587e+00 1.753585372091460926e+00 2.172683789579639591e+00 2.796081076831554046e+00
1.314642942568005068e+00 2.281527010956648560e+00 1.739925847016692950e+00 2.521578957744360139e+00
2.892815924720714138e-01 4.973248108439817794e-02 2.961291573413250333e+00 3.089597028639654019e-01
2.391484652843375525e+00 2.218194621650567022e+00 2.971150391251204059e+00 4.086018294647058013e-01
3.025835933758863061e-01 2.541600286634738914e+00 2.335610431820477562e+00 1.010338564212391876e+00
1.222455287973819749e+00 1.783641602616799826e+00 2.238309425364930494e+00 1.725989701153107514e-01
1.199771911867961866e-01 2.580658591841284544e+00 2.314655609772076073e+00 9.027600705999759834e-01
2.052386170345264382e+00 1.299932918456943254e+00 1.884668892269410145e+00 6.274648697705551559e-01
2.342570741764853359e-01 1.267175696406360075e+00 9.225920613414814175e-01 1.411908212488095504e+00
2.939930860897804532e+00 9.229048291774656354e-01 1.318810703113052263e+00 3.086699660687727498e+00
1.212843651899242037e+00 6.450739959023789050e-01 2.491751431833884867e-01 1.689731591731617133e+00
1.227826521498497359e+00 2.215941866589249187e+00 2.279847572820729695e+00 3.091663318515906145e+00
2.303879924890196218e+00 2.566871892852502945e+00 6.545882131446526531e-01 4.883416129470278394e-02
1.886324392867281263e-01 3.129179318955531031e+00 2.668277900085987309e+00 2.762456268646495960e+00
1.533619544076144647e+00 2.066191345415757663e+00 1.294701459602664251e+00 3.327931708631023389e-01
2.828446156153445745e+00 2.868659429510934000e+00 2.765199507087162445e+00 5.826745532510404363e-02
6.179370318174713939e-01 2.400006401925364408e+00 1.660705214230074223e+00 1.089224513991376847e-01
7.198943122024547003e-01 2.328999512246487935e+00 2.058102921314381550e+00 2.033564875288748297e+00
2.549782038561695607e+00 2.696292607453838031e+00 4.450006352280193034e-01 1.339816558274030678e+00
2.866447491173227391e+00 4.439641483761538887e-01 2.904270330313536874e+00 1.781238210026308666e+00
2.789501519507544547e+00 1.607141644394325386e+00 2.880277100901898812e+00 2.705039663321239463e+00
5.194905857907452518e-01 2.485860455081550235e-01 2.115028083144351978e+00 9.257482869474393805e-01
2.495342428664028278e-01 2.534851706369492863e+00 1.142826563929506101e+00 1.540428449098305341e+00
2.712751085425287201e+00 2.491174046577232293e+00 1.373678794899630740e+00 2.474344589330307875e-01
3.160654714316931124e-01 1.233403437021946214e+00 3.652454347814359514e-01 8.036826242502818074e-01
3.009536825389454329e+00 1.366222071349411760e+00 1.426166900564386664e+00 2.228355386787141956e+00
5.064589550273693730e-01 1.280105642899414253e-01 1.111281013257549022e+00 8.910266490485923008e-01
6.653243605091972990e-01 1.026274583898294068e+00 1.042938228082291419e+00 2.495420858039016920e+00
1.645643621477660856e+00 2.428549357025298505e+00 3.215990564385897699e-01 1.943515671036396553e+00
2.191446402843689967e+00 1.488707999352523625e+00 3.124549843540227467e+00 2.264952956184076882e+00
3.129331133284215749e+00 2.594829967896426837e+00 3.053416666977066374e+00 1.647898743465342042e+00
1.961529879249422237e+00 1.498836751334907125e-01 2.388550299091069196e+00 3.080976004170409510e+00
1.004737787156318118e+00 1.915794592629741722e+00 7.974663449468772924e-01 2.688640581209336577e+00
3.028458288280651001e-01 2.441835922610178677e+00 1.467630829357958966e+00 1.670408411677230198e+00
2.510321577302269791e+00 3.101420206091714871e+00 1.220811217312633312e+00 1.670533263498999998e+00
7.684889183063111640e-01 2.954337301252577763e+00 2.378242008019626041e+00 2.380443174949023799e+00
2.637224823904450677e+00 2.289687807359919614e+00 1.517419778113589635e+00 1.390612039655139576e+00
1.860277256101630527e+00 2.823196710749744653e+00 1.944954602465161830e+00 3.140784110182689992e-02
1.073350299482678905e+00 3.205782809747702022e-01 1.197073573707495564e+00 1.606680583957921238e-01
7.756091840148180427e-01 2.498431873475416953e+00 2.485995249901284954e+00 1.861256676639246321e-01
4.285389468930775325e-01 5.954185840927440632e-01 1.857850217047987806e+00 1.163101871619367289e+00
2.892439906748799916e-01 1.945824850864585231e+00 2.878674094967008656e+00 1.179262362221813465e+00
1.797080486629533569e+00 1.627154738372012410e+00 2.251000516161988374e-01 7.831650972681354350e-01
2.318967373127879927e+00 5.611596319143993261e-01 3.101475366293320324e+00 1.393904021231318291e+00
3.023072639443294296e+00 1.572925289224731960e-01 1.416478070306073089e+00 7.935422467099518817e-01
1.792438948208549543e-02 1.386720561957702991e+00 5.865444657731029299e-01 8.098718968022273756e-01
2.043343770435728235e+00 4.166634154513888799e-02 2.620569209022810542e-01 6.319616907932914529e-01
4.693193160993496815e-01 4.461903468871407097e-01 4.409940912379868849e-01 2.696806720858751838e+00
2.842187173877931183e+00 1.286058578137823982e+00 2.725361611480652257e+00 1.344051643604209367e+00
2.322873901218926174e-01 1.602692307285280560e+00 1.009185045419373150e+00 2.307975393340048864e+00
6.262490298301165437e-01 1.771579602199516712e+00 2.329014307419952967e+00 1.712608099010181739e+00
1.406554349275845217e+00 1.045146079606788792e-01 1.895932237490200123e+00 1.066526813369857107e+00
2.015987292361007821e-01 2.450551462962429650e+00 9.952780862451082733e-01 1.145717635832125714e+00
8.232574607362617147e-01 1.521426875308311555e+00 2.786492801690798160e+00 2.906391938970191990e+00
1.838258508126566104e+00 1.478485398437294540e+00 2.981330382767690246e+00 1.932112221307684452e+00
8.765936951176465097e-01 5.070226903044091626e-01 1.494447603996040153e+00 3.069640632552319559e+00
2.111629731893271078e+00 2.638656534695488887e+00 1.005708678782861076e+00 2.686155454248082108e+00
9.803680950035583708e-01 1.549018606054480385e+00 2.368580646328281580e-01 2.186832778977527703e+00
1.218884749513755306e-01 8.093294473519858645e-01 1.958057388347043348e+00 2.440567187046926989e+00
1.138738143694759231e+00 2.913486238586507238e+00 1.229535375256937568e+00 9.462422384372310979e-01
2.770008389795194592e+00 3.328749739102576655e-01 2.622060815330537586e+00 2.768301292379191647e+00
1.185782586289450879e+00 2.854459018593812569e+00 2.781561866547357820e+00 1.204114022408469209e+00
2.520295131756788543e+00 2.705570569894192090e+00 2.480809315706044682e+00 2.778382012680222335e+00
1.281976100799600893e+00 1.265085301388726657e+00 1.949149158091670608e-01 9.769008202775653071e-01
9.569695951674378476e-01 3.196149618404462572e-02 6.628790395183936646e-01 1.048688191687200844e+00
1.576580530153240733e+00 9.709257325691538210e-01 2.666749536008567123e+00 1.228710158366206562e+00
1.425913479098672942e+00 1.684815181784222071e+00 1.236165935545326278e+00 2.556610713031250093e+00
1.869391418595481413e+00 2.798964889968614589e+00 2.734887847828449292e+00 1.008480589470464928e+00
2.933417418221034856e-01 2.873099394267892404e+00 2.362037240853814168e+00 1.379900133609189172e+00
2.964660257393795906e+00 4.634407740756165128e-01 1.163315500360940558e+00 2.423471206326756722e+00
1.063828339498017916e+00 7.936821118028782873e-01 1.658147016513559224e+00 2.942886022893803410e+00
1.700502579745744480e+00 1.927249533172155971e+00 7.419876197211370261e-01 4.498438026515735877e-02
2.398227761807439684e+00 1.177699341524168219e-01 1.674426761958480503e+00 4.617946364782137825e-01
5.319327204402632958e-01 1.541706746115833138e+00 1.209369118433843315e+00 2.727062623602687808e+00
1.837621890870126395e-01 2.342854519313710415e-01 9.565761387212313727e-01 3.053666700133039313e+00
1.816625045307968422e+00 9.729004041205122633e-01 1.152674120399025171e+00 4.779498012175929511e-01
2.918864198766310647e+00 2.248142297296409797e+00 1.285815715995008768e+00 1.323361333920350491e+00
4.193299158831947926e-01 5.074395554243388284e-01 1.515288844452307604e+00 2.290885827449991030e+00
1.136859133446543435e+00 8.905380628304295776e-01 3.694459079760785414e-02 1.086162218302610949e+00
2.808241080288726987e+00 7.150622933732861952e-01 1.335221448383357767e+00 1.863852625466521085e+00
9.704866479965051917e-01 1.138235030471642872e+00 1.332291185321274218e+00 1.458256612839722299e+00
1.867041807162889810e+00 3.027162616533419115e+00 4.608955932738693639e-01 1.045526965285551002e+00
1.076774558242001412e+00 2.341449220299161027e+00 2.564012697572735533e+00 3.090821086268831230e+00
2.825010765048764139e+00 2.153981716937854785e+00 2.028313661700841541e-01 1.058264033807637006e+00
2.575559493668280631e+00 2.907409206241919897e+00 1.674458200143204012e+00 1.201285119788631839e+00
2.402798577687324855e+00 1.480033596582110089e+00 2.394410289306909245e+00 2.327867273333710685e+00
5.609965093721878959e-02 3.841183512996624860e-01 2.463750051598219137e+00 1.723016616204639861e+00
3.092893564880536683e+00 1.155612602571246095e+00 2.394296463617446857e+00 1.494119815860289302e+00
3.063994465653510524e+00 1.307274074027291011e+00 9.165441600009087697e-01 3.703326359491886932e-01
1.458258631248506187e+00 2.909102611782082182e+00 5.289670625318712016e-01 2.826585506963175565e+00
1.315304130610686961e+00 3.021134276985030453e+00 2.697138072062098768e+00 2.891694620731821708e+00
2.528716086460101042e+00 4.019892667288769150e-01 1.227675211432272429e+00 8.345463069710833404e-01
6.959799461101831008e-01 7.619842101711012117e-02 1.204014410745110730e+00 3.134599880355434909e+00
1.569965239068091600e+00 1.874328737961719060e+00 1.911912453802482093e+00 2.466666035491741571e+00
1.009824032119449599e+00 1.836568761585150034e+00 5.482631429081690211e-01 6.614373808405420441e-01
1.606717271925129698e+00 8.520414092979815557e-01 9.497436404828537571e-01 2.803148844638872816e+00
3.058587076781422720e+00 1.292022267347870956e+00 2.432311551924026816e+00 1.311746827185052977e+00
1.040472341639124165e+00 1.618475791316996926e+00 1.788392256421854065e-01 1.889531693481849128e+00
7.398727811454980374e-01 2.762090914602774450e-01 1.396642622808321965e+00 1.748048773992853633e+00
2.110444141573599719e+00 2.971063515047429604e+00 1.290715897581114491e-01 1.912445431154311093e+00
9.249593678829715060e-01 5.707244684558779868e-01 1.010435299639577345e+00 1.423079869599524816e+00
1.476487714368805548e+00 1.590572638307009568e+00 2.291807882188813927e+00 3.030531153534047561e+00
2.179306671017523733e+00 1.657090156126366232e+00 1.242346703080217107e+00 1.574492178042742108e+00
7.068871940139499765e-02 7.264836057390692270e-01 1.506296468360032170e+00 1.269461613160509206e+00
1.454776166344831534e+00 9.176871985488245231e-01 1.955560250918459531e+00 1.556468539447050325e+00
2.413388585518332796e+00 2.855956774706588597e+00 2.672185910722083335e+00 1.262068322333727677e+00
2.182126838567572058e+00 1.873056788523556948e+00 2.248669438293720901e+00 2.547776435199031297e+00
1.455982447310703032e+00 3.519584011802259216e-01 6.410022236379292471e-01 5.662817618478674930e-01
1.210581698440522436e+00 2.006277153461412777e+00 9.426557401703595795e-01 1.214956248939064398e+00
2.859153470539877340e+00 2.357090929671259882e+00 4.598551305799425393e-01 2.576365265770246715e+00
6.176601219156099276e-01 2.874240681870837921e+00 7.960711910600155594e-01 1.970127678579460584e+00
4.081068623994539846e-01 1.323635246821741385e+00 3.020265303271539636e+00 1.949818343480430038e-01
9.980190044540483418e-01 4.979465602403950752e-01 2.127311383124619870e-01 6.449830521406626493e-01
6.920308489509278127e-01 1.127540104531725706e+00 2.952703180803132543e+00 4.322546231012425744e-01
2.461164155272897336e+00 2.523934331343610449e+00 2.202236873374066484e+00 2.199493135581808367e+00
8.693226923640032799e-01 5.708243756159373516e-01 1.633265927865810596e+00 6.335760645322431328e-01
6.634712452058285637e-01 3.181645495494461184e-01 6.327889544967487678e-01 2.805097007341882387e-01
2.686509768779350882e+00 9.285784857115515489e-01 3.801965214136455717e-01 3.045050552455252468e+00
9.240460460294516176e-01 9.213148067676172337e-01 1.996237706069844631e+00 6.729273044334335152e-01
8.365911991275739590e-01 2.433454594674404170e+00 2.805884963097614815e+00 2.954082354766631280e+00
1.810719780667499945e+00 3.051185676666399615e+00 2.045542010553825119e+00 1.954068010493483776e+00
2.627213591664217862e+00 9.052493659864911946e-01 4.075311483816188574e-01 1.900468583439849146e+00
1.866810889200291035e+00 1.182746804518447492e-01 8.734864651819806980e-02 1.836174873814390596e+00
2.330179050102751503e+00 2.407329251748621335e+00 1.136369717559791548e+00 1.147002766660188078e+00
1.698533382885985876e+00 1.050807995744235557e+00 2.090404209357062726e+00 1.644234234419999496e-01
1.238588513498682708e+00 1.396538314589101493e+00 1.348826842983959828e+00 1.959630118994942549e+00
1.683286502358618264e-01 1.917002305007439844e+00 9.249450541873512899e-01 2.645842236007549086e+00
1.065909534125444535e+00 6.095987502272453007e-01 6.212370655630101712e-01 2.266597945951320803e+00
1.879721337116430746e+00 2.070589751798805889e+00 1.493343932859248158e+00 1.014523778797265630e+00
2.370979993043417444e+00 3.038474305209966531e+00 8.286765292174737008e-01 1.693339109975847245e+00
1.982936917298012469e+00 4.574295868516695812e-02 1.929016770242333756e+00 1.661604258309598015e+00
5.771779956001473755e-01 2.324217743831157978e+00 2.561875346105693563e+00 7.513828554831755158e-01
1.096021771348929530e+00 2.240734653224866424e+00 7.372569280712261142e-01 2.468795698049214504e+00
2.685673982987688557e+00 2.490820700264453555e-02 2.460656231152092754e+00 5.561268101880513515e-02
1.306190622160734449e+00 1.439790089294692876e+00 2.415082531682831046e+00 8.697817477688213339e-01
9.878347458959743088e-01 2.171547125672145528e-01 1.400149096394789350e+00 2.276063897326819241e+00
4.430538673815629935e-01 1.175365426504217048e+00 2.029735922050171393e+00 1.104759434884658553e+00
2.868504931023066473e-01 2.649090667959740575e+00 1.419647312891969548e+00 2.321770456026689189e+00
2.449986808747761202e+00 2.206363890524108751e+00 1.866720733398718579e+00 2.955604916170941454e+00
5.952608285376195102e-02 2.683172513786337809e+00 1.057995067428154190e+00 2.783849821101086253e+00
3.600057607087587264e-01 4.089194386970345652e-01 1.560916935957875173e+00 1.021743034229056102e+00
1.992446075340797318e+00 2.030456556693828851e+00 1.658543508203289996e+00 6.288852962045277106e-01
1.387287427445193025e-02 2.362618488928949212e-01 9.515776523547803123e-01 3.729910371018194670e-01
1.905553811145205945e+00 7.155690311952456195e-01 2.373533035411778513e+00 4.032340201752374065e-01
2.186556658493538641e-01 2.229826043066479357e+00 1.514490647474203255e+00 2.403418648171868011e+00
1.956971989843696802e+00 1.452944910178151305e+00 2.594564349048660734e+00 2.034644253915045997e+00
8.328272614858948097e-01 4.862144549173775809e-01 8.509334839260191963e-01 1.848392641010165649e+00
3.047730246306553425e+00 1.800978702569314693e+00 1.377620910845524849e+00 5.967938401549308658e-01
2.291250580242211399e+00 2.452563748177392089e+00 1.779333249593020083e+00 6.769070514274329320e-02
9.882924113543506417e-01 2.367033615103902033e-01 4.040344767512119017e-01 1.533804353516083907e+00
3.123025937598619794e+00 2.410751432703949426e+00 1.926060604826443479e+00 1.191632385447145781e+00
7.941673716427897212e-01 4.893500083289699654e-01 1.449119070465983095e+00 4.353575802060883904e-01
1.090514862478877189e+00 2.869005628258642471e+00 3.060636181417208945e+00 2.632426504435988690e+00
2.636784943798444303e+00 2.832338365626228871e+00 1.545420069970343535e+00 2.865322196187136239e+00
1.010200757380476100e+00 3.036465745032012276e+00 2.330609481347698075e+00 3.073822822591047110e+00
9.630977234208352167e-01 2.611722517988110059e+00 1.295137376270531382e+00 1.936108617538366605e+00
5.864884403581793748e-01 1.301876538726797650e+00 3.043142614344705787e+00 1.661176544286242951e+00
1.691622511983090549e+00 2.513370324649987442e+00 1.218763676666701157e+00 1.871263675658996650e+00
1.641159152659945830e+00 1.120590732549917812e+00 3.015530276909535345e+00 2.993642744044069381e+00
3.396024052315542163e-01 2.970429167803557924e+00 1.818986924665606963e+00 2.716319669219250610e+00
2.565482996165560525e+00 1.791089179501340167e+00 2.740267010192504848e+00 2.196387280389460628e+00
2.947713330351092065e+00 4.973051210487784979e-01 1.710197552977267277e+00 1.257065881963022269e+00
1.520033125806116159e+00 2.477630981976952640e+00 8.784895336721538772e-01 6.979553807686149636e-01
3.023668140248678249e+00 2.680045202181935871e+00 2.946085214591937618e+00 2.940204605873605548e+00
1.283086537518713099e-01 2.792809378270580289e+00 5.953769660717914691e-01 5.326629789160059608e-02
1.563490557292435135e+00 6.374551584644277957e-01 1.036578619943784307e+00 5.513621328206887995e-01
2.472700598458339172e-01 3.131775141957837683e-01 1.638061621642607157e+00 1.609632975094810181e+00
2.528590514024922520e+00 1.419492324263072813e+00 4.911241581200480599e-01 2.050452754365798658e+00
1.017745680378172146e+00 2.868092506451423329e+00 9.577683793587807859e-01 4.278007139894329791e-01
2.488305628068754327e+00 1.060465218090596434e-01 6.939791959001285759e-01 2.026470364119956624e+00
2.112014990872729037e+00 2.434897966209821352e+00 1.234194448633024299e+00 1.187681198524530357e+00
1.763871922229151457e+00 1.390021142386973496e+00 1.792884050886012659e+00 3.628952491380284529e-01
3.131323474904542437e+00 2.130943784559227616e+00 9.384683174548202889e-01 1.385779800671081086e+00
6.317054132241722852e-02 1.130196311105187368e+00 9.229816260708570974e-01 6.071253179476706618e-01
1.795994405937471061e+00 2.706292936422166839e+00 3.478711362241292959e-01 2.336189356575685494e+00
1.051824529439355560e+00 3.016791520139184168e+00 1.271178334143570510e+00 1.769891776414413309e+00
4.746165176951052667e-01 1.473243838654310522e+00 2.243778008486851494e+00 2.304294103551676187e+00
1.893670835592502488e+00 2.583085178967535089e+00 2.865403755412578413e+00 1.872067689027035797e+00
2.099681677844102146e-01 1.138772730713647707e+00 2.977334861755535633e-01 2.344871086650144321e+00
9.087366190809612609e-01 7.300206615008961730e-01 2.728151230832285834e-01 1.345535410506156548e+00
1.945824032726402475e+00 1.323566061296406193e+00 1.847221294529160618e+00 1.816363244488489848e+00
2.641121903708698149e+00 9.543001976434190015e-01 2.699196772469885097e+00 7.769337504943885087e-01
2.997850771103079737e+00 2.299519248441234787e+00 1.324431144637167490e+00 2.209832119350145341e+00
1.432800962819929635e+00 3.090921268610832495e+00 3.084800031200993220e-01 1.930076161165067639e+00
3.891338862824806899e-01 1.619631584552396086e+00 2.791962982066054089e+00 3.110391918241850462e+00
1.240286206246089762e+00 4.183865085130916150e-01 6.954728416060560470e-01 2.462877270880059033e+00
2.776003179090253070e+00 2.327194368016475501e+00 1.145461249951735372e+00 5.463907086195962659e-02
2.358769044663741266e+00 1.354025010404761531e+00 3.021308798408917529e+00 1.639180600118461451e+00
2.549633710583913526e+00 1.383764687691084960e+00 9.701108485621677546e-02 4.673952028328791641e-01
2.237696441165920813e+00 1.608866790251363588e+00 6.061856339070047228e-03 2.053124433598084941e+00
3.438580125198223980e-01 2.561876948889216798e+00 4.745082823763921843e-04 2.057962217793525284e+00
1.838419712201148082e+00 2.359591325586187338e+00 2.958006896534949082e+00 5.342600951628231204e-02
1.148675397186750269e+00 7.296730747106874304e-01 9.574011369916753944e-01 1.292165653030746153e+00
5.302680312085215064e-01 2.649629628061957565e+00 2.895084172416222845e+00 2.339807890748152541e+00
1.642541605492007672e+00 5.234738479316417559e-01 2.653274586412572411e+00 1.846477038376160174e+00
2.430133181015633248e+00 4.701272826154402895e-01 4.971389369950169335e-01 2.625401805126541088e+00
2.096363934435183651e+00 1.805458195007526134e+00 1.558958077996290825e+00 6.335747624389421739e-01
7.010350094400243925e-01 2.038446101619790340e+00 2.800366053408718803e-01 1.786772581157306972e+00
1.753529715413814971e+00 1.069312088220307100e+00 9.510107039545097063e-01 4.631252335521373609e-01
1.067284935952086400e+00 2.691446376922032702e+00 2.860633032328996350e+00 1.309985380921901532e+00
5.919273099662775151e-01 1.838586960384774427e+00 1.305520898682097197e+00 2.389528389795275931e+00
1.066185703734549683e+00 2.426726886450044085e-01 3.097624736660918643e+00 1.304551812100070540e+00
1.209476288666010202e+00 9.800128546097279791e-01 3.055734134706256100e+00 1.904917474064203642e+00
2.735892762970550507e+00 2.792083984887894221e+00 8.917339777427534253e-01 3.029997610048213927e-02
2.862927573519253421e+00 2.129131556340146059e+00 9.574635953887532525e-01 1.454561026253801792e+00
2.022842794817574674e+00 8.556416969666411632e-01 1.396425168461896127e-01 7.926053962270391828e-01
1.513718159764385840e+00 1.213075895671655635e+00 5.025364612260279085e-01 9.656281403646278516e-01
2.377000261625300759e+00 2.804871613978270783e+00 2.743513655031762699e+00 2.528310709322320715e+00
2.423705952137244157e+00 3.015521386469678156e+00 2.479100097430568805e+00 2.073219192241389397e+00
2.267076552531603895e+00 4.004435944250602786e-01 7.016255490031420017e-02 1.459962223693235916e+00
2.341333622845043205e+00 9.216379893070112406e-01 4.202787991461118949e-02 6.269464129373039096e-01
1.742878946053163958e+00 2.851192554828915871e+00 1.943691197149448602e+00 1.756936131424063685e+00
3.026401678254102112e+00 1.860252645842423114e+00 1.180758256461628575e+00 1.089238802564626907e+00
6.472222888962954057e-01 6.007999407215027787e-01 1.658250991316992051e+00 9.244668130651148910e-03
1.569989283274447311e+00 6.836274509888805584e-01 2.082821755905649219e+00 1.258015388248040489e-01
3.023919567263443908e-01 3.735575629902932598e-02 1.412247292729076564e+00 1.099318285069417422e+00
6.914579274356472682e-01 2.032219557946272293e+00 1.223849362674458874e+00 4.754145724429256759e-02
1.757281239042264298e+00 1.087614447816380621e-02 3.271040578808728089e-02 1.680469781388863160e+00
3.650063197906946999e-02 2.541765897991464129e+00 2.919726181772110518e+00 2.721981400836474219e+00
1.028272474135127457e+00 2.631692583312413181e+00 2.235365298134691869e+00 1.369576283939664130e+00
6.174805761657108372e-01 2.978046681695253106e+00 8.119367389397773582e-01 1.464063099132167478e+00
2.056582370317328046e+00 1.414875272341251433e+00 2.517237031174713646e+00 1.230871352851384826e+00
4.675869626706246618e-01 7.358602477063262981e-01 5.326758672702649328e-02 4.194746249382546588e-01
1.441102517615053591e+00 1.972213206769706906e+00 4.511043840898883439e-01 1.608705494121327462e+00
9.056663042884549597e-01 2.449116648188276901e+00 2.737516504204167700e-01 2.704605838232978954e+00
1.157345288514777248e+00 1.285630835426851970e+00 6.995643711135296483e-01 9.562702593981382559e-01
1.058422951244167187e+00 1.975204457497181210e+00 2.499014794717785648e+00 2.875608750507261835e+00
1.512078534897335347e+00 5.885281556889807586e-01 1.317640606307089346e+00 2.773582811583560570e+00
2.033002552961832077e+00 3.226846743426272091e-01 1.268544845727234360e+00 5.318016004689797294e-01
2.397913869495199801e+00 3.966003711216266603e-01 2.317517563158048244e+00 5.302449858641219427e-01
2.404271235719641187e+00 2.878602875584383547e+00 1.588246719559309073e+00 1.610202579726073946e+00
1.566948158220396126e+00 5.999279542785755925e-01 1.914994745466827908e+00 3.712113064692604270e-01
1.221469135051445720e+00 2.645315173336777459e+00 5.105237268310619698e-03 3.022818622091943741e+00
1.904806362631851435e+00 2.160108387957855314e+00 2.110372110136552237e+00 5.047290860556992442e-02
3.021211517052888595e+00 1.181449927030049141e+00 1.126582233628007357e+00 1.040245721134708479e+00
1.973248755499581231e+00 2.510881242580941919e+00 2.352712009694506001e+00 1.644093488043826934e+00
3.066884903696500686e-01 2.206453467544298302e-02 2.113266372361400691e+00 1.322928063921547270e+00
6.418408302166773993e-02 2.025970160997974112e+00 1.044727858043120072e+00 2.437330130246882387e+00
1.690175844068522393e+00 7.159094413068786134e-01 1.244121322936145857e+00 9.715313115084469597e-01
2.243040918385520222e+00 1.052007476607434544e+00 2.287263659727708287e+00 9.657786608619420843e-01
2.293639535633429372e+00 3.117509356793321196e+00 3.018483717918905573e-01 3.265046684269778954e-01
2.594036677269769609e+00 8.351505473293310278e-01 2.823518766443220418e+00 1.904407760189256615e+00
8.224236051678979198e-02 9.192699706772454737e-01 1.297056513777231412e+00 5.197174452504123021e-01
2.651485228771974345e+00 2.130310163898231579e+00 8.823318977290398601e-01 2.481511953068222365e+00
1.546625267484678545e+00 1.799283463719042686e+00 1.863291798478330374e-01 3.111766109414658699e-01
2.116092687345440204e+00 4.846546126412017985e-01 1.216617625223702870e+00 2.561916296518300218e+00
2.332488950903414349e+00 1.456631914270860806e+00 1.446071513929582553e+00 2.307536029865203009e+00
3.048095261467830053e+00 1.043029304431768223e+00 1.927228762342044988e+00 8.888863426589134198e-01
3.076523976933339122e-01 1.172633767712758512e+00 5.238813336718274316e-01 2.228605528340445563e+00
7.235505954251061911e-02 7.640003950044191861e-01 2.366861307805608217e+00 1.117962769586028499e-01
1.973146434652772951e+00 2.227454097010361789e+00 1.202909821956554381e+00 2.273538486221851951e+00
1.437197673337481829e+00 1.577232393925523279e+00 8.745115466996872255e-01 1.060016486038439926e-01
1.659092839298894395e+00 2.774838963499176581e-01 7.610645759116306808e-01 2.351462888198954382e-01
2.992003795769577340e-02 1.309179547957694423e+00 1.459192015316733038e+00 1.048193137908892014e+00
2.762561675379464621e+00 5.240371627989564018e-01 2.775765898733035364e+00 5.608310962477666139e-01
1.447851617209950703e+00 1.900099409892778146e+00 1.630239127982900715e+00 1.494735749269024527e+00
8.460774987118040436e-01 4.223391795871508370e-01 2.632015253942380006e+00 4.714689383881493501e-01
2.914894578845148132e+00 6.674616546723476374e-01 4.832605630604061564e-01 2.321355832240294514e+00
1.529363279650944318e-01 4.126477554081617871e-01 2.512864765828825231e+00 9.926479230673147802e-02
2.105140487471826916e+00 2.351470003296569633e+00 4.062915684208538436e-01 1.280195504301141485e-01
5.873692232731136942e-01 1.401696304569034934e+00 1.729741671770747447e+00 2.193102657710513659e-01
2.511613137204585233e-01 2.389364153593675599e+00 2.436319843939542817e-01 1.459084269041216686e+00
2.625464500038076743e+00 1.500489611314081706e-01 4.877810852353051119e-01 2.152667573629682529e+00
1.497307801334257782e+00 1.693828225727907366e+00 2.894087126859778092e+00 2.996351137920707952e+00
5.605046062297260878e-01 3.094050625229974205e+00 1.396341376994733263e+00 1.025656246266311689e+00
7.412638107730922243e-01 6.988586041940780813e-01 1.703739743908449844e+00 2.675622752538970861e+00
2.313941774700913001e+00 7.001322842937175439e-01 2.271577363039147812e+00 1.682124989001900772e+00
1.937883162207341581e+00 2.223853210855200491e+00 1.344263596117078574e+00 1.310363613734002453e+00
1.524528306523147136e-01 4.737760932906945888e-01 1.820919042660289755e-01 2.643110638952572700e+00
4.739603776470095453e-01 1.450667163620208977e-01 2.985252692096913574e+00 2.236283514698974351e+00
4.420671631740954316e-02 1.351794699234831754e+00 2.255837445607558944e+00 1.033509477439022106e+00
1.895421526932805634e+00 3.115226898057494864e+00 1.378861608891756019e-01 9.110566962427124604e-01
2.649373005124475711e+00 1.468380513855076064e+00 7.341745613476223786e-01 1.302395393226041254e-01
2.041276635681042784e+00 5.916234707902354173e-03 6.187858580208754899e-01 9.990691187092125558e-01
2.923300811988952308e+00 2.776191987298900266e+00 9.586914590793356172e-01 1.188201110755260581e+00
3.947481727509196126e-01 4.025589054413942769e-01 1.122424889759360500e+00 2.805711906724286386e+00
1.784073268193462569e+00 4.645162374409345096e-01 1.349901501926305203e+00 9.115162239856330340e-01
8.442747213587644683e-01 1.724348669025862257e+00 2.795492694223251195e+00 3.054687663110865203e-02
2.840069124794323829e-01 3.136494332590283651e+00 1.533781257364809081e+00 1.559792744859596514e+00
2.241246349517727943e+00 2.286336240033463696e+00 2.921776088636271584e+00 2.641859521389000154e+00
4.551146739802979235e-01 1.305594072723988308e+00 3.048340697810842492e+00 1.158015483273775459e+00
3.130796912927857889e+00 2.553737420140507197e+00 1.840310930531948275e+00 1.860499760927511570e+00
3.106625960146397247e+00 2.485485613396940074e+00 3.545176483283986046e-01 2.916792575959569866e+00
2.406872170215843099e+00 2.033053530430768419e+00 1.709066458264075772e+00 2.932431166963153313e+00
1.395450958907380468e+00 2.928443672043888668e+00 2.832063027661797072e+00 9.123634883245875793e-01
8.346906992963468719e-01 4.890249646484659540e-01 1.751705501136690879e+00 1.500533539976284469e+00
2.327373242523626207e+00 4.126624065203370884e-01 1.890906658466102286e+00 1.088048079492020870e+00
1.111357437931848269e+00 1.396131762959462064e+00 2.293270839571536435e+00 2.633793477290363505e+00
1.370718269537363476e-01 2.775678603481551487e+00 1.476878940429755094e+00 8.878156563252865840e-01
1.143862612871324291e+00 1.818260757007957196e+00 1.887016655100164364e+00 2.800672094196788198e+00
1.023034558668687755e+00 2.730376634524181334e+00 1.320812614450241673e+00 5.676931341613959958e-01
3.079470689511630166e+00 1.528828554336124856e+00 2.463627086911973074e-01 2.335363912716887924e+00
9.927876683688464654e-01 8.079961795837897753e-02 2.409684029357821000e+00 2.226278837639157349e+00
1.130285712115092656e+00 5.817034478963909461e-01 1.804407838594874969e+00 6.379021493832616185e-01
2.020914643704757374e+00 1.177510672860330176e+00 1.875919985711595794e+00 2.582260061991804356e+00
1.428252941157147182e+00 3.479253914706070816e-01 6.783404224584588249e-01 2.014521903506969025e+00
2.507294849827364391e+00 3.602616041790754897e-01 5.347521391244841604e-01 1.848745020894337454e+00
2.260630103333392427e+00 1.813701806542238115e+00 2.362105594844585266e+00 1.456465943284846132e+00
1.055843184151542768e+00 2.949308430293529515e+00 3.815396330588970153e-02 6.435867096160876599e-01
2.786374095385549587e+00 4.885449623375512918e-01 2.636693432921022762e+00 2.176677796499864037e+00
2.678421985187065535e-01 2.698916980195892990e+00 1.714711160197135209e+00 1.291714836502556585e+00
2.591390305121438864e+00 7.186372710414954401e-01 1.224951952959893120e+00 1.417687660321475807e-01
1.972786916573853189e+00 2.534935714357737790e+00 7.402087714208688274e-01 3.065434487268867247e+00
2.432137906654426196e+00 1.679664532419889111e+00 9.141396608785689049e-01 1.163629930546878466e+00
7.748751609634270121e-01 2.927240456268724422e+00 5.524043576059417537e-01 1.153083471516482605e+00
5.436043324855827086e-01 2.178055324203311383e+00 1.264170275930970089e+00 2.077595215290239494e+00
1.199256409911519050e+00 2.771165126886346641e+00 5.527204078751648542e-01 8.348738903400345635e-01
2.715491896822209483e+00 2.890404149846256932e+00 3.040844806089086028e+00 2.385149139478649261e+00
2.332258034162042915e+00 2.713825126047927361e-01 1.080419601984948574e+00 2.930609030642349122e+00
2.234125495320475885e+00 2.296183740839100818e+00 6.334368029682546641e-01 1.712266396777812005e+00
9.225669438507633213e-02 1.240775954080974408e+00 1.144542887665247699e+00 7.410413165882236974e-01
2.732932357474840757e+00 1.521582925190840152e+00 3.081268354653939667e+00 2.198208451868886915e+00
1.908947430366180420e+00 7.552312749279160853e-02 2.091339628738631884e+00 1.112876512640770699e+00
4.530601502658776480e-01 1.270243407529918933e+00 2.665887220632841004e+00 1.566215787439662721e+00
2.549233247895468679e+00 2.655791377932831043e+00 2.424738917234838809e-01 2.425736937959133144e+00
2.551646212721066398e+00 2.324549869590583739e+00 1.131460787082310571e+00 2.719888120718524593e+00
4.223044036069071305e-01 2.848841518021385077e+00 1.935809549692546039e+00 2.264802464499024115e+00
2.501919888076121340e-02 2.542582016890182928e+00 2.659455398488273392e+00 2.888359644553527783e+00
2.210427718888177129e+00 1.710823349923702885e+00 1.180731053602454450e+00 2.189562768472076648e+00
7.175949691024312571e-01 9.380291296714707294e-02 2.315765914933964886e+00 2.078819055230596735e+00
1.824219864358053445e-01 1.837554891630057474e+00 8.304111633144245497e-01 2.736277346431133850e+00
2.580688927428153256e+00 1.863803192387908925e-01 2.379961345208806145e-01 2.922484695973638136e+00
2.262217704169433574e+00 2.881931937661082355e+00 1.266357649161296894e+00 2.609169861178192829e+00
1.527662956302574537e+00 2.808073156696011097e+00 2.399985422786669265e+00 1.768312140016233602e+00
2.527529880826442810e+00 2.093937380644339097e+00 2.358247476949008714e+00 3.129877826182519307e+00
2.851943915356847548e+00 2.349114818075615396e+00 1.344129485678270175e+00 1.836452377893717403e+00
1.965421223619367330e+00 1.947100705518651553e+00 1.584850781292574506e+00 3.108175106350644867e+00
2.399672223530893600e+00 3.115903267039549007e+00 3.130431901510750681e-01 1.591916634224165961e+00
9.954122441241870511e-01 1.000394820263274198e+00 5.323174006638617950e-01 4.820717991981826600e-01
1.617057964517413460e+00 1.102183298792283050e+00 1.827911455301016286e+00 4.078625053761632535e-01
2.958582027903506884e+00 2.917061360996500596e+00 2.429649163609002738e+00 1.489114091050525834e+00
2.667225174715992519e+00 9.638417971492541092e-01 1.265055931451505744e+00 9.116099492421215755e-01
3.088593061644949067e+00 1.164723911885195751e+00 2.832512054551640901e+00 1.127549489032959179e-01
1.109571243001992391e+00 3.119220355669056310e+00 9.282268277239458243e-01 1.485752269700573169e+00
2.202787312179340429e+00 2.708578433999818014e+00 1.728483131209152868e+00 2.172300892224470648e+00
9.773076190827245657e-01 1.691320065062008826e+00 2.289332843154099351e+00 1.428276510858565107e+00
2.568100200023988755e+00 2.079856986279007725e+00 2.478662104139667033e+00 1.411575055728059858e-01
2.041480641490469150e+00 1.245032851862390988e+00 1.828156859499044717e+00 8.768711955500828603e-01
1.743205698096214618e-01 2.700989148623134106e+00 5.550794454940131128e-01 2.554104700089115720e+00
1.588241330641555482e+00 4.170287299201503872e-01 1.412077793004136606e+00 2.179301407858900974e-01
1.982245127172230337e+00 6.786348264967877464e-01 2.803922149826102217e+00 1.296638607406462029e-01
1.109967055850882733e+00 1.832422866389151750e+00 6.739381106418480538e-01 1.047571598202144072e+00
2.433279061289427059e+00 1.149745471448611722e+00 1.402908906294713098e+00 2.540343069899380635e-01
2.839360414589569448e+00 1.289115207548028885e-01 1.823356090535553919e+00 2.224187775987691129e+00
3.486020049414828015e-01 1.405714074172211614e+00 1.991246390580895032e+00 8.796288680344217514e-01
2.576216960701621872e+00 1.072528726997169279e+00 1.598555377234184838e-01 2.361034098097947176e+00
1.938564396106944754e+00 1.421429232314261659e+00 2.764833745204027804e-01 6.714708131670212854e-01
8.875715573503177858e-01 1.148478370559851358e+00 1.208033574878667249e+00 1.933847936750242358e+00
1.966435246560721106e+00 2.196467310760868763e+00 1.242998647016244185e+00 1.334704730621397273e+00
1.597793192517410255e+00 8.336259094959591609e-01 6.119224927851679707e-01 2.527535701447794825e+00
3.784267300216426766e-01 5.894768433088876103e-01 3.054828046673732533e+00 4.439739788844799251e-01
1.518774000434340632e+00 1.699696815239227110e+00 4.161366048153278818e-01 2.572232782300805543e+00
1.867829524551416487e+00 2.238250280416682614e-01 1.823750952305277950e+00 2.543476390182877189e+00
5.205563620242736889e-01 1.367993666899599781e+00 2.710518719434252599e+00 1.655289197481694785e+00
2.835280489829339778e+00 4.027107839409500012e-01 2.529717178690947588e+00 9.734861336927581599e-01
9.547727156610743560e-01 1.824607281660449276e+00 1.977558874565199964e+00 2.390785820272623319e+00
1.124311823885920658e+00 6.942955024654194895e-01 9.347723902151429121e-01 2.222086958486935715e-01
2.185174837548422122e+00 1.892045475338920202e+00 3.168893307330775677e-01 1.019954893964142961e+00
5.769991014474318280e-01 3.552973709375417677e-01 5.007926260730549695e-01 1.778645462470562544e+00
1.557119579222420835e+00 1.465241383986958912e+00 3.034206354920037541e+00 2.442340354007422221e+00
1.568422484138852768e+00 1.640354401748442825e+00 1.301483318199879724e+00 8.669373715569266281e-01
2.190032431163435600e+00 1.031878087530190946e+00 9.836396705640629845e-01 2.942045928261338705e+00
5.958383487778715626e-01 4.914179705449434610e-01 3.336245605649254542e-01 8.234902581666442289e-01
2.770735567394669641e+00 2.992383671172198056e+00 8.348623113790015760e-01 1.222238056513886173e+00
1.488785265950144598e+00 2.777975636208203092e-01 1.963182653193165761e+00 7.327021596017965210e-01
3.075254955974063176e+00 2.383785746869323319e+00 1.341549350045737832e+00 2.140331691943895720e+00
1.309662762906565803e+00 3.336101865442792636e-01 1.507362533382974767e+00 2.135026066872337314e+00
1.888208444176366241e+00 6.376267094630793109e-01 1.096888287180159516e+00 2.002698235694900131e+00
7.172368430581265164e-01 2.279901449676068559e+00 1.544175530884664527e+00 2.827816608907779194e+00
1.756780677803680524e+00 7.861830223896648651e-01 2.102219326814935396e+00 2.015294165275021587e+00
1.742754861846882219e+00 1.805217908928328896e+00 2.941400609957649515e+00 1.884960394045049004e+00
4.797601337241013120e-01 2.129276518647296723e-01 1.297626588505867984e-01 1.856453181272589292e+00
1.329219439760359167e+00 4.539591507316585450e-01 3.867767729305890412e-01 2.107207519811252094e+00
3.073261003469714758e+00 1.445322635206844675e+00 4.811138241705219531e-01 6.582048970572710322e-01
1.349110564612922558e-01 1.709358905163710640e-01 6.065340806920417327e-01 6.656105375864439511e-01
3.096197552908291240e+00 2.743865404434305155e+00 3.088130215357051789e+00 2.385255783751103031e+00
6.117963624360560626e-01 4.034437799414760661e-01 2.115275312475689784e+00 2.476322891836477691e+00
2.983918755934411138e+00 3.016685733206512787e-01 1.324572954994931884e+00 2.663365859553523673e+00
2.058116483681810216e+00 1.396524824188877689e+00 2.753436606357919647e-01 1.455708515849964080e+00
3.126392861715548754e+00 2.150366844935980293e+00 2.570314211717921182e+00 1.151640489088742170e+00
6.608895641827757794e-01 2.491565514392656500e+00 1.225153985320524219e+00 1.161201327562932262e+00
1.267461000102307445e+00 4.660489836263493890e-01 3.762968387881891474e-01 3.408772617385293358e-01
2.637182315243948860e+00 1.753386097934011900e+00 1.038444087830261653e+00 2.167318936836319487e+00
8.392456409180946153e-01 6.070994840479776444e-02 2.385984173089722216e+00 9.070850313172524881e-01
2.410867528402165227e+00 3.046451497903908123e+00 1.309387618432082068e+00 2.292042718385471467e+00
2.115781304041469912e+00 1.298770194160642655e+00 2.019954237601774505e+00 1.963111371123833715e+00
2.178223026043984767e+00 1.127314770147231776e-01 2.772809077523943788e+00 3.059572302578770664e+00
1.482094002969760016e+00 2.048825999070464476e+00 1.676185692074848577e+00 2.794332055413558891e+00
3.237276130089080106e-01 1.803621268415518397e+00 2.120866373527120263e+00 3.823325536792540613e-01
1.521338115848722916e+00 1.729713200289237252e+00 5.136623347008889562e-02 2.905250159026707024e+00
6.294967505775806993e-01 2.871992338485369611e+00 2.361290096219867962e+00 8.610293739329399898e-02
2.359696566879177837e+00 1.201215380779824815e-01 1.690231875951056173e+00 2.584396033015704752e+00
1.766675617478775662e+00 1.244733262722724998e+00 2.667874086048829252e+00 2.942111715621259727e+00
1.100381491401745349e+00 9.733904323693659544e-02 2.103409425633815388e+00 2.759372124050330832e+00
2.491973683930774008e+00 2.521152721351830550e+00 3.006062255240711245e+00 2.163943193706316936e+00
2.368540081768786720e+00 1.750620147827229856e+00 1.574351648828703931e+00 2.729621162838843595e+00
3.081637972428476147e+00 4.306840363594987009e-01 2.641843898224213394e+00 2.539930271644324833e+00
2.863863792092827598e+00 1.556940677059106104e+00 2.088714194505109922e-01 2.193942441535698118e-01
1.041293508570726001e+00 4.688703317226955436e-01 7.654490425190207947e-01 6.152373494161406109e-01
1.998024846037959934e+00 3.679034220616420048e-02 2.567330110977688040e+00 1.009401979514418679e+00
2.930303120897970626e+00 4.671461735113987546e-01 5.109838897877524433e-01 7.296629463366135493e-01
2.322944823480773469e+00 2.042689066992451785e+00 1.436000259801006207e+00 1.197294451194968135e+00
1.619506834194122558e+00 2.101269165833382413e+00 1.663605661774344657e+00 2.234446911601522812e-01
1.661155963934927815e+00 2.623675462116063173e+00 8.974431594055174433e-01 1.753202514651687638e+00
2.409646011891772022e-01 1.174385629483721605e+00 5.836043031731646957e-01 2.168751634496950853e+00
2.781481838147757735e+00 1.798265612132130986e+00 2.590867095557068400e-01 1.447275181478904660e+00
2.055281174563322821e+00 9.490587436581774394e-01 1.888925556416592322e+00 1.852303970572183545e+00
1.669469837330976592e-01 8.537414127951500203e-03 2.467553379860762952e+00 1.098761309086137894e+00
2.107715798229632842e+00 1.071624968570162650e+00 4.753315252354541887e-01 4.204036379986658689e-01
2.907891228699520880e+00 1.240025442184011117e+00 2.394330648604936940e+00 8.191686387652787893e-01
5.064337914967875776e-01 4.180434977736370850e-01 1.314700126098520272e+00 6.865021981986552113e-01
2.912238998530526146e+00 1.525410412457551157e+00 2.937838313228446019e+00 2.508661688433070580e+00
9.891568644775144969e-01 1.410391109216185823e+00 5.029245892684864883e-01 1.004699470482554702e+00
1.979891915975047656e+00 1.702533152456666921e+00 6.900870728651481434e-01 2.096079330721813128e-01
1.302651600320814396e-01 1.306799830069081958e+00 2.992345791454114945e+00 6.356862710211881595e-02
1.964629213853289924e+00 1.623415967308550645e+00 2.370605126792617146e+00 9.381636040249247133e-01
1.191366351183991590e+00 2.546491402661206660e+00 2.257734133722166248e-01 2.013533834903915132e+00
1.491835761589567655e+00 1.381356669145546778e+00 2.960078410667608573e+00 4.232258249122749505e-01
9.373247388360262944e-01 3.016887743681004874e+00 1.444898094555798318e+00 7.401376740696079537e-01
1.749266023885476473e+00 1.423719378380089440e+00 3.093561756924635975e-01 2.978924628087251225e+00
9.674387828596439087e-01 1.092645362540671128e+00 2.121664619160195553e+00 7.506458891428691160e-02
2.083578358623593196e+00 1.991740518915178448e+00 1.073882890935500489e+00 3.056220431467218113e+00
1.348365172683231528e+00 3.067074509880001187e+00 2.486761392434423179e+00 2.983861151146078416e+00
5.430191509072507250e-01 2.606786073513215340e-01 1.673838466843756256e+00 2.276186556275460848e+00
2.860423993012852328e+00 2.405001461766675952e+00 2.749832545498508640e+00 2.398601033141682937e+00
2.176189643044911914e+00 1.567752490101404828e+00 5.401039402329741446e-01 1.021340514105632202e+00
2.372081100170437384e+00 2.010280762436523538e+00 1.300042437094781400e+00 1.693963775553644302e+00
1.436101363787550822e+00 5.353827081116885322e-01 1.768918653096807292e+00 9.266019949170001269e-01
2.422448825708248599e+00 2.885516814471908109e+00 1.388781495797195120e+00 2.132248141091203752e+00
1.920762423754722281e+00 8.670450551699688813e-01 6.138807476163387067e-01 2.346468304646952330e+00
1.803432407657830527e+00 7.746715781970107129e-01 2.402116026137465443e+00 1.160023828428302872e+00
2.369010186984660926e+00 6.657944667305114583e-01 9.915842544138261383e-01 5.679776603255151102e-01
5.636146132076258475e-01 1.146913974787050927e+00 2.143476036466005485e-01 2.574972896878731099e+00
3.141405156162215828e+00 1.931372263533207123e+00 4.027710684840964395e-01 1.745536246714889606e+00
2.505062651399503793e+00 6.571511345820379990e-01 6.602187812327134919e-01 1.216812369545642758e+00
2.944274140118959160e+00 2.226767623095790682e+00 9.470617051007478304e-01 2.158199306853110233e+00
2.817849315989248815e+00 1.790589335783002500e+00 3.675976923017871267e-01 9.555894380831340129e-01
3.669183478533253884e-01 7.031967576561564126e-01 2.260902034151744733e+00 1.845004704786571192e+00
6.411672491446990252e-01 3.052769668852777230e+00 9.231331392865410601e-01 1.954149656955200376e+00
2.501643468144941096e+00 8.632936672945454859e-01 7.192163329486932488e-01 1.415413324340551560e+00
1.674659945345955192e+00 2.681065716770743568e-01 1.228317827832864501e-01 1.617789047164207794e+00
2.518822187080418828e+00 1.113620355165402476e+00 1.989668201031205674e+00 6.311405426706867550e-01
2.290937676318430594e+00 2.843828042497539510e+00 2.532224012154351556e+00 2.132558321031895243e+00
2.836550367923314830e+00 1.460423169383865849e+00 1.516743448524574767e+00 9.057923051073820675e-01
3.706852020131427561e-01 9.892670162134895584e-01 1.013561913746347187e+00 3.056119471403834886e+00
5.171470211144153090e-02 1.094562177398402447e+00 1.471277228528947933e+00 1.799881495506469919e+00
6.772226928013632685e-01 2.491253696276867657e+00 8.404174917517004406e-02 9.541539309914089939e-01
2.791930550236839670e-01 2.849957532292052065e+00 6.227429437545617397e-01 1.255546386594215136e+00
2.345702070840514519e+00 2.659689928397126923e+00 1.021782873738676267e+00 2.658354680069927589e+00
2.882774313474151029e+00 9.841915246576221632e-01 1.500813488548757402e+00 2.160351527123040682e+00
2.348254342996418664e-01 2.200730457467667378e+00 2.687852468380434345e+00 1.137210283322728638e-01
1.295910115846816035e+00 2.291147192726940673e+00 2.965646274289722495e+00 2.794954664738821482e+00
1.848425106414866903e+00 2.904180363934567577e+00 2.257908044666085523e+00 2.863993711233644213e+00
2.272560267535486123e+00 8.610382749460289142e-01 4.165868000487495948e-01 5.895166909120133081e-01
2.269135291146234579e+00 1.075357563447416842e+00 3.138702361502170746e+00 4.932825520331137609e-02
3.005712044953906537e-01 2.653839321506130111e-01 1.896345921776173116e+00 1.676658893006913953e+00
1.771498517306377307e+00 2.120317262371642197e+00 2.759451898710335360e+00 2.425166806698492383e+00
1.181398046845206329e+00 1.358630103303551495e+00 6.048574916755120601e-01 2.683906769097359035e+00
8.435506126687741801e-01 1.718496797668206177e+00 8.674047955179012837e-01 8.573070162399366589e-01
1.580687957651254250e+00 2.299175110939659372e-01 2.599402526718590511e+00 2.428456004721014416e+00
1.808108559742961585e+00 1.759385286555851247e+00 1.000182903063637108e+00 2.299529651265517227e+00
2.615878246205412538e-01 2.417860211501142942e+00 2.038664677416752280e+00 1.146553754504707756e+00
1.084544733480905521e+00 2.565033181824450725e+00 6.186511377014380919e-01 2.404751565243143929e+00
2.389533699230690367e+00 2.915628332240363108e+00 1.170696871910260839e+00 7.582059851817932739e-01
1.865126451933539098e+00 1.851890972915662292e+00 3.444866064087245914e-03 1.040136567247189614e+00
4.745135066020734205e-01 2.869494282781782424e+00 2.673120219099485162e+00 3.085741191798221372e+00
2.365391715537985995e+00 1.035277756963028040e+00 2.251595060636205403e+00 2.675307753362803798e+00
1.229048273684647086e+00 6.948834035700921508e-01 2.410196841044552230e+00 3.209825969699789394e-01
1.638114676101653400e+00 3.070981217949193098e+00 1.663842764190521128e+00 2.350055921730942909e+00
2.856975499305112631e+00 1.784731388079824788e+00 2.670283933795567943e+00 2.791388841031507528e+00
2.602366883208097725e+00 1.794952260331024396e+00 3.750453755070242146e-01 1.735989058449292743e+00
5.809681562443622799e-02 2.368002777835626294e+00 1.354379780681811640e+00 2.603434563388610012e+00
2.029377461400950544e+00 2.664479105433035677e+00 2.082221492993855616e+00 2.914747077018498445e+00
1.346991712049724121e+00 3.121119741838284778e+00 3.046377113202356490e-01 1.194377297555567985e+00
2.942896653173230792e+00 9.320232349657274762e-01 1.091736961890322766e+00 2.843152456217111990e+00
3.791708590039029048e-01 7.391158254741410083e-01 3.248386524345366344e-01 1.332259544398363804e+00
1.341726474353565068e+00 3.139941604328246871e+00 1.589152862141249400e+00 8.773691562385138587e-02
2.980455230972727687e+00 7.119600732308620783e-01 7.935916904925844895e-01 9.676355578195457996e-01
2.904073991831348511e+00 1.727508322425543641e+00 1.720017886387387174e+00 2.365076938027910192e+00
4.221921529703742126e-01 7.209943692767714074e-01 2.544480043427212568e+00 1.011234394167500605e+00
1.213732537932409095e+00 2.603040819978082343e+00 1.482049570584942799e+00 1.899710834927430980e+00
1.210783738385951214e+00 4.820945120973404996e-01 2.327579558890123579e+00 1.869818969473363568e-01
2.800524662415813104e+00 2.615246552209445241e+00 1.959703418238730288e+00 4.403705170462039464e-01
1.846178058166331848e+00 5.880468432135422807e-01 1.356727469629390059e+00 2.598816529396196451e+00
3.126741378203948596e+00 2.814618285896323346e+00 1.457085975830353652e-01 1.411822218999415401e+00
2.493026430363938506e-01 2.527478656631099163e+00 2.652148635683823308e+00 1.391663046437918050e+00
2.150785648517925086e+00 6.495507544009676559e-01 5.522898385272415611e-01 2.910117246349300135e+00
1.898102719244826320e+00 1.162690221937336288e+00 3.780585343681096000e-01 5.002640639025979219e-01
1.997245638073384066e+00 5.200883323823707327e-01 3.716512435160142513e-01 2.255780380937397300e+00
1.633167122002227467e+00 2.850446652777742784e+00 2.538155348009473400e+00 2.941348063818515879e+00
1.698464453692873688e+00 1.994073330531243249e+00 2.055450808194386081e+00 1.044056328536433070e-01
2.784862115040850572e+00 2.983222591678554636e+00 1.717010892197157856e+00 1.076798224196743758e+00
9.433368172323878253e-01 1.700104505357520779e+00 2.145779574765686259e+00 2.651846376944743344e+00
6.438110718085314765e-01 1.086880663835259275e+00 2.560641511221952715e+00 2.826928699991537730e+00
3.473673697982200270e-01 1.467828805756972388e+00 1.155277176935092243e+00 2.203922893591515386e+00
1.854700530653287993e+00 2.652141572927289581e-01 2.714719490439434058e+00 1.065567451368521157e+00
2.221741056510849965e+00 2.910595764115025741e+00 6.365492651427517856e-01 1.641779150070716398e+00
2.360263142370242928e+00 2.156501722108567165e+00 7.353409032217239627e-02 1.074863140550238452e-03
3.448981763665636135e-01 1.392202212132354511e+00 1.976233485221404518e+00 7.100314026226550723e-01
2.248765428834516911e+00 2.833404000255479005e+00 1.496492874239547355e+00 2.326594334684274124e+00
6.761303480225754337e-01 1.921212851399352495e+00 5.821336063854093412e-01 4.511052495036553256e-01
2.431441253516028467e-01 2.693799219447201576e+00 2.816149147962196508e+00 1.515941280199920804e+00
3.226251540464249445e-01 1.186129083513385973e+00 2.593812741979709013e+00 2.088994621447851863e+00
1.810946534028331278e+00 1.367825666960434505e+00 1.252972233910390809e+00 1.959486426353383548e+00
1.482022032225296826e+00 2.396316262524281093e+00 2.534794539531479707e+00 2.709718458645427042e+00
6.326264192746254844e-01 1.420353290582718309e+00 1.285458449288410687e+00 1.887196754711355728e+00
3.297992011606075136e-01 2.331526088546389541e+00 1.664148027878013636e+00 1.811050186604264756e+00
1.492665296278176568e+00 3.028643297698335068e+00 1.796174791130979109e+00 1.459150954945811707e+00
7.463168154218217110e-01 2.636927508411160304e+00 1.327701862667519439e+00 1.454281384796283438e+00
3.091829791581083953e+00 3.044983170761095259e+00 2.675953038922632921e+00 2.875871383024330541e+00
1.502527972115238253e+00 1.171301788076482414e-01 1.892922074417047185e+00 2.779116981426550392e+00
8.639379017015204054e-01 2.209479982433846690e+00 1.837269101286892747e-01 4.921701019198393423e-01
1.558569710745542070e+00 2.515735650736241169e+00 1.421420237923683549e+00 1.984197779667432382e+00
1.298417828751762260e+00 1.648283157934640863e+00 3.060643520694945607e+00 2.517805992044826802e+00
1.048159460262171994e+00 2.037286757662950254e-01 2.929685779657857925e+00 1.949007368118290007e+00
1.770268780815067666e+00 1.561980608413053417e+00 8.114647443161468465e-02 9.395104254199176941e-01
3.776131207178377580e-01 4.938900702495467587e-02 2.581954416720299683e+00 2.157711340119209176e+00
2.813377617394676733e+00 3.116544209908788332e+00 3.040851916057133231e+00 4.513541401658189289e-01
1.166706194157206555e-01 2.810311937372086399e-01 2.447665683834115313e+00 1.366108986274179316e+00
2.998805184604428131e+00 2.399532480039290316e+00 2.462883289767572759e+00 2.180325581509578114e+00
6.506010472897532093e-01 2.786954949868230891e+00 2.878806864306783897e+00 7.097093657064946770e-01
1.559551324855130150e-01 2.647527494667011316e-01 1.068476886304553855e-02 1.071500285194544322e+00
1.260100068121057237e+00 2.214799770030437820e+00 3.777485028848187043e-01 2.211956284673499695e+00
1.752573205967124848e+00 2.234820238436789008e+00 5.590169613628693385e-02 2.124639227811889519e+00
9.921517022867464286e-01 7.578984683384125676e-01 3.736314356468264930e-01 9.175056557564730264e-01
2.723690226286853200e+00 2.213604687114431702e+00 2.907591236499982301e+00 2.053323673918244996e+00
1.505932559187223241e+00 3.062161367970722026e+00 1.062530548690874932e+00 9.871484026567877157e-01
7.622381354009376553e-01 9.066194394709460314e-01 2.481347141183335658e+00 1.036077901276608731e-01
1.795068026523275684e+00 2.909631634656950627e+00 1.335019745351731402e+00 7.468340379188037614e-01
2.663082064234147950e+00 2.404213398552242253e+00 2.382738421157917674e+00 6.054004107313986083e-01
3.080211566952775648e+00 2.369604799942048423e+00 2.483270063431373131e+00 3.028344962693222620e+00
3.009903753138318816e+00 2.074512613753077606e+00 2.917989805404159753e-01 1.317623884606985651e+00
9.469364188827673612e-01 9.743370988377414443e-01 2.917833251467574662e+00 5.976781553080292575e-01
1.932724659482103480e+00 7.204740305948656998e-01 2.778210821763576810e+00 8.090964468935534226e-01
2.384202054662190928e+00 6.357641382566980859e-01 2.669386847671739726e+00 4.147735412409607747e-01
2.727172439912691537e+00 1.730373772879271854e+00 5.828556523719383153e-02 2.160667611975443769e+00
1.970502377828474483e+00 1.021348816544326521e+00 2.832066360188064458e+00 2.221075496744636890e+00
2.580368396166989875e+00 2.652679491103700382e+00 1.455637920889554682e+00 2.833756202574654992e+00
2.973098815988314048e+00 2.642796039203142211e+00 8.680040853027612968e-01 8.544017685108608040e-01
2.728661685825864436e-01 1.569229855236920823e+00 2.019440674556043813e+00 2.269167731401871446e+00
3.123985204572341967e+00 1.759072260382061881e+00 1.723815754741488404e-01 1.305124547508189403e+00
1.949212274122849475e+00 1.363883241951894476e+00 1.686727330808573067e+00 1.102438429716735335e+00
2.653242759069734280e+00 1.565394137531479490e+00 1.766198784580110814e+00 8.106264717081280713e-01
1.647297641155718306e+00 2.237331731101276588e+00 2.989290825339285806e-01 2.297101910615912512e+00
7.633542278117714242e-01 2.655141431102098437e+00 5.111077440399358629e-01 2.506864391954799487e+00
8.857500204228878349e-02 3.094560936187361833e+00 2.934169538874991545e+00 2.429728940540343551e-01
8.511044680340633384e-02 2.216359718686574665e-01 1.729521429732286286e+00 2.126603873293665181e+00
1.788274553813701484e+00 4.387915688288680782e-02 2.946266392528626099e+00 1.301926053056237098e+00
2.685399825912289096e-01 1.443199063763003442e+00 1.147392867580675491e+00 2.730397942374299891e+00
2.065351953984425393e+00 3.010732042366124350e+00 3.951015378603860984e-01 2.416825578115945117e+00
3.804103382011291834e-01 2.957026097059545222e+00 3.073431028998475867e+00 2.811357353460710140e+00
1.772701432140999733e+00 3.137080064253052747e+00 1.328857349751980443e+00 2.558055111422373518e+00
2.432984376632410406e+00 2.408369187981004966e+00 9.394017476619018758e-01 7.502501098541290991e-01
7.605517860469376279e-01 2.655350443367344049e+00 2.757124812770754829e+00 1.667084822454422577e+00
2.398927535409726364e+00 2.346771596585589190e-02 9.626803422322691706e-01 9.409095853631305184e-01
1.815567278959780095e+00 8.429043976356399570e-01 3.069005767064398871e+00 4.190763826505819467e-01
2.636645572359491041e+00 2.814648168262142480e+00 2.215897270140403830e+00 2.931252855296607951e+00
2.784241104278151191e+00 2.248912940999176158e+00 8.873210183964591602e-01 1.838550098388618714e+00
2.578868826469454589e+00 2.834103786109303247e+00 2.508314748183269050e+00 9.180218640869929059e-02
1.653931146647488193e+00 2.993235829804306025e-01 2.599115694331453064e+00 7.292133440580861325e-01
1.835273293605834244e+00 1.352970715873018870e+00 1.933798470412118498e+00 1.498517792340700927e+00
1.237108581941605001e+00 1.895141863137421279e+00 1.663030408474372557e+00 1.268023513108269773e+00
6.441464684752318259e-01 1.639039907401137919e+00 2.811692341110188842e+00 1.065313075189410430e+00
2.828802307654718184e+00 1.395305023363326402e+00 7.879473151671348985e-01 2.893084267494804962e+00
2.355700544759817827e+00 2.293032936961441948e+00 6.043821310932153690e-01 2.304286823684543961e+00
2.558160640652821005e+00 1.435920873541436660e-01 2.079794028427735864e+00 9.086058927104805338e-01
6.556172549287253570e-01 1.157819542161074189e+00 3.669897671609759215e-02 2.646119606451861728e+00
7.209309478819447836e-01 2.699923966541080578e+00 1.825177462036977838e+00 1.066389534556028973e-01
1.219138009798598654e+00 1.355030098243275249e+00 2.733398221986082177e+00 2.588497699593520718e+00
7.764008643565447620e-01 7.850028472575297789e-01 2.379693612511495360e+00 2.607759466023562123e+00
5.397264713930051416e-02 6.124539043030635677e-01 6.056554364839692450e-01 1.934372860627826984e+00
2.916334903114756294e+00 6.739544020300075600e-01 2.798951679417708283e-01 3.098810389778086538e+00
1.149392354575971220e+00 1.362782550812710269e+00 3.005834529759489282e+00 1.005356085291460921e+00
2.751383318472369943e+00 2.225438826023487415e+00 1.794377968898249964e+00 6.756509974980681177e-01
1.932001314442712392e+00 5.280213316568191928e-01 2.611652162438688141e+00 2.246896080828232112e+00
6.220491771963744532e-02 2.641488860404617167e+00 1.686053243715830874e+00 1.156693624076411853e+00
4.776373727908987954e-01 3.112658610234576795e+00 9.288912918193368284e-01 1.067463282029528893e+00
2.316082354831801471e+00 5.614096999483538797e-01 1.260647186973755884e+00 1.198849706765342749e+00
1.580351206832762978e+00 2.154102914378944966e+00 1.431569711596542893e+00 1.775654590716280401e+00
2.891941119469312760e+00 1.449086360662577011e-01 2.945623618421178591e+00 1.578173854907483076e+00
1.701284382183735788e+00 1.828288867798503858e+00 3.020187456889086075e+00 4.700039097836157809e-01
3.071977013719215499e+00 1.441750806854640077e+00 8.634853575017417127e-01 2.685580281150883764e+00
1.665847356146737068e+00 8.471454713416071147e-01 9.162916900539797016e-01 1.923857495301314335e+00
1.125506966549230325e+00 1.809747798527522988e+00 9.893830082612945498e-01 2.624790969801035878e+00
1.199982000274576466e+00 1.801940066007906349e+00 2.820817127236448396e+00 1.469636814394318147e+00
8.457455091271834924e-01 1.844380722016481178e+00 3.344477132815182885e-01 2.758012552904852144e-01
5.929326064531641460e-01 2.644911604230287150e+00 2.452703753361829442e+00 2.889591327094716000e+00
2.137606286314784221e+00 1.395926363176161589e+00 9.589624038137691819e-01 3.564189626091022745e-01
7.939368880769014369e-01 1.100830903956672380e+00 1.423956984223816224e+00 2.328066590201177899e+00
6.465908202479813127e-01 8.303875206643468454e-01 2.737279260394257285e+00 1.134418041420832468e+00
4.154258985860204700e-01 9.807438264228570679e-01 1.623934462432550463e+00 2.264545571834477133e+00
1.012367522275537723e+00 1.556187948354685879e+00 1.637797080261334193e+00 2.409784275202692339e+00
1.378359515539119950e+00 3.018578052421560187e+00 2.135322594479893699e+00 1.073312226097301814e+00
4.449539996734240832e-01 1.995594919031038916e+00 1.176871508706085701e+00 2.955618464715312310e+00
2.316130052998323752e+00 2.739955167468493880e+00 5.883974208589096838e-02 7.761524335109765138e-01
8.276386463435430052e-01 9.991084025093578402e-01 2.274535635328589767e-01 9.966481805498437208e-01
1.931211524767822985e+00 1.111536707936455315e+00 1.328567742343178537e+00 2.139141452158587420e+00
2.283401473957047401e+00 1.260976488872612045e+00 8.078267418717404169e-01 1.569914392008472825e+00
1.125736661156797380e+00 2.152122156591175006e+00 2.915302525964613700e+00 2.584414929378616499e+00
2.218653906205002801e+00 2.723845636351306165e+00 1.799469772998026240e+00 1.786896225023095974e+00
4.793778438453398794e-01 1.673100496221945344e+00 2.713563099587469107e+00 2.891551971749807048e+00
2.393611899581179703e+00 1.006442841913949282e+00 1.522034456156194038e+00 1.521025002563766604e+00
2.820571122107116580e+00 2.292626522237994013e+00 1.535073469499832033e+00 1.623073596526976470e+00
3.122027392801291157e+00 5.040799352793594590e-01 8.866063779755080088e-01 1.428202744554483372e+00
1.320918772056000279e+00 3.100788823996537324e+00 2.892430909869589062e+00 8.632410788198866536e-01
1.954434112648042454e+00 2.574826497181852858e+00 2.520513004529405965e+00 1.225590891891136458e+00
7.217853255055900474e-01 1.522099077389200916e+00 1.272579130625985266e+00 1.135593091382024689e+00
8.467671961622552645e-01 2.966131499198349508e-01 2.139372768315415563e+00 9.558340961462183927e-01
3.923031942828069107e-01 5.856722115896842995e-01 3.025629587731107684e+00 1.368408129972525034e+00
3.014634116629704597e+00 5.595974504523265614e-01 1.924776198949848416e+00 5.372696099164498973e-01
1.332191465243636852e+00 1.868969664418317800e+00 2.599507294098287069e+00 2.432832557682447661e+00
2.682270425114976486e+00 6.204686839629899309e-01 2.383047349482470434e+00 3.699929749688096181e-01
2.700153587254415566e+00 2.914698505135422391e+00 2.857864259990533506e-01 1.202673701089548741e+00
1.592701944063379171e+00 2.130491005620152034e+00 1.008474155867569833e+00 2.824738178863602567e+00
1.015683169494796534e+00 3.986003193518821153e-01 4.735641145322736500e-01 2.715144110153347778e+00
1.438209323441976162e+00 2.850160137263613169e+00 2.345657762939758140e+00 4.558444035349398238e-01
2.480527847166694944e+00 1.084454167501196720e+00 1.204366823974829526e+00 8.323940052226286301e-02
4.867096725332245022e-01 2.477901439694297103e+00 1.017594199104759456e+00 1.621857992341513510e+00
9.864160404918062477e-04 1.610363883430528720e+00 2.075713184985096049e+00 9.874354475524750319e-01
1.827086696261251142e-01 9.790495481979034909e-02 2.423016149844435141e+00 2.830749998996556549e+00
2.853067953164076243e-01 1.717023013795111464e+00 4.296875395453044200e-01 6.180501649570224743e-01
2.228468378903436520e+00 6.236155629737109019e-01 2.445769553086858838e+00 3.482577640501213767e-02
5.429386676584133098e-02 4.735379307366507917e-01 1.604286879602883076e+00 3.287057244072154605e-01
2.449021318712819362e+00 2.001511716796750218e+00 1.977647146223426633e+00 2.706892528318816993e+00
1.238289889466873905e+00 5.589875832764539254e-01 1.522390752288513394e+00 1.684209615052248310e+00
1.642605700249082146e+00 2.600618244714605343e+00 2.155363673610997122e+00 2.946838419197567172e-01
8.730773558071880380e-01 1.454595422855747389e+00 2.531252358825335502e+00 1.386791619190124170e+00
7.769664962266763508e-01 1.793849315259865351e+00 2.433903733447418727e+00 2.922147994568369711e+00
9.291715645047431416e-01 1.079571094520820784e+00 1.062104396657671534e+00 1.709684663999557541e+00
1.871020762208331911e+00 6.369922382258490501e-01 2.388222972567849212e+00 1.818233083875086864e+00
4.702274478043163564e-01 7.457264209528526866e-01 5.017993276640302786e-02 4.862534798698965322e-01
2.422538331847085669e+00 2.745963411245719410e+00 1.129388046342942459e-01 2.011685293441642930e+00
2.983954298983891196e+00 5.575223206280985888e-01 2.266192627992626996e+00 2.517859443855584356e+00
1.290018554689696062e+00 2.697839864256807108e+00 2.584030768065605610e+00 2.268862609508246919e+00
2.643699686801931570e+00 3.502973133696515862e-01 2.416834047310265354e-01 2.706507151924989252e+00
1.934121967064064584e+00 2.218792080676518896e+00 5.205601263914492183e-01 8.997857492698578818e-01
2.732189669399256449e+00 2.605794475319709314e+00 5.202285210779470370e-01 6.434104101614475102e-01
2.507843701812379589e+00 2.009608412560301538e+00 2.305339777760245568e+00 5.709606487861715873e-01
2.921247746381252064e+00 2.966646209995217554e+00 2.055198383965427755e+00 1.925838416220951199e+00
2.879903614091535058e+00 3.017650067374115341e+00 1.628561111276108253e+00 2.635287725922125901e+00
1.550450193535425569e+00 2.016706619078123097e+00 1.758579820537657934e+00 5.289912268049378197e-01
1.696583298795328654e+00 1.217619211372833021e+00 5.170785009621826633e-01 1.593366025663842001e+00
2.693765371774104800e+00 1.699011824503183332e+00 2.842599246823128145e-01 2.704975313105267176e+00
6.108867231388962482e-01 9.253037559102761378e-01 1.215776357672927466e+00 1.729088677944469410e+00
3.056096367295574101e+00 3.150295188993986750e-01 3.839431009456449606e-02 3.041327597089302337e+00
1.640951990885257006e+00 3.133820752452275205e+00 2.604030859879491455e+00 1.514497272837304953e+00
9.683127803562435743e-01 2.691855055031814992e+00 5.829083876276928144e-01 4.588645587531581249e-01
1.227776529064113609e+00 1.914471461115498707e+00 1.477605062333439578e+00 1.974010127178525309e+00
2.109748881935519460e+00 2.421368287102463768e+00 7.044275281498839636e-01 2.231089939186690074e+00
1.895139569603111029e+00 1.707863755446674903e+00 2.660797659239839241e+00 1.453258606441726775e+00
1.971182372914161540e+00 1.077985973239630413e+00 2.697634945104280035e+00 2.629560854373108825e+00
2.395909744179794743e+00 7.219004370379931146e-01 1.300709619000342654e+00 2.214019068291855241e+00
2.596457692671720441e+00 4.677024173434854437e-01 7.644544866303952524e-02 2.863724510960750536e+00
1.605648206854497273e+00 2.246550153612455691e+00 6.371740512207586526e-01 2.350841735746825201e+00
1.426359092384804184e+00 3.122748515422337778e+00 1.471346932619221448e+00 1.397412452471781530e-01
2.759022000961003585e+00 2.507387823137272154e+00 3.099836421636988693e+00 1.135542626166463176e+00
2.956689761018276741e+00 2.862575713698455537e+00 1.411977773814882875e+00 1.030257666413481266e+00
1.232417932133132776e+00 1.281512930015667351e+00 1.310076021832698556e+00 1.504378761601995684e+00
3.096157856181669832e+00 8.726632126212757745e-01 4.094969532728323092e-01 1.980238701946020585e+00
2.885495743143573044e+00 1.144682019757336633e+00 1.273799803276368436e+00 1.187391774051341775e+00
2.860334537165342361e+00 2.073416950006855775e+00 1.394451835431921749e+00 1.801588296525632460e+00
1.475046550572282067e+00 2.379115257689583540e+00 2.009091930783534430e+00 2.750404977729444145e+00
2.967010543536432454e+00 2.583144369996657641e+00 2.098168141980849902e-02 1.265458245211889654e+00
2.159389206315690313e+00 1.885884969441283587e+00 2.230676112249780463e+00 2.987434087914135894e+00
5.692892815467202050e-01 1.317735620178885236e+00 1.790844055224176223e+00 2.557993454822666379e+00
2.616866507760662319e+00 1.751539998588091729e+00 2.722289812613998272e+00 2.315963483545067092e-01
2.982492565589520694e+00 2.106991728938540032e+00 1.341682151399179235e+00 2.143086245569355786e+00
2.903816917706562251e+00 1.922851995215204557e-01 2.088849042511980780e+00 1.318356589088936603e+00
3.017497268039654568e+00 1.785930099984548880e+00 2.481969832808706311e+00 2.960995261894313835e+00
1.424753803268948182e+00 6.761572778253672755e-01 1.161489876607505606e-01 1.332876507514047626e+00
2.761693246004691016e+00 2.280008804391333133e+00 1.623292137688596259e+00 1.367879184874673637e+00
2.779640950588607939e+00 1.319334362864768240e+00 1.274809197822668105e+00 2.938032373793787677e+00
2.602924477991336971e+00 3.102044926967468808e+00 1.754102785229295414e+00 9.412340203228610758e-01
2.992269077012865708e+00 4.957432747936385553e-01 2.406118934506232598e+00 3.138019581152069470e+00
2.371396472972886915e+00 2.309968124953413859e+00 1.614916563530405691e+00 2.706908870431454339e+00
2.226615383564388484e+00 2.803880263807677409e+00 2.933755353970655566e+00 1.898756539154356771e-01
1.387026136971032164e+00 6.845060824440484248e-01 1.260520410500995059e+00 1.302876523751551163e+00
1.075271561436426326e+00 1.399204983334748409e+00 3.517432031777433799e-01 1.775425396241533837e+00
2.770388855402276640e+00 1.010903285565688980e+00 2.945184177699585071e+00 2.783588070140669002e-01
4.388308631673031868e-01 1.300853591332367332e+00 3.116498276569617865e+00 1.098487746577349267e+00
4.369386742490411618e-02 2.159483480039456005e+00 4.254773000341390832e-01 1.847404656379607379e+00
1.932672907427931852e+00 2.441185314647369431e+00 1.365324282719177384e+00 1.603050231858773378e+00
1.319232744386491962e+00 7.090908050343275315e-01 2.940701524217694374e+00 1.855891749187555062e+00
9.371105583592708177e-01 2.223321775483393381e-01 2.672049948649798168e+00 1.105417066600155929e+00
7.960878555540024104e-01 2.658386082655429306e+00 2.039768383666461737e+00 2.234202436189223651e+00
1.891812211401927790e+00 3.093703569177088664e-01 1.283053376484479591e+00 5.789171828947106135e-01
1.651693036893924771e-01 2.089895442853180629e+00 1.407964260427416736e+00 7.801930150657014895e-01
2.507792082659207722e+00 1.535527543305762244e+00 3.034591263114793325e+00 3.049304840847655740e+00
2.555545145299315646e+00 8.230492565564629937e-01 6.437075712427479113e-01 2.419836572306367284e+00
5.564226063720592030e-01 1.715963998314263161e+00 1.322864150129913763e-01 1.990298790144455321e+00
8.328314330419130940e-01 2.978456817737165530e+00 1.544024911802004185e+00 1.513312352957215001e+00
3.315129288704315447e-01 3.056069233579411737e+00 1.145631973732656794e+00 3.811039791226047968e-01
3.021018966246211690e+00 3.033250358414152803e+00 2.653918712278731107e+00 1.488629366530727360e-01
1.172011840356732781e+00 4.034802256200323289e-02 2.391824461227474996e-01 1.905697775962419405e+00
3.030368754722604141e+00 1.863004346161755143e+00 7.154163211740161010e-01 2.745503758130733996e-01
8.969240046903973473e-01 6.688177604142961918e-01 1.898816956929941790e+00 4.938061441612092151e-01
1.751365790430146285e+00 1.738649438729010344e+00 2.583626357621702674e+00 2.963828587542124637e+00
8.411859902244750442e-01 2.545105769579424138e+00 2.395058435418329079e+00 3.010480461351661696e-01
1.818379200577462829e+00 2.972255561990106543e+00 7.369057572886689167e-01 2.545617357661583924e+00
8.801458258192607076e-01 2.346796588771905334e+00 6.841774405616942722e-01 7.047496630069971513e-01
1.070590412635437305e+00 6.900912902407574379e-01 1.702780478058047553e+00 2.135485835658274656e+00
8.055419452047963835e-01 2.267918186990353302e+00 2.058269402606108578e+00 1.650409234863921437e+00
2.977516725283047005e+00 2.686136011682186631e+00 9.971072667413759527e-01 3.124881553002616830e+00
2.728778535022609919e+00 1.220961707874895774e+00 2.722853874954352382e-01 3.992868221481899599e-02
1.454440676936296972e+00 1.843526325471235516e+00 1.409279877212882059e+00 1.201485938648904517e+00
2.846414880411827220e+00 2.963723929162132453e+00 5.657019956303441788e-01 2.071443354459297836e+00
1.113110626768449435e-01 8.933243699912897240e-01 1.704274807031988193e+00 1.012731353913974175e+00
1.247747446820109074e+00 2.649005192112960927e+00 1.574246968533156155e-01 2.321373143110711190e+00
7.573779756523530970e-01 2.649607588988761364e+00 2.582585388470645782e+00 4.004669219473193098e-01
2.032076942292683430e+00 2.320789770304959809e+00 6.628779869945203851e-01 1.012013979276509490e+00
1.534250474827515864e+00 9.308210361385210740e-01 6.310523210423630847e-01 1.849266532049721690e+00
1.921589610972345374e+00 8.960513941078201983e-01 2.572745583677450654e+00 2.944061963757280687e+00
9.066931923145068462e-01 9.625911996941825810e-02 1.821171974208079525e-01 2.258359171592362102e+00
1.993094107793384806e+00 1.799758414241136695e+00 1.381376433679094573e+00 1.949047727330228019e+00
2.175225612039868750e+00 1.607352741756846282e+00 2.464882676050892396e+00 1.722682377635609274e+00
1.749100643373606712e+00 4.125507657208609125e-01 1.831627102418236008e+00 1.486748279514540139e+00
5.516372456275747682e-01 1.908057806796554345e+00 8.375129376737684428e-01 1.684617111342125551e+00
2.848039813261796116e+00 6.520762607724484017e-01 2.235801997997902024e+00 2.648569064094764336e+00
4.413592471358707831e-02 2.950430748713976037e+00 7.443507012025230019e-01 1.095324940303701533e+00
1.264418660673394035e+00 3.043911879357090289e+00 3.448419210875646596e-02 9.333774713485653018e-01
2.585246461775890570e+00 1.813136323519186077e-01 1.583650860895207346e+00 1.882661747194187996e+00
1.553105446477758500e+00 6.177233684014900028e-01 1.916355837553895158e+00 2.216768536650009835e+00
3.569203286853380730e-01 2.435021854624547899e+00 2.264824759577884983e+00 1.088197800715862140e+00
2.376573771275246383e+00 2.606333599067193418e+00 1.347050288419751496e+00 1.864726388276283897e+00
1.377745977097283081e+00 2.397645204702619770e-01 3.391286350300669605e-01 1.947259271685937376e+00
2.301399187103124078e+00 1.909137046937039006e+00 2.251102133365139313e+00 2.242148997753538708e+00
8.702066824011641666e-01 1.695375113659133959e+00 1.951222373940181054e+00 4.989317146642562317e-01
4.061969705947631598e-02 3.089252330567904270e+00 8.832879288338405521e-01 2.633053161947226606e+00
1.315540503966788677e+00 2.813187863873140682e+00 2.081913543804457145e+00 2.413436056144720343e+00
8.775405527153634644e-01 1.310213094303519066e+00 2.264412554353802509e+00 5.082439228633813810e-01
1.719258482165591850e+00 1.230086258174360347e+00 1.240889641885757122e+00 2.845445575501874380e+00
4.479626942444972504e-01 2.767181380742879337e+00 2.742700633918760289e+00 8.576742763291538285e-01
2.399400072827689190e+00 3.101328042977829824e+00 3.083145608248759828e+00 9.469567420347807518e-01
1.120370777925706607e+00 1.466724727533844641e+00 1.165590454594457315e+00 2.063985474997938607e-01
4.986235387255410489e-01 7.412833943624315414e-02 4.561680221889781173e-01 1.322320201171245158e+00
1.183298757316136207e+00 1.865511782003714147e+00 2.774073620974926158e+00 1.937376317419925664e+00
1.444842761078708016e+00 5.804027064510821621e-01 2.805954226234865345e+00 1.723244563212650959e+00
1.925768868309706949e+00 1.900392269499438180e+00 8.489976260345286629e-01 3.661582471755810975e-01
3.047678939192146164e+00 2.327824295404641031e-01 2.178290970051819375e+00 2.042802356887188253e+00
1.032124256281348983e-02 1.223863510396539622e+00 5.385349244348796027e-01 6.935368375912817074e-01
1.578419313032685123e+00 1.242406925520720629e+00 2.245629435184237632e+00 8.981025810975555856e-01
1.536993795270366947e+00 3.411941519379795840e-01 8.392723732896444355e-01 2.422884786160462767e+00
2.073558004193265525e+00 3.516398906435437288e-01 2.604992195423609047e+00 1.104830262886268732e+00
4.792593548491541067e-01 1.279812031029109232e+00 2.776881697807693783e+00 9.509656586389434452e-01
2.793258031766553628e+00 2.219517379092636189e-01 7.523021609464214735e-03 1.530788902162268261e+00
2.610793464410236187e+00 1.114030279281008395e+00 3.224891012478390412e-03 1.036944083759202107e+00
1.423591066826410012e+00 2.426195021696027965e+00 3.176097705641514612e-01 2.853869867880472366e+00
3.037911075382985882e+00 1.423542105155093607e+00 2.296298487341123629e+00 2.868297054845690308e+00
1.742559302260133780e+00 2.131063887253375366e+00 1.354688699246028305e+00 3.192529178515399191e-01
1.993781478601561963e+00 2.620030414382155115e+00 5.826679092584007291e-01 1.828982310446416015e+00
1.850650417463960640e+00 1.352169165306203125e+00 3.552325846993247827e-01 6.524671058214452923e-01
1.314615369266962208e+00 2.943024116513212052e-01 3.032228276569845615e+00 5.580191575339986665e-01
2.597130859035882700e-01 2.553585142235044625e+00 2.165254750450364085e+00 6.792748814071430941e-01
1.624651552146743505e+00 2.305217851516143224e+00 2.338427781855358045e+00 2.751052192708910660e+00
1.944665915095358688e+00 2.694413347998193542e-01 1.896386350655293374e+00 2.436065373843528670e-01
3.082106195188021314e+00 1.750730879732182332e+00 8.094345688513007175e-01 2.771027082121360507e+00
2.629935871318866081e+00 2.968738402830477074e+00 2.226404666879922278e-01 2.361889668233838169e+00
1.740598538729811740e+00 2.224435519030287800e+00 2.565242414285592853e-01 2.310307761000908844e+00
3.741274397044001832e-02 2.090773891095996095e+00 1.170515319978262303e+00 3.422378001563303740e-01
1.655470625952790265e+00 2.006462942631909385e+00 2.317293233382645923e+00 2.203594794104791088e+00
2.312919072990335057e+00 1.291005229674987653e+00 2.055677578242455894e+00 1.507727933351587390e+00
1.450431081213997109e+00 1.195835110768002529e+00 1.017037172666896000e-01 1.256442854404715703e+00
9.831595999039717260e-01 1.169182887577971952e+00 1.455621324603806332e+00 1.683969958299352365e+00
5.314439637673975536e-01 6.230935101653251040e-01 6.249904755918971322e-01 2.843888042434285501e-01
1.325193563252366147e+00 2.254042069634506207e-01 1.183149597200666481e+00 2.399141305856442141e+00
1.462718815397401062e-01 2.260015456373624332e+00 9.434417059511184256e-01 2.071677158928729501e+00
2.388527349073143569e+00 5.716900389831141432e-02 3.020143799955781638e+00 1.888490745606771659e+00
1.159795925701569530e+00 2.181673623988242827e+00 7.815631239071389735e-02 1.324936931726123479e+00
2.104386232081594699e+00 6.880217631516015730e-01 2.824727098848075268e+00 2.788670012320084712e+00
8.627196330590775064e-01 2.951669357203786426e+00 2.510374336901124437e+00 3.634676833485199765e-01
2.712702486523466128e+00 2.758379066049071682e+00 2.511101052913776055e+00 2.974166448308320998e+00
2.426978291912688324e+00 2.093367851437544572e-02 2.874327972767790840e+00 2.739877583948578277e+00
1.913274684907310563e+00 1.646318723041067522e-01 1.590442610200779372e+00 1.695152088265419410e+00
1.635952521324634201e+00 2.717157297946179106e+00 2.325215265586639268e-01 4.744834687026098230e-01
2.639137233945819894e+00 1.116611768401768678e+00 9.729259087850546939e-01 2.853949460708037122e+00
1.204384282476698154e+00 2.858342901915669199e+00 2.401067475360774583e+00 2.386955472626231867e+00
5.356907035190012767e-01 1.522377606932654892e+00 3.031847984730846157e+00 6.876420849458141360e-01
5.598434684575828157e-01 2.040471641633453181e+00 6.684696164845418398e-01 2.193347259235336022e+00
5.274949711702220378e-01 3.673866099351098119e-02 9.783575285696588519e-01 3.032481510939710190e-01
2.467273250948376795e+00 1.118205540245119201e+00 1.575072595326586944e+00 3.954398841398795716e-01
7.881078876561862234e-01 1.020443095584466359e-01 6.640025725260993994e-01 1.621673819975146591e+00
2.989797802753649592e+00 2.909864060968342603e+00 7.240868505845893255e-01 1.757098160973733059e+00
1.948822306529955029e+00 2.525881694903441943e+00 1.883648716488910857e+00 4.870492091615338248e-01
1.644262812652930172e+00 2.177436788108677579e+00 9.724766503895818648e-01 1.656708450445169012e+00
7.849645085079780538e-01 2.928736587861146656e+00 2.816779311899368476e+00 4.070739317108523769e-01
2.683910644323925787e+00 1.687788376661236933e+00 2.275838963140797144e+00 1.699824391631099774e+00
8.364272351444426157e-01 2.464015537392318489e+00 1.142668279944106802e+00 2.986837634523611840e+00
4.094877878711800090e-01 2.685108067743376292e+00 2.096458809714497828e+00 2.032747229684626067e-01
2.637619525658937647e+00 2.799147793120356553e+00 2.450274885461563024e+00 1.515377585079753266e-02
3.476440354509984787e-01 7.342309495801183639e-01 2.381359496174219603e-01 2.371297664113143355e+00
2.921721443620580727e-01 4.700406810316157258e-01 2.925959654416521616e+00 1.129353621993001600e+00
2.035405828486319457e+00 1.905618824377004472e+00 8.868234878864789117e-01 5.216606868703289185e-02
1.097545952976880512e+00 5.544132682913682775e-01 2.281098811128425830e+00 2.789991247616123715e-01
2.356727834601402449e+00 2.800835869367534592e+00 2.717872271929151040e+00 2.738114740734394204e+00
6.010396689599523112e-01 2.109831434281542517e+00 1.342078995688153809e+00 9.865295511839121401e-02
2.209396998223929653e+00 4.969480152751504787e-01 2.168326035065678337e+00 1.225972824365669123e+00
1.937144772541544935e+00 7.566066690127085659e-01 1.660407784162528655e+00 9.081765364230850457e-01
1.654239108480950016e+00 1.620289901862312920e+00 2.046307334957540469e+00 1.891030401991907084e+00
2.021138638352645567e-01 2.016322021885331495e+00 2.825345623620660329e-01 2.828553272399642271e+00
6.543153736077689242e-01 7.970550944134014992e-01 3.129665773560370123e+00 1.967994949125411175e+00
3.334355849173860631e-01 2.484541536180854937e+00 2.711006029180886845e+00 3.012227252991088289e+00
3.353767445564964089e-01 2.380539780561479191e+00 2.258664421580031778e+00 6.384946240310485077e-02
5.862729183976668201e-01 7.351838099004334159e-01 2.607783883799716484e+00 1.827918759923401471e+00
1.109833633180163037e+00 2.651800497698520331e+00 2.029583030888301387e+00 1.342537104455065133e+00
8.729958100399026755e-01 2.111451786548512732e+00 1.605757952242552689e+00 2.354627060205463362e-01
2.960085168220425444e+00 1.756763593252979483e+00 3.757179396121625436e-01 6.079831267100613834e-01
2.636311156704486791e+00 6.676337962391798442e-01 1.384341301291736492e+00 2.553103690484064714e+00
2.529508847135174765e+00 2.711117529223028733e+00 5.539057365916953968e-01 2.379718819197840673e+00
2.532390812767371990e+00 2.377414235267952147e+00 1.567762874538842999e+00 2.518628580130579664e+00
6.811450718850398101e-01 2.893901871559838135e+00 2.509130427812908515e+00 2.034853251776021832e+00
1.115863289064614294e+00 1.346618295334533588e+00 1.909351547740989030e+00 1.007779106641183864e+00
3.804992548577634803e-01 2.689904429055805402e+00 1.827875246421038491e-01 1.580347056121350180e+00
5.288753124313375631e-01 1.349800663526057098e+00 2.975948040565247421e+00 1.391121933555605317e+00
1.873585157027948700e+00 6.700923688003672662e-01 2.580552384543733258e+00 2.165976882072186527e+00
1.905870822695560421e-02 2.680134121401845260e+00 1.397918375295314597e+00 2.706177653422391138e+00
4.451566867186468324e-02 1.985492650605870324e+00 6.495907718727694791e-01 1.715752856006627525e+00
5.835552437358437761e-01 1.322641542869620546e+00 2.089865418082243131e+00 9.804871977622335866e-01
2.522797748366955251e+00 3.019912284676942171e+00 2.741586270590663510e+00 2.963947900432921223e+00
7.780780294799745089e-01 2.912096122796004494e+00 8.973829825772996482e-01 1.994656551820219725e+00
2.625485874479648984e+00 2.084371612004532359e+00 3.091628940199826925e+00 1.895797106860989123e+00
8.250710714399176471e-01 1.205915071744701583e+00 1.233737137234704573e+00 9.818745080637045763e-01
2.155944323490885495e+00 2.539950860466742899e+00 1.429459128595471862e+00 2.501860324241587108e+00
3.062707514045728274e+00 1.677827044481686736e+00 2.704935641224575082e+00 1.200646132977128300e+00
2.839828897478718694e+00 1.746753153376849665e+00 3.368342153908958636e-01 1.598505969864663090e+00
2.956348159471809733e+00 8.726936348120521714e-02 2.464359419999492262e-01 1.756985380878163916e+00
8.461530070410231419e-01 2.466596646698798523e+00 1.372436309497861995e+00 1.453517442619390199e+00
3.117149984252247652e-01 9.232492076172355011e-01 2.246762352241444383e+00 3.119663978205987842e+00
3.095886313270837853e+00 2.151011797302635475e+00 1.741880347898340897e+00 2.836833018743144752e+00
3.475285253110487749e-01 2.195742751778891222e+00 1.553098265384071086e-01 2.221945892758740992e+00
2.679686203604041417e+00 7.398097885627616943e-01 2.851561386821064747e+00 2.955128032519759529e+00
1.091760854162312722e+00 2.560358775031866818e-01 2.681107582817508828e+00 2.406648162967468807e-01
8.648550527941510913e-01 1.564299132694496386e+00 2.308987373560962286e+00 1.942458103409332226e+00
2.626366207722135027e+00 4.769792359129467196e-01 9.180346582431232472e-01 2.816335453454894111e+00
1.379206845798591208e-01 1.825596823066482077e+00 1.973956144554082748e+00 2.257547237961136322e+00
2.782714709497394523e+00 5.286455064771458101e-01 1.035132338916082695e+00 2.916773604160638911e+00
1.954117803011336418e+00 1.243996564211521605e+00 2.099984570666848072e+00 1.928632776747677413e+00
2.488294958689682534e+00 2.170788608963757138e+00 2.856828918941862305e+00 1.765919113474305968e+00
1.209010473532218688e+00 2.734997605666087406e+00 1.666353571473845552e+00 1.905524076332097971e+00
1.605354112458200921e+00 2.070168005569482439e+00 2.225059187510714853e+00 1.160093157803707919e+00
4.172645472918521392e-01 1.303239436505684079e+00 2.098780119999333227e+00 1.860068188311806203e+00
2.824145739182826187e+00 2.135499140297798526e+00 2.699897895559479455e+00 3.757091798976950892e-01
2.190934212019633454e-01 4.748670276614764818e-01 5.799865330669095043e-01 1.193612517579889065e+00
2.769333767485830489e+00 2.137191373973677422e+00 3.460903946662629571e-01 1.949291167144350245e+00
2.701048023302510259e+00 1.288752508903948213e+00 1.056313524586242503e+00 2.638215645181837044e+00
2.800686933939256384e+00 1.915999835277057750e+00 2.603151662391611776e+00 2.429666776021662145e+00
1.930085029356940263e+00 8.535420163853092435e-01 1.867883997550053410e+00 7.730583303191699285e-01
1.237295175208014575e+00 7.505019516196501650e-01 1.993106230165120785e+00 1.670502844312536039e+00
2.296591593526762232e+00 1.425841390102869921e+00 1.135487708519488104e+00 1.813878688361230562e+00
2.247406328519697460e+00 6.561307852294073761e-01 8.380760962182874918e-01 2.380670265858337409e+00
2.877901025269555380e+00 2.038293419694275688e+00 2.955422542220392579e+00 2.840517514646730746e+00
2.571116404054671345e-01 2.124928449895045368e+00 2.253928023129848857e+00 7.117955067468989538e-01
6.597532322686859574e-02 2.748523834756054107e+00 2.606430937714600216e+00 2.758402026128477402e+00
6.355046684092408027e-01 1.429003397493430638e+00 2.548033510255816481e+00 1.397456980041456021e+00
3.127938755488854472e+00 2.374932241679927891e+00 2.852223615003613766e+00 1.148852535549934384e+00
7.554840303106066246e-01 2.868103408713030600e+00 1.096429173095121890e+00 2.726527218754143611e+00
1.995408249915845422e+00 2.706446018724872005e+00 2.492442270314266572e+00 2.155281700878707574e-01
4.486226284403446174e-01 2.188675284550293920e+00 2.405327964831563303e+00 2.297808031873987411e-01
6.702083777931867603e-01 2.901903920609387733e+00 4.262356013449214998e-01 1.808193767423768916e+00
1.050180961757113951e-01 1.322963899522362208e-01 1.629689876082871081e+00 1.205319197622316318e+00
2.878830171058312182e+00 1.333577129009552720e-01 5.176876102988845485e-01 1.102178135457519081e+00
1.386835534990932262e+00 5.234793684179942508e-01 1.912442649021679264e+00 2.823970120666999595e+00
1.819845710097295122e+00 1.883600003944685131e-01 2.694705529352592333e-01 2.576492695567531133e+00
3.210226295389846940e-01 2.131608681229185898e+00 2.421152183490304921e+00 1.064758591210778427e+00
2.199975649217590146e+00 1.705590055571597929e+00 1.608429088213360281e+00 2.319965411772291652e+00
1.624059389362687789e+00 4.538455396917266960e-01 1.059549065057074912e-01 2.801219155475428990e-01
2.716615066904946030e+00 1.151993671469935032e+00 2.512465361343600545e+00 2.593239858707788503e+00
7.406574992451044892e-01 4.971748104168207116e-01 7.329688865117883582e-03 2.158627425893514751e+00
1.046400740582717592e+00 1.825634694376726763e+00 1.406771125699054714e+00 9.574220443889812637e-01
5.422189193238523275e-02 2.621075390332991417e-01 3.118062796593598640e-01 7.723213751052442344e-01
1.140746891477635749e+00 2.773156660900730319e+00 2.378861866339563313e+00 6.754068909746455684e-01
3.015470585711324869e+00 9.292079409368411147e-01 7.882543965738971758e-01 2.748847958488886078e+00
1.711858131971690344e+00 8.490070176773605315e-01 1.789310471452888907e+00 2.601591136673236715e+00
2.351979577005990918e-01 4.793352173160705942e-02 1.033496276434920480e+00 2.968605393201287246e+00
4.131023467202540878e-01 5.853773926216953027e-01 2.304543091644275954e+00 2.114765392220591345e+00
2.676782950423912677e+00 2.370018646127502127e+00 2.827240975049590155e+00 2.404013004803339904e+00
2.304760585466062717e-01 1.251660011639263548e+00 2.200214412087281524e+00 2.152704890248527292e+00
1.526126231525967381e+00 7.370357167702364931e-01 1.202741086030029605e+00 2.748585134555909804e+00
1.208528224011418128e+00 3.057090776147363798e+00 1.879438462234419571e+00 1.097485822683729628e+00
2.999344538590476450e+00 2.562051233294028396e+00 6.737737259076151952e-01 2.923643438692842267e+00
2.099789234481624245e+00 4.081564342469704010e-01 1.803814809907488215e+00 1.753702605584700702e+00
1.623285296765728247e-01 2.505790185367182232e+00 2.439740747057769443e+00 1.701605581473966122e+00
1.424433304602676031e+00 2.304822319335335212e+00 1.363603851835214487e-01 1.518732648063554569e+00
2.756777485046197462e+00 2.046488332413129996e+00 2.092187524344250704e+00 1.155425359121509787e+00
2.929987290069672845e+00 1.137282770258330578e+00 2.247943589552535482e+00 2.138324972272449109e+00
6.205796988931919222e-02 8.078113637077769527e-01 2.078408617787302237e+00 1.845742756318510036e+00
1.815670200284931202e+00 2.999498425493736242e+00 1.030561755710638350e+00 3.015931384814225069e+00
2.812212508567168534e+00 9.762208145315021124e-01 8.961713735777057099e-01 2.150756824896902231e+00
1.686774078666628318e+00 2.648275976394715236e+00 2.016847880311483987e+00 1.911875975611568412e+00
2.493238108034202760e+00 8.667673105923001664e-01 2.772953460778335266e+00 1.440343088829376395e-01
9.153081937563392056e-01 2.089934311322041882e+00 1.911607520134039451e+00 1.110929369867327265e+00
2.956412529031855918e+00 2.139386335855683718e+00 2.470875305825502577e-01 2.744358245743192981e+00
1.784614712605183673e+00 2.805906891195038444e+00 2.245436459445858013e+00 8.049540476200094385e-01
2.919162819274363052e+00 2.978814227698923123e+00 3.349838965042727934e-01 8.768704917536749299e-01
2.004046746602671458e+00 8.370156563865640553e-01 1.045736938245962921e+00 8.541124535411327434e-01
2.419703843495780937e+00 5.249056795748081594e-01 2.221370382674988875e+00 6.635344583556838094e-01
1.113673221057206231e+00 2.702678495457949470e+00 9.766587998234690371e-01 2.416332405357150215e+00
2.139008176703199648e+00 3.992267918958160577e-01 2.950680915938368010e+00 8.867543157778186025e-01
1.647020954681073235e+00 2.881287872961628693e+00 1.043576692316489307e+00 7.237447837755351943e-01
5.769574279791629401e-01 3.273811346754477158e-01 1.912339161130553744e-01 1.639623590981005963e+00
6.770876351857227360e-02 2.997287475065026463e+00 2.550786813787302876e+00 1.474613147287924253e+00
2.225625683087379958e+00 2.190210105536408491e+00 1.865642908649177145e-01 8.523694296061403719e-01
2.235497972753525409e-01 7.583751788964923080e-01 1.440028255775529065e+00 2.064631978717275995e+00
1.748445841680549728e+00 1.976203982008889026e+00 1.345982007473409681e+00 1.334118690194077583e+00
2.558847407377268457e+00 2.987908683195905191e+00 8.201259530038786938e-01 1.996831422314014670e+00
2.041794773579500344e+00 5.766733227809887063e-01 2.548831399396225716e+00 2.517581245209722596e+00
3.139179877927158024e+00 1.911994587312913829e+00 3.077866967578188007e+00 1.143517822890765423e+00
1.871351125920507119e+00 5.941256499411871200e-02 2.361287023261860352e+00 3.247570881871165716e-01
2.828061616127827360e+00 4.371794282011843835e-01 1.654234618086652731e+00 1.595510172741917421e+00
2.772449729561849097e+00 1.665601542619555842e+00 2.421739431859371461e+00 1.481396132406026245e-01
6.094433642789950367e-01 8.315062831441486502e-01 1.047582394000449169e+00 2.477555589775773282e+00
2.356711023678830230e+00 1.311979139749950729e+00 6.076863519040516248e-01 2.725178099227052897e+00
2.210183219730557924e-01 2.355614845425633153e+00 4.684854348123235757e-01 5.015840307982244450e-02
1.862588386735160695e+00 9.962629892317788061e-01 4.627191146934525601e-01 1.746747886283334328e+00
1.099699983471243980e+00 2.235414324641099348e+00 4.883940606967032139e-01 1.742633532641805205e+00
2.363738700663634340e+00 2.582605708225491181e+00 2.849230443841364480e+00 2.298234033871327853e+00
4.679839825687732713e-01 1.537270922532940176e+00 2.393386583692152847e+00 2.842121360218625714e+00
2.753440063819000638e+00 2.104254515519311308e+00 1.314671771953993096e+00 2.831696889974550491e+00
2.322197792791806492e+00 1.527522196978678526e+00 1.955425577099948464e+00 1.104174031665968725e+00
1.333846242639422197e+00 2.884887930328693617e+00 1.761460437471890073e+00 2.262423961806888872e+00
1.458507094037840623e+00 2.877464028291142895e-01 1.813891772876752961e+00 1.362337431717003167e+00
5.518872605566628176e-01 1.883637037996950481e+00 2.939279975987592497e+00 2.938284620362430211e+00
1.221055883266535691e+00 2.004169929908065306e+00 1.170222898131665135e+00 3.064665789715440347e+00
4.419211151877202592e-01 2.559563349539356381e+00 3.132949559440785681e+00 1.489130385790748079e+00
2.537995306115917948e+00 2.326005654625991070e-01 3.204933660322978883e-01 1.359776668748942097e+00
5.292259473216563981e-01 4.152887441989397965e-01 1.134729503253194549e-01 3.022653080188182351e+00
1.938852353143009521e+00 1.970502066697982668e+00 1.544929225399183537e+00 6.722241949152865104e-01
2.235119356698464621e+00 2.588749030179598343e+00 1.901338237422023347e+00 5.756487257715759975e-01
2.717924076410759504e+00 2.408842710723821057e+00 8.642215007293058138e-01 2.739232967939015495e+00
1.986711221536251903e+00 1.419124361844781967e+00 2.295286124477094347e+00 3.433341090131083462e-01
2.308546241320725834e-01 7.383438044253655130e-01 2.294937186268014295e-01 1.688307167941379916e+00
2.238162832367090349e+00 6.316443443417415482e-01 9.160411584217935665e-01 6.133322526303383038e-01
7.370693755702373284e-01 2.908067558961773713e+00 2.335026496563958054e-01 2.070931174058578961e+00
2.066144726054449876e+00 1.395569683232261493e+00 2.870864837413994675e+00 1.200511115122073313e+00
2.141391685056219796e+00 2.980251296269957884e+00 3.596502980836797647e-01 2.643089602355040757e+00
2.687387593796667140e+00 1.723688093162954460e-01 4.183957914141809842e-01 2.685487433182496275e+00
4.999485759896713510e-01 2.556095035779005542e+00 2.526883030390092877e+00 7.269146154434318330e-01
2.940460614245187898e+00 4.709409476435448827e-01 3.043491153861603404e+00 2.929997323751571958e+00
2.693948598867816013e+00 1.681273453517394989e+00 8.898280264109672544e-01 1.205323327726340654e+00
2.951663546733920729e+00 3.006250022438811675e-01 2.864817078226923552e+00 2.519296625965281589e-01
1.558682387787164725e+00 2.385599068807379819e+00 6.652115623538696898e-01 5.454982269815455975e-01
1.700926959780124870e+00 1.469236044604485869e+00 1.564879367919745912e+00 1.594389427926073965e-01
2.967618751966589308e+00 6.314794844483921921e-01 3.139409360111700575e+00 1.843348577701862112e+00
1.065349075346130103e+00 2.493356635629334850e+00 1.678864724606864645e+00 2.692710725636969116e+00
2.693865205455741485e+00 1.921735248141194674e+00 1.840260332004403754e+00 1.529282467777623111e+00
1.292258491120965136e+00 7.308525991658033627e-01 2.174715911883205344e+00 9.466813367550285241e-01
7.949160854971230872e-02 9.205073983770321044e-01 1.654126975512174580e+00 2.350198040923629494e-01
8.940014433787893400e-02 2.388502363589599220e+00 2.306097604578353888e+00 1.271594019107038509e+00
2.569445327997688988e+00 6.463101815648737425e-01 8.857595714340681381e-01 1.129871317139578890e+00
6.741960799400601445e-01 2.600521556471242945e+00 2.930253898773412580e+00 8.684884074112698693e-01
1.460808399366084753e+00 1.729004393831252484e+00 1.497471656749501889e+00 1.440157821923697457e+00
5.719464178927440301e-01 2.193605526035468323e+00 2.612100094420466867e+00 2.716925750776004289e+00
3.073662707781821712e+00 1.089421938863230910e+00 3.056636831083773487e+00 2.727615703631144917e-01
1.480425986501557212e+00 9.065045478985387373e-01 1.522652225134344617e+00 3.013832979149169145e-01
3.804022342929728739e-01 2.997521843633859095e+00 5.161405218353781743e-01 6.455409598554661121e-01
8.925695199983098016e-01 7.513370699413733922e-01 2.973783233912848711e+00 5.984307904283284740e-01
2.170527249977934670e+00 2.519442313002380196e+00 2.721003105819255641e+00 2.260810560680342807e+00
9.327963178408249512e-01 1.827426144201681701e+00 2.621906984428157283e+00 1.339027716877928820e-01
2.835432967869375154e-01 5.034097219705805371e-01 6.472754283661504848e-01 1.380818919579149595e+00
7.693515216289736891e-01 1.117268806767485634e+00 2.685338013332472240e+00 1.288255642310585980e+00
6.322764955636946960e-01 1.923224456042776920e+00 3.746954045236566277e-01 1.932259654026953433e+00
1.655672562498201605e+00 1.245132063099113395e+00 2.306162623657014521e+00 1.777386287243050811e+00
1.480125680117639453e+00 2.306459159072198783e+00 1.854990472150423342e+00 6.732389019650948381e-01
2.563338134641968580e+00 2.812502807508886704e+00 2.171739703082018469e+00 8.850670089986074629e-01
1.217911190034666857e+00 1.668517407551009413e+00 2.002599031087165748e+00 3.778292382171415942e-01
1.659083833027862998e+00 3.036739279983609485e+00 1.457503766051965188e+00 1.922244166052424097e+00
2.784396705212995204e+00 1.669726195576556993e+00 1.981604408328797806e+00 1.447083694400854936e+00
1.228060323540291598e+00 2.158616373834720381e+00 1.951486783207252662e+00 1.101232739559199425e+00
1.654461706444012359e+00 9.356927612776673175e-01 3.078340005657758671e-01 5.559453025996777820e-01
6.823805523758438296e-01 3.103843714452211300e-01 1.149982629575071330e-01 2.880252713081952631e+00
2.315209960798866984e+00 2.315151952379708167e+00 1.377321066886421752e+00 1.536492620903615824e+00
2.212409840928533544e+00 3.822601512699572712e-01 2.621554994158158181e+00 2.703128744017126106e+00
2.840004940111584997e+00 1.532392092474877510e+00 2.237774668036865422e-01 2.169942664290406942e+00
1.957344469859259029e-01 1.156701529983102494e+00 4.119846861074623612e-01 5.246680851185692163e-01
3.914923195331345696e-01 2.660405164936371136e+00 1.444015202417448629e+00 1.515917392417963194e+00
1.626129930709909951e-02 3.134976752303765490e+00 9.826807165449424897e-01 1.739057119352387604e+00
1.015217087589012968e+00 2.096645090042944748e+00 1.656927298867817644e+00 3.034130627104724809e+00
1.903307067114799134e+00 9.328130009792752197e-01 1.579371633762933769e+00 2.171422103988014829e+00
5.577188734695355254e-01 2.131641764752830071e+00 5.340110220765212912e-01 2.377158970598470589e+00
1.569287866770973316e+00 1.621754618351531008e+00 9.792231204072752160e-01 1.369975422625304473e+00
1.331503677123061946e+00 6.824776281031784686e-01 6.358333526150591331e-01 2.601342493628604924e+00
2.987869033512675188e+00 2.321830950066170463e-01 2.363234259341222110e+00 2.089768079237243281e+00
1.493908588984068329e-02 4.609937458822427336e-01 1.334800123043913489e+00 2.707060393695917444e+00
8.785117433779653373e-01 5.470986971502349583e-01 2.581021030571791552e+00 2.263048676169869822e+00
2.020786174401052016e+00 2.339345858192333483e-01 6.644240595944469474e-01 8.053583877194365748e-01
1.940879393519385765e+00 5.441934683796667560e-02 2.251748257735150638e+00 5.732848173141587012e-01
2.971216368735892122e+00 5.408451487343205605e-02 9.403388105509985495e-01 1.180285402969235342e+00
1.727805710050291044e+00 2.305845622429922415e+00 7.493604308669924441e-01 6.879904017228540836e-01
2.190605086639251908e+00 2.699633091750058611e+00 1.292202789718830402e+00 6.147048955058597164e-01
8.559284433875010700e-01 2.274791039490162259e+00 1.264010006050894974e+00 5.272194518898813964e-01
9.206472917308600179e-01 1.942652477711226844e+00 2.776754507361771651e+00 3.086845639380640272e+00
4.133375464526060084e-01 2.961832833661549369e+00 3.120684472724462921e+00 2.707210821853470506e+00
4.086079042714187981e-01 1.219671541531594183e+00 8.890175264388028298e-01 2.956272684883884949e+00
1.833075800035960379e+00 6.325032009606110783e-01 1.787894820335803048e-01 2.443595481905995292e+00
2.758234389397092201e+00 6.787956599147763059e-01 9.101989311159548457e-01 2.481959576953505220e-01
2.676659092583256516e+00 1.366160660190413267e+00 1.186854847652188738e+00 9.129379360808929089e-01
1.192796274097727593e+00 2.131846886125898510e-01 3.831582020885287987e-01 2.357910478555373501e+00
1.475978960689479091e+00 7.521847125690033220e-01 2.589819312786842964e+00 1.816490326904139030e+00
8.896461678145806129e-01 1.187524352204471167e+00 2.672699114464514913e+00 7.697315958858051976e-01
6.931271895439869990e-01 1.809566907957719240e-01 3.939160854840167980e-02 1.547024130432962163e+00
2.614226854451068505e+00 3.074708616519477467e+00 2.421675068441924150e+00 3.102659647626846873e+00
3.493498110182676197e-01 2.215936388080264496e+00 1.434718186193168821e+00 1.563493615592186137e+00
1.243955827897885280e+00 1.169101918891335412e+00 4.387214749566982208e-01 3.005825480994154808e-01
6.358327813609701007e-01 1.902791659084159592e+00 7.085199829305557362e-01 3.130914021724884755e+00
1.217454454354486737e+00 2.083816134436797363e+00 4.136126145364411588e-01 1.882935852144695277e+00
1.207221965138990383e+00 7.475354009336131478e-01 1.843875531711694604e+00 1.168757514049211022e+00
4.282661035162553531e-02 2.932912221441150713e+00 6.655964733294135183e-01 1.618901323463605157e+00
4.515189300781872195e-01 1.140778376733819099e+00 1.110549389633776141e+00 2.941733091996753480e+00
1.728621817948762907e+00 9.025948333002200563e-01 1.311350332476732605e+00 1.109804233690583120e+00
2.781487711968967311e-02 1.812311343153994558e+00 1.913652535875234095e+00 2.063129434874683810e+00
1.209061343647243714e+00 2.078622292257243931e+00 2.619384805542822825e+00 1.992552274127355361e+00
1.941019213121776055e+00 1.829295916185673665e-01 8.153560159431033627e-01 6.363184149638174691e-01
6.397462856846228840e-01 1.969397260554681450e+00 5.196424432912838398e-01 1.393494657729414721e+00
3.494019780358730287e-01 2.523127412869551112e+00 5.812647906058518998e-01 2.577121201885685498e+00
1.786741575485818023e+00 3.795230592032840522e-01 2.186926629874907491e+00 1.472071973788551036e+00
1.030220248939790473e+00 1.074990693263287334e+00 3.132731220142024764e+00 6.088903529634250023e-02
1.820323468064620531e+00 2.175179180011087787e+00 2.101376825020738970e+00 9.907973431173731083e-01
1.083159379242704112e+00 2.482223873054398844e+00 2.881398184739230928e+00 2.714597901141326375e+00
6.682158009825045486e-02 6.072470445929990523e-01 6.609436281046410233e-01 1.616042514951945508e+00
1.917909310559353653e+00 2.554117933169549381e+00 2.692793443279241361e-02 2.791182536183618890e+00
8.424888743585468021e-01 3.069549949370363517e+00 2.885639376289013125e+00 8.542251997987357903e-01
9.000396125352838617e-01 3.557452912907301812e-01 2.866005301152102280e+00 2.533011332028832996e+00
2.255934395631700617e+00 5.925032404083976356e-01 2.763996565690330254e+00 1.798793254640478345e+00
2.003573569454850212e+00 1.727560526646620076e+00 2.078931736949726439e+00 2.056699744352082693e+00
9.332950840121400082e-01 2.226390243001100888e+00 8.183648424134998267e-01 6.083097445498966693e-02
9.658775953667571024e-01 4.650054311968857546e-01 2.993243381980048134e+00 3.161985548709386751e-02
1.351317769094664278e+00 5.944071568713984455e-01 1.528009278959465034e+00 2.185697182388388893e-01
6.589557402603554159e-01 7.440800434004541941e-01 1.469600810541693781e+00 8.825065006974991411e-01
1.401991033263672026e+00 2.292394255297508732e+00 8.900792169046994884e-01 1.302740390265536563e-01
4.020676248969815014e-01 2.721317440387788000e+00 3.055568230406117802e+00 1.765642048759607841e+00
2.813743466318562536e+00 1.230630751162090863e+00 2.745066175595156199e+00 1.761408408466539122e+00
9.828738859605187228e-01 6.543856994260371929e-01 1.407703712035499821e+00 2.056500074073499107e+00
1.813083564223384014e+00 6.693971275735773885e-01 9.666693506968211391e-01 2.110398509422201307e+00
1.246848583846480230e+00 2.021655801264276242e+00 1.557089469466853116e+00 6.561928018023981402e-01
2.167589806122182772e+00 1.847923742742450637e+00 2.179130728003080275e+00 1.826849413443005332e+00
8.817077069264377120e-02 4.757791274404176707e-01 2.014121384440097362e+00 9.780452660688748745e-01
1.222353327022241309e+00 2.009279500144370623e+00 4.754522960337362880e-01 2.013951920781481775e+00
3.699191233716451199e-01 2.758729526414098299e+00 2.693697016352965878e+00 9.230957947329806457e-01
2.876800122986601149e+00 3.007917659365366703e+00 2.524165891159695363e+00 8.073604866614474407e-01
6.538689075623813629e-01 3.338128269713279139e-01 2.382330564739030543e-01 1.165071642890303183e+00
3.007101081936239151e+00 1.428821382631775716e+00 6.490953400813669338e-01 6.880730755567293633e-01
6.697003557573025789e-01 6.936555002612090348e-01 5.660272429181147924e-01 1.937666014118955449e+00
8.664160841740343733e-01 1.932936107692284078e-01 1.350131773810919311e+00 9.334688179757808513e-01
1.964866487948009055e-01 1.842019208399102992e-01 8.556588691233140143e-01 1.981642142793637928e+00
2.558678378610129922e+00 9.905489949785952764e-01 2.634023535870084753e+00 2.852701208336896332e+00
2.724191827353307893e+00 3.069064316223771627e+00 7.720291079793080158e-01 2.156727454094785612e-01
1.603980177606679103e+00 1.244070484672758381e+00 5.579497246753263306e-01 1.618997592713854461e+00
2.766186602725010157e+00 3.080193819035030867e+00 2.710588153995556304e+00 1.708278956025872874e+00
2.774980124295479272e-02 1.147535746393423955e-01 3.092266386309453718e+00 3.191368584275561804e-01
1.929758570002251261e+00 1.379423215475889641e+00 2.291147538707737574e+00 1.686788384029323185e+00
1.136634932585790070e+00 6.755638826532038843e-01 2.825317678031141977e+00 1.242085418420662696e-01
1.580167845037714347e+00 2.965725073662148770e+00 2.732920264449039571e+00 6.555182354436560610e-01
1.306571752190312186e+00 1.602756688379133543e+00 2.803702365963421261e+00 2.799960196643913601e+00
1.517390459937365821e-01 1.757966924898567207e+00 4.220592091154892200e-01 1.150701992714108446e+00
2.268082716159598444e+00 2.947383052864685382e+00 9.465795232538922743e-01 1.224010335343687528e+00
1.039076334278205005e+00 2.011893238498372316e+00 1.381187263486027827e+00 2.196465812204629331e-01
1.160025493967634436e+00 1.752087417361088972e+00 2.650579806454883780e+00 2.007322300430564699e+00
3.111713656918852600e+00 3.084249356993918334e-01 2.903154767874456699e+00 1.521117617071566563e+00
1.772218271921711663e+00 2.252836564672628383e-01 1.414751789097314250e+00 1.837293117708372892e+00
8.847531049935671854e-01 2.395967626751743129e+00 2.647277603794587986e+00 1.338572688242841258e+00
5.998720710419660485e-01 1.808642842171861442e+00 1.067928188466635397e+00 1.901988202279650153e+00
1.739156708476106816e+00 1.488032920585244945e+00 1.380505934303406512e+00 3.798033695745259286e-01
2.928377433214727432e+00 2.596962520891314519e+00 2.618704178259261717e+00 1.842297619286638932e+00
3.118429903148012716e+00 8.854560124558720213e-01 1.040052830308132892e+00 6.404479600550340157e-01
3.023333867089292859e+00 1.731333098664027181e+00 4.087961213426946072e-01 2.525117781610180412e+00
2.789856049020463136e+00 2.882000330975877933e+00 2.358785406801940931e-01 2.231570870844225229e+00
1.186063671879171944e+00 2.840136830065227436e+00 7.509503812232100062e-01 2.708695625606705182e+00
2.034348334648826473e+00 8.821350761536708163e-01 8.188031356876869227e-01 2.666302841970652704e+00
2.127164339894838108e+00 3.139997269678375336e+00 2.454258856098209929e+00 2.795128641857393514e+00
2.919200589596752771e+00 1.738018587728226150e+00 1.210335565699500959e+00 2.367424607067852627e+00
1.849289136660108301e+00 1.201198888070275084e-01 6.311325410965219485e-01 4.057569153008597773e-01
2.963474362021165653e+00 2.597613559300279817e+00 1.592433523768636894e+00 1.857849226761570050e+00
2.286902849320925579e+00 7.735200592169990674e-01 9.334650523324276028e-01 2.572890029282685287e+00
2.076693087170148999e+00 1.274003527885737785e+00 2.351070989110931042e-01 2.119331029661550847e+00
2.268652044315861538e+00 1.390958967497724741e+00 2.787946898480685221e+00 1.033099187966877164e+00
2.064482811207747126e+00 1.209869964298912137e+00 2.117010471936879412e+00 1.703924774454784297e+00
5.208252653102135588e-01 5.357633687157139502e-01 4.312670607127419564e-01 1.506973946172810663e+00
1.404985584402778320e+00 2.333171046628980783e+00 1.773884694793572026e+00 2.197690432483944800e+00
4.841138697513749367e-01 2.264908695224088220e+00 2.509150132242393472e+00 2.948480834197147349e+00
1.706633455228167673e+00 1.859695988563494717e+00 1.699192655031922738e+00 2.503271375570596646e+00
6.545692145889883129e-01 1.815496844724126202e+00 2.600211779579849836e+00 1.337613354189532533e+00
5.296559009565007248e-01 1.972904607993477777e+00 1.708132325741416713e+00 4.238704873406557438e-01
3.123408320967138607e+00 1.814380783205771452e+00 3.600581650224897456e-02 3.654980462479683334e-01
2.221330678265101444e+00 7.078809768717184703e-01 1.489511253834429949e+00 2.096977923947422884e+00
2.179376162867177058e+00 1.634062309403798041e+00 2.051396859726345223e+00 1.373721092329299953e+00
1.550374347253463680e+00 9.030346924825740640e-01 3.172587758073865949e-01 2.877064090368739446e+00
2.527338146526979301e+00 3.911333706730931170e-01 2.922652162966918432e+00 7.487757804019113950e-01
7.733091241125702453e-01 6.263705619838171312e-01 2.780023559239429343e+00 5.761336823180100986e-01
5.288823208399811016e-01 2.376521324708940341e-01 3.646717480127494859e-01 2.560828555047263588e+00
2.556606070748921322e-01 1.293061551640560358e+00 7.119745617889722267e-01 1.674604925913470099e+00
2.944886794784753015e+00 9.548971712432536840e-01 1.771659279992131131e+00 4.617677686541873418e-03
1.135578827633081600e+00 1.357645662959435784e-01 2.316713132083209725e+00 6.263312998919373653e-02
2.277361773344847684e+00 3.993769851558828243e-01 1.001687294943143680e+00 5.890692874079468400e-01
2.945424357418937600e+00 8.637346393587080895e-01 1.355849760568011098e+00 4.520875887566547235e-01
1.980480337028622362e+00 1.476368001215951020e+00 6.062988093899365077e-02 1.139218552192363232e+00
7.042036119344435852e-02 1.430516792835491158e+00 1.484673957276383183e+00 1.930479371487544116e+00
2.668742925165910940e+00 3.733494156602344405e-01 2.871649879712788955e+00 2.300508114551028882e+00
1.871838852016806998e+00 4.893025761400153217e-01 1.765396329642813900e+00 1.270664997659367579e+00
2.058397619863057693e-01 4.958286578981140891e-01 1.874601273837283033e+00 2.100216216498540955e+00
2.888591076092062782e+00 2.302801532305922105e+00 2.115264315452385357e+00 1.000614574643905907e+00
8.190967974472802560e-01 7.139780758613778477e-02 3.044914965766710946e+00 9.458082734572198502e-01
2.587870715092819740e+00 1.212629211254631523e+00 1.443889407543784940e-02 2.410468403337662657e+00
2.123236494205225366e-01 1.445802069065321160e-01 1.198022651937002747e+00 2.779393993706882338e+00
2.455308898485257352e+00 2.214834502300421004e+00 2.071213388388315035e+00 3.128735056280713245e+00
2.019886944409410301e-01 3.010499561736408758e+00 7.968973189620759401e-01 2.966434407178563326e+00
2.491517065258518071e-01 1.561672194222477605e+00 1.182481751663036817e+00 1.839895033813321756e+00
2.155010095571623818e+00 2.641023892527609274e+00 1.894910977146100572e+00 1.491702847257959430e+00
