1.326412722977371894e+00 8.359600701463210104e-01 3.499891385769066665e-01 6.176975760781082680e-01
1.043288737461903759e+00 2.754676011174070016e+00 9.966047020421257008e-01 2.912430344085707445e-01
1.555083685228118684e+00 9.095277160792574200e-01 1.729487554674017380e+00 2.554386468179594694e+00
2.825215326078549083e+00 2.003928345513187104e+00 4.505451181834156382e-01 2.904118047991602225e+00
2.049318279450555558e+00 7.220168215950334423e-01 1.490119945209907204e+00 1.429109564648641140e+00
1.929361148532299897e+00 1.647572583685806835e+00 1.012793139025757405e+00 9.291360993206531083e-01
1.777346340583980000e+00 9.149955808649767874e-01 5.456319512250488168e-01 1.253941263319298782e+00
1.540975077164628448e+00 2.437063359125102746e+00 3.039431417938561197e-01 1.093294218049944089e+00
1.003974910441695956e+00 1.835851000012699075e+00 1.881116657172314355e+00 6.347473425872760533e-01
2.239717071729864006e+00 2.720081707511607050e+00 4.262374914039175344e-01 1.318274957451949003e+00
1.837507480168698581e+00 2.714614650641596905e-01 1.731281576707360603e+00 2.661157487110375808e+00
2.829039101073518747e+00 7.368933571956206574e-01 1.778744088887785457e+00 3.162738706167501634e-01
2.629986136106728267e+00 2.056109938139815352e+00 1.292076224269571805e+00 2.035705699042407613e+00
7.140663168731224975e-01 2.384235021758080553e+00 1.227654073813044588e+00 1.160010159167178090e+00
1.835949158248144197e+00 1.294162525230537542e+00 2.777547982190521569e+00 8.340852416161860239e-01
1.239138783339003957e+00 4.541176254170883331e-01 1.056245234544880729e+00 1.807434359105313693e+00
1.561037525947262861e+00 1.273224108876073846e+00 2.210794887141986909e+00 1.586477253238248286e+00
2.162551169189316003e+00 3.120050305694744286e-01 1.657989617941858507e+00 2.866546924886513192e+00
2.413527486613704198e+00 1.818484238615476922e+00 1.170293323849685763e+00 2.399068543662457031e+00
1.260666549272397630e+00 1.070238220909971449e+00 1.675372267817129279e-01 2.610160025177761245e+00
1.885677976313792081e+00 1.477693633182690425e+00 5.148278248147234448e-01 1.688586521968307996e-01
8.920288830191089868e-01 2.548254484688294408e+00 3.681053109411047131e-01 1.223515309299514797e+00
2.655790074898265907e+00 2.319308018817914374e-01 6.112029184890079847e-01 1.566332439708982172e+00
2.984175919398451171e+00 2.343811495749971829e+00 2.054413818688704207e+00 2.832051206166443791e+00
1.091194993860687079e+00 1.369811039996080559e+00 2.995694897904766396e+00 3.071481092324544804e+00
1.505537951448737033e+00 3.007553505662111881e+00 2.768792145514357372e+00 3.504453957627838290e-01
1.451079061204381793e+00 1.537958534810813571e+00 1.212449771183512937e+00 5.453455528810764452e-01
1.066026012635597153e+00 2.454834954742979747e+00 2.378661842075312227e-01 8.759163487920162972e-02
2.865120479577993873e-01 2.869029746509986545e+00 2.265318783131251568e+00 2.902704565787560753e+00
1.263441703210644196e+00 2.029529735760034370e+00 8.299270354440737574e-01 8.638527426620610239e-01
1.788283954995221192e+00 6.993114856902709064e-01 1.048641421396892204e+00 4.232493850244427036e-01
3.068050008819883878e+00 2.138109926515735726e+00 3.939277767900300486e-01 2.216836066808247629e+00
1.010828188893149404e+00 2.272555705984491414e+00 1.361195370441183217e+00 6.024170976176622672e-01
1.062196579356334825e+00 1.742223879708312495e+00 7.410022365380861675e-01 2.445125750763004202e+00
1.595525865370177820e+00 2.353906614180308221e+00 6.862224940922003746e-01 1.957873468724624200e+00
2.460957002407993421e+00 8.596252793307305184e-01 9.226053424430125105e-01 3.056047418586967268e+00
1.417074327793006239e+00 2.403009187165018989e+00 1.836925185246001124e+00 2.603728158464822862e+00
2.146283952322347144e+00 2.894105951865926674e+00 7.063352950225781912e-01 2.906315824138233417e+00
1.550020411655748553e+00 1.441711273873608867e+00 8.743718467085745960e-01 2.835353043593544342e+00
2.580040072846181864e+00 1.585740492766075427e+00 1.386642119364895231e+00 8.783808369588297360e-01
1.846934250607056738e+00 7.242041740615834389e-01 1.012190281138083847e+00 7.970871947427938808e-01
1.710206715052187354e+00 4.132296201436788108e-01 1.525798203237081596e+00 1.038222542232982493e+00
2.907212804232396364e-01 2.992863785877089455e+00 4.264338962991326976e-01 6.797031128091037822e-01
9.841652143234621564e-01 4.829270840650998764e-01 8.236338451641337377e-01 1.621521883266765718e+00
3.752501455659063012e-01 6.941324932901141720e-01 1.376041646534187146e+00 2.328420290495158973e+00
8.024618270879263493e-01 6.499461850559654641e-01 1.946199225691008783e+00 2.198156436820763560e+00
2.646778022333766689e+00 2.053001684803080096e+00 1.866424275815206313e+00 2.496842360767576596e-01
2.717708807014050376e-01 5.725412147079350644e-01 9.967468833842870746e-01 6.068709403035240646e-01
1.126942618446886257e+00 3.080500903341945484e+00 1.120454621360481351e+00 8.515970689478823408e-01
3.972189032750967908e-01 8.653758657997641102e-01 2.940198800941062007e+00 1.654152464479079931e+00
1.724339740743306981e+00 2.125184489944510702e+00 1.471743367869030372e+00 1.563419971194885294e+00
6.078900092011292611e-02 2.376810597076155052e+00 3.323405321906938714e-01 4.542536592546514984e-01
7.620772845403256390e-01 1.909795130615924874e+00 2.276901430512588309e+00 2.732089831628145671e+00
1.576219529655231932e+00 3.107488329780799141e+00 2.713968697806976582e+00 9.882024646428754222e-01
1.110999486686416349e+00 8.591835436007483340e-01 2.824353574379425691e+00 5.354435955426244398e-01
2.297600628839253201e+00 3.094006172977082247e+00 7.812899504321936250e-01 3.017019954786710922e+00
3.072872018152127183e+00 1.121868504482206097e+00 2.361966177378142795e-01 2.110110281774263186e+00
2.969867041335326086e+00 1.934672867432095433e+00 2.723464219145391940e+00 2.466531144023789424e-01
2.699969687316806866e+00 1.611422967691324315e+00 4.592736030267590697e-01 2.036431802123459978e+00
1.188112664450577061e+00 4.944390556147377214e-01 1.108027606065589366e+00 2.004228278905788141e+00
1.797372808763003871e+00 1.321853390399237105e+00 7.178697870719502605e-01 2.695210377415391267e+00
9.581208545307512425e-02 1.914911841624302502e+00 1.712607692716840990e+00 2.157586993420538946e+00
1.694515548062760280e+00 1.499896214110948867e+00 2.366110224398241257e-01 1.937326834716849966e+00
6.138644862674037528e-01 1.433044230932074337e+00 9.616326290837938773e-01 1.628096704103908499e+00
3.603526608787546159e-01 5.762352859705210939e-01 4.421767839399379230e-01 1.261101199334538014e+00
1.910684250312832955e+00 2.971077742987804360e+00 9.061253160492400704e-01 1.274679044220824231e+00
1.943598055322434570e+00 1.377469902399024670e+00 1.187608847998341544e+00 1.318460175436554138e+00
2.979364432968049314e+00 1.441963858318873193e+00 2.486524983305526515e+00 1.124360399320504911e+00
2.274877524892009006e+00 5.201914174637038979e-01 2.015615309284937151e+00 1.994234930439421349e+00
3.676328424109417403e-01 3.040257576065564571e+00 1.345992583252623609e+00 2.263174513071793292e+00
2.572382941758979857e+00 2.113645438881828209e-02 1.223747093721627488e+00 2.457792156665665750e+00
2.679473246280350995e+00 3.085166501496877656e-01 2.432107632571385736e+00 1.906275196247214643e+00
2.350800748383298444e+00 2.244302459050738996e+00 2.336778061302864362e+00 1.765031282841132532e+00
1.275299973301427192e+00 1.321352904140774775e+00 1.236765784966088244e+00 2.290070650921551543e-01
3.193831502334898986e-01 1.269212430757682419e+00 1.400441845341539038e+00 8.468829069253813735e-01
2.075024300022260793e+00 1.569771654904192015e+00 1.143224586958604183e+00 1.728827649968214031e+00
1.279408700880238392e+00 1.252190221874339482e+00 1.824132768702543261e+00 2.358666676585394306e+00
2.680433090297111409e+00 1.564647002618731575e+00 2.123580837403481247e+00 1.739436208084601532e-01
1.226015849338983221e+00 7.034767163992865502e-01 3.127679795067294766e+00 1.962341005359307777e+00
9.570324133379447540e-01 2.395312657526044386e+00 2.985755062969658535e+00 5.045921908547080781e-01
2.302214424254046266e-01 1.404771988739157651e+00 2.786182898943248443e+00 1.864179340151390085e-01
2.775370000550819949e+00 2.556654957702565456e-01 2.927516524179113677e+00 7.001681742710086365e-01
1.853578798624665236e+00 1.068452243234820909e+00 5.316946813613326883e-01 4.924401667025168211e-02
1.255939153095881888e+00 2.343330553292169771e+00 1.829470329453452004e+00 2.330450753721879043e+00
9.162034219976389338e-01 1.391042198449009559e+00 1.878524711042075968e+00 2.790678273083220182e-02
8.075867389021816889e-01 7.053145019982549613e-01 2.878287810579815531e+00 1.903955580981423035e+00
2.961253075297631376e+00 1.046563697691384576e+00 1.112482033022496486e+00 2.884483098310861582e+00
2.276958552192713370e+00 2.450577301816518005e+00 7.127172153322419712e-01 1.353806708211435117e+00
2.321624874870196642e+00 1.833199491118249869e+00 2.577407158306000312e+00 1.057857822133783321e+00
2.071538663341421227e+00 7.172983504296702728e-01 9.957099650742079477e-01 2.566176000564232229e+00
1.444389517819190782e+00 8.053643250850639479e-01 7.064981953270780268e-01 1.115968610742734679e+00
2.674729450475031189e+00 1.350962658206063649e+00 1.265492599257188155e+00 2.575382415995350005e+00
7.272699798442882058e-01 2.433974880521482670e-02 2.171234937048090341e+00 2.297640429329415923e+00
1.056183360599710186e+00 1.149885656255403177e+00 2.538734716051381124e+00 1.424703110361701608e+00
1.975778654369955811e+00 2.770904980696821340e+00 2.572266410834080030e+00 1.780074812185374222e+00
2.585532827269493517e+00 2.090228238731188348e+00 2.699370229409697064e+00 1.099351020778976284e+00
1.870124754424743685e+00 2.345799038078476340e+00 1.426888280901603481e-02 9.661346016604473175e-02
2.095547729370131229e+00 2.475230988786806918e+00 1.716674632400233769e+00 9.053966049534195593e-01
3.085264054946739609e+00 1.752099539752503654e+00 1.775044043823503115e+00 2.355490443603207140e+00
4.827578973394667239e-01 3.067577021650780278e+00 1.782214949084344191e+00 2.819386162945481722e+00
4.249433011893537504e-01 8.865930746102931304e-01 4.728753242362420672e-01 2.150173903016059374e+00
1.993165376083890106e+00 4.678086069009212977e-01 2.022488664152400251e+00 1.872359200106561428e+00
2.295942698443471208e+00 1.128792135566284216e+00 1.630527736521381055e+00 7.826440066122978267e-01
1.394080702931426163e+00 1.518055897327584836e-01 2.884318510585929918e+00 1.694524848054839605e+00
7.088495699956178786e-01 3.087546450912066476e+00 3.025792191178616974e+00 2.266553160074758377e+00
6.328274661412397473e-01 2.941645274856842462e+00 2.969800225747023070e+00 1.666599604572721605e+00
1.293024221513945915e-01 2.345615359860107940e+00 2.779735120134875892e+00 2.806941244866540064e+00
2.769508749931441915e+00 3.036402288564513441e+00 2.036121894398718712e+00 5.443600020426603292e-01
7.546870650920022017e-02 2.906435966124007120e+00 2.723769339747389662e+00 1.169081461737943917e+00
1.531106808360748417e+00 4.374161471395168199e-01 9.426553673696594360e-02 9.334082605697318069e-01
2.865124367475226030e+00 1.420984321748370638e+00 9.485891570492132052e-01 3.683249681644067408e-01
7.928423443213785671e-01 1.533754968259412266e+00 2.133171641414353670e-01 2.454029120103427886e+00
1.101347607605703383e+00 6.853990951007308263e-01 8.344164897122700042e-01 2.114647593503433232e+00
2.262915138929375125e+00 5.408480339606963616e-01 1.956612485686147762e+00 2.270151225875898238e+00
2.917700014670433495e-01 2.581904743006022684e-01 7.508750277092506309e-01 1.191805209744162264e+00
1.734226606949417770e-01 2.921353990315060489e+00 1.159817733405907658e+00 4.289977799055231245e-01
2.826762208805860155e+00 6.971116192783691767e-01 1.227664757981737242e+00 2.067068543385304213e+00
4.396221044655079790e-01 2.397475451804488955e+00 1.758710848124323545e-01 3.073185091829297555e+00
1.920385240135193507e-04 2.016901467591398323e+00 2.394572898065977729e+00 5.181717569290283931e-01
3.124227824833912148e+00 9.268974379713189604e-01 2.140285064842101903e+00 8.434652900414577603e-01
8.485774103495595799e-01 1.791271894300705547e+00 1.000376686879045796e+00 3.835748663442737905e-01
6.572113466184061892e-01 5.798562641861508826e-01 2.842764397442582247e+00 3.025791201979051603e+00
1.180966112611549157e+00 2.787682496462672077e+00 1.131620167670851496e+00 2.912827716519156951e+00
2.881772073784932608e+00 2.845182671022000953e+00 2.363183788670867980e+00 1.222152678447411267e+00
2.812568791868276463e+00 2.195133167961026643e+00 6.878145832133909510e-01 8.113009094086250095e-02
3.033917787552259160e+00 2.535704270167365437e-01 2.363594409808929875e+00 4.095898381411839928e-01
2.635881247308492270e+00 2.412458137838303873e+00 1.192243939839642497e+00 1.211552141505333635e+00
1.937736609919415764e+00 3.946315947087603720e-02 2.119260437355042548e+00 1.320686138671177678e+00
2.022983573761868215e+00 1.661864123527923010e-01 6.446623799249242559e-01 8.042743691497291625e-01
1.346941670091244658e+00 1.655825411941483916e+00 2.010381063275578306e+00 1.010075122375848844e+00
2.391558985258766867e+00 1.110689903786810317e+00 2.563119637533915363e+00 8.657192893122966915e-01
2.062771057310416989e+00 6.182585026083001756e-01 6.852057047444590765e-01 3.116612502989409617e+00
1.551122594801542132e+00 1.375087282978153969e+00 2.172057170519721137e+00 2.475104006364869491e+00
7.440403738801643074e-01 3.323442707357855963e-01 1.087312545143807485e+00 2.457792425729527608e+00
3.096540065194220759e+00 1.772287204600898836e+00 2.824551595344982236e+00 1.121568775333860568e+00
4.703644072609828308e-01 2.464915511604496956e+00 7.561413711328778264e-01 2.676631335244272325e+00
5.751061582633727465e-01 1.813020318206929105e+00 1.986491141620751799e+00 2.791417014796166107e+00
2.133486264732832982e+00 1.854687234144169361e+00 2.095887238499481775e+00 1.258065269957967747e+00
8.263148568756504275e-01 1.094148915716561588e+00 8.637528605458789643e-01 2.851532480762821287e+00
1.624472006197795970e+00 6.198142627121855375e-01 1.534637239907922446e+00 2.359958111101773670e-01
3.048976749290919663e+00 2.887634454604943279e+00 3.080904919204241033e+00 1.418230765745798649e+00
1.036686645134326623e+00 1.910824925864773247e-02 3.048507155652403267e+00 2.081854614805493664e-01
1.272721314173498097e+00 1.169151954822169381e+00 2.916480704950096925e+00 3.063977868639393698e-01
5.610724265541831013e-01 2.033631264558451335e+00 1.858069684237520836e+00 2.601090603894015141e-01
2.842851980979690385e+00 1.436493686628850464e+00 1.135643245540171264e+00 2.307750126602802432e+00
2.233471916343945374e+00 2.409170724690926413e+00 3.061780619419231519e-01 1.314612830401786558e+00
2.611647987031052942e+00 1.101565091369049565e+00 1.078551795107124622e+00 3.179213895348416141e-01
2.601221620963282799e+00 2.519715856879689131e+00 2.392335497900406782e+00 1.835906468387839441e+00
8.495744827359450468e-01 2.693560866248139618e+00 2.303622121724755889e+00 1.472142970653796068e+00
1.063400960376199855e-01 1.270746383134170765e+00 2.768360966264338252e-01 1.003231334468344116e+00
2.814930350304978290e+00 7.260569341770380936e-01 2.380966208753495739e+00 5.934852101131452562e-01
2.204158503851964657e+00 1.824350907275517741e+00 1.504034200269434240e+00 1.243783257570060918e+00
2.503522191912700645e+00 2.810027398531553811e+00 3.140700855363673494e+00 7.847130460541793529e-01
3.097666249356569423e+00 2.059367296939192737e+00 2.718651931091637053e+00 2.351340897359317506e+00
2.685548349788971834e+00 2.519101012939405138e+00 1.251247857783224227e+00 3.446201314618119182e-01
1.675186989129446635e+00 1.773776423986920925e+00 1.221238330152005225e-01 1.710312023981241936e+00
6.113784753440750785e-01 2.703254066597733374e+00 1.040325390633453306e+00 1.147738115478596832e+00
1.643612791982662413e+00 2.678663784059251984e+00 9.589644230118483936e-02 2.488905941135129751e+00
7.410281625468958522e-01 1.175774963637800097e+00 3.169638291579857658e-01 2.113753731436344818e+00
2.600774122578487724e+00 9.404164527766735171e-01 3.102527220060895985e+00 2.178960318013682507e+00
3.064747388858788391e-01 2.705344553381463069e+00 4.064414622539190836e-01 1.621412894330041876e+00
2.688064411297999889e+00 2.920948154315345935e+00 1.147518923367101262e+00 1.294752844562848670e+00
2.117472251021033924e-01 2.906801401452889788e+00 6.386550483559871871e-01 2.875712539841917437e+00
1.144492643705853574e+00 4.768118986027269912e-01 3.013307327406712366e-01 1.632056979580147393e+00
3.107717219192182578e-01 1.126425484832090262e+00 3.086588138334851905e+00 1.368957133017856709e+00
9.346302975456438622e-01 2.748629263213032026e+00 2.088275321185799172e+00 2.245433928756533692e+00
1.673302800854333805e+00 2.973615885323607877e+00 2.771022592920838079e+00 3.100526798320468735e+00
2.449433751149883598e+00 3.113024755008790834e+00 6.171727822183067369e-01 3.052836887906572372e+00
1.603337981953789404e+00 2.508000901822486473e+00 1.712186849466625693e+00 2.629494110189202427e+00
1.820071726078112073e+00 1.523503074885208308e+00 2.680552699225991820e+00 2.512879614714688348e+00
6.998672393699612027e-01 1.623648367610245558e+00 1.863608841454609033e+00 2.980509161865698697e+00
1.330207073286695740e+00 2.592917908963735751e+00 4.536177102045729770e-01 4.691316887030791416e-01
1.365883187778011543e+00 2.924072959942434657e+00 2.600228477765021751e+00 8.967177611610335219e-01
2.913313242341727949e-01 2.275330184322912341e+00 9.425043798580975407e-01 2.303995350730847935e+00
1.427398680256299068e-01 8.148844446788213736e-01 4.909064854216900753e-01 2.055498331061790473e+00
3.800425634277150300e-01 3.100876858475788200e+00 7.871928182768720417e-01 1.683306181281903235e+00
5.597420301528667208e-01 4.366054737843494404e-01 1.847672703322094545e+00 2.319802508758980863e+00
2.864072856706215031e+00 1.780998382583584450e+00 7.450650842244467553e-02 2.650300252973425419e+00
7.485432473901881822e-01 1.977653829243896322e+00 7.517410631126266729e-01 1.088912157483705068e+00
2.740374346971299890e-01 6.210418144442479971e-01 2.808629392542031145e+00 1.289049498125788729e+00
1.496915852184159013e+00 3.099400874150338048e+00 8.091392433583164401e-01 4.063185795032875913e-01
4.367513827551007533e-02 1.303954032793078754e-01 2.695497294183955894e+00 3.012712099163857626e+00
1.310298452231577038e+00 3.013273994454297000e+00 1.237525993515244949e+00 2.024478048568737698e+00
2.592106761344714183e+00 1.159765844491515319e+00 6.515036181307266583e-01 2.063981165466659107e+00
1.612461802597424443e+00 1.709917998698817498e-01 1.735628685611072308e+00 2.991237144059098352e+00
1.211059563045452370e+00 2.351588804741961969e-01 2.003867511888135056e+00 2.824636078871795575e-01
2.975935185171537878e+00 3.128469809693164017e+00 1.263428155640921258e+00 3.892617655284795752e-01
1.911351434321370446e+00 9.368336552403613293e-01 1.016299198459028608e+00 5.890985012896907680e-01
3.188769992936285602e-01 1.917228705037294922e+00 1.248046538437445757e-01 2.861815432074370946e+00
8.725201206301247403e-01 1.286520125297530237e+00 2.687726322913797539e+00 2.234546080865602580e+00
2.514332291957754428e+00 1.419747656234878086e+00 1.483648781696583319e+00 1.935638794952091457e-01
2.572910914475618593e+00 2.976285361865889989e+00 1.898099904229499479e+00 8.179807216843630879e-01
7.565445193971693794e-01 1.781969162510981919e+00 2.481408464497417476e+00 2.110455452958823308e+00
2.488599312168108924e+00 2.900394779946496637e+00 1.955751601493772585e+00 1.470371733999280783e+00
1.344198374115861183e+00 2.893532909132159880e-01 7.958902074292397710e-01 1.797914185205443438e+00
2.812107148815227387e+00 1.120966843848713257e+00 1.899798743220235397e-01 8.188755250165214994e-01
2.439835699507403088e+00 2.925997237004200002e+00 2.614966628295584350e+00 1.958168467021358161e+00
2.326110112294049959e+00 1.291413329435593615e+00 2.582948918539896166e+00 1.790527817688948753e+00
2.558646787224027719e+00 4.708228972927628875e-01 7.942747077012799473e-01 2.129878811527448512e+00
1.688218338124511053e+00 9.313603241904493402e-01 7.381337183351138753e-01 1.122900165130751082e+00
6.236421741974417232e-01 1.739166561865053806e+00 2.859104123578001033e+00 3.013483847358643386e-01
4.958589289148765400e-01 2.433704597903465772e-01 2.539737998599481683e-01 2.678743779484888066e+00
1.341277442123776531e+00 2.590523766406609973e-01 6.912974448010904549e-01 2.695654982784328357e+00
1.261165375498867758e-01 2.907327995567969392e+00 1.683833777010238286e+00 1.444954206266405139e+00
1.390459846629592100e+00 2.726344409291324933e+00 2.973863515128210566e-01 3.078783803573079680e+00
5.284722257433140946e-01 1.715565155610276005e+00 1.542256477785449498e+00 1.632150286352113122e+00
1.478733347122499708e+00 5.084299510427793267e-01 6.116264796098590528e-01 2.190654611989582445e+00
2.896366153555943068e+00 7.082878242370599375e-01 1.573243880353240476e+00 1.636003782219856761e+00
2.487176731354282300e+00 4.979085611908121156e-01 2.458934827595801398e+00 2.865433322403986516e+00
6.253205657023767072e-01 2.588023512387498837e+00 1.485006140949996833e+00 2.555792422197281089e-02
1.121299163173514524e+00 1.127790263905998902e+00 1.453676991310276057e+00 2.018443755819416374e+00
1.907607922294576541e+00 1.203254867776339054e+00 1.168955165914496303e-01 4.061391015919619818e-01
1.187905128463503102e-01 4.200632706468661604e-01 2.452279757913564229e+00 2.131085184848794611e+00
5.270747173044737499e-01 2.055546465181599558e+00 1.183611131523381488e+00 1.419059478573249988e+00
1.338853851116488913e+00 1.892777038308312676e+00 2.556517088034661267e+00 7.886211633310730162e-01
1.588650552971708985e+00 1.707441937496364304e+00 2.285072412298057853e-01 1.427793118356589952e+00
8.247001327618469491e-01 2.365084548968658495e+00 1.334676677074172479e+00 2.101707914697298119e+00
5.014759884507267174e-01 1.269418088355727559e+00 2.892868958168198112e+00 7.640414704484985720e-01
1.030278769620494250e+00 2.180822762838801943e+00 2.766479312864828177e+00 1.468622852894666542e+00
7.726951125209204907e-01 4.737561061305211457e-02 1.327855724627493572e+00 2.942636974171138231e+00
3.004933766240619253e+00 2.252292130558282590e+00 2.362549166996331884e+00 3.020042279174060873e+00
3.126886313156498787e+00 1.079874421146454377e+00 1.407446900290189262e+00 2.868666831733981404e+00
6.449566999397019496e-01 1.546558226043017292e+00 3.025172934324548812e+00 1.344570614331489500e+00
3.024150102185199529e+00 7.428647402945824929e-01 2.990296533928681555e+00 1.437485949737795643e+00
2.059951203515721474e+00 1.868832095691911555e+00 1.326689079409264060e+00 2.481683754055214575e+00
2.209731529769165093e+00 1.625070626763989723e-01 2.082170296020743105e+00 1.891711759831614215e+00
4.596982898237471638e-01 2.973931885806657238e+00 8.231716597743472530e-01 7.160747206231414808e-01
1.594993170163003349e+00 1.103537312870571441e+00 2.063182213395077902e+00 4.092905377108816967e-01
1.422168062401652389e+00 1.871069153556708109e+00 1.831446578562469618e+00 1.310688777428054008e+00
2.762948695500787810e+00 1.210226403042474530e+00 6.426645263616588277e-01 1.799747382607334911e+00
2.158974149951893295e+00 1.325896111739494287e+00 1.693732447825108789e+00 1.688388063470977751e-01
6.230282698855239554e-01 2.896885061106323711e+00 1.051136046677256658e-01 1.747533426287403602e+00
3.083480730947369963e+00 6.961892914591543136e-01 1.197265959370264143e+00 2.440291379100096025e-01
2.351099223932078708e+00 1.058330071818018636e+00 3.100669174644781201e-01 1.061600247694942878e+00
2.060048049205590814e+00 4.647567689193778939e-01 1.539826229386982659e+00 1.470394220962995435e+00
5.154810962065405899e-01 3.770478782960683950e-01 2.689663291413697976e+00 2.562826232502204982e-01
5.597473426626226045e-02 4.099742544189502458e-01 5.391571357409588039e-01 2.415997704462025553e+00
1.054927842509034708e+00 1.038416908113782774e-02 2.253765289532715099e-01 9.643891312858677844e-01
1.667450752543385706e-01 2.746237483644287991e+00 1.610574011723846288e+00 3.055638896346423383e+00
2.980514828730768340e+00 9.002751716522349179e-01 2.898262039912264942e+00 2.188018842243661943e-01
3.057668555766588803e+00 2.218984852805334196e+00 2.012867489500852258e+00 1.397771057650162296e+00
2.084949100478255435e+00 2.578592934222994959e+00 2.664282991082810081e+00 1.144550208236288613e+00
8.614075881285878644e-01 1.385282472431663248e+00 2.671601233003334519e-01 2.290085203916229606e+00
7.951026391012840921e-01 3.756486067153175790e-01 3.089791730332707598e+00 8.474010480416191982e-01
2.707275559873890902e+00 1.137597915616068489e+00 1.733623390818438414e+00 2.953820941984434345e+00
2.545964232230278679e+00 8.452443071887569825e-01 2.162824335330104653e+00 1.750162118722722981e+00
1.606117477069277655e+00 2.182632597789387230e+00 2.070377775429810718e+00 1.948324220002486395e+00
2.265794161197672185e+00 1.724937689642829675e+00 2.172935520461654058e-01 2.286333587936810741e+00
1.190401785815480007e-01 5.008263740627542093e-01 4.740435812640140800e-01 2.614989506770489580e+00
1.049845107428514890e+00 1.511464263464254776e+00 3.096584557059876897e+00 1.749942313712661512e+00
7.638926812481075523e-02 1.024294929560739753e+00 2.416828263765229856e+00 2.749384666019905499e+00
2.198901655106270780e+00 2.933238207572208101e+00 3.022470145644120532e+00 2.232107483791796465e+00
8.713039010594244571e-01 2.631398004173262084e+00 5.313728239851518709e-02 2.756882139495362871e+00
1.849682751844960310e-02 2.065407294817739992e+00 1.528362656471227599e+00 2.058318001071810066e+00
2.657778172019683027e-01 1.494300701545751453e+00 5.300132228481770902e-01 2.818617873820014719e+00
9.437230070776515545e-01 1.230077982010263637e+00 1.321748657395375393e+00 1.526933808778280777e-01
2.439765780377929349e+00 1.764092310272634911e+00 2.694247530529492618e+00 2.891682787191753867e-01
2.000710871815813530e+00 9.535164159194716715e-01 2.378318378212474826e+00 4.611513893694016430e-02
8.284777932980854631e-01 2.280225557875031672e+00 2.254342969798437846e+00 2.646538602459660883e+00
3.087917019726856172e+00 2.367793363815679619e+00 2.279798463296506927e+00 2.255196852469332214e+00
2.194889311240498575e+00 4.757214007175828430e-01 2.187924676932124779e+00 1.681946740680739349e+00
3.083851757345780875e+00 2.446704612245014676e+00 1.968289138616050871e-01 3.329408231896794357e-01
1.947167940003303066e+00 2.661303496230341459e+00 2.502425878349680222e+00 2.624013456386920407e+00
2.217108612481702767e+00 1.765453451039241894e+00 2.428443495186202838e+00 1.869151526199973823e+00
1.529977093479665928e+00 2.455719651213016164e+00 2.703669228315326745e+00 5.461969543051939935e-01
2.302469066456615199e+00 1.116308437963449418e-01 2.349568207909457751e+00 1.193958712661524757e+00
1.840248637027394274e+00 4.466055073341166914e-01 3.643959172770394050e-01 1.797122349955846854e+00
2.265084590572033374e+00 1.891732939156272497e+00 2.529101775868995094e+00 1.897076478806772659e+00
1.260533871774062620e+00 2.775734990432906724e+00 5.285180497095421925e-01 1.127519962897529870e+00
2.278184775863184797e+00 2.383412135240867258e+00 2.926548922524501606e+00 2.785843694075758048e+00
4.674772667600567977e-01 4.242294199840217495e-01 2.890237544968390360e+00 1.246357987477238138e+00
4.626441307247868007e-02 1.847074971579521607e+00 8.295994795550348799e-01 2.204429677735258775e+00
2.693932849411037722e+00 1.605042193288613639e+00 1.160360622890614479e+00 2.759951097019265998e+00
1.595250800202327124e+00 2.953890326222560425e+00 1.493953799855696651e+00 3.744688791844297815e-01
2.725122546064704832e+00 2.199228571015345413e+00 1.032782219818021430e+00 4.851625181406933329e-01
2.664809457329222031e+00 1.699376497898233307e+00 4.943445162126637316e-01 2.223986370498027387e+00
1.023327358843344248e+00 2.962938002515064451e+00 1.023717254442994218e+00 2.559631850139963749e+00
5.325190147048115552e-01 2.755026257439931126e+00 1.247369920572936275e+00 1.245942347032113595e+00
2.876665812539150213e+00 1.113869256845244626e+00 2.146776776811412546e+00 1.051745599197744019e+00
2.634268788095428082e+00 2.227764523585155643e-01 1.170518041961025935e+00 2.168230061384081309e-01
2.955275403281066637e+00 1.358736385233841881e+00 2.648865869814687635e+00 2.465457355871893519e+00
1.594553275818481053e+00 5.817529450507661348e-01 3.134850907926651331e+00 1.661433554163007864e+00
1.614819304463471994e+00 5.715243134473003972e-02 2.283236254505296881e+00 3.141467829370650389e+00
2.816187077876830092e+00 1.224670203355866738e+00 1.167595255192648063e+00 2.898295467540640935e+00
2.201988306386317706e+00 1.095122869945536204e+00 2.399349767855713633e+00 2.873933806072616726e+00
2.180950938854226973e+00 5.001368653568101230e-01 1.474084902269785724e+00 2.657558887539423598e+00
8.639467710784073384e-01 1.675378350893268919e+00 1.167049876808811781e+00 8.357816826388714260e-01
1.455299711256498263e+00 2.551763831104727931e+00 2.208672483612947879e+00 8.676736052954588108e-02
1.359672292167289021e+00 2.369244011638062197e+00 1.921269921340579945e+00 7.777792180433422409e-02
2.927001468315097554e+00 1.364350197768631867e+00 1.040400637599778300e+00 8.904039541971364713e-01
2.276688118647455461e+00 5.226518117957652532e-01 2.143878201818953499e+00 2.918841482764389816e+00
1.739055768550191172e-01 2.814700714048618657e+00 1.752805983022951875e+00 3.076035157738925108e+00
1.845267451887940835e+00 3.158230855714365681e-01 7.613592939618585298e-01 2.674162464142562090e+00
2.701009268614429359e+00 2.367151171037200186e+00 1.964283204810546302e+00 2.158367419645211616e+00
2.343828558653899830e+00 1.332412284389077550e+00 7.429723324326875655e-01 1.090289235498323350e+00
1.426180751664480217e+00 1.129911471507500265e+00 1.571209979987860716e+00 2.983366002610888135e+00
2.309357805691528931e+00 2.318340521670877230e+00 5.407213249807630850e-01 3.066711274696933831e+00
2.348053050340899173e+00 1.086561689991644819e+00 7.399893851829211222e-01 2.739259270813102276e+00
4.420207961722430468e-01 2.315707851547177842e+00 1.866018625004165266e+00 1.315208568256358124e+00
8.607278160468578854e-01 3.510718703321683565e-01 7.017674977928121116e-01 2.876103074781756863e+00
1.618334723310393741e+00 7.639856467004004781e-01 1.451943791624091373e+00 4.328942083618745884e-01
1.158499854882043545e+00 1.236715432960066030e+00 1.325885094392842189e+00 2.221788546511793250e+00
2.490027668849953191e+00 1.259612306153303996e+00 5.042697121035278895e-01 7.861805179042562486e-01
8.920051544700838275e-02 2.109527124802166753e+00 2.680843159062955561e+00 6.541869789877764463e-01
1.742180080904407014e+00 2.126167114390766777e+00 2.080596235333603161e+00 1.444151606126413911e+00
1.526724798169885045e+00 2.534685380441411007e-01 1.067933337169543861e+00 2.757790665075662062e+00
3.232923944350172829e-01 8.947608836693128342e-01 2.108950044833928991e-02 1.505053982439307658e+00
8.951937475391915644e-01 1.842888384965487125e+00 4.028522900715625354e-01 1.214353816879839343e+00
2.627344822348438580e+00 2.694279137125083157e+00 2.522510218968642359e+00 2.877904243603781609e+00
1.938343171422264977e+00 9.079172043832310635e-02 1.390207718650735558e+00 4.851036026784937838e-01
2.263144250932424661e+00 3.891104719316164084e-01 7.151914494479968409e-01 9.149120928404085307e-01
2.158106476118001993e+00 2.851165674719857268e+00 3.036611323948917640e+00 2.103855653054053754e+00
3.056810283840516895e+00 1.369335125760469118e+00 1.607210676348550082e+00 4.142928635332506215e-01
3.751736110537378516e-02 2.119367136334278978e+00 2.418969841800771015e+00 1.647964933643316643e+00
1.766366997835026265e+00 1.538761105112259164e+00 3.740712004060103846e-01 2.014741331258953494e+00
1.192855952124564078e-01 1.343749704519047627e+00 2.141624720841531548e+00 9.065311193057263850e-01
2.909482114140511833e+00 6.242472315759139967e-01 1.734729464781900266e+00 2.913217663882882835e+00
2.450678031419310621e+00 2.577595324437427671e+00 3.102348995649322205e+00 1.619838220138992702e+00
2.692126424275781194e+00 8.555675498338980445e-01 9.434052265831747164e-01 6.717396002278733791e-01
2.218759032647250051e-01 3.988598700114855955e-01 2.884315120462770832e+00 7.897484459996413353e-01
2.308439887731556617e+00 2.162054560737248998e+00 1.456782755470924506e+00 1.729855280681879826e-01
2.485788497517181117e+00 2.185070852900339866e-01 2.887786025332488737e+00 2.613255194995159680e+00
7.658580019869645206e-01 1.920902211626354772e+00 2.919297508625658288e+00 1.845789428652106157e+00
1.857452515894063350e+00 1.639812453730771002e+00 1.298824641490064824e+00 7.492366541743666897e-01
2.177046200991229252e+00 9.171117711820840901e-01 3.105685636520304715e+00 1.543044067443890333e+00
7.821613156970168290e-02 2.606654947547462076e+00 2.241291239155996262e+00 1.494391759546286780e+00
3.386917491430031513e-01 5.896291059492585473e-01 1.606751261140430653e+00 3.793392659365104613e-01
1.385222759010612092e+00 1.695783137988486677e+00 1.033979536480235550e+00 1.336902338430073334e+00
1.965212809671152083e+00 3.918568936057779672e-01 1.370967995294276598e+00 1.447982935019032302e+00
2.811393352406006851e+00 3.108431974820002885e+00 2.651020007657424848e+00 2.869836403881461884e+00
8.248519978177409895e-01 2.236188136835933093e+00 1.620647090391077683e+00 1.182300801663282108e+00
1.496807758397716404e+00 1.041895626291317267e+00 3.034607024130442809e+00 1.307239187922038526e-01
1.901435787930232602e+00 2.041035741938573178e+00 2.021083299249136100e+00 4.108361419623202115e-02
2.107951810527289194e+00 2.967759727335059328e+00 2.632052418652752745e+00 2.031522518570723523e+00
2.467410701283312857e+00 2.476030403203610675e+00 3.702444388404432241e-01 2.493431291799175664e+00
1.177660694220174609e+00 1.180835013343302986e+00 2.142668936561291204e+00 3.082749114554646397e+00
2.231458660577051667e+00 2.666019077115481473e+00 2.910123971563504330e+00 5.041211217306711401e-01
2.883373421373046419e+00 8.674902761143708785e-02 2.138131554205672469e+00 3.100054782727537983e+00
1.629648813136138186e+00 1.049543041412204447e+00 2.702927298527443511e+00 9.761554845353804799e-01
2.460145778405056660e+00 1.996587454980582210e+00 2.031104576449274557e+00 9.995660523489690030e-01
7.813083913150137283e-01 1.820146011627436389e+00 2.934605444855991063e+00 4.091160421401507374e-01
2.143122054099677598e+00 6.229708054324438748e-01 1.417574677206793199e+00 1.278740385744844554e-01
2.201010952815720678e+00 1.579420547897988580e+00 2.460506442684303074e+00 5.485000725790268872e-01
2.154844058790864381e+00 1.043829317404758456e-01 2.625747485739542864e+00 2.389360672086347837e+00
2.684021953372839331e+00 2.593146050239262923e+00 2.084347156643232779e+00 3.694816636076301841e-01
1.467142041692754750e+00 2.400166521344516912e+00 4.027917057923922628e-01 2.714487208913538563e+00
2.297888063537941505e+00 8.172770130309332526e-01 2.036332174539042139e+00 2.191507409193669709e+00
9.273945243931404070e-01 2.114196754432693837e+00 2.189319313909730003e+00 1.063830647244502048e+00
2.821039969320780827e+00 6.100106847280867273e-01 1.649584998590763352e+00 1.403601716822990564e-01
2.073520617321296555e+00 2.608034375087829648e+00 1.113071816517454904e+00 2.684818851194255007e-01
4.221272602198613416e-02 1.405677375074881219e+00 5.030396355391905105e-01 1.343536633730204155e+00
1.385799579181461461e+00 7.454687582836019843e-02 7.031634415141911898e-01 7.255911609045196942e-01
8.683201127326098945e-01 1.761773455232446661e+00 8.582062330717515897e-01 1.504249835308948624e+00
1.098782288944079255e+00 3.104716332951892088e+00 1.683756782637401417e-01 2.068235010750903768e+00
1.959313220416214252e+00 2.749596374897490758e+00 1.889717798003841098e+00 2.282171386381343439e-02
1.217670174628122659e+00 1.854587600828577543e+00 1.143397365999782450e-01 1.341256286895082139e+00
6.453213924689253922e-01 2.615009168363248371e+00 2.647949682101135238e+00 5.563341698420769532e-01
1.840049238535016229e+00 2.609769549296076185e+00 2.331350460835560412e+00 2.517527055223595794e-02
6.363241016942776662e-01 1.068277411581844000e-01 1.257802138322073660e+00 2.906076307269641390e+00
1.094121764740948244e+00 1.306955900345951882e-01 7.278198997736624598e-01 2.431499206424852844e+00
1.692444309454254503e+00 1.828995781746697302e-01 3.006878007911242268e+00 9.702789284378370294e-01
2.666488398241264157e+00 2.745724168252150044e+00 1.059743893812733706e+00 8.609672665401651992e-01
2.913788103001865526e+00 9.376013071496190898e-01 1.375151956705956913e+00 2.309908219046201250e+00
2.943022841506812703e+00 1.642478139067842013e+00 7.096043394058424436e-01 2.944024166798330455e+00
2.343996951375873383e+00 3.501485041631189343e-01 4.614158718515621316e-01 1.009358826403095932e+00
2.922513789575994725e+00 1.441223048466901413e-01 2.210515460524418649e-03 2.036668191731290545e+00
2.322623222752582706e+00 1.145615544355882198e+00 1.641339974678810432e+00 6.016182478981991766e-01
2.623074684680535285e+00 5.341203670292286043e-01 1.071375082413106083e+00 5.048795158999977994e-01
4.107712283125118935e-01 3.587542416191918382e-01 2.008034725618853322e+00 3.600686166750165923e-02
1.107486241248053727e+00 1.712608009998612291e+00 2.062664168519066976e+00 1.363259870036064969e+00
9.001113270679068634e-01 1.251202308640956051e+00 1.721057305990861819e-01 9.424479944171495482e-01
2.409273224296971438e+00 9.099062690289075883e-01 2.237137058021961167e+00 8.989836843595541138e-01
1.508733054996410861e+00 1.312684892602486997e+00 1.421772861947837141e+00 1.051819778828264385e+00
8.945263489448079808e-01 7.474228830834012127e-01 8.853699513230024465e-01 2.390013456376120504e-01
1.817750084742507100e-01 1.300474893849083768e+00 5.432797203997472568e-01 2.134471462595704416e+00
2.511271868008506214e+00 1.300402323051017994e+00 1.489186944703577986e-01 8.346510677438040426e-01
6.019936985840311783e-01 2.795683350879921480e+00 1.352258322169238802e+00 2.311182355849146663e+00
2.451508415345693859e+00 1.001630271245125270e+00 2.490017785042225373e+00 1.871202295871235322e+00
2.393345445198744148e+00 1.162977747839914144e+00 1.897375373027201606e+00 2.355423675806576078e+00
1.441972322554621266e+00 3.098956698934538068e+00 1.029721801670725467e+00 1.073802836540122874e+00
2.301948576823499515e+00 1.726492860586496425e+00 2.175300799184478162e+00 2.416309589727617890e+00
1.661352987491975242e+00 3.267230485168697851e-01 2.082791838312529453e+00 1.191825743287229233e+00
1.722128158303124268e+00 2.467076182378725058e+00 2.568304943833531695e+00 1.781748887292521788e+00
3.733306976544955025e-01 1.462697666312454015e+00 2.576194691390897518e+00 1.799310084564420542e+00
2.408560375889496452e+00 1.250448232163516193e+00 2.433832768798021018e+00 1.295613181764801558e+00
1.730350877650514152e-01 1.727682431781124128e+00 1.636498291743981870e+00 6.662996774538816336e-01
1.777342694563693426e+00 2.920966423604671736e+00 4.396060093866322460e-01 2.189740379551261551e+00
3.041807643046188225e+00 6.899738900518629370e-01 6.878713743347918408e-01 4.958720885299103820e-01
1.291202544905839300e+00 7.857246818933173449e-01 1.466230879935119136e+00 1.499928868103235891e+00
8.891106369888266414e-01 1.595764669715665107e+00 1.340870993582806703e+00 2.402381741505939416e+00
2.268901442973869642e+00 2.868484564058714881e+00 3.140872299936240175e+00 2.059818448171873762e+00
1.965617537605993392e-01 2.655495504457034528e+00 1.092151886053065180e-01 3.004086096147103202e+00
8.213753504506531300e-01 1.805694956523999695e+00 1.641172884761187722e+00 1.874388702859818845e-01
1.211086467670422495e+00 5.238584237324964699e-01 1.549842939028043487e+00 2.852530449822987091e+00
1.487535255080170704e-01 8.004728367605100647e-01 1.104718861347229408e+00 2.158340617782390058e+00
3.019709127678305904e+00 2.931258177742188664e+00 2.709384245991013795e+00 1.858387296752261664e+00
2.140728419222845513e+00 2.048592408881798832e+00 1.852623959054174207e+00 2.998347291038137574e-01
1.570018481106300490e+00 4.419816588384024025e-01 1.274177307218211208e+00 8.981553042844730994e-01
3.892834026570163863e-01 2.691186207172691081e+00 3.064662443560588478e+00 8.456082578544822370e-01
8.288621644488262108e-01 1.405929086870655320e+00 1.400342128471474545e+00 2.699505527101053182e-01
6.461545191103817976e-01 1.831353761279479242e+00 1.532590361074729346e+00 2.408054419992422979e+00
1.591517204909282279e+00 3.010744947016052553e+00 1.333242532265354274e+00 1.598674993206308459e+00
2.752234526735695130e+00 1.605677081598767320e+00 5.547814095849891158e-01 2.554970796829383328e+00
1.146969121946449510e+00 2.663669039576293418e+00 2.994503195193892520e+00 8.058013044305945005e-01
3.380491097208959128e-01 6.506995267731142674e-01 2.984894443265857067e+00 1.063751473467280384e+00
6.277487906582843724e-01 4.366932908913807587e-01 1.648110268318815352e+00 1.327253737854500404e+00
2.718767292378319045e+00 2.397233097360922383e+00 1.372907785551658488e+00 2.895585868756733183e-01
4.465867990262433196e-01 1.782840334812490379e+00 2.134122644332500318e+00 1.947531296845162740e-01
1.689918850590634403e+00 2.724030434726394390e+00 1.749866516902682578e+00 7.911985302325269531e-01
1.208393162443334168e+00 2.577105878391350746e+00 1.315669040681081592e+00 1.430318804037637337e+00
2.670045444392660894e+00 3.071080724424728015e+00 2.619263153439920000e+00 2.782770970105018726e+00
1.649867826172687568e+00 2.475695786574573010e+00 2.572738440149778594e+00 1.375880127511933892e+00
5.226336668378894768e-01 2.376586323422703595e-01 2.653194596433462671e+00 4.462488064469171123e-01
1.838314726763186746e+00 3.295756479915551429e-01 2.796446580593201947e+00 3.013514309324990759e+00
1.453633351595116308e+00 1.766191537705010139e+00 2.429905107393289132e+00 1.749910774506395830e-02
1.309507694918081500e+00 2.862263080237437585e+00 1.640671333219321015e+00 1.174957605816697170e-01
5.040686176589117551e-01 1.553166496066603175e+00 5.761198019891264899e-01 1.550946222654789874e+00
1.244316044913331032e+00 2.911484484621672308e+00 1.808410600187547457e-01 1.763535728688196080e+00
2.974989428102438271e+00 2.525851666625919645e+00 1.669729182709147164e+00 3.019929937528280650e+00
4.720247289606462338e-01 6.936120140101338372e-01 2.484336889398520987e-01 2.146159539201965227e+00
2.430509034479919173e+00 6.417927739030971912e-01 2.162928151328455062e+00 1.101790089266126094e+00
2.981876094955941081e+00 2.034627503639397095e-01 9.878244066515285970e-01 5.179040238633262350e-01
5.518248489980925875e-01 1.358757198773248576e-02 2.528956004374816047e-01 2.209957702170595173e+00
2.897420174015129746e+00 3.017386483467197067e+00 4.300847707313395496e-01 6.702260907770472009e-01
1.601752847286223025e+00 3.013377857952879157e+00 1.082304308848637930e+00 1.640728386504593406e+00
6.383137367111643146e-01 2.918433980483312595e+00 4.825965114575974657e-01 2.569687253695752904e+00
1.742310038973908348e+00 3.069370857714691869e+00 4.163710496450409027e-01 2.768167472078066904e+00
8.239681241050983429e-01 4.483311406489623452e-01 1.178984695027509355e+00 1.834825138000262257e+00
6.444308329994895279e-02 1.969369279376961490e+00 1.839296835850176448e+00 8.074649496478614186e-01
9.299493981425760447e-01 1.432941928755997463e+00 7.317921642324519693e-01 1.379454378879358956e+00
9.291523314741567674e-02 2.106723304600280677e+00 5.789957033939683306e-01 2.573168578079926938e+00
1.151770632103042535e+00 1.084572400559195682e+00 1.923940632217904234e+00 1.484853000015998459e-01
2.328610362101499742e+00 1.830206607049101430e+00 9.063976136169428210e-01 1.425050023789043108e+00
6.313472883888000542e-01 2.389621455358993618e+00 2.675269768014277627e+00 1.035591780794079764e+00
6.891757132633860028e-01 7.765004155637624805e-01 1.513414240453249127e+00 2.261586683521734642e+00
2.792588898900731476e+00 2.664413491282768387e+00 1.892236405909557995e+00 2.809120409928407724e+00
2.038999944590114577e+00 2.500898879783009843e+00 2.592522522297704413e+00 4.423784752503866907e-02
1.619835047580006626e-01 2.268416760190107573e-01 2.212226932779347788e+00 2.204660994021004072e-01
9.903497340261074866e-01 2.199652336965309818e+00 2.412279493499492222e+00 9.547622752222334475e-01
4.770157742689044855e-02 2.491991671005277728e-02 1.551389219728809721e+00 1.324793174067059098e+00
2.822041288124037983e+00 6.791809196145037753e-01 2.975122415054811675e+00 1.989992235332239900e+00
1.452351317564316124e+00 3.043220037195551342e+00 3.021341416956847770e+00 1.702815587718985516e-02
2.215582182827330548e+00 2.415621236821493323e+00 2.164663273484801476e+00 3.000982693814210567e+00
1.556600694120098494e+00 3.500562756696731226e-01 1.932937026466708508e+00 9.319479275642091887e-01
6.497387508162036918e-01 7.553764736247895462e-01 1.315503651393925999e+00 2.501452385600162032e+00
7.027263025700467569e-01 2.832128696049069472e+00 2.962784766710544027e+00 2.582596352179644228e+00
7.618023636567200496e-01 3.131636018709365921e+00 2.891230812292731045e-01 2.812852819044628472e+00
1.847194032509698935e+00 2.226033486220379221e+00 1.178791416219087784e+00 1.863725296789379149e+00
1.768246374590741077e+00 1.771428278654660460e+00 1.930674649616727967e+00 8.780136513374743323e-01
2.039050783811274581e+00 1.466141933237432360e+00 1.293320433631814037e+00 2.020333352905606894e+00
1.537187064605676445e+00 4.382162972040966054e-01 5.285830117735332845e-01 3.707611286158424835e-01
3.097176977306518530e+00 2.323326661516402325e+00 1.295006255460715794e+00 8.568307194040318819e-01
1.924851062026722515e+00 2.990485062526747395e+00 9.894520109952406606e-02 2.041607865033908009e+00
9.368416654129342325e-01 6.809737460608263904e-01 2.617119264456251315e+00 1.646162746458252224e+00
1.519102491645509811e+00 1.729077679987292671e+00 1.411788354458671790e+00 1.484909157744041419e+00
2.752431515527991479e+00 1.073666915256795473e+00 2.047395174876945667e+00 1.632438292857889106e+00
3.099913007731327053e+00 1.335215514908840495e+00 1.492408754894178680e+00 1.689249520562115858e+00
9.371491072304247716e-01 1.797559086370712489e+00 1.075980591176785017e+00 1.641556998770286713e+00
1.727950487766790166e+00 6.189270824757882039e-01 2.307616073709836790e+00 2.807886866575979301e-01
1.845330180607434312e-01 2.895193799046272609e+00 2.946265255656612680e+00 2.530070133873835836e+00
4.152290034321380330e-01 2.709249140121404498e+00 2.764811420466305680e+00 1.687742526015109101e+00
2.045027461915326139e+00 6.681335454088166426e-01 2.981811351353373052e+00 9.294946344376782132e-01
2.506111865116462223e+00 3.470037677392265318e-01 2.579097104338708757e+00 6.598258730529104055e-01
7.886585484071053642e-01 1.114841609490192287e+00 1.713010478481895804e+00 2.191550505181036890e+00
1.601556170205046925e+00 1.212992793835687477e+00 1.426530378894124151e+00 1.148300235454254858e+00
2.201694274186086098e+00 2.593599335194523015e+00 2.752540796648222265e+00 8.749140879793267933e-01
1.659539732186675609e+00 8.476444105771037130e-01 2.561598192245037264e+00 7.549885769761928156e-01
4.434579486709628870e-01 1.250307452314479484e+00 7.970959703599759250e-01 1.822998337188471485e+00
1.973662969872540307e+00 2.051429857403042512e+00 1.354154533042243980e+00 8.012418354994053082e-01
2.930579167838212040e+00 1.786625835533588447e+00 1.604468096994877024e+00 5.439527263393642009e-01
2.669038492481103919e+00 1.642051754915161643e+00 2.049767414653861142e+00 2.179126880588188708e+00
6.750216306078367090e-01 3.038521826836992901e+00 2.549852045070447826e+00 1.355351340391600212e+00
1.071989613913555184e+00 2.902498562132082682e+00 4.706826306102142587e-01 1.501236167660978227e+00
2.532358628222803887e+00 2.791306204349164322e+00 9.435733132750468988e-01 1.002429131292431386e+00
1.001810758620622632e+00 2.714831883902595333e+00 2.371038815158222235e+00 1.679987931076803165e-01
2.671042529108722086e+00 2.431308096274746422e+00 8.174368933069392495e-01 1.366985138508836073e+00
2.920256665840582633e-01 4.998741641790685475e-01 2.990498733683953692e+00 9.757244861687389692e-01
8.692740679605056586e-01 2.289183384015975875e+00 6.760856150057947822e-02 2.446497508590216974e+00
3.725559008755622292e-01 2.000015847951964520e+00 1.876326092672649049e+00 9.097314211832929765e-01
1.725204215858892276e+00 1.083037858107648521e+00 1.098290764809604969e+00 2.380229673032144611e+00
1.457822550110205562e+00 2.081950962929173254e+00 1.786455177061653465e+00 2.601159796713774508e+00
1.738152723995772364e+00 1.686405786800003082e+00 2.239630726297391350e-01 2.845986322403667668e+00
1.184209710115728398e-01 1.166739472144169065e+00 2.987966894513630844e+00 1.446588448272451699e-01
7.985139694213978512e-01 2.133062667059529627e+00 1.660880107254881333e+00 1.060544237567801362e+00
2.365528462387872732e+00 2.612272885147672863e+00 1.180795755891214993e+00 3.002922040933170500e+00
1.396389025551269203e+00 1.922254906157678356e+00 1.092018955155371396e+00 1.871831096895925528e+00
2.234870002651562881e+00 2.051359532528190588e+00 1.201307641665251502e+00 1.457734721915853404e+00
2.898640071682899944e+00 2.512758976967951696e+00 2.141210029697295791e+00 7.304714873452596846e-01
2.148683754446915284e+00 2.821001965897332209e+00 3.688555039139441716e-01 1.559818609056275784e+00
5.076893269696111100e-01 1.967667036210974496e+00 2.960832804111005245e+00 1.783620535121100747e+00
2.391427299732608258e+00 2.338547189582920183e+00 2.728764743800482062e+00 1.990078693957086919e+00
2.070194425627085000e+00 2.608844952111966986e+00 1.593277972894559191e+00 1.139993314449266437e+00
5.232577713230451844e-01 1.753551149801168441e+00 1.403689412367024325e-01 7.621718158737484927e-01
1.806901707889110975e+00 2.821063542463573715e+00 9.232030549778190709e-01 2.226187164957835307e+00
9.629071763049598109e-01 5.150378752753886208e-02 1.857800149360753883e+00 3.136225271988923868e+00
4.930301151687960237e-01 1.365161409602838383e+00 4.578936773747961930e-01 2.339059794804367876e+00
1.997994774448952349e+00 2.005816105433908536e+00 3.096618864654486991e+00 3.017603240861540734e-02
1.422306139123923618e-01 1.912428934614042841e+00 2.458219878889734922e+00 1.399967630616569370e+00
9.682826427227453348e-01 1.816428038330456074e+00 9.959177021530279950e-02 1.262274713175670915e-01
1.679667502807743240e+00 2.777522835344592878e+00 2.796571464137729279e+00 1.445294632653363998e+00
9.262854832724909393e-01 1.110104412582391120e+00 1.809243329105902243e+00 2.470918810752483985e+00
2.823460075721039519e+00 6.365069835405153809e-01 2.120148092021337138e+00 2.284550192523326917e+00
2.494434154449847174e+00 2.205084544748459940e+00 2.574047497738867651e+00 3.125921452903475561e+00
3.020936836700532702e+00 1.012195614378149644e+00 2.831738469872462360e+00 2.197463340863034631e+00
9.391911115434875817e-04 3.135136706246360205e+00 1.444771405008588250e+00 1.710234962599397335e+00
2.491203026314995128e+00 2.631315342303793159e+00 1.667879363903261192e+00 2.337379154636709089e+00
1.082529976043429931e+00 2.803533762107727423e+00 1.561563918256163586e+00 2.350031031188157815e+00
5.863264244505332901e-01 8.084150754274600503e-01 2.299247378736549496e+00 3.462480569648269113e-01
2.378863411931837479e+00 2.960217875564651102e+00 1.172131416562860323e-01 1.308336458149168990e+00
1.215469692561989445e+00 1.063015022065261439e+00 1.036961461382710725e+00 2.216515373954176304e+00
1.681882193823705629e+00 7.190866455033911864e-01 2.746764123723138606e+00 1.857922806614707989e+00
1.752107660624545815e+00 1.009165252763706833e-01 2.113681193883733211e+00 5.046677570060671414e-01
6.325407380978902150e-02 7.409194803440262156e-01 6.366152331958723209e-01 1.219079755953635269e+00
1.061096193047851077e+00 1.136218590720681432e+00 1.136111423679640353e+00 9.712621812303303681e-01
2.718955641438437709e+00 2.850411236932552939e+00 2.715125688000169291e+00 2.600841211156076582e+00
2.371270059940397523e+00 9.848303323502090034e-01 2.809341884888491681e+00 2.378939670814302687e+00
3.794947332652107708e-01 1.188431788768389064e+00 7.453571709685206104e-01 2.410309229669144848e+00
7.909436502659245027e-01 2.298377684701099710e+00 8.010753549039782984e-01 2.966433527826617844e+00
1.449463608737754816e+00 1.554024341660393160e+00 1.785034996497832926e+00 1.433155164686782168e+00
9.326482534597281271e-01 1.251577400250855621e-01 2.034367689949438507e+00 6.790924639383856265e-01
2.620287030658844940e-01 1.129881473737927911e+00 1.907960256062609439e+00 2.883241459074489033e+00
4.257569128853666007e-01 1.178881491106354762e+00 2.777131833401775385e+00 2.001856820299185102e+00
2.001818359022232929e+00 2.478065705640855931e+00 2.981036304365366263e+00 7.052576329881894424e-01
2.238758391253409918e+00 8.638443394030129729e-01 2.901557871659813603e+00 2.423348434877740321e+00
2.187343589793721677e+00 2.088145685855307576e+00 3.002676951042120290e+00 1.425557634557329312e+00
1.387485996270552968e-01 4.271899387208299426e-01 1.207665581484206774e+00 2.162697170017289672e+00
1.222874908873063937e+00 2.570871710334328597e+00 1.619489131611346222e+00 1.237111341208539717e+00
6.448008476392521615e-01 2.850595044180268101e+00 1.079096952538494580e+00 2.464586956383194583e+00
2.337528585166173123e+00 1.203196996165606603e+00 1.422349564109552933e+00 8.718381714152437789e-01
1.451612716108239720e+00 2.739384249612683231e+00 2.265945388496769741e+00 4.559324319848316875e-01
2.819551959509724703e+00 1.270952187618911600e+00 2.377362425815940483e+00 2.670992378214263496e+00
6.467681313898886453e-01 1.829351416751666237e+00 6.003823463847153263e-01 1.243633828013165354e+00
1.199829077308058434e+00 1.533368993543588354e+00 2.854322397476323214e+00 2.709375156986130406e+00
2.131261902588716506e+00 1.024719116713159295e+00 2.211921282790155097e+00 3.004509237928878029e+00
3.115287217443579504e+00 1.566058966982832590e-01 1.215938621514199847e+00 1.846550574172828307e+00
2.413354484502379105e+00 2.922173286477867560e+00 1.330059380810928227e+00 2.664507356826737006e+00
1.813480343841135767e+00 1.666261082828855322e+00 2.770426588944906676e+00 1.762682493988002586e+00
2.886145998726000528e+00 2.943664801352559923e+00 1.139685003699890897e+00 9.791097409835235466e-01
1.328813099393117314e+00 2.881273098010061151e+00 8.231633331566079459e-01 5.983488644438079707e-01
1.065871118023145936e+00 1.100299470798937529e+00 3.676447394334905749e-01 2.907274531621721003e+00
1.411632838048079819e+00 1.977966769770049815e+00 8.847157504708861309e-01 6.574186395053007725e-01
2.056786010936486164e+00 2.699905217000233559e+00 2.765380804233644074e+00 2.960148339629657066e+00
2.733846911125682233e+00 1.760029086363527506e+00 1.747181572158616802e+00 2.273203262790690182e+00
2.749483377717497401e+00 7.472047895975391096e-01 6.332023492653072738e-01 2.110485946205137076e+00
8.426946843454945490e-01 1.206955132861035063e+00 6.626796209394471004e-01 3.001789394053755999e-01
1.594931361092226885e+00 3.903019131851553913e-01 2.499935237358668960e+00 2.004098674263140367e+00
3.505001832199511891e-01 7.253235502230984677e-01 1.013663297494620252e+00 1.882178897867486267e+00
2.047916111961577967e-01 1.016473168462151522e+00 6.381140919372273457e-01 8.152938579811901398e-01
2.389363289504404797e+00 1.255857027160696360e+00 2.694952480256163962e+00 4.158504813841704673e-01
4.552154636324481918e-01 2.409875493304781013e+00 2.143860600172537545e+00 3.573218541705640017e-01
1.546010223964233266e+00 1.600517102255216262e+00 8.223789238877962093e-01 1.435516373078873809e+00
9.633491135595451116e-02 1.709539090500040714e+00 4.324942965155781360e-01 4.185274107732993576e-01
2.765441591443126512e+00 2.774196153971597578e+00 2.750631448850225702e+00 3.100495783122044546e+00
9.796690576807781659e-02 5.727492394648350249e-01 1.821569025470011649e+00 2.943628933000950632e+00
1.650781501540278473e+00 1.073466346016997308e+00 2.296266574661377735e+00 1.287867494509539190e+00
2.940016362589884746e+00 1.823405593055446916e+00 1.953213229617746238e+00 1.826088586654053492e+00
2.612506632083984481e+00 2.878441965964368521e+00 5.372258654628795371e-01 7.170115233191054482e-01
3.023438751569540006e+00 2.026646470863263882e+00 2.818755302264829510e+00 1.424368756709348816e+00
1.869164484126214942e+00 1.045921916915323102e+00 1.693820225713022376e+00 5.413799423449036086e-01
1.881357751315069438e+00 1.457065882907131460e+00 1.119130981433515970e+00 1.038862400292573707e+00
4.111680518458527001e-01 1.931656135494356885e+00 8.922461626154579717e-01 2.621731872991226897e+00
9.319255012771734403e-01 1.025009085682475618e-01 1.599303012420233872e+00 2.155903945932390042e-01
2.374783634789227271e+00 4.655647727118039647e-01 1.866618472601832890e+00 3.800815359478985911e-02
2.501088516597305134e+00 1.821634862666187571e+00 9.128916170162539867e-01 1.233334161699295661e+00
2.234945323193468614e+00 1.638963613671158948e+00 3.050358707171519690e+00 2.111013024953269923e+00
1.341912259098402949e+00 2.854179621307445860e-02 1.032950670278330429e+00 2.670845689044756277e+00
8.472713933556524912e-01 1.008061645552465802e+00 1.640894541092120296e+00 1.853070728085751018e+00
2.646770472946582853e+00 1.849570337849645973e+00 7.243425716935710801e-01 2.745629520974950388e+00
3.005488312101657122e+00 1.851586570583735103e+00 1.523638792250120222e+00 1.640321925144232695e+00
1.555928386113584638e+00 1.714032548477192996e+00 2.870500439719826158e+00 1.484218249574324577e+00
1.522982249209683836e+00 2.044700137303436319e-02 8.318626553074441876e-01 5.846265292635763888e-01
8.389830561741094817e-02 3.304134717863917436e-01 2.585530356904491178e+00 1.381787484604175331e+00
1.277213526108815111e+00 1.181321157790079068e+00 2.188452287625682668e+00 4.800941616410865035e-04
3.876079698558149711e-01 1.544948465083259670e+00 2.103314433859854393e+00 1.084504578209589454e+00
1.169735132403875832e+00 2.482850944615166977e-01 2.498693911281332447e+00 3.942707962840473757e-01
7.521115861636279432e-01 1.869236349044286483e+00 9.867939920788723063e-01 2.949680898513513227e+00
2.269697746129553551e+00 6.043945002734968375e-01 4.401891278365698268e-01 4.033529181746536851e-01
2.579366641532877313e+00 2.775476677646051105e+00 2.471454010568425286e+00 1.671325961050331932e+00
6.738137691076524494e-01 2.628047493698993708e+00 9.394185831277062082e-01 1.122090947186128673e+00
2.198074095116236748e+00 1.392581231032414824e+00 1.554930327929839429e+00 1.073888883135922789e+00
3.007017389037157873e+00 1.928397151141645560e+00 2.306034610573845164e-02 1.772832461411947946e+00
1.884612675149922367e+00 9.903911770254140157e-01 1.617315946971625618e+00 2.521503448406473336e+00
2.705819342539101391e-01 1.840607472105493025e+00 9.121355623788526268e-01 9.955547188649298551e-01
1.591811240668575378e+00 3.065961276899462629e+00 1.074157798825538634e+00 2.578602584763525218e+00
2.986092124124148039e+00 2.660427781420410476e+00 2.169142911136913821e+00 1.416551319071655213e+00
1.268378915604022383e+00 9.343262702280672460e-01 2.982949656602114641e-01 1.100302252210366705e+00
2.369797413748871762e+00 3.274343909942192821e-01 2.245406795949300149e-01 1.786107895295652392e+00
2.878615104482711740e+00 1.460920910355766544e+00 2.048058823371024850e+00 1.800272599195980483e+00
8.258180753974901922e-01 2.085200671301774111e+00 2.857376429647782157e-01 2.550770324485862606e+00
1.671115513347679826e+00 2.822242293909437372e+00 1.643756807657852148e+00 1.864222369688854020e+00
2.696830132732757956e+00 4.873346922002047554e-01 9.852522080394673365e-01 1.538044001120759674e+00
2.251865610772830539e+00 2.677338841893256660e+00 1.141768832219215879e+00 1.060133346261618925e+00
1.937330228378866703e+00 7.390244683718693031e-01 1.849523030716271110e+00 2.580018256983526381e+00
1.839427644698323316e+00 1.359909247570493251e+00 1.989991087990352403e+00 7.266368259107640615e-01
2.303937154564921208e-01 3.103499930050543032e+00 2.484674973432542622e+00 7.444133191874229283e-01
7.265959500497278789e-01 2.083419679364122423e+00 5.605111880737904118e-01 2.161274084065911705e+00
2.791467252433522894e+00 6.732328755239531670e-01 2.252803229428983478e+00 5.618912094889588760e-01
7.086076776210320505e-01 2.769493095777017189e+00 1.608593455895807933e+00 1.896446793146619569e+00
2.165313438491010878e+00 1.623134661146612201e+00 2.350554094814477413e+00 4.562895702734703351e-01
1.892110081971879687e+00 2.603932111347620371e+00 1.460722589277555494e+00 2.359096694691722451e+00
1.785880023251311011e+00 1.845342352870460667e+00 2.650664516880605781e+00 1.905882207183526189e+00
1.252693698335137773e+00 1.817558917507816174e+00 1.729437800849374041e+00 1.487702975087081825e-01
1.439481962346308652e+00 8.242767567861286615e-01 4.076894540723066673e-01 7.666513943875117310e-01
2.309865234976863135e+00 2.772873897746388039e+00 6.617103197782981949e-01 2.807411065789481519e+00
2.114671358059057926e+00 2.885710283950709165e+00 1.397773014583368667e+00 4.855342832478910520e-01
5.490024997261084838e-01 3.905123333782240524e-01 1.880968726600480645e+00 9.944195905376947975e-01
2.329015658105455522e+00 2.333189119018225899e+00 6.118184997197340103e-01 5.315079313399684313e-01
1.310613668409420729e+00 7.232131886844399282e-02 2.283034544576589275e-01 2.019736111824741887e+00
2.400785879077585450e-02 9.636827778537541966e-02 2.038521576825307324e+00 3.105255685746528105e+00
2.583025751074956133e+00 1.695698280482335729e+00 1.534768648856101425e+00 3.073826611219215188e+00
5.950275463715812840e-01 2.935454469110724940e+00 2.212790726222005677e+00 1.675155185523621970e+00
1.789891545271237394e+00 2.048509122334308596e+00 8.952079032966757666e-01 1.403135173795924118e+00
3.584799273798359165e-01 1.157689605630017438e+00 1.551427792639961778e+00 1.695504503731356083e+00
3.113966791140641455e+00 6.988600294999955942e-01 8.376582608905228655e-01 2.817911115173065695e-01
3.087012269951216137e+00 3.083705973329066818e+00 2.790822826709498661e-01 2.447726260016974908e+00
7.901310286248417469e-01 5.288106688134565081e-01 5.374001244150881096e-01 2.881706174872570969e+00
7.124697795508865283e-01 2.396798052664690371e+00 2.810730955232197736e+00 9.348337716671486497e-01
2.558350450986375701e+00 1.542926572761530890e+00 1.184275751731606263e+00 2.622197004330609094e+00
4.021807562699725169e-01 6.785583322968501419e-01 2.696825327958500385e+00 2.127121221041984589e-01
2.203739981703090045e+00 2.253299498393445788e+00 1.454698890684072321e+00 1.122191336080988977e+00
1.478756220212102734e+00 6.563748839555609560e-02 2.548831382937733814e+00 1.708962060408905526e+00
3.091591315139422314e+00 6.644163690721304194e-01 3.113698825819528171e+00 1.839566530075219530e+00
1.801540823469623520e+00 1.967269741216358225e+00 1.757990594734396783e+00 3.107118758165548389e+00
1.086772253614900485e+00 2.600365882728251421e+00 1.566994825126221347e+00 2.420538691136082665e+00
8.869665069288488191e-01 1.592615821533621911e+00 3.497729476339841437e-01 1.678514786816514226e+00
2.238917754400456150e+00 2.803570323680429244e+00 2.944766033812626027e+00 1.868951393289822516e+00
2.252739733795590560e+00 5.773173655590373432e-01 2.406443861686123231e+00 1.450520030011191341e+00
3.897594169973175871e-01 6.036454297574097433e-02 9.800870339581796431e-01 1.109854158815175129e+00
8.941166593915234051e-01 2.843589162793763059e+00 2.109902731314862390e+00 6.369295664585431505e-01
1.204559346491821836e+00 4.526095845490421543e-01 3.125115210955752509e+00 2.348632921123484874e+00
4.179787662698457029e-01 1.647464366724056939e+00 2.833488461190133201e+00 2.815430682633224269e+00
2.095940309972059989e-01 9.015123285347681481e-01 1.735953414596957067e+00 6.522529134541243945e-02
1.158053275048938513e+00 1.201934475106220868e+00 2.605822676089684986e+00 1.149530511168450175e+00
1.472700901536250440e+00 2.500235643722602319e+00 6.704326451242544893e-01 1.622293724596985287e+00
1.945975748949482220e+00 1.812960314845196014e-02 8.493699669631670224e-01 1.622852803710292724e+00
1.170077658326583947e+00 2.903476557883894582e+00 2.933946459183085054e+00 2.225815824466720994e+00
2.398923551261236575e+00 4.376839754655586501e-01 1.465345571069552655e+00 1.694885555696571178e+00
5.924808332865838523e-01 4.927339080409707806e-01 1.343428436948413296e+00 1.775730616120525518e+00
1.945822392596756378e+00 1.558411656153255054e+00 3.088833359377102794e-01 2.355207475477838486e+00
2.239911916687625126e+00 2.981158368418967086e+00 2.102448899014484507e+00 1.538745373634258229e+00
2.285614059258793240e+00 7.494066704298656401e-01 1.894070019820658590e+00 2.338563400921034763e+00
3.019580717970514971e+00 5.626313730031535787e-01 2.710009922089192447e+00 7.317078222054583803e-01
1.577324293841400271e+00 2.926597219590686194e+00 1.108497903880204083e+00 1.162539330230459717e-01
1.148301818545749198e+00 1.216100831444735242e+00 5.585599430962387979e-01 2.889521147704334769e+00
8.945209459042108291e-02 2.695478655568328108e+00 2.696416433366217280e+00 2.714574278126481222e+00
1.785582094143046472e+00 2.920005235493947637e+00 1.177627097305935067e+00 1.545404865524064197e+00
1.522355533852202125e+00 1.554115661930061121e+00 2.889651047846237386e+00 9.323428506372997138e-01
2.175677610365957637e+00 8.725906697617547003e-01 6.287628155744139358e-01 7.751337647501108652e-01
2.089697362729803665e+00 1.958607807284541424e+00 2.505252068585995140e+00 3.398583934940760942e-01
1.835312286951483074e+00 2.535247074626323371e+00 3.061313466022518970e+00 2.784173157974774160e-01
1.367538237510658394e+00 2.342121602991500129e-01 2.310433307531042590e+00 5.444300665013278584e-01
2.014382266959123147e+00 3.057268465845113248e+00 1.817629487326296145e+00 1.331649641684537588e+00
2.043377020831979696e+00 2.299848600830088241e+00 1.716320995693336071e+00 2.807336958605201271e+00
1.012597788404225652e+00 8.321411384862158200e-02 1.696334307423166488e+00 1.663353100286557806e+00
7.465024256997823127e-01 1.096452880632652116e+00 4.468740132001720600e-01 3.726144441360691451e-01
2.996615209878731534e+00 1.365706268352257391e+00 2.824017749778004127e+00 2.947620138010029756e+00
2.733812752851795036e+00 1.345889545574468216e-01 7.141588945437890024e-01 2.763183288279993377e+00
2.052641218699898573e+00 2.667088283077621469e+00 4.599443757764696827e-01 2.733998631283383052e+00
2.817244458321922718e+00 2.394420161290242266e+00 3.067891605070162342e+00 2.274371099066279545e+00
2.473983396139699309e+00 1.374029365226951072e+00 7.907189096741160661e-01 9.940253251441368842e-01
3.062099365296877984e+00 2.687498059548366847e+00 1.272851597207432572e+00 1.996672889198853662e+00
1.629055385914631504e+00 7.845452183388521572e-01 1.131354952165861238e+00 3.002832394380968495e+00
2.373225544323043223e+00 1.260825793761882974e+00 1.236870019526189246e+00 2.905958514813155258e+00
2.832141021001513881e+00 1.728228051230576545e+00 2.816327776124531557e+00 1.697343748151104226e+00
9.593823212668836087e-01 1.789750736753823901e+00 1.905386566868184195e+00 5.614380555872970913e-01
2.665945309907689076e+00 1.985215864584369161e+00 2.821556957942493504e+00 1.517767157098274255e+00
1.331125382021689063e+00 1.927410723217006350e+00 1.157902664429385942e+00 1.679868585594843422e+00
2.724258178619389348e+00 2.049038365793294236e+00 2.151505624273363004e+00 1.957081079609806373e+00
2.072484127260518338e+00 8.465743931241710429e-01 3.952025354338558616e-01 7.044634927739921171e-01
1.250804816748923409e+00 1.826161984748699840e+00 6.227168469261300243e-02 3.079050872054792887e+00
1.788374711827473984e+00 4.338083333532173902e-01 5.760004311320914283e-01 1.446462753820869862e+00
3.477432838875590404e-01 8.854506923873700641e-01 3.687307254079953411e-01 4.647797308865541099e-01
9.298668393518424446e-01 2.223272395850948158e+00 1.772547681810937803e+00 4.177616499244081738e-01
2.600430470609319311e+00 1.890074378849849746e+00 2.022988159306405631e+00 9.586618372438809876e-01
3.128743569599451435e-01 2.685512200249548620e+00 2.309127240150326887e+00 1.329452478156492923e+00
2.059574088537430292e+00 2.163117710038067631e+00 2.048574163909680390e+00 2.393739347809863638e+00
1.619348897693125178e+00 6.672878419918255588e-01 7.473256773741797643e-01 2.690840749520093667e+00
2.036575406589149484e+00 4.076874515080798900e-01 2.926905577134039760e+00 1.955430693342520732e+00
2.164927292056384456e+00 2.736829970693399616e-01 1.595153228314454052e+00 5.605365677047596806e-01
4.024560430010324930e-01 1.075834954502810970e+00 9.528681293693573862e-01 2.518085456065475292e+00
2.894993483658215183e+00 2.581127317977510049e+00 1.305618788133024344e+00 2.904764522014525063e+00
2.733069603773068401e-01 7.842813517664702916e-01 2.525954539132988064e+00 1.313771693278717789e+00
3.055759239054978149e-01 1.643468658131580051e+00 1.065067495268744890e+00 1.928502181114208902e+00
1.497869292091012827e+00 5.620911521078381101e-01 1.630524917276072960e+00 1.237971676416812494e+00
3.004793346154829514e+00 1.012533965676065018e+00 6.444887014566049732e-01 2.240613737818150319e+00
2.966036727535321216e+00 2.598544765928124889e+00 2.477523075960933685e+00 1.177321574207817356e+00
1.081009756357796281e+00 1.950413903750648492e+00 2.178712521392664136e+00 1.160371314430053147e+00
2.207359342235888811e+00 8.821996934412243974e-01 1.586204227904629782e+00 2.608970776375270528e+00
2.391181525316842027e+00 2.326741568036970076e+00 1.566561739225580840e+00 8.662460696025557905e-01
1.882316564028432282e+00 1.998239036411800118e+00 1.634760699458661648e+00 2.913062585823244510e-01
8.491564588310872574e-01 1.092062457276582466e+00 2.001916842882566883e+00 1.384849407097640928e+00
2.474606556256459200e+00 1.448236251859855162e-01 2.773774494478569164e+00 2.488945691445330954e+00
2.955493913185506916e+00 1.243093017789818289e+00 3.052458504751724533e+00 2.862923753450807851e+00
1.883310024240850478e+00 2.801035072421219851e+00 1.208114881523178807e+00 1.089663450089413788e+00
9.225077936983946403e-01 9.046257485673681042e-01 1.263497207387778154e+00 1.759318672338618050e+00
1.884854716619339232e+00 6.778158919640618896e-01 1.359370609002519714e+00 1.501187135845473808e+00
1.425833603555205720e+00 1.617511273444088848e+00 1.149823996076330346e+00 1.392688812290351130e+00
1.540424028289707037e+00 5.862830446528808359e-01 2.068319272349271820e+00 2.438338663515378091e+00
1.252640386943901785e+00 3.069126765218268549e-01 1.058564243351367562e+00 2.442256298453821528e-01
1.203206075978820344e+00 1.931875299090427323e+00 2.148432736679462274e-01 1.257959680374121092e+00
2.996521137116992861e+00 2.441504221112038131e+00 1.290931548100192394e+00 4.687950663716732858e-01
2.846448209316434053e+00 1.774647770234494715e+00 2.858034933152099610e-02 2.335388521266641426e+00
2.852182366646509593e+00 2.448440296774279545e+00 3.109322584598072758e+00 5.006767094566370035e-01
1.543077725980290804e+00 2.365252880726149698e+00 1.229209265824192515e-01 2.259141823889351475e+00
1.226974376046025439e+00 2.396159082655062722e+00 2.428066978650766927e+00 2.384157240574278358e+00
8.245822257142776390e-01 1.091738267422956099e+00 2.565172495116366136e+00 2.369515306014804867e+00
1.467955688091704847e+00 4.252269546221535967e-01 5.138602364027863301e-01 1.650068053168684656e+00
2.704839870915132671e+00 1.552336314363814473e+00 2.283713571047762958e+00 1.494034449878306470e+00
1.842856804653694169e+00 2.297307023526983460e+00 6.095634479689133745e-01 2.907290255585065264e+00
2.637723773205625788e-01 5.835495997406419111e-01 3.002903079240657913e+00 2.506121129654937274e+00
8.897373618194021061e-01 1.260054321524423759e+00 1.090739155895803059e+00 9.576837142209249087e-01
1.075218870217906630e+00 1.505259709582017491e+00 1.324324399424418708e+00 2.659892373070507521e+00
5.778996174518299389e-01 2.896155173959424456e+00 6.133079292485819067e-01 1.242546000758323999e+00
1.477118752113383948e+00 1.892993571135804132e+00 1.709077425327665711e+00 2.457031069750462038e+00
2.120365253154044005e+00 1.119232920998115555e+00 1.491473084168965624e+00 2.920938523999274672e+00
2.047889822369160395e+00 3.120237280381374489e+00 2.698620815399352946e+00 1.125544906282425872e+00
1.816682654447777212e+00 2.169754757642888610e+00 2.542340942451158270e+00 1.841266053953445114e+00
2.696367449938188998e-01 2.561011651938925215e+00 1.352652670082032715e+00 2.201189034642265785e-01
3.138408532956217023e+00 1.389384152514080428e+00 1.715781529734979882e+00 2.010001902159313514e-01
1.507674333374673159e+00 1.712473458403895421e+00 2.588197846241373945e+00 2.802342083235975496e-04
7.836515769321826808e-01 1.546695635846031092e+00 2.497621169488766224e+00 2.720314098113706169e+00
3.107494957448374784e+00 2.079973936029369419e+00 1.130863865387732592e-01 7.368342313787498155e-01
2.250078119983283553e+00 2.600841678554996150e+00 2.739904782236193270e+00 2.997907057234033612e+00
1.245837317748263562e+00 1.052621761829664715e+00 2.855410822734311793e+00 2.718332045768590000e-01
2.168773923704333306e+00 2.974603820435895329e+00 1.169262154925019281e+00 1.518573260100187783e-01
1.813986523954896013e+00 8.886335372999223381e-01 1.694204898282107408e+00 4.119478416484999572e-01
1.541106914744789780e-01 2.225509759342441107e+00 2.493548382095924776e+00 1.707928528719298900e+00
5.360089337022143630e-01 1.333020440712684440e+00 1.992568202727899918e+00 1.710124795444208701e+00
4.388843306056178784e-01 1.895323861535339383e+00 1.480879256931803001e+00 1.730634177893556558e+00
5.059071654621032366e-01 1.164983861912274099e+00 1.464080677846178125e+00 1.969531318028181932e+00
3.136076109463668438e+00 1.360024799827401987e+00 2.812119004281662171e+00 3.015048626014008359e+00
6.147079092334750694e-01 1.486987888613241937e+00 2.540320649254485197e+00 1.346123091243888625e+00
3.046622175850850933e+00 5.181193364802572088e-01 1.070700728842602700e+00 1.212760186512596983e+00
2.241425017709699485e+00 1.697771897259464868e+00 1.860529174761539339e+00 2.685909282760526207e+00
2.673526499855825023e+00 1.873344317718677488e+00 2.811875321810552997e-01 3.141123141829360144e+00
1.246875106805041655e+00 2.744898051502634662e+00 2.069603601616055943e+00 2.378507017056361583e+00
1.322130619305765808e+00 2.150429218712719415e-01 4.269084511143227956e-01 2.895246448474029718e-02
1.030745285145028056e+00 9.238351441006520393e-01 2.943495597796510488e+00 3.343185129229210295e-01
2.847499752521954086e+00 2.297712238878081958e+00 2.056525558818180333e+00 1.946657644766908168e+00
1.114491154623275193e+00 7.917694421680285810e-01 2.973067165241405352e+00 2.537188018087607855e+00
1.476010143839291189e+00 2.629057080246243849e+00 2.556579388876238035e+00 4.480044190816465577e-04
2.617011098828591731e+00 1.779907303469355107e+00 1.671547029214150770e+00 2.604962616635221107e+00
3.091728257668055591e+00 6.360672152691427828e-01 1.896460650323846142e+00 1.902828446156201503e+00
1.049014559162879445e+00 2.743010473947931960e+00 2.550900608893886257e-01 2.054921960308383699e+00
4.961627071587471627e-01 2.412106218792760881e+00 6.316893502630932522e-02 9.286131173027777075e-02
3.648247015551176614e-02 1.423796575553192056e+00 2.575409880897171266e+00 1.240966695043326684e+00
2.112293864841154445e+00 2.990211413363559778e+00 6.457161154749895271e-01 1.647525833212374113e+00
1.577056140916783589e+00 1.057440676527600321e+00 1.643201050460006418e-01 1.804855962437861727e+00
1.300376257692133386e+00 1.418328245506744301e+00 7.385642427814081978e-01 2.500632013818541388e+00
2.585297921149937839e+00 1.823354050079029065e+00 1.092200542150245868e+00 2.053069241770098863e+00
1.065925118498055824e+00 7.920754261307816346e-01 5.075434473965049209e-01 2.137543089532012441e+00
2.901076010171637520e+00 2.568337240670841570e+00 2.483982176096259042e+00 4.729220969063216429e-01
2.128717819948649392e+00 1.639380802308468388e+00 2.981301865448278687e-01 2.756653856738085828e+00
2.320126744855761647e+00 1.664420269782383333e+00 9.943607193660465304e-01 2.103231489274685617e-01
1.283866719876608276e+00 2.509205702757926204e+00 1.675332027876647478e+00 2.399032197896766139e+00
5.857987206070071062e-01 3.125858812102841888e-01 2.888819228018985719e+00 1.312735074211730801e-01
1.956956381830602831e+00 1.119748411967114388e+00 1.185137654802366214e+00 8.938719324697578239e-01
2.253133615347561403e+00 2.807479938606344483e+00 1.963930115121083508e+00 1.285404416901872349e+00
2.902974009100709463e+00 6.017473350454677350e-01 1.199471747046271908e+00 4.589718428338147027e-01
1.517469207407984966e+00 1.811209393376891574e+00 8.907785236896396119e-01 4.438181416380562738e-02
8.582200980540389823e-01 2.376857621477803217e+00 2.590608100692321170e+00 3.051821708890737561e+00
1.243278587306219318e+00 6.214785893268829353e-01 4.790562005281233104e-01 1.954671581037014327e+00
2.014555593455776172e+00 2.178800131352133906e+00 1.013628330026472790e+00 2.870268906438373069e+00
1.086945835157783424e+00 1.387807416900134427e+00 2.789887952411763017e+00 2.403506625566055988e+00
9.101603234365480688e-01 2.942498356275495830e+00 2.378063353600360641e-01 2.681584969262791773e+00
2.095845623780327127e+00 2.523635805089821105e-01 2.033769357239165299e+00 6.178962324809581519e-01
1.639312070114029796e+00 7.037898735988411536e-01 3.070790564434076053e+00 3.091122011821456184e+00
1.257787215004544823e+00 2.517303078824238760e+00 1.365361739984124745e-01 1.753792274870503265e+00
2.402377933931913567e+00 2.901924810034739455e+00 1.036052221097612636e+00 1.152578677207572594e-01
3.813338978900147613e-01 1.369343450020430453e+00 2.227323665387763274e+00 4.852979677298099315e-01
1.112410332993596790e-01 5.919353875388538161e-02 2.400367582855744697e+00 2.891978319128313046e+00
1.263435062714400203e+00 3.356606097780249764e-01 3.783146741332880647e-01 1.211030685968295328e+00
1.365748421719225725e+00 1.797509592344277207e+00 2.522263405113698287e+00 4.133292211654076009e-01
2.743280898248150024e+00 2.456547834317866830e+00 2.272855803078324133e+00 1.758256131782407028e+00
2.642791736824385840e+00 1.876429784221874453e+00 4.208355829674871873e-01 2.867298424966852277e+00
3.132631688936892367e+00 5.959225964625656236e-01 1.670778914698692885e+00 2.206072846229556461e+00
2.893772473444482518e+00 3.190887601490614567e-01 1.255147035149408730e+00 1.612076876118736513e-01
5.040648927201669682e-01 5.386555640921777410e-01 2.456832062522546156e+00 2.239041194132563029e-01
2.760475509945217731e-01 1.375084059683697513e+00 2.746120062110588567e+00 6.526308909824102278e-01
2.237714426577964044e+00 3.045220501759017040e+00 2.356107773091265845e+00 3.015033766677345017e+00
2.690577781362515797e+00 3.064781568552208402e+00 6.165281104196637108e-01 2.308743798287935522e+00
1.360612684103460757e-01 1.626435629409374306e-01 3.967841218108674739e-01 3.041867290584475914e+00
1.301949225571934210e-01 4.483331871943926350e-01 2.612706798513686479e+00 4.093520380220947441e-01
1.563010402960972878e-01 1.593638976425377329e+00 1.389499005182831537e+00 2.562702145329775139e+00
2.971601044425059346e+00 1.773849200145217075e+00 1.755213007555088911e+00 6.576984469046002202e-01
1.783881268207598847e+00 1.219443347298033054e+00 1.088374000060270630e+00 2.024451920806459970e+00
6.790267735099895230e-01 3.028688214979930460e-01 3.346701759771757989e-01 1.709814277192859056e+00
3.088868432478827586e+00 7.333289537650654610e-01 1.638065835687840810e+00 2.723152446224649026e+00
2.604933951041087159e+00 2.257369456371739247e+00 7.654454190507816724e-01 7.017493456299438437e-01
2.550990739274167307e+00 4.364232892054634161e-01 1.532154596463304541e+00 7.704014086910168091e-01
3.044012112760728694e+00 1.070467414130506639e-01 2.947418763608224079e+00 1.148704444954809833e+00
2.871508512185509510e+00 4.007303044648396484e-01 2.614019480395683992e+00 9.615779708121585667e-01
9.034403214402693394e-02 1.841117313341435802e+00 1.806586840318697540e+00 1.599702830807191667e+00
2.310515711287349117e+00 2.442982624067249642e+00 5.823788660721859189e-01 1.026255385287929034e+00
2.606373159898708991e+00 9.610963322962887689e-01 2.892068807409008957e-01 8.067564505806676944e-01
1.657246811438715550e+00 4.890235352248259448e-02 1.531594229197837109e-01 1.277087223606958588e+00
1.575061721690231842e+00 3.064364283650756526e+00 1.948571457480764879e+00 2.209181832114513466e-01
1.793360953172502548e+00 2.353744595067957857e+00 1.076616074166754311e+00 1.381190149320600025e+00
1.303124158035954938e+00 2.314701990885519312e+00 8.666065421195845442e-01 2.887435713802918968e+00
3.054180015680109772e+00 6.062548320649542577e-02 1.466698404751385354e+00 8.968590781046120730e-01
2.940118513521924992e+00 2.176862924743322714e-01 4.234250539493192300e-01 6.455465775259311423e-01
9.337623190508332893e-01 1.239873598778064467e+00 1.911688887237632084e+00 3.641874240118211925e-01
1.689662700478261836e+00 1.261437961351991488e+00 2.213295427658485082e+00 2.284654645193787914e+00
1.516050277844720018e+00 2.533336349979536273e+00 1.030870977291134860e+00 1.479076951622339875e+00
1.184900033021058618e+00 3.089698169130529193e-01 3.185942776034948465e-01 2.670556011139177066e+00
2.899092213874461255e-01 2.846841519423191524e+00 6.228912123813763468e-01 2.181903465621507276e+00
2.757287041341697886e+00 2.697485864837487757e+00 9.538539265093495256e-01 1.427188381526338423e+00
1.799948828753296537e+00 9.162304874387686704e-01 1.430839309335911080e+00 1.488842775058545564e+00
1.702791473668183730e+00 2.607403214834638217e+00 1.298165378447906804e+00 1.504345242607824096e+00
3.129273360962233408e+00 2.174274623786702776e+00 1.211988238460187883e+00 2.896856530148669506e+00
1.813179326576292993e+00 1.605259344693679147e+00 9.350047974917865545e-01 1.564326471031167176e-01
2.755322748585512294e+00 2.194472871407095127e+00 9.444291357594174485e-01 2.541674200846709031e+00
1.293058747062689307e+00 1.769527298673103932e-01 1.110072048801753475e+00 2.147251360833026368e+00
1.472930439052116292e+00 2.541159770376645533e+00 2.873388259753628660e-01 1.022798361057807970e+00
2.400832154367060323e+00 1.771992320847789237e+00 2.429767687936172038e+00 2.621288774584740189e-01
5.580311768578590792e-01 2.131569559248719936e-01 6.870854660663253677e-01 1.117218326818607332e+00
6.873043593114144256e-01 3.508655057359256757e-01 2.351985163665076151e+00 6.814466247391489651e-01
1.353570197676479347e+00 2.492699390455419550e+00 1.580109756462710457e+00 3.120990194792528705e+00
4.175865439475227869e-02 1.189189718069787904e+00 3.110627215839139925e+00 2.263203812049860986e+00
2.679809848508920567e+00 4.122042595778153129e-01 1.022889534344951112e+00 2.155361608427254438e+00
3.111092985334448890e+00 1.092021088169724763e+00 1.602879128281865073e+00 1.574166292267946687e+00
2.465125807188907281e+00 6.294758976709062814e-01 2.575125815943370977e+00 2.743400660115681955e+00
2.628830940618891443e+00 2.605508810336491621e+00 1.212997600167001755e+00 1.939074681057965543e+00
1.568189678353338667e+00 5.657501929012714870e-01 2.830190743774691597e+00 2.172998072813311143e+00
1.524611467031751877e+00 6.465933838367227127e-01 2.482807673790421443e+00 1.600808925937279970e+00
1.525576268250832701e+00 1.381896783039898269e+00 1.881565995169431238e+00 2.575953599809104766e+00
2.605530133061062958e+00 3.002175527681476996e+00 2.244693760251145864e+00 5.298106938205792149e-01
1.680326829314042536e+00 1.834167068715440552e+00 2.443475310688976165e+00 2.497747379816975588e+00
1.138480134530956533e+00 2.863455272334052726e+00 1.052040070357522922e-01 2.537186666810943292e-01
7.709794923723448656e-01 2.151550953415719114e+00 2.490042327405099787e+00 2.729150334653078838e-02
4.077773673964481538e-01 2.680358791402446261e-01 3.657473422451679723e-01 3.444033779812540885e-01
1.218686219329621512e+00 1.786951006096162864e+00 1.874158587542841037e+00 2.221225495713803344e+00
2.790991667894712425e+00 1.017381804054624306e+00 1.905390671943166359e+00 2.951394762612035705e-01
2.468442298493398024e+00 1.089604574970924222e+00 2.435231072119627527e+00 3.735121407988744591e-01
2.951161977320329477e+00 7.392062716861593774e-01 2.299309097587876327e-01 9.351427820779464328e-01
2.728880002645669212e+00 2.893131847505003407e+00 2.715460231798648039e+00 1.174669313444128393e+00
2.480670674956281463e+00 2.954089617909168464e+00 2.406985360945523400e+00 8.065856509597988389e-01
6.534407815102549755e-01 1.112958108578259830e+00 1.035952160610050132e+00 1.703846269147253567e+00
1.718620284385421471e+00 1.638489523429678796e+00 3.829594127524285074e-01 1.878202806528159075e+00
8.146768973120054325e-01 1.828866305368711087e+00 8.021257472216511974e-01 1.824763257518570381e+00
2.255592761564505278e+00 1.927634053296097827e+00 1.091082285579107886e-01 6.177687371197453370e-01
5.127613524520771016e-01 1.547874919665259918e+00 1.512765007282704133e+00 1.977535844313071056e+00
2.037244058112746448e+00 2.981608719962708154e+00 8.766258491558148735e-01 2.263313548162741107e+00
3.195726301938223712e-01 9.710179796147898612e-01 1.720975195305790573e+00 2.533342515929824845e+00
2.430860841008419815e+00 1.023460651106885000e-01 2.010130445802253529e+00 1.715910356770425083e-01
9.508717215336351392e-02 1.579640445391770731e+00 1.018680852707950280e+00 1.492983672527426586e+00
2.792433684588643938e+00 2.220838786780075402e+00 7.510918217173151445e-01 1.402607202272697862e+00
2.148417110991017065e+00 1.510691698189387644e+00 2.912696855479256275e+00 1.753948697237958099e+00
1.721959942740491245e+00 2.078159073713403249e+00 3.104475514274678272e+00 2.204338506301386502e+00
6.049951754951667926e-01 2.481349451477448120e+00 1.162886555929772747e+00 9.402730436448332174e-01
4.665875554323514751e-01 1.747316706190310986e+00 8.796682587962092459e-01 3.130506206759757770e+00
2.855798145517437714e+00 1.685691023010078338e+00 1.219154247463187346e+00 4.518984970147726377e-01
1.240508979188695182e+00 8.407481037392992018e-01 2.450595768608084146e+00 1.399722494435924780e+00
3.132512821173766504e+00 2.091210411497209876e+00 2.171295300610574408e+00 2.725805898407040573e+00
2.493664816577178645e+00 2.239744671239063845e+00 2.094109957437394698e+00 8.152678521712145576e-01
2.009554375663923587e+00 1.795293618373584810e+00 2.344247053870661457e+00 6.265079678222301718e-01
1.658922820922221764e+00 2.416056993247161166e+00 2.119713982115737583e+00 2.702536770904438335e+00
1.228341197608060931e+00 3.954162773603783765e-01 2.822178478304289584e+00 6.311549040758747120e-01
8.321261442303157230e-01 3.048482561727814844e+00 2.889873218629719354e+00 2.920834855436864053e-01
3.141141305287019403e+00 1.112040368092931608e+00 1.824811220851446203e+00 2.981294976204893032e+00
1.435058111781190027e+00 2.796772740608854502e+00 2.663193722656027607e+00 2.361994348145986855e+00
8.309816174772598485e-01 4.484139402654754303e-01 1.075891396948572387e+00 1.132511349022226055e+00
3.014355393368133740e+00 7.123274096973221114e-01 1.395006093507134226e+00 7.799655149495988982e-02
4.275599784415357596e-01 6.913221789639426573e-01 1.795424490271290363e+00 1.749815629714818854e+00
1.781548367723493564e+00 1.322229371677945187e+00 1.442339378751850587e+00 1.916354979960359639e+00
1.176407502182081677e+00 1.369189369083740226e+00 2.170190726806193737e+00 1.410664661450551360e-01
2.022553749266664980e+00 3.133503833295506968e+00 5.620202652546174571e-01 1.001047551148969816e+00
4.627670947584200389e-01 6.064757126109595609e-01 1.797373619575271642e+00 6.486379198309975003e-01
1.250643287093819112e+00 2.926847908884603555e+00 4.249428621240793347e-01 1.659082174897444251e+00
2.678793989147290944e+00 2.741821856787897360e+00 2.145014071596433425e+00 1.197362429628572533e+00
6.500439613612735146e-01 2.119897247836477483e+00 2.770728003285557683e+00 6.233223332620774909e-02
1.208551883324073595e+00 1.486941437294335477e+00 2.133899298241264564e+00 3.858881631946012303e-01
6.503911670577534609e-01 3.126305381130635386e+00 2.769265836960355998e+00 1.614774250032720015e+00
5.194035272170656192e-01 1.894250298897561358e+00 1.918000435151603567e+00 1.699322932125490571e+00
9.103011538690495286e-01 1.721115447785804164e+00 1.600611227689030303e+00 2.684182895955987469e+00
2.817938495129390208e+00 3.075426502601569023e+00 9.949607355564485944e-01 1.030753486579360612e+00
1.022375617859850871e+00 2.305545659980302364e+00 1.551669837117254813e+00 2.508556947871166454e+00
3.098105823799762071e+00 2.151972848461911614e+00 1.763220544229230580e+00 7.761984236933824333e-01
2.745372049912385926e+00 1.936954377697245988e+00 2.358073906366505490e+00 1.835950026201942347e-03
1.281713965306083391e+00 2.197737317936462542e+00 2.578270387563634358e+00 5.892614679110809439e-02
2.542171335298913704e+00 6.231831029294488539e-02 2.757452589428691425e+00 5.342879299391104508e-01
1.851932815778508656e-01 1.658808756531559236e+00 7.324370813534569757e-01 1.833413535569545560e+00
1.127837568188743811e+00 1.705622918981341218e+00 2.114550749773179028e+00 1.668846399356555432e+00
2.002145566445995950e+00 2.124899484555230256e+00 2.451986418734468653e+00 7.402312569841709156e-01
2.224968362907346009e+00 1.197731897289004976e+00 3.122155207488572337e+00 2.190880104347437296e+00
9.306757972304566806e-01 1.062517883961395349e+00 9.867393812919273977e-01 2.376549076601601820e-02
2.971058246406835135e+00 1.893804969121821058e+00 2.842427650738382106e+00 1.702713386568814657e+00
1.204247845975583431e+00 2.339277808964482119e+00 1.386969493412121057e+00 6.134296608670460893e-01
2.227099910218750534e+00 3.159197865870849165e-01 2.495954169554667423e+00 2.236635694900620752e+00
2.950886937190608794e+00 1.275813053314504897e+00 2.717851256480816602e+00 1.449282624842000766e+00
2.755090513175507905e+00 2.662719541077543384e-01 2.723723973900242790e+00 1.941884879847864065e+00
4.157528087102190795e-01 8.289194759744085150e-01 5.378990581536278182e-01 4.406188466778265811e-02
1.027190477604862151e+00 6.768083205657535739e-01 2.494406604403169858e+00 3.067491612371518794e+00
1.062849410710293707e+00 1.355612074581559634e+00 2.718419138246312095e+00 3.045405177760059257e+00
1.592587010755995403e+00 4.718758396226912510e-01 2.843179096691154761e+00 1.065242816329712849e-01
1.363099807696464438e+00 1.536698585706832709e-01 1.460966699195427099e+00 7.071626913485669352e-02
3.112504072644569852e+00 3.117015349498538423e+00 7.389752996554355136e-01 5.126626516756261909e-01
8.409012202967053318e-01 6.841615247771563046e-01 1.007555931055944543e+00 1.960421370757453152e+00
1.204864699507667947e+00 8.057257030628761640e-02 2.357541200798759728e+00 2.272901246834943212e+00
1.434299268363487201e+00 2.343301454864965105e+00 2.228104970602037938e+00 3.102642712317748241e+00
1.073791565444876195e+00 1.050794344425389770e+00 2.108229237820754776e+00 1.166232605385084886e+00
2.155605170258919401e+00 1.165515397773773998e+00 1.359487423968988029e+00 3.090037288357220469e+00
2.916159383017337792e+00 1.963960286727392424e+00 3.427109060167889132e-02 2.634543021998162704e+00
6.169067591605430501e-01 4.050632559446061265e-01 2.113173908072072393e+00 2.900472027398502295e+00
1.757932601221524394e+00 2.892616247712074706e+00 2.359589464202995757e+00 2.580330480730700593e+00
2.019177552661784725e-01 2.601322247456054004e+00 1.043073201048519749e+00 7.249572119326965769e-01
2.896047847946338294e+00 5.817017944599109924e-01 1.337505605374183837e+00 7.253108675741560818e-01
2.060994965383663224e+00 4.722053374017449734e-01 7.873787009345736276e-01 2.738021458380873518e+00
2.947251446409275832e+00 4.833045853593152530e-01 3.039983668844917108e+00 1.121555362701820213e+00
1.034309088852274128e+00 1.766928825824426008e+00 5.742430643860170214e-01 2.884555712502080205e+00
1.174206461138932456e+00 2.283856792874768171e+00 1.694448617272564572e+00 2.280620931320805234e+00
1.889166567293870447e+00 1.211980034062604350e+00 2.221070464844222325e+00 9.414740105133997394e-01
1.193819506035685846e-01 2.210313616922614521e+00 2.806021049490728947e-01 8.052558330400991782e-01
2.509027831725096913e-01 3.008455960466521528e+00 3.812004275109723839e-01 8.093674168599093166e-01
6.234865621542636793e-01 1.766719605737631094e+00 2.229924529816429413e+00 1.386485056201723687e+00
1.153685246327472935e+00 2.344231077187394430e+00 2.845005739502521003e+00 1.511924463355092785e+00
2.570082645220649997e+00 2.951966528960215275e+00 1.315082118455442872e+00 6.287564154828052532e-01
2.622931238203902726e+00 1.354529018008388874e+00 4.894310514664017564e-01 5.571675773219939565e-01
2.171444393173580956e+00 1.526658904887292056e+00 3.439592063591062066e-01 2.468893026706276750e+00
1.580546475650018490e+00 8.467906806432797806e-01 1.898503504638606065e+00 1.228281642837947052e+00
2.249323593756151318e+00 2.042399427509526522e+00 2.653720989439681155e+00 2.319413929798148200e+00
7.338947428849972310e-01 5.883511734127007120e-01 5.422181061029017757e-01 7.121283704403540415e-01
3.102115327117159135e-02 1.924947905759085698e+00 3.494907040497981926e-02 2.028478121188803662e+00
2.041287999735671432e-01 1.568681577177895692e+00 2.459627215966163849e+00 1.818988281528986173e+00
2.821704083118357520e+00 1.974132030941016858e+00 6.004340335123017347e-01 1.933006768195429492e+00
2.183705801378933220e+00 2.505952890319303794e+00 1.724347053509136973e+00 1.549747424148476549e+00
9.837476489795031753e-01 1.156145326510745530e+00 1.429834711902164823e+00 2.833220818082659243e+00
1.219614260654576565e+00 2.401824094696218825e+00 1.936988470285569752e+00 4.242067109075831066e-01
2.559081329240946445e+00 4.176835430734516380e-02 3.340637450590133728e-01 1.012911932265412318e+00
2.182727923422377980e+00 1.428689437730876310e+00 3.865906386201614208e-03 2.686983957172895954e-01
2.157082884304402093e+00 2.107437511940122743e+00 1.673784764039595530e+00 2.351143339968564838e+00
1.478267607924511839e+00 1.915101924771228425e+00 1.811768518145822904e-01 1.332178806430450058e+00
4.322058906755821273e-02 2.998052667867636245e+00 1.453832903394498999e+00 6.104877598614407708e-01
2.615506338491302873e+00 7.418731883803625360e-01 2.488731438120675710e-01 2.870502673554380824e+00
1.340255218942517201e+00 1.612445180432123371e+00 2.939610755881614690e+00 2.594927013542628558e+00
1.247865905748320126e+00 1.968053759310745443e+00 1.582593903108760358e+00 2.971520656012535122e-01
2.482576874295144176e+00 5.476446607753224782e-01 1.518277751479538917e+00 1.641533588601964411e-01
2.008099507844128606e+00 2.411696581759641689e-01 6.307173980126363766e-01 1.760176514941266257e-01
1.188094014103699303e+00 8.536965818569844933e-01 2.361910126164285639e+00 2.266011614637638782e+00
1.834319861405766083e+00 2.212775828170679748e+00 3.069681082211450196e+00 9.403361281997052457e-01
1.782167447793719051e+00 2.494506065209894236e-02 8.936177710458276247e-01 2.074446387885696463e+00
2.108708286798264830e-01 1.652230407649022625e+00 1.318676319460731383e+00 3.751272091190551716e-01
2.640687264427951764e+00 1.643430926145378335e+00 2.620079856456093204e+00 2.893227568592878107e+00
3.080663247435284635e+00 1.375306515497622728e+00 8.624496090316735586e-01 1.708803267456994179e+00
2.509946275534000293e+00 3.089178647432813563e+00 9.441311501427677166e-01 1.591790812206556938e+00
3.028227842146975490e+00 1.481600971214023024e-02 2.665527599903954603e-01 5.170365242286228957e-01
6.285668560922801351e-01 2.194842813530648584e+00 2.175438901418348614e+00 6.828137855934329759e-01
2.894388293712125915e+00 5.248613437041328433e-01 1.599655396120512885e+00 1.843842459430107716e+00
2.915542888854552039e-01 2.732093530248881130e+00 1.670232275720832993e+00 2.754318224466938414e+00
4.332642562131684694e-02 2.983302677120171609e+00 4.647195196174217502e-01 2.317079208644555077e+00
2.727106719765387322e+00 2.549425502732453275e+00 2.209076870838150519e+00 2.066162608414227719e+00
3.702428780500279237e-01 5.201336116181627389e-01 2.081806202005009876e+00 8.953558424044304465e-01
2.208595646969226056e+00 1.624726530824873727e+00 1.769128027231551048e+00 2.055450875842111280e+00
5.802124450063624872e-01 1.991888607643017339e+00 2.193700148769864189e+00 1.194968581814938036e+00
9.075528439312883222e-01 4.001644564448362251e-01 2.829260083211849075e+00 1.756515859413384728e+00
2.475042927274216709e+00 5.815540143900375103e-01 2.775318028823270833e+00 8.536118399187546668e-01
1.258746573258900270e+00 2.786944734557367909e+00 6.140409988845962896e-01 6.756715046272967484e-01
1.944284767084009768e+00 5.499077275083033012e-01 5.879414380978601473e-01 2.755001168275481582e+00
1.950098752134207025e+00 2.843435305005628105e-02 2.286097088714039050e+00 1.820996734008161422e+00
1.606233738425724145e+00 9.122489403590284818e-01 1.231850083490924730e+00 5.754406220667778182e-01
2.010256516045711983e+00 1.588133292913097459e-03 6.585694602548070042e-01 1.003168268102339056e+00
2.068356659243865359e+00 8.427062363856614446e-01 7.376467662524612834e-01 2.151934434609187541e+00
1.468219414745439044e+00 2.298313785429858813e-01 5.002491870156829945e-01 5.455243362427814047e-01
2.065543941742076228e+00 2.158386423626715622e+00 2.983808714996331268e+00 4.994697442406926258e-01
2.348624814950336148e+00 1.260054537667393948e+00 2.040150903842380181e+00 3.031104618491540226e+00
1.574513244870478834e+00 1.088599929505346120e+00 1.928365917875792368e+00 2.092028745806189693e+00
5.266699070339488920e-01 1.177042227468685587e+00 2.878597472190710160e+00 2.375206963186445641e+00
2.478091438097590249e+00 9.071877934185652581e-01 1.091907517913701886e+00 2.624253053783286216e+00
9.004533003940952129e-01 1.368218529182207988e+00 1.680732802779123292e+00 2.395665996823543864e+00
9.264665369045834709e-01 9.459298652078050873e-01 2.131963392414856773e-01 2.564752266614588105e+00
2.484233196882799088e+00 1.230624718343211965e+00 2.672707023083893407e+00 1.013968480989333676e+00
1.891436615927253095e+00 1.352924129331448011e+00 1.673478835735527914e+00 2.574225995574060288e+00
7.829632686856120571e-01 2.358264601962352103e+00 7.796780199958555091e-01 1.622681377882606357e+00
6.008032880470243198e-01 2.272710398072082860e+00 2.556537787629959091e+00 7.416763943650495072e-01
7.619441662701014195e-01 2.667812971974830027e+00 2.345467273797988028e+00 8.614451233237127026e-01
2.123184482664792316e+00 1.735566025265468382e-01 2.339167980420147508e+00 9.491403227786667784e-01
1.404072857075641778e+00 1.066523301406868018e+00 2.821924722776470773e+00 1.369389024964095203e+00
2.313896242783977542e+00 4.197030397423017756e-01 1.308126069102208688e-01 2.586117653500215940e+00
5.011508409828467903e-01 2.713133019118437073e+00 1.183717140184696204e+00 2.804111217117759569e+00
1.989126320855101770e+00 9.430720886968793071e-01 1.261443672876605637e+00 2.959794325255810765e+00
1.402935766805081474e+00 2.345987361681786343e+00 1.753839624986961887e+00 1.376555372498653007e+00
2.833705480860402748e+00 1.088998257295245686e+00 2.962916825448561831e+00 8.440838865270443581e-01
1.702671406716134594e+00 2.223885647881675087e+00 8.933069898157871558e-01 2.868051990379010263e-01
9.972127129784916777e-01 3.113150976618654475e+00 3.063668658870585038e+00 3.849886093610040416e-01
2.451182243784274739e+00 2.232946532901974201e+00 2.327458480925078455e+00 3.046335892551929714e+00
2.090849286990543288e+00 1.154509644219294140e+00 7.565290786862015615e-01 1.265749630947472726e+00
1.934979628445334665e+00 2.075501501350343059e+00 1.874725271167600793e+00 1.739483120256841486e+00
4.023246844808818223e-01 1.147772157501772972e+00 5.929358702366619438e-01 2.996361214877247825e+00
2.112785919759203601e+00 3.086381081918485147e+00 1.308923684889995998e-01 2.942118235274376881e-01
1.001042628674641222e+00 7.782752561756611787e-01 3.121344739072656527e+00 2.566760436075123053e+00
2.033089399490402460e+00 1.849578041115235827e+00 2.640889900055531925e+00 1.108256786770600133e+00
2.892396165439750533e+00 2.258004351235959550e+00 5.055441420865424140e-01 1.641222873166070073e+00
1.591906068781368422e+00 2.947224857044311808e+00 1.183429020042422009e+00 1.804792013503118797e+00
2.974951975150456618e-01 1.973260269615356277e+00 9.034253976592066665e-03 1.222883673787840575e+00
2.926977890093312773e+00 5.350213378075343584e-01 5.911361724130850259e-01 2.785953494540544639e+00
1.590567415836527720e+00 2.746348350517852643e-01 7.914440737597772113e-01 1.660039326264162618e+00
3.090730563716109103e+00 6.545345879732240579e-01 5.805707440819239951e-01 1.981642754205588330e+00
1.514673141897004527e+00 2.960798289080824208e+00 2.781169399650141649e+00 2.941648247276343664e+00
5.586370957170142537e-01 1.778761632527641190e+00 9.468977585737171632e-01 9.105147779713478329e-01
1.491872258368182047e+00 1.177157020341338400e+00 2.283951042131231901e+00 1.060828701472154023e+00
2.943569720853592031e+00 5.352500277649497873e-01 6.242314725832418532e-01 1.817587296535090546e+00
2.150094944847712686e+00 1.887756240358403392e+00 2.247826483895026151e+00 1.357130032464597180e+00
3.053652096390394366e+00 6.284985326606052913e-01 2.463378150672121070e+00 1.046888910874100437e-01
3.181342251426674816e-01 1.842566556074396011e+00 2.384830251088073005e+00 1.545913038568107245e+00
1.169620808836144832e+00 1.674003501029100116e+00 7.831518776759727185e-02 4.607040870892659123e-02
2.579572035609728697e+00 1.772987617119516912e+00 2.949921112540463408e+00 1.356203597864828581e+00
1.913176958818205264e+00 1.775565983946819193e+00 2.984844926875870552e+00 1.824443005167590282e-01
7.895522081477810428e-01 2.369011774844152762e-01 2.664099811534851536e+00 1.073679751256718440e+00
7.059582851535511905e-01 2.176075232638059465e+00 3.067254439983486680e+00 6.398902832176901478e-01
9.150284949739838636e-01 1.838262755284689964e+00 2.085003828172136142e+00 1.113901035063747269e+00
1.576441984253377449e+00 1.949418949337141882e+00 4.729499916711753515e-01 7.558566112744509180e-01
2.969034920952703160e+00 1.293873159719987731e+00 1.194658142401579859e+00 1.962366786981896372e+00
1.699068968159835880e+00 1.408895138783231804e+00 1.401547144029893777e-01 2.667576569672515330e+00
1.085113233131956401e+00 1.194655699937692939e+00 1.653521861092695167e+00 1.145041061368830881e+00
2.740130951770681778e-01 1.060909472257434358e-02 2.798957161814816352e+00 7.681157375414514599e-01
2.804237801842358824e+00 1.052314109351111027e+00 3.030894017372071314e+00 2.948480812367835657e+00
2.372419279336313913e+00 3.022864799528875324e+00 1.309088022531325279e+00 8.674286105686022097e-01
2.381971514219535013e+00 1.746825652761052172e+00 2.685497088217735584e+00 1.717965114421776240e+00
2.010341867167169561e+00 1.862507558811490105e+00 3.122037398080046877e+00 2.650822016670034476e+00
7.945576073144303697e-01 1.071206356063768794e+00 6.026197414139801145e-01 1.460005732924480881e+00
8.971672141700484104e-01 1.148285822875296791e-01 2.064343322957922666e+00 1.857457722070236183e+00
3.137065457433030891e-01 1.679053716531444973e+00 1.200508278771557524e+00 2.689866904768048350e+00
7.344223748121303519e-01 1.809573913653034882e+00 1.635522716029109924e+00 5.840837288861520094e-01
2.063201558570224137e+00 1.950211837550168026e+00 1.526927931499213464e+00 2.834455532679807543e+00
5.690366735846623669e-01 9.858775144325708784e-01 9.828937596603111171e-01 1.156455486253643805e+00
2.337429850786610697e+00 1.770582149025392571e+00 1.724946183070014571e+00 1.157747309155959359e+00
2.545583977124455277e+00 1.265262125715014729e+00 1.892894582401846604e+00 1.570432206731616764e+00
2.631446101209938160e+00 7.745580052503616697e-01 2.968485155902446770e+00 1.008964812939075584e+00
1.569239547149364533e+00 1.160534426024785737e-01 1.355123730557218631e-01 1.245350823610285262e+00
2.416988389337288545e+00 7.951947680792165185e-01 1.784692985422585254e+00 5.742581692466177667e-01
1.369684059764975537e+00 1.172970478356919338e-01 1.258139235147512025e+00 2.248948355371449104e+00
2.376249838934706649e+00 6.389949168917773425e-01 1.602559798081728826e-01 7.947807295616243772e-01
2.906222816413704724e+00 1.903974876925108167e-02 1.825822368788375449e+00 9.692659337597684388e-01
6.054412754448530443e-01 2.142002796975186030e+00 1.833535219251545945e+00 1.933118003817106967e+00
1.012953924756480495e+00 2.758152295723532155e-01 7.802336139864781694e-01 1.119529749032602162e+00
3.283977077072649468e-03 2.348144215160155479e+00 2.226789186887943028e+00 5.441562356633558029e-01
1.137572314838728671e+00 1.556969885820242094e+00 7.000491128472958735e-01 5.635163245163683499e-01
1.448360704813375817e-02 2.297747647070753629e+00 4.343807980281890191e-01 1.680432560553701382e+00
3.113688182154567219e+00 1.250819521189503236e+00 8.861233179440367036e-02 2.149641299594555743e+00
2.233323099492072750e+00 3.061130908098368852e+00 6.524313332722507797e-01 4.574833238300733407e-01
6.948930330723853688e-01 2.061833861793973099e+00 3.138659584852560247e+00 1.567802559379912530e+00
2.603473824005417381e+00 1.731568822363759308e+00 2.872808539895859603e+00 2.110311555413172613e+00
6.350547502073711215e-01 2.347821596047372950e+00 2.576565565501486077e+00 1.949951402486139740e+00
2.772578153883895169e+00 1.242369763322709764e+00 3.129693298646203381e+00 1.358211782351443242e+00
2.524344410665298799e+00 2.315387658219588030e+00 2.122539966862936264e-02 2.312373634606952777e+00
4.878910703874533850e-01 4.931148722576698673e-01 2.865767421038063062e-02 2.037160305941351002e+00
2.660465745852482744e+00 3.034456757429626617e+00 3.338659160833292588e-02 3.120070681673126511e+00
9.638802195128335359e-01 1.365444405286852847e+00 2.749960406234087440e+00 2.907815538499237906e+00
1.526796124929831189e+00 1.256763400177467016e+00 2.311009116232542127e+00 1.180136999890136096e+00
1.211146910422020717e+00 1.217237113548369942e+00 9.854476509723147926e-01 2.933603857500833634e+00
1.950084721122154141e+00 2.745146994249255901e+00 1.689392212144012806e+00 2.425570633037110735e+00
5.806187554308229748e-01 2.836195800107697451e+00 2.760960820742967670e+00 8.885113090725734741e-01
1.854228122605382056e+00 1.711013939462652678e+00 5.328887034546522239e-01 2.303568333017700809e+00
1.709230203478784071e+00 4.343813004767641539e-01 7.597960319351403369e-01 1.034018529415478699e-01
2.055239620116338539e+00 9.750505844757413332e-01 2.322644775390544147e+00 1.033987470859086377e+00
3.012360360072141585e+00 3.009650963345344099e+00 7.623669869576810143e-01 1.070246152433343756e+00
3.004041526942798246e+00 2.097639961902333372e+00 2.559180355515092931e+00 2.838481652204811301e+00
1.121526442947960556e+00 3.706845601943782320e-01 8.748339337144589445e-01 2.248657292750880998e+00
2.036406613106279462e+00 5.385951782144402511e-01 2.540070037708194173e-01 2.162126457577058680e+00
3.108142628778569616e+00 1.010905599225852658e+00 1.048403884777710848e+00 3.020076559789853565e+00
1.139021663760003467e+00 2.345813541017409243e+00 2.188716582637296959e+00 1.071626916091615034e-01
1.186307400369352338e+00 1.026411119843061437e+00 2.672069261965321463e+00 1.298833487811931864e+00
5.266908848956669553e-01 7.193689607784696793e-01 2.165821340104638615e-01 1.041095130457056830e-02
1.903080459333051255e+00 1.525884439608098386e+00 2.569133980581330245e+00 2.209205976140910632e+00
2.644423874306707667e+00 1.700112580583318600e+00 2.039041928502403067e+00 8.631793068091007104e-01
7.143852816010523021e-01 1.048752781201620410e+00 2.537076493385510112e+00 1.020605880472128968e+00
2.807677572561175339e+00 1.765261342426730051e+00 2.703909716728885471e+00 1.603303287435705604e-01
2.994276340997000130e+00 2.864116367998847501e+00 1.609615325384011086e+00 1.106447942931992195e-01
1.907540902877853828e+00 1.905468121115639679e+00 2.287324607915769636e+00 1.360476969600783237e+00
1.935933012121929364e+00 1.503663978219116126e+00 2.782486813396112257e+00 1.403683609927520282e+00
1.954035372100345169e+00 2.457449000593717070e+00 9.611433398100678316e-01 3.136949209216887358e+00
1.058188594447260877e+00 1.474936515221186184e+00 2.184376257832817636e+00 1.256912272812295228e+00
2.245981185088924637e+00 2.725380429406246918e+00 2.777118261447987013e+00 2.995585314125868592e+00
1.828787749010495789e+00 2.004830392127724181e+00 1.277409070786505341e+00 6.107648342425097132e-01
2.756254767757250423e+00 9.189840125023333028e-01 1.120088550711562103e+00 5.836050112750686136e-02
6.102449058120048564e-01 2.398268409584317418e+00 5.355496504581465089e-01 2.087578885600135103e-01
1.178568924413128327e+00 1.819855848223567163e+00 1.438494749498554492e+00 1.171827713343237098e+00
2.738255175186475210e+00 2.183298567229687404e+00 8.557234915841288592e-02 3.600295472585878231e-01
2.607746937140651422e+00 4.147127829051531211e-01 1.792839693218388097e+00 2.168965739938395476e+00
2.356455608983459626e+00 1.945211434564114272e+00 2.667487605999864009e+00 9.311350232971188357e-01
2.992994160687253657e+00 8.167097160731586758e-01 9.472733495521883373e-01 1.377689045482577423e+00
6.091364139970271152e-01 1.468887808041188237e+00 2.160180389242405685e-01 1.195877761247305493e+00
2.760764991873361662e+00 2.577793658651693853e+00 2.292511670202816154e-01 1.984130251839031078e-01
3.504175202133524292e-01 3.124112601780562049e+00 7.965625165415077258e-02 2.231400920644938779e+00
1.507047774749870728e+00 1.477496001133051573e+00 2.289280803722942181e+00 2.807166477391323856e+00
2.244995895137317454e+00 1.905989226249802604e+00 4.254078888338807540e-01 2.833504640786647322e+00
2.527904049971236855e-01 2.673343271824255130e+00 2.854026382018739483e-01 1.113020675812203431e+00
3.107756937765294158e-01 1.181991675115471319e+00 2.555282606162836423e+00 1.371047444368795887e+00
3.038702883820951328e+00 1.697390017435491449e+00 3.058939568248138841e+00 2.255424640884339027e+00
2.825222599198554896e+00 9.012585550151070990e-01 2.804809784330527300e+00 7.272732763735380024e-01
1.836481650774152596e+00 2.033959762759297019e-01 3.135029304694310515e+00 2.599215233083954413e+00
2.413425476826963845e+00 2.170874985753830089e+00 1.685339017936363204e+00 2.409347931141603283e+00
2.802373692698922003e+00 2.220667346924505736e+00 1.218031967824211970e+00 9.656222440042391275e-01
4.145168194514096127e-01 1.441413870267666875e+00 5.167870807703216912e-02 1.197884801279864853e+00
1.525460669360585664e+00 2.645752234393872193e-01 7.714487638179345907e-01 2.641588830757826134e+00
2.058307237381190813e+00 4.703284677977510597e-01 1.206539108881641287e+00 1.520742349163864526e+00
1.644483502731191926e+00 6.947789903280824353e-01 1.877082346507827459e+00 1.820144832163639537e+00
2.569409065389494984e+00 2.279415622282874310e+00 1.644469343894792157e+00 2.707599641685360936e+00
2.499936518358207405e+00 1.043496222622253722e+00 2.114318004628830572e+00 1.791859501685195033e+00
9.080677200727125253e-01 6.630797140328182904e-01 2.665623268267564683e+00 4.559531918847727350e-01
6.333838238013613786e-01 2.760490254383138442e+00 2.844234522562903766e+00 3.069322463763991760e+00
2.473131394779419345e+00 6.521292582935422910e-01 3.299509595179957455e-01 1.573970222627202320e-01
2.220877638614260796e+00 2.076492081789719446e+00 2.849258602491801184e+00 1.821226379430295195e-01
5.904534846967620654e-01 7.216793514071966342e-01 1.125756405507243985e+00 2.936684807559999832e+00
3.003154482161194405e+00 7.748654083385209113e-01 2.145905044712257848e+00 3.371467934618876394e-01
2.545014620316046194e+00 5.771057077824129355e-02 1.404025063965660181e+00 1.047863378695490510e+00
1.456385000176779521e+00 8.828705775460509164e-01 2.609161033224421944e-01 7.780518193677409267e-01
2.854893730929468632e+00 6.741864469278889549e-02 1.015246730993242918e+00 5.991239297092117999e-01
3.775623113448194346e-01 1.867884441282254393e+00 2.479759544760535839e+00 1.692591413374578968e+00
2.462940530901242209e+00 3.011677410225414686e+00 2.271049506925659323e+00 1.382954071933118589e+00
1.940009149029207958e+00 2.207235628932146199e+00 1.353697483590313722e+00 8.979765421721169760e-01
6.852831913267496411e-01 1.007968834474588737e+00 2.676320726481137058e+00 8.357614151887265974e-01
5.148961191068118781e-01 2.048552155390630514e+00 2.456653154528706473e+00 2.288837689421372001e+00
1.703920317779626492e+00 1.352336726238452247e+00 1.966590715738117945e+00 2.169677119432297019e+00
2.002495066920857880e+00 1.839753932019389415e+00 2.692362850376584849e+00 9.064536207981360727e-01
8.218653051119051423e-02 2.413308764065495549e+00 5.627888867494929004e-01 1.921894396910860392e+00
1.219443838832998672e+00 8.799616987425686876e-01 4.703365893941812148e-01 2.194363218063954069e+00
6.627603259834157212e-01 1.944878632463777679e+00 8.465976075963228542e-01 6.016421908650916306e-01
2.435055058758438307e+00 3.043136716161063848e+00 1.449128264723435144e+00 2.054769944795467873e-01
2.062209456733161694e+00 2.807724944678728907e+00 8.365987265158653097e-01 6.075923728619612163e-01
2.237679282880613574e+00 1.825996985720230725e-01 2.945680720999411140e+00 1.245755341975341546e+00
3.460435469982101053e-01 2.646030451417999974e+00 1.006248748548618233e+00 7.956942422412869309e-01
2.514775235356615291e+00 1.325181866318969615e+00 3.581083686236191665e-01 2.249830052502926669e+00
2.516721297993766537e+00 2.754620800940412284e+00 2.392337606910923231e+00 1.983904149366615188e+00
2.772585583441894208e+00 2.519344676603630706e+00 1.399056278747953019e+00 2.618755952701327772e+00
1.048628536905215736e+00 1.707071081645481270e+00 2.883276373499131129e+00 9.761980069946166738e-01
2.804493133341133593e+00 2.844988463849950300e+00 2.540356304641650631e+00 2.066962151593374486e+00
1.438923332474923766e+00 1.098893392472583219e+00 3.088773757120315988e+00 5.129052541312685287e-01
2.007494764129189591e+00 2.263933986662244102e+00 1.941322672178611652e+00 6.156252268763212632e-01
1.591453630873816527e+00 1.349363700216424711e+00 1.503430195156073124e+00 3.934687323174104745e-01
2.445517896899891852e+00 1.999072067969931643e+00 1.088540876086954823e+00 1.855640502908922018e+00
1.058677983206782969e+00 1.150137134180287291e+00 1.989361793600663120e+00 8.604066224763532444e-01
2.527925385136036152e+00 1.944961328386821453e+00 3.101768016280515017e+00 2.700226611569027213e+00
8.448507444314927797e-03 8.977395546163879914e-01 5.595687049507607203e-01 5.830489177228715958e-01
3.553263346254311728e-01 2.218962172945084799e+00 5.090232009985447975e-02 1.159223731265400348e+00
1.166163769164234365e+00 1.677844740589181205e+00 2.376998371232842189e+00 2.485462601393579440e+00
1.462473970774963439e+00 2.564064091543841961e+00 2.770703686754285577e+00 6.707297870144489638e-01
2.120086650061030475e+00 2.393658885001484382e+00 2.302336123229775211e+00 1.504350859505154125e-01
6.609778015101998028e-01 1.079310717469598863e-01 1.781442578325415527e+00 1.506436360308970546e+00
2.738626685623319457e+00 2.301907461079457651e+00 1.903676328138195206e+00 1.855825280134953958e+00
3.042982174329487699e-01 1.452821720415034823e-01 9.526255458194324843e-01 3.044977798918427681e+00
2.015690982326173497e+00 2.238000647687985456e+00 9.193636263158623256e-01 1.840258513560619313e+00
1.131650690650676916e+00 2.951859611262197092e+00 2.805460404074778591e+00 1.474341988204102005e+00
2.277504857905987112e+00 2.164263817422318770e+00 2.466981724412816046e+00 2.628535103255233429e-01
2.971520552924358238e+00 1.549609764937301293e+00 2.153035210194049753e+00 2.886587363661361483e+00
2.661934045945335114e+00 2.148705272314128223e+00 1.264422962252709226e+00 3.066537299753829160e+00
6.918777276327164882e-01 2.621688165157247674e+00 2.608961778259778264e+00 1.096235216056828943e+00
1.022846822767340846e+00 7.632666251456569073e-01 1.500388719424734230e-01 1.643742623996957031e+00
4.900613829887063289e-01 2.397092835399485367e+00 1.953963957493208836e+00 5.451635632188303049e-01
2.604503700863995519e+00 1.411862143676192005e+00 1.063307852311715207e+00 1.677462686752445586e+00
5.934813583217407595e-01 2.081716232859479820e+00 9.643362372442753072e-01 1.528869971524245308e+00
3.129404448442127951e+00 2.995508865179735025e+00 3.051354950018612566e+00 1.575957298923103878e+00
1.325650574890530731e+00 3.004034123532995260e+00 1.695434532809796391e+00 2.396709110541209053e+00
1.482679202845064645e-02 2.034447899130582549e+00 1.962689757369623367e+00 1.611394760575604268e+00
2.188257681481830197e+00 7.505421290336746765e-01 1.056297601237146111e+00 7.434864915213653669e-01
6.471378515505954443e-01 2.057279708904994120e+00 1.608164428248930689e+00 2.961542696295090260e-01
1.138408239827140844e-01 2.271443228711464535e+00 1.597130160417587152e+00 1.945248448038150224e+00
1.502021325152086417e+00 1.359453832467189649e+00 1.629613211358918567e+00 2.274459893687160950e+00
1.199174993737160341e-02 1.427743192010785034e+00 1.471198153988927393e-01 3.124833136063831951e+00
1.511857627686639560e+00 2.335471373474178047e-02 1.635186128954646989e+00 2.249069248718842395e+00
1.191881517203052354e+00 1.097308685478793677e+00 2.486263916132638752e+00 1.122130490462747376e+00
2.014097703390793193e+00 2.744523762902946196e+00 2.281883993460407378e-01 2.848907062863932360e+00
1.821474466171092432e+00 2.149580172047508564e-01 2.513191468302117482e+00 3.071980212406760113e+00
2.108950938804752706e+00 4.021524239588418204e-01 2.437520848017567854e+00 1.353152105484570544e+00
9.106178162131116638e-01 2.122411318981301864e+00 2.530179958142228624e+00 1.637894578159918790e+00
6.747589002114331991e-02 2.096348683882476749e+00 1.099372427940580987e+00 1.477143084408167439e+00
2.889006526494636073e+00 2.287087494367419538e+00 2.577846938051840286e+00 1.974067337507100506e+00
4.072925228394536079e-01 1.552432826584293046e+00 2.775285619803128156e+00 6.892026445725153438e-01
2.307791447007179891e-02 8.966106493191097204e-01 1.288929752646643667e+00 1.156748989256696447e+00
2.609384062901834334e+00 2.321632992498946280e+00 1.385136804931600407e+00 9.028821726637779044e-01
2.193818608097998890e+00 1.959421576617266902e+00 1.825362975320187653e+00 2.901965683925855188e+00
6.029000022053354613e-01 2.340151822382952940e+00 4.939833015646971637e-01 9.916615601041482986e-01
2.822394664544162435e+00 5.369911215348112110e-01 1.738481790656518200e+00 1.115559766704581124e+00
1.493272868089771999e+00 1.760785290579140794e+00 2.222994013367130428e+00 2.507820232849432340e+00
4.245275784183973333e-01 2.623153619790696833e+00 4.854746589756072511e-02 1.745991415165449201e+00
2.817827663804085558e-01 2.412465134960967372e+00 2.292755608815414181e+00 5.277659026129513098e-01
1.488324189267679287e+00 2.687955071861907186e+00 1.894025184895899550e+00 1.590333055046773358e+00
4.472374606479130321e-01 5.535606447299514787e-01 2.663851915002563242e+00 3.116253219491311288e+00
1.193569049533580451e+00 2.745933090739518967e+00 2.805094211333251097e-01 2.264081692705465887e+00
6.053572775118319926e-01 7.142676783216872494e-01 3.027531083654312116e+00 2.568895081190312180e+00
2.736440202050868020e+00 2.708404176645018424e+00 7.594513109089443548e-01 1.647270823938276507e+00
2.909919721335322507e+00 2.327472544697628987e+00 1.650797820125324389e+00 2.242680577952360643e+00
2.282346782546992525e+00 2.498545043098824525e+00 1.321216434685129615e+00 1.274925392530831703e+00
4.498189638391478229e-01 8.578390065283385546e-01 1.950397749077408704e+00 5.340133766049760533e-01
2.104544200802048959e+00 1.855918700166719670e+00 2.604592466921132221e+00 2.554082763972925552e+00
1.452658288412603138e+00 1.720974219540806205e+00 1.666146364846690098e+00 4.558633203331863837e-01
5.590998382495597774e-01 1.536499175353012392e+00 2.551017926881530062e+00 2.071068181893279903e+00
1.210060646218536595e+00 6.915624335011495427e-01 8.079279568075360407e-01 2.656586605877619522e+00
7.772002273227469615e-01 2.919799373932684627e+00 9.826867875575332478e-01 2.620661099733082589e-01
2.666720192810110746e+00 1.157818516479955484e+00 1.729031052070115093e+00 1.521555465265629792e+00
1.556674835459763706e+00 7.278285680232545740e-01 5.872899530292119419e-01 2.167522694974767516e-01
5.375864146023594525e-01 2.300153486484229681e+00 1.298508690425621781e+00 1.335014329411277734e+00
1.534354550611459977e+00 3.070619307205864956e+00 9.128801256026570776e-01 1.422443607156355982e+00
3.249229798188510432e-01 2.283131879657509078e+00 3.231600043377939602e-01 1.983859426582232688e+00
2.302427369845557958e+00 2.763480099837779758e+00 1.137365462496520152e+00 2.999580478167199971e+00
2.292827458765336335e+00 1.204703641793046232e-01 2.435963645309824344e+00 2.432672941125882282e+00
2.201490926901970013e+00 5.176376108335662973e-01 2.496374180460168457e+00 2.181817823130547118e-01
9.118440837541300636e-01 4.491100615859619505e-01 1.633217666700300885e+00 1.552899089856984549e+00
1.843573982652997323e+00 9.070723891682982432e-01 2.832394561038282355e+00 2.822786653968238024e+00
1.556303476063275903e+00 1.773874469582849889e+00 2.988288262356064706e+00 4.634195961658690299e-01
2.333710518541415979e+00 2.242453519236139670e+00 1.229119786994194108e+00 2.004698897095901433e+00
3.091034861259291056e+00 2.072056983463417268e+00 1.264203393500447914e-01 1.620097087414853476e+00
1.233723855925800805e+00 3.058684409731549980e+00 3.941072485180721063e-01 2.320691753675355073e+00
2.297027314915532248e+00 3.035757746558208403e+00 1.549632037738242429e+00 1.630587033284354614e+00
5.544821105986138532e-01 7.199645445138146416e-01 2.903685834323960879e+00 1.287478938410537399e+00
7.681422181515088488e-01 3.059863776665328938e+00 2.978785104718046028e+00 1.853216257729023209e+00
8.551220300700624888e-01 2.559233960061550128e+00 1.814748305280158014e-01 2.877239275314305011e+00
1.272017896721820751e+00 5.588172708792887855e-01 2.692267276824679367e+00 2.630913523971594614e+00
2.274187194927466127e+00 1.124290065034651454e+00 3.067757311258886954e+00 2.478803981274878776e+00
2.303350499277263097e+00 1.436397473205182518e+00 6.629829290647039075e-01 2.117654833759758937e+00
2.186783136525260129e+00 3.085357384047887841e+00 1.060655388046045644e+00 1.236983610149148677e-01
1.246031617105143985e+00 6.945012679810983469e-01 2.261544239070832685e+00 1.642622246801220154e+00
1.414585640213311013e+00 1.622552814325032289e+00 1.796033586456734055e+00 1.585341372513501712e+00
1.657029650837266832e+00 8.222058807881476028e-01 1.536310205065287926e+00 2.220593474115162280e+00
2.431778130685631645e+00 2.765648543330863962e+00 1.505285297676761946e-01 1.638272245604894151e+00
2.688559696254816611e+00 2.480121185638005876e+00 1.018038650964549485e-01 9.121096130622130538e-01
2.708744228034173140e+00 1.602275631824495727e+00 9.072398633578718785e-01 2.070012239243568253e+00
5.174434666177145647e-01 1.658660011205909779e+00 1.706951833724093426e+00 2.388569699762062015e+00
6.785725408691005711e-01 1.207149361710938784e+00 6.878656358803073578e-01 9.842909838980684611e-02
1.802024808874195694e+00 2.757948699274126891e+00 2.177189871756345596e+00 2.952828536342273047e+00
4.967950972560741807e-01 3.114799488234142100e+00 7.991184600716511044e-01 1.371165436250372460e+00
4.191300928450669705e-01 1.269429051738957037e+00 5.486641669306006053e-01 3.025985691410335132e+00
1.457493801376436693e+00 3.071865548231192289e+00 3.689905363266354765e-01 2.595945599839218687e+00
2.823819040162129923e+00 5.120844273304597793e-01 2.972802998978550271e+00 1.977738659033244639e+00
2.637173720381120745e+00 1.188047273278463933e+00 2.932747418364431091e+00 9.970590519794686468e-01
2.209241218788550398e+00 1.289472191791163902e-01 2.542693023451236378e+00 1.644518500088088642e+00
2.720568858208972873e+00 1.423191966616451420e+00 1.431644723531843022e+00 2.099975721135589612e+00
2.669512117582144128e+00 2.489788340780216380e+00 1.743157822051723205e+00 1.762911888529782756e+00
6.268512681939313325e-01 9.269365072621987833e-01 1.410065975039968666e+00 3.046398903572716144e+00
1.021003817932888857e+00 2.399224576314815227e+00 1.969013847317518495e+00 2.465216279181215147e-03
2.995763762263874974e-01 2.698322321084998254e+00 2.692757479262477993e+00 1.578064512079966786e+00
2.387815429917337529e+00 2.293478243426243512e+00 1.328813181831752566e+00 6.277061207715365354e-01
2.377805702400345389e+00 8.706811560580486331e-01 1.835761260836056730e+00 1.979799802392460784e+00
2.382250649868669079e+00 1.631707691412671357e+00 1.449988644761247114e+00 2.870205340303583430e+00
5.690989914776922731e-01 6.131378385345147564e-01 2.319048774217419506e+00 2.502396052800527571e+00
1.712284313116394729e+00 1.431489461817593067e+00 4.214038741667361920e-01 1.787017681168080685e+00
3.033652580902312046e+00 1.827821086026860442e+00 8.264778309350502214e-03 3.101621348272262768e+00
1.117735723961743810e+00 1.681717648117907249e+00 3.053398366951635967e-02 3.133525596517571010e+00
2.784227851637223417e+00 1.181869982587742340e+00 1.443183210627774438e+00 2.089540053299159705e+00
2.662698402119997976e+00 2.654110144078970723e+00 1.374830099085745605e+00 6.319882271366343840e-01
3.189385583140497693e-01 1.211412418004657043e-01 2.518969632117517676e+00 1.374753844128393746e-03
2.175905182741066035e+00 2.742498570131016944e+00 1.288651076318708233e+00 6.974787892166007808e-01
2.876214176315549764e+00 1.136435354276505105e+00 2.748134004449777068e-01 5.212467900500826756e-01
3.097820453678592933e+00 2.130114895686092691e-01 2.111901287949771167e+00 8.250020987372577164e-01
1.710028257492657966e+00 2.583213174602795537e+00 8.887214483714724889e-01 3.007210837995503816e+00
3.678694448217201818e-01 7.195177778975849758e-01 1.406810965010294678e+00 1.339689481376023616e+00
2.520891620562257796e+00 5.788868382151867165e-01 1.950196413996432288e+00 2.806767258003288301e+00
2.636193503184041997e+00 5.986048340165055492e-01 3.115993161823813473e+00 1.326050997543326337e+00
2.545660157104641996e+00 1.930227926599290544e+00 2.774804251140680744e+00 9.678086749106774578e-01
7.411355070107773502e-01 9.585160611247967033e-01 1.628261792188442580e+00 2.648320223402717666e+00
2.176619426605819196e+00 2.659969290270069564e+00 2.296148684271723805e+00 1.652830221102601804e+00
1.823027283213577876e+00 6.445068739431734084e-01 2.423135001146863754e+00 8.407472890627387674e-01
9.163592530734481212e-01 8.743208669626294505e-01 4.694735407476817168e-01 1.459429840029058623e+00
7.881014237363691555e-01 2.137162747142148600e+00 1.943050214223531080e+00 2.514672219705980094e+00
1.731166175143165953e+00 1.022651744028784782e+00 1.371326149579840115e+00 1.822428981129586567e-01
1.748838916435272450e+00 2.009497420014016100e+00 9.233298952040438490e-01 2.481096649206488564e-02
8.377705704406087639e-01 5.421498438976015688e-01 3.055926088106919458e+00 1.961519089878935862e+00
5.714344255778357473e-01 2.606886062570448193e+00 3.087478948863813244e-01 1.305528172136191989e+00
6.206875281921725440e-01 2.275086814847048444e+00 4.141387838223362095e-01 3.079121524081335437e+00
1.057440937373685719e+00 1.254946798357931437e+00 3.103279682438041309e+00 1.674510091840789139e+00
6.639398525376030147e-01 2.232329147826651372e+00 1.822427178086026389e+00 1.723182568203148968e+00
1.730414476829621240e+00 2.056664477519628331e+00 1.310633879313763128e-01 2.047406912920479716e+00
6.132276514919117183e-01 2.449828257361928774e+00 2.654904600235030276e+00 2.784063547133704741e+00
2.987512934804539722e+00 8.822043318012370294e-01 2.233207878214024777e+00 8.563627213185024400e-01
5.648608555706248202e-01 1.000609378746484479e+00 7.101804631104166043e-01 7.116522122656717686e-01
1.150773707359790343e+00 1.665425597410219227e+00 8.029127576568664271e-01 1.269608453942193682e+00
4.778624943352656196e-01 4.388913214905652560e-01 7.092577700242914673e-01 2.395340813881447595e+00
2.465472958527632041e+00 2.048710870672544038e-01 2.196717131857771399e+00 1.287249032156690287e+00
2.183611778405334825e+00 1.022988630074179728e+00 1.429576345368144041e+00 6.176793567445063582e-01
1.285324861253682949e+00 1.508632363187578651e+00 1.441856998936025480e+00 1.047536419850702227e+00
5.363589674695824483e-01 1.875183544521259016e+00 1.110377821022533684e+00 3.089734016263548266e+00
2.654568033659470139e+00 8.451606077396880412e-01 1.912248489149420694e+00 1.404608831618479492e+00
1.065656202530637975e+00 2.944455146417802816e+00 1.759970586844859408e+00 2.805347128911236165e+00
3.423647199596145385e-01 2.799821092808270073e+00 2.764047731902771421e+00 1.946448994355550521e+00
2.021040926364081169e+00 2.027100317160549725e+00 9.529429777915843225e-01 3.623393986743123629e-01
2.600803303091654417e+00 6.692762426529038633e-01 1.403687053373982030e+00 1.385577861898419361e+00
2.513359603563176670e+00 1.780944438895246229e+00 1.048488112068348910e+00 2.108362024917406430e+00
2.503930778498799192e+00 1.704947585817224720e-01 2.875062697786340937e+00 1.424657101044733309e+00
4.096557571382526963e-01 4.277194312477455157e-02 1.625667227910411405e+00 1.113189117939023864e+00
3.020838901428235967e+00 1.209424910798472474e+00 2.055207321362143347e+00 2.355730513686004723e+00
1.913914007657033567e+00 2.311579522718754998e+00 2.451618403073760888e+00 2.344152320505201725e+00
2.807634191523324940e+00 3.107998040007078355e-01 2.108639390053914209e+00 1.165133607523627379e+00
3.130744664616386674e-01 2.946362614941942515e-01 3.351181143386262051e-01 8.040872911626432140e-01
2.693591626604478151e+00 2.394157367420097327e+00 4.960619813260360167e-01 3.026858485670494314e+00
1.946917139447363887e+00 1.180195123373886323e+00 2.650076240602681654e+00 2.766010346703975831e+00
2.718814833054230551e+00 1.957724802779049478e+00 2.442409099826421404e+00 7.522319540516053671e-02
2.284141320686602139e+00 1.969891847963566534e+00 2.871777968929381419e+00 5.240641654959979912e-01
1.357326458980245398e+00 2.885221374326591537e+00 1.375676062749906281e+00 2.758959627694354211e+00
2.513263536562182487e+00 4.757950297945252593e-01 2.446881339758174345e+00 1.072187351174808789e+00
3.119752623201951902e+00 1.843124847998423910e+00 4.181003009618481925e-01 6.133904027185241858e-01
2.671046053373385409e-01 1.376357496100902189e+00 1.000925020822083233e-01 1.591924902464446401e+00
1.122252413976182916e+00 2.935454668014575663e+00 1.768077511006817870e+00 2.872578792214052879e+00
6.125273784326100701e-01 2.717610960762048666e+00 3.450868936855803759e-01 1.502183132621911499e+00
2.511764625107894222e+00 2.809371718662153405e+00 1.559070221628395148e+00 2.255346815367400559e+00
1.581826395622410564e+00 5.809000851820340650e-01 4.772268017982040922e-01 2.351396982085682819e+00
3.138974572389398698e+00 8.982352590935097636e-01 1.445361236197566512e+00 6.953660265933095941e-01
3.067496344944932840e+00 8.371090436795111112e-01 1.850273474019570763e+00 1.233393861793146140e+00
1.407683206003331522e+00 2.502562115912248419e+00 1.819107016948403599e+00 2.307235581647050005e+00
3.733204376929566415e-01 7.193087635547563696e-01 1.038576730244166857e+00 1.311210487518975176e+00
4.598815214514433425e-01 1.710575039008080944e+00 3.009512430416476647e+00 1.793822210231773795e+00
3.472011274439451567e-01 8.470279054954660269e-01 3.515405675234942878e-02 1.684389707373331158e+00
5.187534947976052413e-01 3.105880376514834063e-01 8.693926874342050581e-01 2.332725848282542813e+00
1.997512396800733836e-01 2.715287447720136083e+00 1.065746567006039314e+00 2.800726874776987341e+00
4.689780743096308990e-01 1.438832043537181304e+00 1.826097748160155687e+00 6.765875325003342100e-01
3.029395174398830104e+00 2.169410804923626035e+00 1.147544068128293487e-01 1.213304057047331019e+00
1.577116548808886076e+00 1.621535978255009613e+00 1.240712220930671794e+00 3.054046898383969477e+00
1.880085147749227303e+00 3.858951186883792794e-01 2.724021460674192596e+00 2.773120062961558663e+00
6.278055306024258320e-01 2.571575912286535814e+00 3.068553102186185044e-01 1.163242963182021139e+00
2.726851063967827837e+00 2.468913878632095660e+00 1.630633601973912494e+00 2.789929217439305109e+00
2.000744809782903921e+00 1.805185222375139009e+00 9.179408731726798054e-01 2.486379088131451809e+00
1.065856882097108382e+00 2.808167256961676017e+00 1.326407562668586726e+00 1.616848953733246441e+00
1.803837217068812393e+00 3.088376086834953682e+00 7.379299591759681809e-02 7.377019439978751425e-01
1.816288875435402961e+00 1.852174910394128959e+00 2.340959564521266856e+00 1.047592250365358080e+00
1.453679366746642776e+00 1.803665707948058694e+00 1.043138527720540165e-01 2.195892805731670006e+00
1.615781107889272095e+00 2.712204168318475439e+00 1.794162478057094168e+00 3.221210729562762332e-01
2.740704102390368213e+00 3.059563399329196631e+00 2.702122834213806571e-02 8.914869104356916152e-01
2.651034263698066162e+00 2.811157306070295903e+00 1.884775905614106684e+00 2.774730012955434422e+00
6.525521598023238390e-01 2.385475965817912769e+00 1.839195306475432945e+00 4.569371716528025651e-01
2.528347788265068896e+00 1.229131632341998355e-02 2.763954939135166544e+00 3.002872645048945688e-01
2.026888111402192383e+00 7.070214855920677888e-01 2.526331082513008308e+00 2.566855727426213818e+00
2.805052557586977358e+00 9.473133894510306352e-02 1.220294650010403270e+00 1.076530244216821197e+00
3.118872286337296185e+00 5.406549333584502737e-01 2.537976094727030674e+00 9.921063023596953245e-01
1.816064103748470382e+00 4.943131959562388489e-02 2.323286158198936580e+00 2.444580638965108133e-01
2.710327464884822568e+00 9.039357048896468072e-01 1.114219101153504532e+00 2.135680215522085312e+00
2.417381251498866845e+00 1.290682530387361693e+00 1.463673392213165614e-01 1.982405475367545966e+00
7.328663046544497961e-02 1.640291622750427614e+00 2.541445039904504100e+00 2.384438299138892159e+00
2.597969488748961275e+00 1.652293784958572598e+00 4.901011663160229764e-02 1.519746804202553925e+00
1.672958815625371409e+00 8.748646993290894180e-02 1.552041160380674967e+00 9.603325025504686474e-01
2.650180907443823397e+00 1.093551496885676322e+00 6.702632575516946911e-01 1.312371443453536068e+00
4.671941590892454699e-02 2.469807381516141653e+00 2.770191346071795846e-02 2.192620302897416718e+00
1.704915876725529689e+00 5.790321324547502702e-01 1.385613884970143372e+00 2.395999826430015744e+00
2.516733959462791770e+00 7.629896284877856205e-01 3.116370037651582603e+00 1.109306761778976469e+00
2.382394496965714481e+00 1.163096943073893552e+00 1.908511606228308954e+00 1.737937498117987367e+00
2.868727326681841383e-01 2.115885447078444948e+00 3.006260931769792144e+00 7.113135062616913196e-01
8.505987515267552368e-01 1.181922898127320432e+00 1.361956897683684442e+00 1.370514279682369940e+00
1.052363196807795109e+00 8.925878125923477624e-01 2.506389925007845298e-01 1.464270604061915115e+00
3.746441213838099665e-02 2.073346086788526499e+00 2.706418179707004601e+00 2.925561418301450889e+00
1.696824744017923381e+00 2.288531963096533950e+00 2.705033141821716836e+00 2.811025899961098862e+00
2.540343683858706569e+00 5.927326240885625319e-01 2.348621438205614975e+00 3.001198674486770912e+00
1.433127585831117212e+00 1.912824764612705453e+00 1.775369330135598833e+00 1.771209907866582611e+00
6.226268871803675165e-01 2.616283542225230074e-01 8.984572783678660413e-01 3.068466811168506503e+00
9.419034742618496159e-01 3.102641881521679412e+00 7.812088093366245101e-01 1.109959197150640398e+00
1.058185194314498201e+00 5.283096166707464958e-01 3.740474385316113759e-01 1.248331712914195535e+00
1.272206057325908413e+00 1.867869965599948001e+00 2.882939418001996046e+00 2.073053752441112341e+00
2.132231527765693357e+00 6.571655335720679725e-01 9.159768583117725571e-01 1.372404294658488233e+00
7.145477096818303453e-01 2.630651458858059288e-01 2.155146963154106032e+00 4.322193297881098406e-01
4.154552113214600717e-01 6.185701539764618673e-01 1.234967499773171440e+00 1.957434639453608724e-02
7.125232948965113389e-01 2.815151779434304391e+00 1.505867377258578887e+00 2.816169780293638070e+00
8.632566837655596403e-01 1.516753388734738417e+00 4.857313917793902314e-01 4.013764651908248160e-01
2.467490546678216212e+00 2.044617874877574515e+00 1.498984229986254579e+00 1.321277747530205104e+00
4.625406636353407430e-01 4.462194762871499742e-01 2.921092150637260576e-01 4.275482063705801083e-01
8.544624910943875440e-01 2.865360317096437015e+00 1.864565038473742442e+00 1.170790391199597380e+00
2.306036734326722737e+00 1.762217641287383785e+00 1.093656239038439004e+00 2.685777368567857870e+00
3.618633677396361770e-01 1.743319523950701555e+00 1.214888062003256254e-02 2.055982334886385654e-01
6.840881109229831614e-01 8.663968131843200471e-01 2.180574276516579868e+00 2.763403002719631574e-01
2.973668256026217538e+00 3.080909003418528691e+00 1.916582061919508639e+00 6.418592108836511656e-01
1.467005907865277292e+00 7.636807532002350962e-01 2.992107843467432193e+00 2.627354631872364177e+00
6.469894721438280705e-01 1.410040140893973559e+00 2.136486693380498902e+00 1.778092731400933157e+00
1.779094568243230645e+00 1.431344117094045076e+00 3.806360479783981177e-01 2.840412196660527133e+00
2.036116490000894341e+00 3.025459410848930109e+00 2.449479852447466577e+00 1.597173109508165378e+00
2.463871654673632339e+00 1.000965748509263509e-01 4.113689839484099275e-01 2.752884253414008331e+00
1.808444178982780759e+00 3.126415638817845011e+00 2.596634927137194127e-01 4.754615614683008196e-01
2.875623672749344273e+00 1.066608056894150725e+00 8.476657450983740016e-01 2.275948652190211252e+00
5.357103753702491256e-01 2.837844280061949220e+00 2.293253814385470157e+00 6.784097477189250380e-01
2.245412525355855227e+00 1.182397192852457257e+00 2.168081536606883741e+00 2.044780540873381902e+00
1.025908946546269851e+00 2.891451668737559100e-01 2.939054975336663489e+00 9.660637906469760061e-01
2.532309102454083138e+00 2.456614843290795047e+00 1.764392309909741108e-01 1.733540997916789728e+00
2.407730694569013841e-01 8.751683026786283293e-01 2.982595897882419411e+00 2.901867858881848949e+00
2.564803877340208427e+00 8.123893391440422107e-01 2.163184227820484473e+00 1.421913619313144306e+00
1.342978510105695245e+00 2.016133260450684084e+00 1.501508942732384888e+00 3.515238176777797929e-01
1.903634725551324181e+00 2.384445472990434356e-01 2.583335646788730067e+00 3.334111979388699742e-01
2.560207011893931739e+00 1.834736037202226555e+00 2.301128674364868676e+00 9.219858610067194205e-01
2.662841831312328100e+00 7.582769507168956036e-01 1.627578444970227523e+00 1.333853417247275797e+00
1.132283817735512788e+00 1.414224898494226279e+00 1.810934756366007203e+00 6.314452121295102138e-01
1.723832356627012397e+00 1.736883044155666189e+00 2.085729524997603779e+00 2.357687292665190615e+00
9.521647422201701128e-02 2.597876064202436108e+00 1.205986335972569989e+00 2.106933586050155238e+00
8.189396842709533164e-01 6.893912759621286801e-01 2.701467287385456828e+00 4.475248641086043005e-02
3.971715022572877563e-01 2.005704955074442797e+00 2.965586216672433939e-01 9.896269753859892049e-01
1.747052234378530855e+00 3.031472940928375603e+00 1.592135530070206695e+00 1.026751251128147802e+00
1.758114288003093106e+00 1.082231976727009659e+00 1.650079930793912686e+00 1.365635129785508273e+00
2.110861787003095458e+00 1.956821797024027809e+00 1.068016765093229292e+00 1.189647361412158988e+00
8.594448323155243763e-01 2.708276181517222270e+00 5.714494734592061587e-01 1.855012798409306218e-01
2.007133967770390548e+00 7.336056258813444808e-01 1.393589906177703064e+00 1.999514715234831819e+00
2.517654348354839922e+00 9.190603159384567178e-01 1.282417126163133136e-01 2.369949947848897676e+00
2.383336062336211203e+00 2.178433247482035817e+00 2.486428303450639810e+00 2.607275754633690656e+00
2.487821640106142596e+00 1.854023692079604047e+00 1.143517150172466801e+00 1.420979011349399412e+00
1.590868007100357362e+00 5.801699699996031023e-02 2.275088735141031826e+00 2.448728237247663309e+00
2.796157729577910978e+00 3.601252488812036190e-01 8.701618411029388156e-01 1.838598759233985858e+00
3.674055497995997177e-01 2.136742340510909166e+00 2.150630830367547208e+00 1.432384953667940053e+00
3.889535549712838103e-01 2.949870553605358769e-01 1.488061751226482654e+00 2.223450319202321168e+00
1.221828150835783999e+00 2.561057362991967068e+00 6.470607562579755445e-01 2.653046511570317900e+00
1.270873193802769530e+00 2.322129441875114608e+00 3.121206292776746438e-01 1.081762241919050460e+00
2.084236841022218290e+00 4.439717991928977120e-02 1.225846620517485386e+00 5.559906589490218320e-02
8.217032714673626614e-01 7.259162438945104823e-02 1.358078932967878627e+00 6.054087441879791864e-01
5.355755612808015265e-01 4.000480127953641163e-01 2.086726398823727457e+00 1.723958160514739713e-01
1.225225355979511210e+00 1.270713852294740320e+00 1.720341316727549863e+00 1.039240217539169064e+00
2.764657456157731730e+00 2.348992234943534818e+00 1.254831906635488270e+00 5.015608541833046496e-01
4.488237482457810845e-01 3.122782730829501308e+00 1.734066387629347394e+00 1.311010253393656066e+00
2.856113278350576046e+00 1.307059648144549835e-01 5.123205749921150298e-01 1.847495277493309107e+00
4.595815112812559611e-01 3.359583947311969299e-01 1.513706775861297205e+00 6.959425901413337501e-01
1.227934581762933464e+00 1.702937437138141441e-01 4.508351258197802469e-01 2.714620811889922880e+00
1.740136135565850450e+00 2.105743535810072231e+00 1.914646080036534359e+00 3.520507332923775157e-01
3.249252048549521321e-01 1.436267661554403441e+00 4.853961805351634240e-01 2.269608718260081481e+00
4.838497360430401573e-01 1.211719858702530184e+00 6.228490396556902731e-01 2.000629613729779877e+00
1.859743766247150820e-01 1.345550039574354484e+00 8.450150617318324953e-01 1.482095086335176448e-01
1.789729993623651927e+00 2.698134583473398962e+00 2.249948740617715881e+00 1.027915047458660913e+00
1.342494704964743990e+00 1.943106706815737050e+00 3.046382451581388651e+00 1.464908090298396026e-01
2.619862055524167843e+00 1.625112663906240762e+00 1.154620153413675299e+00 1.774838660684970648e+00
2.832601171251363237e+00 2.733361085212846042e+00 2.724147610972697642e+00 1.640147556731063938e+00
1.546027772895470997e+00 5.689110225337092874e-01 9.907000826976780639e-02 2.172068706713710107e+00
1.016905225084427933e+00 2.435068441762563651e+00 2.588336802570553874e-01 1.140689884990520264e+00
2.347034797105324255e+00 2.460835427273247777e+00 1.679723914459150702e+00 2.337344071946274859e-01
3.001949307417453472e+00 2.725245040801428598e+00 5.422801173801018448e-01 1.393351559693922548e+00
6.550041266394878159e-01 3.110222065900477340e+00 2.031027260831194670e-01 1.163776875064607141e+00
2.563342910491750448e+00 2.444259818461931744e+00 1.039936328687541128e-01 1.059807934303470534e+00
7.464736471263788697e-01 1.843342205036201609e+00 4.183736528939790422e-01 2.766257715585906940e+00
2.910926636805323042e+00 2.155216129811509784e+00 2.773849002683763665e+00 2.842866314158361885e+00
1.680497270600154414e+00 4.374707253255955691e-02 1.541125337854403865e+00 2.035378114495403068e+00
1.325348817719423478e+00 2.917338121619343028e+00 2.276830720224617188e+00 2.202436533747636815e+00
1.744593997184935574e+00 2.835325303092178117e+00 1.929212988262161810e+00 2.831384078619016975e+00
1.510310242639895995e+00 2.105438621474602812e+00 2.273950662063750183e+00 1.284864245813555295e+00
2.300817982832641453e-02 2.087392574461432559e+00 1.181696828596256355e+00 9.777785586834875087e-01
1.844233389892425024e+00 2.348635239271619657e+00 2.877586910738763604e-02 8.702531688361313245e-02
3.003234929957301347e-01 4.855988627905507560e-01 2.150397407663727112e+00 1.421660353815405120e+00
1.870497235878933573e+00 6.203583864783883683e-01 2.453353552778462454e+00 2.532777401268668349e+00
1.389279828175960629e+00 3.025225928765215233e+00 9.374147115757850424e-01 1.033842687197494559e-01
6.278044899270954771e-01 6.146479786550189672e-01 1.877599741417216528e+00 9.069448734132057321e-01
2.930368616746031218e+00 7.320342366162284620e-01 9.098212154868943191e-01 9.013014427500156689e-01
1.818153813436531041e-01 2.510267409483114776e+00 1.943842465652943829e+00 1.876751965473428596e+00
2.318661359124794430e+00 3.192866925709113568e-01 2.620016449578256079e+00 5.069215455732792863e-01
2.339657914374256187e+00 2.798530033878563916e+00 1.657656869268242295e+00 1.734454812629925069e+00
1.776766027717912255e+00 1.516675272856839118e+00 3.062275317379760775e+00 2.825175887635480443e+00
6.681706075508269116e-01 7.250605789673931767e-01 2.340382787886999161e+00 2.017605764372448984e+00
1.055870201322053115e+00 8.153513338220003126e-01 2.071056587072324984e+00 2.808098620441338955e+00
2.461692471322018960e+00 5.523217395925693607e-01 2.019251584544954792e+00 2.749216166396224015e+00
2.795700612483340564e+00 9.565041533104310378e-01 8.879160565217834034e-01 5.004916477518315254e-01
2.590479227581195421e+00 1.682643378055772576e+00 2.563934401993173573e+00 2.192988609474101569e+00
2.216787878255836564e+00 1.696909092194298418e+00 1.644376316516468428e+00 7.037683314998067763e-01
1.414464283582847370e+00 2.297863265208751393e+00 1.826776287414338062e+00 7.036527893533969236e-01
4.367420214417304380e-02 1.872058181994013193e+00 2.999738933050192458e+00 2.801259670868762264e+00
3.868196373061509319e-01 1.549083544570073023e+00 1.946675207890795845e+00 3.300600938667407891e-01
1.940157882542993262e+00 3.082639743532571863e+00 3.883180646921951529e-01 1.899152236708995023e+00
2.684113985079056075e+00 2.562017483561485953e+00 1.779248806785855175e+00 2.836062683613864710e+00
2.638988580691254970e+00 2.588966244211749590e+00 2.323839789358549623e+00 2.042056157957350848e+00
6.219035225245764797e-01 2.606610566107686378e+00 6.227972222520792300e-01 1.909794866796498125e+00
2.729648065004416146e+00 3.531119075870191582e-01 2.670148705809519907e+00 2.441468434245660291e+00
2.910119467790304615e+00 1.159307661470110329e+00 1.408162061978079693e+00 2.895490994877699897e+00
1.432747434302987788e+00 7.365236463486274365e-01 2.268728384491981664e+00 2.316873228865487189e+00
2.360613213397899202e+00 1.747477103013162836e+00 2.294011296112558274e+00 1.604816849791301125e+00
1.733679492551889911e+00 2.633987703829654858e+00 2.219086448799356237e+00 2.304909978048722330e+00
3.036768543339721127e+00 2.755868211749075147e+00 2.753681560662795569e+00 2.630139097223837652e+00
8.797482926335576936e-01 1.959392432820803220e+00 1.357935954883631613e+00 2.655519331018417195e-01
2.576509045364167694e+00 2.486781651841921015e+00 1.725336207782511844e+00 3.115655927042222384e-01
2.385860476430753607e+00 1.183190147244651547e+00 1.498949163147664576e+00 7.701990931170189514e-01
2.302836004126712854e+00 1.968647097653053013e+00 1.951685215982401855e+00 2.952412633160408362e+00
3.130821307734872327e+00 5.628659923220896699e-01 7.721242292096848203e-01 2.475658089297348319e+00
2.393759382855411122e+00 8.817755003853756657e-01 2.664738087452374504e+00 2.979536267889856926e+00
1.507811669918618369e+00 2.646189907764649796e+00 1.174143752500382387e+00 3.072138571299975474e-01
1.393254433442097096e+00 1.236838808894761499e+00 3.050520160379409873e+00 2.081130926590883945e+00
1.987696837730939858e+00 5.107345761188013533e-01 1.635475006520354713e+00 1.396445561506115318e+00
2.562495017877968739e-01 3.465930548057599703e-01 1.025502342155225399e+00 1.068249806534910196e+00
2.555886377797770947e+00 3.574857949403899005e-01 2.941219435562285156e+00 1.903164685159012937e+00
1.220320245965822226e+00 2.848532449816460144e+00 1.595922076462888528e+00 5.716835013749800298e-01
1.669082310145210135e+00 8.066681664529954388e-01 9.163959965551994324e-01 1.286300666102895729e+00
1.500442810309532637e+00 2.397659158020251979e+00 2.006515174739528895e+00 2.553627901622724128e+00
2.886352114831123750e+00 2.840910953173309217e+00 1.882837571398778165e+00 9.576543101042640505e-01
8.692613896797529716e-01 2.753058673181381977e+00 2.140916754739952577e+00 1.473120667363324365e+00
2.932858848991758971e-01 2.288615640998911349e+00 1.838776554036330446e-01 1.305313620209321845e+00
2.631678088463467624e+00 1.368126318960449117e+00 1.318074849531349235e+00 4.905432837697179527e-01
8.921800502765609986e-01 9.262829961706011694e-01 9.761416010724774939e-01 2.550756754839983653e+00
1.600377238762688226e+00 5.847002094720539500e-02 9.165953441479695041e-01 2.949797283812998216e+00
5.964266850322216262e-01 1.801077532837759287e+00 1.337544877398809229e+00 1.642239278925481383e+00
2.520507857306933275e+00 2.783510116226312725e+00 2.070043809766212828e+00 1.433423990715086749e+00
2.528053787526269414e+00 1.464442693985785526e+00 1.811358313467982484e+00 2.895944770833226656e+00
2.914251670706514918e+00 1.131658175357256990e+00 8.007299034619024258e-01 2.283761856500533760e+00
6.114236858036948830e-01 7.055750391105326536e-01 1.003757575664666168e+00 2.121823599339942135e+00
1.849795151699981988e+00 2.131145971759649260e+00 2.956788941412069605e+00 7.073460580369725914e-01
5.229955292017768320e-01 5.265123946399112853e-01 1.648868463490751779e+00 1.609366003468108763e+00
2.879106835457277302e+00 2.556327116523864351e+00 2.084979431724296006e+00 2.905274388305123079e+00
2.475920042504005103e-01 2.892839772387568065e+00 2.398142429741182635e+00 2.816537900477676715e+00
2.680851118083837914e-01 2.156876325449851528e+00 2.872021961563456571e+00 4.211989779664387368e-01
2.501632380390134358e+00 2.260333243987999285e+00 2.320557167539643029e+00 2.375884366404019954e-01
4.318301521621827344e-01 3.031859633046522173e+00 1.979206006665155948e-01 2.346664843536161005e+00
1.973553628349597466e-01 8.395209205480221870e-01 4.020510692898488503e-01 2.676761601593721895e+00
2.985778529494138134e+00 2.799133878080582782e+00 2.809922025982438232e+00 1.694437267571172301e+00
2.231364270473188860e+00 1.341053535630516658e+00 2.547133026208414641e+00 4.337687365477647106e-01
3.679354067903514158e-01 3.405680263163893967e-02 1.474528844259364924e+00 1.203834946760914848e+00
8.426246692065104682e-01 5.309589160260983487e-01 1.655244137725517262e-01 5.429621372169932680e-01
1.067507859239773260e-01 9.274292383260562822e-01 2.335407765234691624e+00 2.123348311820759005e+00
7.764718002982287093e-01 2.715904552622570467e+00 1.353992116427986218e-02 3.035721274165446015e+00
2.715239013158047943e+00 2.403163562713432011e+00 1.730430973560546093e+00 1.580796325303856831e+00
1.081429333257334813e+00 1.426118494990160857e+00 1.619212222342496954e+00 1.211447444072535129e+00
3.027610169430956955e+00 2.925091167570194717e+00 2.306839554664624092e+00 2.570148445488113165e+00
2.495049622496343211e+00 1.682605948876345181e+00 2.876835997991273430e+00 2.387558385956092474e-02
1.373364770413208369e+00 2.792382513142675382e+00 1.976404684226729325e+00 2.038033618074020836e+00
7.936564476694496495e-02 1.219291843577329892e+00 3.840320920681485894e-01 2.553735027355131582e+00
2.853995431373990144e+00 2.041581813938284196e+00 1.696456775204672418e+00 5.586070368450106738e-01
1.802845467556835279e+00 2.362084467087209649e+00 1.107733392308646092e+00 1.349714109892884872e+00
2.815816667099212189e+00 2.459968008170526355e-01 1.116473538845373037e+00 1.820641942420944570e+00
1.660418905478087792e+00 2.394346924165837720e+00 1.453257058953204839e-01 8.571016260801660458e-01
2.239451248462176913e+00 1.179438657614741315e+00 2.152755896524128687e+00 1.089598113674047353e+00
2.451478569631722948e+00 3.544715797577902006e-01 5.200607358766845545e-01 4.800104884619248446e-01
2.703134555472871958e-01 1.834014819672529661e+00 2.278518579764949870e+00 9.464663509676459752e-01
1.329069043328102939e+00 8.807003555389600891e-01 3.079991402091129427e+00 1.509639224888735365e+00
7.516801566527762102e-01 1.904201740762588635e+00 2.251248963794948654e+00 1.544716463459332001e+00
1.122104135777289624e+00 1.487636907982192724e+00 1.184310206552130262e+00 1.864832550807781875e+00
7.579922360281574623e-01 2.928338955790555698e+00 2.192471980869412640e+00 1.774542007819066791e+00
1.563770893801731177e+00 2.247542348262925316e+00 2.264696318664791264e+00 5.974430304749847043e-01
1.769547866802740455e+00 1.384233338093246557e+00 1.246385853447770975e+00 3.071631770417541762e+00
3.110763115386030897e+00 8.110925996841050756e-01 3.093086406101595021e+00 2.755107284699006343e+00
6.837568855542500712e-01 3.099820240990133868e+00 1.510309766840420620e+00 1.597472557575898344e+00
9.180461076685192401e-01 1.987859357551715167e+00 7.817733171334380060e-01 1.749241213325978705e+00
4.557395777758277422e-01 6.548027020133900811e-01 1.783239363739454797e+00 4.290657496801822401e-01
1.050701351729797395e+00 2.868003305441988005e+00 6.824000128183836666e-02 2.267202423070202144e+00
7.911359627059100230e-01 2.118672910991313607e+00 3.794669261233449276e-01 1.531759967431291170e+00
1.180582009933845100e+00 5.550169133624726497e-03 1.958721493298863026e+00 3.134041147970986430e+00
9.432875297639832235e-01 1.731179964570616514e+00 2.799031729609354091e+00 7.884841866056828685e-01
4.305707497823513252e-01 1.659969609034348315e+00 1.717723773180706237e+00 2.247556413061920555e+00
8.737086042136367192e-01 2.548223604855530233e+00 2.954025443819322305e+00 3.056346260962445438e+00
1.880129839440323858e+00 1.676775256678682616e-02 1.787850648019672528e+00 1.343209561645289374e-01
2.584093368945795444e+00 1.081971521329393449e+00 2.129476380232201649e+00 1.195432426031481699e+00
1.609494804768805132e+00 2.454297020360707737e+00 2.846381802869536237e+00 7.389209948456268440e-02
2.781320747014400574e+00 5.837338693876396034e-01 7.187146895964814652e-02 1.372481075266986705e+00
3.029852312165960626e+00 3.041317527645583052e+00 2.295923814743754399e+00 1.962663732697411234e+00
2.735451124971330916e+00 4.997224219804173306e-01 1.845683869158631252e+00 2.792455095816551047e+00
2.523073074583355613e+00 2.505435435434839597e+00 1.658915225138224425e+00 1.144299646097932444e+00
2.672950665915859947e+00 2.940303274992934757e-01 2.533256356374287144e+00 8.680965413160546262e-01
1.737637647242263439e+00 1.064707724772194775e+00 2.524591517671662122e-02 2.613332312271056779e+00
8.355074619343491604e-02 2.613385054548722497e+00 2.268824975744416328e+00 2.676669016114790356e+00
2.656767523621320404e+00 2.817731550419261266e-01 2.482686670993117239e+00 2.526256864152805814e+00
1.444302080034464364e+00 1.790473488429314752e+00 1.770849952608118505e+00 9.168357067749997036e-01
1.852330301097238952e+00 2.496458170148263545e+00 7.293135388162680019e-03 2.407444843762745479e-01
5.505471094327403225e-01 2.243091929033381060e+00 5.493740303943420722e-01 1.316225092364980087e+00
3.126436201206122423e+00 9.360419447477762445e-01 9.519615454489301076e-02 3.021218626263680207e+00
1.296233181300736059e-01 1.550643781050414782e+00 3.018708180583087319e+00 1.914097311735195872e-01
2.999229659213345389e+00 8.529118560331853116e-01 4.527857029429397523e-02 4.450162298361896585e-01
2.456541851322739944e+00 2.010810438369408981e+00 1.366081209952533237e+00 3.521358418104371113e-01
1.328869593380062719e+00 3.391015212164675274e-01 2.887847076067178609e+00 1.889385608270579775e+00
3.798916365470942358e-01 2.305348239799585475e+00 1.266191538544040762e+00 2.647932331373870962e+00
5.448148656464821826e-01 1.576805217774132073e+00 1.913181007710640369e-02 1.351783374993284603e+00
3.063882664602819439e+00 1.333688883014384485e+00 1.008225242269712885e+00 7.578058682760261400e-01
3.016063616022686689e-01 2.886725817671965011e+00 2.714623211273242465e+00 2.129640818344951558e+00
2.276507701716900534e-01 2.965970193411711975e+00 3.071685631648019221e+00 3.897010550509347193e-02
3.036031798485860023e+00 3.134067731762863129e+00 3.101507093410026172e+00 3.043418185394898945e+00
5.775156555131578662e-01 1.482598444494238388e+00 2.338124451505235069e+00 1.254298314931315605e+00
2.141732214546122059e-01 2.372586596412753046e+00 1.962766696525943377e+00 9.673164810288932269e-01
1.324729843468165802e+00 1.663824363532743877e+00 2.427047447253424917e+00 2.672951805487430832e+00
5.419454093170406050e-01 1.064806422210426762e+00 1.721851556700429997e+00 9.127116164729751624e-01
2.753950866072190529e+00 6.209338502355592482e-01 9.280429588399530250e-01 1.400059432340155396e+00
9.742311532829585063e-01 2.593115307012975990e+00 2.046322813372697169e+00 1.228093615162154206e+00
2.050237950006122301e+00 2.947414843632640835e-01 2.563501509701873182e+00 1.173027393163070808e-01
2.677165702474560760e+00 1.350386694379826169e+00 7.046138984273677686e-01 3.472964743240706809e-01
2.990661343048535592e+00 2.645251596927797877e+00 1.242744237351933290e+00 5.992526014390595762e-02
1.285605829949534984e+00 1.952793723392893810e+00 2.165088837608666772e+00 2.812238259431548482e+00
2.833954289120694248e-01 1.220219443656187952e+00 1.474982783673169484e+00 2.572382235346004187e+00
1.109850255273637565e+00 2.919759730166888279e+00 2.461646584300196228e+00 2.612547495262051100e+00
8.782617132040657637e-01 4.367502954293761008e-01 2.852269140223673727e+00 1.722598856123306543e+00
1.402301778059646731e+00 2.151093335205937596e+00 6.773580591113717020e-01 1.644247581246570444e+00
2.734345538468891945e+00 6.776705089531748216e-01 1.662299529349529958e+00 1.455672860603728080e-01
3.037245447866209758e-01 1.461013752117603648e+00 1.178155457218579727e+00 1.848848566886885481e+00
3.067599789565078616e+00 5.864018099035243070e-01 7.959645950209083276e-01 1.158350868001923883e+00
1.642189639092531683e+00 7.422043544199760090e-01 1.112540084024535414e+00 1.786662179354869595e+00
1.761163626724929987e+00 2.326079739246936784e-01 1.519249417725389684e+00 9.637810290234736232e-01
4.563080666053502266e-01 5.301127028282138776e-01 6.920445889439187370e-01 2.537257718237271864e-01
7.830458302623608535e-01 2.814088075216656826e+00 6.374829503431607147e-01 3.099723072518857148e+00
1.340643617580347113e+00 1.366984628043856065e-01 1.323119535711780592e-01 1.953967700961926068e+00
5.883153502431680559e-01 3.018656720273224181e+00 1.325834098789069881e-01 8.054061883388881071e-01
2.995436178056484877e+00 1.532625889444547918e+00 1.506384342429290202e+00 3.017161494171222813e+00
2.858909022356052598e-01 1.016319373463163700e+00 1.022016098562517072e-01 2.453568428733889917e+00
2.760386389070494939e+00 2.323205102798031607e+00 1.696975845245241032e+00 1.092207170961359664e+00
1.948163295411357243e+00 1.931207668449860693e+00 2.800164996464485245e+00 2.008842974441470974e-01
2.221741292464574080e+00 1.371302762351962690e+00 7.847484191900294670e-01 7.407890406557583463e-01
1.691208846498349461e+00 6.674926240650149722e-01 1.423018675061882066e+00 1.572794524194688792e+00
2.271777128450210570e-01 1.197741803390993259e-01 2.227698992307873382e+00 1.288875895132824301e+00
1.683326281920669354e+00 1.537893339122073932e+00 2.319864649435250392e+00 5.668864025127037243e-01
1.044032918403485111e+00 9.560178838095373388e-01 1.510899141516496957e+00 9.313120025986275641e-01
1.611664539786462846e+00 3.026502996498506182e+00 1.293778543831220595e+00 2.299703618761671731e+00
1.741023575654564004e+00 2.294508267924470601e+00 7.017982514199865296e-01 2.477562240857495435e-01
2.686189828213485953e+00 4.240706170006431908e-01 1.137481136310915852e+00 9.803635406570260225e-01
2.415779135222424046e+00 2.886522994135444886e+00 6.275739360722316640e-01 2.301146037960977608e+00
1.717549861838674419e+00 3.124172798008095331e+00 5.035927228908236852e-01 7.562355482970680720e-01
1.559792720174030034e+00 9.003899147547248516e-01 1.532892746799405570e+00 2.924216971012149724e+00
4.418628942200337750e-01 1.379103701210260713e+00 1.338689454937090906e+00 2.241548714118646313e+00
6.859279508283538940e-01 1.603470146178542333e+00 7.289826296516421777e-01 1.771930383761874506e+00
1.796933447718918941e+00 2.635169598697594484e+00 2.283734292095650709e+00 2.562974391892984816e+00
2.101881028210894620e+00 8.381720981872420317e-01 1.857936058074549646e+00 2.653215586728405739e+00
1.786055056917132511e+00 2.017695625444822838e+00 1.486061487070075460e+00 4.743420332397121353e-01
1.791764166870845942e+00 4.039473796718365262e-01 1.519170274802342582e-02 1.573735131673378751e+00
2.393428738212673323e+00 8.461910836812031045e-01 2.407687764081652304e+00 1.573892405614155943e-01
2.133166693863510766e+00 2.984646834310102026e+00 2.719668093978613310e+00 1.325144756375445931e+00
2.701180154054484417e-01 1.279493715922908059e+00 7.563100258092037009e-01 3.028054009380390377e-02
6.569388423927130516e-01 3.003800184774084059e+00 1.050356171835657992e+00 1.653276889189900567e+00
3.126202522034054798e+00 8.050818944702926583e-01 1.350878841566733213e+00 3.122180272480784335e+00
8.036322922539143043e-01 1.669008173942936879e-01 2.960253410898645576e+00 3.058250934428385470e+00
1.234184510347248187e+00 5.277421434974939318e-01 2.688927162198238463e+00 5.044388188472919143e-01
3.802316400490537429e-01 3.009428679417794683e+00 1.756352293945332210e+00 2.502312793696076287e+00
1.631134075268242833e+00 1.441285013586372787e-01 1.697794281344150003e+00 2.554274627040017176e+00
2.025233986290995158e+00 2.454459260856394653e+00 1.021715724688480931e+00 1.957052282107836216e+00
2.016126467174610692e-01 2.274928810825475878e-01 8.826579976836873564e-01 2.856598712463997547e+00
1.939698093135373336e+00 2.264807877695881988e+00 9.070801275780392414e-01 1.204397964511779273e+00
2.245771480415925392e-01 4.672999925614712557e-01 2.343917956249950585e+00 1.250881427463335305e+00
1.674692823561407806e+00 6.073141636672635402e-01 2.511179016827689736e+00 2.563231360458087860e+00
1.133660822726634709e+00 3.004805543404884816e+00 1.387451714704940553e+00 1.234257757211010942e+00
1.704881974116346566e+00 2.265768778897327973e+00 1.346785521675470942e+00 2.290345954858364674e+00
1.091520849225386725e+00 6.229697230643479466e-01 2.875972874542813695e+00 1.582195370100508480e+00
1.200438153389021823e+00 3.787930415160553621e-01 2.338713560434817929e+00 1.270073997512556563e+00
1.644076567811550316e+00 2.864081606563677607e-01 2.107198732462846280e+00 2.326610349604058214e+00
1.472811851038268394e+00 9.719168228273007415e-01 7.968368753370268509e-01 1.328703220474606317e+00
1.498368739311194853e+00 2.519536903057547850e+00 1.702098876589162479e+00 1.249757658658334769e+00
4.338011242796597777e-01 1.858759295152972335e+00 8.380867856938717386e-01 7.521440293939124500e-01
1.893234686137054146e+00 1.825863439151551137e+00 3.031274021269865671e+00 1.191251407960813635e+00
1.348082839077421324e+00 2.253154137525104420e-02 7.649626666704850697e-01 1.830122339873874848e+00
4.489780908588681951e-01 2.008256566350203887e+00 4.566843069122130672e-01 2.939283172012818302e+00
2.447717743523434741e+00 8.386905207521416772e-01 1.151691413586372059e+00 1.736928411891885959e+00
1.027941666311467772e+00 2.840120385632685096e+00 3.069988920348926786e+00 1.330048328134550317e+00
1.460315493659979591e+00 8.758791750062012715e-01 1.294758496740325837e+00 3.025940667463781875e+00
1.587343188678500328e+00 9.537553714709139374e-01 2.857716384537257515e+00 6.497423303251197435e-01
2.237621076534660247e+00 4.602308938789861914e-01 4.453213283265438083e-01 1.784138499570816716e+00
4.798686815322678045e-01 3.160942711575093905e-02 2.657233952437652480e+00 8.937892927943261734e-01
5.687583074201941757e-01 4.960301105071111549e-01 8.442527730983594436e-01 1.958519806800693486e+00
3.233853159680801781e-01 2.757503324829535876e-02 6.417356010871211325e-01 6.504927724091703611e-01
2.807871192433400331e+00 8.835713507727023242e-01 9.088511865704201886e-01 8.690939789189120468e-01
2.504093234749104280e+00 1.492995669049112628e+00 1.181768584781651033e+00 2.653438431918386242e-01
7.070387497249940312e-01 5.434593214537694617e-02 2.451942273069512179e+00 5.976691410402155125e-01
6.479351460787481365e-01 1.535964033838890019e+00 1.160241510917523478e+00 1.897521069726866960e+00
2.986673104684889335e+00 8.908990019787247361e-01 8.406082879832765808e-01 1.567578564043682066e-01
2.154503612538301471e+00 8.000353656779750633e-01 1.644212034060512195e+00 7.927521932474658195e-01
4.206628615306493568e-01 4.906627577203556689e-01 1.837960767889627700e+00 2.896731480641048240e+00
3.138482842283630170e+00 1.901274828707789633e+00 2.153340454867677389e-01 1.752164234968312195e+00
2.319142673572572644e+00 1.135841428696267169e-01 4.661876557487418249e-01 1.730623439199364455e+00
1.290523080179619142e-01 2.490949896670901609e+00 1.030577465482492627e+00 2.356495452431377480e+00
6.536726248151112362e-01 2.647115328512275934e+00 2.480276215722774680e+00 1.627643282272310143e+00
2.433669144750536972e+00 1.769940556840366330e+00 2.739405246625562729e+00 1.149420152558344732e+00
1.078150257402015422e+00 1.568728408759307857e+00 9.545273638806609506e-01 2.927418702814251095e+00
2.804869643660460987e+00 2.245978720048631860e+00 2.413688957583303818e+00 9.538017346807304842e-01
2.709220727320874378e+00 2.274878735111511840e+00 8.958207047874856555e-01 8.243772994832506695e-01
2.575009309436458338e+00 2.832543809596123729e+00 5.953985034876312366e-01 2.124979144320033431e+00
9.053282725511115903e-01 3.043043279160360992e+00 2.681739171838122826e-01 8.397138694415389182e-01
1.555281203330465267e+00 1.488796010438862838e-01 1.150051494803437310e-02 4.454369993716982279e-01
2.977308567301402142e+00 4.425559851777365328e-01 3.122534251626664759e+00 9.337053160017197984e-01
1.145593754752392446e+00 2.929981325054970664e+00 1.334921592608336649e+00 2.932432409372708992e+00
8.836051756274995173e-01 2.454483121172741811e+00 2.202607960537228404e+00 2.096339561980538946e+00
1.228005343901885649e+00 1.811382242498192241e+00 2.954852725969702387e+00 2.705456712163560429e+00
1.342169047480109567e+00 2.443851546591393031e+00 1.707072077496262663e+00 1.606487024092360327e+00
2.784615313891617649e+00 3.174702795382245979e-01 2.100596170859787115e+00 1.176976149445319919e+00
1.727661157830586935e+00 1.107211467476222122e+00 2.271217380517988715e+00 1.944483777606314634e+00
6.303002663870060918e-02 2.327119401447116598e+00 2.864544351339615158e-02 2.881981797686187452e+00
8.746246051781551012e-01 7.927313441789437531e-01 2.811937817254823724e+00 2.780936660867207699e+00
2.146204244473737255e+00 5.098373612843055680e-01 1.551650355060331554e+00 2.798461846367855888e+00
2.807157434688945519e-01 9.631150734122959634e-01 1.943325214411478208e-01 2.427854060248719748e+00
2.953270560890899343e+00 6.270206522022171713e-02 2.485134703607955853e+00 2.059293050569791284e+00
2.242566977433921860e+00 2.988212839176773161e-01 1.635011580331519498e+00 1.267135063206944467e+00
6.472895677168523099e-01 2.741869101630226346e+00 2.909382247804383592e+00 2.506300269903197098e+00
2.288982264286750556e+00 3.493422205465558372e-01 1.081918644302604926e-01 6.357708635627213889e-01
8.759369506201389877e-01 1.996239072059333264e+00 1.093863298670720408e+00 1.679874358005800206e+00
2.097641278778574314e+00 2.437192743703317177e+00 2.373204483383246632e+00 2.707510739294754831e+00
1.636500156252824967e+00 6.418245326476920143e-01 7.651122218862382862e-01 1.953350331288962627e+00
2.503666027825627083e+00 1.546483394922717691e+00 3.654977000544132326e-01 2.953407779074248118e+00
1.241482177517996943e+00 9.269573843195282326e-01 1.298869398040749967e+00 2.105077053528875197e+00
2.909220349435944986e+00 1.879079889713553830e-01 1.850922331866060810e+00 1.514317580316471706e-02
2.223091311113782886e+00 1.012035242328021667e+00 1.452065145752362341e+00 2.405255692912849241e+00
1.710692800064927743e+00 1.416832388028814727e+00 3.624771146346139061e-01 1.740874440452383487e+00
2.368767861402503616e+00 1.291753623463850698e+00 1.282035102959467432e+00 1.057192507933844672e+00
8.235538069194170419e-01 1.714406172698827335e+00 2.618045460368493060e+00 7.875192042229882672e-01
2.881825128924203394e+00 1.323895653499709280e-01 4.926470508133398707e-01 1.890877081702351470e+00
7.254401061482723678e-01 2.661449635102565381e+00 1.947128684800857046e-02 1.310736369119959832e+00
2.411100088440026656e+00 8.464682752477016292e-01 2.865615449135343162e+00 2.165864218469992331e+00
6.213360016256522789e-01 7.998836276492701236e-01 2.330251624989310988e-01 8.197848644887667513e-01
2.615402919946645088e+00 5.413946305916778057e-01 2.481152559937446878e+00 9.962357957183315404e-01
1.689653507145793876e+00 1.385512404778773909e+00 5.394530598039979363e-01 2.063394454216316287e+00
2.568068560951625834e+00 1.224500230753227559e+00 7.816032329781321926e-04 1.980766149126191311e-01
2.703629952623395560e+00 2.869623826421036306e+00 1.163840291144279337e+00 2.671821364463955017e+00
8.625621482007558294e-01 7.887345587782881307e-01 2.062627524572633320e+00 2.520624435959969656e+00
6.487123549798935462e-01 7.254601650676258950e-01 2.433077798862644858e+00 1.521923372999391122e-01
1.104819849821681244e+00 1.393864715914382657e+00 3.105354479630441755e+00 1.394703766084241625e+00
1.170132951789760511e+00 2.280980138268558388e+00 3.036558681562304240e+00 1.042279168324971250e+00
3.571722476707905325e-01 3.077219331086864518e+00 3.911106898533895371e-01 1.121179802759817212e+00
5.221144153915470154e-01 2.740441972870407916e+00 2.062174629937481019e+00 1.187512488260645371e+00
4.101840061663382109e-01 6.458484677805128582e-01 9.410758338673301804e-01 3.057010959659575811e+00
1.887449359919496916e-01 2.291626575294953838e+00 2.772662843532022858e+00 2.631980895832988221e+00
2.119854596464642249e+00 2.741878864345419498e-01 2.616263262979950710e+00 1.853687081470927200e+00
2.453605021047352786e+00 1.973504375946983913e-01 2.507859464305072006e+00 7.263508010184210884e-01
1.991098678714908088e+00 2.403083626256784233e-01 2.630149029174011499e+00 1.757788830410220049e+00
2.248141957098700239e+00 7.288708919939060893e-01 8.556933021505429560e-01 5.746758449494147047e-01
1.105460117541424925e+00 2.449837965722690303e+00 7.609260205541309996e-02 2.458150193810103024e-01
6.533108178076288408e-02 2.780839594276543369e+00 2.300455178354354313e+00 8.962782720171393880e-01
2.291597051381853323e+00 2.258134614095888892e+00 9.888985971225098259e-01 3.113287707851571717e+00
1.122466240054533770e+00 1.817552139020398805e+00 2.907562505507053974e+00 3.053536855718945286e+00
1.343906930003135880e+00 1.530636405298202884e+00 2.354111233435347117e+00 2.166404440453702840e+00
1.819228016602578435e-01 2.440007139932524272e+00 2.953446148192504950e+00 1.303084347871815263e+00
7.222261057967711562e-01 1.076111765265043374e+00 1.330568375954662041e+00 3.087323878665291677e+00
2.287266755583534206e+00 9.678589168316815705e-01 1.708448914354330439e+00 2.083111172193222949e+00
1.632361121280759830e+00 2.763571466930168086e+00 1.633432125066902829e+00 2.015410490109431851e+00
8.715365008463914487e-01 1.683854968099283145e-01 3.510988172543036412e-01 1.913475909082481996e+00
1.278184118408394632e+00 1.633003445502887674e+00 2.680303623737514851e+00 2.662931250433294483e+00
1.781013806967912894e+00 1.175524883993199321e+00 1.643297381113754341e+00 1.730156808461466023e+00
4.784535128173812435e-01 6.577966657271393236e-02 2.489404007346511349e+00 1.259829505040504838e+00
9.254829451999202483e-01 2.478730381105513025e+00 4.636278599862533878e-01 1.433266675355696185e+00
3.035887470258602505e+00 2.574899965518872014e-01 1.932148397294119357e+00 6.696301786219127639e-01
1.820680567428359653e-01 2.178101508802044783e+00 3.133499850699221767e+00 9.185820522585798065e-01
6.486358696477140251e-01 1.818432186082307389e+00 1.122168010753233469e+00 2.800312043864478184e+00
3.203160344113159530e-01 3.866942026502323548e-01 9.323180746466496194e-01 5.654262885167937736e-01
3.095968113912101582e+00 1.431112447138362276e+00 3.004374716091628539e+00 2.453221329506992121e-01
9.610658998592871982e-02 8.400515422039198099e-02 2.815545623332751379e+00 2.236716919895784805e+00
2.791009623737133349e+00 1.872301221209087707e+00 2.921515053823586339e+00 2.496199999486142129e+00
1.916473145310936266e+00 2.806548256501680161e+00 8.624764254708762179e-01 2.155501826306888802e+00
1.040878231362346584e+00 2.801393856789551773e+00 1.330457958999962109e+00 1.899905098876304654e+00
9.042660206344618201e-01 5.462785379872158176e-01 2.404382505772499901e+00 1.956617173410885036e-01
1.928218117615194460e+00 1.844003402185748763e+00 5.776752113796416177e-01 1.941566203914537159e+00
6.616029100491112036e-01 2.721964626845291058e+00 3.178162047252187095e-01 4.362675016995404276e-01
5.988590912766301733e-01 1.108033627424623413e+00 2.956583405829731337e+00 1.939010227716564116e-01
4.114325133662782852e-01 1.007974921335934138e+00 1.389985352776100802e+00 5.332184287489236674e-01
2.353519662322762773e+00 2.021513091978140775e+00 3.018683083646374943e+00 1.900157933559539103e+00
5.260648614461064243e-01 7.490406752816608504e-01 2.585945894975130166e+00 2.386522138155030337e+00
1.771214920919379043e+00 6.124888755152689546e-02 3.111525392032454818e+00 2.656898462035404140e+00
3.728814435083681600e-01 1.352925398544948310e+00 2.644964738785725356e+00 2.630874339629219794e+00
2.539368218851466574e-01 3.692190033855339282e-01 2.312102674634917143e+00 7.220415042561491026e-01
3.250131676724784535e-01 8.499286403142448654e-01 3.336175927454303469e-01 1.934655924014439865e+00
1.757885721077701857e-01 5.225605391945598033e-01 2.129330073957305114e+00 2.662869675545656456e+00
1.394378325022941567e+00 3.034992207227229066e+00 4.842663688609141759e-02 1.676011802669274742e+00
9.422774471043205979e-01 6.690673553696999676e-01 5.678946231122106170e-01 1.866097919985933329e+00
1.909067161552380210e+00 2.183441268725579976e-01 2.921660196164966194e+00 3.741521271349981248e-01
1.974467532736420283e+00 7.642678869293196842e-01 3.009926927753049153e+00 3.099864848703078657e+00
2.164487368465177752e+00 2.584975332816403348e+00 2.784695059090770419e-01 2.609235255685686372e+00
2.085085971087970780e+00 2.536849771993581637e+00 2.414410140068127042e+00 2.195718911756142866e+00
1.750866716383189914e+00 1.941175036208430793e+00 1.373875074950533071e+00 8.636240265368250180e-02
2.295055153573335893e+00 1.558864534054226425e+00 1.820943371321100290e+00 2.772301322163337023e+00
1.264989005916391740e+00 2.104323187875916545e+00 1.514276415276702425e-01 2.042132513941682603e+00
2.857559927340402317e-01 2.790308033457935100e+00 1.752574908111905083e+00 2.218217147148800805e+00
3.096414619578783611e+00 6.295844809234499850e-01 2.041812677766552842e+00 1.717123802826864831e-01
9.759749739721377271e-01 1.651871212691075508e+00 1.850768648510166425e+00 2.738067558613891950e-01
8.094205266185711123e-01 2.058690210396344700e+00 1.482914624403388171e+00 2.902125743090821608e+00
1.472491086584862163e+00 2.629167181166863099e+00 2.062754470268485463e+00 2.699746534177781765e+00
3.132830624163390087e+00 2.078555698336999880e-01 5.968428058760267829e-01 1.729324907836969460e+00
1.211722702435052534e+00 1.869262260921857655e+00 1.267170290316358194e+00 7.828178417335865946e-01
4.403934509104879824e-01 1.613929893707414021e+00 1.530695938182691784e-01 9.662149351089144300e-01
1.904333313407933437e+00 7.438942566130636314e-01 1.258365898570202868e-01 2.627290694049638109e+00
2.957557331270829870e+00 3.446979773080614817e-02 2.186952793569049369e+00 9.679722528411792426e-02
2.825146656798977585e+00 2.271177757170336431e+00 1.217718932780617935e+00 2.456270882437164627e+00
2.362857269270731919e+00 1.731763181539357044e+00 2.906535912071706029e+00 2.997068688249738155e+00
9.043227596889645836e-01 2.749289975423571342e+00 4.253671279488461243e-01 2.234963807530279567e+00
5.101202414269867536e-01 2.647684665401835780e+00 5.178261376186832354e-01 6.054675240150863003e-01
2.264044418486968802e+00 1.409156227368279779e-01 3.009878061907226510e+00 7.596372016231582869e-01
2.615335242857191322e-01 7.260751359734145538e-01 2.242169002785674881e+00 2.164010131946541016e+00
3.581485149565192816e-01 5.305576429938489991e-01 5.617582133404025457e-01 9.245075452265678617e-01
1.581145334464665542e+00 2.573465118018707809e+00 1.644155736597306072e+00 2.333884552103822951e+00
2.334512504547242351e+00 7.457373261990311031e-01 1.954035703315311512e+00 2.023050901555159542e-01
3.566217578771915808e-01 2.200578066858686732e+00 2.056834903985708674e-01 2.406988644614397876e-01
2.543575241576070844e+00 7.717557356352007236e-01 2.414240979667560349e+00 1.303204649550174343e+00
1.930811152908923578e+00 2.281247009971114625e+00 2.153432816209937872e+00 1.949365851084013723e+00
1.147030727100398995e+00 1.785455499078718589e+00 6.288978705346990328e-01 1.790508035123562935e+00
1.291933355095595815e+00 9.459338442876349395e-01 6.034907146973149672e-01 1.219476426325490692e+00
2.856087091402204958e+00 2.393513085094753912e+00 2.495399806423987066e+00 1.442410475765838751e-01
2.405948295794297032e+00 2.323566258037454979e+00 5.612141752345695123e-01 6.650361196226072247e-01
2.973006907370150942e-01 2.315513354251252931e+00 7.412518034165055392e-01 1.256420223905761580e+00
2.187679338722808176e+00 3.484861661630085927e-01 3.216750242464674198e-03 2.956418053361952847e+00
6.213063288366477838e-03 2.929664901412590616e+00 4.026275262972489610e-01 1.131188772095553796e+00
1.694119702807290739e+00 3.131284475407971613e-01 2.573263666084221857e+00 1.203327958239538198e+00
2.570544279610432525e+00 2.017963130771808000e+00 2.198681755939687843e+00 2.482347964054540057e+00
1.287424630395491154e-01 6.156423803143007412e-01 2.195695505255532698e+00 9.208822580861669715e-01
3.722346816940814707e-01 1.230231881543912387e+00 8.382785568547601596e-01 2.372069330556227484e+00
1.903976993423675212e+00 1.257367857433028480e+00 1.919793375498860533e+00 2.516676867672742013e+00
1.901770262966006930e+00 1.965780479828966643e+00 9.162947893373044606e-01 8.353561363524124594e-01
2.596520027251216334e+00 2.335619563965446233e+00 1.399453295690168630e+00 9.705169085206347690e-01
2.434285458293622195e+00 1.312136660903857610e+00 8.688532308618668321e-01 2.377760615815998069e+00
1.312208868335088319e+00 3.085757049326427470e+00 2.492064675241147054e+00 2.864247542425571336e+00
9.912096621007068231e-01 2.919589027017483129e+00 2.891055594065309986e+00 3.029241719273670919e-01
2.596974800316172449e-01 7.267826601750302373e-01 1.295668135754988626e+00 1.781684828647495777e+00
2.534698262808089186e+00 2.183290814874005559e+00 2.013335073866688418e+00 1.927198858380713142e+00
3.124010801935873438e+00 5.519896401538441078e-01 1.384530206949059705e+00 1.897861433804159503e+00
1.939182138023065383e+00 1.458804777492368698e+00 3.022116287916309929e-01 1.347791714026963739e+00
3.102126024137102700e+00 5.942153128570136777e-01 1.213365527740366323e+00 2.446726594357137574e-01
3.053357667410401266e+00 1.084382917574687327e-01 3.035247119832504392e+00 1.651406434247114086e-01
5.540548702028568195e-01 2.928540506738512406e+00 5.216134452222159767e-01 1.036404703328949406e+00
5.359418281971087827e-01 2.990934606504206172e+00 2.776315029759279795e+00 2.816471413625446729e+00
2.853673334635023817e+00 8.588473696730056783e-01 6.795800794051852778e-01 2.126142306956906758e+00
4.916514253379633548e-01 2.065737658577558644e+00 2.960861360736001258e-01 2.200411111845754775e+00
2.724579548129324014e+00 2.391486272222987708e+00 2.061761822955028300e+00 2.407908349504512824e+00
1.543554584891715598e+00 1.881092214030191112e+00 8.376378631013942089e-01 1.550862012003288160e-01
3.970587908250977627e-01 1.120458226761275267e+00 3.035560565333784488e+00 1.486692324914189012e+00
1.086490922853052155e+00 1.835318149313162950e+00 9.205032381830872135e-01 3.481451289504207125e-01
2.444705883602454222e+00 9.246706353439985149e-01 2.776668268064594436e+00 6.989995961741509722e-01
4.319577233845064979e-01 5.555413403511554327e-01 8.522969252762497838e-01 3.099333896627971097e+00
1.170142638597695184e+00 5.761688623242146035e-01 2.164269017570183529e+00 8.911206821522212884e-01
7.289190074222627880e-01 8.920112003473196216e-01 1.592237158004531583e+00 2.030457055849860026e+00
1.393964681323145660e+00 2.297455712936660177e+00 6.289883450921168739e-01 1.622802561267731480e+00
3.672916429392015236e-01 2.865718448171667543e+00 2.282244299284656552e+00 1.897504180659934425e+00
3.376206299159786872e-02 2.501836759179217218e+00 1.680092050806218262e+00 1.729280850044637718e+00
3.084021943883634154e-01 2.708158630677833134e+00 2.312289270998065666e-02 2.323727554477124979e+00
4.477136630953280627e-01 7.470534904655420361e-01 1.116962588403209500e+00 9.363613950432871924e-01
2.541889262071033162e+00 2.351709465454094317e-01 1.963035792352870290e+00 9.298725775451835984e-01
2.212755289363204536e+00 9.100417448279074506e-01 2.350986355153999785e+00 3.115431167091772036e+00
3.188593652930556410e-01 9.426664484502536023e-01 2.091532629515060915e+00 2.594656201721410760e+00
2.772671903765094203e+00 1.932860710576859375e+00 2.187066553689526849e+00 2.088241375061803851e+00
2.160034915545325784e+00 1.812240157110828753e-01 1.312680433497439347e+00 1.506143667540344566e+00
3.079201480844889538e+00 5.204375221242383276e-01 5.206469025261122041e-02 1.997437700796702797e+00
5.196174605148504710e-01 4.480166542321372125e-01 1.805872781854017006e+00 5.731387139423093080e-01
2.789280572190688368e+00 2.951753981611044519e+00 6.332564315188893289e-01 2.966588343667983185e+00
7.513930903314357257e-02 1.130122262470745653e+00 5.351260468080455412e-01 7.091045087358756049e-01
1.882292485033522089e+00 4.982455415760336792e-02 1.443941273437905348e+00 5.063126686622695383e-01
1.416082212263008788e+00 8.554088858731731526e-02 2.640418841468777922e-01 8.953827984583938582e-01
1.267523182496211431e+00 2.164216719062283634e+00 2.931976896657106035e+00 3.916520927204178992e-01
8.678223343442657001e-01 7.607080274094323302e-01 1.450818184716865300e+00 1.810186233869936157e+00
2.065434751820510506e+00 8.061627992794321296e-01 2.060928673263020094e+00 2.645579014716759492e+00
3.103277052776056699e+00 2.734732875625756510e+00 2.568614020742807202e+00 1.202852372781290313e+00
1.093705992606967659e+00 2.008114640225758141e+00 2.331674900251399674e+00 1.832380397883953904e+00
8.339652260101985126e-01 1.981655107294462148e+00 2.970801876045253032e+00 3.201651854438341549e-01
1.985068499830503486e+00 2.970121385926860924e+00 2.044544323923688789e-01 3.846093486267765926e-01
2.689121146372908999e+00 3.369663749683863840e-01 1.934216112097319806e+00 1.919529464139433594e+00
1.893020471544242467e+00 4.814464573497685418e-01 9.242409468502610359e-01 2.258437819817982473e-01
1.075872683582223127e-01 2.926131052251881748e+00 2.900750703246798956e+00 2.642011465710359386e-01
1.084430850375860622e+00 2.762195780012588031e+00 2.644447028534629318e+00 1.454665120276461110e+00
8.830749120388713402e-01 2.288085285903097343e+00 1.068469784724139365e-01 2.800282788249224275e+00
6.905422750297862677e-01 1.359906889870345692e+00 1.180046582794580301e+00 3.814786317581150277e-01
1.452468776194120736e-01 1.667991263924266443e+00 8.383075325282095536e-01 2.950993959154259549e+00
6.243333505868566835e-01 2.868074494231052096e+00 2.663865602439117630e+00 1.188248941157599714e-01
1.976103063424721196e+00 1.885762686366845520e+00 3.824692128474905389e-02 1.245595113822702382e+00
2.087511747490029546e+00 1.054772313040575282e+00 3.744296616819309809e-01 1.402085826295948578e+00
2.708520773931082370e+00 7.253004238460500908e-01 2.647882322084371243e+00 2.254878201839649599e+00
2.500590105059989021e+00 2.681374994774771814e+00 2.682492667299584355e+00 2.815455388542665194e+00
5.919144942835170564e-01 2.810910024258351236e-01 1.368026040205127636e+00 6.475923801917199407e-01
4.512332655543970783e-01 2.235786364727922138e+00 8.820616045863295396e-01 9.488976328758854661e-01
8.767810259864653455e-01 2.130366754692599507e+00 1.783768017740079204e+00 1.592262692739506713e+00
2.477904259092122086e+00 1.308384113482349287e+00 4.366204653466011498e-01 7.336705061848716181e-01
1.326277309703096430e+00 1.469485025422338165e+00 2.907902430679813577e+00 2.458461092495527467e+00
9.197598317535996548e-01 7.188516977995587087e-01 1.440239262402402520e+00 1.341968209444418081e+00
9.138009698203223286e-01 7.124756482469393193e-01 1.877942210607026707e+00 7.397362951156949418e-01
1.723044602188384067e+00 2.405562002180730852e-01 1.587556532126271014e+00 2.566460457583262134e+00
5.322552232826379681e-01 2.255274511272907567e+00 1.369140309146205325e+00 2.086264942392961619e-01
1.948695618727388057e+00 5.172339511953187863e-01 6.796496611509853514e-01 1.246170870178788137e+00
2.006632882611680269e-01 1.783740721785995520e+00 2.541921426154023056e+00 4.170047266363660077e-01
1.906311332089636323e+00 1.048992841708916712e+00 5.749012927728192057e-01 7.196396301387005812e-01
1.151581101312346256e+00 5.474299468797722001e-01 1.695206498992622324e+00 3.770792732267023994e-02
1.354317087177351997e+00 2.888404794563836475e+00 6.897947914188348184e-01 7.351687435010709759e-01
1.868008939360447096e+00 1.178046560520490393e+00 1.530477990152928180e+00 2.931071204687712761e+00
1.755576402395023994e+00 9.927287050067631347e-01 2.444203889733240764e+00 2.242151437684441473e-01
6.360635918794214916e-02 2.371678980692601135e-01 3.185716297777357181e-02 3.273310604007371727e-01
3.400712760308196581e-01 1.911766585444917732e+00 9.998112153816378633e-01 4.281002627997060328e-01
2.590630498771706591e+00 7.985097007528104696e-01 2.721437324721924345e+00 2.510743961018922388e+00
6.471693126487058079e-01 1.701558225262730373e+00 1.307279620343688498e+00 8.922427831397411468e-01
2.920880485499239398e+00 2.858120735653154387e+00 8.487200819344645764e-01 7.182848548472919870e-01
1.927267166717729907e+00 2.891099097996391976e+00 1.215798159353593144e+00 3.276158190942801696e-01
1.186734560739665101e+00 2.550039568170398674e+00 5.209813664022232560e-01 1.168683425140503829e+00
1.231787885547444006e+00 2.824488575850053973e+00 1.327980279495101446e+00 2.429512843076434780e+00
2.220379225568253290e+00 2.158114204676644388e+00 1.615246123883780749e+00 1.280262852114870453e+00
1.506195977967650812e+00 7.033208769081348288e-01 2.697420223984436038e+00 1.462850912431638450e+00
3.131873801151198400e+00 2.185548600325641466e+00 2.679355274512390306e+00 2.849054517476361514e+00
8.074152538172513216e-01 1.830649910107751133e-01 3.148941706620596026e-01 1.124194752498735017e+00
9.176339399604467317e-01 1.882277914121358364e+00 1.626533292916889195e+00 3.380446995230622642e-01
1.257818374687925900e+00 8.975248149810810538e-01 2.343022947733257144e+00 1.227471579828292025e+00
2.327468958241415642e+00 2.662462595367411033e+00 3.048599890465435447e+00 1.039917414980193300e+00
1.969170096495324040e+00 1.594340110441735625e+00 2.564028713911432611e+00 2.228896536393563110e+00
3.780374473159476278e-01 1.744556078668744181e-01 1.011143832040726220e+00 2.979235097013942929e-02
6.348604101713257730e-01 6.792629531212195371e-01 2.006242393936381152e+00 8.556162172243920727e-01
1.109567288129966300e+00 1.396632934141242455e+00 1.928198659168167017e+00 2.903058218302783544e+00
9.621518199523496628e-01 2.144026797672936357e+00 3.067117012579323454e+00 2.187884733688362005e+00
2.381349038806388041e+00 9.124441497102465659e-01 1.048531354110612934e+00 2.044063782307810051e+00
2.519410419314123128e+00 1.858601521568916670e+00 1.472185689447555790e+00 2.502899868365742631e+00
2.438496559083209281e+00 9.650215791967320378e-01 1.719715287389835590e+00 1.433937570928605076e+00
1.737201765183352453e+00 3.116742881296876266e+00 1.685885428023851773e+00 6.813757668723138261e-01
1.323028546451745946e+00 1.387264762912248095e+00 1.085193683233986350e+00 1.789996211646286639e+00
2.554379472637656967e+00 2.360321970006208137e+00 2.309830770683551471e+00 1.046772588766767598e+00
1.462415878313781725e+00 2.118528418978314232e+00 1.748363177028667392e+00 1.545469731145005410e+00
5.836673711769164719e-01 1.792868229559361481e-01 8.027589524344590499e-01 2.247283965204980305e+00
2.218584996053020397e+00 1.361082641349765643e+00 2.109371952249487148e+00 5.156147199507432610e-01
2.664244752810373207e+00 8.513380401061892977e-01 2.907959853070911649e+00 1.455290783670887711e+00
2.805164352467726996e+00 5.181455491077848752e-01 2.322348407403612036e+00 1.503003474316130239e+00
1.352915432772756610e+00 9.934384716026161133e-01 1.455540579133437346e-02 7.601887584057751557e-01
1.148820892232742530e+00 1.550589229300915195e-01 2.167287826889924496e+00 9.983755317796608741e-01
1.081510003153159094e-01 2.303980345443191524e+00 2.783384373377857379e+00 1.691033216077374446e+00
1.439699013166013231e+00 2.141027434912450289e+00 2.530022369001048599e+00 1.355244253513418817e+00
1.710465514883130256e+00 1.124878924894582077e+00 2.969705924754716619e+00 3.002256797829585544e+00
4.014319276193318853e-01 7.915037595800651360e-01 1.767492900226758978e+00 2.896310390952216540e+00
3.056001532779138774e+00 6.071383730823500802e-01 1.071388093779619854e+00 3.018683065038744839e+00
1.559709838862806786e+00 1.998280322261751785e+00 1.120774652291361972e+00 1.155492201949513270e-01
2.255220676610590225e+00 1.639993489932219495e+00 1.223188367478910132e+00 6.689224507743325721e-02
2.959908464235641912e+00 6.735932317559606419e-01 2.626986780809882349e-01 2.030046752204619054e+00
1.020101055417603209e-01 2.716640050578979171e+00 3.133402869122863255e+00 2.268896440826405403e+00
2.052862262851261388e+00 1.598403283270529995e-01 2.546261779165947203e+00 1.383442224682168042e+00
2.050972573660141851e+00 5.781941002414211495e-01 3.288918849824058466e-01 1.336926512379464027e+00
2.392182544760868446e+00 1.713316226580653634e+00 1.769526234281153299e+00 2.058181136319710003e+00
1.758966816118289200e+00 1.483721342721956216e+00 1.683261279502858310e+00 8.689847441756266555e-01
2.665323401576320528e+00 2.361571141913534344e+00 3.088715505000831030e+00 6.017722476196921688e-01
2.193449263620564915e-01 2.751106108175001452e+00 1.706667501710766199e+00 1.649947720702980458e+00
2.197509035484200179e+00 1.134223485652563757e-01 7.261816481688930791e-01 2.842512742262573777e+00
1.569995054511062804e+00 2.915355554305476105e+00 1.829612751235228929e+00 1.687045594267202686e+00
1.234964671341052922e+00 1.363527067153453842e-01 2.957559351484606136e+00 1.712960990518359150e+00
3.114792088281486127e+00 1.130532346260167964e+00 6.913540056027759340e-01 8.879027713408600420e-01
2.598776930819664877e+00 2.344699122301120153e-01 1.572782828362598639e+00 3.098111983425156257e+00
6.589123935662261067e-01 2.657280061818922512e+00 6.049832996282850095e-01 1.133704775761985806e+00
7.626798074195083599e-01 3.866334868697844374e-01 1.274983984064902875e+00 6.960892056484416779e-01
8.294485536810844994e-01 1.835888766575114461e+00 1.900850350754978546e+00 2.453341274153666984e-01
2.201735986855437144e+00 3.091892044062583000e+00 1.878900228098195901e+00 1.942585970578413201e+00
9.861452541104468450e-01 2.321623639469462042e+00 2.917544766995416872e+00 2.060318705641506654e+00
5.627506926671441700e-01 2.027460657366459973e+00 3.015376861486220417e+00 3.037530017594545217e-01
4.565253224354609007e-01 8.024979965723535447e-01 1.106064600478423809e+00 2.466471482401698001e+00
2.786526462161221573e+00 1.066610770039822853e+00 3.039596881901837078e-01 2.355099055293963239e+00
2.849520358719441759e+00 3.034260819743532789e+00 1.062943264219454731e+00 2.533777890574893554e+00
1.736001083622775498e+00 6.897191251740729667e-01 2.075101184894242223e+00 1.140342001704042207e+00
4.145869050121328558e-01 6.827150830379005164e-01 2.483639111324661197e+00 2.967932780886489041e+00
1.547241053697909097e+00 2.787784533666344267e+00 1.065322791246970047e+00 6.773827131360008469e-01
2.578202734900097326e+00 2.267275916774800226e+00 2.126772086488311064e+00 1.070122911678131228e+00
8.106124552276677830e-02 2.299368205715284663e+00 5.200104917811259053e-01 1.225122948252523658e+00
2.831630113133452475e+00 9.978971432106008566e-01 8.704353214997008203e-01 9.431091444220316422e-01
3.069066917934384353e+00 2.066173737792398324e+00 1.120660584886669087e+00 1.025385450451597125e+00
2.014588444735151196e+00 2.976745313304276497e-01 1.025534935402846182e-01 1.579626435702889742e+00
1.553290401459584080e+00 2.860708911356297790e-01 1.435300333499474057e+00 2.374129571654793214e+00
2.230770779320589536e+00 4.256841448617960655e-01 3.935561181400286657e-01 1.823605008073461597e+00
6.944353106274490095e-01 1.616515756126796211e+00 5.823969027216648886e-01 2.791000921451042949e+00
3.087712095085664910e+00 8.428434604182251100e-01 5.274527065956159388e-01 3.384957170394469750e-01
7.605281151204955625e-01 1.837549890005600872e+00 1.573641594906894481e+00 6.659168912018347264e-01
3.112100754432333360e+00 2.180291494919428530e+00 2.791463032059952276e+00 1.959779001636931861e+00
5.019143787819953934e-02 7.255344391065438048e-01 2.050591568904990059e+00 5.195061056832629420e-01
9.389715844952349899e-01 2.103292151394318132e-01 1.276209234716269680e+00 8.963069929031778349e-01
2.636269889914646392e+00 2.972327864501069339e+00 2.724051804329860715e+00 7.783379220764304884e-01
8.202734746876255700e-01 2.097885120680644366e+00 1.078738863092126854e+00 1.898529719150862549e+00
9.457195075231765724e-01 2.048429209328941347e+00 4.979883467091252292e-01 2.489134826489197039e+00
4.057471270284514486e-01 9.479928341475845066e-01 2.734993405648642462e-01 1.761484859241315704e+00
1.437916944249279627e+00 2.359255566155353812e+00 1.484590851295939595e+00 7.455555369316971825e-01
2.604910105700510847e+00 9.098486556920963864e-01 1.736043247316297000e+00 1.556730830986605918e+00
2.602587872185234019e+00 2.377935731768375138e+00 1.692381824568285120e+00 2.036182045752771952e+00
2.461691306550784220e-01 3.101343126565689445e+00 1.315661856388099071e+00 1.244041716411883880e-01
1.115768501331880103e+00 2.345572093238804889e+00 5.979313369985553850e-01 1.402606519465735113e+00
2.373230782115015369e+00 2.069198932591226892e-01 1.957882407034171823e+00 2.713098216296592646e+00
2.957740090036873326e+00 2.104762699248925895e+00 2.666748528649711680e-01 2.143981754353541103e+00
6.465865941720881915e-01 4.948223899338458076e-02 1.218519915126118347e+00 1.684704193996843680e+00
2.772376157120514772e+00 1.125701515591772228e+00 1.262631120285053754e+00 4.266079914555470642e-01
6.016321004423949015e-01 1.517271679506151827e+00 4.994591622172491197e-01 2.607249309285605054e+00
3.694664086656764823e-01 2.160951287309990754e+00 2.326992359797237064e+00 9.646801784110230482e-01
3.000618701705073388e+00 1.466713757652792216e+00 2.362864352491492514e+00 1.570599751135820732e+00
1.740689469291424596e-01 1.991649429119512149e+00 1.496528281388602055e+00 2.318571522757217451e+00
9.404237983506257281e-01 1.532062318653513611e+00 1.106859344691133895e+00 7.130948407689802204e-01
2.293189497063905957e+00 1.215078449089590285e+00 1.849846804870631578e+00 1.034594897342341113e+00
1.330202765708377921e+00 3.088907624152628539e+00 1.110723215372141137e+00 8.731781905736317739e-01
1.140877022204427327e+00 6.442131266063028106e-01 7.806779352851586085e-01 2.311752170592746403e+00
7.638945988449111768e-01 2.056345270735886743e-01 1.257489303388285018e+00 1.083392383221377209e+00
2.791569960243763138e+00 2.966652152639941489e-02 3.734066675160130355e-01 2.248932821830318840e+00
1.575030282482681621e+00 2.115092880932159414e+00 1.973183382640364414e+00 3.179837877055338158e-01
6.680065600026341421e-01 1.263245542520533782e+00 3.658865473979499572e-01 1.062808285272228703e+00
9.773563623447909521e-01 2.291883267391580770e+00 1.460125653066641549e+00 1.773636233983906907e+00
2.507826700134375475e+00 2.207643238306811195e+00 1.185343255405037599e+00 4.236665713250575838e-01
5.875186178609996812e-01 2.118854076557020460e-01 2.661684715450667316e+00 1.650734028508824780e+00
9.643449082237944836e-01 1.528688556229884421e+00 1.323193411108926520e+00 1.357730998131373878e+00
4.002534520490111936e-01 8.215165741205379679e-02 9.979367328078874166e-01 7.935807448314993184e-01
8.628658454712053727e-01 2.215985173677659237e+00 1.688822164408438464e+00 9.264112520002302231e-01
5.953376402867748274e-01 9.462124148853001682e-01 2.421841059157454623e-01 1.995799871906078549e+00
1.310425476426826608e+00 1.039629142773072612e+00 1.517774000052375394e-01 1.040803874866645246e-01
1.776111123654548152e+00 1.681482708151111893e+00 1.151253948645479586e+00 2.541774713891482573e+00
2.385968617368033229e+00 3.592247013277046208e-01 2.438414522625426351e+00 5.260882872414590627e-01
1.476088517595369964e+00 1.128154365024167882e+00 1.676866051635386823e+00 1.019451029459653935e+00
9.787030232840192578e-01 2.336550222302922641e+00 1.882635140979096677e+00 2.050297118977487898e+00
7.783487789864312369e-03 7.975307963684765689e-01 8.960055035393023060e-01 1.067341141694279738e+00
1.401099867371971563e-01 1.204585158818231250e+00 2.494669956115472820e-01 2.437615719199922371e+00
1.961685067129936400e+00 2.471923071574281039e+00 8.190276665664599776e-01 2.893647805103145565e-01
1.230558171686697122e+00 1.149522935244846167e+00 1.765358801595980021e+00 8.993681981916343826e-01
9.883760253287126041e-01 2.530343414249453193e+00 1.498272883764930397e+00 5.127709089653710306e-01
5.391412268263191532e-01 5.699328373661969316e-01 3.826687448194928121e-01 5.162635641612259851e-01
2.347802375977838363e+00 2.388559866221322547e-01 2.204391327244253684e+00 2.214795084703874206e+00
2.979943468395489070e+00 1.162758875572944328e+00 1.409312222736708087e+00 1.719371670729610280e+00
2.592370704947073001e+00 2.543675890571193587e+00 1.019238571201851906e+00 1.981279655377808924e+00
4.671572750126238294e-01 1.517433815612964310e+00 2.830117403605274085e+00 1.756415941872059516e+00
1.891819871155551447e-01 5.956877196201756375e-01 6.447988086506255545e-01 2.812590996177743996e+00
1.212794264109982922e+00 5.232999726418072761e-01 1.961975458705718989e+00 1.935159349858674993e+00
2.881198090454920369e+00 1.819432689432626482e+00 1.928381701794255887e-01 5.618792193554811298e-01
1.050679042284879960e+00 2.982692846454288560e+00 2.815168853792779924e+00 1.649293836713011441e+00
1.520531803320972264e+00 1.366071606615244793e-01 2.690705557298129769e+00 2.836928409379495086e+00
1.428495542885825254e+00 1.395106111254551307e+00 1.537328431101990134e+00 2.242279298917053687e+00
1.756540534459565539e-01 2.965615336341520969e+00 2.295495377837076578e+00 1.124096935985482437e+00
2.094078386787853407e+00 8.276883160687702468e-01 9.351661404240507736e-01 2.719091744862119242e+00
2.789279572536240259e+00 2.966111146403289212e+00 1.712259977341948236e+00 1.035612782836999202e+00
1.592258771263825645e+00 1.492236078638707886e+00 1.129657256653139097e+00 2.671368330936562341e+00
1.058910311338751242e+00 1.069832122967479850e-02 2.950699883763195697e+00 2.577671282621558646e+00
2.112604252505021929e+00 2.788546714206076693e+00 1.421352666177379875e+00 4.626117565785985430e-01
1.628563542884229054e-01 1.708741207082119518e+00 3.821617208213503591e-01 1.023012262793050464e+00
1.619341802348577275e+00 2.158810787362619443e+00 1.251313809934426757e+00 1.854804252866274705e+00
2.706927961699571838e+00 3.653815990870326602e-01 9.688514542981190303e-01 8.243407508417979201e-01
1.209928244196235569e+00 3.022289754696147135e+00 2.371774281388450145e+00 1.675833781748278017e+00
1.175799296484324685e+00 1.504445602002853211e-01 5.591018265386725750e-01 3.090165350995638160e+00
7.626442297157587369e-01 1.904354768265358322e+00 2.166202766180455708e+00 9.869599624495662971e-01
5.778746125621886387e-01 1.903402352566650579e+00 7.583512513687638845e-02 2.061739746259514394e+00
2.732118603325229156e+00 2.230729698698710628e+00 6.957594846891265172e-01 2.863384267793740445e+00
4.876834137133032043e-01 1.553896935317156336e+00 2.289173545160717804e+00 2.212332247381959327e+00
1.555949395452129069e+00 2.944710766966696536e+00 1.495811184362721979e+00 1.165658023097919729e-02
1.880755868156344546e+00 2.330484870366484440e+00 2.601413667969906918e+00 2.259035655627493977e+00
2.406744463906664411e+00 1.101076535338073814e+00 2.296481666638289898e+00 2.544204679188751150e+00
2.513685734010963735e+00 4.963436235172732358e-01 1.022171154314996389e-01 3.614482442809984625e-02
2.980133230424737434e+00 4.302331613317912362e-01 1.310512492411773700e+00 2.555624726169692273e+00
1.965667702648482340e+00 3.240687406442944729e-01 2.013576646013337523e+00 4.246568859434506904e-01
1.308682797374421058e+00 2.788997462386662463e+00 2.898494882571568620e+00 2.491947116386509897e+00
6.435020915219492599e-01 9.639415406039972822e-01 1.633180792830853489e+00 1.055545978934301576e+00
1.815032408127099650e+00 2.794439489997365689e-01 2.321009312551229886e-01 1.471351752591302242e+00
1.434004914389003460e+00 9.811726503609456973e-01 2.794645343332001985e+00 2.512125502670325972e+00
2.242548879764822978e+00 1.085629729670266386e+00 1.159472729988691997e+00 1.309351190990036384e+00
1.068199559537508225e+00 1.068935070218242744e+00 1.899110016808779777e+00 8.904332706684846555e-01
8.764022346337081437e-01 2.721526133395472669e-01 2.214908514585467447e+00 2.331460854236043545e+00
2.698740200805004097e+00 2.110664168476654279e+00 4.708181427876451663e-01 8.888554128843333402e-01
1.487463050801132169e+00 2.602432286757228597e-01 2.144471134063028472e+00 5.307523525502081396e-01
1.032800660468527143e+00 1.353315789082513987e-02 2.522759236822668671e-01 2.383919531282090887e+00
1.744192378874262483e-01 1.691751174409736658e+00 3.897980814468792743e-01 3.027779017605323642e+00
1.408556108066696400e+00 1.396531055562875379e+00 1.570500040471467240e-01 1.260523694564285035e+00
1.738025076031471716e+00 1.772821780836275396e+00 2.947828479250652389e+00 3.091734095381541980e+00
1.030495472246122590e+00 5.365772802421285848e-01 1.268004700844721944e+00 2.722045674714062002e+00
8.763284533061110534e-03 2.478015313977685707e+00 1.570897305444864278e+00 1.543134415251509628e+00
8.504485711015383753e-01 1.276366408084889770e+00 1.796192717120041360e+00 8.670055927653855798e-01
1.771689277309212995e+00 1.503421118500446019e+00 4.517551733645004952e-01 1.174751434503812142e+00
1.412632460995519867e+00 1.666206329076256543e+00 3.036192572045771421e+00 1.339083555458785213e+00
1.544108911964590769e+00 1.292326207075392475e+00 3.733861152706706710e-01 5.751138428962576654e-01
3.066889151045363526e+00 3.515454555828939620e-01 2.278977874409400250e+00 2.262673800770400145e+00
2.350629033104527643e+00 2.380428943321180490e+00 7.985893105857496677e-01 3.914384142477487227e-01
5.329655468417077158e-01 6.720739046155670138e-02 3.058097367844377690e+00 3.940475895627117420e-01
4.584564579692472774e-01 1.708427438589031899e+00 3.098990703344740361e+00 3.446637451702536659e-01
2.372466030783384472e+00 2.115250562397668066e+00 3.092510533751946955e+00 2.985317557391052201e+00
3.041544795659352207e-01 2.866888735528266174e+00 9.130057395542303667e-01 2.775970180557171929e+00
1.339918530056956714e+00 2.898361303370695641e-01 1.224206925854254280e-01 1.253768726651282306e-01
3.128957925788439010e+00 2.485901090291505522e+00 2.274168092069952074e+00 1.561642867869645679e+00
1.268751268696847623e+00 1.783187677084195011e+00 1.885641478490870604e+00 2.169062894052922186e+00
2.590106378118181230e+00 2.578097575335454028e+00 2.278694535829923762e+00 2.534847939611815093e+00
2.965918740061123327e+00 2.019923761895980441e+00 1.437299324313118909e+00 1.465416294658702379e+00
2.047763254854428450e+00 2.623446671502979388e+00 1.243927823741119987e+00 1.611815372995656137e+00
1.887583438419426218e-01 4.538718035911560311e-01 1.609843677584029908e+00 2.136251808648930606e+00
3.124970896631344974e+00 3.116412487313596991e+00 2.357129287614998070e+00 1.511281732359121666e+00
1.870129049636722662e+00 1.852384426389088734e+00 2.989174840554307822e-01 8.500319610988655850e-01
1.714847525898510749e+00 3.008793252584839983e+00 2.405266924738117762e+00 1.670933214609922723e+00
1.765491612273864863e+00 1.438450945842789305e-02 1.963644902722379459e+00 1.895140866847931926e+00
2.784348979152714065e+00 1.292130969116998873e+00 5.962583155528042855e-01 1.948640537019669550e+00
6.368588458385618933e-01 1.922953910673378397e+00 1.019709128382974284e-01 2.623853611423848098e-01
1.488211045574151958e+00 3.134036069024929816e+00 7.931308114176152113e-01 1.120849085939595646e+00
1.361307613884793932e+00 5.599129755319591784e-01 1.145513169503704354e-01 2.743333386534701490e-01
2.293455749091941165e+00 2.181915046930816171e+00 2.360290958886384960e+00 4.195884123418874290e-01
2.075194476464663929e+00 1.789182472249518208e+00 4.331552524261949033e-01 9.638102390636240635e-01
2.342799773672833014e-02 2.542470611039556516e+00 1.824941303793326197e+00 2.565388333754214489e+00
1.594423736833946226e+00 1.778175224316435044e+00 1.236125012113367339e+00 1.705426681300690639e+00
3.110140055942287596e+00 2.260184289581355366e-01 2.807436256526158580e+00 9.389040883349697442e-01
2.873453610119349744e+00 2.080687431025283640e+00 7.282584166858734331e-01 2.571864132554950277e+00
2.521826803072876183e-02 1.584086228191613266e+00 1.007270869852026296e+00 5.316304884738998204e-01
1.282200648481172767e+00 8.797744895401639342e-02 1.964940760134675557e+00 1.062089603363336243e+00
1.429613910917829411e+00 1.783937179938053008e+00 2.973819132697399947e+00 9.165735622812780647e-01
2.502012670002732087e+00 2.364987320091216816e+00 2.146243802400107814e+00 2.325172183419326633e+00
2.495132562767558682e+00 3.695882281044439166e-01 4.279986462797616964e-01 9.215862988849649051e-01
1.334256799991211384e+00 2.994540497202156093e+00 5.187157239442212742e-01 2.892678527101240071e+00
2.412853166429797191e+00 4.419721974428345579e-01 2.478089610293384926e+00 2.144984718876304708e+00
1.487334181583509496e+00 2.238745484592254975e+00 1.626621454527299449e+00 9.491286984924976466e-02
2.345130692391020233e+00 1.952157785325491002e+00 2.503288121731548799e+00 5.587099672252151539e-01
2.071211611420903154e+00 2.048671400149042920e+00 2.142622948257147719e+00 2.235094662630291995e-01
2.132226524242870180e+00 2.175682455112154301e+00 9.714679659592855288e-01 2.265928754896771480e+00
1.576343906755735214e+00 1.905073758639420189e+00 1.937727198678705909e+00 5.911569839970148843e-01
6.403563582457230119e-01 2.882193093785973215e+00 2.150566923141044584e-01 1.551218516124335478e+00
1.658026348270242867e-01 3.067758619808890863e+00 2.518829519710239051e+00 2.097258067031796624e+00
1.276951640180852499e+00 5.753262946737845995e-01 1.232066886274982842e+00 1.513579695270329817e-01
2.503007100915320748e+00 9.893911446773731022e-01 2.041142567352543846e+00 2.741150991583089613e+00
2.945913720466856400e+00 4.233264929080188255e-01 2.694851451623119232e-01 7.505057870142991527e-01
1.783840366376091557e+00 3.829332153270830208e-01 3.112416745143977259e+00 4.842465453495750083e-01
2.354571612420247595e-01 2.049506970018572627e+00 2.092219138472025897e+00 2.117750648645341016e+00
4.714293675527725935e-01 3.048188283128819176e+00 1.314442216630242521e+00 3.342090972870689902e-01
1.971502481894318759e+00 1.872524491876489117e-01 1.745125348052775083e+00 2.254540158930529614e+00
1.209990415054557289e+00 3.114249588030008287e+00 1.121008024010160975e+00 2.838913895765599715e+00
1.273996773895123669e+00 1.873143390980226419e+00 6.026940172462088574e-01 4.356693127190104931e-01
4.230801751342777028e-01 5.520579811621131316e-01 1.701491405665770881e-02 2.788494109899459783e-01
9.855290699220674577e-01 1.386182543537870071e+00 2.956803316163239437e+00 2.441315078087418211e+00
3.105082412376010570e+00 1.918123931965945550e+00 4.185006461711722747e-01 1.251725254587452874e+00
1.112856608848205253e+00 1.286202940023948305e+00 2.388940345748737037e+00 1.843462056217222589e+00
8.237819417195906269e-01 2.416900030117100862e+00 1.875342609461659205e+00 7.639297077768261168e-01
1.223448719940539942e+00 1.203034989764972362e+00 1.929824571523439891e+00 2.936937196938287364e+00
2.983775588800947176e+00 1.857913300310265192e-01 2.401665575164593669e+00 1.539028689143190354e+00
1.204444330747202807e+00 1.314671451871065155e+00 3.893449111811039809e-01 2.203950308726246643e+00
1.125504532840142069e+00 2.452476912901929984e-01 1.578589886410835197e+00 7.511784635481904004e-01
2.882849300658271385e+00 1.461485372967065433e-01 2.825518702901077539e+00 8.229907160665674015e-02
1.655273886457113042e+00 2.805770498902986354e+00 2.543181326140298459e+00 1.719623582910917992e-01
9.478896115506187936e-01 1.705023559541258615e+00 2.172668708529122306e+00 1.413600909930388561e+00
2.779592481314841379e+00 1.925791195177956716e+00 3.270395101050262987e-01 8.397317779578810093e-01
1.768363685505470739e+00 5.787062023048770154e-01 1.026669686058487407e+00 3.100354924042933114e+00
6.947241712636104127e-01 1.494813311795848421e+00 2.307391312072919920e+00 2.659186268481487758e+00
2.902362207141388595e+00 1.035301635595291314e+00 3.055607572295217178e+00 2.116108152507334861e+00
1.229523020537027111e+00 2.398449276139419162e+00 8.790092745882223113e-01 1.831220993928240892e+00
1.102726993546881529e+00 2.884240475324240993e+00 2.060211200506772977e-02 1.859390972328242020e-01
1.062622418463201157e+00 2.450016601882689660e+00 3.354374941835529533e-01 7.063550646611564954e-01
5.803830305220434305e-01 1.032200578624352660e+00 2.764153288120235974e+00 2.536880194720369630e+00
2.860424187141142660e+00 2.398566215729200923e+00 8.748482624570040889e-01 2.881407552194877209e+00
7.723493776776362285e-01 2.814891881719208566e+00 2.931808229026489965e+00 2.271420006773331224e+00
1.001958595395874951e+00 3.014879352694405323e+00 1.825915088469418079e-01 1.650866833000944611e-01
1.296300740635651483e+00 1.753039479446478754e+00 2.531211362969981504e+00 2.403650784253761774e+00
1.616144155075013300e-01 1.536102155631430488e+00 2.795027574261635728e+00 1.830060480956384295e+00
1.514892925025875803e+00 2.924691649543408989e+00 6.697448068809486177e-02 2.699715373259419682e+00
1.747075681165042971e+00 5.649923896965413084e-01 1.648267092754426733e+00 1.025123077386939752e+00
7.075598781806395898e-01 1.762907054940551888e+00 2.005115760208312725e+00 9.220013520356976633e-01
1.089830174013511899e+00 2.615666564016747575e+00 3.047291875360392144e+00 2.300020055707122923e-01
1.726707440188520959e+00 5.207805746502729149e-02 2.509425913756682114e+00 2.162177963623292509e+00
2.809135386916628896e+00 2.212781416941723922e+00 1.266626925099604284e+00 3.421560953415473949e-01
7.029450599950538559e-01 1.020176219848825783e+00 5.771608846649435298e-01 1.991667175184729244e+00
2.900861121841141976e+00 1.864087189925191401e+00 2.615066283124474644e+00 6.914706923033970831e-01
2.052416937826148757e+00 1.123040353337140695e+00 2.997502306448081910e+00 2.688826830141759938e+00
2.307434091568853152e+00 4.862184508534783678e-01 1.511474378010749575e+00 8.289361345275981716e-03
9.182674719848178402e-01 1.392217373016064075e+00 6.792151440089616576e-01 2.248702653911607285e+00
2.746063459958750563e+00 1.604902145217928178e+00 2.993804291553409103e-01 1.411522718803703613e+00
2.744420418805352480e+00 1.070243133682696572e-02 1.252916870607046151e+00 2.531451895058921320e+00
1.738979345968755030e+00 6.503434142538817575e-01 2.412304657214932035e+00 7.303686651771013061e-01
3.120362971588514167e+00 2.043214331156951946e+00 7.026116294443289778e-01 8.010554242076342035e-01
1.692419288664023802e-01 1.367415012487899484e-01 2.149508483332249309e+00 2.759502065037958918e+00
2.429349629624630413e+00 1.127029656701553084e-01 2.621960906820695936e+00 4.046740643430843387e-01
2.468129457312183472e+00 1.215994804617431146e+00 4.442765107858839269e-01 2.747217180478350063e+00
1.496872810549185473e-01 3.046454718204976597e+00 5.945002943874467816e-01 2.225671231295049068e+00
6.482809306232449886e-01 2.345922604522806765e+00 1.412279391002036477e-01 6.332099995679874027e-01
1.380284261784058275e+00 2.733085928929952946e+00 8.592024756427604215e-01 6.489512333646292319e-01
1.513926087331793680e+00 8.636996514815377113e-01 9.773961379289166640e-01 2.516924212547094974e+00
2.996844409024281397e+00 2.013221210160150321e+00 2.353642619200649669e-02 1.937413994302607634e+00
1.438418593946021451e+00 5.064865697117142407e-01 1.341236359169598380e+00 1.381068621586770018e+00
2.755367034736032394e+00 2.756928046313181113e+00 3.113878918599417123e+00 9.837173349588156090e-02
2.461430949504037180e+00 8.855598661694209506e-01 1.049659372510029165e+00 2.168568600134616275e+00
9.306988422168203101e-01 2.713637700955835008e+00 2.749812584477825617e+00 3.365268489646201511e-01
1.030496300111516828e+00 1.442325711428861679e+00 1.279460133268414346e+00 1.365465425443284919e-01
3.061411158320116455e-01 1.037827228496467774e-01 1.825849628191999585e+00 7.309817756420672330e-01
2.377170951548027045e+00 2.790101933503858156e+00 1.562865093020416873e-01 1.004657466990646730e+00
3.116127153324734222e-01 1.918308892740614002e+00 3.272008959254728566e-01 1.918729685966006793e+00
2.842959867520784112e+00 2.675313539724061496e+00 5.379266957558399564e-01 2.469545971125548106e-02
3.007981228537127905e+00 1.284944100267864098e+00 9.645014790821349049e-01 3.055020085306043853e+00
2.474254360669456143e-02 2.078906191763548961e+00 7.654001173796987079e-01 9.216602457577057761e-01
2.173578899491805938e+00 2.511761741734668818e-01 1.724250361461941550e+00 2.877542314263628942e+00
1.466275394635354890e-01 1.953462243789657604e+00 2.111687001343769410e+00 2.550769698673609920e+00
8.806336528996753232e-01 4.455702843426105897e-01 1.270440630980588237e+00 9.009369116411208855e-01
2.115699303787466068e+00 2.373236088965412272e+00 1.823397029934687108e+00 1.856760195740772001e+00
8.765718776294249004e-01 1.557917929169589655e-01 2.005435990706245786e+00 1.984614280589484858e+00
1.745073559994793078e+00 1.940127653904768934e+00 7.662068682031851763e-01 1.555248513806418431e-01
2.438563821045126367e+00 6.729991205943556265e-01 2.007726007087000220e+00 1.003130187183421951e+00
1.310229876277527516e+00 1.793771400017429185e+00 2.525987114498533082e+00 2.579153697222315689e+00
2.611384636048174279e+00 5.886546870509954399e-01 2.305695438275533471e-01 4.634204337310572352e-01
1.059462509848408507e+00 2.949115795871739998e+00 9.185631990713774564e-02 6.115546305377805858e-01
2.930319768705818451e+00 7.579377717473713139e-01 2.223122053851638746e+00 9.764405974308254521e-01
2.467820673548858146e+00 7.038420803964799966e-01 1.006293777506008347e+00 1.005170750041960021e-01
4.253970996365359913e-01 1.744372597843806494e+00 2.300346426423448776e+00 2.886975120910132642e+00
3.057272373730947290e+00 8.281310860878117186e-01 7.188407420020677119e-01 3.225022261291757841e-01
5.398880450838939860e-01 2.391212647193342367e+00 3.682152921566279602e-01 1.752749971169195842e+00
1.275701926966393396e+00 2.079254472314307378e+00 3.085958906506993227e+00 1.772562862423982255e-01
2.494107056729058858e+00 2.162226808545694379e+00 2.503119585819373327e+00 1.218274584213385886e-01
2.134078814002327906e+00 2.702836799674253054e+00 1.293239313631785681e+00 2.774872758610979151e+00
3.093058137790610562e+00 2.139093856629433077e+00 2.877210786353817440e+00 5.516954754432094044e-01
1.109512336224969697e+00 2.642061785670578367e+00 1.669007224397186961e+00 1.286047102293348843e+00
2.841824507749521445e+00 5.573480386233968797e-01 2.116783902854666444e-01 2.493144993090128825e+00
1.629846778856102851e+00 1.717871044481940057e+00 4.362682950988983621e-01 3.033561561533673970e-02
2.062586729269761943e+00 1.205143205140624563e+00 2.152504563307223451e-01 8.616161639485132584e-01
9.301464948782270925e-01 1.292751302088432253e+00 2.036908798772620877e+00 3.014497311141353553e+00
2.119464146947994454e+00 1.141560409075193405e+00 2.130279820315974515e+00 1.526268097597333728e+00
1.096991397565572485e-01 2.163661448536866150e+00 9.284364442257947436e-01 2.232275937910392027e+00
2.209577705886998533e+00 1.143170762249186678e+00 2.006796940289961029e+00 1.946707013315725820e+00
1.777084663023233702e-01 1.481649846286401839e+00 4.202345179822608578e-01 2.078530827841825079e+00
2.004751751486756328e-01 9.536864381761168685e-01 2.906577500310452145e+00 1.444268711817608963e+00
2.244701394637449887e+00 1.539604826222586764e+00 2.951156119248055543e+00 3.035367408324330274e+00
2.957109961426185762e+00 3.072595653970800811e+00 1.477111412081334674e+00 1.466391051529832623e+00
6.641880899050665032e-01 3.620018531488281566e-01 1.472094576811120659e+00 2.209029600159277518e+00
5.308385506696340350e-01 3.125282256507945222e-01 2.415989073682315968e+00 1.499845756977120415e+00
2.773037436991412363e-01 1.440629466401252223e+00 1.873817156619232316e+00 5.910764465392257527e-01
6.221490123626215452e-01 1.092224571106370279e+00 3.074122829604571283e+00 1.517391867207849243e+00
2.484866840784432096e+00 1.884667932342090291e+00 1.119924545786884496e+00 2.915646088487145793e+00
5.293601893206432152e-01 2.868614279681479751e+00 1.453424216615493703e-01 2.344262992528959089e+00
1.647405150803279650e+00 1.116785392974802837e+00 8.910870438724961540e-01 5.638567259386347008e-02
1.512181664048338092e+00 2.534882888559228054e+00 2.941227720889646680e+00 2.904426427393608900e+00
2.930466452047114867e+00 2.174932453075816952e+00 1.146613079272601698e+00 1.788003628206093154e+00
6.619819835083964321e-01 2.149404325478171618e+00 3.025508965976991149e+00 1.790938098604742290e+00
5.350089291322155521e-02 1.519721749368267760e+00 1.994465204570000649e+00 2.641994320579177824e+00
1.948017663830156287e+00 7.451138826966009487e-01 1.235368956188832135e+00 2.637573944413366345e+00
1.604304020436776446e+00 1.240822401708940426e+00 5.640240420884131689e-01 1.609213421847103032e+00
1.907056663781155237e+00 2.591171540561828746e+00 2.352377928579291400e+00 1.882520446450866025e+00
2.030229690273862797e+00 1.008187232385167276e+00 3.477777765714344937e-01 2.512720865614124222e+00
1.672543947618778226e+00 2.074488821742924038e+00 2.726794751643908388e+00 2.813004707436255636e+00
8.478046317069274362e-01 1.854879300062682590e-01 1.368002055245304938e+00 1.396064644121222331e+00
6.290836675235427222e-01 2.790899864736667624e+00 8.410050530776715938e-01 6.784336597323402662e-01
2.068890367387700380e+00 3.582139769165706422e-01 4.580267559140266953e-01 9.014496813754162563e-01
1.561393577544568867e+00 1.857727988711406875e+00 7.056024092621132615e-01 3.155837652366707546e-01
8.262060482812590978e-01 2.673290316872774408e+00 8.579929228106333294e-01 8.024605614169928458e-01
2.453114526531355200e+00 1.303051132308485682e+00 1.926709883221052522e+00 1.754415499778487542e+00
2.141781878140748552e-01 7.807447596141989798e-01 1.517238189629238398e+00 1.901935609601416832e+00
1.199172569365765328e+00 2.672481142671032650e+00 1.295413060252966986e+00 1.754314245817552020e+00
2.914682949524370681e+00 2.456334137299286180e+00 1.575320437147605723e+00 2.976996487580055639e+00
6.700589156222903631e-01 4.862483872432159931e-02 7.075096857641103298e-01 2.677246780477337218e+00
1.660086216330123765e+00 1.503347369545791290e+00 8.918244199623158730e-01 1.915016184109918640e-01
8.133569317348793293e-01 3.020211931094705538e+00 4.822783027891962560e-01 2.977978191540666675e+00
1.560466495253396868e+00 2.567448703659361176e+00 4.701964652339015172e-01 2.973562705714679621e-01
4.506754047253416773e-01 1.552465323129640362e+00 7.173673070687625053e-01 2.487193123527598360e+00
3.170480440370175290e-01 1.027079675946619641e+00 3.013247404871915336e+00 2.077501727697641964e+00
1.776409315206832762e+00 1.172735529138660748e+00 1.969851353724374476e+00 2.293808437746628126e+00
1.270255248450491203e+00 2.719883715092433984e+00 3.020246610238387142e+00 2.675533364469233177e+00
1.502528625008337171e+00 1.604415376382152481e+00 1.900939570381746879e+00 2.800582503814641466e+00
2.406864336996684006e+00 8.603972004674423912e-01 1.903968045277092624e+00 1.196378918966590321e+00
1.103495434718979817e+00 1.002803241902411990e+00 2.241810984436123810e+00 3.942817169748141226e-01
2.585938026127779232e-01 6.638099656412123073e-01 2.558419148007428645e-01 2.852717425750233904e+00
2.398599785793130934e+00 1.351006745419043753e+00 2.920772383969236330e+00 2.676359492542039309e+00
2.426101217429437185e+00 7.605220350646231253e-01 2.688589884269477093e+00 3.142414914106708701e-02
2.205428707442242509e+00 1.696959874637467003e+00 9.717977740530543418e-01 2.445104525591779598e+00
5.568874032690162013e-01 3.436030214389658166e-01 5.884217335300458984e-01 9.486990597727852637e-02
1.019344478178870972e+00 2.784787196929967124e+00 2.287895387406442271e+00 2.372697745545278458e+00
1.639891943171910116e+00 2.283712583899805360e+00 2.920351919272697216e+00 2.206047362387719701e+00
2.170327483436608418e+00 2.063095345157937466e+00 6.599357188993772994e-01 5.071925614858081161e-02
2.802635343335503626e-02 1.596155728947423968e+00 2.888879523176413500e+00 4.195889763368306213e-01
4.552963655789064035e-01 1.221441322978453342e-01 1.975893300714001155e+00 2.502544582360009873e+00
4.338437143073008428e-01 2.869134457917368763e+00 7.294080550617133563e-01 2.774079419296954452e+00
9.452573477676219360e-01 2.809893121076529887e+00 2.723004814608805280e+00 3.045371675023802904e+00
1.983126460773462885e+00 2.598053920330220645e+00 2.255694019721829591e+00 1.989701659560466185e+00
1.894286152601938611e-01 2.803706845193516095e+00 1.028377807813116440e-01 2.901910522501919498e+00
1.636555289731830953e+00 6.248037239239362384e-01 4.444265936005459272e-01 1.329936234329726519e+00
1.945902903914172644e+00 2.794425925893808227e+00 1.669237919920686597e+00 8.595614569189429233e-01
2.781970846090425997e+00 1.552138264295078951e+00 1.807781299417766663e-01 1.170841849901537168e+00
1.791944692989886345e+00 1.712366213540396753e+00 1.887004192025498517e+00 4.255589703874744223e-01
1.286627949091410317e+00 3.087003273153789085e+00 1.613584469382909115e+00 9.534237176829037930e-01
2.434766762570491849e+00 4.866610193402576279e-01 2.432648192087479178e+00 2.825612840926905803e-02
1.240795244392152830e+00 2.764226962723594916e-01 1.733329764202192091e+00 2.908914723286569082e+00
1.421599594177949344e+00 2.847712657343191900e+00 2.851760297823146217e+00 1.348299587954369327e+00
2.284324929044577068e+00 5.751781692277231350e-01 3.103734837893767362e-01 4.126437488337418857e-01
2.156984134904700756e+00 2.095693964878678539e+00 2.128218736434444314e-01 2.807563536926756864e+00
2.712989784285081196e+00 1.709239130046467103e+00 5.442162508021858303e-01 2.807866127157955471e+00
2.625007718309501303e+00 1.019496285360154797e+00 1.460978732663735791e+00 9.830276739018931620e-01
2.594799895754883456e-01 1.381194073216554408e+00 1.058966572489517421e+00 2.152214309162674866e+00
9.944456611597461693e-02 4.788123662804949499e-02 2.750399863428478753e+00 1.201764938396296500e+00
4.011704691262767963e-01 1.417006363009047032e+00 1.826391515603045801e-01 3.084009615644964342e+00
5.307762165711293889e-01 1.964266844883315821e+00 1.708549826152658158e+00 6.162135422192488443e-01
2.388438700764385914e+00 2.279226795560719054e+00 1.193658479002641215e+00 1.546277085896113013e+00
2.012548897223294553e+00 1.426752106955124333e+00 2.376847878022952720e+00 2.914763550918403112e+00
2.248838800371158353e+00 8.089414411605422295e-01 4.911875997890656209e-01 1.778570679086733178e-02
2.453340609174914810e+00 3.137118648657283848e-01 1.735174386269061841e+00 2.163510958813626761e+00
1.769554788681109381e+00 1.411268751970873092e+00 2.126852270266348377e+00 1.142361663906376945e+00
1.934345027214549040e+00 8.989552807177241256e-01 1.988498897807230881e+00 2.776657165253306747e+00
3.014862403793827639e+00 1.877033249794892500e+00 2.021374218835478576e-01 2.261357678456873632e+00
1.998678065709670104e+00 3.062906879676563943e+00 2.939819579784629600e+00 1.194428022407897361e+00
2.913203117092567407e+00 2.104362664799421245e-01 2.206472690580470353e+00 1.903840531833505656e+00
7.379883388263770438e-01 8.441885664036027359e-01 8.744290288694293034e-01 7.285752649684026361e-01
6.602825921233153039e-01 1.856659925407292189e+00 1.326502335012934131e+00 3.968548541514233530e-01
2.214500289335487260e+00 3.004440514202547430e+00 1.728784999947018175e+00 2.665952403166472084e+00
1.911915423524475632e-01 1.265091160457327391e+00 1.263858733937217149e+00 2.698834556380499627e+00
1.474164913717485259e+00 1.688783315810076235e+00 1.877632954534414589e+00 1.037839852962978648e+00
1.816386861783912066e+00 7.435794527608962090e-01 2.807812659880228878e+00 2.811303333054766540e+00
1.778975445186523174e+00 1.145688823054325178e+00 6.557812226312478288e-01 3.777615679008322624e-01
1.357120402911098367e+00 2.593505132011082903e+00 5.274126880167255838e-01 2.493142123999221749e+00
2.239366314021167259e+00 1.223579849388386931e+00 1.067174375135647280e+00 2.077396311124670714e+00
1.511907691124126263e+00 2.615924473574094744e+00 2.422171524307891399e+00 1.156802053072053749e+00
2.782345867277508766e+00 3.566847205722582514e-01 2.046371978242789602e+00 1.220181082020052044e+00
1.348953637409081363e+00 2.004716978759300827e-01 2.646179202348297288e+00 1.439883358118273948e+00
9.813371917743723971e-02 1.723711003273167841e-01 5.998832417927979499e-01 7.526772088636182190e-01
2.365284985903972181e+00 1.875839720738025740e+00 7.591932406453216764e-01 1.320680728656513647e+00
7.947965060962392664e-03 1.556093266716186641e+00 2.379306448396052431e+00 1.129533992274893706e+00
2.973189664103939478e+00 3.110022945606329525e+00 2.718019112046903274e+00 1.498792419364601836e+00
1.457449370187478888e+00 1.509366338905161697e+00 2.373044287553322196e+00 1.343047668139961015e+00
2.687577043412881395e+00 1.522298285737193835e+00 3.080445147954842700e+00 2.758135543841428117e+00
8.174752851760871408e-01 2.341059004738339500e+00 9.012399545044293969e-01 1.590699326095085020e+00
1.413559778789867716e+00 7.109412663147641753e-01 2.850198312316914340e+00 8.436865353542185586e-01
5.580944321354819326e-01 2.126201269206987043e-02 2.708269329163342398e+00 1.302969638407233566e+00
4.110882038129109461e-01 1.819373160588421134e+00 5.220437395043746598e-01 2.589639003878985157e+00
1.146139807984284387e+00 1.971540126448122709e+00 1.528532955982056851e+00 1.121524305614016503e+00
2.137877008488751507e+00 2.708583035841305442e+00 1.975231685099904322e+00 1.183195580447297779e+00
1.992078182786105600e-01 1.647017596885586299e-01 1.307137006818795966e+00 2.273500789077983253e+00
4.198829043917876591e-01 1.616623058892141307e+00 1.663070307355516197e+00 3.089332520188373454e+00
1.383885218587924681e+00 6.649089962444503232e-01 2.465489687109056138e+00 1.146510739142463597e+00
9.937679114335137842e-02 2.022534117996231728e+00 5.152329056573466959e-01 2.247901605627533606e+00
1.347904390685391141e+00 1.976536964198682300e+00 6.556782024613831972e-01 6.046026501357865124e-01
1.277373364230334651e+00 8.740593726696286314e-01 5.458970180850192255e-01 6.113908883691701046e-01
1.933737993381744680e+00 1.573067304675233036e+00 4.529497956289457172e-01 2.223878068255960905e+00
2.783719185115793859e+00 1.868442854950374654e+00 2.834962853355661672e+00 1.371159733792298052e+00
8.749156316119539589e-01 2.628773090697509307e-01 1.416712520421810950e+00 1.460355323682103190e+00
1.090410515295483718e+00 2.148243638109329723e+00 2.378524291439628069e+00 2.459686192021160789e+00
8.763424033618091302e-01 7.264025038043336879e-01 1.673944442330363991e+00 1.653648965891255207e+00
2.656828161014461731e+00 7.866980457959730222e-01 1.749981526017957700e-01 1.412076467216938580e+00
3.014412999608044874e-01 3.102696426783938755e+00 5.798104118482269032e-01 4.256619169494920557e-02
1.655106696301685387e+00 6.797719919544815692e-01 5.996868237730461626e-01 1.315705102989552788e-01
3.608907674927250286e-01 1.455548792298588134e+00 1.300296179867647339e+00 2.527331576850812223e+00
1.727843864541953822e+00 1.499135137729225908e+00 1.943830231661023866e+00 9.518202334332422909e-01
1.703966155141783290e+00 2.108237832735991635e+00 2.346533916648388285e+00 7.855872598576235655e-01
3.072333076400216356e+00 1.438885179965941896e+00 2.019539918411112911e+00 2.140818435850307733e+00
2.860476354143743905e+00 2.002254534546403342e+00 6.381113062542484449e-02 1.195122033918408766e+00
1.945648593285614070e-01 1.801549769923692201e+00 6.990869675035692177e-02 2.019515226798612728e-01
1.076698106827496559e+00 1.614908824734904380e+00 3.010044020735372250e+00 2.996509629933144403e+00
1.591835027580413175e+00 4.123444840660073218e-01 1.425827564847659712e+00 1.380251483711686600e+00
2.696078736408797916e+00 1.080274850301889522e+00 3.061773664593276045e+00 2.592609656835148102e-01
2.766114967896398991e+00 1.039729655948163467e+00 2.899871483691078833e+00 1.531245912546572940e+00
2.935400085659417346e+00 4.738438837098516432e-01 3.137929452249455409e+00 1.564621684994946804e-01
2.173251699866113107e+00 2.580734043737060279e+00 1.289141340570158167e+00 9.598904956116636189e-01
9.927349833408740665e-01 1.861010319997787432e+00 2.256859759030260371e+00 6.669322542908973084e-01
2.707632844972161834e+00 2.261428870087510923e+00 2.043893801078849659e+00 1.557252525438571178e+00
1.470856783715049909e+00 9.557345963420877943e-01 2.063747752762521148e-01 1.644157725495339673e+00
2.666931509046869264e-01 6.229816562634877819e-01 2.060597582676210404e+00 2.283474110532449863e+00
1.394667490940583843e+00 7.039062170688905606e-01 7.705460326646099839e-03 1.474836879534166867e+00
3.059913932562341898e+00 1.566412319962846578e+00 2.269821343695642035e+00 1.886670313721156234e+00
2.514166404197035742e+00 5.553715307778586130e-01 3.044569036557161823e+00 1.186982419804115230e+00
1.985778650568004622e+00 2.636934859349471694e+00 1.539264450714818544e+00 6.302212005099956382e-01
2.751064032754161115e+00 1.048572261673585304e+00 3.897589188834996166e-03 1.965567201302852451e+00
1.604551903611350250e+00 1.320410409166590471e+00 6.056690168104521543e-01 2.260781142156307322e+00
2.110567763383992101e+00 2.051595313999932113e+00 1.840020602202724898e-01 1.924543726682393041e+00
2.943571901097233212e+00 1.488743149580143976e+00 2.703773843355204765e+00 2.509509139819433798e+00
5.728464750237903802e-01 3.298357224854666092e-01 2.667323516130896355e+00 5.204914589876571407e-01
2.082322995319017434e+00 1.570607788754333933e+00 6.728667733029362885e-02 2.387654440881890050e+00
2.232117486845076382e+00 2.413097013961591930e+00 1.483455254941114243e-01 5.597866878406331237e-01
1.525415353394394824e+00 2.782884952968469605e+00 5.036802747307888017e-01 2.248527349640599748e+00
9.057527218240921107e-02 1.233094148089576514e+00 1.213550783104897057e+00 9.315798018464021002e-01
1.005190132630666922e+00 1.887774788459245956e+00 2.650948340606305464e+00 2.143770945235969450e+00
1.697672246767143456e+00 3.001069002190211776e+00 7.291788331243478916e-02 1.644281433828097105e+00
3.289537709710995683e-01 1.173780757179347489e+00 2.111662171328543280e+00 2.785074762121533265e+00
1.244008193922476746e+00 6.448664935385037822e-01 3.061352859019010442e+00 1.331939946141009079e+00
1.408872551350975222e+00 2.766114369408928741e+00 2.481518228074102161e+00 4.908799880835684054e-02
2.630979911802581173e-01 2.435172290016314189e+00 7.952676446450146486e-01 2.757403258912002331e-01
1.838532554859763080e+00 2.885152167655864019e+00 1.218390687887680679e+00 1.304367693806802286e+00
1.688415384454965862e+00 3.652767850733100730e-01 8.352913620707715925e-01 2.141719021180955362e+00
2.653891192040203073e+00 2.854631655276622659e+00 2.150751314777898937e+00 2.966821364826186080e+00
2.921855990644874002e+00 2.166543090479325251e+00 1.941204254584119049e+00 2.247628982942318832e+00
3.472691555092556337e-01 1.306541033849551336e+00 2.949053407381605485e+00 6.263818511622211427e-02
2.194260550646438546e+00 9.894792250035625569e-01 1.688939684556233223e+00 1.766273749411864769e+00
1.840917558219872519e-01 2.931433986394107905e+00 1.472388171811610524e+00 1.495466767438091482e+00
2.666727964630354109e+00 7.311691317468989315e-02 2.644871744115302459e+00 2.865091387103875675e+00
1.642849905157834245e+00 4.722413212024795803e-01 3.852903927712753585e-01 1.043435613955136398e+00
2.198116802628208077e+00 1.677553088928489533e+00 1.309001626589307632e+00 1.233289338487613351e+00
9.337397053394468349e-01 3.215234919117196943e-01 1.142974559359546838e+00 2.646689661428629936e+00
7.669218650522541258e-01 1.189238915394531082e+00 1.671276826791682435e+00 8.715079039298356811e-01
1.380121094213559108e+00 9.562943890090195298e-01 1.045285194645822147e+00 1.567881563066525930e+00
5.999023683627385806e-01 1.752125464778950592e+00 3.394350336562880210e-01 1.524238939562809314e+00
2.454184870212401393e+00 9.971041025994588358e-02 2.947756967739073808e+00 3.063598805788691593e+00
1.844634576704682560e+00 1.283789407421863649e+00 9.016950396891937336e-01 8.617559181213648722e-01
3.057250859341437366e+00 5.523256644410885485e-01 1.373748867046441502e+00 3.031495939728596323e+00
1.546590950176573998e+00 2.339202319312866596e+00 9.449953515901106105e-01 2.008266057047828568e+00
2.278146818019372244e+00 2.849594554042341965e+00 1.721728540812687003e+00 1.439895674793866487e+00
1.369349302437597560e+00 2.726400602527006445e+00 1.699168334103824618e+00 1.183423166927796144e+00
2.367403633473922575e+00 1.804230385015875626e+00 1.660671574748983914e-01 1.531829037737897803e+00
2.306391644415616504e+00 2.377980255473882032e+00 9.427852839079171599e-01 2.125680424125158119e+00
1.639729099948297408e+00 2.048078687540195286e+00 1.792392057836317720e+00 1.435123524303740794e+00
3.044747956008094114e+00 1.734303619338040670e-01 2.300131370392304753e+00 8.291953071290995847e-02
2.577637955392879654e+00 1.014347311156096998e+00 5.779822210002314442e-01 2.562940610024688315e+00
2.207918499202849993e+00 1.653824966634807936e+00 1.516055954782120851e+00 7.302559804323507375e-01
5.403490349386612657e-01 1.764098440527072542e+00 1.041109786788063235e-01 2.246046485864864106e+00
1.939687140996952275e+00 1.927284506758979887e+00 2.705676267917219047e+00 2.371552298969451744e+00
2.577710230289234516e+00 6.548331553326550702e-01 1.851909549064269189e+00 1.980373130301219087e+00
8.636129216093124672e-01 2.966518620286207497e+00 2.143259674526095893e+00 2.367152627032464540e+00
6.784412934548718077e-01 4.916699211452724150e-01 2.502227312726261310e+00 6.386216354514057114e-01
2.698451129127992232e+00 4.670748499283109423e-01 2.943263916954723669e+00 6.244402797542356609e-01
3.072394587159498869e+00 1.487521437641555533e+00 9.454105206394769478e-01 1.407396582158907616e+00
2.828199331066763467e+00 1.690464752513494817e+00 5.005635869205539157e-01 1.154386936246576401e+00
1.283848735662115770e+00 8.384611314566102758e-01 5.335952179301967774e-02 1.327901172898961590e+00
1.946538172983481640e+00 1.439027183705800184e+00 2.913471356726497763e-02 1.599951936694803845e+00
1.812799292027603038e+00 2.974286403539724066e+00 3.135686009002787600e+00 8.890530974443263679e-01
3.101096322591101906e+00 2.502311973539924406e+00 2.995570201228862750e+00 2.165720427764849187e+00
2.936887649046675541e+00 1.899674305138369546e+00 1.451141861586114912e+00 1.925244540794108561e+00
3.075247365172200098e+00 8.588262183402496364e-01 4.725394549554173262e-01 3.322275974783042152e-01
2.610861684585306541e+00 2.214793974759740269e+00 8.761011425024207711e-01 1.546167028816828770e+00
2.388485410196151459e+00 2.449987296275924820e+00 6.365607201101287638e-01 2.714026200139048939e+00
2.991872590197472093e+00 4.981952629610279099e-02 8.122014328885375223e-01 2.875612240698656841e+00
1.459568094820260731e+00 1.048302595019317662e+00 1.603597619173046662e-01 5.623004104004410975e-01
9.262289685260445271e-01 1.222578884833972618e-01 2.397356846855339452e+00 3.051964553157122673e+00
1.180111951967324657e+00 2.340512077574140370e+00 1.378098339532751071e+00 5.324116987193955319e-01
1.023743957351822331e+00 9.330686233996738910e-01 2.968054680703370529e+00 1.895787490209130954e+00
1.734261325815948940e-01 1.281620303860888432e+00 2.641766906704725582e+00 1.850696627742971723e+00
1.563707873107106794e+00 2.277587310720385894e+00 1.296571381369905795e+00 1.974948579783502023e+00
2.743026119312142352e+00 8.562532732268212099e-01 1.626067215451474146e+00 2.019521217014522918e+00
6.755483141030378391e-01 2.853422453746089271e+00 1.820423284408464015e+00 2.648355016062248435e+00
2.727551629977183811e+00 1.954868663842862953e+00 5.127152879875622737e-01 1.679707866493410862e+00
1.644404146012894419e+00 2.954747387228585653e-01 2.502594765760993045e+00 1.008155249119474295e+00
7.456291091530902193e-01 7.689332960598650457e-01 7.763073616379280173e-01 4.675941083227472816e-01
1.814597131109879413e+00 2.621080566818784874e+00 2.997006614934607516e+00 1.280627198638884856e+00
1.454623084741572647e+00 2.311340993984732251e+00 9.236097383532151373e-01 1.613329996127485844e+00
5.809321938366521776e-01 1.849462138226781516e+00 6.205760828866415876e-03 1.444734262075800135e+00
5.928749020939459990e-01 2.420707898403623659e+00 3.731207014161276592e-02 2.852081649192125479e+00
8.513503828334109125e-01 5.736155733733173251e-02 1.118303563270836021e+00 3.919868850487856493e-01
3.085946422543363044e-01 1.780287745491043738e+00 1.421612817449442234e+00 1.635039014619785736e+00
9.379516085312991636e-02 8.801525538074792543e-01 2.690215071013403847e+00 2.433829229037375974e+00
1.333529907489097832e+00 1.364749740366463904e+00 9.288010631634763259e-01 4.755633786162379861e-01
2.732833929368088111e+00 1.432039730940708244e+00 8.733182886583867877e-01 1.466787587156448636e+00
3.031217158547651280e+00 3.031304666793549263e+00 2.317474530449125769e+00 1.491433093780780261e+00
1.973206128354812572e+00 3.046251502355237228e+00 1.934123390669280962e+00 1.329747502118000302e+00
7.390159231480591950e-02 1.020705954260776593e+00 7.761131758204786735e-01 1.670069264258338126e-01
2.018333724529349560e+00 1.942840912713173218e-01 2.290530280082676118e+00 8.251981337214109313e-01
2.456217256068806420e-01 1.017048740127932893e+00 2.283521278916955222e+00 2.050038248556352638e+00
1.279373198570913805e+00 1.396272601356575160e+00 6.342901873863290296e-01 2.816525621123834533e+00
1.050088687694636258e+00 2.507051343450017011e+00 3.112067950690150520e-01 1.083198311497776789e+00
2.987545046082797029e+00 1.252676890564539791e+00 1.267254521728139460e+00 3.161857488029581331e-01
5.826564352562294546e-01 2.912347617541529488e+00 1.933618255673265507e+00 9.114372703172934909e-01
1.649549471268564771e+00 1.068347259992574738e+00 2.129176298387260857e+00 1.190079790681097149e+00
1.785488269128827632e+00 2.531819041264410597e+00 2.468649889162059186e+00 3.036047190976596699e+00
1.663997402677345638e+00 1.009197656873608739e+00 1.171884144600696009e+00 8.338365956624256281e-01
3.016901219507457377e+00 4.679845653063376409e-01 1.338599774142137377e+00 3.051735358920334651e+00
2.413228415221526202e+00 2.519929511381084009e+00 1.947570716174213956e+00 1.809020791384707172e+00
2.499450109779176032e-01 3.580741491988179148e-01 1.516976443622668480e+00 2.652779075252195362e+00
8.962781346018050543e-01 2.801000773978905123e+00 2.116999163795668437e+00 1.420677099226159035e+00
5.465046405167784949e-01 4.473093493103355578e-02 7.431165970524157283e-01 2.802303772499674661e+00
3.115356310833003572e+00 1.393846246762344698e+00 2.172365217100888035e+00 1.182941862187163240e+00
1.460874293598650064e+00 4.538819892235907982e-01 2.797902562420517825e+00 6.725212930491015761e-01
1.395885810182428521e+00 4.454419380976734066e-01 2.638056106751690777e+00 2.943263432121359990e+00
1.280538048723164124e+00 1.779707425484439609e+00 3.102112441117216068e+00 4.888848621529440219e-01
3.139808955812297242e+00 5.287950470758877586e-01 1.109191568348216972e+00 8.408640848819425306e-01
5.100774379299490846e-01 1.043507304816439607e+00 1.183933912045849191e+00 1.140028194495236846e+00
3.105222490691577963e+00 2.956259573527383111e+00 1.097912433960526624e+00 2.903258899819140648e+00
2.196214017941847452e+00 2.734304734278996563e+00 1.337094152189366003e+00 2.600167534979155981e+00
1.356394704671132212e+00 1.621739001450622997e+00 1.669060879311297318e+00 2.013064365875386397e+00
1.598065837335436390e+00 2.103258954043198958e+00 3.699198552817812846e-01 2.103419392970057977e+00
2.677263948371296998e+00 1.763978774918569803e+00 1.098586603567023978e+00 2.401821589170839211e+00
1.470114276364580919e+00 1.176755724803591585e+00 2.167018112622382642e+00 2.140177958192124752e+00
2.150939836333136956e-01 2.379115064492033138e+00 1.165459268432509576e+00 1.972720780094301185e+00
1.711353902067350718e+00 2.962330659653202858e-01 2.653544170210781150e+00 1.484300168293526401e+00
1.550151564533331694e+00 7.891732725149570860e-02 2.097411427808729911e+00 1.930192999758001182e+00
1.461007949281465379e+00 2.297808996922718006e+00 2.309539232463106551e+00 1.334076931275970601e+00
5.338756462788611934e-01 1.531711512982413481e+00 2.511245847322247204e+00 1.841144899277402880e+00
2.753645383854125939e+00 1.363052764305890285e+00 8.447847601115565652e-01 7.955317559372835357e-01
2.033806246483823299e-01 3.134873892460255718e+00 1.881822667344151823e+00 8.560915914438231855e-01
2.018617268233148465e+00 9.255504635574912653e-01 1.993253449451150461e+00 1.786185160276348771e+00
2.427893011492433750e+00 2.715833787916450248e+00 1.814137157269518186e+00 1.120905893445345747e+00
6.548859476534919510e-01 1.489588337332181878e+00 8.105375311573029817e-01 5.322699312192753496e-01
1.101754618049319623e+00 1.838225653681764493e+00 2.521851495980947266e+00 1.239992845338813376e+00
6.141446316070447997e-01 1.043677175771545063e+00 6.629665380119734719e-01 3.007372445613363254e+00
1.711112699660110037e+00 4.669510241177983745e-01 1.999836213437663213e-01 2.482815996747773202e+00
1.991641774206869719e+00 1.214047737443631592e+00 1.561606395064432995e+00 2.419450471852993889e+00
1.124573755009938836e+00 1.564988530778397058e+00 1.820584220297982281e+00 2.251656228515846347e+00
7.219032524316616739e-02 3.093804233887897936e+00 2.102634988114666925e-01 2.399410901928262341e+00
1.469903497096992362e-01 5.052048517471764422e-01 3.120372606450708908e+00 8.699456531638465329e-01
3.537727633393082938e-01 2.872967916498726293e+00 9.194852130504469478e-01 4.209905973523285772e-01
1.584315700288118522e+00 2.501452111678629020e+00 2.510834063622541912e+00 1.149213062047422129e+00
2.296390552154776277e+00 1.878042932035045354e+00 1.988950561233253866e+00 1.758221202852024101e+00
2.953225105298567854e+00 2.028143355843720297e+00 1.598190130681387933e+00 2.841228526904504115e+00
2.335687566728112063e+00 1.527919770832366408e+00 2.150634932595496984e+00 1.776200420226947019e+00
9.943571882810413598e-01 1.889749825964529117e+00 1.464968310028792242e+00 1.704145958932879790e+00
1.265881072426435106e+00 6.602990052191947123e-01 2.175012541762170404e+00 1.535569778473812708e+00
1.911754542758866249e+00 4.060524016921235879e-01 2.772177150709686511e-01 2.374632885069051014e+00
6.796252457149358772e-01 4.813977313080033404e-01 1.462192689828181624e+00 5.943521871470278106e-02
7.034697912360091121e-02 7.489561562006871176e-01 2.494725559684179417e-01 8.143838824529012754e-01
1.898785733468250969e+00 1.620676962355331430e+00 2.326788636877145766e+00 1.034246697823653749e+00
1.889994300860064480e-01 1.544526509622651700e+00 1.095338025559688733e+00 6.213090563843755021e-01
1.522253356647867539e+00 9.593773713589683894e-01 3.036239495278912237e+00 5.095992178092683123e-01
1.324531431382740099e+00 2.377640211077625576e+00 7.534149000938243912e-01 2.189256954167027924e+00
9.932002465361995658e-02 1.669070033979471068e+00 6.233876711310866181e-01 1.911477620312210135e+00
1.451509109154219601e+00 1.002436734822189646e+00 2.137106834363493579e+00 2.235667403153958954e+00
1.443009856904760246e+00 1.615986705576789362e+00 1.910112822229077301e+00 1.193670147249904279e+00
2.739833076636636999e+00 1.861973673268827678e+00 2.594810958220851838e+00 2.202336173435796851e-01
2.955309138013435977e+00 4.419939819849740270e-01 8.893252759755176928e-02 1.154008298280796430e+00
1.286704215264253603e+00 2.931339141821490468e+00 1.811127254144872856e+00 1.583604702581286494e+00
2.800495337311918131e+00 2.702812527000476361e+00 3.058655024548175394e+00 1.124001515134035234e+00
4.089511533404466825e-01 5.550679000559228804e-01 1.914750250003859566e+00 1.215404220227499943e+00
9.024980114005921594e-01 2.556289211114340709e+00 1.184608436834532430e+00 1.924093906491766592e+00
1.931326413533093866e+00 9.920602506159035272e-01 2.478508902079633813e+00 7.321157299112486250e-01
2.513341445923074957e+00 1.018482004228590920e+00 1.040386280467685109e+00 2.655740735852187284e-01
1.429265292061828285e+00 3.594677926103833077e-01 1.499299731662778745e+00 1.124806401531052602e+00
1.258795610759450234e+00 2.869853437311721489e+00 7.740604550572778297e-01 1.479931304264765268e+00
2.411309349757520426e+00 2.447168340075757342e+00 4.529492149331847822e-02 4.368184625002322630e-01
3.019644427033004508e+00 1.648613108678562256e+00 9.321827886500444471e-01 1.259223028205953110e+00
2.249941988616940947e+00 7.291631956660458158e-01 1.044579926376338452e+00 7.492577162353273312e-01
1.215401574280025487e+00 2.513511364439200424e+00 1.582179165023468004e+00 2.604708992353768515e+00
2.893405691649769906e+00 2.098846286473063927e+00 2.782753294529656252e+00 1.758508467225039729e+00
1.541120482693478122e+00 1.656962235202871225e-01 3.027142581436214286e+00 2.332738133085966670e+00
5.500775076541947195e-01 2.101726950123007143e+00 2.592473212874249811e+00 1.172510361179013305e+00
2.195203300987903783e-01 2.577591709037671652e+00 1.820020141343103637e+00 2.741891090996543753e-02
2.008531059997521684e+00 2.601515311034934719e+00 2.957878409321696545e+00 5.892379984003307675e-02
2.789335035777615435e+00 7.814000757503059003e-01 2.072011295183489032e+00 7.493400619347005687e-02
2.355166605924622125e+00 2.233229836077351038e+00 1.690797199871481249e+00 8.780259536779836393e-01
2.094687870993003465e+00 4.367165287468760537e-01 2.870379741288906494e+00 1.872996135152935171e+00
2.588014889519265171e+00 1.796319755849490107e+00 1.881120361715829248e-01 1.639373242428432409e+00
1.112375335747529254e-01 4.589662231631961853e-01 4.207685984543281799e-01 1.250704121725424667e+00
2.974912108427812285e+00 1.419231468372758487e+00 2.180487415330811363e+00 2.582062178514234141e+00
1.484785238582409406e+00 2.857627897031727482e+00 1.853928908505616757e+00 2.937835607969531804e+00
8.297099168867670960e-01 1.104795365745882885e+00 1.276744483488526871e+00 1.992219576801437464e+00
2.044971479248926638e+00 3.732906536534315589e-01 1.121234220977195495e+00 2.116556689964768923e-01
2.170800084783423678e+00 1.844797003364798460e+00 1.337089221855393584e+00 1.641625673545626496e+00
2.603148305757076564e+00 3.048030581957948737e+00 2.217074020349578678e-01 1.779867229864803280e+00
1.432676489683914589e+00 2.701753034116817442e+00 1.863581817288127107e+00 9.947516059032598390e-01
6.091505185933800970e-01 3.074820999525688769e+00 2.370867673521833030e+00 1.215295924836568453e+00
2.488016986889395987e+00 6.735593598595945863e-01 2.199328743870063274e+00 1.125261366268651031e+00
2.770823091069841482e+00 1.295851111873414840e+00 1.272983952016945697e+00 8.546850286951670483e-01
1.753380180311002734e+00 8.466402588514752026e-01 2.540718053167056123e+00 1.487617968700479354e+00
2.167353471300741408e+00 1.224538891196990997e+00 2.151716172710566255e+00 2.846446586886784313e+00
5.336635648233946094e-01 1.421927764518626569e+00 2.699613856743519502e+00 1.062360958837350822e+00
2.036107360389526999e+00 5.337163806286026047e-01 1.178435961619806349e+00 3.353987293282255644e-01
1.975160201749584843e+00 8.475360188745376666e-01 2.173002063101419079e+00 3.081137029336677990e+00
2.999858512494004703e+00 1.406539594328999776e+00 2.569811544612667475e+00 3.079613869735160492e+00
3.114349927633711879e+00 5.464982878536603916e-01 1.936477002156078875e+00 1.260031181622148111e+00
5.003094185351996126e-01 7.007865008062452716e-02 2.535762034630935524e+00 4.317476024428921200e-01
2.715413858676155368e+00 1.056870693181642062e+00 2.468498872000471689e+00 1.221833903029302393e+00
1.836894739810307042e+00 8.629605155178734499e-01 2.928031749367747683e-01 6.580483388111988408e-01
2.324059041177981566e+00 8.308644946581629220e-01 1.663797458804832541e+00 1.384848578464819679e+00
1.416679679328225694e+00 1.832878132533675819e+00 9.805416788286726026e-01 4.921199528075426710e-01
1.977876168931521184e+00 2.322437148706054888e+00 2.321829672492938812e+00 9.522256431166121748e-01
1.553485044073385835e+00 1.813421384355320631e+00 7.604324636798155401e-01 3.109175257012188887e+00
2.901173858116914861e+00 9.925822242123595318e-01 5.898615792918913137e-01 7.986531282411215571e-01
2.917138622069334275e+00 1.323808463048478323e+00 2.679071772545290830e+00 1.067217417266683288e+00
1.613230735875854860e+00 1.681579082624085619e-01 1.227362741307789884e+00 1.661842536711091833e+00
5.777101359315419682e-01 2.772337549280869062e+00 2.740092082834622911e+00 3.044015831262996130e+00
4.457787733840939959e-01 1.939962687028659705e+00 1.064062984493640895e+00 1.321946571225506073e+00
7.111066630960821700e-01 3.320015430915631005e-01 1.249964414466838036e+00 2.671650462665216441e+00
2.767248193425159375e+00 3.739822914593453340e-02 2.876574398770816512e-02 3.040221357264924595e+00
4.879987644582292616e-01 2.843819505364202360e+00 2.847687556469598480e+00 6.154558266951192236e-01
2.036114639190095055e+00 2.683304125599657919e+00 2.637886454370631295e+00 2.376891497890460059e+00
2.469827182358319551e+00 3.577001573792478184e-01 9.796587086557813073e-01 2.332427159620596768e+00
2.906409796095465570e+00 2.207701947317605828e+00 1.826656210188573715e+00 2.528062890510478056e+00
2.411433473431518149e+00 9.473258410011448083e-01 2.199874230824000687e+00 2.560135045835290502e+00
1.498914372438896914e+00 1.891373271590568894e+00 1.712773433562551517e+00 1.671821160211324875e+00
6.382521538495595781e-01 1.585183770478398035e-01 1.160352865962812174e+00 2.331611816764408207e+00
2.686337457569434317e+00 2.309909073779472521e+00 1.228813209976189036e+00 2.714568958237151275e+00
1.449750561549021155e+00 6.689514424445919261e-01 2.328583718142413606e+00 2.128744928252300994e+00
1.469766930673518157e+00 6.983735098866116209e-01 2.878897010535395928e+00 2.319985027893775698e+00
8.185405096106485034e-01 2.053837669971204427e+00 5.171561992704652999e-01 2.473982153851844945e+00
1.306411444216896700e-01 1.038880315002287835e+00 1.613814965705600082e-02 4.026545580721119788e-01
2.141178432000071741e+00 2.567211278516253969e+00 1.472245786771275267e+00 9.152295458077118750e-01
1.678700890818488833e+00 1.983340849746130452e+00 7.436182089285859886e-01 1.651904027351939641e+00
2.960526079435473967e+00 2.699598408067175548e+00 2.709210066442951703e+00 1.973435131935803222e+00
1.242548405759902330e+00 2.107804629208797298e+00 2.846789323136427186e+00 1.431593561633446310e+00
1.931032878395519126e-01 1.916262703887455787e+00 1.674287884036826490e+00 1.687525569519281010e+00
1.302390833403262782e+00 1.399654491460466277e+00 2.869610451945678875e+00 1.153466351489441877e+00
1.789816763796335586e+00 2.269025927288336408e+00 7.056219855486256520e-01 1.529707054480515138e+00
7.421512620809053162e-01 2.329875041350002896e+00 3.016903009222009047e+00 2.060879532154737959e+00
2.080329708928702726e+00 1.626155484977795718e+00 2.431877537754753682e+00 5.126257437320251853e-01
2.444676598203319451e-01 2.489884846763096071e+00 9.093760259389119804e-01 1.169260699772733725e+00
7.378698985090580420e-01 1.843715262779408448e+00 1.136390174213111726e+00 3.114212668459537259e+00
2.342937241602966458e-01 1.447507090754666326e+00 5.206001912176964203e-03 2.354045293871041888e+00
2.100854884499094855e+00 1.934562316309505148e+00 1.093776007373444159e+00 2.940951226385054434e-02
3.075766274719277771e+00 2.024165670266182993e+00 5.196585044297523659e-01 1.630855112899845860e+00
4.246006373676508572e-01 1.431403427562623287e+00 1.511891226886601935e-01 9.256308169915644646e-01
3.784871932400102890e-01 2.152891637623405963e+00 1.923639072469793820e+00 2.050450500733863812e+00
8.921023646033986454e-01 1.072278732362761611e+00 2.190608198217004254e+00 2.370962179767685640e+00
2.358875981610071282e+00 2.098432327830348498e+00 1.185293869223540852e+00 4.715287958246912325e-02
1.336465069863020938e+00 3.027017149550633945e+00 8.864442148866865656e-01 6.080836741212871654e-01
1.147787502588498043e+00 6.431202559287505505e-01 1.482180161988443379e+00 2.755624462218778437e+00
1.016365867009740714e-01 7.660389665352608513e-02 5.107524074751562670e-01 2.150184484213779168e+00
2.042273205786226953e+00 2.023617503955946528e+00 1.393498055669276425e+00 1.684569320138042947e+00
2.015758632317908638e+00 1.194012408054659025e+00 2.537747094409855464e+00 7.339979536663148174e-01
9.027004086803082084e-01 9.871956281835340130e-01 6.425119176439660906e-01 1.149330413014448604e+00
2.143982045331621400e+00 1.824440269350690036e+00 1.420717387352154137e+00 3.103881795160048807e+00
7.495448293871284084e-01 2.704191538817428242e+00 2.077031408444542038e+00 2.782460824451298276e+00
3.100098686671110215e+00 8.160520924605775550e-02 3.128382451953667154e+00 1.540107937098776636e-01
9.263944487089043056e-01 6.225149067477978720e-02 1.677861495645974310e+00 1.227738055921648419e+00
2.174206198974662385e+00 5.758028070341583149e-01 9.166356590753412803e-01 2.042747305512233158e+00
2.095666405381673592e+00 1.050337743769776677e-01 2.126865299726745928e-01 2.364774119989919043e+00
2.454381381337353007e-01 1.820378388816681792e+00 2.241074620111920712e+00 2.410564380397886008e+00
1.659269195465947089e+00 7.312292523567907043e-01 1.723262649748996900e+00 2.504691252036029603e+00
2.922592154477296589e+00 1.236821806559615489e+00 1.450686926417274814e+00 2.828001079168620979e+00
4.854954638891260110e-01 7.912174581407989404e-02 2.862747240324118536e+00 2.412753975380073967e+00
1.364727812633603987e+00 2.119749758159854114e+00 2.981486080570981689e-02 7.926352657658588541e-01
1.969349364232563682e+00 1.059627452291478145e+00 1.748055385576570586e+00 1.320331643497870466e+00
2.279768948163879205e+00 5.755112604857164360e-01 3.377727932290373047e-01 1.767365563990844546e+00
2.359381554342719234e+00 1.532533194304999125e+00 9.120100307775883541e-01 7.324500673031779652e-01
2.982499440895814757e+00 9.448199607177881765e-02 1.848579236421231453e+00 2.618535820273745429e+00
2.486671973221473153e-01 1.875380301419947493e+00 1.729059354263751791e+00 1.611467142993417090e+00
4.188015966013908936e-02 3.032910943622564304e+00 1.622002733314646949e+00 2.554748971531286550e+00
4.605586112957574252e-01 2.647623763210582570e+00 1.893411658951380083e+00 3.565059924664005231e-01
1.852515956207707370e+00 1.794621962382810521e-01 2.055430206160068884e+00 1.247747893204223635e+00
2.579388959763297406e-01 1.758905591212191366e+00 3.827263569615570876e-02 2.382939343329305792e+00
2.368184166929342194e+00 5.076281992660112152e-01 1.449253944282157924e+00 3.270540704514021679e-01
1.659816980485378846e+00 4.637966685785893661e-01 8.935514667293420477e-01 9.787872549055103288e-01
1.251532920333001231e+00 2.677052448315707434e+00 1.289601966520105947e+00 2.132188233122421561e+00
1.327151131464337386e+00 6.831105651183105865e-01 8.130421894714544573e-01 4.221348437055466030e-01
9.998675864010626579e-01 1.952461879609489470e+00 1.439410473104925536e+00 2.261432395591897127e+00
3.948906868341849341e-01 9.524800100942527603e-01 6.502923448127247985e-01 7.345068829013763345e-01
2.514378826774385178e+00 1.515677845433957671e+00 7.710254141969141890e-03 9.408999223022086467e-01
2.488724557626200151e-01 1.769942763477393211e+00 1.061973861010501619e+00 1.027063575059066869e+00
2.844058505702427908e+00 2.794172475542660905e+00 2.039312152991301197e+00 1.117196643769597042e+00
1.904594334130284228e+00 2.340933512377601389e+00 4.532833262620373366e-02 3.098623408736625340e+00
5.655346835021618501e-01 1.744419661703320856e-01 9.391608605341852378e-01 6.952231434651383601e-01
2.284054598051478369e+00 3.388352223634173432e-01 2.459035488674768732e+00 2.205701269719086977e+00
2.601506997994471160e+00 2.313326432151348477e+00 1.763942209463078781e+00 1.685990221579598325e+00
2.370622646690947743e-01 1.062141933881862732e-01 1.076053044773404244e+00 1.121512916752948064e+00
8.286031259452979469e-01 1.630576631455837422e+00 5.581192034213061648e-02 5.970980403188528296e-01
1.530705142215137649e+00 2.461491037242053093e+00 1.802226623525678084e+00 8.693186829625731971e-01
3.034163164389569012e+00 6.976187058064901025e-01 2.376441730119371432e+00 2.186462186750034675e+00
1.450896280490652779e-01 7.511899843092478823e-01 2.080353465006840707e+00 2.414008223760895078e+00
1.449545781573184033e+00 1.407413522219708835e+00 1.224770710142136787e+00 2.419398207671342060e+00
8.938299359729742211e-01 2.078488244342729274e+00 4.343136420942178000e-01 1.181628335215206133e-02
2.885257509992810387e+00 1.365561274757495447e+00 1.763225702152776631e+00 1.860500722069300672e-01
6.594741267334245372e-01 2.315126332600850212e+00 3.400978877647610199e-01 3.108741459293251186e+00
1.277050971656575440e+00 6.308781845594816362e-01 6.043754022999632269e-01 1.055180970240305660e+00
2.239399953925706122e+00 1.087660659245912820e+00 1.231049528317552655e+00 2.769856614150738139e+00
2.095261522867549964e+00 2.395766560936354317e+00 4.155980496710536265e-01 1.236885676074742868e+00
1.852445568722260516e+00 1.365077107416226676e+00 1.421153750249659842e+00 2.189585174661005773e+00
2.669760610218830710e+00 9.520627591121196831e-01 5.483438988741642373e-01 1.016742897163893877e+00
1.727911841920492408e+00 1.169051453932658663e-01 2.190950820329780502e+00 1.485295042083847772e+00
2.047203550551850437e+00 3.003441457889782562e+00 2.773502716891916187e+00 9.298991817496696788e-01
2.076463972763913368e+00 3.031431421957030192e+00 9.897246094998871646e-01 1.690957057212590098e-01
6.734856004519318429e-01 1.775331954677009438e+00 2.393484204796240800e+00 2.839479696591217461e+00
1.980064443452855594e+00 2.720085024149140995e+00 1.934179637101399507e+00 1.924451568271145163e+00
3.030224330445537184e+00 4.330600553498005212e-01 2.519500377629250831e+00 1.724368485560231923e+00
5.007108667586337436e-01 1.866070920084272666e+00 2.460403392724863636e+00 1.534845629848788473e+00
1.402315615117308178e+00 6.510181367334293423e-01 1.630314456325249184e-01 3.107401978556643574e+00
2.855144745794212291e+00 1.672948798674369353e-01 1.366345427740994545e+00 2.667806069006754655e+00
2.860482304325471681e+00 1.062923401284235903e+00 2.657266659943301246e+00 2.367263505848757887e+00
1.549064531842190506e+00 4.074029580668308559e-01 1.176989207245180857e+00 2.856479524658505742e+00
9.274725296769571470e-01 2.333609612774558251e+00 2.885123140147920040e+00 2.768736113481316874e+00
1.377373030140112586e+00 3.043327895018612672e+00 8.292206303212666940e-01 2.426119363192034140e+00
3.028022818398438787e+00 1.449244777547243013e+00 7.225782096757158435e-01 2.376390643914727985e+00
2.411446768184467793e+00 6.270987875105371590e-01 4.530354063958982325e-01 1.925149579173751346e-01
3.024561365374176525e+00 3.014851475385635027e+00 1.593270143485334245e+00 2.726118024632042669e+00
9.850109262353017314e-01 1.612471084967652679e+00 4.408563075525222530e-01 1.223726012638813421e+00
2.516909028366035028e-01 6.553939391416190308e-01 3.633829791731431058e-01 4.917697279634759000e-01
8.352757408631983349e-01 7.836989665506587377e-01 1.090214365964478960e+00 2.483250357970369748e+00
2.735730333760860500e+00 2.572356863949285977e+00 1.387759902931347267e-01 7.916323343946850555e-01
5.217244080451156618e-01 2.213402132880159634e+00 7.343035933049248121e-02 3.830553213812130098e-01
2.444618992638973864e+00 2.574145245560370832e+00 2.012043439800403621e-01 2.159562393989941764e+00
2.167709596834018981e+00 1.844816539383201226e+00 4.909976352696758251e-01 3.006448807475259888e-01
2.093992085717238716e+00 7.918239128792441406e-01 1.994466015518303159e+00 1.808807880546225322e+00
2.356733956393842089e+00 4.793507122720013225e-01 9.143748540983773765e-01 1.236903503462777554e+00
2.686405024035340983e+00 1.982849424367765678e+00 3.119954084353893098e+00 2.666250544807814649e+00
1.896917032919008594e+00 1.477344495663916790e+00 1.209849455474381719e+00 3.918005390221190321e-01
4.686047521076908140e-01 7.849798446858675949e-02 2.570211370541959361e+00 1.095633631852780676e-01
8.789056697393333728e-01 2.019467319244078851e+00 2.092562064445897985e+00 2.278167927924354408e-01
2.641260353557546736e+00 2.865994167272579496e+00 2.826646303635086177e+00 1.521693348378965194e+00
1.123083043494407102e-01 2.644310421050168891e+00 2.839769380797897202e+00 1.307569670185445787e+00
2.985548112493178197e-01 8.804898955749473899e-02 2.927218711726470302e-01 1.263421041164957126e+00
2.055496004849360681e+00 2.105526944691507030e+00 1.513138435295852569e+00 4.988927366778230788e-01
1.405345225147302535e-01 2.288162533825841116e+00 3.131273794323027104e+00 1.600875407301149522e+00
5.703226289965801499e-01 2.086150151384681184e+00 2.839284957736484927e+00 8.514637831684576108e-01
5.421444749578623323e-01 1.903778436436224242e+00 1.002168353962969854e-01 8.878225987719293721e-01
2.485619374526967906e+00 2.543457399238221228e+00 2.896833971360019966e+00 1.538263315100528716e+00
1.991692986529767007e+00 1.309091733221666720e+00 3.007968349235763839e+00 5.599581637714172722e-01
1.341516317312172690e+00 1.946786114911787324e+00 1.552639124309991514e+00 2.751690259420658702e+00
1.880215474299469225e+00 8.523454403334289609e-01 6.187106451946834396e-01 9.163901029616488003e-01
1.051910282344411307e+00 2.267270834299861981e+00 2.506007273879446995e+00 2.346194486695699855e+00
2.143748932633939841e+00 2.365426619942923914e+00 1.681986272616581068e+00 2.217885376319569168e+00
1.727605060414348248e+00 7.376587526317149313e-02 1.459106742407233481e+00 8.565506299411481672e-01
3.134692379378303251e+00 1.263386314256215615e+00 2.806218513929228386e+00 6.767935467998060783e-01
1.740801112205159651e+00 2.458385126998099857e+00 1.258930940362707807e+00 1.446872487557400833e+00
1.610913388831021198e+00 2.846513650833147224e+00 2.662579192516118631e+00 4.532655040043331862e-02
1.291471053926797952e+00 2.266113786052172063e+00 5.929887856374029820e-01 1.251620588920177912e+00
2.789233189249859635e+00 7.137808277412791558e-01 1.705758492667882820e+00 2.441692680160285178e+00
9.203999339896619392e-02 1.387642866580418355e+00 2.653446397870221407e+00 1.961854526551181310e+00
2.065130688801532166e+00 1.149017272930263678e+00 4.568198555028362695e-01 2.795333076379574511e+00
1.458964030756216390e+00 2.771080128453770275e+00 1.172837400123184354e-01 2.750562189125193679e+00
1.022110370749121477e+00 1.872109688164765418e+00 3.298870888334143880e-01 2.587996167153133964e+00
2.180412035750974198e+00 1.477868630216581991e+00 6.381290257625947815e-01 4.884031427593696351e-01
2.933225871168077536e-01 3.068928422628777852e+00 1.813248563369418420e+00 9.518122525393684086e-01
1.015146113635990055e+00 1.867153690072212324e+00 2.856507547183922302e+00 2.576313234670391417e+00
6.257240614995160932e-01 1.129004399296436256e+00 1.294317799279105508e-01 2.783488515555217369e+00
6.276704817419868077e-01 4.275616622539493705e-02 3.974806968448396649e-01 2.453494850375014025e+00
1.351318698587929135e-01 5.458421331362754980e-01 3.088501257131920141e+00 7.706713289116912113e-01
3.035397450450724399e+00 7.433230221774415059e-01 1.401968493093374679e+00 1.872174501705897942e+00
5.810015233921811406e-01 2.784950379820597011e+00 1.873884156257001443e+00 8.904935259474827669e-01
1.094354554434224136e+00 3.072881122339341076e+00 2.215937613325417832e+00 2.646765765040888230e+00
1.798942436129964850e+00 3.036369335133715097e+00 3.058774622083057171e+00 2.206794719919832115e+00
2.084170746984756128e+00 1.986355017533426581e+00 2.597767128033508843e+00 2.459441606145801984e+00
3.350007469672395266e-01 2.430755938767288793e+00 1.705851604239344788e+00 6.013398725318888083e-01
2.098191137257716665e+00 1.723089661994980260e+00 1.505409916464579778e+00 3.040277314775764683e+00
1.695774223953127935e+00 7.467324182919833353e-01 8.702876187224013460e-01 2.166731768421608917e-01
1.921850156104294882e+00 2.172882989388940977e+00 2.112501374292557355e+00 1.147007368334446831e+00
2.017288585274182644e+00 1.392431593321616701e+00 1.626650919097216930e+00 1.584221720160259084e+00
2.559681753296693341e+00 1.932722419725531271e+00 2.064139241984942252e+00 2.991927971002864339e+00
6.235285566706370158e-02 1.816143207226649459e+00 2.309203818700220623e+00 2.799285918879141466e+00
1.645243856342323729e+00 5.949915724929263350e-01 8.566706647996451540e-01 1.970046099095544845e+00
1.804499159430739685e-01 5.754555157621777939e-01 2.024464259354110118e-01 2.346232491092012928e+00
9.953879364795381948e-03 3.133023885772360906e+00 2.948424372993290632e+00 2.939404117497438573e+00
1.894136996982126009e+00 3.612046459164102163e-01 2.382415090928411416e+00 6.844319300803218820e-01
4.402381919998180418e-03 7.089604299912001251e-01 1.502625753754142757e+00 5.584155713323967207e-01
1.311759356253441977e+00 2.804407788116792144e+00 2.884865833974379790e+00 1.395412333217756595e+00
2.537705911484842591e+00 7.205652578433965894e-02 1.509895572376142248e+00 2.550515652669559596e+00
1.833124636424842580e+00 1.046066181430818781e-01 1.897583750797930957e+00 3.747895883837920050e-01
2.433512003703059534e+00 1.739399656894795365e+00 1.842186954825295597e+00 1.082160483108631999e+00
2.197105771603906632e+00 3.052091828018958508e-01 2.976477633203908457e+00 1.448905462637348762e+00
2.260171011862233570e+00 2.733306234715281224e+00 2.452674651235934533e+00 1.032437415779034362e+00
2.692890532149424754e+00 2.018974047192826360e-01 8.328143261217121340e-01 3.061521862785919978e+00
3.477554649935244990e-01 2.334520772560810808e+00 8.449960274344261446e-01 1.235659012398016232e+00
4.236480215909602109e-01 1.017408580376725880e+00 7.748621998050201354e-01 2.934099504729481001e-01
1.964840016338414097e+00 1.130617529333779236e+00 3.515737475052047034e-01 1.835087020610186304e-01
1.932097783075403363e+00 1.426418639018900647e+00 3.055784739124602467e+00 2.174383821529280780e+00
8.272790921863095726e-01 1.666602507038922987e+00 3.074343554251348198e+00 1.614159636374569828e+00
1.067481080171013730e+00 1.059656535849257786e+00 1.494138860488611886e+00 2.207036325626406281e+00
7.132118972299070769e-01 3.109836041289001596e+00 9.302535331043599864e-01 1.650462816990277526e+00
2.868408256496949083e+00 2.391206271931574978e+00 6.941740437883132664e-01 1.853223426495725024e+00
1.446246687312620516e+00 2.254456702355389641e+00 2.398241599125470636e+00 3.076875061584695370e+00
2.993044846894835409e+00 8.177124014864450841e-01 6.259221002464201433e-01 2.420740960312263157e-01
2.025782095523587678e+00 2.587191217111652897e+00 8.164311332766668317e-01 3.064799260204981390e+00
1.730376582724554746e+00 2.023077854589028668e+00 5.641714370091807096e-01 9.525027034818884797e-01
2.349831469135668538e+00 7.845008337010827004e-01 6.782305622753891372e-01 2.766921474260510383e+00
4.723259210710507583e-01 2.938823140680533186e+00 2.306255251881181856e+00 1.973387452343142723e+00
2.630385916078728847e+00 8.483872700417990353e-01 6.637252203039447629e-01 2.535175577657602819e+00
2.259270468531283438e+00 3.768440068551485167e-01 1.531767521868476756e+00 4.773033594357697917e-01
2.255642062325454056e+00 1.068579646543579953e+00 1.287109113051602582e+00 2.276171994572261159e+00
2.663437895068437644e+00 1.261149957831205315e+00 3.120170262012933904e+00 1.240891798667404788e-01
9.809632173813157552e-01 2.709278392774612243e+00 1.522975732326047549e+00 2.298643260144601630e+00
3.941682439737623223e-01 1.247442371867456545e+00 1.443247819533378884e+00 1.983667835109284017e+00
1.729637806123721644e-01 2.154967395124896434e+00 2.617268298477529065e+00 5.778141853569156439e-01
2.419109327576449697e+00 4.738070851493220714e-01 1.512298468148149277e+00 1.418349642790273091e+00
2.291207862814469642e+00 1.530569890448037762e-01 6.626380976599600681e-01 4.951510990190169936e-01
2.135281805607363026e+00 5.491937854298888366e-01 5.219362797021495082e-01 5.898093524773656560e-01
2.883544947394365843e-01 2.430498823519077423e+00 1.707292988855501292e+00 4.133381773764119860e-01
1.157261063469309681e+00 2.146099246785548420e+00 1.912240491693329991e+00 5.517453662157548733e-01
3.545868580762596145e-01 2.654654277311064847e-01 2.841319596159186389e+00 1.146544292593768555e+00
2.529507111801760022e+00 2.738418477713657762e+00 2.931201914026891231e+00 2.339025339500916179e+00
2.372794501013354651e+00 2.000560172146102378e+00 2.547889498772612171e+00 1.404989561600543002e+00
3.889470748850742399e-01 5.675091777740264298e-01 2.079146567311842997e+00 2.299825083911197776e+00
1.282865396002596414e+00 2.290838906453979362e+00 1.860204609251078223e+00 4.465120538600347300e-01
9.522505078925203037e-01 3.089334522236095282e+00 6.840448507210563633e-01 2.511023530972748663e+00
3.537387982695431865e-01 2.166813775099973860e+00 6.997965873558140704e-01 3.057472842526625545e+00
2.396796226458292267e+00 1.240192338219128443e+00 8.009427460420831535e-01 8.922255607195463956e-01
1.604334713556046621e+00 1.067499827812154578e+00 8.555633560632801282e-02 2.665848667758270896e+00
7.593301394231252166e-01 3.020048189186513188e+00 7.347798543868222509e-02 2.194368748983997364e+00
2.949581911833128456e-01 1.660319400447535232e+00 1.117995418038877364e+00 9.568677998835611875e-02
1.219796523265881616e+00 2.898143492980767899e+00 2.223493432356574484e+00 1.406437011763585598e+00
2.039153114303775549e+00 3.199787556532209254e-01 2.170978652484884641e+00 2.062884400643753835e-01
1.689501695742211318e+00 1.084907910970659417e+00 1.365370354110537310e+00 2.244265612123644171e+00
7.547023887772493778e-01 2.687754491663891354e+00 9.657839494759409282e-01 4.110813568621862202e-01
2.109289470723181292e+00 7.383589959516542178e-01 2.318783510815893845e+00 2.933589960406491670e+00
1.275237617940066237e-01 1.109207613681267190e+00 2.668414031076207671e+00 3.032568519774154314e+00
1.768272828482258252e-01 6.051801962784912892e-01 1.394573035138589656e+00 5.481912059701084250e-02
4.801070653233304175e-01 2.367354398488126677e+00 7.307563439551838513e-01 1.024933408240980226e+00
1.564886026512161576e+00 2.143800318522503801e-01 1.748388936642450320e+00 9.196246594206493041e-01
2.290008839127077311e-01 2.812410503393018013e-01 7.914803909294697570e-01 1.538263557133361159e+00
2.312253448637241249e+00 4.778757058054417528e-01 2.828428256411864350e+00 2.022320708335823891e+00
9.625747449679101786e-01 2.406407135069044134e+00 1.763635837861277311e+00 1.256530382646134092e-01
1.310137179239469374e+00 2.767337688576835486e+00 2.127535027657831979e+00 2.157254192105080293e+00
1.912495087667299032e+00 2.041669590432577674e+00 1.636399020751120759e+00 1.917686368080530279e+00
4.228494923508372555e-02 1.770741240476843004e+00 9.116207696058217236e-01 2.204772449418661129e+00
1.267113932091692152e-01 3.851647255209162540e-02 5.830279026014869581e-01 1.548624719558783003e+00
2.745722536852803319e+00 4.113972070729752795e-01 4.754148055768532832e-01 2.546776460796703834e+00
7.931640887375301929e-01 1.470206573374807535e+00 2.695358653590407272e+00 1.309286434958663259e+00
1.308494625407959910e+00 2.165163907027598977e+00 2.753517530891295806e+00 1.578398162569731644e+00
2.365697891004467035e+00 1.563559883248544224e+00 6.577803831815364211e-01 1.887539887393182125e+00
2.492166933711835952e+00 9.393046121778025892e-01 7.697743442368031319e-01 1.083702250146143298e+00
2.863287904661156791e+00 1.198964672166296097e+00 1.801181808023733510e-01 2.562536832817266852e+00
3.049140626918569907e+00 1.134315959019746467e+00 1.788858473989010989e+00 2.156044318459017228e-01
1.618423536097858717e+00 1.988257324771075085e+00 3.048056101492871761e+00 2.992022819755107310e+00
1.017577262297233720e-01 9.615211293201979537e-01 2.760040115166173535e+00 2.216435257334057773e+00
1.582765465494433643e+00 1.187737716421579659e+00 9.974486738182906931e-02 2.174558595691002072e+00
2.369719445961859794e+00 2.938769004706177412e+00 5.616356051129369753e-01 2.025844799109721706e+00
2.026523959700600841e+00 3.825584665136519957e-01 1.322795596204141777e+00 3.183921272955627657e-01
2.793506385506972389e+00 1.011808887416421721e+00 1.656196656375969134e+00 1.606795148374857041e+00
1.392984873915366295e+00 2.950907056476711254e+00 8.429131213511179554e-01 2.595181348046516678e+00
1.300046977521172265e+00 1.845284006172701163e+00 1.708234982208697017e-01 1.049806111887047422e+00
1.590873461944332101e+00 1.297662042090819146e+00 2.572343868872254191e+00 2.956873951284335167e+00
1.602580154833975090e+00 3.967228037148479713e-01 2.840045014096315157e+00 6.957673162844123516e-01
2.903539949547207843e+00 2.326251434655339789e+00 1.523718272474358981e+00 1.586013554008619542e+00
1.114789925615798483e+00 2.786792890180377347e-01 4.095607746118711812e-01 1.575035137177077216e+00
4.333255788377401441e-01 1.671204458387030689e+00 3.940232137795325884e-01 1.927076544342247733e+00
2.993996036352410961e+00 2.691121412810839164e+00 9.726102422667916025e-01 2.576934394859867083e+00
2.684579870495842790e+00 6.906906777379786533e-01 2.627058186163278908e+00 1.962933234427212348e+00
1.738968263373761092e+00 3.057088269689064219e+00 1.992096279249992996e-01 1.030512597989811652e-01
2.902004936129150892e+00 1.716973962158222955e+00 1.051459676645381869e+00 1.113858913459138789e+00
7.350068308139504625e-01 2.285120155310828641e-02 2.797353763944232963e+00 9.053527101715656000e-01
2.273489375900406895e+00 2.453720301275671645e+00 2.019697354728461125e+00 8.372808041495064524e-01
2.402788032142864516e+00 2.577077833538582441e-01 3.291305122498923708e-01 2.128141339453484715e+00
2.110415922702665537e+00 2.079104708951163616e+00 1.445891448009782199e+00 2.183569045181152912e+00
2.742073781436832558e+00 2.689966083715348844e-01 1.166329256801670544e+00 1.399457611298836390e+00
2.091532055466181372e+00 7.396523949762218164e-02 1.364768238293243119e+00 2.065724553224196569e+00
1.072782293723859581e+00 2.315526738482145852e+00 2.941312258281323810e+00 2.328672821361760903e+00
1.712086222970458538e+00 8.666693820812984006e-01 1.332365274903731578e+00 5.829152880772011658e-01
1.591991921360972562e+00 1.551289750281152235e+00 2.216321511807726186e+00 2.761837340848380506e+00
1.351533400855341460e-01 2.392450644048083053e-01 2.654315879853326621e+00 2.685056490670242102e+00
2.228565304455551122e+00 2.159562195470916102e+00 8.388951470504492081e-01 2.529342633080329694e+00
7.066020217970283568e-01 3.020410365947988396e+00 1.953137790265550233e+00 2.664426631884824204e+00
8.887724745488333467e-01 1.240943344974251072e+00 5.891711888711294032e-01 4.511162076033466972e-01
2.532080144843576353e+00 2.956242665780551171e+00 8.370888622563749104e-01 6.270155480882291799e-02
2.439184237314910408e+00 6.957434067042046477e-01 1.791901781304422236e+00 2.371848954216695671e-01
5.324939204794969516e-01 2.641446002162056494e+00 2.911530031056606571e+00 1.734357479123813217e+00
2.342612330608944582e+00 5.103968440593303901e-01 2.739632399282016628e+00 1.593935433201635332e+00
9.047663839265873698e-01 2.872962314662833805e+00 2.930084031725773142e-01 2.575081108136985542e+00
2.289041728885301552e+00 2.315954029471473330e+00 9.014740654671390407e-01 2.966264126766185782e+00
2.385646099298505796e+00 1.284737372094219010e+00 3.479825035038235925e-01 1.352861724045913983e+00
3.047771398871510495e+00 2.666414254398292716e+00 2.159681237183959546e+00 3.546497033714217650e-01
2.000493852154053176e+00 2.424323899827507400e+00 9.234472305366593359e-01 2.062661447252484681e+00
2.317144123892146190e+00 3.130618466966307967e+00 6.702415783115310832e-01 8.294797687392898577e-01
2.617448242392707680e+00 1.711019988021028393e+00 3.003294999869094539e+00 1.108574786135917201e+00
2.606390660498754563e+00 2.460383143606241774e+00 1.507381483728567506e+00 7.840057294679723954e-02
1.815990000821762651e+00 1.021026044241045483e+00 1.439256183508524689e+00 9.254916553644048083e-01
1.693804868907646366e+00 9.774910194023591625e-01 1.981222354148665543e+00 1.788709916430120117e+00
8.611927556750821333e-01 1.938470862806154216e+00 2.272670166269965542e+00 2.817941139812019546e+00
5.366873200589422632e-02 7.995431325021329361e-01 2.244320770008363386e+00 2.018684135447099681e+00
1.595731399387165794e+00 2.251335264359462851e+00 2.371126426246199959e+00 1.584832755529772097e+00
2.487974143746287226e+00 1.485442415520197068e+00 8.756473735608492071e-01 5.581527264600965044e-01
2.689171441018933351e+00 6.194597489046517469e-02 2.405082703514997977e+00 2.645801204665943818e+00
1.100304169020634326e+00 1.066611318276861731e+00 2.252431525534117185e+00 8.618174649220262662e-01
3.431141469138564992e-01 1.911808520809646028e+00 1.365378007048628550e+00 1.193380263574527866e+00
1.138490999860240355e-01 1.926373404270893819e-01 1.971414122367192712e-01 2.096756360191491808e+00
9.795278007945175114e-01 1.144577932206812365e+00 8.406123504680698133e-01 4.716743832946532766e-01
1.562520097274469943e+00 2.300352887524746759e+00 1.019418732314196108e+00 5.972500164096122832e-01
1.474813799746858445e+00 2.915774371280049682e+00 9.042905739153233036e-01 1.553102969572123904e+00
1.617533982013035887e+00 1.672901329737875642e+00 2.662071892302760645e+00 2.800913307690759080e+00
9.754230653746187585e-01 2.251055711821200234e+00 1.489296932072426527e+00 6.343330064337140417e-01
2.351973537224910649e-01 2.514738463051893635e+00 1.012657654823193587e+00 2.350623020876972724e+00
2.818011197636977605e-01 2.444386018182429510e+00 1.153068496083293093e+00 2.365604147823135772e+00
3.169304811927080023e-01 2.299105170373002771e+00 2.403671996510803766e+00 6.725543537645735093e-01
2.432019200709263806e+00 6.439751596047778026e-01 5.190848090377533225e-02 1.832321584594696740e+00
1.087095952986236957e+00 2.981238695391338567e+00 2.730895084474009415e+00 2.122851080894716969e+00
4.537497734327861076e-01 2.145182161503774054e+00 2.749226599319365860e+00 2.164672994022056596e+00
1.758890984339323227e+00 1.061938323470111412e+00 2.480185914714738982e-01 7.467373477676449989e-01
1.664982606413854538e-01 2.094070568396525223e-01 1.239486292611816198e+00 1.486514937556450588e+00
6.300131916385923736e-01 1.456146160831498726e+00 5.215587450049254947e-01 5.012421433771050427e-01
7.756355794546812010e-01 2.337270218133131294e+00 1.990792486349501900e+00 1.227908383712533080e+00
2.000360853748334833e+00 1.330568156185377937e+00 2.155620511299808140e+00 2.332692422117697895e+00
2.514983820517785684e+00 6.300750523486173815e-01 9.062071171495822419e-01 2.100363264502310479e+00
1.934415209445552231e+00 2.688534702878879745e+00 2.187913015721173693e+00 2.080939145854875161e+00
1.567549988587432774e-01 1.169783299818345279e+00 2.931599516208791556e-01 6.738566038755751109e-01
1.850479593105106790e+00 2.111348793423534875e+00 3.049653091463728316e+00 2.803822214993857198e+00
1.542040158451527532e+00 3.017934100594644065e+00 2.679597290099244411e+00 2.873473304369376091e+00
4.522534621701979618e-01 1.573559498335323825e+00 9.864054670763537924e-01 1.337137725200195471e+00
2.100157504464848390e+00 1.760022837200619569e-02 1.233304853569102688e-01 2.767617571324137327e+00
2.394628231811376295e+00 1.066094232175838874e+00 2.688158475381286827e+00 3.710257665294267593e-01
1.541931878927340183e+00 9.789215733809775166e-01 1.455520425918066074e+00 1.652098288685380778e+00
3.018194854890389855e+00 1.582128587754332572e-01 1.288613145424694073e+00 2.600212398803220637e+00
2.282759829390343942e+00 1.122446721813336462e-01 1.719216337115272886e+00 1.160304684959362787e+00
2.728839603671904812e-01 1.242844159966337347e+00 2.330049658103442167e-01 1.074929098534210814e+00
2.377261950113368272e+00 7.309639161015172304e-01 4.000737106271125450e-03 2.690497389221397473e+00
1.369305307217594470e+00 3.659553753086910999e-01 1.225357243072888958e+00 1.307445541086966978e+00
1.225804469208204850e+00 2.510179449376008787e-01 2.860320680896411449e+00 1.246680568939978473e+00
1.278858636707641772e+00 5.506177877199101151e-02 1.676389366252256208e+00 5.189763512528996481e-01
1.626866023101783298e+00 1.444839317629932784e+00 2.424830588213531701e+00 1.903219378161977282e+00
2.704294015289179232e-01 1.739192947972013847e+00 7.011026472000778109e-02 2.809767498560795662e+00
2.908196612132297076e+00 1.670697012960366878e+00 5.106213434895575665e-01 9.548470306158616250e-01
1.969562242393536611e+00 1.587423967672258351e+00 4.722432008737581510e-01 1.378270588027496579e+00
1.552388877318247040e+00 2.192352644130058259e+00 9.297578518519754587e-01 5.275652905032993667e-01
2.163917856698464315e-01 1.107612818142216460e+00 2.433465553389637215e+00 9.788504912258605417e-02
2.675924528356802501e+00 1.514178200695919685e+00 1.908703614626475975e+00 2.245840996073406259e+00
1.395612295891501820e+00 2.205907936085003573e+00 1.455402250104030681e+00 1.454143997599009142e+00
1.641408467298741458e+00 2.031502612426109078e+00 1.399362102117130413e-01 6.847772428306675430e-01
1.830927260106478105e+00 1.171700155875820437e+00 3.771063698367210781e-01 2.337452280402676053e+00
1.556151111755055716e+00 1.901872231401976754e-01 2.531585200723698748e+00 7.961068743480432808e-01
5.140369920310638996e-01 2.617603237501132885e+00 1.545497527924273751e+00 2.537136044085008368e+00
1.467077147792554159e+00 5.852130761830610650e-01 7.410173618161434161e-01 1.985641699641932822e+00
2.227149217082467381e+00 8.008538124642434752e-01 6.370133828176814950e-01 2.569712028687845429e+00
8.893829530454115950e-01 1.133724409753274598e+00 1.464245107815635993e+00 1.791009212148266361e+00
1.673621214388361311e+00 1.114116431277281521e-01 2.959262281464714039e+00 2.753281923512450380e+00
2.135098070973039164e+00 8.189273127514553607e-01 2.196937123014928162e+00 1.659197243758261386e+00
1.878672339709638761e+00 1.189415385402782244e+00 2.705576438662092187e+00 4.892386406044085118e-02
2.221603132080530507e+00 9.394972764919351516e-02 1.260394242110468799e+00 2.869290190171324140e-01
2.116451949058241855e+00 1.820669331454078277e+00 2.807990332409027179e-01 8.602914344801596558e-01
1.171071957145218390e+00 3.093852056175369292e+00 1.545413095688266125e+00 1.749632642049117059e+00
2.371072204896576885e+00 3.326648009110148574e-01 4.611872862372524695e-01 4.067100003900016580e-01
2.611140940645364061e+00 5.122566167757482969e-01 2.220405931177978687e+00 2.118653181979351707e+00
3.072994267264222312e+00 1.204135393002915944e+00 2.693827971310685410e+00 1.017409314969737633e+00
2.384237222973316417e+00 1.860400195079105368e+00 2.473921695717868019e+00 7.882707338836740796e-01
2.159068436163833926e+00 1.017822235401397046e+00 1.981694255374962577e+00 2.595010989611155949e+00
1.333223414830551290e+00 1.944897710087957643e+00 8.708406014012982643e-01 3.086276528258970586e+00
1.101426583402865145e+00 1.622921901389182686e-01 2.543202963676463035e+00 1.057775934270391405e+00
2.454817943159889104e+00 5.461457315965315695e-01 1.501963852810984434e+00 2.367930841059105784e+00
2.035905704315062348e+00 3.090509571186348392e+00 2.757535583802961821e+00 2.978939523611261464e+00
2.934201249620456142e+00 2.743992531498653076e+00 2.954786515305642958e+00 2.042885795647428004e+00
1.115406674739002124e+00 5.337454126231130358e-01 2.966870097607633205e+00 1.371233940814095442e+00
1.413704447582957213e+00 1.657958038390777267e+00 2.919591242201924786e+00 2.723518515365605186e+00
1.541279490184246814e+00 4.858624498914180800e-01 1.217629160613736605e+00 1.020605587243317514e+00
2.545560768843151855e+00 2.647018453169148078e+00 1.135943233561009347e+00 7.571279783902942206e-01
2.421668161208256898e-01 4.986522505119032611e-01 2.232749190242828252e+00 2.675570424084555032e+00
3.057873887942645030e+00 2.029411804459828050e-01 3.130888866488684030e+00 2.302295236033299997e+00
1.890341356457899913e+00 1.634786409140727814e+00 2.654532920913756033e+00 1.994800472574224992e+00
2.993509163027298081e-01 2.960848018147635763e+00 1.957060169692464546e+00 2.977525485341038447e+00
3.089190155510083358e+00 2.924419574769512753e+00 1.643111822477748118e+00 2.581358759168952410e+00
2.591452713127233576e+00 7.044444269869307718e-01 1.887854581897630668e+00 7.042843006091714653e-01
2.397313247208975540e+00 2.145034055959176733e+00 1.919146077211290491e+00 4.703691220220970748e-01
1.608116997292014516e-01 2.742125057646640052e+00 6.938071969676856687e-01 1.574727256337141945e+00
8.623530575854878588e-01 1.872057725274213880e+00 2.835331379237856275e+00 2.002369175180121363e+00
1.382698161767087763e-01 7.698738351901336374e-01 3.038621081303614080e+00 8.337045267523292003e-01
2.035542499501524549e+00 6.519779010242783279e-01 2.606663422866496216e+00 1.808802163388074646e+00
1.997459054119819388e+00 2.454220331880925532e-01 2.360916431647405833e+00 2.864279681295363478e+00
2.890052526985106063e+00 2.798465763394040740e-01 3.042076134272738930e+00 2.936843894042738157e+00
2.122154975184249004e+00 2.201259440508712029e+00 1.462821165932302936e+00 2.811419789782934608e-01
2.804929074035044323e+00 2.063583460050673057e+00 2.769945023889510249e+00 1.052320158767236169e+00
2.470979855460349928e+00 2.582761028354093380e+00 1.055647007983931074e+00 2.287278659746482923e+00
2.225249455471810300e+00 2.141388120804613049e+00 2.080930187756769190e+00 9.787345115807817297e-01
3.854917182625573480e-01 1.591126922407356759e+00 1.013392473749520795e+00 1.472833185175083548e+00
2.125179640040955054e+00 8.880375251924242930e-01 2.006252299452652377e+00 1.279796865765908898e+00
7.739983807322119436e-01 1.118087213436796734e+00 1.382926972175577252e+00 2.785484707918842506e+00
3.913987986534090413e-01 1.506064486053856788e+00 2.359314039084625225e+00 1.249688492453367772e+00
4.690166028819632571e-02 2.007872398567081440e+00 8.707593168235151504e-01 1.510502075806962052e+00
1.115741454492808371e+00 6.790280167161288905e-01 1.239388992817423985e+00 2.522978728052509112e+00
3.104645297298246565e+00 8.339598733657692664e-01 2.142285716512700999e-01 2.521270576323728196e+00
1.080004171552176206e+00 2.775544150628210804e+00 9.899667223555869144e-01 1.597897777288099341e+00
1.079123147689827311e+00 5.048422211489942413e-01 2.788170414497589178e+00 9.188197069691778074e-01
2.032021627023378851e+00 2.458208826654374679e+00 1.762405703947992786e+00 1.427286912461271928e+00
3.021620100282152332e+00 2.738819977231246039e-01 7.291638505926917313e-01 2.706533526928212030e+00
9.649852389902535688e-01 1.058597051479073459e+00 3.559434142740156015e-01 1.745308210921684644e+00
8.359507453058005744e-02 1.011160963683026104e+00 3.514093171679861238e-01 2.450521831379365967e+00
2.512144088713952339e+00 5.372536384959417655e-01 5.989956396742858180e-01 8.472833451062469212e-01
2.030206565051606293e-01 2.958974089570677979e+00 6.583491958933267163e-02 1.349716156996462413e+00
1.605852654480843800e+00 2.423590271796098428e+00 2.584649562230267872e-01 1.224712491904182077e+00
1.891308054505576930e+00 8.492216788616852030e-02 1.097495155181819060e+00 1.808707822727383174e+00
4.755353708556943615e-01 3.718510317556683042e-01 9.404319740879895154e-03 2.756377455973686885e+00
4.439369094089062190e-02 2.094687411567694113e+00 2.693627315149748735e+00 6.629566252599831122e-01
2.049264851526175768e+00 2.278236698701856522e+00 2.901516401983160964e+00 1.023138054828521160e+00
3.009152524189841471e-01 4.983654421145091717e-01 1.897756464064184634e+00 2.408217669682210238e-01
4.481883436957701528e-01 2.594975159177910218e+00 2.048280270649810664e+00 3.482309323335294748e-01
1.024464430771373946e+00 4.584054214701398233e-02 2.295278211632307552e-01 2.866788007082174961e-01
2.539339338895031162e+00 2.341618850359224790e+00 1.764188455642840658e+00 2.679660790884664801e-01
2.692694766662914851e+00 1.966045316369113838e+00 1.648828554956849324e+00 1.574943710473243552e+00
1.214682902102976358e+00 1.527778440357888234e+00 2.755626803000159164e+00 4.570384870948089318e-01
7.078015489570453900e-01 9.411575133495223566e-01 2.707768667141312147e+00 2.970330658553227199e+00
2.606439607518180601e+00 2.579942071823226435e+00 8.412526361602091773e-01 2.859434273737977428e+00
9.343021599735935601e-01 1.528175684033255877e+00 4.323342878483936724e-01 1.857467588871482223e+00
6.520640286806890229e-01 2.569683205090443678e+00 2.293944329514418623e+00 6.454369166498618027e-01
2.593255298458951419e+00 1.643063599020422538e+00 2.657232838357145965e+00 1.606278998974201011e+00
2.060352418216214954e+00 2.841460270717194536e+00 1.485632215606247017e-02 1.174220069105170516e+00
2.470194066090865892e+00 1.418896488529026723e+00 2.349803219726975367e+00 2.788557724252972658e+00
1.628448123807543002e+00 1.626863180951969134e+00 3.069980607764688507e+00 1.962144008591125033e+00
2.981047076873568624e+00 2.948369977115526286e+00 2.534765722328617521e+00 2.332959484613406964e+00
1.796486279592241608e+00 9.013068694879881049e-01 2.706551773102649605e+00 1.232409984043392415e+00
1.759450195638065262e+00 6.214206876957099057e-01 2.174226974466065609e+00 3.186925914651137504e-01
8.299302931266349104e-01 6.112490159824857799e-02 1.066394888593506229e-01 1.256495726849186756e+00
8.730394296698246182e-01 1.118444820835773124e+00 8.115706924410808210e-01 7.639168099507566145e-01
2.400134303413334003e+00 2.078482797813398619e+00 2.801494276104392611e+00 1.141179836159460642e-01
5.018864343479075840e-01 2.220645448746406903e+00 8.640894613558073312e-01 6.007442150518691459e-01
2.118233009506411246e+00 2.719244835053219678e+00 2.359653609113348871e+00 1.975857570436726496e+00
2.360088341396042733e+00 1.531132497441672236e+00 1.762766274108705122e+00 1.175651009689379967e+00
2.539014709162414896e+00 1.291824666104250396e-01 6.721915250242088691e-01 2.739258378343816247e+00
5.647110234662734013e-02 2.036027691181730326e+00 1.357460834787666881e+00 1.360663910612201488e-01
1.547596348182896486e+00 2.585742966828827427e+00 1.584326792988648203e+00 2.287552047599068938e+00
2.298580430208459369e+00 4.272588860691818313e-01 2.938474200094350675e+00 3.043068764370494783e+00
1.047914132866267362e-01 1.570418732029561282e+00 1.538507827649818527e+00 1.774703416293903713e+00
1.557985141784595573e+00 7.970903439734131624e-01 1.731895714948252341e+00 1.833806396160205798e+00
2.964214297493976247e+00 2.461762605198337450e+00 2.153751173338830149e+00 3.036841887505385529e+00
1.909358229443355093e+00 3.382771969921146704e-01 2.059913314486981673e+00 2.937876201417492616e+00
2.231871980312733594e+00 2.166220900442574315e+00 1.967690441010529812e+00 2.348548314301243778e+00
2.812096900904707653e+00 2.346701241197882981e-01 2.824286833462231971e+00 1.944969565886100149e+00
1.326985931611390779e+00 7.832389462391885493e-01 1.624364796670305866e+00 5.552657168922167097e-01
1.716247304072890278e+00 8.790894326382296953e-01 9.987535002921211769e-01 1.835967159323082853e+00
2.140304502343214121e+00 2.669186594046631722e+00 1.969937178798893296e+00 2.111232522906364206e+00
9.040641481041689076e-01 1.955347355740687743e+00 2.819084560000041595e+00 3.024356693754046699e-01
1.585899980342729165e+00 1.395455751463533067e+00 9.390502181843578544e-01 3.071191297456378866e+00
1.330344196406787693e+00 2.808715097394440807e+00 7.539552330543024539e-01 2.512211641962427855e+00
2.512546011963274761e+00 1.013561976718988733e+00 1.731579914390632524e+00 1.815468668220339588e+00
9.372611461556494827e-01 1.135602452217743252e+00 2.445865752629732270e+00 7.199230870211323907e-01
2.759431963797873255e+00 9.190734915043412279e-02 1.431643444442989521e+00 2.052430304021737761e+00
7.642035955689659987e-01 2.966535437668680331e+00 5.861097960557113407e-01 2.287538613203208726e+00
7.922815980583630679e-01 2.336336084053678874e+00 5.282930914457723004e-01 2.037778693655046602e+00
1.846161352407102552e+00 8.657626168379360942e-01 8.342462984529764869e-01 3.046656081610493061e+00
7.109746357698095709e-01 2.406753923108810422e+00 4.567428738131005805e-01 2.912175830990067382e+00
3.061873620603901891e+00 8.427839026623410446e-01 3.012047335526839120e+00 8.110935262577365634e-01
1.326458353110737454e+00 1.733049722475517473e+00 4.363124027411729999e-02 6.044118606163360052e-01
2.233732643943654228e+00 1.924883946531133150e+00 3.168559182843628808e-01 1.433325891756886517e+00
1.357783096852622551e+00 2.835960108296326165e+00 1.829585481331845509e+00 1.955656066764250786e-02
1.873582605454785721e+00 2.243832986332924939e+00 8.113797493183536602e-01 3.134921599645016155e+00
1.841033774924799304e-01 2.662181216761955738e-01 2.053869601479126672e+00 1.013281451979042513e+00
1.130956241800037176e+00 3.015816645432065624e+00 2.066231202744233997e+00 9.862487699586715006e-01
2.887363051680746362e-01 1.699066705317917592e-01 1.598019779638768290e+00 1.207521120908419787e+00
2.460720156865322750e+00 1.630360464640005169e+00 1.725926943053589957e+00 1.553733678198931045e+00
4.561837123089157453e-01 2.717610353887180974e+00 3.016177646131035672e+00 1.850157378509849293e+00
3.776517042365806764e-01 3.740323526182821601e-01 5.699022041167622898e-01 1.256244951881718697e+00
2.523088754928620947e+00 1.415521093436888034e+00 8.829590956495928511e-01 2.536514208449790253e+00
2.835865127778526062e+00 3.662673293106936678e-01 2.347559229391264490e-01 7.665346734463979184e-01
3.081666437060123886e+00 8.699279775457825492e-01 1.718944066456562725e+00 1.058109853239194570e-01
2.055780285279642960e+00 2.099499694024924867e+00 2.406647544735292410e+00 1.041340763027719607e+00
3.584518394085153825e-01 2.861431110947992185e+00 1.973989428921282707e+00 1.962577159467109089e+00
2.746802419927280692e+00 8.370974835280025061e-01 7.518855271878626123e-01 6.049098704032959128e-01
1.377804714149299947e-01 2.404455398651092146e+00 2.684428073391203373e+00 2.422368793370890838e+00
2.850727221634721462e-02 1.032348802370363305e+00 3.051307172725159944e+00 1.652605714592955577e+00
1.611694848029927574e-01 1.104611794899546862e+00 9.578106577756504425e-01 2.684136933886940746e+00
3.496336856421067979e-02 1.568494017958210973e+00 2.465216912472226962e+00 1.635721003095684356e+00
2.325689109624375028e+00 6.881093344110440491e-01 1.467284613173329255e+00 5.380024776029180833e-01
1.145574228731252919e+00 2.127582606776853513e+00 2.660988626674958724e+00 1.017768478055231407e+00
2.999504398201205735e+00 8.108185844559918642e-01 2.481353598116674330e+00 8.648480573662337134e-01
1.710361169908525714e+00 2.414588745945534853e+00 6.055571178213283723e-01 2.937156525357446757e+00
8.959052376209846180e-01 4.824934727336968598e-01 1.150043787855961203e-01 2.978119754265990515e+00
2.294057126669602820e+00 3.451346330656873129e-01 1.688362137446721478e+00 1.360443281228811196e+00
1.515567561857032786e+00 2.442258472990604723e+00 1.139355247816069117e+00 2.380837267493985276e+00
9.035079264763615781e-01 2.320752949691062827e+00 2.763497924974833708e+00 2.780296483871659508e+00
1.407724617152151803e+00 1.737555572971154261e+00 1.801657049402791921e+00 2.952278956847151470e+00
2.246222535717873559e+00 5.293854844452628994e-01 2.122396391647501712e+00 9.667272303291739588e-01
6.756754063395735699e-01 4.178906989340431255e-01 2.983131847341130349e+00 3.028143354839865076e+00
1.111053640802261100e+00 1.142181031788594758e+00 2.367473259177335088e+00 9.640063189764694895e-01
3.006295986784865093e+00 2.304176022597444806e+00 9.294834255953057234e-01 1.427973511513377591e+00
6.066246400707264730e-01 4.483616354238363633e-02 6.670354745796526208e-01 1.439093190352108254e+00
1.490405783406487883e+00 2.033263665804323050e+00 8.672940665552700823e-01 1.025444841190632950e+00
7.127616792167404958e-01 1.907089605101714547e+00 2.666829907038652525e+00 2.614332641869386631e+00
3.039443895705653986e+00 2.051559786333253754e+00 8.000550101081664867e-01 1.472779928124487325e+00
3.603428863672968330e-01 2.727601050864729704e+00 7.557746089143090318e-01 2.483604693966944055e+00
2.548362575796079832e-01 2.089940532670678142e+00 2.960458566509878153e+00 2.255682497682119703e+00
1.373916189491617423e+00 2.242108462340626218e+00 2.674334663804166734e+00 2.634855774140002715e+00
1.866230251993153733e+00 8.281087128920229246e-01 2.816849118452279921e+00 2.633533927150819576e+00
1.153399419362596490e+00 1.416911201183617797e+00 2.295484709338568852e+00 8.329053735440046236e-01
6.632570484217551465e-01 2.702381948517577737e+00 1.316276213347832957e+00 1.687057604981456294e+00
1.127073516791520902e+00 5.637599505948529544e-01 1.182327789381474981e+00 1.625787472671919254e+00
6.483042592451693231e-01 1.220809872510590033e+00 7.110854709373057858e-01 1.053847840086133969e+00
2.549369506312476386e+00 1.157677809350463161e+00 8.072579276859717101e-01 2.107878323432021528e+00
9.339361825243461812e-01 1.972718112717227967e+00 1.517298923471694927e+00 2.979652902529876357e+00
4.636860948111475866e-01 1.915072151453252047e+00 1.779502598535450397e-01 1.450054032020019035e+00
2.024765292063513744e+00 8.995717776782087283e-01 2.836882775717560978e+00 1.476597446679431380e+00
2.368641975775090114e-01 1.108497942014335935e+00 1.481758504991592451e+00 1.214698462873005091e+00
5.098796266450653647e-01 1.548022423656159718e+00 2.172380603218360129e+00 4.920078236570418206e-01
2.161268286117516091e+00 2.321014832991910914e+00 8.146146459775303050e-01 6.679493978411870092e-01
8.679624451978614763e-01 2.286040507053084703e+00 2.630753982956389736e-01 2.805364006393336496e+00
5.345836630234844788e-01 1.291888839542936873e+00 2.238258864691692551e+00 1.403542042518545196e+00
5.984265699368204183e-01 2.778371395169400682e+00 8.742497487257486766e-01 3.043322716489002211e+00
2.902249598491223104e+00 7.767933329831361311e-01 2.637775229720605852e-01 4.346147089456191548e-01
1.796904790478378811e+00 2.293010295299890089e+00 8.147138355038429092e-01 2.995055288925474901e+00
2.742594987175936527e+00 1.319535170390411016e+00 1.570733689924972643e+00 4.563187666435748746e-02
2.424029412863077493e+00 1.183303337471053762e+00 1.385395053312493463e+00 9.134897988506488486e-01
1.986888199132713195e+00 2.682535998537551869e+00 1.116424142901228267e+00 2.569240597556539107e+00
9.303807274382437376e-01 1.483216344519781849e-01 1.172181428172701656e+00 1.379124607671805336e+00
2.803441115880995760e+00 1.776117283966235139e+00 5.968883215522966523e-01 1.067244996840384541e+00
1.479575364244839930e+00 4.395260388987135558e-01 2.389403947301249609e+00 1.679298969095421423e+00
2.078311352867039830e+00 4.471403394967066736e-01 1.122990549378865444e+00 2.676540923688941476e+00
1.867980946970250633e+00 2.681118305743199315e+00 1.415565007004685016e+00 2.625542829571490433e+00
2.019726317581764352e+00 8.889605582541040274e-01 9.445677618079978410e-01 2.567606060061535800e-01
1.436436907213337166e+00 8.888856402976563764e-01 1.895026347340382222e-01 1.797743329363495235e+00
1.182629616673060990e+00 1.757578724249941882e+00 4.154437609357182204e-01 1.697629020076959039e+00
1.950212384840388058e+00 3.088349546911968169e+00 2.334603894493411325e+00 1.141348874606959024e-01
1.244926910499789818e-01 1.298347561319635579e+00 2.552353162233776285e+00 1.629418272373639232e+00
1.127828453206649151e+00 7.105296755722235735e-01 6.348720875955564669e-01 2.224781383999385742e+00
1.622711653370233709e+00 1.889843262464220297e-01 1.027122287909735032e+00 5.607892034323078700e-01
1.612719982667133234e+00 2.825998286880933463e+00 1.617746004535690174e+00 1.054065204714645043e+00
6.095288042496458392e-01 2.299440502400754482e+00 1.537999301953288711e+00 1.687970325594993826e+00
2.814883749392368628e+00 1.139683330922210969e-01 2.353628471760431107e-01 1.399402522649552782e+00
3.043879297357074964e+00 2.662836216406105017e+00 2.082759656458603725e+00 2.429147961319947147e+00
2.086318759968043279e-01 9.864251647332304973e-01 1.692774212374220655e+00 1.156536122849909587e+00
5.731323425534492477e-01 1.252673793134647884e+00 1.096356093873583237e+00 1.164901843006535653e+00
2.527179427778579068e+00 2.087524656153915803e+00 2.539922776421581929e+00 9.240060638926356207e-02
4.617392777801502257e-01 2.126413671900352076e-01 4.030855300159229548e-01 2.850776466678993426e+00
1.734767258055416539e+00 2.895755571061677358e+00 6.265176015616931160e-01 2.912496877073366797e+00
2.296043834201933476e-01 1.034304918716640431e+00 1.200763631751838645e+00 8.254358074933948464e-02
4.322093250558556865e-01 1.380647804282181701e+00 2.477858388693220670e-01 1.250643712579329936e+00
2.116046143930565115e+00 7.643278899743765065e-01 3.064203548447095748e+00 2.031936657604779484e+00
3.128045315093133105e+00 7.737528646180441561e-02 4.950740990217260551e-01 2.435822013086129001e+00
2.061547448243323810e+00 1.039871392998381161e+00 1.860992314495201638e+00 1.278843899850375054e+00
8.727831638781403667e-01 7.862189025814799725e-01 1.576356117058268058e+00 1.816704942081718954e+00
1.790648829146845422e+00 2.164170339457815562e+00 2.069000901985389884e+00 2.658338024679995915e+00
5.431010982739551546e-02 1.464003941180486434e-01 2.290297179635512492e+00 2.712670015115310029e+00
1.494361838560334776e+00 7.944723816497748503e-01 2.398025439275999204e+00 1.202696469046704797e+00
6.722218600937297506e-01 1.476909602300501279e+00 2.124065403911560512e+00 1.195341054646529844e-01
2.666127923811125733e+00 2.116779996209253945e+00 2.016861039315189341e+00 2.346390752171241711e+00
2.125947993470874930e+00 1.700452385669602773e+00 2.446886687261378146e+00 2.645628446150047886e+00
7.563427269302174238e-01 2.710347615592210602e+00 1.904629684638663889e+00 2.356086788622095529e+00
1.214276438878190804e-02 5.700205526713552073e-01 2.133928915560624251e+00 3.201084614930150840e-01
5.552365112713026907e-01 1.453948083773555000e+00 1.368349581437095397e+00 2.486560080555502594e+00
2.213979980412494442e+00 9.197397927697280595e-01 1.391180659855694723e-01 2.073519074635951295e-02
2.502872279700374847e+00 1.760804008752663963e+00 7.836359835549328023e-01 2.652428081711063257e+00
2.784340003006404274e+00 3.111883318074055715e+00 2.689721970397553008e+00 3.576258253480102400e-01
1.449876236064248092e+00 1.024358624921783534e+00 1.544604832924502569e+00 2.352311205620208345e-01
7.530228338300188895e-01 1.300123860503857642e+00 1.662669141323984245e+00 2.788075260862194149e+00
9.882882234318014492e-01 1.596108940839135126e+00 5.145250072193854329e-01 1.064289461093391509e+00
4.188429192937117018e-01 2.428923199903500585e+00 3.047422503805395255e+00 1.984584923610979157e+00
1.866511317703177131e+00 3.129427743726722611e+00 2.180422592702905504e+00 2.053984880669316837e+00
2.300085212711155513e+00 2.204586249920817753e+00 1.543178749341928668e+00 2.788517896954266551e+00
4.760105637848682097e-02 1.959261539071534886e+00 9.696279994001890667e-01 1.477051143234998642e+00
2.671787696980605364e+00 1.201144268698892237e+00 2.058362210329514497e+00 2.891597025267945487e+00
3.797366146895319039e-01 1.029568602644805431e+00 1.257334182527537259e+00 1.041286673595502199e+00
1.651816011543692175e+00 1.009810208850107527e+00 2.676769483850504283e+00 9.255853170366296068e-01
1.880646144659272379e+00 1.474121817342834762e+00 1.008405904852685664e+00 2.485450349367131828e+00
8.906458506314319790e-01 2.611858726270668729e+00 3.132738428373122552e+00 3.134572569679011877e+00
1.266924725711973121e+00 2.677762245520447504e+00 3.034454196468499454e+00 8.479385351621691047e-01
2.083807248298992221e+00 2.796057216282066715e+00 2.541544975186322386e+00 1.520582260438090749e+00
5.530608155148578620e-01 9.640775401851499060e-01 2.153652915996592476e+00 2.806706187694850030e+00
1.840519177191098033e+00 1.999031443985491707e+00 1.600261380665080058e+00 1.495368094857336905e+00
9.983518283635928192e-01 2.595647794402228925e+00 4.865777044103035132e-01 1.781334277718569448e+00
2.093214277489682029e+00 9.961561334951338775e-01 2.258921361377548009e-01 1.444691829185474230e+00
2.701098749000723220e+00 2.899864097743531044e+00 2.075683105681576546e+00 7.490233122190393944e-01
1.964579957853380243e+00 1.416993124962409256e+00 6.470004078808849757e-02 1.071479920785712636e+00
1.126871102410695213e+00 1.376232055070049531e+00 7.312302938425273569e-01 1.040974890463238101e+00
4.720892837588401385e-03 2.987593499785434759e+00 2.991561580224979089e+00 1.656545551900100000e+00
1.395672011699906845e+00 2.292401458279654136e+00 2.074459249127065252e+00 7.664068074416215959e-01
3.416728219431528490e-01 2.628470291416515336e-01 1.220388246218579331e+00 2.534358343910853684e+00
1.071388212687105712e+00 2.277620059535959030e+00 3.047627468942751605e+00 9.200629791783023759e-01
2.451309752648400675e+00 2.613906108630025926e+00 6.527192889287453115e-01 2.390476080436213735e+00
1.851899826681608019e+00 7.680581424565070536e-01 3.235178339978234119e-01 1.816171408113177677e+00
1.924200421576167941e-01 2.922242202135479694e+00 2.861342678437976961e+00 1.250183032604008426e+00
2.741817972623104449e+00 1.698207854103534142e+00 1.485140293932570632e+00 1.357790030931381287e+00
1.166229043109760832e+00 3.124407887120669969e+00 2.564246073460436648e+00 2.328372577906995033e+00
2.268654086490911936e+00 2.935202252419546021e+00 4.929671714306409491e-01 2.383855153120149506e+00
6.882586532192008777e-01 2.107070997784655564e+00 7.884399737476786019e-01 2.119052714806594295e+00
1.860347550216939538e+00 6.467543177234368335e-01 1.198501879556898020e-01 1.997663063940118278e+00
2.170882599796935875e+00 9.287340790810275637e-01 2.666260996497765490e+00 3.776282764596371466e-01
2.473896768190792628e+00 2.215550187798660975e+00 2.702571448869641291e+00 2.348218427855802926e+00
1.518694100161263494e+00 2.855323740216353379e+00 9.597108262721564254e-01 8.601517623120761291e-01
2.214636522759025339e-01 1.158118078162782227e+00 5.520776587326411966e-02 1.650168118704400944e-01
1.158175434590047015e+00 1.659197693827145992e+00 1.529744800241008562e-01 3.107446886048654378e+00
2.383079252707111628e+00 8.738540065775260990e-01 2.933715717451327976e+00 2.137532897288586309e+00
5.936175015455417148e-01 9.145589044038703319e-01 7.687070938423488098e-01 1.990551856556748156e+00
3.004650990405916211e+00 1.584231178508737514e+00 2.116041824839868024e+00 7.257085240622002109e-01
3.115943405966860258e+00 1.672886851292237687e+00 2.716630184745756793e+00 1.546459681434540601e+00
1.070606043251929984e+00 1.109773621119314102e+00 6.920971447641186547e-01 1.533856570743948433e+00
1.368588044332231357e+00 2.765688904473942777e+00 1.354454355467288540e+00 2.509204318008146917e+00
4.863847425456702123e-01 1.970958677448991558e+00 5.382078203485804457e-02 2.554674025252507974e+00
1.797945845285389588e+00 1.473769836904379016e+00 3.029221285540668163e+00 2.781024043575166083e+00
2.535769076462362381e+00 2.088534011560040149e+00 6.894670721065242480e-01 9.024253596890191575e-01
1.807768845576265271e+00 8.666263461456823469e-01 2.791641438127219210e+00 1.827801971337014386e+00
3.120822947248020451e+00 2.196188488457347709e+00 9.888076892211447033e-01 9.288134124882665432e-01
1.918339198674361645e+00 4.270976830013382686e-01 2.862612685418363875e-02 5.187925735080121115e-01
1.638967916054346607e-01 2.213315044113410013e-01 1.291494339837105487e+00 8.383096438787289717e-01
4.650913528638367933e-01 4.599038275789127939e-01 8.927103871074924812e-02 1.405490950168925224e+00
2.366356717291005385e+00 1.035483843378164348e+00 2.882319567691332463e+00 2.670010778140390784e+00
3.190577939800782747e-01 2.780705107485276439e+00 2.232796643245688273e+00 1.806360533230230381e+00
2.646413099815970060e+00 1.851032125864453093e+00 1.167741318356999569e+00 2.123951709805985910e+00
1.464771196332148584e+00 4.599291911808397332e-02 2.550774317329301599e+00 1.350253342060570905e+00
2.901826076985121627e+00 3.580045041442005416e-01 1.749933735529366041e+00 1.027120938191782962e+00
1.903505986997075849e+00 1.770522448515930547e+00 2.120228344707486112e+00 2.302758379780308839e+00
2.049134312191836838e+00 1.670786681494541570e+00 3.022305637645771093e+00 1.406689853834536930e+00
2.023728144089382841e+00 2.364453893922237260e+00 2.427097175675407836e+00 1.684917517251138364e+00
6.033513677613897563e-01 1.287252911977702974e+00 2.120674761790207974e+00 2.851970481653700595e+00
3.500280467262235073e-01 1.925610191600344523e+00 2.506412666915003862e-01 2.482511817063600024e+00
3.455758405792025423e-01 1.980199483161029228e+00 2.805765760711794954e+00 1.038731043059220455e-01
5.740095686494253169e-01 2.900507063900224392e+00 3.214433148496279036e-01 2.097575868579074854e+00
1.282330929662377494e+00 2.786053336130397629e+00 2.087899736272131435e+00 1.090653442421073982e-01
1.930249849508491877e+00 2.907201233786585348e+00 2.939998335035834742e+00 1.537315450615222900e+00
1.004124163736502373e+00 2.668549489566184096e+00 1.047143964774518432e+00 2.384482447433468266e+00
3.640471783156405960e-01 1.395827835391875604e+00 2.807856807375926245e+00 7.527737922552821814e-01
2.515088758647027412e+00 1.433898716039913701e+00 2.807707446269656071e+00 2.432173163557066253e+00
1.980946138059990203e+00 2.768145131144538196e-01 2.647204905205442049e+00 1.058971745918143581e+00
2.167225306256974182e+00 8.868924701252692833e-01 3.016096387568075521e+00 3.732966323448585477e-01
4.672237723562742695e-01 1.137126866058502106e+00 2.645672524282388860e+00 1.353929709640012247e+00
1.015538959964888299e+00 2.655488482109598980e+00 1.574114811531519109e+00 1.856537538704695622e+00
2.702416476147139868e+00 4.382026930918556107e-01 1.788033100696458932e+00 8.937927797651260553e-01
2.259912877095933137e+00 7.474405931354008992e-01 2.478552486222012519e+00 7.826008244663057445e-01
1.287797490369185116e+00 2.895906348612419245e-01 3.075848992526003745e+00 1.314567833409471920e+00
1.969065017775528670e+00 1.826618471906426011e+00 1.052461017834207757e+00 1.944160462939153122e+00
8.812083633043896747e-01 1.425982948991337818e+00 1.344415653930379310e-02 7.982819711923242467e-01
2.826689687229396730e-01 1.098316061254931864e+00 1.962652884281794075e+00 9.038316603288099049e-01
8.969512597998194892e-01 2.124552525506590239e+00 2.014298539330318327e+00 1.845089226520492121e-01
2.120068362154033270e+00 1.976341219704733199e+00 1.210314986617532673e+00 2.976730707243502305e+00
4.291196279087173271e-01 1.335453004174399716e+00 3.115274404465455227e+00 3.066458529340840400e+00
2.051392497990565555e+00 7.079730226081767386e-01 1.828577374017045676e+00 1.298407842766798326e-01
1.259260877929218925e+00 2.129212489303238698e+00 8.342620070678219424e-01 2.805086630608778719e+00
6.430821314920578402e-01 1.301722694748554066e+00 2.510584342652368406e+00 3.765911470827874030e-01
5.839607554290242586e-01 2.486581804054405875e+00 3.058492814756343492e+00 4.322594968721024111e-01
8.569475892565182606e-01 6.489203178328006860e-01 1.069014241070699089e+00 1.483209092893707837e+00
5.616783714486544010e-01 2.496354352869299298e+00 4.350219571814335773e-02 1.374744039321838196e+00
2.451241920453857137e+00 1.598397700576408065e+00 1.413733698941874129e-03 3.922039068583908494e-01
2.414440811772722739e+00 3.198341056975940178e-01 2.758345608411902461e+00 6.283587575612155085e-01
1.597326908540549262e+00 7.021084407110187442e-01 1.095341328142665382e+00 1.003003228419009352e+00
1.231570770231208201e+00 2.686323348140878142e+00 8.539261763955687812e-01 4.430718467255382979e-03
7.741118870872724100e-01 1.955320319185706257e+00 6.780311971468446774e-01 1.343471319788645868e+00
2.514926172384216230e+00 2.644431862945029632e+00 4.073939369618908429e-02 3.894140966516416308e-02
1.619864091566786568e+00 5.244965068597201574e-01 2.529099233603253616e+00 2.290077432482386099e-01
1.222486966124864072e+00 2.627861267090580100e+00 1.940672611875087439e+00 2.729896487723431076e+00
1.357384928899982190e+00 9.623528929253140074e-01 1.439654033489411455e+00 2.561639123545156327e+00
1.145384523632257734e+00 1.785803281556967548e+00 8.543547076727685541e-01 2.807897105290466655e+00
2.836993853721315739e-01 1.893300846164651219e+00 2.670586496598946091e+00 2.165126746719045148e+00
2.948776884087660921e+00 3.073719547414642261e-01 1.409454273923748557e+00 3.037409090213485374e-01
2.807276693112842558e+00 2.613881467951541637e+00 1.398220189362641364e+00 1.503006472582545383e+00
1.323462042772049374e+00 1.888006388087696275e+00 1.260201380942283844e+00 3.029863269421031013e+00
1.938849029237809773e+00 2.988477706447866478e+00 9.640398217118892887e-01 2.849064939989742307e+00
1.060282272220058886e+00 1.805685898772239950e+00 2.154028449442431548e+00 2.646476132429471662e+00
6.109026457189264958e-01 9.975912687398971190e-01 7.208502308573285777e-01 2.979508716150922165e+00
1.379168231138684364e+00 2.362726432998104587e-01 2.541904055659697903e+00 8.481656772404041478e-01
7.894079393001333100e-01 1.784510013525387739e-01 2.593761756315557943e+00 1.838956547301985767e+00
2.424212631107982130e+00 1.682362968260823877e+00 5.432334161995953092e-01 2.004782335982083108e+00
3.080223125523130268e+00 2.564377917531845519e+00 2.259349851719364977e-01 1.052217107152721765e+00
1.024699220353934015e+00 2.408507993374996659e+00 6.451638304514425437e-01 1.781041837661002436e+00
2.380597238956966066e+00 1.710278814170208994e+00 2.290572076046922589e+00 2.435731501392730536e+00
2.393485345930613573e+00 3.527547189266510008e-01 2.984751046589149581e+00 1.057828522671143023e+00
2.368020502328544552e+00 3.640033491497245977e-01 2.228830802678221090e+00 1.624963060145674654e-01
2.015251527316706870e+00 2.759048314541376001e+00 9.900966919907822072e-01 6.780573001330293392e-01
1.303153170128241056e+00 1.804202187085142350e+00 2.088214792238918704e+00 2.811013304498986454e+00
2.303199618068553445e+00 3.371125357920697341e-01 2.347689619121601012e+00 8.689253465335554649e-01
3.096524999534130185e+00 1.979321224198981932e+00 2.715786394428486350e+00 8.145215608406716212e-01
1.594679931043662346e+00 6.309974361302163048e-01 9.770923881298079205e-01 1.315599472742045251e+00
2.136734852232613946e+00 9.097809580542883801e-01 2.954749418218010515e+00 1.140755108822104402e+00
2.055302747539399011e+00 2.015566999089530853e-01 2.693120134815275346e+00 2.876676477532765119e+00
2.772320287293315033e+00 3.283418729865323904e-01 2.094666797507823031e+00 2.428446704426022507e+00
1.466299968394416897e+00 2.682016278819673083e+00 2.612328672149166198e-01 2.013894546590258905e+00
3.020073174998274990e+00 2.408348711454440849e+00 2.087642278448119892e+00 2.954661542778646677e+00
1.595235063891310201e+00 7.980522593971377532e-01 3.000455746515715116e+00 1.425991298944459418e+00
1.430975175282382716e+00 2.058797982423636430e+00 1.008181999236993365e+00 2.239701104392116893e+00
9.976332015502399342e-01 1.147676437923045301e+00 2.466470621832727250e+00 3.021231738480457008e+00
2.657943449296994998e-01 1.561568815918921604e+00 8.211629594565358903e-02 1.866567237140578817e+00
2.273984700601120235e+00 1.449384266874460758e+00 3.124805825915996316e+00 9.507721266599620247e-01
3.048576223879066571e+00 1.031471226624191218e+00 2.505139918456143366e+00 2.764270779105757025e+00
6.573714674705185557e-01 2.452015858300576667e+00 8.122991203686943384e-01 2.750400756669447055e+00
1.986217056219564903e+00 3.068759010298949708e+00 2.637601426754830225e+00 2.736481210289392063e+00
1.178836059085830223e+00 9.508985117428511158e-01 8.835684565466902507e-01 3.122887998179734836e+00
9.720410627517436231e-01 9.745729674292030742e-01 1.514576552027892653e+00 2.519203203886752895e+00
2.831263724297254925e+00 1.175056725640324151e+00 5.432050857210848349e-01 2.676396120064424622e+00
3.056799836722469799e+00 1.903602382032411278e+00 7.059470558508667004e-01 1.503941777040457950e+00
2.772969410548644653e+00 2.911783891495601129e+00 3.955236321043595349e-01 1.368865856510559365e+00
1.843895448489789368e+00 8.038168335089376781e-02 2.067988029145223727e+00 2.954217030252433318e+00
2.984550589841172830e+00 2.380198290163029640e+00 1.143504783807194114e+00 8.905179824141806755e-01
6.175302243070503877e-02 1.394871570119414317e+00 1.606031959568874345e+00 2.403676344311917568e+00
1.497194642999620129e+00 1.942424705475855218e+00 5.229007544455421819e-01 1.560543595294738628e+00
1.406893192265255665e+00 9.439812383381271932e-01 1.784482108919138443e-01 7.718152240182200030e-01
1.233957857330020946e+00 1.316600548933991366e+00 2.132800642995670959e+00 7.514335008660824045e-01
2.872504894346973536e+00 2.529877117400217479e+00 1.472251960007158411e+00 2.657279875060963859e-01
2.265473870868172312e+00 3.230593331032108328e-01 5.457731075465492854e-01 2.855443385835241266e+00
2.429187210952664433e+00 2.001011146661906714e+00 4.774767743737003411e-01 2.293585299585759518e+00
1.192323566291473708e-01 2.138722371917559428e+00 1.213841788309209857e+00 1.251172440413879317e+00
6.426106481590201369e-01 3.055828450643341743e+00 1.062174377067873543e+00 1.432011038864167973e-01
7.426218444319119261e-01 1.090059926506579790e+00 5.398618364967149724e-02 5.891644601581813578e-01
1.575138214319045105e+00 2.585644292490748786e+00 3.792921552921080797e-01 2.640399557472176695e-01
3.010975313504150819e+00 1.725217048790944174e+00 2.997814303736024311e+00 5.134454991053809536e-01
2.792217019348904206e+00 9.708823979986029862e-01 3.036587044196770724e-01 1.861377907718311464e+00
6.395602386981120713e-01 1.348780557888122456e+00 2.863301062088398741e+00 2.033434049245232966e+00
2.993537847333498370e-01 2.027918250534114009e+00 1.249253154573136682e+00 2.927540475994675262e+00
1.582348287350919591e+00 2.304137234173697646e+00 1.746273141355325409e+00 2.419041862595030068e+00
2.763357499200994827e+00 9.119333895768585996e-02 8.015125053703455738e-01 1.911796475527157257e+00
7.212340044460799904e-01 1.687047410891771682e+00 1.018265782869561598e+00 1.798286306288536140e+00
9.619617615582993775e-01 2.834454795544956163e+00 7.933116991724679101e-01 1.880955618525160578e+00
1.815773847561304444e-01 2.216073942578591804e+00 2.397278637323070269e-02 1.245165618849074507e+00
2.186856467794734193e+00 6.290099568807386854e-01 9.406662304644366479e-01 1.458976113878914793e+00
1.900896483386457891e+00 1.390460766461078190e+00 1.889674558410344263e+00 5.396335983998767211e-02
2.747391357984054316e+00 1.878465999290138244e+00 2.283525028096686338e+00 8.070614641088349472e-01
1.017216160939274472e+00 6.324916814119562192e-01 3.108705818258249209e+00 1.937289582501625418e+00
2.072236477403436083e+00 3.703641741133534282e-01 2.908870412576538111e+00 1.701859085257152460e+00
4.226329929778733230e-01 1.578821393444581389e+00 1.361103455768773118e+00 2.921963342899876359e+00
1.155711602967026241e+00 1.504162877921169761e+00 2.429603710050805443e+00 9.970325608149341878e-01
3.000111745023656074e+00 2.782398535569841069e+00 1.037429968836905969e+00 2.158591076123616226e+00
9.846851907254716707e-01 2.858661863935419323e+00 2.289277763077333105e-01 1.222650918924985675e+00
1.701631666507558371e+00 9.299084356655243910e-01 2.541238831780693985e+00 2.148903509352384500e+00
2.092705369505059476e+00 2.287193021111298297e+00 4.498318213744186694e-02 1.594684413724907213e+00
1.294794704247941519e+00 3.029670414099016718e+00 2.324342716015146137e-01 2.042020174782638975e+00
8.279542130025321911e-02 2.814220044451599900e+00 3.131594661587058237e+00 5.566137998394566910e-01
2.163546037674082267e+00 6.120934749527044971e-01 9.778648479120509718e-01 2.830165981446483681e+00
2.633466571083596719e+00 1.713234073530278456e+00 9.502356687119540846e-01 4.425702841315840574e-01
2.283113192126697832e+00 8.736059976912926572e-01 2.396905532491691027e+00 1.161494180285854494e+00
2.516766669082107111e+00 1.900315447668658786e+00 1.528458983388963466e+00 2.486936734280495553e+00
1.375671635169533502e+00 2.449127491560799896e+00 4.975661010979179899e-01 1.535324224512140345e+00
1.017690470559047933e+00 1.458213882892302138e+00 2.978783542899228642e+00 3.060852334550041576e-01
2.437782685408406813e+00 1.654091754301402650e+00 1.278748042426610942e-01 2.390077418579959811e+00
2.287039457232982187e+00 2.928440201453895941e+00 2.538450256430144325e+00 2.275802215358463609e+00
8.497303157844507959e-01 2.391954114746119853e+00 2.112625748677756210e+00 2.666852470775650907e+00
2.788578163596787451e+00 2.622562008720659588e+00 3.905380206544487032e-01 1.412782031130607407e+00
1.976867955081958561e+00 4.712142928858072399e-01 1.421384862343285427e+00 1.748565271194529425e+00
2.183203409227616187e-01 2.869370801730128484e+00 7.241453468709876384e-01 3.486941176981954160e-01
2.752703497324570758e+00 1.478929988433093312e+00 8.757866874303038562e-01 6.204711373703002408e-01
2.157690877805369833e+00 2.122054679360542373e+00 2.180279425580470498e+00 1.419685040293329426e+00
2.075710043889002598e+00 2.940831055493959845e+00 2.515975172514772318e+00 2.850478811340011909e+00
8.517371191405228581e-01 1.914590168859893859e+00 7.760837397047146702e-01 1.568670445333378294e-01
2.574003886516544326e-01 2.580693086195350983e+00 6.234197446465081227e-02 8.347777720367274279e-01
9.548742156560212635e-01 1.224200450911320459e+00 1.309364535560803455e+00 2.343027486635497425e+00
2.171617056810446478e+00 2.724455475672389326e+00 1.714437923042254619e+00 2.817560140149428377e-02
5.782854262449145244e-01 2.621620947049165817e+00 2.951527071503500022e+00 2.887719785259173388e+00
6.364593321783795776e-01 3.092893846907353694e+00 2.792074828467397407e-01 1.245167706957867715e+00
1.795419092460447619e+00 4.153122400802174430e-01 5.054132127238378791e-01 1.795975152401435793e+00
2.394974139526225621e+00 8.469304908189367875e-02 2.493192167602862330e-01 1.850474575407514921e+00
2.931173317261417388e+00 1.369830034539724295e+00 2.289381783749015575e+00 3.068433154121481099e+00
1.430887365893567020e+00 2.754986928956409731e+00 2.902493630473961694e+00 2.160307512551865372e+00
9.388987368343967854e-02 1.709701576870193307e+00 1.919262896351928038e+00 2.947018243245195901e+00
2.294284061090239302e+00 2.842585372688853695e+00 1.634289135830977457e+00 6.434244626657507071e-01
1.940853474570946702e+00 8.595740550483299547e-01 2.399759570341018833e+00 2.726774458279647817e+00
1.405813709845857407e+00 2.068849819002664958e+00 7.756827631810706558e-01 1.633231382952794464e+00
1.839241160766741601e+00 2.911226908286673076e+00 2.247277864151202120e+00 2.815761990666429959e+00
1.961817131799968417e+00 2.307421864554597857e+00 6.303604771131033901e-01 1.866597899154404550e+00
1.334064614901647294e+00 2.984446249464941747e+00 1.102656711405868517e+00 1.022156841630600610e+00
1.854133874332817067e+00 3.883289730533213135e-01 2.131323641389295531e+00 4.437792503648577136e-01
3.072415298579461496e+00 2.268954039935254130e+00 1.033405562332266880e+00 1.575496345330831494e+00
2.140115041500722626e+00 3.068177596442087651e-01 2.679058633885524343e-01 2.346686776415878750e+00
1.000219104435635886e+00 1.324644121178421008e+00 4.663719368190270553e-01 1.992878444082379241e+00
7.345688102689647003e-01 8.789935441089983259e-01 1.640152487449740293e-01 2.790005168308167693e+00
5.079538139472622449e-01 7.725798771385535835e-01 5.877803108521826303e-01 3.061649452570780472e+00
1.368051046412972704e+00 1.689291308908885014e+00 1.669541020398792153e+00 3.032468722200628797e+00
1.898585431984851857e+00 2.360794791876744014e+00 2.221203355891255615e+00 2.217686053769389432e+00
2.587308255586453942e+00 6.943643382612048054e-01 2.661007042136680933e+00 1.880709988393106658e+00
2.924808250881468119e+00 3.013840255042929073e+00 2.816015219935024572e+00 1.742279121308584422e+00
7.029737817479329021e-01 2.282446466632753523e+00 1.597546506605637351e+00 9.153929354770160565e-01
3.257458583996224455e-01 2.943083373488269761e+00 8.623605742379406580e-01 7.477592324803630786e-02
2.772065104523731449e+00 4.280666479689264059e-01 1.283293403667438159e+00 2.440814616341151488e+00
1.899830826697826325e+00 2.517835273103755878e+00 2.023373325871734796e+00 1.028695625093386801e-01
1.137040089479684213e-01 3.883527595645936970e-01 6.747015223534755801e-01 2.647836209018723519e+00
4.110030569697756264e-01 2.502568204794367368e+00 3.878595551954365228e-01 4.200222119074369931e-01
2.003715210772225586e+00 2.643368759409495672e-01 1.807719004404948926e+00 2.189357243765390315e+00
1.888564383985884110e+00 2.473053631602105451e+00 1.397107339497249523e+00 3.113029275665376350e+00
5.070063947650862435e-01 2.447817660302516796e+00 1.765903626082594435e+00 2.874674606708941038e+00
8.819371225710790352e-01 4.000402002656199829e-01 2.397179521632806232e-01 2.822704070790912567e+00
1.741203742413504507e+00 5.528054136770471638e-01 3.130460057758653214e+00 2.116463973034389490e+00
2.200987041727870519e+00 2.896411160793498141e+00 1.383495813766033866e-01 3.349317816877727672e-01
2.098417392129667824e+00 2.885827636594556100e+00 2.095784206724188969e+00 1.347319259187931495e+00
2.114635676351929394e+00 2.724697686367453020e+00 2.037215619196891314e+00 1.188678712161656659e+00
2.094053877037252764e+00 9.312282884298413999e-01 1.430500748582432591e+00 7.811771398616194073e-01
1.632139129476077033e-01 1.014150488485883850e+00 7.196551853637572771e-01 4.845305195994490943e-01
6.512334009275648761e-01 2.046762981788638580e+00 1.873999483073316430e+00 2.255949817748386099e+00
2.841231503054336138e-01 8.679005161711909055e-01 2.669232020197070288e+00 2.075311557813729113e+00
2.637690260553815946e+00 9.458246070102286351e-01 1.622181517239231097e+00 2.870298641989227573e+00
2.376332712860291796e+00 2.246944946716528779e+00 2.717660847941571589e+00 1.113924830862919935e+00
7.668069098227697777e-02 1.633590008684018713e+00 3.054285142349323134e+00 1.567537176610792393e+00
2.042776599567733165e+00 3.335525274436592080e-01 1.539633637373768460e+00 2.822771250313866442e+00
2.575931277649867734e+00 2.433453342160883714e+00 2.342908986541771377e+00 1.609162798568081421e+00
2.345864471415349400e-02 2.158504335094728610e+00 2.142721872556047291e+00 1.898659442676587650e-01
2.042003465041725363e+00 2.063443919554772243e+00 1.780475623322452128e+00 3.118122702861023665e+00
5.261417569481808831e-01 2.075979404908227521e-01 1.695565032312644771e-01 2.137579490668051196e+00
2.839905132373548913e+00 3.019429575292789547e+00 2.395983841117212076e+00 8.372691708674109279e-01
7.109339271984149722e-01 9.745324925009648531e-01 8.569637582743298010e-01 1.895149431080097813e+00
3.033519597360272435e+00 9.859635010918635922e-01 1.229006034228077748e+00 1.774048231988957891e+00
8.845553039298049702e-01 1.373348985512546472e+00 1.053035356355232821e+00 1.290889815194021573e+00
3.057585000644350348e+00 6.323343418679178152e-01 1.789670326892439656e+00 2.046646296825593403e+00
1.348337873441443735e+00 9.900283695395807326e-01 1.870393724736336916e+00 1.074008984367297970e+00
1.361403477250923810e+00 1.141798271794000286e+00 6.817086883750452797e-01 2.643892494158711859e+00
7.848560364739873285e-02 2.172866428093529922e+00 6.726145003555430435e-01 2.535898535361495121e+00
8.273925656369304771e-02 2.782315405093179761e-01 2.557872213536049433e+00 2.961531355248074870e+00
1.571159439234740551e+00 2.770936655645336533e+00 6.844462947350336002e-01 1.025485123410039057e+00
1.973694365627847613e+00 1.290186684055486310e+00 2.018758586195643634e+00 1.875836305591229491e+00
1.288226920799233621e+00 4.579987831835373169e-01 2.815339737787995844e+00 1.583235284344901128e+00
1.855041825009530188e+00 2.182966068275265403e+00 5.849052707706663412e-01 1.961284730864482739e+00
2.881593165310270876e+00 7.965767277805941848e-01 2.966423240248661664e+00 3.111422159359063855e+00
2.850971256746679838e+00 5.173161434003846759e-01 1.384522717385687329e+00 2.886782139669602287e+00
1.366921806385870131e+00 2.989890658265661472e+00 2.146563552648974138e+00 2.516438504897259065e+00
5.041029781531018994e-01 2.247895527295551865e+00 1.135904334709957775e+00 6.859087589886085912e-01
1.731722797301793237e+00 2.243850163740129133e+00 3.099500524196903140e+00 1.248481655245636590e+00
1.722883066979115307e+00 3.013196177046926660e+00 3.141531096484472929e+00 2.649790711561443413e+00
1.788251475883335218e+00 2.620866862212058113e+00 1.275323238892554223e-01 2.903932862603479492e+00
9.361695438471422381e-01 2.124932521331781565e+00 1.703967453455958569e+00 3.531482807536501789e-01
7.162613352373280451e-01 3.676708068857447165e-01 2.512381851719917236e+00 2.753408393996887416e+00
3.072201073395758986e+00 2.481633964261833025e+00 1.211136803499930359e+00 4.330149233959135757e-01
1.011412383719616281e+00 1.645744385085927908e+00 2.995075019647232217e+00 9.501134559238902932e-01
8.060081639264821129e-01 2.374153279233117253e+00 2.922233679106938986e+00 2.829715340588001560e+00
1.704629893771185400e-01 2.077278325196316278e+00 2.289141539053671348e+00 2.616842502844239249e+00
1.700997722822882086e+00 9.061239619153429459e-01 5.815540308611023557e-01 1.298360808141737266e+00
1.300617706108367910e-01 2.326675284163639557e+00 1.019806814375849191e+00 1.573413223649874793e+00
4.127116438477611005e-01 2.154354402213314312e+00 5.988870921819845483e-01 6.926184381660088762e-02
1.357296878294086850e+00 1.399782061318752158e+00 3.131694088601213316e-02 2.575204638768706089e-01
1.636017718333923288e+00 1.722231773954129519e+00 2.213864999455504190e+00 9.002108395777905780e-01
2.744268178950347359e+00 4.510947690027274914e-01 2.798075049581417062e+00 5.617982979222214679e-01
2.140471899860055149e+00 1.819155449399672220e+00 2.868679478114035231e+00 2.323641137445208393e+00
2.713334825225497848e+00 1.586521641574889729e+00 2.875816781150307033e+00 2.826476801228785529e+00
2.258578446147445185e+00 9.424183991913012148e-01 7.332775316855449921e-01 6.380225448091281226e-01
4.880459807257467864e-01 2.441526271979799656e+00 2.634735298997846087e+00 1.803290654884176059e+00
2.136670881343484818e-01 1.354621041913596224e+00 2.785060687912161992e+00 2.483704911399401194e+00
1.867232889300184107e-01 1.521451332684259583e+00 5.595634392518012978e-01 1.404801290257191859e-01
6.709209679737550003e-01 1.164526028475623143e+00 1.707143932557523558e-01 2.572711520139915886e-01
1.342469994792388155e+00 2.243433520540155879e+00 1.336837477741404934e+00 2.539975118105920693e+00
1.388075955618711887e+00 3.596007526081878569e-01 2.655460484169220425e+00 1.123171066579393917e+00
5.490609182710927128e-01 1.902403474364345648e+00 5.332034527995634446e-03 2.620954991906286669e+00
2.649494211266710586e+00 1.789581974065001857e+00 1.639906358140993614e+00 6.689943952935858418e-01
2.154275874738620811e+00 1.870689124582710861e+00 1.786593373163033682e+00 2.860118377590979755e+00
2.322738311587218440e+00 2.585033200177467294e-01 2.266031576962968419e+00 1.640663495171799324e+00
7.761092984092354298e-03 2.901831139754937894e+00 1.000782737166870717e+00 4.004104208655283048e-01
1.345393945697577420e+00 4.754702372868200438e-02 2.151089276676953155e+00 1.462016035727733199e+00
2.527207484020385087e-01 2.090837560792998762e+00 3.003346734313355970e+00 2.172065935880316712e+00
2.713557681250602371e+00 1.977671434419296714e+00 2.716971119487879172e+00 2.184922095445823498e+00
2.297374131376349382e+00 1.074967902150846255e+00 2.479024520946047527e+00 1.623523226840250411e+00
6.850428329552668005e-01 3.832721551504974372e-02 2.403048071148157216e+00 7.405189735946112739e-01
1.051177286045897885e+00 6.155831036163207370e-01 5.805351593511258734e-01 7.793179975621850053e-02
1.491173165799261513e+00 1.454157593668146342e+00 2.651818221309980128e+00 1.275079781137039348e+00
2.013891312807700285e+00 1.402708146843499648e+00 1.583132004867316533e+00 1.411244543124966722e+00
2.411743072705730295e+00 1.680125467736774292e+00 1.561026499487111696e+00 2.686602613010880880e+00
1.212789689619027556e+00 3.104855928578162949e+00 2.063107353348281769e+00 8.369450667815400147e-01
2.159757983548144245e-01 6.243711545322288003e-01 2.374695368022362307e-01 8.144862117457144501e-01
1.670368852163380380e+00 2.535503915441746248e+00 2.781944442175917853e+00 7.533847001470389548e-01
2.619817227121872705e+00 2.854723637171625583e+00 2.542468970304631259e+00 2.678527850510477037e+00
2.568914473276326049e+00 1.672383272353682893e+00 3.067363237252271890e+00 1.840333811584242474e+00
1.378720022229024345e+00 1.744943217516438771e+00 1.126103786121732675e+00 1.979848219355464289e+00
7.473707697054463583e-01 3.112208695015123094e+00 2.918562470434177492e+00 2.511707934053468261e+00
1.231835121252773835e+00 9.588268357730347358e-01 1.297310434040739091e+00 3.565398448112333529e-01
2.202532069896316058e-01 1.712045432036889858e+00 2.896178032567211957e+00 2.214268406379798826e+00
1.544735235161710296e+00 1.182829566334930416e+00 1.761089037620217512e+00 1.250676887923645619e+00
3.840158866127803550e-01 1.141130965527903607e+00 1.273276560753813458e+00 6.303985361469622850e-01
1.006814681775660469e+00 2.630631123555989159e+00 1.961232028034283648e+00 2.639870005826416843e+00
2.706999293932462969e+00 4.698804472305836422e-01 8.061737868018508113e-01 9.127244173869069055e-01
2.980943913085325470e+00 2.341018896544762917e+00 7.762409840886153045e-01 1.858443674592957562e+00
3.048540381583574543e+00 1.619023133886983823e+00 1.659658699781861868e+00 2.089260858279366140e+00
2.783597722536974572e+00 1.059936284789956940e+00 2.862565418445081278e+00 1.826748255261606557e+00
1.740003472267705797e+00 7.783362378561413664e-01 8.749183835027029010e-01 2.808640210613445820e+00
2.605871166310778086e+00 1.401864461158065289e+00 1.147275650016724269e+00 8.353885989784329835e-01
1.482617994745964118e+00 1.945900933630942742e+00 2.915945285602521420e+00 1.042286375721521496e+00
2.660160669093536878e+00 2.974185357755553927e+00 2.748454005889670704e+00 3.540568405192119905e-01
8.346901333155954950e-01 2.966393394611739343e-01 2.508142498302790901e+00 1.617354083088186067e+00
2.308338244131522998e+00 1.529850472811253415e+00 8.913057388943762538e-01 7.163600917890361464e-01
6.328817219083767709e-01 1.943162205663683251e+00 2.997424694671339651e+00 3.359151984607884334e-01
1.814978967944585797e+00 4.509554066238735115e-01 3.612203213156740117e-02 2.826247215127212442e+00
1.066718021705713282e+00 2.034505233502165833e+00 2.995294230526204804e-02 4.730843363299532256e-01
4.968218062852851613e-01 2.743113125287178988e+00 6.648672513239847204e-01 2.935795673396279226e-01
3.089641333677156654e-01 7.680935301540110505e-01 2.174410857911899697e+00 3.658978311531143057e-01
2.553437544581000918e+00 2.228899045955977432e+00 1.084930008336751905e+00 1.845627851135979158e+00
3.739350738594582335e-01 2.920574188735788557e+00 3.619987244919204566e-02 2.382835532741157003e+00
1.263667084575419208e+00 7.073029629964796561e-01 1.704828816113129974e+00 1.827636648458797142e+00
8.902092610018215169e-01 2.475528557860904311e+00 3.089388962060945154e+00 2.530070300816608775e+00
3.019430081704422841e-01 1.100137195074214036e+00 1.885913244527283705e+00 1.571104951212776157e+00
1.291550504631411300e+00 1.391302227295527993e+00 3.015472193864704220e+00 1.607785625824309783e-01
8.876424800314556274e-01 1.498339418629857367e-01 1.718354934359760611e+00 2.659738864158400773e+00
4.795166719774617281e-01 9.088215868190028246e-01 9.787174316331737067e-01 8.897301610969718944e-01
1.698011484831320361e+00 2.689348233828086077e+00 2.800490456922931415e+00 6.548593585889208590e-01
1.420771389213952851e+00 2.293560966327829576e+00 1.451211049800919639e+00 2.724004502159301566e+00
6.516672794704084781e-01 2.006111933729988195e+00 2.071901856297625688e+00 1.502971537785155798e+00
2.680372682896611014e+00 1.622717281776576481e+00 2.173953343085329948e+00 1.842973243073509959e+00
2.408044845820213276e+00 4.213562987784441050e-01 1.960334628507781396e+00 2.605569466205069684e+00
6.803181616631239770e-01 1.377362630207349614e+00 9.678461809224647716e-02 7.918525812038127443e-01
6.605440516669588980e-02 2.290755663901169914e+00 9.075806999455732216e-01 1.584966164642745534e+00
2.004075764813708638e+00 1.311296723202799441e+00 3.120863129106779432e+00 3.076544113147615445e+00
5.624838439149367764e-01 2.044817945924641389e+00 2.045163941423381981e+00 2.793971253168944013e+00
1.039148425969154549e-01 1.873281823882636754e+00 1.553240508816041032e+00 5.112203197701968849e-01
2.391193722201471417e+00 2.729260416436861014e+00 2.891770573161097507e-02 2.606436378281096644e+00
2.899000669099011329e+00 2.229353733805279347e+00 3.266831599839379874e-01 1.408820834580673642e+00
2.097231965718659552e+00 2.634515703498053196e-01 3.078791901470621095e+00 2.086943108725100582e-02
2.216713379218389957e+00 2.238194009258720030e+00 8.961317325843759507e-02 1.833917052699369332e+00
2.801066244953799522e+00 5.958541213257909641e-01 2.973715114985139962e+00 1.457639735184093066e+00
2.379381761470692691e+00 2.519212775038220720e+00 2.250096510259818494e+00 1.498736180685150021e+00
1.683244808563050476e+00 2.544394505363711367e+00 4.875677200321169025e-01 1.190733681145645040e+00
8.991355610515617824e-01 1.000959471966662351e+00 2.438319278636138510e+00 1.350635406995753574e+00
3.083142952008152693e-01 2.604541746461576768e+00 8.117315737953478827e-01 2.235947181431438668e+00
1.280983173227910887e+00 2.931605372862343059e-02 1.828366596394433441e-01 2.121824727601933969e+00
2.242152583954205802e+00 2.941004605874404376e+00 4.231280432449993634e-02 1.733981046325752340e+00
2.919262798269527170e+00 9.981156706924689814e-01 1.358833145544998233e+00 1.039573943588570692e+00
1.662295419879063763e-01 1.523084047253030704e+00 2.467042961318545835e+00 1.543347199324752062e+00
9.262245838751023141e-01 2.098189336680841066e+00 2.053100663508320878e+00 1.326563619066484456e+00
2.527922914448854197e+00 2.312742434360979260e+00 2.195878091551879407e+00 2.227426531107528529e+00
1.294853173941223068e-01 1.831123220849276478e+00 1.629809584788852961e+00 1.882193143305104233e+00
7.725164113987366410e-02 1.108443337199138234e+00 2.456863923929240023e+00 2.414163690880049451e+00
3.184551184009530855e-01 1.798130381681261714e+00 1.564879111683878277e+00 1.429245739443814056e+00
3.113746987184650816e+00 1.555730589489318971e+00 1.939250056618221807e+00 6.852985870532607438e-01
1.152683914215475447e+00 2.699876987580683618e+00 1.799689576340111508e+00 2.108833705997219976e+00
1.172190765446189831e+00 1.674013966424598987e-01 6.113100905648766875e-02 2.747833651251399001e+00
1.898155744927245481e+00 1.201481477499486639e+00 4.121701304172004643e-01 2.056246366754803934e-01
1.628051583209888964e+00 9.569695168277241315e-01 1.856431937111456598e+00 1.718644963293760153e+00
2.337043574427361659e+00 3.924867519156240436e-01 3.475187138964791478e-01 2.782351745164823864e+00
3.055171827766061110e+00 1.641348872019092964e+00 1.282082918934721372e+00 1.038712953733267108e+00
1.060974550332147937e+00 4.721409000348051888e-01 1.452496868422658460e+00 1.157887708583965169e+00
2.621859243786572868e+00 2.402835286605201404e+00 2.785177926721428943e+00 1.797414329968981983e+00
2.729554186656056203e+00 1.066391442884652596e+00 3.083882153040040208e+00 9.912607552170875636e-01
9.191902985241109381e-01 1.026867346115626356e+00 1.757517804984734866e+00 1.090134881642527143e+00
1.998792775765438012e+00 2.706705162724360569e+00 1.592319253044600647e-01 1.784881424715350828e+00
2.148118247190540231e+00 1.657997260142596074e+00 2.605507013981579245e+00 7.790363323406751528e-01
1.180045003764503164e+00 1.828862202074931886e+00 1.255149645160829885e-01 2.188333146251135286e+00
2.979560587512815939e+00 3.045650466611401264e+00 1.647591190344410150e-01 3.067689048940260843e-01
1.885231022481094421e+00 4.361709182152480602e-01 3.014428403287145564e+00 1.995302710717053785e+00
2.891696571877013344e+00 2.855041360570759856e+00 2.010188148679286524e+00 2.748330806044340324e+00
2.242301001153371054e+00 2.393030569171290534e+00 1.351597925131430955e+00 3.562928898053421278e-01
3.066129683232794889e+00 1.237573792744071977e+00 2.339847284820717910e+00 3.604602024251349346e-01
2.059937205682649264e+00 2.347340603921003854e+00 4.453064098708410246e-01 1.944061846187482123e+00
2.630674165850153123e+00 2.972112974797569973e-01 3.117493482928624271e+00 2.613627696593415983e+00
7.715405703069834198e-01 1.767377098890165366e+00 1.603496867630932243e+00 6.487360808515132415e-01
3.044324078107006226e+00 8.529908150219599472e-01 1.838876568888598184e+00 5.194752610218951183e-01
9.143235335967885291e-01 1.339922349531606827e+00 8.755145772190684461e-01 1.106927090889404885e+00
1.235001477111431711e+00 1.864932914576313161e+00 2.686858273389012286e+00 3.137784769402734319e+00
1.090658568730197953e+00 1.861003875419109166e+00 1.648855407802120032e+00 5.371771973313742565e-01
1.829263280239968870e+00 2.244995319860300320e+00 3.551216451329075596e-01 2.466620112098120376e+00
1.637671365305494620e+00 8.753522433825846605e-01 1.698830257336849892e+00 1.614681404631913786e+00
1.146078564293089963e+00 1.682158134214864820e+00 1.824545479993946895e+00 2.275516595277520260e+00
2.737556517644369247e+00 8.032624329545323683e-01 1.802648533267334541e+00 1.521625472079838781e+00
2.054872904352335272e+00 2.656116690792893476e+00 1.176590388809750198e+00 1.488475144893010693e+00
4.714917956805859678e-01 2.632690023816470770e+00 4.996176115073437396e-01 2.527062458792320943e+00
3.050845926009099873e+00 2.544833286866037714e+00 3.961914800920742774e-01 2.954985144792881879e+00
2.369522357746534524e+00 1.630160533313112836e+00 2.873399263326136044e+00 1.362958389608206922e+00
1.400443085350235872e+00 2.941623522751119602e+00 1.264789548513304718e+00 4.857510363440791235e-01
2.634821932157830560e+00 2.838108031246339369e+00 3.011326128253033474e+00 1.022373307586426749e+00
8.860568272179853988e-01 3.093529602998954964e+00 2.499752016827822221e+00 3.048191656925285375e+00
1.900836724924196419e+00 1.311218944540292197e+00 2.258411493634109757e+00 9.521736684587663868e-01
2.448940242914825927e+00 2.570582311904733519e+00 1.110378214277455200e+00 1.867677486248871255e-01
1.399463992145625779e+00 2.343295938257961009e+00 3.762463624228103987e-01 1.912322575667192714e-02
1.094394113322385564e+00 3.096715361217626139e+00 2.247114913400304559e+00 1.631232616699383131e+00
6.270971503345157405e-01 6.797488392486675801e-01 3.358055279325665166e-01 4.416345089678537783e-01
2.993985404454297949e+00 1.748206341214168624e+00 1.704388118377867745e+00 1.549681117902925065e+00
1.710129462626861940e+00 9.985763482568218441e-01 1.667732665177269702e+00 1.650203038147614931e+00
1.232459157055040944e+00 5.307109645888290483e-01 7.422704916112816687e-01 2.504750293976939712e+00
1.022973331193944402e+00 5.952095327028990024e-01 2.383876603766350133e+00 6.320057078816097018e-01
6.642225548141856839e-01 2.912175424797157852e+00 2.979588903155820034e+00 1.949038738075763000e+00
1.584077256610612494e+00 2.235310206612429518e+00 1.043784789050326678e+00 2.660117634581224966e+00
3.042241727370968540e+00 2.820839356986730717e+00 2.254102022332532318e+00 1.501471921520667996e+00
1.293205228327487744e+00 2.243966105662562160e+00 1.087500683985664768e-01 1.801509474857583726e+00
1.091907174787993151e+00 3.008099721415019800e+00 1.525272479570140005e+00 2.077925308170404328e+00
1.318705229749138397e+00 2.521029325471557669e+00 2.011072406002699875e+00 1.993743176403195871e+00
3.098807071979889027e+00 1.315019061888111240e+00 2.757281097138011283e+00 7.652056430138707288e-01
2.264498836251214176e+00 2.323926173468168876e+00 1.501894351682648843e+00 5.735907776823331305e-01
3.002745645108359174e+00 6.877179136025356465e-01 2.220085802374383022e+00 2.739010276883829142e+00
1.277770588052612233e+00 2.520813872209544115e+00 5.304761457289550730e-01 1.805951703182104989e-02
2.146353790151579677e+00 2.102340248234038533e+00 1.358832175720547653e-01 2.830083698478190968e+00
2.393487331002025709e+00 1.601755079347329191e+00 1.341736890274184635e+00 1.005732789674361527e+00
1.950435446683866259e+00 2.151075475675832571e+00 2.222234185103419524e+00 1.003111903333628652e+00
2.382327036615853988e+00 7.829168733026514726e-01 2.811304731459715711e+00 2.912001693523908141e+00
1.811344343755918240e+00 2.280102838968992351e+00 2.742595866223984657e+00 1.969258008856684450e+00
2.387963968757174094e+00 2.795687311903654937e+00 1.660413839966537353e+00 8.894233309942917165e-02
9.092538471999889182e-01 2.028194875714416145e+00 7.511027469814186841e-02 1.095117337323777473e+00
1.850683399687032826e-01 1.805817132685460180e+00 8.995233998988668711e-01 7.970149252824838548e-01
9.540703124961964487e-01 7.790442445701278862e-01 2.294650403097169833e-01 6.546462045380241346e-01
1.761728453655849597e-02 2.234605136744413301e+00 1.743647735386966990e-01 3.948167053682752337e-01
2.244552437673873246e+00 1.704365948509253492e+00 1.698390469410479886e+00 2.332473671867703935e+00
1.361909247056447336e+00 4.538592219357981961e-01 2.421065643056675931e+00 1.516977908427437516e+00
1.371979579690823403e+00 1.170684535881741484e+00 2.611674264632026343e+00 2.613619984150404640e+00
1.413850980323205553e+00 2.802932619810007520e+00 2.459068918607662191e+00 5.839120947810055862e-01
4.076624805796627560e-01 1.201266722649214191e+00 1.664696048640257886e-01 2.218442191609612202e+00
3.984285214882131720e-01 1.099677693114779586e+00 5.275667348455644057e-02 4.554083000723048169e-01
1.563941236301239046e+00 3.458059550799783000e-01 2.832616136007297669e+00 4.237842241247100628e-01
1.505387245612703095e+00 9.579187890741049927e-01 2.857530189962303346e+00 2.056427661099606397e+00
8.643184118730374843e-01 5.008607999156566848e-01 3.110135576919688116e+00 1.501187504829723407e+00
2.884433459261381838e-01 2.619971144096825189e+00 2.649854369778352314e+00 8.795507053532047870e-01
1.407583528069205281e+00 1.814217389781056955e+00 2.734070682349865500e+00 1.373493537832460865e+00
1.027218865333656028e+00 2.198803360577093802e+00 1.372398948537157048e+00 1.716623613851573138e+00
7.446705358036365130e-01 2.625013915227587091e+00 1.968910477686133698e+00 1.325115547361038981e+00
1.125177930012962069e+00 1.707516214551339617e+00 1.157087036356712728e+00 4.385421062319861396e-01
5.553332128233936515e-01 1.254408218891531757e+00 1.885476860518915609e+00 1.248568515668578432e-01
1.151873277696132236e+00 2.664185286906541439e+00 3.823288652069128934e-01 9.959963702507570460e-01
9.907670046333895142e-01 1.222816887875706193e+00 1.880690550720368797e-03 4.512059189668543024e-01
2.913822683283831538e-01 1.285542316432242593e+00 1.351737923980179223e+00 2.186134356427063441e+00
4.282502554977637987e-01 1.245352600402377941e-01 2.204157622958733853e+00 1.990333142523213805e+00
8.227763363160495169e-01 9.025110807574007188e-01 5.107987345383458999e-01 2.305992279075513018e-01
1.484040292586596754e+00 1.530164107421885467e+00 6.232092008924112747e-01 2.373418940153844137e+00
2.930817538811045342e+00 4.254719504053625090e-01 2.706122925144828884e+00 2.215070920153046963e+00
2.806329518414928392e-01 1.585335151145602861e+00 1.629534507201833460e+00 2.243960777320049838e-01
1.689791957318342863e+00 2.583900868866144229e+00 5.376428579829027887e-01 2.498318928451208620e+00
8.504207853689202956e-01 1.879670657872380524e+00 3.717786244554886488e-01 1.546824453655812337e-01
1.848958974329411920e+00 1.239594028548549609e+00 4.247765528997889950e-01 2.083572264540596297e+00
4.427406473057746150e-01 2.847860153295084795e-01 8.233667495410529336e-01 3.105218842509658739e+00
2.846584906157358930e+00 2.726977023177621806e+00 9.813033400859382249e-01 8.082983825356260255e-01
3.153723602131215942e-01 2.139237228853725359e+00 2.874278292548756997e-01 2.027791168971158964e+00
1.456013883732685255e+00 1.376407997609795153e+00 1.816537402646811517e+00 3.016744962857391688e-01
4.113518592196400703e-01 2.978931552098710078e+00 2.609198645826268592e+00 1.738760729366133573e+00
2.590537590230995946e+00 2.897533846045976968e+00 5.115659020870796381e-01 3.406558512353302648e-01
1.269189067022156170e+00 1.332825990959644047e+00 2.934092419461469703e+00 5.701319876961095101e-01
1.941816827920433086e+00 1.474710370993706832e+00 3.407104944319315487e-02 7.505124497198413236e-01
2.601407717123791485e+00 1.298979011448403664e+00 1.535528803578007917e+00 2.581150788799390750e+00
2.913833504947087594e+00 1.138786525912971026e+00 1.062984708699670655e+00 6.117394999671994515e-01
6.536129708775306746e-01 7.495004112433466259e-02 3.049951490385341302e+00 1.161600888247973140e+00
1.053635921850639701e+00 1.047484612685353866e+00 2.800407069245719249e+00 2.552624020541058303e-01
2.653253782924951842e+00 2.732484376856838981e+00 2.598470620442272061e+00 1.938925069720362604e+00
7.043536312794347332e-01 3.920552133238405235e-01 1.724151343835805261e-01 2.836782787953388674e+00
2.213533146632476356e+00 1.005818678857194781e+00 2.184265436373529656e+00 1.606838531472023490e+00
2.950695305552471837e+00 2.470719914202286649e+00 9.446356200772342282e-01 6.210060581117801126e-01
1.588229635560066244e+00 1.130032895002992976e+00 1.925080064543553737e+00 1.780277023890169952e+00
1.042228424271171988e-01 1.558391637853215883e+00 1.679093254193735119e+00 2.734665016651406155e+00
1.466133097549621178e+00 2.458541932086891979e+00 2.416562663917594556e+00 2.085277394081723745e+00
7.347629925139821383e-01 2.469981218448521254e+00 8.588754151375493917e-01 1.829350665299269485e+00
4.880173388774138865e-01 2.861721434443604384e+00 7.514664327862121684e-01 8.203026690753718597e-01
1.730675605549102158e+00 1.759518828664377033e+00 1.245858125276361639e+00 2.283249477746691181e+00
9.977172343537465959e-02 1.318144414968916545e+00 2.342698202534529095e+00 1.423486772565907055e+00
2.433015950221877777e+00 2.297561207273305151e+00 5.648331767320002861e-01 2.623860262225316209e+00
1.291571915173731266e+00 2.142124035852877029e+00 9.994351425678599243e-01 4.761056212103977336e-01
9.980286141819838530e-01 1.212551578590099766e-01 4.313611642474153851e-01 3.927148022770590163e-01
2.023727583981992151e+00 1.289973187447231162e-01 2.523561566323065719e+00 2.710696779086816388e+00
6.027341563437151883e-01 1.963475837841897276e+00 2.205358027021915301e+00 1.595077152303798540e+00
1.984243426096349738e+00 1.160380319483028222e+00 1.100734170106524301e+00 2.068736733908866920e+00
8.974985431643155431e-01 3.604636699651585507e-01 2.935707245083047479e+00 4.108943846920602994e-01
1.393469040650787250e+00 1.552301570440957512e+00 1.848748536591765301e+00 2.019967877295466341e+00
2.319265246759365962e+00 1.561911520793042074e+00 4.950612622459552026e-01 2.766931545332513842e+00
2.441649564919058935e-01 1.140815979827173726e-01 3.723445845186880709e-01 1.300966430921836503e+00
2.285340762802167802e+00 1.590152761630998279e+00 2.190214436933838549e+00 2.713275714410547490e+00
1.929306114361038604e+00 7.759611145477025573e-01 1.794306747368813015e+00 2.751564360923740793e+00
1.924252471553744792e+00 2.344124239512765939e+00 1.340135791023008505e+00 2.520841436926970047e+00
7.677280690100708434e-04 2.327640985318482070e-01 2.342772739313956354e+00 1.459266736563724853e+00
1.838070891987332312e+00 2.339362465718155981e+00 2.268412711823271533e+00 2.582163931206011398e+00
1.733290147881650478e+00 1.108281120882415705e+00 7.490351050056290871e-01 1.222504847382890891e-01
1.907802610598053006e+00 3.424325423210389241e-02 8.234106820412889771e-01 1.527471890225294004e-01
1.161183585886807146e+00 1.685657506384769411e+00 9.836660658840626903e-01 2.378547520374258983e+00
8.622309634888484231e-01 2.005652320808389621e+00 2.556430741267966766e+00 2.936805124267042988e+00
1.535593418978180302e-01 3.119022468276373417e+00 2.460177301620361856e+00 4.828902639687517317e-01
1.261699157309185582e+00 1.275487795626159437e+00 2.494407623740471536e+00 2.505927515435019348e+00
2.544209545561710861e+00 1.741752017090936411e+00 3.024964578319613295e+00 2.897231187433142452e+00
2.531364287156927517e+00 1.825657418520501840e-01 1.965350824381864259e+00 9.860389926023077622e-01
2.826385362208911900e+00 3.597439237668165202e-01 2.100835329338256230e+00 2.685621318450036821e+00
1.146992212989471405e+00 1.726228823117323119e-01 9.592928039122446959e-01 4.558979741793549034e-01
1.747064337763400421e-01 2.398986396188739434e+00 3.327380226535358587e-01 1.244110741093791495e+00
1.040630640450278532e+00 2.546220108608853394e+00 3.133479559066667530e+00 4.203342077827141310e-01
6.657360374666851932e-01 1.482184427994908571e+00 1.525668172168357373e+00 5.224870152309603055e-01
2.861009563742167305e+00 2.712794834473572170e+00 1.379486206238552115e-01 2.191946563536357306e+00
1.364732381509802694e+00 1.191181218531984637e-01 1.389501574935519956e-01 7.320856671019556616e-01
2.817699681922345434e+00 1.864104913227555338e+00 1.491848571963618308e+00 2.682881625863882680e-01
1.667486403383642513e+00 2.953658201345260803e+00 1.250751782579020199e+00 2.075649395791583363e+00
2.519591157024140937e+00 1.741870505354111032e+00 2.221809768219565662e+00 1.033176948266529616e+00
5.417564532306354819e-01 3.094749457181278363e+00 2.625648143674338630e+00 1.347405045786046029e+00
2.493809724799519234e+00 1.777245352082368113e+00 3.976263492099357810e-01 2.592231755768588108e+00
3.545098924421016817e-01 8.339663130810579528e-01 1.132263818574767100e+00 1.070576902309906098e+00
2.174413189033102434e+00 7.055254564261558281e-01 2.407834600697254857e+00 3.087763226962870089e+00
1.383782705792196088e+00 3.293197877494991044e-01 1.440630694237265530e+00 1.634140672358958879e+00
1.792751103602819418e+00 2.293937069755548119e+00 5.490778939027501915e-01 1.505634521931649816e+00
1.417756151191353897e+00 1.119671560318143522e+00 2.324487489336879431e+00 1.361042272322028568e+00
1.464834085773792927e+00 1.255939990851063781e+00 7.461580958625148030e-01 2.575198714787491738e+00
6.128124518549307176e-01 1.942500047889457182e-01 2.325340530352204560e+00 5.814252466553714305e-01
4.071485786841060744e-02 2.750812830273199894e-01 2.071687146777210664e+00 3.029112442821659812e+00
3.569585713696111218e-01 2.714342966351466657e+00 2.780415373190909256e-01 1.061994999242500626e+00
5.972947469929562603e-01 6.482447503207381390e-01 2.357155009418840041e+00 1.071344630255867347e+00
2.738794709621986456e+00 5.209925780500160863e-01 3.895527449853746771e-01 2.813714185965638048e+00
1.234353408266007701e+00 2.344491434101446004e+00 1.648286697926887978e+00 1.460327774214879915e+00
3.017709530691165654e+00 2.896828531440129417e+00 1.867426782490349657e+00 2.576564480757705500e+00
2.682406687309602411e+00 1.985319300630608019e-01 3.836217314703770365e-01 1.847244027182108672e+00
4.442206630477759655e-01 2.830057199391752931e+00 2.838076329823183919e+00 9.556679857858825511e-02
1.909203538332665095e+00 9.368490661781662121e-01 1.395794037333566218e+00 3.083728360976490723e+00
2.813057937812958875e-01 8.016164776318667196e-01 2.968324198119803192e+00 1.682272647799346155e+00
6.919718516593815760e-01 2.773721117487261800e+00 1.559474428678097047e+00 2.388953884345381695e+00
8.379256280139409929e-01 9.466961265085958033e-01 7.958669702140837021e-01 2.192872111439350125e+00
1.887275927345293480e+00 3.145200151943883804e-01 6.176143433804940353e-01 1.587272046973638107e+00
1.352332067403419158e+00 1.954103060118620006e+00 5.255748794600071383e-01 1.538071913249828615e+00
2.664901753820092090e+00 9.921462052410097154e-01 1.203194916994961394e+00 1.629909322264386340e+00
2.290875784607650623e+00 2.402610610265524027e+00 3.027712059150738266e+00 2.870450475083286879e+00
2.029029773206457943e+00 1.465853199379471228e+00 1.680318132656343222e+00 1.922600528059200009e+00
1.214948440609575186e+00 2.102160603493673730e+00 2.977153433790853843e+00 2.873864771274439622e+00
2.522093916395191204e+00 2.007182868171254686e+00 1.641535619118082323e+00 7.018601302001884479e-01
1.125581800420897061e+00 2.740132931337527999e+00 1.730572078553763271e+00 2.503906758949768996e+00
1.962985340235134268e+00 1.590828853169123924e-01 1.649997588211055577e+00 1.491592620377880929e-01
2.921630579042106213e+00 1.814585837491027087e+00 8.855374624429607211e-01 2.149193016734565642e+00
7.478561370098687489e-01 1.261176364364829272e+00 1.938617552845665504e+00 2.301648169868073968e+00
5.513254912793120743e-01 1.337302392997235190e+00 7.149645306548199075e-01 9.791727063144083365e-01
2.147015591317864125e+00 2.565611605614249502e+00 6.605000395566863469e-01 9.544239935362913707e-02
6.353198588325340568e-01 1.144731834220557909e+00 2.365892879640989932e+00 2.941835901483794924e+00
2.212359288509800237e+00 5.660109229618841553e-01 2.288416186901143679e+00 7.227082511086740935e-01
1.492144361192490783e-02 2.659685639433531534e+00 2.683269777590348015e-01 1.066474859166765654e+00
9.705511107030172502e-01 2.948554690074892459e+00 3.028961449562784569e+00 2.387653739650490714e-01
1.227821571765252973e+00 6.281838210103682929e-01 7.009906101900231779e-01 6.017219461112153223e-01
4.111927735433481557e-01 9.903189696253097418e-01 7.148115720823148278e-01 1.096097076392073433e+00
2.704896153026992156e+00 7.981559678168610450e-01 1.808289320953208879e-01 2.307252228419800488e+00
2.739099912998660180e+00 2.214082237398951936e+00 6.960429865148790030e-02 7.264969657473483444e-01
1.117171537116077085e+00 5.358289423309268995e-02 1.818387150816628939e+00 1.186465961025188198e-01
9.477605336865414509e-01 2.704133321013482139e-01 1.453980860662371866e+00 2.918191630758018906e+00
2.742041646724170612e+00 2.313401245094717229e+00 1.694024816154519275e+00 7.581758473659586661e-01
1.596358495634660368e+00 2.431430104942292836e+00 1.942402504282848774e+00 2.143606021447766796e+00
9.369099894794349348e-01 1.332686309127641966e-01 6.682187280748629332e-01 2.193719151358538788e+00
8.710060570910849176e-01 9.240251775286368874e-01 2.385434506253095499e+00 2.964264239552803382e+00
1.343836454580182416e+00 2.160026019396486863e+00 1.317726471832372903e+00 2.415116592726660016e+00
1.765683165652569109e+00 2.853332326956183440e+00 1.531857815188292449e+00 2.168103930688501102e-01
1.266388555225527623e+00 2.296205105821331305e+00 1.677805134017462674e-02 6.443099061431779573e-01
6.449574078101948382e-01 1.729517547769534369e+00 2.664123121108949444e-01 1.668992399668581150e+00
7.946053321518123935e-01 1.885550218323215121e+00 2.820419655235731349e-01 1.433491041741309369e+00
1.318009556651437819e+00 2.444024457630298741e+00 2.515616725892325434e+00 5.041908415152487333e-01
2.962836828816557855e+00 2.909191821503649411e+00 2.689328644101051768e+00 2.744567224285127338e+00
1.030601242477653168e+00 1.502506228920472253e+00 3.615928726246453451e-01 1.377331158314950343e+00
5.392558696748214753e-02 2.295715873574518118e-01 2.031070355541277073e-01 2.380800213680374089e+00
2.684276857437157382e+00 1.359589127024858068e-01 7.925810489919806745e-01 8.824276457566735399e-01
7.247913437488410215e-01 1.864077356331533375e+00 1.946961443470987874e+00 1.866334473820869810e-01
1.016992332923859266e+00 1.722563439643338912e+00 2.350133415078067056e+00 1.109456506477611404e+00
3.988481559432975887e-01 1.982661709177858000e+00 1.480324950855960442e-01 1.832991756095103397e-01
1.089669918891013056e+00 1.444182944243093791e+00 8.636834647187976444e-01 5.419620256179039641e-01
2.181007249469662790e-01 1.637443977689824859e+00 1.672229491641945565e+00 2.364813679876014874e+00
1.435172679268917895e+00 3.288694364907219225e-01 2.677696738577425961e+00 1.890620906117887357e+00
2.418592836770209864e+00 2.175044301401204194e+00 2.456251638067711962e+00 1.591610916405655329e+00
2.186789869113832108e+00 3.126044089556847538e+00 2.583307107738785469e+00 6.269574276948330915e-01
3.395177095451069049e-01 2.407731190682568911e+00 1.037147822434742045e-01 2.678386207803999941e-01
2.647656120257688261e+00 1.245531882564994808e+00 5.129455297758600540e-01 2.974401005706375223e+00
1.294424426839660969e+00 3.047330079871187980e+00 1.813118276945834495e+00 2.658793889857195225e+00
5.040647646161583451e-01 2.375485947487579352e+00 1.507146951554972025e+00 5.315045977781974740e-01
1.487094201079111278e+00 3.084696281388431327e+00 1.739217993790206584e+00 2.901271899870795590e+00
2.267139301062154555e+00 3.845442694679476747e-01 1.010359056521500792e-01 6.384715069062307791e-02
2.342095040801261074e+00 2.815068524877132994e+00 2.644019768754538813e+00 7.272795397182668653e-01
1.163711104673417429e+00 2.426033478862228421e+00 1.709921971302325705e+00 1.092262272371427034e+00
2.700812269336229310e+00 2.236107662715939970e+00 6.036046083000570217e-01 1.944886462127729754e+00
1.374979306002492185e+00 4.003024856633156242e-02 1.138665095660567284e+00 1.164872773889635393e+00
3.594168220893829702e-01 1.946142941049756603e+00 1.827922879026720793e+00 9.880071497902883637e-01
3.035607574150377186e+00 2.529698963810072865e+00 1.641357935062941475e+00 1.769955373598515402e+00
3.099948265530740876e-01 2.509514469663322700e+00 2.798067564635425164e+00 3.003743927746330922e+00
6.653708673172307186e-01 6.868976972514925783e-02 1.877673790843101598e+00 1.798606903537592450e+00
4.564274759582692687e-01 2.387315328052191710e+00 1.802714573848015700e+00 2.129482533576936287e+00
2.216688382612519881e+00 1.731174374741413780e-01 2.327374582597495856e+00 1.209084081453413839e+00
4.005596705365317978e-01 3.203289018494350632e-02 8.550247968735570359e-01 1.478190754150687569e+00
1.542395413527700043e+00 1.085509273946947850e+00 2.661857930858796628e+00 8.130202802457979772e-01
4.560679603230107793e-01 5.057867707164993565e-01 3.057367515461312468e+00 1.382077137766001051e+00
3.037450107727162951e+00 1.225215345085942653e+00 7.418862226088154266e-01 2.601939726598303082e+00
7.111341637197911014e-01 2.170878947651768254e+00 1.454096713109159222e-01 9.286869873134703246e-01
2.084833534031919733e+00 1.718940230041188455e+00 5.089151895628912792e-01 2.733846097849752077e+00
6.886587526986813756e-01 1.990550531874327289e+00 1.309305738926408447e+00 2.177156896146144494e+00
1.458010077532311488e+00 1.750546740072409291e+00 2.527418595345585217e+00 3.100121920811295784e+00
1.757851054264165658e+00 1.097035975084032389e+00 2.433853176027546805e+00 1.241074360529266229e+00
2.868968332865623250e+00 3.006801686509068983e+00 1.072392375111559382e+00 1.345504995689055239e+00
1.161955354709019117e+00 7.439085910680023894e-02 3.049072647516934520e+00 1.021561290404937594e+00
1.941073028319324045e+00 5.047613171733833504e-01 2.986117826230423322e+00 9.638970779916831155e-01
1.489634472906130380e+00 2.476541643553012761e+00 8.376718471191444415e-01 2.593404170299157485e+00
2.059358435206751103e+00 6.240502307166261309e-01 1.118325242480311399e+00 2.872655665341731890e+00
2.189383119234432407e+00 1.898242084704063970e+00 7.134343185488420946e-01 1.865114615008470200e-01
2.250429288955990259e+00 1.804703133284622396e+00 1.204345982868490372e+00 1.476001000845594380e+00
1.327345424522392792e+00 7.656093892537675361e-01 2.618944084800765459e+00 1.816292178947325864e+00
2.693329920271776867e+00 2.814052859528087147e+00 1.722558735588119783e+00 2.537644769374127307e+00
2.464387302007795100e+00 2.488529175428091822e+00 1.610821041392175301e+00 1.135085948250107668e+00
1.470456380318015732e+00 1.876350971927683631e+00 9.326397886147719252e-02 6.774610915589993621e-01
1.038942341575683104e+00 4.098622392604653331e-01 2.266948073529003960e+00 3.533043398931317580e-01
2.932528768419675469e+00 3.132702959701868295e+00 2.358855224625225233e+00 2.985499279965015407e-01
2.081368855356977132e+00 1.350699855456154896e+00 2.877258435378417190e+00 1.173084756471822268e-02
1.528446967535240342e+00 1.803093761937752060e+00 1.495144067928490195e+00 2.277286857630030248e+00
1.824100482348333108e-01 1.923886527793646994e+00 2.309222857696733300e+00 1.943176226402296480e+00
2.181996583059881561e-02 2.393698884507795999e+00 2.464707627856417727e+00 6.623823112904753119e-01
1.190757905884420875e+00 6.807370590240864328e-01 2.509635099344931231e+00 1.999139576396999018e+00
1.306014460299479873e+00 1.237318747398170382e+00 1.147034887482932808e+00 4.421640297380202700e-01
2.822760446644555721e+00 2.349645684973648674e+00 1.054207603466898568e+00 2.976678144537224568e+00
2.668448897149153343e+00 1.736983021578788033e+00 1.884458930446490266e+00 2.856074007216498956e+00
9.908377139794625199e-01 2.848618317643941023e+00 1.004338461196420340e+00 1.693016707515409891e+00
2.322277262919078655e+00 2.011753789532146008e+00 2.239875539694755169e+00 5.029194081205391464e-01
1.907688935783346862e+00 8.205559119126707435e-01 7.967729101204344966e-01 2.140749097138160195e+00
1.542668223433438790e+00 1.033532193485344308e+00 7.640845056083935827e-01 2.560787184864449451e+00
2.083687805195556741e+00 2.796785069255639744e+00 2.695698331685439375e-03 1.373448756622625666e+00
6.704230199186462721e-03 7.044320987525021227e-01 2.475961939122476030e-01 1.853107420175701125e-01
4.200018421684889591e-01 2.778471854181435940e+00 3.072791851395659801e+00 2.377762589797927983e+00
6.320557732515370564e-01 2.270527669964298667e+00 3.020523000194737406e+00 3.216366679481800217e-01
2.168045832186577204e+00 8.825869027222334184e-02 1.163684113011772769e+00 5.848943709299425642e-01
2.755519894522477919e+00 1.696451298295334809e+00 2.256217833471508172e+00 2.888061622801652906e+00
9.946432888391715244e-01 2.113448231402310640e+00 1.884200933659052835e+00 1.377870571958130563e+00
7.056672402191237203e-02 2.009303433730916577e+00 2.087744890893684424e+00 1.125089161976082108e+00
2.390350285894744964e+00 2.043959946569847141e-01 2.799579378682791830e+00 1.556160641578170800e+00
7.852594995910003872e-01 6.982466231405630719e-01 2.372726851353138322e+00 2.472573313655345828e+00
1.653051055157010119e+00 1.552539399777958629e+00 2.136973347732590955e+00 1.014216991669123630e-02
1.725957139087554770e+00 1.072026789642369637e+00 1.294467598519570828e+00 7.818389544499260158e-01
2.777482709767225888e+00 2.014681412584208520e+00 2.361623454576135206e+00 1.826790985003369672e+00
1.475771098171551943e+00 1.795485869389240596e+00 1.690651731621396481e+00 1.079378216429623949e+00
2.754170003648706011e-01 2.182330275303694389e+00 9.941461256148104164e-01 7.580311983093155348e-01
4.822153411438336312e-01 8.694906364937901033e-01 2.209590551790894808e-01 5.689773102959048146e-01
7.843534324552100534e-01 1.487621083394675470e+00 2.511596453616378177e+00 2.100927597900188459e+00
4.227112227721714910e-01 1.975719224773984317e+00 1.927477804071436651e+00 1.117453373080441237e+00
1.991107058322634016e+00 1.732417812498550092e+00 5.599747515158200184e-02 4.341243894749875487e-01
9.839218459833974639e-02 7.902411765791257370e-01 1.952663530682619664e+00 3.113154043624486444e+00
1.465163754314139810e+00 1.628515992640591659e+00 1.839848452179873028e+00 1.392492695525065383e+00
9.003524070206047059e-01 1.226955540874746120e+00 9.760567618482648422e-01 2.136846454362581582e+00
2.665087492814810943e+00 3.106165808980728027e+00 2.701703936591763888e+00 2.228870621058095303e+00
1.630718506200845352e+00 9.555559781827082100e-01 1.699563290011952166e+00 1.015784884388284848e+00
1.238022304201054524e+00 2.531003605408092216e+00 1.109208645575860075e+00 1.455284250122188261e-01
2.382945280800981447e+00 1.530695213476219285e+00 2.643599985785644257e+00 5.607380343326547889e-01
3.011143058823397833e+00 3.361081492295029394e-01 4.933019585957899578e-01 1.577972977759396711e+00
4.701264831134063238e-01 1.123578210811560840e+00 1.076747218549494768e-02 1.924638918497076079e-01
1.137423965612317289e+00 3.014099798138188735e+00 1.701770461626068265e+00 2.421884374359906944e-01
2.128031755032036898e+00 2.818331617486947493e+00 2.266822209082225204e+00 4.779287271333263476e-01
2.754642463637697158e+00 3.134379727331183307e+00 3.111721854905977747e+00 4.647189779572262203e-01
2.928371387663488701e+00 2.853368048044211847e+00 2.771430152424207538e+00 1.950431505409699451e+00
3.110956570504080698e+00 2.259616276339250773e-01 1.024077511332591867e-02 2.359295084131030951e+00
2.473377696323967090e+00 1.894649529599253146e+00 6.119495845273572598e-01 9.331712858304683778e-01
4.153120365493979116e-01 2.750859580962496498e+00 1.944150705971797066e+00 1.283157467481719438e+00
2.929712133141537223e+00 1.560807532336138670e-01 2.126265508823376393e+00 2.705274044907215902e+00
1.294095154644451018e+00 3.223712200277986106e-01 1.110483351092495852e+00 2.355796646846560094e+00
2.853017845287926679e+00 8.891576019807313491e-01 2.110329143694898768e+00 2.928747562512546310e+00
1.601074720176647093e+00 1.599606882244048345e+00 7.834357864869802013e-01 1.191369436283086891e+00
1.662780322723816484e+00 7.984102499609215808e-01 2.566726554520840420e+00 2.401678617559439566e+00
1.979051816125081853e+00 9.103516177290088551e-01 1.431164006597733795e+00 2.771887599448663142e+00
3.686139707911652574e-01 2.151913758285841638e+00 2.585684810106519294e+00 1.949379355481201670e-01
2.516766383316625166e+00 1.621763038958195180e+00 1.224029922704908735e+00 1.097780310764507661e+00
2.278155452350142163e+00 2.185417693160054853e+00 5.555892405473945583e-01 1.068550130410615528e+00
1.104085781070322625e+00 6.854303384773650087e-01 1.539693394662040360e+00 2.534233244260803541e+00
1.476187606052622225e+00 2.645316924349745413e+00 2.505235738924726174e+00 1.034436506469293970e+00
2.544786857961173432e+00 2.830676754205410983e+00 2.162390227220526651e+00 3.171850637893784408e-01
6.457634801753423526e-01 2.938488857773969176e+00 7.160643883811065313e-01 2.684854769222967175e+00
2.295921566003131353e+00 2.721951055201379255e+00 9.023635382305021935e-01 2.574439921422635003e+00
3.053629536700710911e+00 1.990288619741823251e+00 3.133992952365866058e-01 1.870774081388536292e+00
4.848304489843214826e-01 1.343817018389501738e+00 2.292022564176674937e+00 2.245476445812506050e+00
2.144238395418543774e+00 2.840882590679337572e+00 9.559337854396255940e-01 1.785195870909238591e+00
1.536713070679448068e+00 2.576262888763062975e+00 2.762447282151577088e+00 1.973129563649617668e-01
2.581936060376044839e+00 2.079359728918786843e+00 1.540328394638879494e+00 4.466786248367341505e-01
2.699424008417887766e+00 4.992898874998065728e-01 2.853044892559660539e+00 1.303861479176259941e+00
7.931222654631681079e-01 2.281526780007728572e+00 1.471817142340262174e+00 2.510914245579046078e+00
5.582293710353411487e-02 5.570109837189712865e-01 4.315363605654752854e-01 8.982646297109637690e-01
2.078275310188591796e+00 9.265463387237332649e-01 1.366716292394695831e+00 8.836009198505735407e-01
2.857851704579457697e-01 2.728936640106692124e+00 1.137606304642908350e+00 2.742003860949184801e+00
8.174712124787556489e-01 2.567681613774247307e+00 2.598145519272707649e+00 4.266746676974365049e-01
1.899315333175034537e+00 2.327283541585507820e-01 1.013024036474598821e+00 7.936969928646168126e-01
3.061383753850196676e+00 6.504359038099094548e-01 1.295686594514423806e+00 5.370175327067257254e-02
5.329610864857248220e-01 3.002215421631964642e-01 5.608469473901163127e-01 2.623991460257572239e+00
2.761479005751515725e+00 2.861962497301057784e+00 2.474002625922135046e+00 2.358155408260550256e+00
2.480620311722725457e+00 3.124092602376105088e+00 1.400068676276667201e+00 1.569402091195388094e+00
1.975017108016140277e+00 2.484766165089011825e+00 2.675561444924060339e+00 1.406942205109722899e+00
6.068718701828628159e-01 1.564467454812535907e+00 1.057016678823518019e+00 1.466930099394155584e-01
2.954694936333594146e+00 1.702685742190878093e+00 1.286034154408564945e+00 1.075964847846794914e+00
2.596519309251966945e+00 1.853443941573751141e+00 1.884588025987147253e+00 5.193770826959357434e-01
5.944446472402371562e-01 1.441098949515257965e+00 1.085214416758323169e-01 3.085797216283328925e+00
4.454763266161151369e-01 4.278320114279895447e-01 1.501915577389761891e+00 6.241934618732255524e-01
8.740502280003678015e-01 1.466470942370079689e+00 4.031679983466528450e-01 4.499884334872574776e-01
6.226642894863374522e-01 6.279076417686176859e-01 1.755812598643935019e+00 1.519367600728109391e+00
1.479409694117996832e+00 1.372873807928761680e+00 2.789201986891673979e+00 2.061479898000933453e+00
1.247173054207503906e+00 3.141035583459029112e+00 1.512363537544532344e+00 1.385569538439882509e+00
2.542716505801820404e+00 2.414273069072764955e+00 4.974342564136518541e-01 1.793600117611829026e+00
2.823426550538265037e-02 2.666628656936394837e+00 2.280306416775109923e+00 1.205412627360391786e+00
2.468114373853346866e+00 1.733324350703046690e+00 1.408688374984045755e+00 5.463896175491058660e-01
6.132504194696036803e-01 4.166269810832761711e-01 8.746515648907412510e-01 8.816280382632232238e-01
2.939239596450547332e+00 1.324262493313713929e+00 4.285926617412657569e-01 2.532151857983132359e+00
5.927360966064015857e-01 2.396733284391118879e+00 8.359122333446995790e-03 2.240847991745769097e+00
1.943304156658790804e-01 2.464882703145794718e+00 2.205449078605852264e+00 3.041084470449328947e-01
1.734996937367296654e+00 1.448245200282201051e+00 1.804502487658746560e-02 1.621468882293510827e+00
5.502854001410953377e-02 8.883523644424151655e-01 1.235695466181071289e+00 2.345315523686879011e+00
2.127243261866338386e+00 3.695576056135482790e-01 3.859294642111126272e-01 2.652477289674405991e+00
2.519577405704853668e+00 2.383093410383442023e+00 8.611594707403508187e-01 1.519527880264747166e+00
6.045966286969859382e-01 4.230055915014557244e-01 1.795237195038174915e+00 4.627056105790114393e-02
7.898137857656833960e-01 1.102086911916768219e+00 7.052670411070158796e-01 6.092743567281382333e-01
8.507076053586080100e-01 6.499300967091875547e-01 1.829391595331808729e+00 2.088816526084936509e+00
7.798136274975804305e-01 1.514432479150018107e+00 2.288619879039300642e+00 7.530372881459566070e-01
1.249973843367568449e+00 2.136414743906110747e+00 7.975290421667152740e-01 2.961897012906931526e+00
1.877020825661262493e-01 2.091434687233552303e+00 7.420356845365145837e-01 2.078333986530993993e+00
2.501896468409547936e-01 2.792797301115431452e+00 2.190861557943072135e+00 1.337645408276474601e+00
1.597702424652819975e+00 2.976939996350014828e-01 1.324082603068583497e+00 2.677847168392817334e+00
1.986228098115223606e+00 1.785143024940430145e-01 1.096699676357115738e+00 2.127728919045666078e+00
3.068465098382961109e+00 3.081311895863486860e+00 2.838274739778098521e+00 7.129900759972257474e-01
2.392461904194520983e+00 2.614602687660640967e+00 1.647848375510730934e-01 1.267858886445893729e+00
4.071995880347734631e-01 4.502946480671198293e-01 1.820499848706936374e+00 3.061352512029400952e+00
3.139821047896325990e+00 1.698040089758559912e+00 2.492794755604282653e+00 2.171835923205701846e+00
2.294250690021202743e+00 2.957715125805859824e+00 5.145266297778988696e-01 2.011293213089515586e+00
1.846623857912122135e+00 3.010023472870932970e+00 4.874665939813225823e-01 1.968589170928011889e+00
1.022549654006255304e+00 1.305843262002025940e+00 2.787196620157490479e-01 1.908039618371983603e-01
1.042016993096877675e+00 2.493103761141423735e+00 2.922042700784656388e-02 2.149615960820348004e+00
3.172051336970824198e-01 3.635083577749292361e-01 1.697851622182729447e-01 8.093750308719594999e-01
2.585347777159209270e-01 3.036180120120865134e+00 1.771018845895237837e+00 2.419738036030348649e+00
2.538865867741184168e+00 2.713692595801687757e-01 5.442181384296289615e-01 1.025419806429397118e+00
1.414766506516570710e-01 1.142021234644377659e+00 2.448643732956024888e+00 2.751159782987893099e+00
2.780838556705482745e+00 1.540853090041493845e+00 2.747330487546667754e+00 2.751377430116533240e+00
1.373485194327884740e+00 2.433775233021927775e+00 3.602399097735333733e-01 2.848239349285592414e+00
1.490142413400542987e+00 1.633728431671820136e+00 2.576631181316509700e+00 2.324930776353770323e+00
2.288727985100683870e+00 1.213523927270216518e+00 2.107437995608294923e+00 4.456658000881573156e-01
8.188394490130881387e-01 1.338099488867416698e+00 3.041802741999542370e+00 1.376433376254778684e+00
4.918052045747577927e-01 6.286093825219331022e-01 2.685011077861474416e+00 1.181689443560888897e+00
4.590725000020777213e-01 2.004342408822392674e-01 8.092266046198424295e-03 1.486955443973984881e-01
1.468024589993565554e+00 2.441552027996592322e+00 1.231267732076795296e+00 3.070777613897582650e-02
2.623765397690428713e+00 1.104477930469125901e+00 1.041918855263407995e+00 1.476360894944979796e+00
2.778800326888497985e+00 1.442237973882630087e+00 2.221477150132872835e-01 2.944059981238106971e+00
3.031014031643025852e+00 1.533948402508661824e+00 1.647539210203877946e+00 2.738024627696428848e+00
2.456317397976951700e+00 1.139285282494657547e+00 2.308117892709866670e+00 2.992768182152910628e-01
1.487788195748088960e+00 1.605878340531001758e+00 4.486510533908816822e-01 1.305745597642364864e+00
8.839729576466790473e-01 1.846215655067072969e+00 8.342339488440501105e-01 2.947296418478549729e+00
1.460640729603738253e+00 1.712479096819327085e+00 9.311191639439332368e-01 1.057349709736342902e+00
2.677961422643165612e+00 7.548189775527013035e-02 1.058797336814376377e+00 1.057242946807528811e-01
2.499580723557055073e+00 1.208916440407784343e+00 2.115842746000371921e+00 3.080777946340600870e+00
1.768372267113933693e+00 1.685337787493742523e+00 2.904035194538685083e+00 2.903080137747234613e+00
7.788228794030467306e-01 2.777009757159642156e+00 1.890324907925154507e+00 8.946589990920690294e-01
1.677746091788445471e+00 9.830756064510249859e-01 1.566593652630424160e-01 1.716695444207523291e-01
8.466175625440216512e-01 2.938968604801475148e+00 5.318786160953177244e-01 2.002481754253460089e+00
2.807281111362204040e+00 2.177987260046636842e-01 2.298011510045347539e+00 1.581411720779968944e+00
1.836302528469677009e+00 1.846019212919983277e+00 2.585678428213102897e-01 1.145306550707394955e+00
2.725057334553573352e+00 2.274005410857577125e+00 1.346019363849945139e+00 1.831942056375991834e+00
2.856901206564295581e+00 1.540604163285115069e+00 2.480435857344028605e+00 1.238905535498909583e+00
2.416191960333320399e+00 2.719164859951928914e+00 5.835957092079618880e-01 1.395960405679828487e+00
2.952547243360912788e+00 1.701348937787137583e+00 2.410890666628543677e+00 1.214144910069295813e+00
1.264358369432345142e-01 2.110701849346968029e+00 4.864462655565306992e-01 1.741404356724914892e+00
7.375035991793683632e-01 7.053022898033173282e-01 7.873794564188871803e-01 1.762375184618679702e+00
1.715819506751242729e+00 2.540855012703085336e+00 1.870319676911451401e+00 2.319911912334440274e+00
1.388630972983389222e+00 3.205675660417764972e-01 3.493283557777009385e-01 2.499448581740862707e+00
2.403341942074174842e+00 2.157502004373147986e-01 2.511384624805032217e+00 1.284370315192815859e+00
2.014115353554706722e+00 6.706073599205659708e-01 7.383962073719989583e-01 1.023522110518531703e+00
4.751777579572961097e-01 3.801719564030841547e-01 1.275243377340846918e+00 1.649022344931254436e+00
9.675780462243456226e-01 1.368807368564816107e+00 2.296021641289517135e+00 2.000227868904612016e+00
3.047830259383953244e+00 8.179200144820605312e-01 1.829306754315607852e+00 2.333172213943142559e+00
2.520969874083614837e+00 1.749950617799177266e+00 1.604631188237812589e+00 6.407603497683226346e-01
2.636547152903375713e-01 2.666076408382838103e+00 2.994205516962337388e+00 1.292782092134729943e+00
2.667258451503780492e+00 2.345140904748970634e+00 1.033594586037724028e+00 2.629362268515674117e+00
1.849738002227105715e+00 2.126470802080183464e+00 5.942977105213395062e-01 3.088373965938029375e+00
1.859046309980784573e+00 9.382707750589573958e-01 1.583758145724241340e+00 1.139520954342661874e+00
1.259346907532946425e+00 3.069507879750962509e+00 1.647161885667854486e+00 2.208935750379469098e+00
6.595177262250220274e-01 2.385321651712894120e+00 1.054070263717853173e+00 1.939389491479025063e+00
2.079413198068055912e+00 2.040458532889733778e+00 2.364164132749251857e-01 1.931562864671348745e+00
7.344521825482829280e-01 2.076137619142951252e+00 9.229768844588301935e-01 1.316302602707730252e+00
2.788415276806051057e+00 2.578117443542629061e+00 1.081164432327208713e+00 2.104375171971337721e+00
2.748494514306712322e+00 1.886072370506011842e+00 5.158236634726726111e-01 1.946469491003459451e+00
1.819266298342117727e+00 1.148291730557277956e+00 3.141190470978768801e+00 2.444534664742698649e+00
1.183619253038758590e+00 2.299415501448465182e+00 2.136654609620530554e+00 1.857942291090894482e+00
1.357129100446497150e+00 2.610474996571703343e+00 1.409650701983758303e+00 2.653872800269813093e-01
1.600570558661591702e+00 2.818993020973139085e+00 4.833726967968576260e-01 2.483586485434020386e+00
1.315449261538644554e-01 1.323152462800353479e+00 4.090993485132261021e-01 5.366859390156043519e-01
3.113517001660325967e+00 2.899545153377890205e+00 1.401167101995360431e+00 5.687565259098452397e-02
2.710920117680656105e+00 1.106396101106591034e+00 5.871776799761604382e-01 2.204935423018137275e+00
1.256725006816571621e+00 6.414362326206149989e-01 1.008677412330504897e+00 2.929669207136631037e+00
6.079180866432222219e-01 7.502790090078941265e-01 3.070765388992831468e+00 4.853411110008721274e-01
6.943726566800605127e-02 6.116591844469870809e-01 7.483155755840423806e-01 4.386670804755887776e-01
6.528581273844075161e-01 1.058126732827851413e+00 8.076112019094419114e-01 1.987524361931793937e+00
1.503840551427080285e+00 1.304253502840120094e+00 1.167126632055879298e+00 3.026099879779257318e+00
2.010544940778824063e+00 2.720595912051148035e-01 2.117264501488637762e+00 1.174224867838214781e+00
1.945285895270859600e+00 1.302819132614709385e+00 2.801814099981073003e+00 2.297364071396265750e+00
1.160622981884739335e+00 1.254028344306530540e+00 8.586315809198068472e-01 2.599256778157477688e-01
2.586040779382443588e+00 1.866414944678074228e+00 1.517007782262641991e+00 1.286378597846632665e+00
3.037652762950514562e-01 1.002790639627594738e+00 1.011641668251323400e+00 4.548349268794176226e-01
6.177400513485947764e-01 1.936827138865062858e+00 1.412940061468873632e+00 4.256962894894145144e-01
2.318299690640701072e-01 2.075687678041956419e-01 1.181698261028247154e+00 2.556094614566958079e+00
1.879332735788383557e+00 2.353104302861873887e+00 2.408082467224982981e+00 8.790018878294166838e-01
3.429620076272336116e-01 4.773795093555303626e-01 1.176369458741259200e+00 3.017975656652530425e+00
1.255608707579852990e+00 1.550899715754663621e-01 1.066524253836394154e+00 1.580514378290585720e+00
1.679659543889270967e+00 1.189801316359406336e+00 2.325383284039820975e+00 1.709814360469397831e+00
2.918007460774932671e+00 2.802719084969157670e+00 1.200625948734378223e+00 1.526720737621246604e+00
1.504697707249619265e-01 2.370635327787225799e-01 1.853640903663834383e+00 2.774957571072543594e+00
2.234424508569611501e+00 1.149224826249810150e+00 9.809335196967352566e-01 1.306255615061148845e+00
2.301380958919874153e-01 2.399616530200696651e+00 7.674807890415298317e-01 2.725474833012542675e+00
1.442347209520666418e+00 9.920298952136324955e-01 1.887588128022158696e+00 3.265138427972731350e-01
3.084333068040575832e+00 1.039650498140216817e+00 1.988291776543798184e+00 5.778578787072706779e-01
1.705795739615694639e+00 3.060114138835276165e+00 2.608566175669741471e-01 1.244464644230280914e+00
5.729065435564627551e-01 1.862820670014213364e+00 2.751192862325830379e+00 7.584440070235012321e-01
4.316728060587521343e-01 1.059743443395758211e+00 1.974894726646102994e+00 3.092512560985423598e+00
1.093423502576123862e+00 2.304605657864632562e+00 1.005507621699334386e+00 2.316706414600966824e+00
2.479183239336971045e+00 1.849799912195280172e+00 2.968780097573416654e+00 2.924896332783602837e+00
1.940359596887538451e+00 2.890864571206282818e+00 2.584683455476652458e+00 1.817622546591795424e-02
1.701544884728768636e+00 4.898386594682900275e-01 2.248988324975844666e+00 8.056167307299936242e-01
1.804520565341109606e+00 2.757117602194863792e+00 2.932689287075888274e+00 8.893368988420329302e-01
9.595532288502757190e-01 2.747264694285845188e+00 8.356615921397985147e-01 2.071059676146102646e+00
1.020024904146408007e+00 1.686854130503737670e+00 2.860314154650880791e+00 3.087877802713257847e+00
6.624949734207330465e-01 2.735410017743670430e+00 1.601459644404255922e+00 1.889083369923551858e+00
1.187626251646697995e+00 2.902811620256599667e+00 2.757813505580615221e+00 8.245913543806561163e-01
2.887808828359252455e+00 3.913136477720478151e-02 1.328329875667474180e+00 4.242095612198378829e-01
2.902613051940685640e+00 9.386669595406990085e-01 7.045164426584680228e-01 8.376148713053840345e-01
1.327074393841658484e+00 1.325823896183373929e+00 2.403803682895589766e+00 2.446423447202789703e+00
2.667970062284228394e+00 2.796289218988092656e-02 1.311863238396794307e+00 1.804837778075515820e+00
9.635847024364753155e-01 3.128722100702055364e+00 9.889318243232947392e-01 2.715516056439201353e+00
8.740939879949274349e-01 2.024043200558648614e+00 1.947099463668095387e+00 1.705266799265374722e+00
1.793228197101091936e+00 1.416029026679730851e+00 8.449928536647451083e-02 5.733379001166337696e-01
1.109152039258451516e+00 1.029916232408950805e+00 2.243352313932451381e+00 1.844449741182865532e+00
1.162369241863619784e+00 1.104782062713203228e-01 1.965219291546869806e+00 2.606624307765021964e+00
1.463363523530283317e+00 3.249137684347769839e-01 2.300388922476086506e+00 1.417333975072718966e+00
2.190527528634095944e+00 5.638941748999753978e-01 2.314443725435202825e+00 1.431387302946412587e+00
1.515404943675524807e+00 1.586950952820815219e+00 1.716726573350689344e+00 2.109980422267510924e+00
2.869972573274824246e+00 5.760962290361691940e-01 2.166784833570559732e-01 1.522962136494939278e+00
1.507335497050992457e+00 2.060871063308003404e+00 1.251166628230282463e+00 6.616817209379843856e-01
2.101374843508214685e+00 2.847039910438267540e+00 9.303172965890749158e-01 2.121926473323589857e+00
1.259401661276090101e+00 5.908414071333965012e-01 9.360249254887996750e-01 2.365461802627467414e+00
2.462727810482365776e+00 4.782933971049218025e-01 1.180820273862308589e+00 2.326475238509545296e+00
2.512255001497107454e+00 3.995717960635399302e-01 2.140123621727419156e-01 1.886374010000614609e-01
2.553867747072361638e+00 1.900346976323250336e+00 1.805116326330959309e+00 2.126161709690643331e+00
4.716983484414064565e-01 4.186590548626997199e-01 2.404784698241393848e+00 1.440409916189035355e+00
1.338269302519047077e+00 2.577220900552930960e+00 1.342291886947348523e-01 2.379003002656028265e+00
5.983757262512193753e-01 1.881559649991783711e+00 1.201813407138155654e+00 2.023665858264882988e+00
1.775587721079540326e+00 1.420406117024806569e+00 1.262514585574395110e+00 3.086209717842084199e+00
2.100856905627177973e+00 2.470994915904479505e+00 1.287928880906975992e+00 1.406866795886462240e+00
2.795888865849414540e+00 6.051025804442574652e-01 3.110082807274889394e+00 2.496786649930942681e-01
3.832882049929164925e-01 1.603516804082660174e+00 2.911968829103099288e-01 2.306249312146244179e+00
2.039907330372661143e+00 5.750681302908750014e-01 5.809056509473585761e-01 2.454793678166851567e+00
1.366235933149799076e+00 2.410718857084636735e+00 6.349355480452884004e-01 1.203746793705453122e+00
2.939552341705334193e+00 2.779298520397699424e+00 6.963645066481080059e-01 2.073306493955390017e+00
7.913367532245071390e-01 6.976196036654872534e-01 2.367572538657554126e+00 8.199087392332247148e-01
4.213636331331308549e-01 1.644824144563288959e+00 2.864761988984231511e+00 7.583756428930674698e-01
2.451321134490275000e+00 6.856225349770781463e-01 2.692594607300478060e+00 2.648193114460172026e+00
3.179057676933636500e-01 6.701567436042086268e-01 2.882683740747218781e+00 1.211611151302401268e+00
2.487311845300435587e-01 3.123332699881834262e+00 1.266741642630616838e+00 1.954701934173322497e+00
2.187344631835888897e+00 2.439011181540460260e+00 2.763648852463556516e+00 1.021211383487646840e+00
1.250316064246042913e+00 3.065750999197831006e-01 2.978211556878158639e+00 4.996151507929952329e-01
6.464899731254045712e-01 2.977729084115841474e+00 6.048691745479621851e-01 1.356165470355593650e+00
1.567806933135365011e+00 2.483472199919934287e+00 2.286249671348900225e+00 5.135720683219936467e-01
2.615135017798158490e+00 1.814875274384553760e+00 2.808025730807869991e+00 2.248675618864822479e+00
1.561823037151438998e+00 2.229277563329327361e+00 1.978972122014963198e+00 1.726999702064130338e+00
2.276384891501028296e+00 7.051951028727666548e-01 6.994545032082654101e-01 3.948940632191664385e-02
4.900416120196610659e-01 2.934495810999093290e+00 1.482953819569943432e+00 3.132694492692803312e+00
1.864091384473945123e-01 1.804998071831239059e+00 1.036993687096268157e+00 3.023672875566626228e+00
2.362240218685303095e-01 3.133868230363825447e+00 1.315952329398151210e+00 1.653462898203754416e-01
6.051781903088648829e-01 2.342234188397042338e+00 2.568502378396051888e+00 1.094318465261253426e+00
5.330949750880242810e-01 2.159645061774127850e+00 1.677754901176381763e-01 9.928539084662706404e-01
6.239602870137356955e-02 9.955826711804752760e-01 1.654002591567275804e+00 5.653509591535410550e-01
2.006610120122623186e+00 6.771031458005698500e-01 1.816339527306974677e+00 9.256808301164204389e-01
1.188070253978103175e+00 1.235661660381387694e+00 1.966886575033038209e+00 3.068899650770697263e-01
2.857641046732663226e-02 1.318979652680548620e+00 7.702558724779523525e-01 1.363271570073385952e+00
1.953296144923346800e+00 1.608763674045975645e+00 1.094285856991951800e+00 2.689125438514121669e+00
2.618690009286212206e+00 1.284407890852141909e+00 7.549017613129543891e-01 4.589675838954313525e-01
2.378614924705764633e+00 1.394111406339516579e+00 1.378845094445087793e-01 2.277452904887793395e+00
2.375241822923858770e+00 2.566628475086333960e+00 2.515744949753825566e+00 2.088403030844416364e+00
1.767404568192761705e+00 4.537547318449373646e-01 1.045186714583003162e+00 2.579039702165055736e+00
3.785502234810936284e-02 2.475587040001872907e+00 1.464926013477686251e+00 9.402960061595769803e-01
1.002386978883404112e+00 1.782946534782027179e-02 3.102107594692834702e+00 5.502364059536560825e-01
1.416623689524109553e+00 2.642400467106261974e+00 2.644289733975210943e+00 1.671942751656211756e+00
7.904465625369783144e-01 2.830245140096887546e+00 1.651822609912191986e+00 1.945988703055798519e+00
3.015250491702240687e+00 2.764446224506639460e+00 1.888009669431395476e+00 2.902657064029986689e+00
4.343217228096635241e-01 2.676463889295001231e+00 2.925827799650661198e+00 1.075711414011338851e+00
3.643552125726652324e-01 2.632415834373737162e+00 9.497592468071912597e-01 4.770114499580809797e-01
1.665139010227239813e-01 5.580371086680265824e-01 1.701733079547494087e+00 1.058688361557158508e+00
2.132018986672880700e+00 3.738907832866375514e-01 2.454329337371617736e+00 2.967794749111997810e+00
9.483545858301538622e-01 6.546720672380831330e-01 8.944031659587781125e-01 7.751380415407653768e-01
2.219380273725221731e+00 2.203027056667481443e+00 4.014768544329450628e-01 1.966093947521145413e+00
2.411769314910068296e+00 4.567932365318422283e-01 1.568728269435199829e+00 1.336117188534483136e+00
1.627196034371477529e+00 2.786188859599079692e-01 2.529820772988077948e+00 9.277424615701969079e-01
2.709676889466298810e+00 3.077336208824835495e+00 7.506226931868837937e-01 3.109869358606677903e+00
2.428085290737179491e+00 2.485311288651716188e-01 1.648404171420968511e+00 3.085290026300573363e+00
2.869440860054751852e+00 3.120312255657373246e+00 2.935621836314946442e+00 4.527577666641672272e-01
9.276955765627513673e-01 3.064775750196129245e+00 1.960363541714130742e+00 1.560701379129331157e-01
1.941526297391650280e+00 1.145367539859420969e+00 1.510827610167871926e+00 3.421416325600394326e-01
2.660909443565422361e+00 1.770857744207325668e+00 2.572657159043589825e-01 1.617879460862849728e+00
2.257852660638111519e+00 3.025439993495849578e+00 6.526886359313575081e-01 2.441230969480504331e+00
1.610398064756730641e-01 6.565622407535391947e-01 5.640669822120450982e-01 1.109776593535600320e+00
2.659076289672419158e+00 2.641812171195239700e-01 2.099874257657372567e+00 2.519755348204551493e-01
1.469024355502859924e+00 1.715871753999344662e+00 9.460413288280787869e-01 3.106590096856497674e+00
6.121903329648739067e-01 1.846740147361328077e+00 3.200718112735773113e-01 2.521622182197940543e+00
9.105871841221289120e-01 2.831824587702702178e+00 6.046699717268139151e-01 2.604476577069242960e-01
5.877869584331271158e-01 1.066959306192408308e+00 1.007595222187289252e+00 9.294268621021434251e-01
2.093227824000453818e+00 2.071000828138661376e+00 8.412281210604010129e-01 1.454967939732780602e+00
1.111109274860196727e+00 9.413133901522930946e-01 1.870657298988024131e+00 1.741153002193800647e+00
2.649176619610113192e+00 2.322920882448162416e+00 2.056840592385448918e+00 2.307306186657216429e+00
1.652228643104382888e+00 3.010404928042154094e+00 9.293519648916639259e-03 2.470478596172915875e+00
2.068084853503335374e+00 1.438721986439605249e+00 7.182476652261166050e-01 2.351797618625706576e+00
3.979841243074476176e-01 2.722040701593073653e+00 2.434878374683687063e+00 1.605741636251108995e+00
1.615956346061781179e+00 2.846383458127130783e+00 2.378925879995076986e+00 2.716918693271433760e+00
9.211214378186295404e-01 8.931686016114208648e-01 2.645023956778655538e+00 1.082041078910420895e+00
2.351627642266941098e+00 6.811171939323892310e-01 1.407899656125893018e-01 2.381288978285225344e+00
2.984791662898426345e+00 1.656839263926453532e+00 1.393434948249822725e+00 1.677612879066803675e+00
7.515604543277325522e-01 1.605216742313437805e+00 9.308434050695656853e-03 3.053426369430477294e+00
1.840839554750599127e+00 2.150180002989436456e+00 4.126429275319152407e-02 1.143129929335275352e-01
1.856750663288587511e+00 1.777917360490543608e+00 2.613210955055267792e+00 4.007785800329907722e-01
3.014205453778859845e+00 1.874127209377293823e+00 2.879554014839267762e+00 8.939891947604972078e-01
5.563857516369038470e-01 5.978391519225103590e-01 2.253272355448426190e+00 3.041273539145850968e+00
1.314141837354494857e+00 1.355995408739794961e+00 2.616455633293415239e+00 7.285991310561771295e-01
2.690859211349456714e+00 2.224296446981392616e+00 1.023068068233826899e+00 1.392725707338190455e+00
2.182112207723283515e+00 5.502647906367070796e-01 2.659211010943715703e+00 1.783079041665545983e+00
3.700461428598422753e-01 2.889397737594273430e+00 2.010659439501932599e+00 9.920918022558175564e-02
3.036006995062474179e+00 3.100465924918939020e+00 2.738300103669753849e+00 4.709480081642269944e-01
2.940199341837374192e+00 2.619090951199538608e+00 2.251040063156196425e+00 1.704973451700198678e-02
3.064076169689381235e+00 9.393166311808633928e-01 2.345791851550012463e+00 2.992592082290154831e+00
2.137577615804713282e+00 5.592607738909043391e-01 5.544567977894249156e-01 5.754517332442775635e-01
1.585715751672309937e+00 1.467359212458130280e+00 5.653643657759130914e-01 1.930137633055082902e-01
1.599355264739896088e+00 1.013141845866943447e+00 2.415208380692371204e+00 2.293350129370085311e-01
4.969999172061325132e-01 8.021204632830704062e-01 9.345106451750125887e-01 1.938612855870681662e+00
9.473447886364732007e-01 6.582862999332870224e-01 1.373300475082200212e+00 5.722761076540471697e-02
1.190960666065324469e+00 2.305200293961471747e+00 3.118382426665911922e+00 4.167706285803574051e-01
2.179586769988312245e+00 4.511740122600803315e-02 2.801529585091217633e+00 2.758064036193214719e+00
3.470969417018466840e-01 5.907717010866341267e-01 2.169131410297482798e+00 3.111390926761808284e+00
2.207697994262094454e+00 2.609551528846355772e+00 1.150864451881593364e+00 1.497281584720448366e+00
1.468784144091494159e+00 2.650603389098657559e+00 1.721903249125292579e+00 8.249626702854460925e-02
2.688716587394015090e+00 1.916641534935864088e+00 1.216947787102967471e+00 3.049426369329465647e+00
2.529879776483392906e+00 2.432457009170825746e+00 5.238447675605882869e-01 1.587016400852499842e+00
3.325258124397574844e-01 2.874084741100703777e+00 1.443992495764053308e+00 5.078704053575181648e-02
1.468243639366802356e+00 6.153252975890446397e-01 2.392659135112954472e-01 5.513315709358590500e-01
3.010837036228442454e+00 2.264310847317929198e+00 1.753177097470330681e+00 2.200058744743485395e+00
2.524644457497243533e+00 3.900950027435386991e-01 1.628731729513318571e+00 2.863468919656667389e+00
2.813606880084412509e+00 1.367850339575604757e+00 5.490319587034251381e-01 1.640228969472904863e+00
2.104993675216084714e+00 1.047989417510675203e+00 1.496433193516103211e-01 3.784932480633117491e-01
1.742308983879141904e+00 2.157248051028712421e+00 2.926485654210372878e-01 2.359774422536448757e+00
1.589715834143060613e+00 2.114686292569922799e+00 1.258733422942553970e+00 1.894362108782817744e-01
2.857691686951389087e+00 3.984537324652108747e-01 4.623236520545063177e-01 1.719636214869621593e+00
2.255565226827850253e-02 4.681325773480740637e-01 2.300149177863325178e+00 9.847160344759349204e-01
2.353378305645417168e+00 7.006574199903440325e-01 2.119739962630762253e+00 9.431274846387392996e-01
2.617220971226180914e+00 9.650211053227794045e-01 2.195492078018810744e+00 9.279842788649013130e-01
2.304292820250845308e-01 9.005630622860837375e-01 2.835634345919534116e+00 2.766717723638566273e+00
2.949078761575801622e+00 9.318815837013171011e-02 2.134779313913273135e+00 2.368147997818352390e+00
8.212109113149591577e-01 3.367368033773640024e-01 2.125288315069088885e+00 1.579496423131935057e+00
8.853347348307325504e-01 3.115080293330102723e+00 1.150138850674187863e+00 2.418990190610811553e+00
1.308262702814317890e+00 3.055491344583092239e+00 2.955498894519140052e+00 2.717864852483543370e+00
6.315372597557922241e-01 1.822814200752793656e+00 9.392620179274524528e-01 2.175790831961722294e+00
2.801191421745892640e+00 1.062993204396311731e+00 1.317846054110160647e+00 2.254707509401773446e+00
2.343209801741641840e+00 3.910964368349504339e-01 1.645520104446923648e+00 2.169921893436807192e+00
2.311753043228761406e+00 1.335251434568148765e+00 6.909437332631089834e-01 3.129350443195824116e+00
2.035551216395722562e+00 5.722799087632508552e-01 2.115883669015512947e+00 2.488225396216508845e+00
6.349929963565447144e-01 1.562673185683439714e+00 1.691898826163671155e+00 4.700145145489363907e-01
3.030757119628527452e+00 2.546556625621292369e-01 8.624363214513934839e-01 1.728411571711507166e+00
3.567859990609797416e-01 1.073422202346944632e+00 2.770238688155023610e+00 2.235383303615969375e+00
2.176975500580225376e+00 2.229195184971037857e+00 3.371998400648387184e-01 2.421437398937358765e+00
2.285546440422915548e+00 2.147029793821289001e+00 3.185591951709322300e-01 1.698004626063593925e+00
9.979441732813195687e-01 2.807038218740781854e+00 1.857487090526366513e+00 1.870177014284583494e+00
1.296355567913645812e+00 8.462690357185225221e-01 5.539440070501711055e-01 2.799190646374295266e+00
2.344791260528827248e+00 3.112442125765328971e+00 5.011796043144434165e-01 3.091054903905290363e+00
3.458032206653095519e-01 2.052574257758055243e+00 2.710945700297621386e+00 1.049006994075891930e+00
2.368807611952577830e+00 2.295626694699283821e+00 2.676378125427189669e+00 6.231848615953748949e-01
5.142464686718599687e-01 2.910066701966530278e+00 2.352280305950984030e+00 2.733138478320483067e+00
2.386813030093591248e+00 5.076249305626495678e-01 2.587333943057080088e+00 5.598973197319727646e-01
1.942715327942905024e+00 5.993450366977994825e-01 9.036989697083783746e-01 1.268373787585152401e+00
5.667850963043409296e-01 1.779983244340706428e+00 3.095449782840186348e+00 2.344551168682377007e+00
3.049346994155077262e+00 2.883192597879813857e+00 1.519930950577199402e+00 1.479046889096172768e-01
1.017635450381090934e+00 8.426419740372849132e-01 1.246447374744300118e+00 2.083831219254716594e+00
2.421410651611538789e+00 2.649959550191857804e+00 2.998570887284664366e+00 1.446371189704193316e+00
6.277400118382658878e-01 1.327526408808304303e+00 2.007515209155981584e+00 2.228559527941412988e+00
1.099575547678706799e+00 1.362563364780507547e+00 1.678684389125909338e+00 5.614540760884639825e-01
2.176721544682834075e+00 1.198756860487419640e-01 2.087972017749374132e+00 2.188538807261394492e+00
9.519246788426144468e-01 2.455248310169263704e+00 1.628728838201456197e+00 1.534637551645907427e+00
2.875344562404954729e+00 1.160680373220617012e+00 1.283536747144301993e+00 2.102948508283100093e+00
3.777455984195566829e-01 1.204701228789298306e-01 3.079536955646682284e+00 3.139402191854268942e+00
2.107585521306362786e+00 2.986998711044901444e+00 3.126227441112149119e+00 3.372737870725183162e-01
2.901068626152991659e+00 1.569026113478445117e+00 7.046707876225831446e-02 1.838465902402969920e+00
2.061975882498339629e+00 1.552419641568159925e+00 2.630572948245630371e+00 1.882013068661767319e+00
3.823642786291226447e-01 3.131687900909919442e+00 2.423684641530284845e-01 1.797756040985415638e+00
1.745716121684203204e+00 2.004498219932498326e+00 2.714668718051297613e+00 1.237099616755994891e+00
2.970856475138747843e+00 2.386421523330975791e+00 8.779790877538602434e-01 1.305782389783707531e+00
2.549299242790809661e+00 2.744234046641956581e+00 3.348825635467258532e-01 1.401196607785032633e+00
2.090471323454379693e+00 2.581511272367764676e+00 7.832580092639919167e-01 2.989248592995312315e+00
2.742926104177362934e+00 6.711035994691674222e-01 2.446097927784162684e-01 9.158980298080463545e-01
4.109301205615852326e-01 2.105969922989403997e+00 7.445331203671503584e-01 2.515409355460645813e+00
4.645880132457975153e-01 2.700775735774198161e+00 1.481891348414365428e+00 2.122903830450542983e+00
2.199127554993446143e+00 2.850823804631819947e+00 6.365302841666261591e-01 1.416029547894946061e+00
2.392979546158817694e+00 2.018969126005220716e+00 1.459224057172977984e+00 6.946824929266402771e-02
1.624010837678175667e+00 2.147670866153407410e+00 4.131429060071686310e-01 1.904406436643285128e+00
1.445283327037987675e+00 2.367179970374363673e+00 1.533279429888484424e-01 3.693555427429943694e-01
9.237042652482377880e-01 2.441304593798229838e+00 2.606522371526943882e+00 2.824440998914279799e+00
1.164116403119992871e+00 2.184168151717664319e+00 2.603797507634728614e+00 2.438752464268189257e+00
9.531410829584638922e-01 1.131098998609193940e+00 1.029599828214946555e+00 1.945631252129622846e+00
2.641003962806484306e+00 1.732483713268437864e+00 9.486734224921141712e-01 3.754413228396476510e-01
1.387415239237304587e-01 1.142868970777039417e+00 2.160482254700581528e+00 3.910807200056019145e-02
1.045413440888457002e+00 5.486067020209223211e-01 7.554210637862447397e-01 3.197740542257229701e-01
1.037862873214814741e+00 1.645506440259569603e+00 2.057204264588982312e+00 2.649682540648678142e+00
5.531962278598930860e-01 9.389726101353269849e-02 7.568968465856017458e-01 2.983918634853828245e+00
2.726999792928705424e-01 9.631672654107333864e-01 6.546881304026181958e-01 1.762005558618041423e+00
1.527608588545003254e+00 6.170667775143349187e-01 2.565285073187845710e-01 2.143100761880117056e-01
2.443979175291328243e+00 8.738091092027175932e-01 3.001699981981809984e+00 3.061403880920682941e+00
9.045614347638365471e-01 7.257571578823267533e-01 5.085046616927688112e-02 1.958473212783110817e+00
4.802673568025155881e-01 2.090766891398951000e+00 6.845864701206574310e-01 1.371394299790033244e+00
2.411010876003688796e+00 2.708785749553613620e+00 1.511672580953984824e+00 2.789804517033112496e+00
2.876736893905522230e+00 1.978740864509331399e+00 4.531776644141300991e-01 1.551195366431119771e+00
9.752292027084041859e-01 2.386681956234861790e+00 2.230141142487795936e+00 1.427623602633236954e+00
1.536832279056897343e+00 7.532940375555993162e-01 2.309009917156554348e+00 2.082362157104435951e+00
1.880771312031219056e+00 2.797645793951213378e+00 1.205569220918063511e+00 1.013724623952416248e+00
1.422581872877170861e+00 2.327362034090119991e+00 1.107606696899929410e+00 2.696033146243519862e+00
3.099155843178541314e+00 3.078537688980285125e+00 2.276943964397168507e+00 4.456426499806094288e-01
1.403759861565146094e+00 1.212690143919796348e+00 3.859763372118735769e-01 2.906549721410817799e+00
3.043120440025182116e+00 1.495353688755277632e+00 2.567115976104079600e+00 2.247535836276541410e+00
2.431359835447337137e+00 1.092105377760895335e+00 1.647479327184709907e+00 1.930210123373563291e-01
1.336952845048369642e+00 3.902623557977034641e-01 1.894221505340516920e+00 2.655026782761277016e+00
2.247002887325843634e+00 2.010216473382386404e+00 2.531468885215750309e+00 1.574313730777443965e+00
3.676596419766510193e-01 6.964400760200047946e-01 2.341352589491744407e+00 1.201031390456873238e+00
3.116167726280734129e+00 3.809921203029534853e-01 1.610767091930233930e+00 2.866725892995628300e+00
7.330922044915694213e-01 1.164334350357744685e-01 3.135297341134116511e+00 2.085054450769159573e-01
8.956623463084881220e-02 7.748129770555240992e-01 4.579164379323336087e-01 2.891964825795247940e+00
2.979989978708285747e+00 1.962242536313063557e+00 2.314953575149391263e+00 2.708238043408936591e+00
1.102369114459681278e-03 9.153629325365364444e-02 2.242397632611511149e+00 2.820507763372837040e+00
1.593925251943955512e+00 2.486795636469547155e+00 1.709659921649688830e+00 2.883087523705174959e+00
1.284240263418626293e+00 2.642221637692641067e+00 1.905795560466337690e+00 1.374575113164379525e+00
2.688201287723987587e+00 1.564550269478182098e+00 4.176528717321576489e-01 1.619613285298681982e+00
2.245553429563826864e+00 1.636095861047448530e+00 2.077921267994785826e+00 3.111646269937812015e+00
3.093813723320546494e+00 1.268993826052670082e-01 3.103074760513131025e+00 8.134205177694962818e-02
3.077011797990402808e+00 1.953409123149913551e+00 5.614870380954269935e-01 2.171772227297140923e+00
2.951282057502255807e+00 2.122142810612089647e+00 2.755923404947631106e+00 1.075078299605882526e+00
2.457421185420730847e+00 7.597238473255442104e-01 1.319274523116799935e+00 3.541292492582325813e-01
2.163057332777529318e+00 3.114213593469279839e+00 1.574355651284835012e-01 2.535623419779713950e-01
5.063594495198281420e-01 5.131888778143874896e-01 2.010091954920179003e+00 3.063439735675333342e+00
1.806839102473637881e+00 1.055057347644755783e+00 2.178730176448892664e+00 4.170623021742234648e-01
1.917478469987638157e+00 2.316504886246827155e+00 2.431258082523459763e+00 1.355915059955813629e+00
1.574586691604654032e+00 1.939813982906084311e+00 3.112843753432326999e+00 2.404607261994603729e+00
2.197375015707383916e+00 1.601423693417203475e+00 2.895697763188980645e+00 1.336630696568993137e+00
1.751023976168953888e+00 2.649153980863645064e+00 8.866628837188983425e-01 2.864846898207617176e+00
3.482237494433322866e-01 1.133911401590185442e+00 1.445837789006359397e+00 2.214051723058099608e+00
9.990439946827660567e-01 2.748900702528638718e+00 2.582195175709051771e+00 1.392245047111446477e+00
1.090018769997548098e+00 2.163163928797071200e+00 6.504096592381831687e-01 8.935162865131249244e-02
2.431228223187782422e+00 1.901693449837453531e-02 1.487427960839384222e-01 1.017305999452053022e+00
3.022829899561156886e+00 2.122560003870451517e+00 4.277597597825552600e-01 2.769565459019336817e+00
5.801843615182514791e-01 5.761874190412308305e-01 2.013639832221997050e+00 9.821264989087065134e-01
1.984001244327389335e+00 1.820791509941122710e+00 8.000021782344551857e-01 2.801331015677162029e+00
7.189766971887950886e-01 2.089274028999340338e+00 2.109229161042204037e+00 1.646006748692632415e+00
2.148863937225370613e+00 2.410566754354012353e+00 1.386431461550198030e+00 2.189737026620857119e+00
1.225408914513571368e+00 1.051540582353158504e+00 2.677128235875312345e+00 2.592851350725697390e+00
2.248051419542471230e+00 2.393411563842735124e+00 4.941017871699094899e-01 2.683142633739336702e+00
2.390494720195826428e+00 1.833431356068155660e+00 1.013718406207078981e+00 4.599249292810628220e-02
3.003065200123915091e+00 5.920501339048056533e-01 3.044558883921262282e+00 3.041793112568799362e+00
5.863285859303695169e-01 2.639473881813661493e-01 2.895575326486429013e+00 1.953155661665982867e+00
1.943636291110857783e+00 2.271327833835415366e-01 6.523091582440413427e-01 2.288225580088985023e+00
1.325700971183448207e+00 2.974776801065039056e+00 3.089863402726167330e+00 2.527497003553437427e+00
2.883803850127149015e+00 2.875652458753458429e+00 2.551130151589753314e+00 1.200709764892002873e+00
1.611686985945481876e+00 4.550528737359332832e-01 6.167630477960936997e-01 1.553183849907909142e+00
8.582181878523511553e-01 2.126228633820991032e+00 2.289452476204731024e+00 7.582857881343827433e-01
1.202040352562621539e+00 2.989036523045967897e+00 1.821661691684815176e+00 1.876020203101240957e+00
3.088992637043350253e+00 2.436900687582843172e+00 1.198042446187786103e+00 1.760055298831177506e+00
2.792819261095034200e+00 2.970849586748744997e+00 2.099157373223111023e+00 1.430455827832592508e+00
1.968980032457654961e+00 3.169803557635078595e-01 9.385965886681708892e-02 1.792011919156656363e+00
3.076523131449913961e+00 9.643799113856922345e-01 3.073054353325814336e+00 1.125810864877125672e+00
2.717066896788826291e+00 1.782365897210520966e+00 5.396179858577990762e-01 1.705308601116616085e+00
2.040081295743847445e+00 1.588283410365392001e+00 4.631995783959012014e-01 6.147737102345925964e-01
2.902437378333688756e+00 9.099407477668602917e-01 1.670349805858788228e+00 1.631494980822567831e+00
1.111097571744185108e+00 3.106623064100158427e+00 6.589145347379162798e-01 2.718482893656167576e+00
1.770554531092463746e+00 2.032400725913239725e+00 1.176764816508681699e+00 2.702396248078610341e+00
1.445730185608458784e+00 2.026192833879503663e+00 1.686938019554155899e+00 2.608731091727107820e+00
1.703958423726864346e+00 3.785946413470830940e-01 1.577400190019499160e+00 1.365789272404168031e+00
2.098427151845750238e+00 2.356876913227354819e+00 9.844396654502122201e-01 3.107450845945237905e+00
1.234438153155019147e-01 1.774968505659643148e+00 1.179993850725159721e+00 1.002752709704190615e+00
1.892059716727046093e+00 2.091087611875928065e+00 3.125487008336147010e+00 1.991242115537293467e+00
3.076613798511325548e+00 2.868244887585642111e+00 9.522176151785030074e-01 2.472888283070531656e+00
2.575682285146335904e+00 1.751610065744664935e+00 2.471108095543707250e+00 1.666224187252592470e+00
2.675558868242644106e+00 2.716892502948913712e+00 2.402493553646804614e+00 8.755134512308959671e-01
9.308211145511424700e-01 1.037450071133205087e+00 2.278252468143355358e+00 3.021726461750634751e+00
1.583253490851254996e+00 1.899692431183193975e+00 1.875280108782000577e+00 2.335377785615101676e+00
2.269849896176867610e+00 2.160717507164324314e+00 1.565889796751907870e+00 9.587192869788004890e-01
1.983867692080393041e+00 1.091785194721607954e+00 2.861432177760028228e+00 8.912211879464797537e-01
2.556293533867981971e+00 3.006224899860393318e+00 2.876340929852689299e-01 2.043457878192248334e+00
7.156025999643587099e-01 1.647560711779131548e+00 1.990502590024476604e+00 2.998106694888611923e+00
1.442502680682715699e-01 2.881918664067621982e+00 1.742892343972646252e-01 2.966096223042984814e+00
2.209761696723974156e-01 3.062303818768761676e+00 4.191360008443393292e-01 2.551956688259264361e+00
2.863148220899673468e+00 1.867415623945718917e+00 1.236585464992601580e+00 1.568375032148139558e+00
2.537263464569181615e+00 2.478653670251506069e-01 3.010097772444489728e+00 2.441822281822870977e+00
1.602787812622568087e+00 2.226976666099733659e+00 5.345444929037577175e-01 2.399883851633064058e+00
5.165671505031260713e-01 2.831100159866958954e+00 2.989950237125816201e+00 1.350256098802108840e+00
2.779785425674437427e+00 9.921783123673195703e-01 1.434962078069657032e+00 2.889229486534341973e+00
1.338110962632387269e+00 4.837780479555272434e-02 3.036474250933608232e+00 1.654615137568457017e-01
9.038198461011069940e-01 1.646322834812401492e+00 2.683164853043896070e+00 3.038505415440183377e+00
2.261701292840840427e+00 1.351473926751383337e+00 3.073442638167617869e+00 2.201636366415196999e+00
9.089282158161221536e-01 7.994609576299447351e-01 2.279870757262605352e+00 2.382432269294298688e-01
2.907136786641733917e+00 3.040636277608214311e+00 1.451400728128280915e-01 2.078848001074716567e+00
2.781407938752667786e+00 2.820278458536886745e-01 2.087569118631558696e-01 2.035140720906707834e+00
3.118377842506069531e+00 1.300303582014310066e+00 1.048961707857155368e+00 1.167877435817430420e+00
7.793412269036614770e-01 1.016867557613414297e+00 1.256909566408534462e-01 1.568363575920719954e+00
2.404357316421925073e-01 2.826093650239120070e+00 1.259758960536589756e+00 2.473980306084405001e+00
6.812011371735409160e-01 5.543879155018723859e-01 2.272381416991517966e+00 1.706727174281295056e+00
1.666584451796632393e+00 1.023543670844582198e+00 1.010007033383486741e+00 3.096543803423952745e+00
9.834791542536931441e-01 1.399989428553218840e+00 1.795312011315783218e+00 1.276246533686951623e-01
1.908804437154015821e+00 1.007551901428193730e+00 1.570971105365152720e+00 2.043239608127699114e+00
2.946070771783837028e+00 2.478699673359161318e-02 2.379118216634629412e+00 2.128499524761655159e+00
1.241971428556348345e+00 1.925416237884879145e+00 1.821742174835527139e+00 2.156086342491506436e+00
1.079398113443037044e+00 1.697781014168798785e-01 1.763489219902022676e+00 3.157012503255595126e-01
1.266422532248149269e+00 1.006850597458047503e+00 1.851885366609258732e+00 2.133702987316703492e+00
2.684234129054358320e+00 5.469713853127841086e-01 1.014959086767738272e+00 1.446612759513955293e+00
2.189119787053557253e+00 1.724348354285687668e+00 2.037574166994684077e+00 1.337577158486435547e+00
9.086397218724796554e-01 2.751264868358301641e+00 9.539053044926720792e-01 1.966117142506392357e+00
2.754479670459747620e+00 2.024747960226871424e+00 2.323575080534706405e+00 1.614885232867927067e+00
5.050450730001446176e-02 1.132465904287951020e+00 2.876634133056713338e+00 1.277870727347844459e+00
1.916589165769728487e+00 2.508353753333830038e+00 1.589626456884409844e+00 1.780539420986745780e+00
2.229058311261487457e+00 3.001947542209443043e+00 2.176284551504041431e+00 2.194712116584300876e+00
7.383665813930270772e-02 2.538901078048638738e+00 1.863907253289149857e+00 7.666170953959942080e-01
1.554468305164883768e+00 2.140792935634192595e+00 2.671117602110270717e+00 1.981268187756398125e-01
3.092240411825922131e+00 3.053121211093276166e+00 1.622634520464880437e+00 2.464771251328972124e+00
2.111670524038228525e+00 5.646737655588639493e-01 1.025529119097811748e+00 2.081581671732640082e+00
1.216293352714262976e+00 9.483299441208169478e-01 2.622736045323798004e-01 1.134281660060904251e+00
1.717022725049434650e-01 2.330551208260741802e+00 2.943443734854999105e-01 1.861503579268722008e+00
2.727172129289728630e+00 1.457180335129179438e+00 2.471203485196293403e+00 1.387324314897417032e+00
3.511116841523552745e-01 1.864510750494329017e+00 2.402068968249944092e+00 1.375002671267055554e+00
3.125897073623790767e+00 1.772301331145785808e+00 2.659330410737907879e+00 1.755745944026889882e+00
1.366495008134360978e+00 1.902420604824023753e+00 8.646373586027403246e-02 2.559791449053686385e+00
1.340712972633109734e+00 3.770826694265121404e-01 1.035838637004409701e+00 3.136961720781449525e+00
2.548265910502180542e+00 2.343311469819319370e+00 1.630935151076685186e+00 6.804428819896010117e-01
2.427327891826197348e+00 3.120682541595448667e-01 2.458749453329512669e+00 2.934886793305648833e+00
6.235845834973496871e-01 3.605730683564836725e-01 2.867827579027693724e-02 3.110634898657426373e+00
5.943183072326160832e-02 3.022473192914786749e-02 1.158636167943016160e+00 6.009564879718974906e-01
2.073188639379275777e+00 1.257459371996838104e+00 1.514429408777596409e-01 1.141969298036757952e+00
2.348981962607308738e+00 2.781663043630833165e+00 2.930608290762614310e+00 1.110058938039717669e+00
2.036615227266034278e+00 2.919003983580418904e+00 2.659575359661916050e+00 2.596170994582387870e+00
7.142650288200993458e-01 8.189841570704370355e-01 2.922185970047419534e+00 2.748633345451150678e+00
3.004872316337919624e+00 6.175051212302474779e-01 2.740680860391126461e-01 4.207607355003271932e-02
7.225006103648931033e-01 2.714694899697091657e+00 1.573026071875991194e+00 2.792180885326846607e+00
5.941195498898503846e-01 1.022745096354578775e+00 2.231775857026614407e+00 2.909418730265073805e+00
2.413777322244821555e+00 9.558402496662994352e-01 3.003716883761807122e+00 1.857598656138904625e+00
1.317090407781952299e+00 6.836991371700634756e-01 8.849756150085981155e-01 7.888400467086122969e-01
1.290478932566250236e+00 1.712241607686780132e+00 3.121679924375079462e+00 3.040450665489837334e+00
2.038175553944615359e+00 1.146111873353219401e+00 1.209381046761778267e+00 5.705879448356306893e-01
1.106939219633475746e+00 1.571432785516945874e+00 6.400492817387417599e-01 2.030452070224661121e+00
1.869494968628329756e+00 2.199966096308223928e+00 1.355691671178447466e+00 1.905735217830722972e-01
1.616340314913893961e+00 1.921921331120483689e+00 5.864089336072937364e-01 2.963642742120654816e+00
1.427171896466111756e+00 1.942832149748974668e+00 2.800382390106196162e+00 2.776735349998524782e+00
3.122490693095205216e+00 1.875063128371408649e-01 2.660524194782281970e+00 3.116306920254860557e+00
1.837088526816264666e+00 9.085947690447625513e-01 1.412707135783930035e+00 2.779396028271178931e+00
4.051154298640485818e-01 2.396070373536517195e+00 8.688560802998489541e-01 5.485792333858987568e-01
1.313097953893555658e+00 4.854455015497312620e-01 2.848724845415818940e+00 1.326834608375754065e+00
2.151795751808997181e+00 2.435953977509983215e+00 1.500186760753223325e+00 1.852084433741057357e+00
2.992020867104805415e+00 7.535644367097497909e-02 1.893414261828367584e+00 8.852635233094771072e-01
8.403130569879813105e-01 1.323566358637119356e+00 2.752131710680849164e+00 2.644122150947424199e+00
4.424919311686562051e-01 1.399257031209974800e+00 3.080695643776223402e+00 2.058500366409230953e+00
1.673602348304847331e-01 9.729454641609124321e-01 4.843075190059688562e-01 5.828400943648095467e-01
2.840092580487180385e+00 1.424733082863846700e+00 1.171336449029800386e+00 2.736319129290846863e+00
2.299539114576175880e+00 1.145420251005411005e+00 9.294022208645441596e-01 2.689748179232805292e+00
2.798968310803362058e+00 2.344154881090344311e+00 2.871126475472634887e+00 7.076820939647514574e-01
1.653771578738042036e+00 2.871794987241942931e-01 5.456961529637202046e-01 1.842389127156961681e+00
2.838829119675264856e+00 1.755986945608233318e+00 3.032070989391479898e+00 2.243053684600224251e+00
1.630039052753303297e+00 2.327581312424395144e+00 1.641243215432787173e+00 3.475884250509225781e-01
1.826808870806343243e+00 2.019308517657315338e+00 1.618415223650755852e+00 2.954277201204778547e-01
1.489673526265701486e+00 6.444947520073686098e-01 1.698731906530304370e+00 5.579636805836011293e-01
8.346032735290354054e-01 2.050923696260766871e+00 1.228916866346100534e+00 2.556542999522561921e+00
5.283139009401995878e-01 1.709682147035949118e-01 2.787155490803588265e+00 2.882159214137789860e+00
5.525364373154932895e-01 2.451582244847933634e+00 1.981765513249150068e+00 7.873371502784749509e-01
9.701522393257506760e-01 1.981173107728295024e+00 1.948738672527689397e+00 2.811480195576589125e+00
3.028793869419602824e+00 2.119504643689114509e+00 2.044731028211910218e+00 8.064594656634425096e-01
1.776082780129909278e+00 2.409467418412346795e+00 1.701828346702425110e+00 1.516322409324276421e+00
2.979894698742231451e+00 1.659040652097031998e+00 2.927001968807931398e+00 1.121980881401345886e+00
2.145378272534042452e+00 2.960956623319414671e+00 2.300436646757266779e+00 1.428906864751940953e+00
2.149854111329485562e-02 3.412447880614976059e-01 1.399336944807759997e-01 7.304404909818542624e-01
6.256706203702764313e-01 1.731718297890999292e+00 2.163612330703766240e+00 1.586003246980801418e+00
1.180518455214334267e-01 5.793056306725771210e-01 2.425366803145505568e+00 1.039803069488514975e+00
3.068503846475983732e+00 5.030122170241561053e-01 1.586196511442243828e+00 1.961394321419812181e+00
2.716376966118663194e+00 1.362416412083584882e+00 1.730028132140243313e+00 1.908403371041992536e+00
2.282228823942675233e-01 1.226099363847991564e+00 8.088516262310164739e-01 2.414008791229097284e+00
4.339079439325269072e-01 3.141399934646240233e+00 2.170201865557711329e+00 9.070658741808971248e-01
1.485292834841148490e+00 1.985616874287522426e+00 5.699318358480043312e-01 2.978800970743039844e+00
1.685658232528275180e+00 2.208271782220057045e+00 2.788594807833135736e+00 1.786865448030533710e+00
2.655918277007732531e+00 8.120274719255504703e-01 1.990664821275152985e+00 2.035362207523315536e+00
2.334148797293126076e+00 2.789076446870539350e+00 4.909089327310602324e-01 1.850961320405651866e+00
3.367831405390120381e-01 2.529710361689056608e+00 3.076206014352590223e+00 1.543590077229143542e+00
1.971396181083439725e+00 2.351473126968966376e+00 1.754081401137892238e+00 2.839191479021227149e+00
1.511444774600336459e-02 1.867175259387517938e+00 4.829084023070605025e-01 2.471979047164468923e+00
1.102422989356260263e+00 7.405674242843516275e-01 3.999048086765351062e-01 9.287986518442084005e-01
1.555990442199458146e+00 9.701495140993444677e-01 1.256745107960844265e+00 2.060408784708316787e+00
1.694197114914512969e+00 2.663643626856341484e+00 9.808167065605238877e-01 2.195379842736940645e+00
1.202087631355299946e+00 7.171031102102010113e-01 9.635230664401046863e-02 1.976086541048173717e-01
2.806466906773795511e+00 2.514465036893006822e+00 2.088943915489487768e+00 4.105206507605436150e-01
1.167218762741349669e-01 2.286268648888037269e+00 8.666626671181596464e-01 8.942844956112629140e-02
2.052635801179771846e+00 1.058558783047581331e+00 1.022124442215082807e+00 2.396349501799921011e+00
1.639089159222189007e+00 1.904485897200704603e+00 9.108693710009496680e-01 1.012145201729116151e+00
5.045508945182050065e-01 1.552973479683550151e+00 5.400240143947930560e-02 1.558942442723782573e+00
1.243434389070328105e+00 1.937633565204873287e+00 6.830909914246394710e-01 4.537332192659314645e-01
1.873661068205699776e-01 1.690127597415796712e-01 1.096146739023203587e+00 1.015573713219653174e+00
1.333836803810528826e+00 6.343593141432470883e-01 6.107378437768715695e-01 1.073480114392180829e+00
1.142563696252211658e+00 2.443099813920599495e+00 1.472888625997356704e-01 2.368675193083525699e+00
1.273376681504053476e+00 2.519428299260068616e-01 1.686140617177638079e+00 2.840633677203016627e-01
9.647978090403673823e-01 3.274006457044072449e-01 1.606235448087813378e+00 2.026643588702087939e+00
1.414307948610316057e+00 1.498920871459595627e+00 4.971060392051868670e-01 2.865258509347198501e+00
3.380218486577473702e-01 1.416277209318983710e+00 6.342285063378302334e-01 1.125948470697475390e+00
7.115754572334272998e-01 7.641432072665488295e-01 8.610213693663212320e-01 1.291442947799361862e+00
9.839570194711587670e-01 1.730999014460027574e+00 1.237190382350078721e+00 1.030789258920988161e+00
2.957819320502556693e+00 1.154363586292759480e+00 1.521717515755276473e+00 2.036506150183356567e+00
8.510688476034000693e-01 2.609400928706315348e+00 2.540645358815808996e-01 1.711236411873761298e+00
1.369978404131636074e+00 1.485307288551484417e+00 1.762876356097264618e-01 2.490851796191002165e+00
1.863820595546701542e+00 1.032353779668421678e+00 5.359944966978571479e-01 1.211769407788733766e+00
1.060074834476085082e+00 2.294163259117216302e+00 3.086242967321686237e+00 2.923953883270121734e-01
1.539112874628489003e+00 9.052194325963449639e-01 9.648267081072638973e-01 3.400611716406277130e-01
3.002001885077043131e+00 1.096282938376255567e+00 2.350538544327376578e-01 1.508813415034599315e+00
8.115461551335260149e-01 1.261239300290098786e+00 2.561473544891533782e-01 6.455826480970250358e-01
1.626101007210292826e+00 3.061261035099583694e+00 1.100233780764957148e+00 3.113886573413838565e+00
2.965696708129235581e+00 2.689837766928666163e+00 2.124358779932456809e+00 3.141011148194247316e+00
4.648477207712284898e-01 8.222876745870796866e-02 2.602325531820495641e+00 4.089858102540085971e-01
2.389507685624161049e+00 8.294960254532839361e-01 8.346412201375790207e-01 1.579920909093189163e+00
2.220900775479022760e-01 3.102339504516616220e+00 2.317916681726161610e+00 8.513916022490961577e-01
3.094371915634336556e+00 2.574487202044143608e+00 2.640556964223013559e+00 2.088577943480002030e+00
2.320560840492035259e-01 1.566399963466474032e+00 8.344187251084698165e-01 2.446852240292395120e+00
1.771654544081613381e+00 6.431273163963361350e-01 1.524289182705757195e+00 5.477770065078634287e-01
7.306200436601042458e-01 1.322526778591232244e+00 1.550756872469429615e+00 2.760869432987140382e+00
2.546933240521515707e+00 1.773167597463034761e+00 1.669577540978267161e+00 1.201596953175485816e-01
2.885064730655572784e+00 1.826535303343145067e+00 2.921392805932174319e+00 1.567812847515752228e+00
4.365715297901413550e-01 2.512134253139799989e-01 1.464147895094260354e+00 2.860921264183319490e+00
2.374376319089964493e+00 2.770430820386739601e+00 6.858451439003800942e-01 4.066751748032667590e-01
2.975763117455824114e-01 1.879735577048177175e+00 1.154942826878544659e+00 3.000478554419981680e+00
3.184565389939902347e-01 9.422420142454893677e-01 1.697390456195102981e+00 2.118385193627153384e+00
7.345167756663653624e-02 2.988894322597896114e+00 2.361349202417372783e+00 1.579816372880767705e+00
2.802146091772974135e+00 1.868970370602131226e+00 1.244082503253918448e+00 2.757957731833754700e+00
2.801507343856992183e+00 4.984921473756561694e-01 1.606277153993694862e+00 8.774783077215356775e-01
1.969860595497490596e+00 5.943757715445975309e-01 1.288463558254553609e+00 2.877848060641625128e-01
2.190908384950802201e+00 1.000784754260540588e+00 1.793879663758134013e+00 1.978616128959713727e-01
2.540809852312702066e-01 2.203307257187228085e+00 2.154687146552729082e+00 6.681081302110480902e-01
4.057520467109254625e-01 7.246744710268256118e-02 8.494031266591025586e-01 5.300840544665729182e-01
2.850650597688695775e+00 1.970271111941284792e+00 2.346892706553323826e+00 7.757139246002204835e-01
2.283731830331928503e+00 4.246428594385204813e-01 3.069388745981430411e+00 2.094695054440662840e+00
1.506825092118104781e-01 2.171197510606618586e+00 7.449118765799648267e-01 2.075242207356005508e+00
3.123676406713520315e-01 1.080895914326370111e+00 2.059217244428785509e+00 2.963179328106988475e+00
2.139930857369675365e+00 2.761752289204950195e+00 2.984110450248501412e+00 2.693215843666100451e+00
2.497745053792007397e+00 2.583827388380554702e+00 1.554647549105529603e+00 3.033772628220147149e-01
2.004496024030996804e+00 2.163610935511190991e+00 2.879670526851744849e+00 1.352032596039551171e+00
1.076713629851789866e+00 2.121290104117342423e+00 7.344381368951548028e-01 1.786392813944875035e+00
2.742335116967339559e+00 3.006610339101266849e+00 7.829414839366157786e-01 8.842026882224323092e-01
1.268464777886657791e+00 1.613531292330285805e-01 6.459485627283125808e-01 3.126261580405790497e+00
1.936588377411812556e-01 3.047070165907962647e+00 2.248197745052356478e+00 1.060602936445426137e+00
1.931401138936677198e+00 1.736383221795634757e+00 5.263488871373316058e-02 1.055889652861090156e+00
9.058172086285368740e-01 1.693549303243164772e+00 2.922047548050518806e+00 9.603451487201989378e-01
3.739905849882642630e-01 2.324556900361487877e+00 1.249322908723460523e+00 3.793200156691824421e-01
2.144230469721507326e+00 9.652337849190850694e-02 1.433697694038688297e+00 1.690332647139665967e-01
1.422679194164938876e-01 1.341500627335298956e+00 9.661188930115685025e-01 4.883408864355976986e-01
1.563060979058030764e+00 3.043999904446888838e+00 2.473335462494010706e+00 7.839761125678960108e-01
2.303654807646968283e+00 6.939282424567784213e-01 7.594005732940548592e-01 9.531461009599767609e-01
8.772881994265128158e-01 2.314014725091907643e+00 1.026599027223741967e+00 6.985519661892346521e-01
2.405661883179121219e+00 6.577229898258124541e-01 2.776751067824517971e+00 1.206414869374217824e+00
4.931022796553112819e-01 2.604854324213761618e+00 2.504374931983543995e+00 2.517890339410305156e+00
2.320356886607682689e+00 2.588460776207757164e+00 2.973735883846195249e-01 1.546077390630827608e+00
9.109448774848990515e-01 1.717333037849325228e+00 3.628959361496276181e-01 1.857562840584408459e+00
4.551438244614897655e-01 6.554112786339970353e-02 1.549031473063847031e+00 3.543177693098715220e-01
3.208169728646189101e-01 2.092700244241177288e+00 8.673421089004632600e-01 1.380554641728961141e+00
1.864246779917773988e+00 1.715389673695871142e+00 6.344762135789191460e-01 2.605921842568288405e+00
2.068091688516391802e+00 1.791161112278154555e+00 1.019586862916883163e+00 1.936835992644699633e+00
1.470183826752020417e+00 2.958891510330138530e+00 6.519749049109793138e-01 2.627564291273816188e+00
3.117993040855308262e+00 1.802302616946343861e+00 2.215824995005563292e+00 2.445898031794145222e+00
2.573790603859237081e+00 1.111124907501845893e+00 2.203606453354723271e+00 2.489033718287511299e+00
1.943271115715430097e+00 2.085561823049512320e+00 9.277615856234914249e-01 1.121902158207889633e+00
3.153732087023059655e-02 1.729674619155602500e+00 1.152686338455231496e+00 4.113483131734732012e-01
1.263131325959728324e+00 3.093981659944268436e+00 1.357093665753841494e+00 2.097166145186946107e+00
1.722668877703487977e+00 2.310546230772423826e+00 2.027007900518421835e+00 2.032551275788695211e+00
3.047839344387652805e+00 6.432441245855431700e-02 8.750603253959864380e-01 1.208858080853241479e-01
6.105290498209119399e-01 4.734648089523231795e-01 2.195927630090693583e+00 2.079381324251405871e+00
1.758424530838702982e+00 1.706967592595934002e+00 2.016401678161934719e+00 1.981932834648242547e+00
1.727686045831004824e+00 2.413522521158964818e+00 2.031091968350455801e+00 7.100114344943861955e-01
3.003738782698059939e+00 9.150700836060100540e-01 2.062265386272939427e+00 4.127708349146410050e-01
2.554639947993405658e-01 5.323358739325387834e-01 6.496292195620410048e-01 4.044724085584976980e-01
2.074467068702892103e+00 1.370194508660028898e+00 5.769878845400278067e-01 1.279550399396255367e-01
1.915608795934268693e+00 2.892478953409673093e+00 2.036325373658915971e+00 1.043295726858242123e+00
1.122284278078243602e+00 1.731008992738499286e+00 2.268630332863290189e+00 3.209961571968525818e-04
1.560729900683533122e+00 9.546599823026400422e-01 2.959293742720254805e+00 2.071063925158298069e+00
5.171886248266323038e-01 7.092206370640222746e-01 7.701769766284517482e-01 1.292660485271577064e+00
1.155546795186211673e-01 2.043655944141378633e+00 5.740705326719459656e-01 3.676443487881076444e-01
6.919725271142119771e-01 3.005016170447738943e+00 2.069572800042836835e+00 1.264496094238597657e+00
9.504227177800055326e-01 2.371108034219934435e+00 2.661499837114245537e+00 5.581571470823699643e-01
1.163795278195726840e-01 5.458812429669229749e-01 3.109416387855514330e+00 4.198678157337937256e-01
9.529249039222479345e-01 1.105009352665114131e+00 4.727969434184032260e-01 1.800861679632153711e+00
1.520761385057654014e+00 2.788664917204040972e+00 1.710901621503673753e-01 9.808434710795909117e-01
1.469720351239721889e+00 9.713075258059645778e-01 7.550247899689466191e-01 2.909155670928361470e+00
2.396847300801816072e+00 2.835015712202387128e+00 2.932565904754618202e+00 2.000535509806430134e+00
2.386293291315547016e+00 2.448773270711959604e+00 9.681385391041685828e-01 8.428459255106299786e-01
1.308868040738129235e-01 7.724518079088790179e-01 2.353724975440574685e+00 4.333129817613821100e-01
1.628205945355745143e+00 6.843304328763739619e-01 1.806391203036085580e+00 1.386076611043531415e+00
2.173761717845434926e+00 2.773147710724042980e+00 1.655179479130017395e+00 3.864751531037062884e-03
2.706175626782446386e+00 2.410162886816973327e+00 1.281469614918296251e+00 6.287492041354262318e-01
1.236068800129814127e+00 1.694559652764656255e+00 1.429451582084706462e+00 1.577636511999292779e+00
2.495485424255743379e+00 3.054199143873148170e+00 3.077827847531917627e+00 2.254012847873367420e+00
1.055124517013387608e+00 6.723405371657734664e-01 2.944467909274818940e+00 2.044593921636887746e-01
2.339564608444471894e+00 2.214063025444991784e+00 1.556426815192386126e+00 1.251933429559340671e-01
2.776485214924136802e+00 2.079982519928784690e+00 2.912063337531062057e+00 2.716114989718410477e+00
1.106981454802100640e+00 1.488050290337827208e+00 2.784421941964615677e+00 3.084979483836788550e+00
3.148204092434585544e-01 2.807356039239473411e+00 2.038234495041563843e+00 1.219378552258997939e+00
2.712330663957739363e-01 7.402853560384088372e-01 1.045670312136510738e+00 1.276749554878304327e+00
2.151416182247660291e+00 7.840146750393929276e-01 2.867891417895663597e+00 1.639122691486849970e+00
1.228555985134792833e-01 2.443072100912302869e+00 2.151454722888027415e+00 7.268998316097107226e-01
7.177578674459826891e-01 6.417208813065801154e-01 1.902801360120177865e+00 1.249508715765791811e+00
1.417918786790776320e+00 1.477541119696619498e+00 1.632131220722174980e+00 2.396446425206430586e+00
4.349841049489783229e-01 1.426039939188576078e+00 1.207667193809684569e+00 6.784666679808262213e-01
3.384929633766508572e-01 9.165893906767193233e-02 1.421134128054633017e+00 2.388909141394021773e+00
2.343254668558940601e+00 1.795163500203364793e+00 1.375969071770633212e+00 6.856739837911675350e-02
1.782116675712571485e+00 1.365146391760768463e+00 1.967145542455840612e+00 3.140446551870737846e+00
2.940102818722845512e+00 2.975331193766167726e+00 2.987791921763379044e+00 5.987421745230488979e-01
2.062866798040458693e+00 1.725148208841293940e+00 2.173673350330781684e+00 1.698343518221776760e+00
1.234706476902829086e+00 1.922575876758325419e+00 2.781779736388871438e+00 2.296276045093002427e+00
8.766847063004101770e-01 1.134372260138995392e+00 1.729622261855767507e+00 7.987360812077333172e-01
2.246269287278427895e-01 1.270887659619529542e+00 2.624529941199683858e+00 7.065752385068246877e-01
2.472260887175309119e+00 1.172883692107127729e+00 2.120058138221125876e-01 9.255332053423537264e-01
3.101959691988625867e+00 2.835112678820038923e+00 2.856676881020504322e+00 2.859862845185568769e+00
2.863870324306994952e+00 5.331522847233775009e-01 7.115564597949443348e-02 1.201273998714614377e+00
2.420831129174473517e+00 2.936059330303773862e+00 1.021126149464904875e+00 1.762769932433616571e+00
1.787393566948964230e+00 2.073539142036351368e+00 3.115936747055432221e+00 2.034599700940700640e+00
2.112950648889647010e+00 2.369800006700646389e+00 8.313438162892889949e-01 2.916929756929088402e+00
2.377259997184386631e+00 2.468567872215792658e+00 7.356680851327689341e-01 2.582336774863573048e+00
1.588802340947103708e+00 2.275762808967015660e-01 7.258340163318431904e-01 1.141864754485051758e+00
1.530070348075749820e+00 5.873558808141419174e-01 4.143402336169708100e-01 1.964557109981228677e+00
2.474033166555778429e+00 5.657213433915347922e-01 2.168319666637557486e+00 2.467758481626987077e+00
2.221719575717877593e+00 2.107156962175121162e+00 2.941417835480889309e+00 6.248251810904376091e-01
2.570418981492289756e+00 1.684569523206243868e+00 1.969216223086677875e+00 9.068088917563787987e-01
2.610384409407469006e-02 2.958883800540505593e+00 7.858920808579251682e-01 1.703665757991173146e+00
1.463417721800971405e+00 2.159878398154796653e+00 3.518623946750162323e-01 1.126118388985712704e+00
2.091892482479327686e+00 2.388572103892360410e+00 1.600663874962309219e+00 1.290464585136947395e+00
5.039492948507910963e-01 1.472428704407551026e+00 5.563779818501105590e-01 1.524532371845703338e+00
1.105845959937667544e+00 7.614446678612701164e-03 4.516843679613811308e-02 3.088980668085216763e+00
2.045333242667599194e+00 2.874775320921626687e+00 6.179482930338914271e-01 3.115582276267686801e+00
1.124333248978746758e+00 1.373188824340467074e+00 1.626026657714687351e+00 2.400830193075591090e+00
2.997768626614508047e+00 3.037423986593043246e+00 2.388087985459523388e+00 8.655825894705841961e-01
2.395331316117691234e+00 5.718728679503740642e-01 1.817845694372782983e+00 8.667518984390601977e-01
2.421775620483519909e+00 1.099691617135288624e+00 3.080806728959712970e-01 1.507769722738307783e+00
1.303026169236642273e+00 1.204457441674669838e+00 2.375881136460464838e+00 2.014734753205553730e-01
7.670041183901417092e-01 1.520049243982226184e+00 1.642079713980447053e+00 7.259197355287112519e-01
8.270354647346290777e-01 8.326384797836470231e-01 2.709908403146023659e+00 5.565754804171351156e-01
1.750117814664209792e+00 1.653200512249511922e+00 2.863472230122628748e+00 2.149366532548329545e+00
3.072148751208208406e+00 2.505449327001467719e+00 1.011774037712029006e+00 5.034995352912700062e-01
4.906529564766163309e-01 2.356120085825060606e+00 8.228075217275802045e-01 2.234505149599647744e+00
2.031906548795080258e+00 1.149836591384011397e+00 2.132972122539906312e+00 1.856385585964939633e+00
1.497477854014966081e-01 2.234701731734854757e+00 1.617429181506357949e+00 1.857086921630896059e-01
1.903839406973117709e+00 1.651894870206091159e+00 2.356701762231218744e+00 2.352589138779725531e+00
1.946649111642422492e+00 2.008731165510985850e+00 2.390453452731051698e+00 1.117919602590454087e+00
2.540974817725985435e+00 1.149166175184388461e+00 7.840566111098474789e-01 1.827274417878892665e+00
1.006368194574014246e-01 2.460320493383928220e+00 2.120993959448978838e+00 4.094955367270913249e-01
2.320889125196565761e+00 2.488263300844625103e+00 9.095003968058441857e-02 1.933601239589083365e+00
9.909692152793294628e-01 1.984576090075310661e+00 1.090564646543545013e+00 1.230818623234386067e+00
2.066578128194054731e+00 3.061645778248061056e+00 3.096191495530898230e+00 2.630978807459562890e-02
3.059533056999844902e+00 7.952498506184680904e-01 3.099513191792481415e+00 1.419723290749653533e+00
1.009281684489492070e+00 2.570297693707605635e+00 2.587518629647246104e+00 5.778167970955250254e-01
2.322024155719660143e+00 2.844488626413257393e-01 2.789484370203443864e-01 1.249199197226656510e+00
8.312153473111496549e-01 2.801673418679774041e+00 3.092651055824724882e+00 1.262728621575127663e+00
1.746767420777610047e+00 7.893793238614725816e-01 1.657452028036021652e+00 1.377221921808648331e+00
2.324579792354694696e+00 6.201505625855091575e-01 8.287397069080223444e-01 1.259770026164128975e-01
8.300948743521401330e-01 3.100377791981264064e+00 2.083400386073301025e+00 2.899579936748275077e+00
2.988844285669319811e-01 1.460886518394355349e-01 1.569957061287980515e+00 1.317974545585867796e+00
2.554739703504067538e+00 2.837821698526356684e+00 1.004550432634187862e+00 2.536783608199074003e+00
2.966721793090483228e+00 2.682423018339623155e+00 2.536443428982927184e+00 1.744284160426668784e+00
2.642048694259676367e+00 1.529722470490262110e+00 2.113550063169568283e+00 3.749616887162712797e-01
1.595419823574253382e+00 4.182724677222747767e-01 1.635451160122183722e+00 2.913115339319255259e+00
8.260048509757281776e-01 4.475469506087690341e-01 2.411888278962225129e+00 2.503284736597129356e+00
2.814339823126707163e+00 2.114044398810647873e+00 2.183141472427821750e+00 2.992239940750827998e+00
2.311149291870291833e+00 1.079924614753690060e+00 2.462445382181016829e+00 9.133547813081956956e-01
3.062390009763045207e+00 8.788302407145051065e-01 1.959099617461515855e-02 1.539053223873945608e+00
1.788479891940195632e+00 1.584585519200680359e+00 2.967318609139732555e+00 2.450380319568220777e+00
7.702739222997593282e-01 4.720740199043274021e-01 8.377627969097226623e-01 2.297281372151275036e+00
2.983963417211030200e-01 8.479187888918842120e-01 1.345362307780210986e-02 1.764118356361882078e+00
6.888829797017527179e-01 3.094953635597166297e+00 1.832610216540973225e+00 1.484853625778217223e+00
2.875271171387750346e+00 1.802851872287434043e+00 6.855416339579870622e-01 3.709847363094061490e-01
6.330674517741172735e-01 2.850260499798672686e+00 5.621034305665592035e-01 2.364447814306009032e+00
2.556378693313575479e+00 3.944854407449902567e-01 3.141100648078192226e+00 4.059310066450861898e-01
2.437044282468663614e-01 2.996394803481290392e+00 1.721751510273373365e+00 2.625523172285543883e+00
2.498491752427631329e+00 2.342623321657252511e+00 6.217792352597740768e-01 1.038479576122376180e+00
1.984849326753300058e+00 2.077175848452860851e+00 1.545114614010278498e+00 3.861680173734242660e-01
2.867277090103144133e+00 3.007522484414944408e+00 4.408872310720277077e-01 2.365428980494319156e+00
5.912829291086497685e-01 2.292776378902668277e+00 2.121179727804658022e+00 4.371596145066739547e-01
1.262088014577104289e+00 1.958989459143188894e+00 5.459046864752242073e-02 1.055795630504431148e+00
1.444332901964836990e+00 1.391409761381459109e+00 6.972235334285974417e-01 1.798622599874439842e+00
2.380093968506939994e+00 1.420344028354457722e+00 2.296514456675147198e+00 1.398480848957212697e+00
2.480829889883033879e+00 5.032124774958305347e-01 3.069789552309257541e+00 7.017905350191164793e-01
3.004532676437323246e+00 4.784748793843701109e-01 2.333874578165938907e+00 3.014085316223490185e+00
3.726364319676178094e-01 1.207428755722302904e+00 5.286955747335950750e-01 2.487228504401554297e+00
1.158787449800613212e+00 2.667474941005560374e-01 3.865233728382981293e-01 2.082665704576237786e+00
2.282973432635526212e+00 9.956466140220919803e-01 2.494865404531682263e+00 2.249103390543287784e+00
1.875353058556349817e+00 2.298132246939135204e+00 2.344212073989866862e+00 1.595915933468003534e+00
2.999118607855053131e+00 1.513615590226764951e+00 2.823111607825611546e+00 1.003557722160037358e+00
2.456396191768448034e+00 2.990230800034447967e+00 3.012639211670710360e+00 1.630774075186732563e+00
4.828661521533341161e-01 1.006503601699839656e+00 2.420109672340044149e+00 2.009424688097873890e-01
5.205432296391837577e-01 1.419593097504516233e-01 2.742949073300391394e+00 1.501105829575110739e+00
2.234079788810399148e+00 2.534760644209394620e+00 2.046346642595151977e+00 2.651161055603053818e+00
1.108440003230832138e+00 2.146389144875014143e-01 1.034376631011820313e+00 2.904428865788236447e+00
1.933427506502557236e+00 2.369219973960146941e+00 5.041559241508990485e-01 1.452960045186500126e+00
9.552721696347519220e-01 1.774121246722024203e+00 3.097723265706650686e+00 2.489004346503416620e+00
1.018116023583125473e+00 8.152452715196967237e-01 1.269367059129777209e+00 1.677094505332618279e+00
1.269584971742590218e+00 1.660527231429354655e+00 1.240126449374645778e+00 3.319248076675813171e-03
2.568730230596965924e+00 3.778018704533226413e-01 2.520127252877991886e+00 2.962736177134149607e+00
1.620529038857214665e+00 1.262180722127825172e+00 8.403199084253738516e-01 3.348965698603891816e-01
1.835010032976110150e-01 3.209265960778174831e-01 3.106418592792225208e+00 1.532905721668693877e+00
2.297546792623788470e+00 1.739986316636677133e+00 2.940611690385113164e+00 8.595383614544631623e-01
1.885041058961911098e+00 8.772014070835904009e-01 9.692986515873492914e-01 8.388493367707692272e-01
