1.472810147189888008e+00 6.316798447296008423e-02 1.479997835187670585e+00 1.171333744242373021e+00
3.133131600395167471e+00 1.709590836486057475e+00 1.948926170379028155e+00 9.368509107192991570e-01
2.258966833591647294e+00 7.475551445815412643e-01 2.148390684494662084e-01 1.453527366922934494e+00
2.580664709883764285e+00 8.825485490173963221e-01 2.037341374090516410e+00 2.491650566014742996e+00
1.879807563469384490e+00 2.645245538311472799e+00 1.894617207975248796e+00 4.388123855699037623e-01
2.175787317636298734e+00 2.081892428067812162e+00 1.598980678996193339e+00 2.753848667055003863e-01
8.143730648598898059e-01 2.206686802976948414e+00 1.205204419208812716e+00 8.980010927633194084e-01
1.426012806992065229e+00 1.359160274669155344e+00 1.354098912157758683e+00 2.167170937862517466e+00
1.276774138815141013e+00 1.253433766227587620e+00 2.767107720271945404e+00 1.893118427340872101e+00
2.034629817955988518e+00 1.094922555434791001e+00 3.942302815425625662e-01 9.560184668088334003e-02
8.383895204530779077e-01 1.710110986053409610e+00 9.477171174960342670e-01 1.944096357106201545e+00
7.976829365856341614e-01 2.291318542673957293e+00 1.138463311743696638e+00 6.041728709072480275e-01
1.351862371381080119e-01 2.275515488834212618e+00 3.098071442477905446e+00 1.311959340898905646e+00
8.053969695536457030e-01 4.159512176624377000e-01 1.941242445641983672e+00 4.350659336914299846e-01
2.594368016590068660e+00 1.868293522814418461e-01 3.635512764572188527e-01 2.214308733263684381e+00
5.937980907634754502e-01 2.936292750296271015e-01 1.287879109185614768e+00 1.863032455161106882e-01
1.883843127064559697e+00 2.101047814539079184e+00 2.889168796798087691e+00 6.930818832320333467e-01
3.318954076377462759e-01 2.171322527353916065e+00 5.097017680214449564e-01 1.352127036096613333e+00
2.528387173349384121e+00 2.403790839227427867e+00 1.256270978913294867e+00 2.451727407772320344e+00
2.410970450070094806e+00 2.787866283238957799e+00 2.197496106794394777e+00 1.915817962937250263e+00
1.664432396511613899e+00 1.813745401644708266e-01 1.226264135584893139e-01 2.215830438044535944e-01
2.292502084378456928e+00 2.308640091785097770e+00 2.511005595548639224e+00 1.625046987515123664e+00
2.999778349984692838e+00 2.407632977529950757e+00 4.333315622357764019e-01 1.004017551940367126e+00
3.585318915572661136e-01 2.525921480180649770e+00 1.429057024793292330e+00 4.044323199679215608e-01
2.999812062126621104e+00 1.833950491212798628e+00 2.671262381629367244e+00 2.567519168798600843e-02
9.109918151537784725e-01 1.431170071561099322e+00 2.088927809574024685e+00 2.357162952327251648e-01
2.743777514712126386e+00 5.245011462651885115e-01 9.407799637143952065e-01 1.272375400140222323e+00
1.497539344117869486e+00 1.986668417794873687e+00 1.702768145885891204e+00 1.826240035525191319e+00
1.145039027162152889e+00 4.574887626755265724e-01 2.480398879570955978e-02 1.611574401426836944e+00
1.162882417826012871e+00 3.420748093465686424e-01 1.857387414036529183e+00 2.464852803572492146e+00
1.879823752993200703e+00 2.334788493165799839e+00 1.257841089013462588e+00 3.641104038907699847e-02
1.327031508044471231e+00 1.924416955807337626e+00 1.692828320473526382e+00 1.390193233311110665e+00
2.264105292571898520e+00 2.405450196375900962e+00 1.072716057577010496e+00 2.284480680071181435e-01
2.640955571559306492e+00 9.248168349542029709e-01 2.803679779276041284e+00 2.053152006521284267e+00
9.097693934807035143e-01 9.142419427451754510e-01 2.915633261452935110e-01 1.252602216950261305e+00
3.625527938084047858e-02 1.231848120096487254e+00 3.007361378073985847e+00 5.074086185364640178e-01
2.507274714378477931e+00 1.325616600666535527e+00 9.736039765551497416e-01 1.542478321741762581e+00
1.765401968228852203e+00 6.654002538553032142e-01 1.916680473830407960e+00 1.799866549904871160e+00
5.168080313102415557e-01 2.938366127508638126e+00 1.909496636718675200e+00 1.771484270922840443e+00
2.177736016400701136e+00 5.374166196329170919e-01 2.274619910918648513e-01 2.705177486866444880e+00
8.485766483610123201e-01 1.215736216472032005e+00 2.137224832873851343e-01 1.683715109763623596e+00
1.859581386873211395e+00 1.935034880601760099e+00 2.080582221525417719e-01 1.228708388553007458e+00
3.708296203367174582e-01 1.752456164027947016e+00 2.940557011812817034e+00 2.349641111839988472e+00
2.127618968664460319e-01 6.973660308465540192e-01 6.639496609089979851e-01 2.955829804235817537e+00
1.816296292321117001e+00 2.381187057204982249e+00 2.262489357961263714e+00 3.747192575930003988e-01
2.049863121724047610e-01 9.961839571643954505e-01 3.052361179026630733e+00 3.631770200382813951e-01
1.028083374470725619e+00 2.831669246824788377e+00 1.996701515576754460e+00 2.379712263194028843e+00
2.181431629795844429e-01 6.202351805263970341e-01 1.219540024347089080e+00 2.557514666472194831e-01
1.884845646531102092e+00 1.331253014248328981e+00 3.081898148484887301e+00 8.739038821593422268e-01
2.611711168826488461e+00 2.458646590852675118e+00 2.172157276929929548e+00 9.630609790686313065e-01
3.862250402307174646e-01 1.880415516064303461e+00 2.845293211476230155e+00 1.827649201302010029e+00
1.628148509456668558e+00 1.945189067906778702e+00 1.275728394461288273e+00 4.971336041201507849e-01
3.008938276962902503e-01 9.604731491321552017e-01 5.545494754867559273e-01 1.133998211303911319e+00
7.463491152292116293e-02 6.057584982018247022e-01 9.317281252043426720e-01 5.928492697416986451e-02
8.713974427624249230e-01 5.372358539224894591e-02 1.239359211093882251e+00 3.036623944140850906e+00
2.866105576839094837e+00 5.820890601744006521e-01 1.850165077836899652e+00 4.651138156075861896e-01
2.803754963607994366e+00 9.181289060971438154e-01 2.311175023392362249e+00 2.750362323489820682e+00
1.057467380487485675e+00 3.119814209308574782e+00 4.770114836374829692e-01 2.767768679807943943e+00
1.011450003557066379e+00 2.546367103910301966e-01 5.910818979883128987e-01 1.069497319590900108e+00
1.514870872766412635e+00 1.853126598574909467e+00 2.666837581708484173e+00 1.709838259311314612e+00
9.585125490066965792e-01 7.000251764230825957e-01 2.568802458439717107e+00 1.317081081400678810e+00
4.884806999456565713e-01 8.968647971271536123e-01 1.374578605228592210e+00 2.535930340184442411e+00
2.292280389125852802e-01 2.739058477368902178e+00 9.652182975403069687e-01 2.867144434422700172e+00
2.974359591138171055e+00 2.026909043780271702e+00 2.223923175967592591e+00 2.808942746956914149e+00
2.510388290066674966e+00 1.111023348165423918e+00 2.479501313728668777e+00 1.948010273972959672e+00
2.560544483717482223e+00 2.213379408198983711e+00 1.212683313556913500e+00 2.509969851456480772e+00
1.268544544044682976e+00 2.945723339814525943e+00 1.652464401742729239e+00 1.623681620777490453e+00
2.757891696885208521e+00 2.281938549269790339e+00 1.774158224426187980e+00 1.137470817681017987e+00
2.565848001095253572e+00 3.014392332879236136e+00 2.987828528837810360e+00 1.547029646458428997e+00
7.131719713703985608e-01 8.482390466045331978e-01 1.343300700970118777e+00 2.841615438925044312e+00
1.136856040977625021e-01 9.305838135457398241e-01 1.325003513502322372e+00 3.066548164711258462e+00
2.821642951121655418e+00 3.114815834824293361e+00 2.778205097752897590e+00 2.226928892265522819e+00
6.144667614488612539e-01 8.891203452854102851e-01 1.852486674025662694e+00 3.049272808311014771e+00
1.601234098923433047e+00 2.043361892826534909e+00 2.221921109083700774e+00 2.452119426594107310e+00
2.866871322070942973e+00 2.433083034793255273e+00 2.705776122695839003e+00 9.969130011467189911e-01
1.841736512362617928e+00 2.194228726482255531e+00 9.465830039935145823e-01 1.994845542988889386e+00
2.061732041846666419e-01 3.680175866067449397e-01 3.042736470252813685e+00 1.606160576341275403e+00
2.471090457339532254e+00 1.799038731921693612e+00 2.059332821585409423e+00 5.123222580540558457e-01
1.158662431417819549e-01 1.849424487768223768e+00 2.877857077312397038e+00 2.708465755930185903e+00
8.914320719468882270e-01 2.564318423490136389e+00 2.016328938795171055e+00 1.020399744331756287e+00
4.252427035267639099e-01 5.828375398240753791e-01 2.994634326703910610e+00 3.022227577393490794e+00
1.709249549253005096e+00 3.957266868486564171e-01 1.201933854450853545e+00 1.153528462839671365e+00
1.539837896038767973e+00 2.215981348911783222e+00 2.011038528006875659e+00 1.353809894000806313e+00
1.891506008071728751e+00 1.422999859103576181e+00 1.748364927188627904e+00 7.168303890774980758e-01
2.458784952490703724e+00 2.560038345147003902e+00 7.050390498394992767e-01 1.011041461323328589e-01
3.635650595342149738e-01 4.305942625394211798e-01 4.617935656503254771e-01 2.590637303637262967e+00
1.115192765882270898e+00 2.280585124104010930e+00 2.330989937784121224e+00 5.156565334198067729e-01
1.069426551575371143e+00 7.858997210159179847e-01 3.022546696626461138e+00 1.830427547325018667e+00
6.054474821894310077e-01 2.424592788132958976e+00 1.366118454438715046e+00 1.667667254965769397e+00
2.427869420918568721e+00 3.062252616859094001e+00 2.363269678499519522e+00 1.965589747308533308e+00
1.505290520816106481e+00 2.029086456071886424e+00 2.523319403026944574e+00 2.987395799934085883e+00
3.017065044657914807e+00 1.287333411275502604e+00 4.365938017830769263e-02 2.289885910094335397e+00
2.067312470759111953e+00 1.624741599823274596e+00 4.251626209000642920e-01 2.822819747282719893e-01
9.140830576013495579e-01 1.222822065942116510e+00 2.428266062527414615e+00 8.880176243168179662e-01
1.208865610841228788e+00 2.641773907586029591e+00 2.430479114570132992e+00 8.774296371675662787e-01
1.109387839686743205e-01 2.675506889263174148e+00 1.704928777587021882e+00 1.376632077577734925e-01
1.646451776030496139e-01 2.592780908893798753e+00 1.936047563350781209e+00 4.809435678768296807e-01
2.125786055298668487e+00 1.884782063635040084e+00 9.732979943737176676e-01 2.150516093074185786e+00
2.918753438224130914e+00 2.205385315931191581e+00 1.875159622552240446e+00 2.231219261049968594e+00
1.859099357456293733e+00 1.033660576954435362e+00 2.740557679686519421e-01 2.372799528844041994e+00
7.414117038314614883e-01 6.281199863641909742e-01 3.133927046737107425e+00 2.741778169845379698e-02
1.430680065130735423e+00 2.560346806748161619e+00 7.599792904768322144e-01 2.045874757272999389e+00
2.196154889335949267e+00 6.309114511825444360e-01 1.551081927920072268e+00 2.120508775841939142e-01
2.986544220050416421e+00 2.939498479987141533e+00 2.463021653619289708e+00 1.877754434327483235e-01
2.751047025891339537e+00 4.542670756255239028e-02 3.050812342676019639e+00 1.734383583721665900e+00
3.450647176047632048e-01 1.590119738587157494e+00 5.572861515408723820e-02 7.768439345729570844e-01
2.224194616592943152e+00 3.744502197310931590e-01 1.573360228200605837e+00 3.883515600669327772e-01
2.564175055311474161e+00 7.286803167448285823e-01 3.052227011949545599e+00 2.358652872399225053e+00
2.932611585690872325e+00 2.463531457169835903e+00 2.405375095923254491e+00 4.133172477632479636e-01
2.966167903337908474e+00 2.472418453003197847e+00 2.684484040438479102e+00 2.334077614813369894e-01
2.522312124156373070e+00 1.600028694227845438e+00 1.764930238772518534e+00 3.130275809350881566e+00
5.712996475158674814e-01 1.217750328249929126e+00 2.320514697808756743e+00 1.894691594913874955e+00
2.097266236556468488e+00 2.053580796415305443e+00 8.681468085416462754e-01 2.973698136029454542e+00
1.385765629224980700e+00 2.711382434318985624e+00 4.563528741872740491e-01 1.444770934475236634e+00
3.830953688659917700e-01 7.156401464686422409e-02 2.175949102166012672e+00 2.112610258253655893e+00
7.049258061096674854e-01 1.385376513141311605e+00 2.290758032672197686e+00 3.000422414493354228e+00
2.773537907248353918e+00 7.285920917516671702e-01 6.267114655698721726e-02 3.066635223814489386e+00
1.674785316115419365e+00 2.335629988698589177e+00 5.819398485958041656e-01 3.107754169547233936e+00
3.926500048481297300e-01 1.952445404936405726e+00 9.023499795969483483e-02 1.761724329611647155e+00
3.117593640897847074e+00 7.501043960968789559e-01 1.059212718534098263e+00 1.541207998308478100e+00
3.539737004499190487e-01 9.060632463336508735e-01 9.808554572653340742e-01 1.987872682456437445e+00
2.710025452798056733e+00 1.619791108688833914e+00 1.363541172324180817e+00 4.631224335052680496e-01
1.834361175021479884e+00 6.191800798193376476e-01 9.288826926291037234e-01 2.302172931881734108e+00
2.335184833352052514e-01 8.711120344297407225e-01 2.024458516792070562e+00 1.903145716979085966e+00
2.880098589523652386e+00 1.966801382118550823e+00 4.659437097918774362e-01 9.110952072483424757e-01
8.555827561469582232e-01 3.566209131508076696e-02 1.620182551674395732e+00 9.367604429936414734e-01
1.186780695828020926e+00 2.501146508209037389e+00 2.933984560405701991e+00 2.321719340499570905e-01
9.312909932466374441e-01 2.306929737066455655e+00 7.768411067424094707e-01 7.577557380198717274e-01
2.080599552253680762e-01 3.044529219924499763e+00 5.380166504261200966e-02 2.763116644941959521e+00
1.077041359533234877e+00 7.428856298734684005e-01 2.538312407274139648e+00 1.148836580341718205e+00
9.435960954392732525e-01 1.066266645584462713e+00 2.305993800034867647e+00 3.628316653176743567e-01
2.204247193160835394e+00 9.053144577502191259e-01 2.210752435104883951e+00 2.557878027993564007e+00
5.358975688240197321e-01 6.001490860725030574e-01 1.890600399440889978e+00 2.692336436174043168e+00
1.554345820332186046e+00 1.324178687163518831e+00 5.703130799667160966e-01 2.720097467283653536e+00
2.326355268323214986e-01 1.484748150088210039e+00 1.086089667844661877e+00 6.456806084709687532e-01
1.833634685724077507e+00 3.060422117205682913e+00 2.328818878153307459e+00 1.170957608910655701e+00
6.456503328818656851e-01 8.798313592109605619e-01 1.722968966802313207e-01 5.393249792911852802e-02
2.880879963402779520e+00 1.524583270015470671e+00 2.289944057355484563e+00 3.110636365679077198e+00
2.450247930574426025e+00 1.434031629946962427e-01 1.098423514927913264e-01 1.648257182067037974e+00
2.275434765129521697e+00 2.057412237084188522e+00 2.532463721548657620e+00 2.779390661433740028e+00
4.093027270727233047e-01 2.324536700742784401e+00 9.146896296244011459e-01 2.026714290889748415e+00
2.293026212471111158e+00 8.610470296817119840e-01 8.143533377137968099e-01 1.546599664013391440e+00
3.277955828725087062e-01 1.155054262059518555e+00 2.365740082693408297e+00 2.713293975377288891e+00
2.822807000161042357e+00 1.334063189454356646e+00 7.185430420705792853e-01 1.363986700276085928e+00
2.722441017825584453e+00 1.003201296736936143e+00 1.783082255322936960e-01 2.006388884205363876e+00
2.482219119626607018e+00 1.496913043830865986e+00 1.355789760407639211e+00 1.713258973911338856e+00
3.223678571478390265e-02 2.792740320458069192e+00 2.542950401119184467e-01 9.794495155801621333e-01
1.087897494784140884e+00 1.416378965898302589e+00 2.463646000189622765e+00 3.091334631564616409e+00
2.492354309668090295e-01 1.627114628203137903e+00 9.991724166154284381e-01 1.895807048424337893e+00
2.759525500940371856e+00 8.049558576811274291e-01 1.650199142014120879e+00 1.439834933784333915e+00
1.368257719278264117e+00 2.349981766232148050e+00 2.817308342937231203e+00 3.757838801104065873e-02
1.281183978801387235e+00 2.061386896420749348e+00 6.557916129844114650e-01 1.893339699265551346e+00
1.400646327568434879e+00 2.455903261089206868e+00 1.126173443615209768e+00 6.392086266222175572e-01
2.985544024961666931e+00 8.768320842968074791e-02 2.162232879926266893e+00 2.678530350410270433e+00
1.463513713741671607e+00 1.748370418224224121e+00 2.384583702522045934e-02 6.684005723854372638e-01
2.991577503070236066e+00 1.700823114202664188e-01 2.701526573585313784e+00 1.483554925038256034e+00
2.842885302910732381e+00 1.498558082270730951e+00 2.041009030967375626e+00 2.555432663958547401e+00
1.651639876640931481e+00 1.880610314230062308e+00 7.564052784723075684e-02 1.180685920998955751e+00
2.085614241811377223e+00 1.520019203658383722e+00 1.326481355460270573e+00 2.870186734951233554e+00
2.830574295901767901e+00 2.790371961284777935e+00 2.551948388160653725e+00 2.494300976345403154e+00
2.242632403437308408e+00 5.772241228151611114e-01 2.903879725867493100e+00 2.499235743779134822e+00
1.936724510072752814e+00 3.124048883423181433e+00 3.080505933217020598e+00 1.346857247273820724e+00
5.598975609128573616e-01 2.626491896346934141e+00 5.399310490134768825e-01 1.061893587141738982e+00
1.280721623659656361e+00 2.352365545804867342e+00 2.461492577522404801e+00 1.106351966445975554e+00
1.160715221024078092e+00 6.158148018104622201e-01 3.025214401917464269e-01 2.444239586616419935e+00
1.971538531841594777e+00 2.088596069081798845e+00 2.990327119533615186e+00 2.967158540300881775e+00
5.750490923603854831e-01 1.745177540618167544e+00 3.004829054781068542e+00 1.365091311340912217e+00
1.198403402247310456e+00 3.126706907684467129e+00 8.555285374926305808e-01 4.556303149034873767e-01
2.501730768681377004e+00 1.558699603076263207e+00 1.655690880577048496e+00 2.502565707762714364e+00
1.224302517797770662e+00 4.890178774666488759e-01 2.294175834842681283e+00 2.665064720431290723e+00
3.120183114241403377e+00 2.007366492157169446e+00 1.885810255484391185e+00 2.749966989897636438e+00
1.555081938003396003e+00 4.695248770073233158e-01 2.211338952751356945e+00 2.940245521144882801e+00
2.755973895295570575e+00 2.991828510640489824e+00 1.066188271028648549e+00 2.782579157795496361e+00
1.660731096663975004e+00 2.880731063810224146e+00 1.070232768386644301e-01 2.342409061766992928e-01
1.984619232343321604e+00 2.783271657255474540e+00 1.435108815345356170e+00 1.157257940164127391e-01
2.063638272672523755e+00 3.854288959828990335e-01 1.861973226592408048e+00 1.380613433819708025e+00
2.853234608115506887e+00 1.372408883905772203e+00 3.469937642408759543e-02 3.002996160366029343e-01
1.741231429268436326e+00 5.328461959263142145e-01 1.194384005602231680e+00 8.974606726043204974e-01
2.073952235232683794e+00 1.003222477228012499e+00 1.082169689298636411e-01 1.926006872652290758e+00
2.330224036507065666e+00 4.658401009014034311e-01 2.627767983671800422e+00 1.135458447173434360e+00
1.813892592867027087e+00 7.154884414177207219e-01 2.354585399019764491e+00 6.596712286432375727e-01
2.790704200718165051e+00 6.509008200799181187e-01 1.682328719064613010e+00 2.179576506224655041e+00
8.883927891886457262e-01 4.531565490530381490e-01 1.326104173775635386e+00 5.147021972579004512e-01
1.282365434697709583e+00 2.057027296901410285e+00 2.934000223342028146e+00 7.364574150716026724e-01
1.679631459175908059e+00 5.837772685900501912e-01 2.867781380506220779e-01 2.234365935691386529e+00
1.221846742001504893e+00 1.021927966574720070e+00 1.257202231155932770e+00 2.462099924195392031e+00
1.804823153778549460e-01 2.181174605463158223e+00 2.969557306304172695e+00 1.987143417867556883e+00
2.918742093495231504e+00 8.600735394601098927e-01 2.459824775572962530e+00 1.881720600025767576e+00
3.879890330215100824e-02 1.204412332770302824e-01 1.168791751852750638e+00 2.967504769349128324e+00
1.807720927706279568e+00 2.550396529717140481e+00 2.254401663916178578e+00 1.251977668883852424e+00
1.210519549522181881e+00 2.858123267859304928e-01 2.714602477696134830e+00 2.101200659534913306e+00
2.133305321345706940e+00 1.128222168144966675e-01 1.665157505081402700e+00 2.458476514869758933e+00
1.660173904056397642e+00 2.093572455251128339e+00 1.327514394176951829e+00 1.958937790122009526e-01
1.409487577106974587e+00 2.625689079588629404e+00 2.851482847249628527e+00 7.114418911603891116e-02
1.868697039007940486e+00 2.904171751432556015e+00 4.918280632469512748e-01 3.612362042777548903e-03
2.519360775771445127e+00 7.524781909971571814e-01 5.411315269277992002e-01 2.763286985797991591e+00
1.836734100138532666e+00 5.951320908727383285e-01 8.664484187655193681e-01 2.314394518321701621e+00
2.647382725087249700e+00 2.911101751306947261e+00 2.723529491563503324e+00 2.606473422904128867e+00
2.350106453057613898e+00 1.770869301265950990e-01 2.501927154500585893e+00 1.276521194212131283e+00
2.961292238942657029e+00 7.957203987328462791e-01 9.858617988145824684e-01 3.055880246823776236e+00
1.691213953880616350e+00 1.840955160767199894e+00 2.669337800836267593e+00 2.027247194300188404e+00
2.254116837019594755e+00 1.268918371003306733e+00 2.008639104400065101e+00 1.530145897220303919e+00
4.795301223289955561e-01 2.350286072182310448e+00 2.949595546050517214e+00 1.280873608887128201e+00
1.344852111659916361e+00 6.659876506494781800e-01 3.062769279023498381e+00 3.647635310258057761e-01
1.870087521188424695e+00 5.102260354043213209e-01 1.605060406227485137e+00 2.165030711797356400e+00
2.527114972922005709e+00 1.732962698340607011e+00 2.526932227412647669e-01 2.568465037387865024e+00
4.934002953307493611e-01 6.879520353026108426e-01 8.369132819279611057e-01 8.534422452804163450e-01
1.335739050055698041e+00 2.513949690848179319e+00 3.133109112871868884e+00 1.816558824432333186e+00
2.347066422722243306e+00 2.360029163163892107e+00 2.938172745134736363e+00 8.792463031124591044e-01
1.008414521694087213e-01 2.598029113232474430e+00 2.482369528215706111e+00 2.631271081187291472e+00
5.792564324286296751e-01 2.584268370932875092e-01 2.300359773232177329e-02 1.765585822320507425e+00
2.263345469523887044e+00 2.589303067304906669e+00 1.329094628309486659e+00 2.612396249388758918e+00
2.244907270011803124e+00 3.559254557078051495e-01 1.391602671016567205e+00 9.556648300744442492e-01
3.067161326263217802e+00 9.950262284465024587e-01 2.779790598692986059e+00 1.301967598795170433e+00
1.312757358336539504e+00 2.230120917548753745e+00 2.899878544883570886e+00 2.777737060174268802e+00
2.983855165713999558e+00 3.105728820212819929e+00 9.298950945587911576e-01 1.457888058918137775e+00
2.909603182408266431e+00 8.131171332063624746e-01 1.786491959526491424e+00 1.352972308327642370e+00
1.202505971080219255e-01 1.480934619319006273e+00 8.428047588180744842e-01 4.899942144421847723e-01
1.762897703405571059e+00 8.930858123538691906e-01 8.098260614502966748e-01 1.985163620250749883e+00
1.866873882462627865e+00 1.429045663953236289e+00 7.775588906082190332e-01 1.222447192254520143e+00
1.690717496253933971e+00 2.675463462530583314e+00 1.481983343191095814e+00 2.707708171052459090e+00
3.088928699218057350e+00 8.993538497087691930e-01 4.773361221506232654e-01 1.960275761306385478e+00
7.449420744829696739e-01 1.029073668647445955e-01 1.253003871814573733e+00 2.550805194789005359e+00
2.242415733050621807e+00 1.563188602204629074e+00 3.114999287028310526e+00 1.783515305637856985e+00
4.718577651439095355e-01 2.193471863924468579e+00 1.459764868853427933e+00 2.539221595017953526e+00
1.155653431303049761e+00 7.444507707594967272e-01 2.497717890685736686e-01 1.013236616582020355e+00
1.571967390006484999e+00 1.408576728555317903e+00 4.225773071888298538e-01 3.097379020090667900e+00
2.309980589880582080e+00 6.751590742552988633e-01 1.901806436440339088e+00 6.639317476781577687e-01
1.022613529978517066e+00 2.882913556768926799e+00 5.129589012451093999e-02 1.176407772808702346e+00
1.853101536587695275e+00 2.964461078185943066e+00 1.773299357212204663e+00 2.157692793394168529e+00
2.198946105596223166e+00 2.711923302524616552e+00 6.198881827404460754e-02 5.593284108869708282e-01
1.166709651319586261e+00 1.412624910675101653e+00 2.099107182097106783e+00 1.877291949089443968e+00
4.804630086152032742e-02 6.739320005339796138e-01 2.255875080562527835e+00 4.802653095609140665e-01
5.512075662710546053e-01 2.060727214855385014e+00 8.118770841304123742e-01 2.183198069977903444e+00
3.018627692307695565e+00 1.974941770023969312e+00 1.097719166246018618e+00 3.300438207793586209e-01
2.718174784374704167e+00 2.354498281695995010e-01 8.808742587420665959e-01 1.461136604521199978e+00
2.878786880507772317e+00 1.293168594857230236e+00 1.019652671482769390e+00 2.408952377340291662e+00
2.845916031482605302e+00 9.279418009378050947e-01 8.204190917862917987e-01 2.160197240951943876e+00
7.510285648927970958e-02 8.092497847838756031e-02 1.993284244777335346e+00 1.253756948434968654e+00
6.297413969649388044e-01 2.714239515291733795e+00 4.893534053084219182e-01 1.026786492275372442e+00
2.442063940651723275e+00 1.395620078858410551e+00 1.090083220404016950e+00 1.277464592349219163e+00
9.512196242018619019e-01 6.810393104985231760e-01 8.631871223680966931e-01 1.376665517605144773e+00
1.775419092371641083e+00 2.557307440287338807e+00 9.273602712708194362e-01 2.096818892483922170e+00
1.662271361390570856e+00 2.173146973420911010e+00 1.890036153434054844e+00 2.629955405886717834e+00
1.242697802092698200e+00 9.978867139533428299e-01 2.392957541989321424e+00 8.634056358704726986e-01
1.145248764441683331e+00 2.423645655943862831e+00 1.876422387133318104e+00 1.575194580265887989e+00
2.855575833151351439e+00 2.480099904688825019e-01 1.620531114026222852e+00 6.299492221449894125e-02
2.872938993712710776e+00 7.497661817030928377e-01 2.220711545450482216e+00 1.045336042675936605e+00
1.119233414845955954e+00 9.328955963404997886e-01 2.494745818376964852e+00 2.620773634933976748e+00
2.123864514324127928e+00 1.882133590529441181e+00 2.218489806808507492e+00 2.708745428187812276e+00
1.389890385230195882e-02 1.006583794512289076e+00 1.396171085412650781e+00 1.472319205379382545e+00
2.614120521210728576e+00 1.676492638840731297e+00 2.575086724766188162e+00 3.517136271407527159e-01
1.173848522979630271e+00 2.037116574000910341e-01 6.696981723954880117e-01 9.272880372467727783e-01
1.519628264759396163e+00 1.863685048172172065e+00 1.031791513013632228e-01 9.238981953306620865e-01
1.668612906667473528e+00 1.941938093439319335e+00 2.170301043951426756e+00 1.463825673666516503e+00
1.223061152973764498e+00 1.147492701470602672e+00 4.283281617035068489e-01 3.131203456746529667e+00
2.363770198094569785e+00 7.899497501739740635e-01 2.815987056460124371e+00 1.298859182653866462e+00
2.273839569519232828e+00 2.684502209174871812e+00 1.338179768346543508e+00 2.950411234990585108e+00
1.755335138889224655e-01 2.082281022260716430e+00 2.201838397370817990e+00 2.041713055248797648e+00
3.042429643100599268e-01 1.231926044351397964e+00 3.066719557348741798e+00 2.892397925238357814e+00
8.193006572902494788e-01 1.023642685228030702e+00 2.276217973837924902e+00 7.637288495266636446e-01
1.817614014208281947e+00 1.501319437591407402e+00 2.625150646147791367e+00 6.102850485195489005e-01
1.700454220787931403e+00 1.609455605095017949e+00 2.914496236958646236e+00 2.011452916322640672e+00
5.716882069527378096e-01 3.897425815601151533e-01 1.389714353154472004e+00 3.637233965128404134e-01
3.030642992798683544e+00 1.427865200264233581e+00 2.922694424272606284e+00 1.433895380442145262e+00
2.045630705548716843e+00 2.452119009412350170e-01 4.436849229460225197e-01 4.419574137878259368e-01
1.005527810024110735e+00 2.963373994858493621e+00 1.604569992395993960e+00 1.807997300924208295e+00
2.195883700714485187e-01 5.928772218816584783e-01 2.671994961582763395e+00 2.717950337741489975e+00
2.967809439103457070e+00 2.871474359523393804e+00 1.736278971934239301e+00 1.067274829274758474e+00
2.376611761673080192e+00 2.713550553039312252e+00 8.668607219470478298e-02 2.106265835849148726e-01
2.603784611766148949e+00 1.910576122451824066e+00 1.688512135481091414e-01 1.517157324820142872e+00
1.441470568685823572e+00 2.103882202419129932e+00 2.126134175612338861e+00 2.268491307213009289e+00
2.962156074566245079e-01 1.181843031640563702e+00 2.661999176955224922e+00 1.415061834323326995e+00
3.623656072740013001e-01 7.969102626268307343e-01 7.880334032810736300e-01 2.562390055625219709e+00
6.400358127911445205e-01 3.102296942907541433e-01 3.826525375681447128e-01 2.780385829252490115e+00
1.380433017307841626e+00 2.388593862251815914e+00 2.763560174358678179e+00 1.435189205327606077e+00
1.804186823259976702e+00 3.036190957891811149e+00 1.271521122991478014e+00 2.460786675776416299e+00
2.601983138130853579e+00 9.550927276566233137e-02 1.057324860307136127e+00 2.710810444926253560e+00
1.459437469180217217e+00 2.048850462680178008e+00 1.000392417544140322e+00 1.411764236639980519e+00
2.639263001796140706e+00 2.619480974930710637e+00 1.815565229333714115e+00 2.208270653661263516e+00
1.548356359367775381e+00 1.238571205015400079e+00 2.773627264387670266e+00 2.530587919252420104e+00
1.939985939347080413e+00 2.824724415045429815e-01 5.103343533514134722e-02 2.980074884228731236e+00
2.482310135991382671e-01 1.843661417794620672e+00 2.392339689301153260e+00 1.411167337452906123e+00
1.174471030827058060e+00 2.583753411387922430e-02 2.806509746903067093e+00 1.318334614679046890e+00
1.968324780542691554e+00 2.297953335927855445e+00 3.112815198497350444e+00 1.837047824598422308e+00
1.736722270020142345e+00 4.107829608047454673e-01 2.229921354533708211e+00 2.662267687792724047e+00
1.668171480908752224e-01 1.162571241272754019e+00 1.538930140413536707e+00 2.730334697516236364e+00
1.033568981435853296e+00 1.922192507858232924e+00 2.314654205972215828e-01 2.935333811345652411e+00
2.055205693100445874e+00 2.540109443484999563e+00 6.000544873717527095e-01 6.139325334549033952e-01
1.035521010473535730e+00 1.802528254330570734e+00 2.424631807209793877e+00 2.099517726648393590e-01
7.406366640680355218e-01 1.438980428242800480e+00 1.801349644875533285e+00 1.964110490776687534e+00
1.508388652391043916e+00 1.184106187139110311e+00 1.901216127409015799e+00 8.725551047289688000e-01
2.533710549908698262e+00 3.655939745659347317e-01 2.375978955807963811e+00 2.088281228282059310e+00
2.480785834210110230e-01 1.397113648456823842e+00 2.399397911978315534e+00 4.144584176723170588e-01
2.661457938486895713e+00 5.765613593698527828e-02 2.539285365513098913e+00 6.278886631033064880e-01
2.657013778197446552e+00 8.114247691513405414e-01 3.095302673488032896e-01 3.006959045730168256e+00
2.043408327176321038e+00 1.076521876519963117e+00 2.392503745314989327e+00 2.278271650311241903e+00
2.230489640075810520e+00 1.604775515401887009e+00 2.243341449299307122e+00 5.306551997130928289e-01
8.882186661986253284e-01 2.442901927171543974e+00 2.846173574801188266e+00 1.908599233902380510e+00
6.286402989404410446e-01 3.001444641098157007e+00 2.889379831665890297e+00 1.777169137507022212e+00
5.099241530626335006e-01 2.918409635881351161e+00 7.229534682029137294e-01 2.270569336463102328e+00
2.586939724512878680e+00 3.035337719627122510e+00 6.054953849965131196e-01 1.482119361278661396e+00
2.510867672789771077e-01 1.031991781415062093e+00 3.665726194219104395e-01 2.288824565866505623e+00
3.103923761158035588e-01 1.218290839429012618e+00 2.421631211540649087e+00 7.969734018684375698e-01
7.939744644584353361e-01 2.410125810934716561e+00 2.917217563897072541e+00 1.200091774506514497e+00
2.035209542699843777e+00 5.497307462701824798e-01 2.744426496600453014e+00 1.575651323516621405e-01
2.120217847064030270e+00 2.517572516661257698e+00 2.244474903269018995e+00 2.294163858350787955e+00
1.094391704296830747e+00 1.790899147170616157e+00 9.955568710425887202e-01 1.383877150452058835e+00
1.350034975762712364e+00 2.989589148956489861e+00 2.823155468044328931e+00 5.684504943320292103e-01
2.593105440580505405e+00 2.735846893294200388e+00 2.972600938216268252e-01 3.110414429469507525e+00
1.194250984025023721e+00 1.275854533361232335e+00 2.869702761638089239e+00 2.749859100839050274e+00
3.256972138190361021e-01 1.478622289311205540e+00 7.069728642756714088e-01 3.171839144533322719e-01
4.795401152659372612e-01 7.550482790160044366e-02 9.967460574564470654e-01 7.723252547877286212e-01
1.524354057082024649e+00 1.542049945543855216e+00 1.461924901134057375e-01 1.183784023149876408e+00
7.142314888658185534e-01 7.430276208350318212e-01 1.242446885386794264e+00 2.573210957228505347e+00
2.161939772142262406e+00 2.148199013612749564e+00 5.931124232211117953e-01 1.694867365941083337e+00
2.720501960161501032e+00 2.179615737523715069e+00 1.592977571252873537e+00 6.541227979609631760e-01
2.275338700974751660e+00 6.673340118241138930e-01 3.429540373767009931e-01 5.204885515925447015e-01
1.207199595129113456e+00 1.629077249933337690e+00 1.579644126541530413e+00 1.900467397269793302e-01
1.764343565050998430e+00 6.034678802892533556e-01 8.657891251490953399e-01 1.932889914182922553e+00
2.243527695869939720e+00 6.697191681348010350e-01 2.224425335612833177e+00 2.481405211937978805e+00
3.404554310118417804e-01 4.417239071497056080e-02 2.081214955289320212e+00 2.171967728996210045e+00
2.495661579002228792e-01 7.210182739383527162e-01 1.222982321702981823e+00 2.055497388032186123e-01
7.116034326213700467e-01 2.154503486362426279e-01 1.153834871350355007e+00 1.785271794818115820e+00
5.672758788974592292e-01 6.537597716817802329e-01 1.720715668330644599e+00 2.668790396559955536e+00
7.868033515212017326e-01 1.417564141208001116e+00 1.716054015084274686e+00 1.628472888665840168e+00
1.023554263050559632e+00 1.620930284075894567e+00 2.165109862767234716e+00 3.754659485257927365e-01
4.733134181997522560e-01 1.003348108933662441e+00 2.476536634070207299e+00 3.987123655284914858e-01
1.566478828282082958e+00 1.780719696442990552e+00 3.115156873514875802e+00 1.447090574746673908e-01
1.562703675095513001e+00 2.320930249406950807e+00 2.742896927723053935e+00 5.340399592220035352e-01
8.333550165610046356e-01 1.854650521037463973e+00 2.294310929353821749e+00 1.605850005726728424e+00
1.891037290998105691e+00 2.010068922511975664e+00 1.811456050411700103e+00 2.324415847527887991e+00
1.637226406024256065e+00 2.298547885670723101e+00 2.881845118615883106e+00 2.321466345228529349e+00
2.194817357703296445e-01 2.576219667349372244e+00 1.363723387980538382e+00 2.525067163959731520e+00
4.593514386501863778e-02 2.858016748291954734e+00 2.445200076545095969e-01 5.027262337995216379e-01
2.835708766990425733e+00 1.492538922258472012e-01 1.673119077134413768e+00 1.242183047782226879e+00
1.363401265864942591e+00 2.724389648690332066e+00 1.009723059063783346e+00 1.969719827876695195e+00
2.384030238700365789e+00 3.404017628904206783e-01 2.773989772904455364e+00 2.993869082357794920e+00
1.397080389770537501e+00 1.755167806964694099e+00 1.676937138401134009e+00 2.058040227551899637e+00
2.412448595137397511e+00 5.935379235918408769e-01 2.294239025516337627e+00 1.430134163545550806e-02
2.337511713631035271e+00 1.822428511784649041e+00 1.979729401661502575e+00 2.804273217083742331e+00
6.004265919462026257e-01 1.472011051238588886e+00 8.336578956368670967e-01 2.567738692827212788e+00
1.385807332048172524e+00 6.683460693751069881e-01 1.937940055850055243e+00 1.057911862695422922e+00
1.781353792181138498e-02 1.673301936358164266e+00 2.017442453856139295e+00 1.492846662614470077e+00
1.633934236087285941e+00 2.869396565555265344e+00 1.590199072421162763e+00 4.139989990497128791e-01
2.459589510320260963e+00 2.483400539463104462e+00 1.582566640179366546e+00 1.713043332245893779e+00
6.056919278901183867e-01 1.067830617354028622e+00 4.014843880433503487e-01 2.191645226482286990e+00
9.365548546372058913e-01 3.844969646956097331e-01 2.906695379663891687e-01 1.758047642606795691e+00
2.646058052530299243e+00 2.277871474066746948e+00 2.584237381899287200e+00 1.230631556344869093e+00
1.608287829625771659e+00 1.872916870184838434e+00 3.097162198841267935e-02 2.131678390119440714e+00
9.820075749120605879e-01 2.029335157652659039e+00 7.168273352146730115e-01 1.632021477957203981e+00
8.119777945107011785e-01 1.512685589004255371e-01 2.150827506415407875e+00 2.484415820592546620e+00
9.193696593883610158e-01 8.519515219409960760e-02 3.992434301566478716e-01 2.357613510215069930e+00
2.844965718365210616e+00 1.037226904038207165e+00 9.552986840691716219e-01 2.063740144521009956e+00
2.141516058707421344e+00 9.253073721400040252e-01 1.035202034499118851e+00 2.301174287839222732e+00
1.241895678543930293e-01 1.466655697962256477e+00 3.098648422970222249e+00 1.265508494473724932e+00
2.397523499049391660e+00 9.400993702154661902e-01 2.496823322328664663e+00 3.431481223030368177e-01
3.031820443961403821e+00 2.434734728490602684e+00 1.177170509469672277e+00 2.384040107345911430e+00
2.871740716828215856e+00 1.167751433183763232e-01 7.877931881260717972e-01 1.888128660571391171e+00
5.557820197572687082e-01 2.972673002745848780e+00 1.340129721719344191e+00 1.614438192765671243e+00
2.811231254145296621e+00 1.887436515594109077e+00 1.246083463929601010e+00 2.098101204012376431e-01
2.629992953014224977e+00 2.023978529453483777e+00 1.405657504486962139e+00 8.261647202913401378e-01
5.370979335467855886e-01 2.672347891930924479e+00 2.564208123086816560e+00 1.252769362108714812e+00
1.324007718188177751e+00 1.212721400992838650e+00 9.107597634412079035e-01 1.454324841576208671e+00
1.636600054657998848e+00 1.791377371470031177e+00 1.156689799951022390e+00 2.952111195284168321e+00
1.033863887766719891e+00 2.094016378372785425e+00 1.958283693946768711e+00 2.242075836135558831e+00
1.138599851743129054e+00 8.587063125062438518e-01 5.058393104425414899e-01 2.326256999908727696e+00
5.772529312852638927e-01 4.143547294852967799e-01 7.716795337563366886e-01 9.432545430832650624e-01
2.730804519099840011e+00 1.669064306559673749e+00 3.064544247283417899e+00 1.805295530047837271e+00
1.784704438356392586e+00 1.513404983677289595e+00 8.152567105465258201e-01 1.237132226349103137e+00
2.846118910701263438e+00 1.499978436231347079e+00 2.230348465657766788e+00 1.020105956694155935e+00
1.250038172442838658e+00 1.575146798444634566e+00 1.354391597609589382e-01 1.819771285966155894e+00
4.543001501758054950e-01 2.235056831269612410e+00 2.227867953457195682e+00 2.715989574594966260e+00
2.741609420891197413e+00 2.857447758906495494e+00 1.038378354629270195e+00 7.100985367810045412e-01
4.226910873776294486e-01 1.341854152900792130e+00 1.768668683636128947e+00 1.347059613127436162e+00
1.864618863237677227e+00 1.414176985639296724e+00 1.985058244994683196e+00 2.553479798055265260e+00
2.317242061944212672e+00 5.110469271781939993e-01 1.842911437794543472e+00 3.759278791093453864e-01
5.095998071570536636e-01 6.327553869490272209e-01 2.985401582835294221e-01 1.877369391084170447e+00
2.151552119230893290e+00 3.065036677045398950e+00 1.700090105760349024e+00 1.902117028006607091e+00
2.966539716435725449e+00 1.622598893319497693e+00 2.670487227185937229e+00 9.735907092214656222e-01
1.602068301649404169e+00 2.510899381145797360e+00 2.003038485851715012e-01 1.662781753520190531e+00
3.056601566722938923e+00 2.534032741778593056e+00 1.231622773313708619e+00 1.819547919601808283e+00
1.725773993665639328e+00 1.627229213275068531e+00 2.098005151273505842e+00 1.239405109562706331e+00
3.040566652975973394e+00 7.306979109150807394e-01 6.561740394241957208e-01 1.990624607183546280e+00
9.072398530702453501e-01 1.856310883495869701e+00 1.662237165571276210e+00 5.565306021336191566e-01
3.336653709264082446e-01 7.995476915120336425e-01 6.848097537578723415e-01 2.024321573571020938e+00
8.754189308840698569e-02 1.378466357859011726e+00 2.707936676096660999e+00 6.228668588480106294e-01
3.770794228980644536e-01 2.818982262113595816e+00 2.723570546457988684e+00 2.044734613357673148e+00
1.732665843485784007e+00 1.000715780543327993e+00 1.800373944995433240e+00 1.174329456046300235e+00
5.677195887318956524e-01 3.168227536951766510e-01 6.917918399842946098e-01 2.276101175172100977e+00
1.992321522137182832e+00 1.065915042591404571e+00 7.688752179712595725e-01 7.626178380579402838e-02
2.879063934365258870e+00 3.079913636870720950e+00 4.571399558710252387e-01 1.826222120513860236e+00
2.833107519614911585e+00 2.341935116220136948e+00 2.527721976094961409e+00 2.662960633030658109e+00
2.712947740975917288e+00 6.531518565370452167e-01 1.996781926812824182e+00 2.080094946199852135e+00
2.437104651556356860e-01 2.929866774825082842e+00 2.502611662378456447e+00 2.264883738915560940e+00
2.131124968065798431e+00 2.480493761061083990e+00 1.970298786743306607e+00 2.075598402199584636e-01
2.438493713112763306e+00 2.250346000631857635e+00 1.163423171431343883e+00 2.032496638401317224e+00
9.294599756636244825e-01 2.058968488323675849e+00 2.575343919655217029e+00 1.669216555818768155e+00
6.132835893244319436e-01 5.567132244835267807e-01 2.520219258809953011e+00 9.081425815446013683e-01
2.415171097031899361e+00 1.605127324636610675e+00 8.335212538946444871e-01 1.891727657683343944e+00
1.188598299740631026e+00 1.693961837858684039e-01 3.055474886345915575e+00 1.239380431999029142e+00
9.226767876768009469e-01 3.120774037777925169e+00 1.081994976803613451e+00 1.192752123881788862e+00
1.300838993081438133e+00 3.417853803432569504e-01 5.304018711003948283e-01 1.031529285454723777e+00
2.964399605404132831e+00 2.245720929359543039e+00 2.107856632207949499e+00 1.444238224022420525e+00
1.022221741827927577e+00 1.613644419312697309e+00 1.852009810572419646e+00 2.434556133503733566e-01
2.768184686313448939e+00 8.548848948179543772e-01 1.407599911624157984e+00 1.894684859795882359e-01
1.565175751546620031e+00 2.501351088891659913e+00 2.784556008694908158e+00 1.340416372942969003e+00
1.220953408448503641e+00 1.264194470569205642e+00 2.634490442171706359e+00 2.434909132630033834e+00
1.016235470063427959e+00 2.170755349570580695e+00 2.894641750102275868e+00 2.700601719394053912e+00
5.588830819857327353e-02 2.757607593400191348e+00 1.047889691333480755e+00 3.404281806618934120e-02
6.658923240922025588e-01 4.076155168258742689e-01 2.542220587329786508e+00 1.200552660405622030e+00
6.170826324910000382e-01 8.660797098689897444e-01 2.792718939501122044e+00 1.892698402058770935e+00
2.134065627726672076e+00 1.994479644185000122e+00 1.539396462468099358e+00 1.938571541119064712e+00
1.448050773606295083e+00 1.110242105637534005e+00 1.431457012420811914e+00 8.682054372772052275e-01
1.025291288273437518e+00 1.827994155497276951e+00 7.357467515429683136e-01 2.162138457916217948e+00
2.318167074846253950e+00 2.819290167940095682e+00 9.929586625844678549e-01 8.204271596342438411e-01
3.117512688030077861e+00 2.733929539243203699e+00 1.444394936635077453e+00 2.658180010805519355e+00
2.751001608321316017e+00 2.433053266690265559e+00 3.653250417531241911e-01 1.319956180518693678e+00
2.006148332674237089e+00 2.270257098330441980e+00 9.251380959638050294e-01 2.112445793884570211e+00
2.148198276824350827e+00 8.874184739809960476e-01 6.679463908660020488e-01 5.156295567401362190e-01
1.000169012626410892e+00 2.680871348918625330e+00 2.030144498390522134e+00 2.852867582127815549e+00
1.163640968813187904e+00 1.083258682262481232e+00 1.778804836437962167e-01 2.152727587503258544e+00
2.462026050538226762e+00 4.502399924374612117e-01 3.834525823442738734e-01 1.065816920559578440e+00
7.215258238387921574e-01 1.766944768552571654e+00 1.842200311990924988e-01 3.032375968187083881e+00
2.982446067596535855e+00 1.069851955356698303e+00 8.103655296257485929e-01 3.090399422712965194e+00
1.964794693538648218e+00 9.779206647935801966e-01 3.067496017874579817e+00 5.773859147231530375e-01
5.064831432969963965e-01 2.597505956994057286e+00 1.884553226668157500e+00 2.419380024360122672e+00
1.988784461988725383e+00 2.700672261221710002e+00 3.261293148106782502e-01 6.294296307906201982e-01
1.294485088618803958e+00 1.394094285358145058e+00 1.618201754984885721e+00 2.234587066427689006e+00
2.774793067057711227e+00 7.156549890941805714e-01 7.455924541626912649e-01 2.388928996158093288e+00
2.233510538917359511e+00 3.019764025632385232e-02 2.982800364935136894e+00 6.074170875146202020e-01
2.089615688121128745e+00 1.750387679030926957e+00 3.082595979816272980e+00 4.846993912988682984e-01
7.603768547406792866e-01 4.965313576172538657e-01 3.065557335938821737e+00 2.677955958852686891e+00
2.929801698160806378e+00 5.564138125473511165e-01 1.532617854594491069e+00 2.632008461856693682e+00
1.062407458385006831e-01 3.133483929290541425e+00 8.649179530994213216e-01 2.442197706545149671e+00
2.349054111520164412e+00 2.222502395876472914e+00 2.461336379302187627e+00 1.641045376440649850e+00
9.635979122726122670e-01 2.021606793104456123e+00 1.312391907330421548e+00 2.249356419550907038e+00
2.294824836089813580e+00 2.537532308395951119e+00 9.861955531975249989e-02 5.640735555058655759e-01
1.043812250899193383e+00 1.408319529971571615e+00 1.017791109142402783e+00 1.813040059809686966e+00
2.871924666264467518e+00 2.009221775986146596e+00 1.471846930881391069e+00 3.394255114642106830e-01
1.985398503715551044e+00 2.878887819996971853e+00 1.301048767767205128e+00 1.327035084146630961e+00
2.080587932288786135e+00 3.556885739202915730e-01 2.715738031117740370e+00 1.999616333803234669e+00
1.356433015191529590e+00 9.304987117942941088e-01 2.705575608412488453e+00 1.929493450625137996e+00
2.132403957759206659e+00 1.538373881426416512e+00 1.756316793845741353e+00 3.484921494274765275e-01
2.308354312191421176e+00 3.226143349917354186e-01 1.888851775152235568e+00 2.451715268372240075e+00
1.202305441910294981e+00 1.926225190234628570e+00 1.078630433796746724e+00 1.766088571236718474e+00
1.785041832036951881e+00 2.686389028199951401e+00 4.081712754873083604e-01 9.027771991551960529e-01
1.076765173993130098e+00 8.390774449217867081e-01 2.910065951195829559e+00 2.407739209706808214e+00
3.111810410970261120e+00 9.923358312392758229e-01 2.538218471297749579e-01 2.565790552187616314e+00
1.803414251723863826e+00 1.822060275484733038e+00 2.131852114667519782e+00 1.327485045362585048e+00
2.547554917712667955e+00 1.435098874172111127e+00 1.888706132265326687e+00 7.746693959378550542e-02
1.262647452425713190e+00 1.797875818867167963e+00 2.097568240411469276e+00 6.926325683408641742e-01
2.393081985100266706e+00 6.154712684472266604e-01 2.045763479532314300e+00 1.005093504025383666e+00
3.103518378404683808e-01 7.539880453328530185e-01 1.877284632429431221e+00 3.015760245164151865e+00
2.620211881571110624e+00 6.826383398117327195e-01 6.400093793669027198e-01 1.932397820780453079e+00
2.521656137460087876e+00 5.213158573313823041e-01 2.420371766849657824e+00 1.731439028324785578e+00
2.359298553689541667e+00 2.238751056426095953e+00 1.050055573851589541e+00 5.971878936054902942e-01
1.309358904877371943e+00 2.322039357710909968e+00 1.519753972928847396e+00 1.431245820990511286e-01
1.778456072364899665e+00 2.688853940787346186e+00 2.080628351557820555e+00 8.416539211868151460e-01
1.272120864263360129e+00 2.383403847800232178e+00 1.183379272381211322e+00 2.412906273114196143e+00
1.167484512810665009e+00 4.762232720241844908e-02 1.262334205428473632e+00 6.662277641259527483e-01
7.482096302345841998e-01 1.964609512710749906e+00 3.106469125649732099e+00 3.098841764436228718e-01
1.070933932240289099e+00 4.465903804807329069e-01 1.620213586175097031e+00 3.209040808767683051e-01
8.839646402895869892e-01 4.289011408493931254e-01 7.797790944506582944e-02 2.647267876691540067e+00
1.430208091643123819e-02 3.089626766475841446e+00 1.529095632295783269e-01 1.346827797220057743e+00
6.875735710131946066e-01 7.861915905918850367e-01 2.328264827534565207e+00 1.038489562161537122e-01
1.458809437989926128e+00 1.451977662894730958e+00 4.316700895313292374e-01 9.863083634755273055e-01
3.126332953514602497e+00 5.186897717652017015e-01 1.540426126413599217e+00 9.622266907090774035e-01
2.667993601403273463e-01 7.450379145551790927e-01 1.237946439110306995e+00 1.796811913573772346e+00
2.064498946164408988e+00 2.501396685651527285e+00 2.311507995675655264e-02 1.559812047987832129e+00
1.608109713758963499e+00 2.975901294289792220e-01 3.134113010638140295e+00 1.857975496656499859e-01
1.622494221763025601e+00 7.130217966887957282e-01 1.658059555131904172e+00 5.881631702149889840e-01
1.751697954987492922e+00 6.151267092630506583e-02 2.075720998847807586e-01 2.753166952849432914e+00
2.414696517279245835e+00 1.082667056353656898e+00 2.722796721394592723e+00 1.744716490716035351e-01
1.715916210646069917e+00 2.073063542671632398e+00 4.348696064966995345e-01 6.861556283968840431e-01
6.119499903329633089e-02 1.406303484453836239e+00 1.623013116865131611e+00 2.657284404169587333e+00
2.834226226985755992e-01 1.855626671367517355e+00 1.556998392460430480e+00 2.628032778259937530e+00
2.518693588862489507e-01 2.391823138208600596e+00 5.573601436510587648e-02 1.614142216906384819e+00
1.110177348334104586e-01 9.301881552284897714e-02 4.190180044638804890e-01 1.333338464850027716e+00
2.949699368456966564e+00 9.365717565505345954e-01 2.872040556310508475e+00 1.004577936820664208e+00
2.129854398374717295e-01 6.930870234967235755e-01 9.942646274915718507e-01 2.856786609067975657e+00
4.094815000983168529e-01 6.719608041615455774e-01 2.063515341294364092e+00 2.853462291699533360e+00
6.705451852310192473e-01 2.211988220419652595e+00 6.187162429672866948e-02 2.036877993378356955e+00
2.699274873209564607e+00 1.277698464123967259e+00 3.023285769624987740e+00 2.586523307924834203e+00
3.051579319434893023e+00 2.767726803259487944e+00 7.003578798262444227e-01 2.918630828644193986e+00
1.902796848987022837e+00 2.622045033483771270e+00 1.400379323784625374e+00 4.670162604953004282e-01
9.649448332360490710e-01 2.299807773628536278e+00 1.398036101967444989e+00 4.049450520354742622e-01
3.063222449226553401e+00 9.158293584210118743e-01 3.065902636893208744e+00 2.125055314702958942e+00
1.299792985941467416e+00 3.408323694992319575e-01 1.524201392111732334e+00 1.752834505012451416e+00
2.592538637137972390e+00 2.184913448790110291e+00 1.497654804030864151e+00 2.787057798098728778e+00
2.508345594175310556e+00 1.525396293621428256e+00 8.145222771988144261e-01 1.081377877650227859e+00
8.265906310225580311e-01 2.132194616890019212e+00 2.843145386301532351e+00 2.743800337706561177e+00
3.101629697837714694e+00 2.523194523524751265e+00 2.194312348629114506e+00 2.994025501417904689e+00
2.165550630183816494e-01 2.959699958969134403e+00 2.050751390847831424e+00 2.565427353252138776e+00
2.808882797026317046e+00 2.957628244658308425e+00 2.970194355795305885e+00 1.173624618760114702e+00
5.389225413476267379e-01 6.398206384993566920e-02 2.358809557237175891e+00 2.381675626779235166e+00
5.028989269083749408e-02 5.199086592401528512e-02 9.303532887955691111e-01 2.884647884871847090e+00
1.957326032653695647e+00 1.289021333333717489e-01 3.038905492279686538e+00 1.229753508634059411e+00
1.186601091192564628e+00 9.826783154409575172e-01 1.464784311042029552e+00 1.917931991399514757e+00
2.158339373773006109e+00 1.398120287536597672e+00 8.157792580359775059e-01 4.389154669855568347e-01
1.076711091031594458e+00 6.248655225208330499e-01 3.110600986694205261e+00 1.105261487391256292e+00
2.691653717626738107e+00 1.555441911880577066e-01 1.473263652444678939e+00 2.728058575278035081e-01
5.443993592869121878e-01 5.928469983346258410e-01 1.003786204454300668e+00 8.097483068920781069e-01
6.363513632354280691e-01 4.947746476505089364e-01 2.678034889731205848e+00 4.565771063922065276e-02
2.958621542510956548e+00 3.940935826905319628e-01 7.161890725841599803e-01 1.150921972547088064e-02
1.583538984874663047e+00 2.404223904892359154e-01 1.894168927021484317e+00 1.742821287600978764e+00
1.884381971653166232e-01 1.327337510888767502e+00 3.587101464467603029e-01 2.182415999199132095e+00
7.168469730880452362e-01 8.666609685517719930e-01 1.973710749152294053e+00 1.056252193737760692e+00
2.899217923574584965e+00 2.206688182052116143e-01 1.661224412945464968e+00 1.169334525540888681e+00
3.044912351922681282e+00 1.590941890485872312e+00 2.458010802172479359e+00 1.558117728456901441e+00
2.773872735386456956e+00 2.978763597938979935e+00 1.347180288723682229e-01 3.084135591062375781e-01
2.284357271138431233e+00 2.580732265336694642e+00 1.436433798994380284e+00 5.315921482155578914e-01
1.481210532990283157e+00 1.943877322959677301e+00 4.897499426727144334e-01 2.915652639904362964e+00
9.645000563628575163e-01 3.120102837618457858e+00 3.135707637083038346e+00 2.718845583348016515e+00
1.815051770262669395e+00 9.573381030463985475e-01 9.333857772694241772e-01 3.105968870751682154e+00
2.022181844152267427e+00 1.827798747982417371e+00 7.734899262221475724e-02 1.781937921659511259e+00
8.280247248194453832e-03 2.652918857076085324e-01 2.834344792552439429e+00 3.428369675533100569e-01
3.705408917621336173e-01 2.407210449883351977e+00 1.750351512975675261e+00 2.896705394559905500e+00
1.261603325553856791e+00 1.432187361659668090e+00 1.965474882547309232e-01 2.516976565463168392e+00
2.963284370206139773e+00 1.047513350275671051e+00 2.179189391688264976e+00 1.658197507426170558e+00
3.122372904951938644e+00 6.949768389386811185e-01 7.737749371698070533e-01 1.443117691800806401e+00
7.691729411611319955e-02 3.135680815911820130e+00 3.566355960254708468e-01 6.389912966862588695e-01
1.679907096550855128e+00 4.788956637222506196e-01 2.493010411508649327e+00 9.907238995001892423e-01
2.364372641965116095e+00 3.603348401407521218e-01 1.234331935204186603e+00 1.682873053077601266e+00
8.404955468007053732e-01 4.720967846974035709e-01 3.056501718733847017e+00 2.918826775599043799e+00
2.477881602737395550e+00 1.763414389431101847e+00 1.717645756906564181e+00 1.763542231840878216e+00
4.327639003157102149e-01 4.069090429983481805e-01 3.066296156601316270e+00 1.920689411591946394e+00
3.048884972467673204e+00 5.767920100575771869e-01 2.164496913070129480e+00 7.634683789373539753e-01
3.651034893782681423e-01 1.936512395838070999e+00 2.570734230985976865e+00 6.459499402730090045e-01
9.216485454718472692e-01 4.631219714927229392e-01 1.297867856820219323e+00 1.786393618113832682e+00
1.920424404994591994e+00 2.560673378594429561e+00 6.873356459486613668e-01 2.578240359842276952e+00
7.681472936457220957e-01 2.436879884518522665e+00 1.780678192815940086e+00 2.211274775314464591e+00
4.293833115219826690e-01 1.195589465962821063e-01 8.762856208129119473e-01 4.458904482891847820e-01
1.166745234613070448e+00 2.790700827972049325e+00 7.396603658456613051e-01 2.535756068993600731e+00
2.297108807586537016e-01 1.030840944826483474e+00 2.852759802206983775e+00 1.563847262451937503e+00
1.378732867456448963e+00 1.381970850915448690e+00 1.559400539960000609e+00 4.285294075558814253e-01
2.026644282122160412e+00 6.736522089332389607e-01 7.216059962671554917e-01 1.689054131771192457e+00
2.193458281904523854e+00 2.872415686588910333e+00 2.497167748464994119e+00 5.124882182607435332e-01
2.673795418620100062e+00 2.703128350370504474e-01 1.441131808407336345e+00 2.201017774724419951e+00
7.968580485698307792e-01 1.351614597030084353e+00 8.741119162818021815e-01 2.352271067023784745e+00
9.793145518218805412e-01 2.109419607051099987e+00 6.581591596639382313e-01 1.605339116559041823e+00
2.563657314309323532e+00 1.018714733543023776e+00 1.538198935342159457e+00 2.340136208893790037e+00
1.221523662844903990e+00 6.991866371158523830e-01 1.715225587895525594e+00 1.138995195162518237e-01
1.881832769108988446e+00 8.188497816949604768e-01 3.091604136419395576e+00 3.123194896606282800e+00
2.475607949251426909e+00 1.413880148955856342e+00 8.271446755006619522e-01 2.950333983578749653e+00
2.589211510061669053e+00 2.134105237370080399e+00 1.266523946387383970e-01 7.048921583375900024e-01
1.245348966765077225e+00 8.659722409295477208e-01 7.108205764882502553e-01 9.998659595690289059e-01
8.628918807954356618e-01 3.023769300126302184e-01 2.737810586239886046e+00 2.233108237761008752e+00
6.639667510671775075e-01 2.578710641155692596e+00 3.017326987128673643e+00 1.013388214654300512e+00
1.023323654890249124e+00 1.509414890493519401e+00 8.470581634279794603e-01 1.836867707178072573e+00
3.073044273222883760e+00 2.808323379193330194e+00 2.742678941408219551e+00 2.898245673649667564e-01
2.359326548268620982e+00 2.648028763285756870e+00 2.613395355679255960e+00 2.738515646202344556e+00
5.292829515157182474e-01 1.608762032000810915e+00 2.755439547384648247e+00 1.898927398702330960e+00
2.412481879039781063e+00 1.411631895628907840e-01 4.352661955938354199e-02 1.404987638639085823e+00
1.186086401236859267e+00 4.644614847758462006e-01 8.065075456349336536e-01 2.084477855982721284e+00
1.748185089932795089e+00 1.247208323566873611e+00 2.150011553208646564e+00 2.851007677455680067e+00
1.839695033289555415e+00 2.424924289228630681e+00 1.010113824248255021e+00 7.256968549454995143e-01
2.308580229410575058e+00 2.819070638965377906e+00 2.789093602255425797e+00 1.500583233362616120e+00
1.489094296957837127e+00 2.662748870964207981e+00 2.611982666570818790e+00 3.124897765180477460e+00
1.084264408767190435e+00 1.199554948495103357e+00 4.928893646380288485e-01 2.679030227479725745e+00
6.638521564611628012e-01 6.667363492502499378e-01 1.839552821824658457e-01 2.006246702674494120e+00
2.667843606367984233e+00 1.375000975797400216e+00 8.414511958844077544e-01 2.327493469398463688e+00
2.427815399410986341e+00 2.587332031901714569e+00 5.594564019728246462e-01 1.697316527882086756e+00
4.822522976575612241e-01 2.316536729990683607e+00 2.232435168023162220e+00 8.747981292213264926e-01
6.491715112348286354e-01 1.678630890589336566e+00 1.655321675689394034e+00 1.038376201135142507e+00
2.717731826654102623e+00 3.111623126077609491e+00 7.251675915032720354e-01 8.137528145167781668e-01
1.165140515721013292e+00 2.601143413944590588e+00 1.323670940645379490e+00 1.276431672716512367e+00
4.312413972195566214e-01 1.290348565622136512e+00 3.054731828850806852e-01 3.040463326913216857e+00
5.525476692079839269e-01 2.294956817579586250e+00 3.033336708064895415e+00 6.556242108377476896e-01
2.955914258274308537e+00 1.580159474882159909e+00 6.904922252347770462e-01 3.748855273261713639e-01
8.170029772066847995e-01 1.907143071614801011e+00 1.650018063793700307e+00 2.418526769142681498e+00
1.200737483571490349e+00 8.746139359491127419e-01 5.220361111895421846e-01 4.293921122786574229e-01
7.274562289408831317e-01 2.333411310916514214e+00 7.862218624767194353e-01 1.044811675810767504e+00
8.465994165350254619e-01 2.603571045103032056e+00 2.976999314515104356e+00 9.743495285916896620e-01
2.941945204473874753e+00 1.198422630065965278e+00 1.693518427403108539e+00 2.991291887027006435e+00
1.493252432521651629e+00 1.610816524591012433e+00 4.177471867174887277e-01 9.214516870825165684e-01
2.912265896255167075e+00 1.640523369743611126e-01 5.391958431028931464e-01 1.142515954100301601e+00
1.719916144927580715e-01 2.085406005889416381e+00 1.814498859415798027e+00 1.963226209728615501e+00
2.676048499610953701e+00 3.012243506900531553e+00 8.307943681538204617e-02 2.863389757675529168e+00
1.908461251984888030e+00 7.785063254091975082e-01 1.554955917946379662e+00 3.124707828826244760e-01
3.216921028438040064e-01 1.381305879691802296e+00 1.092431796363557028e+00 5.236192293550467891e-01
6.401041443649382878e-02 1.367171101382866238e+00 3.055749217435727694e+00 2.542801114573844501e+00
2.253113576464303325e+00 2.047176437109040403e+00 2.768426363471844454e+00 3.106574075697886794e+00
2.168900773829301354e+00 2.893207459232310375e-01 2.487769280496636704e+00 2.215463984816838039e+00
2.334191250090744685e+00 3.074524061417159615e+00 9.656425781339541548e-01 7.187023910595081722e-01
7.859613487572931767e-01 2.114082839825296656e+00 2.391476655089688652e+00 3.053423305902511209e-01
3.997701069958284892e-01 9.909509230413170444e-01 2.715225358455813365e-01 2.309400945344985079e+00
5.237307760291946002e-01 1.590207749852489805e+00 2.885410566445264280e+00 5.089836296929214354e-01
1.866744121219139130e+00 1.711980151723258459e+00 3.070702778073305161e+00 6.944909084560620949e-01
5.828404697138270807e-01 2.415053140164828527e+00 2.563358715073060790e+00 8.298082980811624099e-01
6.477558492210903074e-01 6.450497966176844677e-01 2.171901827542360941e+00 2.785201082113015758e+00
1.138847382380733242e+00 3.016961757612287798e+00 2.047060565558345147e+00 3.038922986434852369e+00
2.397467753673887536e+00 2.623819654983592375e+00 2.860698728289642556e+00 3.304846115702955722e-01
7.105844219248538263e-01 7.365463464450885400e-01 3.224037918484466969e-01 2.965060823434986781e-01
2.954969304955139542e+00 1.897042177470990465e+00 2.155321539878852555e+00 2.526748212871726462e+00
8.756180886648250172e-02 2.913644408118238882e+00 1.808171328465574934e+00 2.353181542114739067e+00
2.255404957853939796e-01 2.583460617561202710e+00 3.008329118402877533e+00 2.275069955060971427e+00
1.503228891057360128e+00 4.866457572380687990e-01 2.936192565054705383e+00 8.884147167615504825e-01
4.664438879280301958e-02 6.622731554426969369e-01 4.073965641989255593e-01 2.763918337448624182e-02
6.978009959035209875e-02 5.541950077537906028e-01 2.237862962203274186e-01 2.113631870367183918e+00
2.866364656254501986e-01 3.101601176110013736e+00 2.510429299918650159e+00 9.558360107531440608e-01
2.021048523730115676e+00 1.367449601982916096e+00 2.480482568358068907e+00 9.929678316182622977e-01
7.103405955555613938e-01 1.528424803068871407e+00 2.106396577882480248e+00 2.284447966132647334e+00
3.990904903400083747e-01 1.508844240176562712e+00 2.326033674216854585e+00 3.127291445332866626e+00
2.842578057862511276e+00 3.033540541692831827e+00 9.312900576545890541e-01 1.846648791123473465e+00
6.821228720288557978e-01 2.515086115825412083e+00 7.931074164517485370e-01 9.252867547643851553e-01
2.075430328115801970e+00 2.351367022149469577e+00 2.923604895578867602e+00 3.183484814502752780e-01
2.453774849619227982e+00 2.085085814363081713e+00 2.369464852732988458e+00 3.032538348938202510e+00
4.481980862956733702e-01 8.606765497468574777e-01 5.979518665005753020e-01 1.730233268536176094e+00
2.556086328343148306e+00 1.236337053969140509e+00 2.600083319079097066e+00 9.046982684587899781e-01
8.845227655391407762e-01 1.442930399027629207e+00 2.400551081250917207e+00 2.975081102564699265e+00
2.558759441034086812e+00 7.603648015870458909e-01 2.757921154420060805e+00 2.205102431357507609e+00
1.267215955565156760e+00 2.757510822498677072e+00 9.492648311147029450e-01 3.750088412609429711e-01
1.847517637014976399e+00 3.060016042789048374e+00 8.537979436535730882e-01 1.979659004929356536e+00
2.282978635209848672e+00 8.766895921323213103e-02 1.157703740973248685e+00 1.342781303741359622e+00
2.189799543964058071e+00 2.187521308765941530e+00 2.863962055973806375e+00 2.302302079253343514e+00
1.809418610219104107e+00 1.998227827999576434e+00 1.940667459189369559e+00 1.138364840331407279e+00
1.217863495127126772e+00 1.437164113528169640e+00 8.442283141126908363e-01 1.390412106064390807e+00
2.011515558866194264e-01 3.085472626825316755e+00 8.844539295471917084e-01 3.018208764139924227e+00
7.501627503943285591e-01 2.108318140465112123e+00 1.349084494467401585e-01 6.888022842913034127e-01
8.916524199120257066e-01 1.286829423462557243e+00 1.467489903456091982e+00 1.152323217320699866e+00
7.425873607065496262e-01 5.653412854113107899e-01 5.713687471947745955e-01 1.198784663792041405e+00
2.816429974476060583e+00 2.022322875480146553e+00 2.569613356640840784e+00 2.335749101185719656e+00
5.769851257312252901e-01 8.961838053194606246e-01 2.514664801365572355e+00 2.351620429701592574e+00
8.392073420954030416e-01 1.007792057014156528e+00 6.178406956814598561e-02 2.430200552142168124e+00
1.317387593597505235e+00 9.458128883381151653e-01 2.368144412847066338e+00 4.088443493920478899e-01
2.425726442572374797e+00 2.121265842656899492e-01 2.032579740217502540e+00 2.895546818488490715e+00
2.560681274430964827e+00 2.353538510329983957e+00 2.135831734962480244e+00 1.863262550283510954e+00
2.513584059172191854e+00 2.316260680499016900e+00 1.471563816105629474e+00 2.552532933373873103e+00
1.693602355670838167e+00 1.705589099565591349e+00 2.726822391415247626e+00 1.814232331234362894e+00
2.721774511105080396e+00 5.113730394475703989e-01 2.527058923712183214e-01 2.398814113519079916e-01
8.550952959756235039e-01 9.155128630737617845e-01 2.257889180086984915e-01 2.076497112538733703e+00
1.638744897621146945e+00 2.135823495351383272e+00 1.767597848560081175e+00 9.486296429800225027e-01
2.852760849251181785e+00 2.940029755879449258e+00 2.729443677694518566e+00 1.716517064827421113e-01
2.684112049378812870e+00 1.696753187343290170e+00 6.373980114046222667e-01 2.484508016598014013e+00
1.745307219638710938e+00 2.398580910686149981e+00 1.845716180300380538e+00 2.843803107744879988e-01
1.819105504379721960e+00 3.091371707060190044e+00 1.019903677882112891e+00 2.160610391374294004e+00
9.520843369012218504e-01 2.854261954652105970e+00 4.236022813417335553e-01 1.495648928258838550e+00
1.841228199111357489e+00 1.417372249764384806e+00 2.734504658467299620e+00 1.087185234105976006e+00
1.550314011870000286e+00 1.393229533035821532e+00 1.633305919243651427e+00 2.255561474222961937e+00
2.994539273308480798e+00 4.114621149863323391e-01 1.818712193694446144e+00 1.437663828543766842e+00
1.140280009450338916e+00 1.401808354600357021e+00 3.038333773515768388e-01 1.616928915124419719e+00
2.420348199097337449e+00 9.336070368802843467e-01 2.008151088035778020e+00 2.516142461310613587e+00
6.564012709115543687e-02 1.419191940741092672e+00 1.708846014381391942e+00 6.050102881739579663e-01
1.030365234511673583e-01 1.967688090559861491e+00 2.518648235777916522e+00 2.247220308939752442e+00
1.559183723170137092e+00 2.941727454580584489e+00 2.331560438437950467e+00 9.238840839346114109e-01
3.289391456652754342e-01 1.921019683671375544e+00 1.242564487628486924e+00 2.588491250020263923e+00
2.494933617085187016e+00 7.851512847046918653e-01 2.087823362851061404e+00 1.291432617634235891e+00
1.287799238306590377e+00 2.063932219666124279e+00 2.119106375674545184e+00 2.426049118213339906e+00
2.878643559531109952e-01 1.413881701184684925e+00 2.859239334454517500e+00 2.133381071084864133e-01
2.148051133135028046e+00 2.531490908854969302e+00 1.733669481520299316e+00 2.703098375540731180e+00
1.606769888522549428e+00 2.182604160154449247e+00 1.553497094013786883e+00 4.780427301581267052e-01
4.153529074091089762e-02 9.440775812340398421e-01 1.514526728154624191e+00 7.701605023781402659e-01
4.656020824410570524e-01 1.809770524707020822e+00 2.569662580513337513e+00 2.688293764673685526e+00
2.692974815356860230e+00 3.053342244407322603e+00 1.560156547250306280e+00 2.395606873022833039e+00
2.547139228444349257e+00 2.002014259826246700e+00 2.077803994581083891e-01 1.675481296198858328e+00
2.747813533731046753e+00 1.331556306883145524e+00 2.177682884387997397e+00 3.013544355309159428e+00
2.622443901889477402e+00 4.039378777005979693e-01 1.789284167476288934e+00 2.181817840433227129e+00
4.127314996687821147e-02 2.519398368541101885e+00 1.419347828006498169e+00 1.083141021935810078e-01
2.293943697498312062e+00 2.492141075976954667e+00 1.249776917018877720e+00 3.599283100971346627e-01
1.063298152854282863e+00 1.166847322433550271e+00 9.579665158975407824e-01 2.702623949579746609e-01
7.081439322364853073e-01 2.688609425358143845e+00 2.146845645617289744e+00 1.296328901049809357e+00
3.596770954509921348e-01 1.155897461249197899e+00 1.433558447776579259e+00 2.172650857301912541e+00
1.835708401665857803e+00 1.409895711690498210e+00 6.716980722027704465e-01 1.011162197115765826e+00
4.243716527151519258e-01 1.122204786386326480e+00 1.965994507767829802e+00 2.176867200087337473e+00
1.316026875169285404e+00 1.860232658035428255e+00 1.889123349507855210e+00 2.695945629101436092e-01
5.291240046413157039e-01 2.694086581746660158e+00 3.091755911838663717e+00 1.094688720258556458e+00
1.228550689016431274e+00 1.371996062315199438e+00 2.830242994494023834e-01 6.751822768527420138e-01
1.824919158756394877e+00 4.062156171529647808e-01 3.232872439689454813e-01 1.539272362746733736e+00
1.518672699286327532e+00 1.077983156227081629e+00 3.129276883328220293e+00 3.140860660750449895e+00
3.131363842264863528e+00 7.501607011817398307e-01 2.356871349684404038e+00 2.358790523835077479e+00
3.591515954307146208e-01 9.434054654036565513e-01 2.253006030498110324e+00 2.178501298293755273e+00
2.250385746058383152e+00 1.368235219818350501e+00 2.380622678452335439e+00 1.859205669356759127e+00
1.808378916700848382e+00 1.220458085230106127e+00 3.034217877571490973e+00 1.462779889699437952e+00
2.935014229668927666e+00 1.772666070067651534e+00 2.640709178517887779e+00 3.194103100691884078e-01
2.568067568207447193e-01 2.772767451782959469e+00 1.552213691700759179e+00 2.685280650395380775e+00
1.006642777203755168e+00 1.572381069382506880e+00 2.118656848258561320e-01 4.673816185956994329e-01
9.644424841936103387e-01 1.009664184193851399e+00 2.529068046803221392e+00 1.567221755977381781e+00
1.576801247834934916e+00 2.145054285160825636e+00 1.557488594399466741e+00 8.673082160068781299e-01
2.781925609423591794e+00 1.717801061497898019e+00 3.052027468744072269e+00 2.456689946540602243e+00
1.297423940964178346e+00 2.846240824593502805e-01 2.519447220220665251e+00 2.345668417531153516e+00
2.443442891273695849e+00 2.096529565766588110e+00 6.461386880785059406e-01 2.026895882334229237e-01
5.193804025219224130e-01 1.351007542884610002e+00 8.333980247513229911e-02 1.967553910176462528e+00
1.607024321043778015e+00 9.285396581217224554e-01 9.806173582059405369e-01 3.022936419096236449e+00
5.576023032826745718e-01 7.546209659141989157e-01 2.054981348293533738e+00 8.593628486422598689e-01
1.960713507089570040e+00 1.448744673689274620e+00 1.111728421902131947e+00 1.552228369466162716e+00
1.414804433393218819e+00 2.675164101340746114e+00 2.889690240616050509e+00 1.432804584323599251e+00
9.349236878124855821e-01 1.742307880657870234e+00 2.971000822228242022e+00 7.026697496153395672e-01
2.354345205005563102e+00 1.602673057321952310e+00 1.870450010475233626e-01 6.958735514012700518e-01
1.666362422702375889e+00 1.784074983124037672e+00 1.450594304746413377e+00 2.992143057140260520e+00
2.804112661808139340e+00 2.791179040310602044e+00 2.980990813092316394e+00 4.423417599851148241e-01
6.223472386646996535e-01 7.897059963975409103e-01 4.173990817508239082e-01 1.566318553934129998e+00
1.587242082997970094e+00 2.401074140473631768e+00 2.758389364896502105e+00 9.610657089018426191e-01
1.272776976949919203e-01 2.125747425407673585e+00 2.334987678123090493e+00 1.422073763707014438e+00
1.614188897506146692e+00 5.322586905402327817e-01 1.671959605370431756e+00 1.982876384136988412e-01
3.258959366729063389e-01 1.219473979355768095e-01 2.721371679182857051e+00 1.009684894005787870e+00
5.862447540738543461e-01 3.300428530432739094e-01 2.990421722486203304e+00 3.028264054047780096e+00
1.505276070740767302e+00 9.009713305371265246e-01 5.197430899540206317e-01 1.855136081503702794e+00
1.682553258554449760e-01 2.463390435311520132e+00 3.032710304203867668e+00 3.446549732766471252e-01
1.905711254947901057e-01 3.114866595246118752e+00 2.294658794307379956e+00 2.716820697305539323e+00
1.198760623052924856e+00 3.944422060400598062e-01 2.667678441760477526e+00 5.971069198937788425e-01
2.440066578324925572e+00 3.007059661503882708e+00 1.108506564631273950e+00 9.757776568613613088e-02
1.502171104181423633e+00 8.761015767704344315e-01 2.102832972560243707e+00 5.139295682185134329e-01
3.030052509202038724e+00 2.888030652993263558e+00 7.649460290843567156e-01 1.568517356192618895e+00
7.543695851920091400e-01 2.174085920235702130e+00 2.715956200133142318e+00 1.867506122201736674e-01
1.676282540427139756e+00 1.882410451803213647e+00 1.363025999271049171e+00 2.842878363828379662e+00
2.216951042002787808e+00 1.197862972121376046e+00 1.958259402636543633e+00 2.192208126380956745e+00
2.519674244060220669e+00 2.132660061479083158e+00 6.670865130431782308e-01 2.320652152158698023e+00
1.680642272927545422e+00 1.934302137550128364e+00 2.563148961768685119e+00 2.357464622384082720e+00
2.145170760533988030e+00 2.454166598226209750e+00 1.038796977825619861e+00 5.711175691755651096e-01
6.672808089005923815e-01 5.928241241191792854e-01 9.917168381623342466e-01 1.453256048944901790e+00
1.417743209193124576e+00 3.011957218417127269e+00 2.306580405986224935e+00 1.279974636692803758e+00
8.963171099721976010e-01 1.661170319237294857e+00 7.895721037381266960e-01 4.847458513979708283e-01
7.159038987155749156e-01 2.819637791824671780e+00 2.830799000506046159e+00 1.020880089819973913e+00
1.101581939378464936e+00 2.722518726436267134e+00 2.103663912521956947e-01 1.220103763546436237e+00
2.547083280184221810e+00 2.410692348613427960e+00 1.517702936532892233e+00 4.810878934293903453e-01
4.142921269706463794e-01 2.544950111214800526e+00 7.315175917804372929e-01 1.453040531660012569e+00
1.982728923174059465e+00 1.043470891299145498e+00 1.956520478920055872e+00 7.096950613912662575e-01
2.101201204180001558e-01 4.976829617753608104e-01 2.117742094107122330e+00 5.381429129584036630e-01
3.360907953558889827e-01 1.608633940296628762e+00 1.969215886034396679e+00 1.090106258653793958e+00
3.006356242291164271e+00 2.379628602137284776e+00 1.854304448936162197e+00 2.672136408429044430e+00
1.685734859273579911e-01 1.786564909761350517e+00 7.117126325589865354e-01 1.021391197524274208e+00
5.019339180710216120e-01 4.426501919291612741e-01 6.008279958973936630e-01 1.360934906456995552e+00
1.520482110495728012e+00 3.045163683207122163e-01 8.757249146309897814e-01 2.925483017009262277e+00
4.879980833937466039e-02 4.219330799552079014e-02 5.072278373687616471e-01 1.137067805939733667e+00
1.094421342819643206e+00 1.943138334070586781e+00 2.028101528638903250e+00 5.657015449855347100e-01
1.810612088843612355e+00 6.278837426251236975e-01 2.291780882575668254e+00 1.885015502295202650e+00
1.773758220039966194e+00 1.593740982423116348e+00 1.026261280672017051e+00 3.136839401211644507e+00
2.828457246558874871e+00 2.801701473271301701e+00 1.324817832905490489e+00 2.167154968743177257e+00
5.849786801491445587e-01 1.504637381236726190e+00 8.640698253383181093e-01 2.266094085147535964e+00
3.643814175659539911e-01 3.086542789062563852e+00 2.389877953288413792e+00 2.058819812825218865e+00
1.409186235791140662e+00 1.190711425099825416e+00 3.371300503924197223e-01 3.072109303985838036e+00
1.090801011668136811e+00 1.703144907983332068e+00 2.001962447679948021e+00 2.609557343342633562e+00
2.268801838265805948e+00 2.808561689816271745e+00 1.165430785963572191e+00 1.276252512858121912e+00
4.804361661172578679e-01 6.368603458509450865e-01 6.692275543912974411e-01 1.021422060518795139e+00
2.522117312063703931e+00 2.274725966823420986e+00 3.004637947160162081e+00 1.378161941333350349e+00
7.044541519719564882e-01 2.175744987955078535e+00 1.790885475914321567e+00 1.023581127874022334e+00
1.127537096260501803e+00 1.818180043638734533e+00 1.168676762677743758e-01 1.306999011857471915e+00
2.526243685165459496e+00 1.168741781015648185e+00 2.064031957398716699e+00 1.175859982960612893e+00
1.203080862761850112e+00 1.850838973332293372e-02 1.763212658922690190e+00 2.010743867055489797e+00
6.288206945627876632e-01 4.627949314270141720e-04 8.939634082060391451e-01 1.770854475381531401e+00
2.992403112343134941e-01 2.013606109836881153e+00 1.889030819630002522e+00 2.050632523404779750e+00
1.238973122885189682e+00 3.062990420382032397e+00 3.066214765120998553e+00 2.215862324093668789e+00
2.508832575805690190e+00 2.039119116885133476e+00 3.851013225613717506e-01 5.087042356884624583e-01
2.071791266123607311e+00 2.431802182505745424e+00 1.234139203840152854e+00 2.523472270081614788e-01
9.212715094689808426e-01 2.227129445176186717e+00 2.988460938430927527e+00 1.078423670459855765e+00
9.768854322177035199e-01 1.982494495451922134e+00 7.361881678778300908e-02 2.117973283482563751e+00
5.230742853105511125e-01 2.244723092484314897e+00 5.516701768247624926e-01 2.947087947533534313e-01
6.380204512691112217e-01 7.631698006006920609e-01 1.249654819526254901e+00 1.493255698069974935e+00
7.303886187667689711e-01 2.881240572701622149e+00 2.417038348528057490e-01 2.965295613072951308e+00
7.045934862068814475e-01 2.866292956753647481e+00 3.928803997357566691e-01 2.268637814127546726e+00
2.285806817749276298e+00 3.088581466653637086e+00 2.058753351639001750e+00 1.374821309891284482e+00
1.685954646182676653e+00 1.615006466629950843e+00 1.333613729688201965e-01 1.566175502469657532e+00
1.878990550243525792e+00 2.352944066142651280e+00 2.701611896123953027e+00 3.240468304002470101e-01
1.038363404949035118e+00 1.770647416794291384e+00 2.830521792668251990e+00 4.826310701277402582e-01
1.472125068344739107e+00 6.765136965512350553e-01 8.677886234092312134e-02 2.720196375374160258e+00
1.336785293241178563e+00 1.293673393081639089e+00 2.267817960090272145e+00 1.545356360084781722e+00
2.904330705658703327e+00 1.800343565095982035e+00 2.964164024739335712e+00 3.117812840991498025e+00
1.194451465803491930e+00 1.329831654915423655e+00 1.932350619442817052e+00 4.528193657216084134e-02
7.190693732086029799e-01 1.014624241100373858e+00 2.436797116201042890e+00 3.013915723655058887e+00
1.997767594028725613e+00 2.022307736937726030e+00 1.300521251080372087e+00 2.998448413728170281e-01
2.837294951698275280e+00 2.893213468700575497e+00 1.700829492724535319e+00 7.521153164462678342e-01
1.532807704701319551e+00 1.063761834323561778e-01 1.850945370451758887e+00 2.125687242000676935e+00
1.581795969076182695e+00 3.427016058481234251e-01 1.288275962655895945e+00 1.866868247720357532e+00
2.166700747825493156e+00 8.539375674809059902e-01 2.053028283388020458e+00 1.664685674279302585e+00
3.035119250165651650e+00 7.181283636071434939e-01 1.084650658966632264e+00 1.947043495438928185e+00
2.515042702433697208e+00 2.906932943653283807e+00 1.150175019531145537e+00 1.552577047694335688e+00
1.698175829607504239e+00 3.010437384740219713e+00 7.286638234585870455e-01 1.798356689738118241e+00
4.799529270787226687e-01 9.029668102185767209e-01 5.263663314943953786e-01 2.338891481542029638e+00
3.739206520371106679e-01 4.408292676579149329e-04 4.023028988222609459e-01 2.914352791631011463e+00
1.117463142312575153e+00 1.717206164972034710e+00 6.337856256025978796e-01 3.609858142398835734e-01
1.824638039468566841e+00 4.663455493425511800e-01 2.724098345033899360e+00 2.555770358893971306e+00
8.711257114130395163e-01 1.448115177470620241e+00 1.259721364107932118e+00 1.482287455186012404e-01
9.838239756216542453e-01 1.889099661588947487e+00 9.877974149209701737e-01 2.608325548649068182e+00
2.935265223624128783e+00 1.857885673501984858e+00 1.988686734507848497e+00 7.698785817425842781e-01
4.358372109654972681e-01 2.343231795523656569e+00 2.926397528369832468e+00 2.662130491473689187e+00
2.459660706342781555e+00 3.677626533267931430e-01 2.937510572413582821e+00 2.867703394390632710e+00
1.047483315600505061e-01 2.496779167571820501e+00 1.377521811421734244e+00 5.301050817867309917e-01
1.624782423657290253e-01 2.529507352635711470e+00 8.459403405245193852e-01 1.304550220896655288e+00
2.539855169124574985e+00 1.759445690343572233e+00 2.245078997835546097e+00 2.010594608805401418e+00
6.275407476323926481e-01 3.108678922308180326e+00 1.926042521993679202e+00 1.309269648348755588e+00
9.141629185625781417e-01 9.159920810733519492e-01 2.214449452851834810e+00 1.298758139610973472e-01
3.837496801362346166e-01 7.266400918759285954e-01 1.832279636389717303e-01 6.566298859520417475e-01
2.415311987761887380e+00 2.096158385186818407e+00 5.532350427005671145e-01 5.807799548847579763e-01
5.392023846685640720e-01 9.711833985299423988e-01 1.381671632801721339e+00 8.056550749174755666e-01
2.419880702804396044e+00 1.108107169377803958e+00 4.943308188948833393e-01 1.358816381586213540e+00
3.303578644099678385e-01 2.553751814500109241e+00 2.206614023434167571e+00 2.678041072394657718e+00
7.686437742525334960e-01 3.112956470657159969e+00 2.132818811761642230e+00 2.440729920773293760e+00
2.284105638004298555e+00 9.619434984412577050e-01 2.778632480584323439e+00 6.914069345855200499e-01
1.940066605862728499e+00 3.073865323304671104e+00 1.568349204267542207e+00 3.327190451032013274e-01
1.063893291601079039e+00 1.001803547676674289e-01 1.909849242488470100e+00 2.243329848229787871e+00
2.793451395914248181e+00 1.892722635118715857e+00 2.909958289974681200e+00 5.779647556997792313e-01
5.380469451257604563e-01 2.921715675847028404e+00 1.326428770757340336e+00 3.543201350184971843e-01
6.465491477168877621e-01 8.860686224582121628e-01 1.859691421691561430e+00 2.827917195321532073e+00
6.944999447472320897e-01 1.003770194019650397e+00 3.122694800725512199e+00 5.511892166215255351e-01
2.896860412559215003e+00 4.675459237795299705e-01 2.512577385974582800e+00 1.694552544446648934e+00
2.094888435138811289e+00 1.840987630562003208e-01 2.806420756333715349e+00 2.899600386805995633e+00
5.964618893805510025e-01 5.046065593614279532e-01 1.515398330798346516e+00 2.612893207126226525e+00
9.667748557664952447e-01 2.104105211151117150e+00 2.402143239264919128e+00 1.147568786349064451e+00
1.167504106519859919e+00 1.035461080020685376e+00 1.920899767295652261e+00 2.577678811380767154e+00
2.076175161613354803e+00 2.968305965062194129e+00 6.441583748837380607e-01 1.911160890082879593e+00
1.849769606168355507e+00 1.868585049237649454e+00 3.115861462518326519e+00 2.754444176836269520e+00
1.962089307572529640e+00 1.310327697404884750e+00 2.062926629985344817e+00 3.910934990202017958e-01
4.594003727756609257e-01 3.157213291063043492e-01 2.441688954263994127e+00 8.576831882034853527e-02
2.900595850885514526e+00 6.828358961098534019e-01 1.600629040756086141e+00 2.582515433787785586e+00
6.862323717259729561e-01 3.135498010482838716e+00 3.510701598666715051e-01 1.529398607242745900e+00
1.337371909502528933e+00 1.390171534676384324e+00 2.727979874270585636e+00 1.879108400518207711e+00
8.614306176237271906e-01 2.430744855395248205e+00 1.978333664160257577e+00 3.277854574248816738e-02
4.071176635373535135e-01 1.224553540137639729e+00 5.726315510785607854e-01 7.559420483234409183e-01
3.137858630185554887e+00 2.340885038194569834e+00 5.238463573193583578e-01 7.567217689365295374e-01
1.104683939811553106e+00 2.433118046601908002e+00 1.782626484847572579e-01 1.033894668955446461e+00
3.919091048016730694e-01 2.331302751373134363e+00 1.020048110850900747e+00 1.374674891647189590e+00
2.074041609358686089e-01 2.241243437638895220e+00 2.801648535321840328e+00 8.638862858262633670e-01
5.384646351110932566e-02 6.032213090991535021e-01 1.405246348827364100e+00 2.918057267746578809e+00
2.688037682004968065e+00 2.014384288432239600e+00 1.357470601277912747e+00 1.152702707648175950e+00
3.021588417688295447e+00 1.486975592791841105e+00 1.738013338174919431e+00 1.232272008978840122e-01
2.639189243072488367e+00 2.339094970710764887e+00 5.972560357697335176e-01 1.052547631559224817e+00
2.766556406377658206e+00 1.790486305461850058e+00 2.885994933523176709e+00 2.883621970312076233e+00
3.066223887406249293e+00 1.743999109004858161e-01 1.304425822841639215e+00 5.487234936982753747e-02
2.904561390687117051e+00 1.638330701199260719e+00 2.498860562927258666e+00 1.024217812387183901e+00
2.929139747995745502e+00 9.462990685999603802e-01 1.449391956581192575e+00 9.292387900387985011e-01
8.834247953815965726e-01 1.374719942193734168e+00 2.386360499341328545e+00 5.685861923130408613e-01
8.139989568154959096e-03 1.376006961722897159e+00 1.892055463790992986e+00 2.278029113576038434e+00
2.106635459149567957e+00 4.050709471703273779e-01 6.337611460941100505e-01 1.448308371950759177e-01
2.596598994728271936e+00 2.092142602263402207e+00 5.122961829293078972e-01 3.089996360203755010e+00
2.004511596636012971e+00 1.649234264154880281e+00 2.917597467037508441e+00 2.044262485878795665e+00
2.380913572367428177e+00 2.290727396049848874e+00 2.134711476524393456e-02 1.502014732117654461e+00
2.127628304403142767e+00 1.437279459356758160e+00 7.351001199754740867e-01 8.042602329769579228e-01
1.502526879823134598e+00 6.417239079376549533e-03 4.484099187350994997e-01 2.907405481207152587e+00
2.139479984377125721e+00 2.652915712151368011e-01 2.621533031566246619e-01 6.058037116897894148e-01
4.030906156902735460e-01 1.153805811171526363e+00 1.178157741317407137e+00 1.499981722166143339e+00
2.087248721344411528e+00 2.997513452242147380e+00 2.418205683544169649e+00 6.066139088283002412e-01
2.474440462271779939e+00 1.192962944499887712e+00 1.607539234406905049e-01 1.211992052453041285e-01
5.955629746006223524e-01 2.031711960262271965e+00 2.723353551902448766e-01 3.590659838558315498e-01
3.083114317865530141e-01 2.259969133559725840e+00 2.536263960429260278e-01 8.202057875318610192e-01
2.568749971778590879e+00 1.682333696537682499e+00 2.787087580391116592e+00 2.681598080607249468e+00
2.111933775846502659e+00 1.194176446590968332e+00 1.129644804503435296e+00 5.909346390063264787e-01
2.769726689326499347e+00 5.278198418781987478e-01 7.911163861232726191e-01 1.130985896598677432e+00
9.890422252046892071e-01 6.976148618465090046e-01 2.749021608638221981e+00 7.883336942374612466e-01
1.660065804915711318e+00 1.966883878400641050e+00 3.771132401180266602e-01 2.567105752539297736e+00
1.130535863429256604e+00 6.153181176413246023e-01 2.498795162840548478e+00 1.778951357835039770e+00
2.563457620921824276e+00 2.194855034095595681e+00 3.431609757894235058e-01 7.462221137212361466e-01
1.611130408750238496e+00 2.330539254520581416e+00 3.048231998466545800e+00 1.032229846511251159e+00
2.808588979851384781e+00 2.128890300429950866e+00 2.263674770442730466e+00 8.533806507487108339e-01
1.790409966249572937e+00 2.623886439311823082e+00 1.228797506711967857e+00 3.051623119762953529e+00
3.004097398251158069e+00 3.108295286103621713e+00 1.381742755611032880e+00 2.420995865164873084e+00
2.588983378541309111e-01 1.708188124472963532e+00 1.375761434231510982e+00 2.968110780804450233e+00
1.761985287228648334e+00 2.041488749631822586e+00 7.871815251591636198e-01 9.529708795475952954e-01
1.861268808198834224e+00 1.411476741229567455e+00 2.825301429258095354e+00 3.127097388790009536e+00
2.925558436563949982e+00 2.824364734568693081e+00 2.898471244808070502e+00 1.754723707112116671e+00
2.865874503362477288e+00 1.329314267635030022e+00 1.168030388274043485e+00 2.457023293014486853e+00
3.011159933632852059e-01 1.697036459770513872e+00 2.490406585507467074e+00 6.151851323185449916e-01
1.265348727063416501e+00 2.773380110897352591e+00 1.702547163083147241e+00 2.319391695231381334e+00
1.235215359201396135e+00 2.109717104589935666e+00 6.818208299496328895e-01 1.333624341581521655e+00
1.420259123659871614e+00 1.457166855785753778e+00 2.884165842967558735e+00 1.934144079207343325e-01
9.146144673694174276e-01 9.338196263324941571e-01 3.621426666274520367e-01 2.072264263639438830e+00
1.674694683026819675e+00 2.628745906612409478e+00 1.825686417961812857e+00 1.389444821317188383e+00
3.103604461423665750e+00 1.010667767332378730e+00 2.242006742621096116e+00 4.948809761512965588e-01
6.941544132026102876e-01 5.209076368049821992e-01 3.059222098957565361e+00 1.477062233057528484e+00
6.054244560349577586e-01 3.068565413883697079e+00 5.986310216366421688e-01 1.742657903276508824e+00
4.583411677517554850e-01 2.251906878144862123e+00 2.985184657411777298e+00 9.052083026348770600e-01
1.230249185673167739e-02 1.004137658671695021e+00 2.516919715816710035e+00 2.011849063970166274e+00
2.747634492186065369e+00 1.807753267821713417e+00 5.127082670004675657e-01 1.251635117967923705e+00
7.680213564389699599e-01 3.931175235196690543e-01 1.029650047914748567e+00 8.753715616284760137e-02
2.321951035044927281e+00 2.819988540399086752e+00 3.134498105295124848e-01 1.127268006627302643e+00
1.193581898171135469e+00 8.676248666796839704e-01 2.290840630377705800e+00 4.773463077047717662e-01
2.592915279076367430e+00 1.040107525290075774e+00 5.622060723670319060e-01 2.403388710484032575e+00
7.348916232222022504e-01 7.694800718732892619e-01 7.615309232139101381e-01 2.917574481963387978e+00
9.160814836799207050e-01 1.990831606148460553e+00 7.576388970396751299e-01 1.939856248259473670e+00
2.656966710040494561e+00 2.141027755996578463e+00 1.481780520836601944e+00 3.204308989217659609e-01
2.444065411002695587e+00 2.262117411450787596e+00 1.261383144718397853e+00 2.379306838227775778e+00
3.027800852635528228e-01 1.362508663519392260e-01 8.993672664356009427e-01 1.689055960671640988e-01
2.250855197529157969e-01 2.161004585199411743e+00 2.337759941749193437e+00 2.211523764325047381e+00
2.240057792165473405e+00 6.508616732216209178e-01 2.439414290780847150e+00 2.705511346221892932e+00
1.470222919914442539e+00 2.838419165202862970e+00 1.204922285457013797e-01 8.011489015364827715e-01
7.790780307141395022e-01 1.505155232350018579e+00 2.960687647556350943e-01 2.350958286817430132e+00
2.843271571374985651e+00 2.843285719809220957e+00 1.016752924691126436e+00 2.166834679307315437e+00
2.667275146298537347e+00 3.066672674792011444e-01 2.284071906059579327e+00 1.774573443117544613e+00
7.774621257919182016e-01 2.629191728597465971e+00 1.285136906349165553e+00 2.501242062120094367e+00
1.152922689415756929e+00 1.554520456386938365e+00 2.245109433317857395e+00 1.822698278538184891e+00
2.868839677223101514e+00 6.523968255246902492e-01 2.294760715900801440e+00 2.916034706624835326e+00
9.946122631232650058e-01 1.817393236404134749e+00 1.345715353050308538e+00 1.428532117576308824e+00
2.808287778030727377e+00 3.121397202460826747e+00 2.881908330142340713e+00 2.353231235109344011e-01
2.474846913291553818e+00 1.087484188670768015e+00 2.543843399030914831e+00 7.996144402327401979e-01
1.172295464450011426e+00 1.287433206904506910e+00 1.121047805688433652e+00 2.079520976653644659e+00
2.548565840912211833e+00 3.443180212218128755e-01 8.619635042114477397e-01 9.347312839111083793e-01
4.813820525614004864e-01 3.085107921647138873e+00 1.899329754296056105e+00 1.578816060633897900e+00
1.030168096173244674e+00 6.335019460767858934e-01 4.272284174366394183e-01 1.564887531859020964e+00
8.013486212373440720e-01 1.039024150569335392e+00 2.812756202502542657e-01 3.538833105843279814e-01
2.196077051215516995e+00 4.458061226741359684e-02 1.290825845864109755e+00 3.009903845288289581e+00
1.750863486038073180e+00 5.494503153629980430e-01 1.482238644748703482e+00 1.670275527935851434e+00
6.694760025577731755e-01 6.996172423396586071e-01 2.916210388458408076e+00 1.406352972332522544e+00
2.280432152257457212e-01 1.295591180639587003e+00 6.169291715681848309e-01 1.492809948415781518e+00
1.817624244746777640e+00 2.575904027719061240e+00 7.282625466576821971e-01 2.434341918624838286e+00
5.511042439171093266e-01 2.739261958520179618e+00 3.087280679464430744e+00 2.565536311523445967e+00
2.551348539195408716e+00 1.937335174993945142e+00 2.870418080265968896e+00 1.845616827697659224e-01
1.595070804460167579e+00 2.841492013283324347e+00 1.534994050312934233e+00 3.239437378951817714e-01
2.433875110509780837e-01 2.602106782330201540e+00 2.762909626779007422e+00 3.836527288969132643e-01
1.130223987406540731e+00 2.712573786160840772e+00 1.899988977547703461e+00 1.462744134848251054e+00
1.819571268025574007e+00 4.485409218646187468e-01 2.788357708853772099e+00 2.200064274779147233e+00
1.230678059860143447e+00 1.714312753768635122e+00 5.908911124701737849e-01 5.770454882115714362e-02
2.922401496430113266e+00 2.684836264808494466e+00 1.683726182894337287e+00 9.400746777159001144e-02
2.910170958758606208e+00 9.695442479314898554e-01 1.929307145576151017e+00 2.775259704046190823e+00
7.291646951315957637e-01 2.832733883984891676e+00 1.005135336057171452e-01 3.063044520317564690e+00
2.916734834989359371e+00 2.080560097099252381e+00 5.387257994000517192e-01 9.318266966411985486e-01
3.773183602134573267e-01 1.459048014952926575e+00 2.485275225575487745e+00 6.361791611436263816e-01
8.614162627565598307e-02 2.845733697824213149e-01 1.018674984855492571e+00 1.387084707699427488e+00
2.664461284613910852e+00 1.095155780755940444e+00 1.685690534425912324e+00 9.366754025965420283e-01
1.286088961977758682e+00 1.688876905515042326e+00 2.580503062716038576e-01 5.363421321675223563e-01
1.452390880046301458e+00 9.729185277063783222e-01 2.547632262572327111e+00 6.605044195599876766e-02
1.666236723091094163e+00 1.275153098507547211e+00 1.923969136303568916e+00 1.885578400832185419e+00
2.532402799733000087e+00 4.616963186919486595e-01 2.807676171366444429e+00 4.500263462171102957e-01
1.560583566111557019e+00 2.543669623532660573e+00 3.852164721764729793e-01 3.004999685121302111e+00
4.467411396054409289e-01 2.930146122599349146e-01 1.487164085127806734e+00 2.111870925022351297e+00
6.890246505825375900e-01 1.047674595262472641e+00 2.462444836575596430e+00 2.265458369571807129e+00
1.088233696712963550e+00 5.013933655072587703e-01 3.590161792593184881e-02 1.969118548081840059e+00
2.737580092543118404e+00 6.874908535458016390e-01 1.439768677755817461e-01 2.029184036741932484e+00
1.297268457793364416e+00 1.699249112687630126e+00 2.086609062641732848e+00 2.882623214315379823e+00
1.396718207328946804e+00 2.217768590348555335e+00 1.810167863899879492e+00 8.924805436766106714e-01
2.523167653232332608e+00 2.477779866807434228e+00 4.282414501551349284e-01 1.333523480061303390e+00
2.590282345769951977e+00 1.291920576807929155e+00 1.413319077475695629e+00 1.078264400175076521e+00
1.998857093227727755e-01 2.410504490177372894e+00 5.430836035322808009e-01 2.326514171855158963e+00
2.805622922252248852e+00 1.955544798685940888e-01 3.118572192496733564e+00 1.217560409052400594e-01
3.437127811788515674e-01 2.661749312622134322e+00 6.864980438523014816e-02 1.602784815934543130e-03
2.208230252196859755e+00 4.483472630669665393e-01 1.186514351774922371e+00 1.617821511104367005e+00
2.511117472667876882e+00 2.029178587693330371e+00 1.103504541193043587e-01 1.611607172851889924e+00
2.423548654972011551e+00 7.051852020072804095e-01 9.053387412020226233e-01 2.819052488237908882e+00
2.925865369402024907e+00 1.584653904450912032e+00 8.351650082354009630e-01 1.253109671808517456e-01
2.470747485271369559e+00 2.008173362616386903e+00 2.949785407841065688e+00 1.642379244567798935e+00
1.470491046929324641e+00 1.423852092860702356e+00 2.203338329379846527e+00 1.900807670204708588e-02
2.460840346017279856e+00 2.141388669321314886e+00 7.224875015767755482e-01 3.888234407869323173e-01
2.056887255612107168e+00 1.648362433110662550e+00 1.659067605005178025e+00 2.348894986762394499e+00
8.023243304991948266e-01 1.757968507638155931e+00 9.970793915177006417e-01 3.193162070503912653e-01
1.072726993280526342e+00 4.943746644509093291e-01 2.671897647610863125e+00 2.531013420072099063e+00
2.705281401710521560e+00 1.432231250261439381e+00 1.338773262392930263e+00 7.204400161195277930e-01
1.446126849076299958e+00 1.854983216392293910e+00 1.739137480736906438e+00 2.670237284536385869e-01
2.453136399419463931e+00 8.306039544495344984e-01 2.822410132087346035e+00 1.338020049057331962e+00
1.187072939771758318e+00 2.862673165593728086e+00 2.519688687994990281e-02 2.819065293132220429e+00
1.140372910908038939e+00 1.547910032351196563e-01 2.854855044399926545e+00 3.103852041214869573e+00
2.372482527271996045e+00 1.735339461801218341e+00 2.639020395844554834e+00 2.158515711651067814e+00
2.896927091205898641e+00 1.451345053133159757e+00 2.647332691982248853e+00 2.657398485557633805e+00
8.805970063193823139e-01 2.319278570031364950e+00 6.351920655340336230e-01 7.617743328636953359e-01
1.037758275939980324e-01 3.139875093674129758e+00 1.909241157865021465e-01 2.521769795264137581e+00
1.237594667522360137e+00 1.331792026487435665e+00 7.199197151380565263e-01 9.239436509819899390e-01
2.506502300123401472e+00 5.276513476359987465e-01 2.013258699882920499e+00 2.524340492891812726e+00
2.652514820524248584e+00 7.623531325281867055e-01 1.643662708514370241e+00 1.503108581381121800e+00
2.792994292950780277e+00 1.449133980337828254e+00 2.423933590057028575e-01 8.484086638430716754e-01
1.040690735029853986e+00 2.828393838140828453e+00 3.101705638011499122e+00 1.305357982656385696e+00
4.514887080577213441e-01 1.426961002980623228e+00 3.771048610905093912e-01 8.356659067919914863e-01
3.052057324240629477e+00 4.095043527615763179e-01 7.509007230757184237e-01 1.650861341260884574e+00
2.946203663682330998e+00 1.588947398296252644e-01 7.481021383669675950e-01 1.905219797124699799e+00
5.406856746789594492e-01 5.757858791561030198e-01 2.906777932751594573e+00 1.560218558860554161e+00
1.377599050356778099e+00 1.088882307020212770e-01 1.840132631400838603e+00 3.067611325224286922e+00
2.694058119020131592e+00 2.511730069620790484e+00 1.519303246061488144e+00 1.742862958617894531e+00
1.346530833831278473e+00 2.020767700253199184e+00 7.355258591702604765e-01 2.836460266858831236e+00
1.908092463242466730e+00 2.387907311421622047e+00 2.214260110843530693e+00 1.405817649210479026e-01
5.315389465265994984e-01 1.391465880939640520e+00 9.348542850777920021e-01 1.795659807638369632e+00
1.444050934831251798e+00 2.446057065566113131e+00 1.446800100260955624e+00 1.077916464332964397e+00
2.550968747218782529e+00 2.237763193337823253e+00 2.221138479079029171e+00 5.000596980023566118e-01
2.145675391136355081e+00 3.098772593763272187e+00 2.870191691158740621e+00 1.603339175260006577e+00
8.677832992634845755e-02 2.844049135109014248e+00 1.441107283897392621e+00 4.016243586839593482e-01
7.336351181560724077e-01 1.272155866474297126e+00 1.333014538667953545e-02 2.716806469781018141e+00
1.454009922565933532e+00 8.122978119369921313e-01 1.432749947385802525e+00 3.750357443442729477e-01
5.959234137883969717e-01 8.772619897656768195e-01 1.176886003823216287e+00 2.470789064971373739e-01
2.242310183255919576e+00 1.286938736392449600e+00 1.087878838085480249e+00 2.423930878427311253e+00
1.254847915504300748e-01 2.524401435935042404e+00 2.320954215689831290e+00 1.485388734429924362e+00
1.569041503174998686e+00 2.974442225612201174e+00 1.349242174411510842e+00 3.274735876766687315e-01
7.923852395680459626e-01 1.597584912256503120e+00 5.490250290506941688e-01 1.793132095971871287e+00
3.729616886253985797e-01 2.874365619412400985e+00 2.858380365672757772e+00 2.717666230631703428e+00
1.165939771718885964e+00 1.833179525325722814e+00 7.025581355270140715e-01 8.500235044055919342e-01
1.645864095431604501e-01 5.376574386300667086e-02 6.544363954808783967e-01 2.360637107438436466e+00
1.586427663899059537e+00 1.391270788753515841e+00 3.085216504770575074e+00 2.286060659010237028e+00
1.171529828953191243e+00 1.283998042643742288e+00 1.122254379027297633e+00 2.246473580350071941e+00
8.899452924070158089e-01 3.085072445457790469e+00 2.674933071249587346e+00 7.812265093727511767e-01
2.402654100406404203e-01 2.391776637773538550e+00 2.757892425860344776e+00 1.916553369163640497e+00
7.103351784563460836e-01 2.400637243417675093e-01 5.431947696985919283e-01 2.386271730979730776e+00
2.214848633338772910e+00 1.614499458543733779e+00 2.112046227172168056e+00 1.991021140167086534e+00
2.597459599826252408e+00 2.467513496331264378e+00 1.625291255510266319e+00 2.349857489352864537e+00
1.783883822374431327e-01 5.385398885119536683e-01 1.878306318361073535e+00 8.821172679540603134e-01
7.121721775699848545e-01 2.783465455040986525e-01 2.701986673837625919e+00 1.770807667663399920e-01
2.401860686867775208e+00 2.907295740332200396e+00 1.939378788969481349e+00 9.903131433793119776e-01
1.348495036806594660e+00 1.997325621289768982e+00 2.142816703339679718e-01 2.403521801726129503e+00
4.936302759617765545e-01 7.061041265616898807e-03 1.468114550828461651e+00 2.793070360987969458e+00
2.040190645678050085e+00 5.134778254091107996e-01 2.122753470198436521e+00 7.254608443242609450e-01
1.680367602928176385e-01 1.722863778744019525e+00 3.811001596746890208e-01 7.554749004727449868e-02
2.396987159715035176e+00 1.398819293263303232e+00 3.097845230631976587e+00 2.081264241106053348e+00
3.054354631079780447e+00 8.558796661812270168e-01 2.367794969854732479e+00 8.260114973982064512e-01
1.704317882390007588e+00 2.323916289702561588e+00 3.926730270654257837e-01 2.202656503600000981e+00
1.068899323945131652e+00 6.173444576900374847e-02 3.065820421305123222e+00 3.110916286005573905e+00
6.332183047359301042e-01 2.830819205162169450e+00 3.069780597964974600e+00 3.359200761181825867e-01
2.747729381812940908e+00 2.103163353128552959e+00 2.189251070681455413e+00 8.612072257282811227e-01
3.124195581058853755e+00 2.973198743640907526e+00 1.227370742842577522e+00 1.158151614801948615e+00
7.147030202388822140e-01 7.765111397662518566e-01 5.798367634153708261e-01 2.627383896512551331e+00
2.954144869706302856e+00 1.459854681430406975e+00 1.307174700155468716e-01 1.699632388835402352e+00
6.651559831658984123e-01 2.900462726734266639e+00 2.970665825342661215e+00 2.276170928054301879e+00
1.556587579064562021e+00 2.723258633656735483e+00 6.514946467111375206e-02 1.705203006777308739e+00
5.796673631793711756e-01 2.216711195293326497e+00 2.433092773001838405e-01 1.041744705982791341e+00
7.027462003386338862e-01 4.372754680578844200e-01 1.724064052689074922e+00 3.625448286233893813e-01
1.344804048033969579e+00 1.147982852275098109e+00 3.970201538189246371e-01 1.343597794053481786e+00
2.358309539167845248e+00 2.354537590309011552e+00 1.889693624882780310e-01 1.432804275673162930e-01
2.329537706472310621e+00 2.850702044936307633e+00 1.284515507152507174e+00 2.959686535293264864e+00
1.954435982568168528e+00 6.537505395304920031e-01 2.463353667030865335e+00 3.078293110230860385e+00
4.081278739063748384e-01 2.041612861544581659e+00 4.692443897262965624e-01 1.028331159247538817e+00
1.185323056149179433e+00 6.462223141005073446e-01 1.160852292005021269e+00 3.064727383871602484e+00
7.967162858282016424e-01 2.782414002596275804e+00 2.354722818254335603e+00 1.834273730721403872e+00
8.518566788652177646e-01 2.585153837589688308e+00 1.372070326942884666e+00 5.395418985085794761e-01
2.938718340626961467e+00 7.292626014461047745e-01 2.593545595762698941e+00 1.543167492731458479e+00
2.522291881360495758e+00 1.775021662661209754e-01 2.453746653579826464e+00 3.131342524042779463e+00
2.132277521890003857e+00 2.093846670365693274e+00 2.525256386569985079e+00 2.583607193067986252e+00
1.599964258297312591e+00 1.449067658694513705e+00 4.372348682892738814e-01 1.915413326022323837e+00
2.633347059112090438e+00 2.954502086675795169e+00 8.887331964043899690e-01 1.818492172749597735e+00
5.354887671566386231e-01 7.468035285463628936e-01 7.738720525699391839e-01 2.204337894816956300e+00
1.669954538915118247e+00 1.860045745008865659e+00 2.045993087804598154e-01 2.463690875764449562e+00
9.739821521127964843e-01 5.677311688510098264e-01 6.905986937576346074e-01 2.708121894436108512e+00
2.837433150360188172e+00 1.515254079670882215e+00 1.537490199423490189e+00 9.080922837372420453e-01
7.975522275495351421e-01 2.632972500844619645e+00 3.823624198028170440e-01 2.558980924494267839e+00
7.612698985563398635e-01 1.958095836259101885e+00 2.463051954249578512e-01 8.865082436682480971e-01
4.148213446030074025e-01 2.436424973229019297e+00 2.608075297441114326e+00 1.462762036625448347e+00
1.360669099656501402e+00 1.255972652331046158e+00 1.225970832407673461e+00 1.553707195600704027e+00
2.094613899956625502e-01 1.950006709675366823e+00 1.153095087371355021e+00 2.206201340660579380e+00
2.803267255172380068e+00 3.221073210994718217e-01 1.993363994692389118e+00 2.698793086248609252e-01
2.746376317692308944e-01 5.918304769510656094e-01 3.671491700778402034e-01 1.078565556330281616e+00
2.218358524676493193e+00 2.004021045151669345e-01 2.124490378988452000e-01 2.429171667704057125e+00
1.675484204050194048e+00 2.852736744992034890e+00 2.437431098655721051e+00 2.340155311700566898e+00
1.590759777764783056e+00 9.266929120525267682e-02 7.743095317632592289e-01 9.769900403637290509e-01
2.904593263077608345e+00 7.882699650151747672e-01 1.271831708491413471e+00 2.937018528768679193e+00
8.823196847675964793e-01 7.839997738144650619e-01 1.727915661493388821e+00 2.797032298059014099e+00
7.266734359827224932e-01 8.988265681348038549e-02 5.952583873840090467e-01 6.070090949432127569e-01
3.355505690764845061e-01 1.718886958681559163e-01 9.943324339325112504e-01 5.596385500278902025e-01
1.053737422851463768e+00 5.013384703176487767e-01 8.101094123386113344e-01 3.386588299351963038e-01
1.743985864583369461e+00 2.101261553930191095e+00 3.020473135631673411e+00 8.168909764321843348e-01
3.028989117581807555e+00 1.140456470516108656e+00 2.872719731526773845e+00 2.031520338714715823e+00
2.045615289528690983e+00 1.186009203246192634e+00 2.515101917097052997e+00 2.857333728198116485e-01
6.975395459969606637e-01 5.992844338048070041e-01 2.863924919363375565e+00 8.290862855150368249e-01
2.141467496446015417e+00 2.971564441546289181e+00 1.344691166677462801e+00 9.908961289916764503e-01
2.997643710006722806e+00 1.054380662358454401e+00 6.707456408555459992e-01 2.918299634341628424e-01
2.048908476331541717e+00 1.831569890671366219e+00 5.593337681593515409e-01 3.123809446756870223e+00
2.752978738173577522e+00 2.860095403852930041e+00 3.960207402306875624e-03 5.997311936298989066e-01
1.655923307919555887e+00 1.919824036567657100e+00 2.400532485199313282e+00 6.632330773879895336e-01
3.814520597163491011e-01 9.015096081405424844e-01 1.085335755293374227e+00 1.329329335986786154e+00
8.311632778727623405e-01 2.356259273175874025e+00 2.321044251826138272e+00 1.891638690920347754e+00
1.533023299345326329e+00 1.216885076841541791e+00 2.651285004746583018e-01 2.098788291524663840e+00
2.222678463460372456e+00 2.909702008063713041e+00 1.321899127640633775e+00 1.593812090399403303e+00
7.947672432991080838e-01 2.785782863587154545e-01 2.097357674465730959e+00 3.018963999683411004e+00
2.175429438248368541e+00 1.191687146800645358e+00 1.253783644453591029e+00 1.746149637452146353e+00
1.491219425927087894e+00 1.783067736151983329e+00 2.950250601009269502e+00 2.293821968623669161e+00
5.279060905703328865e-01 2.858139478868228167e+00 2.065834140114839013e+00 6.470106124076422383e-01
3.028346273176903303e+00 1.400359835379865636e+00 1.459381384991441877e+00 3.335173074636341162e-01
4.613746756733724252e-01 2.514078097105763465e+00 1.977778962876547197e+00 7.970792361579671637e-01
2.452512374291473396e+00 2.097487437821903278e+00 5.738850133040988011e-01 2.652950662452849828e-01
2.609859089716723535e+00 1.959630999515587779e-01 2.639496894731052645e+00 1.032458142054381911e+00
7.837017663943821044e-02 2.699646219252983759e+00 1.548741446137719135e+00 2.794313394604591716e-02
3.083887747577419791e+00 1.447363447781831125e+00 2.040457826872656533e+00 1.650854308286163086e+00
1.112688164928727241e+00 1.349208087694446778e+00 2.369640289089660901e-01 2.446160461541494260e-02
1.656539253547560486e+00 3.236305738045916480e-01 1.281863122095443064e+00 2.566403467369924307e+00
1.298481772913992582e+00 2.485746925502633875e+00 1.484762173933626528e+00 1.242229540002928401e+00
1.271253491609047437e+00 6.630765420106796704e-01 1.299780642316170631e+00 2.971559815594260190e+00
2.526656905763505545e+00 2.944365576068027845e+00 3.133483478316096082e+00 3.014575276035277529e+00
4.320696186494883961e-01 1.016696489907085610e+00 2.150472015422419947e+00 1.326641185325143191e+00
5.007707681627505680e-01 1.796912911664746870e+00 2.434630921129310899e+00 1.673632555300696545e+00
2.451345950357305625e+00 2.499873493774542155e+00 7.748806820698262987e-01 2.307750149407613804e+00
1.220124156569977414e+00 1.804175044906448422e+00 7.540527838284210027e-01 2.985827177697646828e+00
2.160127811462465575e-01 8.659979132037447513e-01 7.640369432669901206e-01 2.417100307194297582e+00
6.214806693049634845e-01 2.134027422822070363e+00 2.667009010163987615e+00 9.343345452299951504e-01
2.700835330974404869e+00 6.540609142761952821e-01 1.217314001481402785e+00 2.116721741301005988e+00
5.627835410403295713e-01 1.824224444760612851e+00 2.473423960656714549e+00 2.933600059794043258e+00
2.850522743385861979e+00 2.388379294936688879e+00 9.142457910605111815e-01 2.032683285369613291e+00
6.783738715678171334e-03 2.448783346222800361e+00 1.663146854081090753e+00 2.707421185400203711e+00
1.115606778895007256e+00 1.091754359353042103e+00 1.013681053505662399e+00 2.721056427506517217e+00
1.368706019886757774e+00 1.121417791501037708e+00 9.085838026621965158e-01 1.459684657342005698e+00
3.086605382852917412e+00 4.755000272122097416e-01 3.121226944773041190e+00 1.047690875638544322e-01
1.236075072488105997e+00 3.957625532609156116e-02 9.228101619626351004e-01 9.185681351232509728e-01
2.123778148530450771e+00 2.771675786616197623e+00 2.417877060726534612e-03 2.228934628034709320e+00
2.134612492097776482e+00 2.276621827176719126e+00 1.553863422904651070e+00 2.064635087880645425e+00
4.859522069418946433e-02 4.290103609670302132e-01 1.578053989355753917e+00 1.851489810595478458e+00
3.013165573862882418e+00 2.741001110676400732e+00 1.534923622656612308e+00 2.176490889793867289e-01
6.393122286335789495e-01 1.994111780196606620e+00 4.091058263610580781e-01 7.460009303482461052e-01
2.829831864268283148e+00 2.260647520318204151e+00 3.053138578628790789e+00 5.971962497281558813e-01
2.565898224874628708e-01 5.592042317136062257e-01 6.606454881204689711e-01 9.242000719638908679e-01
1.977511679425418389e+00 3.742048084127759522e-02 9.528643037221065093e-01 3.092125114995649238e+00
3.077008954009879282e+00 1.181031495409025744e+00 2.468185689220551815e+00 1.101177607325939389e+00
2.160827598673366268e+00 3.137438014018417043e+00 1.568196782311460202e+00 2.271808226862554125e+00
2.549372786339539232e+00 2.031726572764225580e-01 3.003001951342324283e+00 1.583603471712853539e+00
2.796521610866793406e+00 7.757428080563565365e-01 1.829957460658502288e+00 3.017479767622754938e-01
2.266731933874928551e+00 1.818659720113020573e-01 1.092374666171199715e+00 1.245220272584919963e+00
5.259867496603161108e-01 1.118227999251080851e+00 1.840696384212786363e+00 1.256685409880726301e+00
2.820991546254441484e+00 2.125059091873715555e+00 2.180083691987054983e+00 3.023683652227062146e-01
1.965305405593076538e+00 1.775933848406657523e-01 2.830391334833786576e+00 2.639588113029351923e+00
1.454304422426507371e+00 6.549557041480205122e-01 2.441119145707524751e+00 1.618812676163099873e+00
1.912006750811517941e+00 2.196025342843936023e+00 7.767699255405747794e-01 1.015922820805949423e+00
1.214411407095293827e+00 5.954560096814520698e-01 1.807043978849765808e-01 1.980160091645575493e+00
2.749888330779872714e+00 8.346761953956896019e-01 3.094936473749549943e+00 1.068035439840929968e+00
2.443843816468563190e+00 1.888635593657453482e+00 2.738577712563495581e+00 2.342797475169705823e+00
3.723237899194584838e-02 1.627175058306053135e+00 1.780677508483232474e+00 5.533816305798420869e-03
2.438037348559616291e-01 1.053962867992720653e+00 1.945332399654898237e-01 2.143601712904219081e+00
1.122718402222125045e+00 1.546795215185513772e+00 2.225849323074009511e+00 2.712174492032202622e+00
2.331354334499553982e+00 1.943714342029648545e+00 9.030460421968857787e-01 9.264379685443817625e-01
3.114402250720336718e-01 1.000477478392378883e+00 2.265858757479332741e+00 2.818654956031999337e+00
2.187092431434802364e+00 5.152872094417824123e-01 9.734537840376205065e-01 1.208243696383238586e+00
2.586814954544808920e+00 9.676574476355476184e-01 2.308544535644377671e+00 1.059006201278982484e+00
1.029432983897331511e+00 4.660187937002516212e-01 2.443339059841602712e+00 2.856322953937929121e+00
2.172695242681115246e+00 3.465109463616062868e-01 1.653030588120978139e+00 7.729402584377058627e-01
2.973510130523314476e+00 4.010550229702729563e-01 3.129808552655872766e-01 1.895413476036481137e+00
1.981324678607486733e+00 1.033200140453750304e+00 3.395026109083776888e-01 1.288438043919232501e-01
2.954822868468205410e+00 2.421712502235703113e+00 9.133729822367576690e-01 2.963874914368605396e+00
5.129668780273786144e-01 7.996090153178672111e-01 3.333671766071411580e-01 1.416637061391518904e+00
8.403422301525057536e-01 2.332500665643848059e+00 6.741160964256341925e-01 7.662844434745142985e-01
7.785772622442518331e-01 2.481996213311361998e+00 2.949004858280959152e+00 1.649162134609189589e+00
2.903801419905855496e+00 2.392681680037349601e+00 1.563740608747480110e+00 1.348752570606704504e+00
2.910255943391695244e+00 1.203737400701763383e+00 8.399553090654776621e-01 5.514870968870361212e-01
3.429216563776014137e-01 2.417054366837881219e+00 3.188181046439881455e-02 2.448652325442727484e+00
1.219095487623250040e+00 4.880597987190933851e-01 8.142031746215513399e-01 1.875021786847516747e+00
5.942600622406664090e-01 2.546541769861108140e+00 1.983255187308342382e+00 2.427642071461611373e+00
5.709938972353304498e-01 7.275950280414466009e-01 1.138643608465915280e+00 1.212600496238699144e+00
1.924674750695282599e+00 2.806770629695348740e-01 8.743394378231494901e-01 1.836092796340997868e+00
3.118651454053154914e+00 2.693069278318489079e+00 1.518938290350566378e+00 3.345596117595594499e-01
1.007994530015235535e+00 2.525025325007938637e+00 3.039997985255578961e+00 1.928399388453719610e+00
1.024018388776555044e+00 7.252608035038260459e-01 2.427048162648116403e+00 2.255979380282341129e+00
1.729642942965363417e-01 1.168871696276984951e+00 1.750225025029587878e+00 1.508796590516769509e+00
1.567542518055280165e-01 2.314161615224157031e-01 1.728098485625439995e+00 3.076232273028431941e+00
8.441479648399659030e-01 2.611781413722969791e+00 9.031468972946712359e-01 1.353320522776435997e+00
1.268621456314989349e+00 1.688336427699126951e-01 2.981416482926295242e+00 1.704188360024594617e+00
5.804794553291315884e-01 7.437149922713734984e-01 2.795006837529562471e+00 2.590067593214358865e+00
5.838551750256542050e-01 1.381743414434471573e+00 2.443153718355283388e+00 1.571654368898117049e+00
1.034810099180455634e+00 9.742843804671755814e-01 1.366866540386280304e+00 1.716043992347219493e+00
7.811739674370672404e-01 5.455915615683396558e-01 1.387909892769393583e+00 9.217399915326509596e-01
1.446231125064341150e+00 1.745032686799405042e+00 1.907791679040380606e+00 7.489219009445464981e-02
2.912945966762335193e+00 9.302004047321109637e-01 1.526813954880316793e+00 1.788089400715304533e+00
9.585912327804887445e-01 1.923922552846512701e+00 2.465794003244181631e+00 5.446604906200492868e-01
2.275896652759991312e+00 4.749000089593515272e-01 1.203533572140162766e+00 6.387712705448618244e-01
1.933721972019623259e+00 1.844799770281532636e+00 2.571002958647972569e+00 2.995971577413675035e+00
2.655840940263877847e+00 2.793952397025605272e+00 1.867667099661326713e+00 2.926064228326612948e+00
1.553852680812535692e+00 3.093221990840352986e-01 3.958898254777795667e-01 1.434871048807676575e+00
2.437995633702928711e+00 3.358586124087413749e-01 6.375547715295641904e-01 3.056323986384003710e+00
2.084604059490351435e+00 2.032097714633267049e+00 1.268975940020581117e+00 1.830248397280757500e+00
1.346355921964770275e+00 4.747426453821733672e-01 1.266898958686608179e+00 1.713301205484613066e+00
6.258076894392601286e-01 8.058599029554732729e-01 2.120427818369834405e+00 6.925739900172279695e-01
1.565243418219780969e+00 4.202942957240493604e-01 1.514825786213439551e+00 2.727393758425814330e+00
1.181812719221173369e+00 2.024981728988620944e+00 8.292527426728667495e-01 8.147120838062038573e-01
3.674102120122332282e-01 2.484808212293674767e+00 7.665439493837520324e-01 2.381012055321750864e+00
2.588321878662809272e+00 1.324681840047410297e+00 1.619565848039622002e+00 2.549860113772675074e+00
1.420201683715400509e-01 2.985910407660557819e+00 1.976551209871937775e+00 4.717272993917822066e-01
2.403082888775116110e+00 1.869078513457744561e+00 2.289050555512488039e+00 1.149235990197249091e+00
3.044701870319733494e+00 1.508235551289052845e+00 2.224358267413800938e+00 2.610085982279596095e+00
5.563950647815318895e-01 2.975614247162479131e+00 1.806031807457457061e+00 2.139171815684827394e+00
6.861635285644911431e-01 3.263143177662233274e-01 2.001761497472665852e+00 2.341361010078952254e-01
1.530383281218224756e+00 4.817275688525426980e-01 1.775947435758719717e+00 3.046356941595555590e+00
2.353219887161778878e+00 2.671870222718896848e+00 2.347504446197422823e+00 1.247795745149666777e-02
1.603088531589906829e-01 2.083963092010514107e+00 1.134394436379623228e+00 2.598377650612247791e+00
1.765450434290089632e+00 1.805372013449519086e-01 1.165793121057222770e+00 8.387297118058630041e-02
1.641954352631522340e+00 7.869416420586164973e-01 2.643643259668309931e+00 3.070347623850262497e+00
5.229016522353641117e-01 9.050512951291866948e-02 2.201836754119279149e+00 1.918529220686325809e+00
2.026061083316291533e+00 2.533487314444198724e+00 2.034880595718675522e+00 8.013371968887310626e-01
6.266434625362418132e-01 2.124033879664306124e+00 2.456493350413194499e+00 2.128814393599610888e+00
8.171870382087489393e-01 3.053322618706391545e+00 2.922736026487104510e+00 4.071531590915819510e-01
5.042024025713098823e-01 3.698841154739760384e-01 2.774276574987471822e+00 1.615297435066429754e+00
2.742804521772287618e+00 1.181004431239422336e+00 9.879290807763909665e-01 6.716988499430494031e-01
6.322374094563073532e-01 5.255807680954176497e-01 2.790182745488155369e+00 1.201834826278990853e+00
1.278537161698767521e+00 1.675793069362616627e+00 2.686368279772439305e+00 4.541604624282302161e-01
2.561504103541012434e+00 1.927626890229367618e+00 1.625688572977793234e+00 2.109881792257858990e+00
7.410917959911857977e-01 2.697297367230901965e+00 4.136602701561182815e-01 3.576754163762725924e-01
2.822953773525578303e+00 2.690588699189050637e+00 1.663454131145912562e+00 1.159669531706947893e-01
1.636380745820212423e+00 5.178911839407449591e-01 1.596685821840233777e+00 4.026868696411065596e-01
2.890809490216197375e+00 9.147366889367549714e-01 3.045374437683279756e-01 1.419528260824766130e-01
9.626025865888088173e-01 5.929533147064358634e-01 1.988129139980764570e+00 1.585673541774490714e+00
2.482141453160730649e+00 2.338822896135735796e+00 1.349659363660564271e+00 3.754889408340709722e-01
1.688918941295927789e+00 2.620627325682844067e+00 1.353181185419333188e+00 2.356092212702820543e+00
5.700661380130411793e-01 4.017104039475332677e-01 1.369518514248849073e+00 2.403954289649308240e+00
2.170629990280481536e+00 6.210556538296285733e-01 2.255823274517648969e+00 8.244498054817034349e-01
2.628681036680026173e-01 2.918455782280692468e+00 2.880357308762213187e+00 1.152241508651234876e-02
3.037930239764784712e+00 2.451796078409399282e+00 3.087066156366983449e+00 1.958955507396939133e+00
5.521884412791487895e-01 2.497983503059310273e+00 2.885503879411531081e+00 2.171480661007354040e+00
2.258652645877038179e+00 3.522935813527267590e-01 2.702853295659002786e+00 5.013372062277943186e-01
2.310029996290291709e+00 1.175558433783791878e+00 1.444861668761702411e+00 1.605016384973284027e-01
1.664212361915602401e+00 8.703575796635615314e-01 9.295892470315837708e-02 3.140715563166803115e+00
2.990959899887992712e+00 9.401147958721281506e-03 2.920215064104623726e-01 1.258402105989110620e+00
2.853630649313672052e+00 7.779127675827274269e-01 2.735254997773908681e+00 1.786820277058270567e-01
2.630583905948552292e+00 1.511032752990639549e+00 1.988929372037552934e+00 2.338682233001033728e-01
1.239437076249663816e+00 1.771715202030765601e+00 1.331586169441755674e+00 9.503264923480478910e-01
3.501290116760174542e-01 5.147147321570636480e-01 1.984821639804774218e+00 2.295348131515838386e+00
3.125926036510098815e-01 3.070646888557771348e+00 3.039141941069235298e+00 1.793491878187456923e+00
2.599185303793432045e+00 1.127947536067610113e+00 1.328048036542605503e+00 2.066281235495245117e+00
1.154877876475486786e+00 1.332006340835339309e+00 7.100169636664380723e-01 5.460392447085449241e-01
1.792140258305570388e-01 9.922572463820132915e-01 8.147267578192998738e-02 2.936377696437961315e+00
2.762581330910669930e+00 2.561214164694726847e+00 2.726811018216767302e+00 1.195906194682026413e+00
2.842462350634058499e+00 1.852271580152541786e+00 1.896353493907375176e+00 1.931864230665356175e+00
3.947066259263466992e-01 1.161302540285922280e+00 2.697379204906458661e+00 2.760963526620054065e+00
2.658747002946452831e+00 2.600644029833498738e+00 1.322904555139657212e+00 2.779229079092674137e+00
4.665600437922552413e-01 1.190855772700455839e+00 1.313662640257111880e+00 1.260771588746326943e-01
2.496875011204813255e+00 2.036130540364526897e+00 2.381883442490633218e+00 2.348592419848576807e+00
1.112368859847877589e+00 2.668982704708164011e+00 1.878769068329231517e+00 2.931455966021117465e+00
1.926263343134966055e+00 9.245312673932815084e-01 2.721851492360399249e-01 2.987041045805641559e+00
1.005323232373459552e+00 1.848174300104939549e+00 1.952350996068283884e+00 1.611671716957087330e+00
1.835086676170633702e+00 6.915821182051321570e-01 1.150044928212193840e+00 2.950571072909375481e+00
1.330136144373816609e-01 3.076965415996553710e-01 1.785647572104390290e+00 7.527126099720972130e-01
2.302390857064712915e+00 2.223429310987813601e+00 1.647741034874720789e+00 2.498409222333381474e-01
2.578028453300309053e+00 8.309924074775558722e-01 2.998282906950928250e+00 1.576731845433174961e-01
1.572810666151811754e+00 8.582858843456643294e-01 1.792779755963930910e+00 1.789632091044443651e+00
2.497498422110100424e+00 2.338034013150003254e+00 2.565421008691068483e+00 1.228081271244924277e+00
8.496144415530199057e-01 9.607964709152063687e-01 1.571457392938283348e+00 1.237137300310998889e+00
3.674020185186590015e-01 2.852272303162595168e+00 1.771076374668648867e+00 5.934135017665368439e-01
1.540747796304131834e+00 2.774608287691879838e+00 2.250257735446599572e+00 1.316746232922416437e+00
2.960322481363141800e-01 1.443997728686035709e+00 2.705338320531120555e+00 2.038995165840272072e+00
2.293014959949571718e+00 1.500537274875826554e+00 1.071443632194755802e+00 1.793367885879098456e+00
1.413974786749248702e+00 1.884323500164188925e+00 2.101750163673981042e+00 1.938614631428215329e+00
3.914525537770457975e-01 8.424035409463719315e-01 2.178133006734074950e+00 1.919337592403481452e+00
2.198571166589631254e+00 2.414122049979996021e+00 1.480935897877141416e-01 2.914350466467290346e+00
1.379074391361950980e+00 1.309639450854184428e+00 7.929190899090901024e-01 4.471370542643006152e-01
2.519895960630583520e+00 2.621128126978364836e+00 7.039810152034163826e-01 8.899162134501442667e-01
1.290410379569643107e+00 2.240606743558745784e+00 1.997501795327663032e+00 2.267969999420032856e+00
2.220847659561864251e+00 7.277184900375833765e-01 2.523622502057122574e+00 1.140174160046889762e+00
2.558653141387952523e+00 2.947388801696010141e+00 7.464065276247033864e-01 3.727750516109359369e-01
8.516630768717502464e-01 1.588173407594094311e+00 8.578970442394558971e-01 2.991250192054692114e+00
2.025683494262189743e+00 2.323392263894233700e+00 3.109525284049653671e+00 2.697351020948503209e+00
4.031462113277915482e-01 1.967881324910591090e+00 2.407700991023824955e+00 2.040304543579378294e+00
1.296626637416597172e-01 2.236503342631589675e+00 2.483027525675002956e+00 4.734041470717379463e-01
1.544922441295186077e+00 1.331409822127633369e+00 1.925036168557760385e+00 2.935672282880328332e+00
2.997014907773504433e+00 1.404908738082577768e+00 3.942910524167443920e-01 2.599720291312572762e+00
1.355662819219945137e+00 2.359831151100819202e+00 7.377223292191202875e-01 3.049166094497988588e+00
7.400396118078218510e-01 1.593466349072568677e+00 1.917674455397656796e+00 1.506575397169804820e+00
1.998055227195832506e+00 2.907379182395561035e+00 2.833551146901126749e+00 1.594366566335089219e+00
1.164014031869094579e+00 1.604722261885324075e+00 4.795703823252392417e-02 9.758389668706226594e-01
2.468198502515446258e+00 2.813657261924793929e+00 2.255638881173876786e+00 2.165961167236369334e-01
5.673727603327771707e-01 1.604116801427017736e+00 2.541260562741642914e+00 1.004944685104628643e+00
2.446014602430251816e+00 3.520458027414984370e-01 9.124633175765324289e-01 2.546197379865918542e+00
8.793026707432564093e-01 3.048823709455408260e+00 1.369707720619645908e-01 3.371329170690350319e-01
1.934638440828230443e+00 2.313024105717354839e+00 2.635348278901641361e+00 2.030969433875799979e+00
1.602277426881915323e+00 4.398341779221640602e-01 2.916425486554698132e+00 2.116256456960107002e+00
2.594848663172668046e-01 2.089376205605115278e+00 2.516234019104978792e+00 2.093315516300392254e+00
2.401534701279429473e+00 1.249466728958387840e+00 1.448246605443577639e+00 7.228140635375954748e-01
1.100225845131527880e+00 2.936936396692521267e+00 1.387486501241644188e+00 1.167285028132313496e+00
2.306362829328663544e+00 2.987578827457066044e+00 9.926368919544272806e-01 2.792500952740019748e+00
2.309804160987827606e-02 3.834859631735200169e-01 1.024082887383725327e+00 2.792397059717309560e+00
2.780775576503621949e+00 2.459472506714928119e+00 3.893801992569335679e-01 3.775415590584785264e-01
2.961960426438502658e+00 8.096460856564221542e-01 2.447685317327380705e+00 1.405520193081788438e-01
1.254883414190939850e-01 5.835672429013358808e-01 9.369196211876187341e-01 2.692583817845927707e-01
2.641304450980034524e+00 1.652056306689422938e+00 2.654697862254134400e+00 9.007988305767081760e-01
1.684544436350965180e+00 9.531585120404860723e-01 2.485765694607949605e+00 3.008293372378270547e+00
1.385803726394677193e+00 1.009643421495096449e+00 4.780434174082311971e-01 2.442750809472737039e+00
1.258890743848643801e-02 6.941963856457992188e-01 2.055466970816182570e+00 2.925560381365160278e+00
2.829530723820103399e-01 2.051963877190742025e+00 6.025654380300778934e-01 9.633992274537848122e-01
5.536204133065691924e-01 2.739489926820870558e-01 6.049721763181904466e-01 2.120339836550421797e+00
1.134689167177649338e+00 1.129743851205580851e+00 1.359005330589136973e+00 1.589289485350861231e+00
6.203903454146869612e-01 3.814604077249093006e-01 2.431022478018331157e+00 1.447732527419084647e+00
2.747337458458226411e+00 4.486103286622547537e-01 1.795237872878625129e+00 6.100177423230550566e-01
2.627335315079716072e+00 2.844411427775475953e+00 2.797912401039413410e+00 2.892106659111957967e+00
1.951736706462624316e+00 2.124982188433933494e+00 2.673961668751324794e+00 3.011466530314939494e+00
1.204703035814295164e+00 7.784341909121258452e-01 5.667803437776574027e-01 1.573813784468804933e+00
1.485762527849793235e+00 6.266555356982045355e-01 2.196250899243050725e-01 8.841138113024591405e-01
9.815996314939188228e-01 3.255651291182112272e-01 2.645429976860689258e+00 1.034579990494530755e+00
7.748910632399327314e-01 2.629298818102663304e+00 2.849906344004070391e+00 8.367694444438095180e-01
1.918455785677314340e+00 6.353483060732905141e-01 6.302325162572500750e-01 3.075976441920741378e-01
2.144072363808611659e+00 2.572448789380902046e+00 1.851315592074558314e-01 5.614678081757583650e-01
2.457892283700981562e+00 8.827458050109782128e-01 8.556721849938739854e-01 1.194894818952045190e+00
1.003375176098317167e+00 2.790834109995808276e+00 2.171340128194219621e-01 1.513673168398985913e+00
9.421139220395040592e-01 9.531580688689277325e-01 1.020077744914662105e-01 6.627825325381215826e-01
2.291648318308544319e+00 1.942691286474968804e+00 1.704138317857687435e+00 3.946070190506795194e-01
2.632791583699101157e+00 8.464637749126755484e-01 3.098414062912521860e+00 2.402315631424134956e+00
1.471528754134043826e+00 2.747627437775623349e+00 2.799350461455572425e+00 1.190470570139286588e+00
3.065935422867157367e+00 2.424874163126866211e+00 2.604437406282384959e+00 1.964837963931573284e-01
7.955872879941554565e-01 1.376633242302108262e-01 8.677112255845847999e-01 3.160334827575235761e-01
9.991592668508819663e-01 2.048740869749150484e+00 1.161231269053449866e+00 1.586382389412756666e+00
1.858527738310956190e+00 2.486055213569062339e+00 1.429330437133959464e+00 6.098571803494090560e-01
2.469273351086790136e+00 2.492957016771285783e+00 3.071536329733821624e+00 2.603161479208450313e+00
2.889809924230916316e+00 1.406718356944065329e+00 2.402206006982272601e+00 7.085498899647721949e-01
6.379848000600192581e-02 1.911396851033833499e+00 1.344573088187587917e+00 2.618512264209265084e+00
2.762835435487410951e+00 2.200986836602643937e+00 2.449043234476251385e+00 1.277912726789088405e+00
7.231097153105469078e-01 3.113708493589112614e+00 4.674512666006834793e-01 2.551785828496311304e+00
2.431529071054827074e-01 1.026792369592902654e+00 2.806406140997809384e+00 3.991917396066023693e-01
2.289586267478606718e+00 1.369362181910451504e-01 1.100986291389335792e+00 3.023573358721169058e+00
2.708337339235243224e+00 4.772739638909039711e-02 4.182151517272306718e-01 6.647402414296486872e-02
2.344729750412745783e+00 1.123269902941566700e+00 1.328349382939102499e-02 1.719644481372717415e+00
1.768816447339754072e+00 3.023645510758944166e+00 2.682326886465688620e+00 2.756120382731398699e+00
2.342033763358785770e+00 3.359563349213121053e-01 2.457832748866723094e+00 1.855302486476092083e+00
2.474329488594247284e+00 7.927261782929404532e-01 2.456284931976951746e+00 6.818952923538352806e-01
2.437064422977887723e+00 1.093461409003041895e+00 2.749837340540960628e+00 1.969289808686152554e+00
1.026544498981327019e-01 2.420147673249113396e+00 1.565405981287915915e-01 1.353326809972598577e+00
2.070459695930759292e+00 1.457706629041827240e+00 8.712301846003123185e-01 2.048990135091564468e+00
2.401774649635102232e+00 1.522041973732463971e+00 5.250721561631698647e-02 1.628394750050154327e+00
3.318219570923768846e-01 3.121082010475844104e+00 2.399756340908434371e+00 2.351819544959485864e-01
2.667525111860668208e+00 2.079515121271153788e+00 1.558006822468013253e+00 1.287202852455374469e+00
8.835257306916245446e-01 2.553064937827492109e+00 4.324133089493366611e-01 1.171234205280594631e+00
1.848983516698923246e+00 2.126538790208570617e+00 6.119176020176971820e-01 1.378522016646198445e+00
4.013027085872119537e-01 9.673080897327241967e-01 1.048320084165348387e+00 1.540556548557122651e+00
3.003893837647351628e+00 2.169534935616487026e+00 1.526140016392109500e+00 1.930541694695129706e+00
1.930054629347669609e-02 2.326834125063035330e+00 1.696185463681809447e+00 2.019691523162519542e-01
2.461837033866995483e+00 2.714222583905261388e+00 1.947765161559120717e+00 7.157644369677921281e-01
2.945968282095595692e-01 2.445047168744149513e+00 6.903047745523036571e-01 2.553687834948629387e+00
3.183240432276362997e-01 5.259181682179032702e-01 2.826595314566084483e+00 2.479845337278282269e+00
1.283216897481512575e+00 2.079131381609579776e+00 2.656536443554012195e+00 1.343720810556776835e+00
4.467080094437046733e-03 4.172853922977924901e-01 7.500118305970845389e-01 7.752186538099763435e-01
2.642092782446240129e+00 2.340730352114516410e+00 1.996499671105036455e-01 1.311985383954302087e+00
1.005933089631622979e+00 9.058435723515069482e-02 2.875766367824377667e+00 7.723304278418720026e-01
1.275373536153778575e+00 8.296097871924655864e-01 9.498790792062105082e-01 4.159785784096666217e-01
1.317728375871834778e+00 1.051464343815870173e+00 7.906149323502544013e-02 1.119476611526046828e+00
1.203369613688810430e-01 9.277250786698329477e-02 2.635005300009918283e+00 1.738060996115004642e+00
2.877869838253120260e+00 1.250187048054376415e+00 2.397614974065361171e+00 1.000402136089926008e+00
1.631118748486083181e+00 2.278016328232964849e+00 1.778911808628475644e+00 1.963584976469676890e+00
7.901060896071134820e-01 2.806468326637588717e+00 9.925071141677100917e-01 6.951467179110941697e-01
2.588490712018879591e+00 2.919322440872683888e+00 2.700972923623909061e+00 3.050035343803806143e+00
2.150065328093341055e+00 3.047508454424122881e+00 2.170570471096685328e+00 2.197421560466720436e+00
1.825075642845433332e+00 7.170896406457373251e-01 2.177878569907461426e+00 3.105555986333687901e+00
1.130658464344335590e+00 1.591691241335486229e+00 2.307322128530397976e+00 5.146242644585838910e-01
9.792281808161383549e-02 2.773981090577346542e+00 1.274582173556507270e+00 1.697239611430126924e-03
1.542646595599253434e+00 1.882291258265936129e+00 1.810546302701635968e+00 1.397894969846915636e+00
8.994154358504613533e-01 1.868233154521117045e+00 2.403146327006741245e+00 9.661162172389462510e-01
1.727463062358151280e+00 2.878946490532033220e+00 1.754065184529862931e+00 1.126189770347660213e+00
2.207908830777269404e+00 2.031222502329748547e+00 2.130234567555524983e+00 1.644763434144723424e-01
9.839041535337922362e-01 1.648100897181213886e+00 3.078683777717433845e+00 3.051845422221878490e+00
1.873226004469979333e+00 3.310740214856053854e-01 1.587401921196279986e+00 2.979137368681032072e+00
4.223308619570794176e-01 1.698968799962004672e+00 1.711801714269675756e+00 1.587290451179481865e+00
1.254810282159963153e+00 4.398743782281173097e-03 2.111375722738415117e+00 6.631708374109103188e-01
2.264975574769082789e-01 4.040440637870532647e-01 7.677151217380759896e-01 6.409038523824025502e-01
1.080090414770529916e+00 1.917231118609041829e+00 2.382947713259991218e+00 1.668094013125231534e+00
4.526564666426912686e-01 1.869004980028445617e+00 2.485453507417516583e+00 1.623139028423070673e+00
6.258121804822959211e-01 2.343388631593874560e+00 3.114148312313555600e+00 1.995658563195333191e+00
2.268933120575595541e-01 2.419446364073540412e+00 1.679296432540121176e+00 1.323702710006512406e+00
2.642787929302352179e+00 1.670576505895170927e+00 5.471818650219677505e-01 1.303134712201969414e+00
1.338109481383414345e-01 1.361775294585596097e+00 2.637483529383588543e+00 1.781588700941440173e+00
9.994821077009224952e-01 4.958751085789410151e-01 1.716767500677106595e+00 1.037054617451743210e+00
2.393654843747118566e+00 1.415668438927860651e+00 9.705710553224143888e-01 2.720483535888233440e-01
3.036586309690175955e+00 1.577993005317664066e+00 6.874718225613234424e-01 1.297944232437936996e-01
2.592851286357741092e+00 4.506900012560117741e-01 1.033289076543746771e-01 1.727928622324106933e-01
1.833260148697691605e+00 2.585019418692726667e+00 2.969917718428031206e-01 1.239107737872982673e+00
1.629793375043198322e+00 1.121359281878523961e-01 4.712916541597930165e-01 1.550994988896523097e+00
1.931553978232205093e+00 2.937784083761225684e+00 2.165428236433065923e+00 2.397362979820225171e+00
3.128360024996771127e+00 2.806244481814676561e+00 2.717539644634499041e+00 2.018298070457217985e+00
1.149694183221878330e+00 1.082746048040369985e-04 5.690305064176656158e-01 1.124674260776594270e+00
2.417728955097655508e+00 1.696072802739786445e+00 1.526372689963754636e+00 1.833899940231642933e+00
2.531442049053197696e+00 1.234009152005481669e+00 1.316669278257539100e+00 1.198885857501691854e+00
3.882165618976495258e-01 2.064712757623054173e+00 2.185154219029588507e+00 3.110958276848065474e+00
1.886494603780822121e+00 1.159297830070036284e+00 2.299601949721031158e+00 5.923133199280666839e-01
1.739742872471960577e+00 2.360876362714363075e-01 1.251415427227608124e+00 1.331068758587839129e+00
3.129564560389573646e+00 2.118276854724452374e+00 2.339036958879473715e+00 1.163932917831935754e+00
1.448193709171780252e+00 1.414454070079654846e-01 9.987409915086447043e-01 2.550959344077604829e+00
1.233565474796017636e+00 3.436968433025545666e-01 1.607252149552149012e+00 2.095539377249989510e+00
1.573859186181707059e+00 1.803956165180514715e-01 2.196758429983634908e+00 2.774456431809455559e+00
2.792975301809651700e+00 2.278872015045195987e+00 1.166367862666332966e+00 1.027710920987368270e+00
1.082295667758688129e+00 1.678441536347638152e+00 2.043753616746049495e+00 2.221639235218029196e+00
3.448670744410226585e-01 2.266289865010399918e-01 1.776855264493490516e+00 3.057571750760760265e-01
2.360448660359859563e+00 2.010623568649541948e+00 2.113829873215256505e+00 2.410268749434481883e+00
1.926356199985340911e+00 8.076635190410832998e-02 1.575219050741381244e+00 2.107187447319798235e-01
1.383116383527104976e+00 1.438498663094350150e+00 1.997404795156549229e+00 1.418187632055133873e+00
8.021375929854780429e-01 3.929144520398533125e-01 2.540909110788218683e+00 2.533086398480422385e+00
1.987949573483509980e+00 1.650637446431461264e+00 1.686328554237891630e+00 2.680682062161116264e+00
2.536856346700677278e+00 1.226495847109656534e+00 6.157007968553380728e-01 3.030504643821981148e+00
2.715959531981710473e+00 1.053481604055746645e+00 2.262892254508195311e+00 2.164198553921867330e+00
1.366707167452023697e+00 4.292462958397731398e-01 6.164980230653227533e-01 7.554986068914945063e-01
1.975723516429305882e+00 3.692497971938446533e-01 1.723583242179446362e+00 1.191908509174424591e+00
2.787783478200049903e+00 2.540214901551267612e+00 3.030711602832192764e+00 2.354141882863923119e+00
1.208358465305824803e+00 1.438151320394431165e+00 2.480188561104097911e+00 1.470640021570384537e+00
2.573847463252411649e-01 2.882657973485371894e-01 2.568353841498621559e+00 2.250171474377204550e+00
2.886424185497527439e+00 2.803903769437753990e+00 5.056629715397197300e-01 1.374668366117908658e+00
1.889466858053489018e+00 2.624223068916990087e+00 1.515610148650906597e+00 1.045180373725889789e+00
2.309958401889348867e+00 2.242303271687692945e+00 6.690333475866692137e-01 8.314242521314021417e-01
2.859055652290077187e+00 2.155681901465569816e-01 2.034091949762073526e+00 5.782093923191398283e-02
2.630912061451767148e+00 2.696587554006078857e+00 1.364230157381895570e+00 1.670052602556921562e+00
5.783409940508452834e-02 2.598321200179851687e+00 2.482353345656975740e+00 1.713069175694182489e+00
2.210776566957806555e+00 2.075105468966189637e+00 1.372969402217043333e+00 1.321047235247294838e+00
1.328843459191855425e+00 3.867237643097180544e-01 2.577072064273621788e+00 7.601430779293848194e-02
2.019534063827296944e+00 2.329039033790150981e+00 1.098732644957762350e+00 9.271623728877632642e-01
3.831902797117427428e-01 2.986098935901597695e+00 1.428973228623844571e+00 7.482016701219763588e-01
2.873719373484128425e+00 1.641084542456611617e+00 2.679493974887566576e+00 3.216191152930784058e-01
1.006192951578957828e+00 9.904904610371541018e-01 1.911372142991337286e+00 2.973362678825091088e+00
3.015918099605826352e+00 1.382777965570108902e+00 1.868631264477518261e+00 7.494520762896142996e-01
2.044613990899728062e+00 2.909221451813655435e+00 2.785068496524638171e+00 7.442976099319450478e-01
5.105072207460724654e-01 1.794233691455418556e-01 1.965273417013313262e+00 7.705313324106929374e-01
6.464514448443469119e-01 2.738006826162586727e+00 1.227149880312950581e+00 1.177698824958613777e+00
2.088502490482341045e+00 9.660682806878239104e-01 3.069201247834926427e+00 2.156274888796214650e+00
1.134812923105853466e+00 2.530930157002665659e+00 1.557818102074248978e+00 9.863071689173853462e-01
2.037548876359135175e+00 2.368090661220401127e+00 2.225515720304995781e+00 5.742397824336527012e-01
1.129213481242401285e+00 2.396850403040282629e+00 1.536714566073850818e+00 9.290764402167311919e-01
1.690456366702069113e+00 2.083200767148340127e+00 2.653949324632578932e+00 1.009867714278731565e+00
2.360717114747082235e+00 1.265402872276699897e+00 1.451227235827626361e+00 3.881913684124341235e-01
1.169902734563207147e+00 8.326256454135312346e-01 4.089314388690268309e-02 3.086019127922915661e+00
1.909668667042581314e+00 1.761114609971103695e+00 2.431320300306691440e+00 1.141076076504770276e+00
1.151376592950944966e+00 9.944896918448629108e-01 6.208936642038190845e-01 5.635989175912016202e-01
2.650169549202469277e+00 1.436188205262842077e+00 7.584012116265271830e-01 8.481622635804018095e-01
1.381493068396452362e+00 6.421412911295015791e-01 2.899665410451274461e+00 1.337895776047675511e+00
4.600984929344960062e-01 2.618967312629783883e+00 2.049068065191927968e+00 2.686520727174260603e+00
3.330117508471814314e-01 1.915826314796219343e+00 7.968383066121276226e-01 2.570289650736889975e+00
3.105278414219793115e-01 1.879568906453449761e+00 4.420242264054849435e-01 6.752934098143791308e-01
2.932107826310941245e+00 2.695400744691346606e+00 2.142274477487706719e+00 2.241776332687650974e+00
8.845139382818409945e-01 1.685281378641816596e+00 1.077868997711695531e+00 1.393915961654349722e+00
1.314605916220739301e+00 2.276184689856168841e+00 1.564511911710986913e+00 4.140986945966370070e-01
1.549514452046736768e+00 1.754849097097880062e+00 1.190979118975304063e+00 1.620637692407276287e+00
2.386452103131064817e+00 3.123868611962407726e+00 1.135798031627648808e+00 2.990333033955194786e+00
2.747155563169851433e+00 1.717260787075709505e+00 2.066890517557192553e+00 2.202578956376193275e+00
7.436286100886064787e-01 2.784620771770986436e-01 1.873048526670977987e+00 8.167928995735569409e-01
5.713073522113542441e-02 1.800075213479390479e+00 1.701439398653270318e+00 2.933308675586700609e+00
1.569948663905154973e+00 7.009204785384898218e-01 1.809950953473782542e+00 2.337914798658835558e+00
2.012519555576482766e+00 2.034416980735946456e+00 2.237191141795168203e+00 2.600741901142563428e+00
1.163985530964976034e+00 2.298170008978201118e+00 2.563933832666613011e+00 1.876640032962332727e+00
1.577340269318183719e+00 2.654598271113585817e+00 1.950721056111864637e+00 3.027616729442020205e+00
6.733385298799544616e-01 2.431359957868404642e+00 1.060882851236895741e+00 8.662114717897784200e-01
2.250415995255939716e+00 2.044338049193297202e+00 4.580982951588205010e-01 4.752620018846963612e-01
7.967735848394171816e-01 1.119547964346152114e+00 6.978588522122973758e-01 2.274432141986866274e+00
2.068279673252740203e+00 7.893194154450529076e-01 1.910895800421234525e-01 7.093136064768167381e-01
1.304647232923909161e+00 2.938124636083587315e+00 2.785239155966537261e+00 2.746261301004177202e+00
2.338185542662054139e+00 2.168536742986542087e+00 2.733288426753089251e+00 1.539809109191216274e+00
8.893534289892995881e-01 1.774564912490066981e-01 9.815177994766903780e-01 2.480726866146051590e-01
3.409184347108407120e-02 1.943100821407933373e-02 2.954240291893406312e+00 2.311358836025911412e+00
6.287687577468982214e-01 2.031786464569969919e+00 1.327561675534872032e+00 2.242263770228182462e+00
3.898690528599953464e-01 1.352156740382194355e+00 1.374797032009181352e+00 3.107179541150224100e+00
1.375847530082327408e+00 2.703263826419870508e+00 1.039182325945655405e+00 2.215824602633800211e+00
2.943984234351347595e+00 3.491611624110412260e-01 1.262138079291497572e+00 2.368467993034313768e+00
2.900274310983184112e+00 3.195591834037158629e-01 2.746272125032235945e+00 2.634084563084110986e+00
3.822684693548515922e-01 2.630110138832094879e+00 1.328585383892876726e+00 1.316460553635364406e+00
1.549982646653025098e+00 2.230249160911009110e+00 3.040682534949019633e+00 2.892329655772895691e+00
1.747465603111962862e+00 5.377205689364715768e-01 2.708335200577522528e+00 2.551112527496802063e+00
4.464039392273067564e-01 1.107035380397025925e-01 1.209134747480425792e-01 3.193824213773572285e-01
2.062490070421793664e+00 1.568263346859451124e+00 2.785565950731767604e+00 2.794283544377270445e+00
2.355018268293469053e+00 2.029926682047681119e+00 1.904317663122074844e+00 1.338288832398146555e+00
2.801931105554701151e+00 2.543517347967354070e+00 7.278361673843370960e-01 1.623753160431800957e+00
2.727238654880519864e+00 4.438829713624420879e-03 2.330555172600650149e+00 2.092088383935980289e+00
7.468968279801037058e-01 2.655095523201592034e+00 4.816738356855027048e-01 2.779532302067579064e+00
1.778353576316878293e+00 6.493927201324477538e-01 2.851647143721590894e+00 1.108804881847364365e+00
2.675178852179778133e-01 1.887457957972750844e+00 1.791635969661822259e+00 1.910066858893418873e+00
3.123158284095856274e+00 1.614371948292096626e+00 2.928562403859593211e+00 9.905325229429484679e-01
1.519896518480802206e+00 1.823309637100524849e+00 1.263860318074815137e+00 1.690552311804333296e+00
2.604556451240433113e+00 8.563467071384665008e-01 3.024395209442994670e+00 1.126517230620518228e+00
4.606779401443769073e-01 1.607753697052591191e+00 1.160487641948216186e+00 2.049413555833634604e+00
2.601214792200123860e+00 2.586326177848575991e+00 6.965440296138368792e-01 1.139383483241802164e+00
1.016386600069482116e+00 9.674574544757004180e-01 3.975158830038036384e-01 1.995843896519202409e-01
1.353862263553101464e+00 5.140134427632899738e-01 9.091057513833898929e-01 6.981664483803273757e-01
1.389485938471252124e+00 5.984616887942979524e-01 1.895189876152672204e+00 9.962752810372385026e-01
2.974578824634845908e+00 5.677992132333176123e-01 1.237002927354374782e+00 2.815168222958456923e+00
8.040105288158139185e-01 1.585553866211717899e+00 1.790778279123010686e+00 2.821174735257742316e+00
1.494921549512536085e+00 3.879250304229437951e-01 2.051033551164120894e+00 3.134313770108569486e+00
1.773159745689104616e+00 1.485008187471109631e+00 1.957466619353790960e-01 1.045609479386277352e+00
1.533716230826214444e+00 8.089852833314515879e-01 1.012515184502138954e+00 1.514657306716033602e+00
2.674574810573473460e+00 1.139993877906074093e+00 1.056547957466578369e+00 1.793690966842166112e+00
2.263738914079385101e+00 3.014532383012214378e+00 2.598493321082647078e+00 2.467277608988438065e+00
1.386938869120157403e+00 2.460121995843437936e+00 5.714168655928779650e-01 2.343716365055005468e+00
1.008763733480351643e+00 4.925119926227248812e-01 2.176017294801765090e+00 1.067299084942009424e+00
1.737175480030792862e-01 2.721635473598285060e+00 2.145339480812089583e+00 1.715464390182477761e+00
7.782803905547944767e-01 3.386670215932246486e-01 3.098331782755952890e+00 1.460431473690621429e+00
6.382947029567499486e-01 1.810969629434789230e+00 5.045912920742048335e-01 1.794270651951823670e+00
1.286390342974595979e+00 6.798384137736855903e-01 2.379107997488892678e+00 6.686902919816202495e-02
9.285080584230734901e-01 1.696881079277873461e+00 2.389564423125573267e+00 2.474784932320542641e+00
5.114849721666109295e-01 3.648714451629884725e-01 2.588214056216736392e+00 1.314638154544765847e+00
2.569889512896654349e+00 1.331235835946335877e+00 2.812182131229674198e+00 2.572067753379957411e-01
3.066695069617836111e+00 1.573302966211873377e+00 2.270450954527792664e+00 1.388056735084012283e+00
2.790684369952168176e+00 3.024695703124107293e+00 1.819510692927023499e+00 2.093888000436149088e+00
1.052620433070177164e+00 1.211971508033662603e+00 1.093014777472915755e+00 3.163914147997577975e-01
2.801968619180763120e+00 1.695369923433184045e+00 2.120108897912654111e+00 1.823060598691864209e+00
1.924781332176825455e+00 2.539060046362259460e+00 9.575432174142950448e-01 4.712872457203581278e-01
1.871655252215358001e+00 1.884924068092761473e+00 1.988973728723335554e+00 7.833217889868641093e-01
1.334883821373541002e+00 5.937144993684239092e-01 1.707938980574003729e+00 2.829946762917460390e+00
3.097058817626844984e+00 1.177365770118088267e-01 7.860946093540760460e-01 2.182850501390511067e+00
3.832548842601137262e-01 1.475670396533652617e+00 2.720668023828999527e+00 1.002932406120467856e+00
1.122154904103968232e+00 2.178763868735245968e+00 2.949903024751468816e+00 1.750549550447777269e+00
1.642885283513125350e+00 1.580918990279855274e+00 2.272497021861561883e+00 2.462252666931244782e+00
1.657379525253593888e+00 5.651009160419115940e-01 5.888957111333572580e-01 1.989500248287304096e+00
1.216253984275214473e+00 2.427364056566927442e+00 2.596418373084289133e+00 7.213679713979110897e-01
2.374245794509708407e+00 3.393650289820921429e-01 3.102975581879230393e+00 2.046275458193659524e+00
2.648966595762119347e+00 8.643666439098395271e-01 2.632926547830827246e+00 1.301910118514073345e+00
1.904310181040037353e+00 1.852729598255692389e-01 1.627368860617252055e+00 2.914182629105484423e+00
2.935067241971200946e+00 1.379611092862798483e+00 8.739890048978679049e-01 2.939614812875852162e-02
2.728524524939143436e+00 1.257220895899306301e+00 3.263018206866128978e-01 2.128639704349422956e+00
1.947665773744636564e+00 2.242871456194466706e+00 9.852632528146625379e-01 1.778152956587192079e+00
1.731138499652645768e-01 2.095309455885508321e+00 2.250372258761600630e+00 2.633806408287293621e+00
1.745396188809208882e+00 2.668274207051171132e-01 1.920507786820524476e+00 2.739343470736150810e+00
2.440595994991195283e+00 4.627863271288861768e-01 2.172155113048825914e+00 6.782435080212783074e-01
1.533514490586090462e+00 2.936023556475440000e+00 1.182972336878864716e+00 5.375330779559289729e-01
2.206083489657431507e+00 1.401584758398615405e+00 2.825249982055854758e+00 1.939629902727237010e+00
2.288581795174203126e+00 1.717810315459662229e+00 6.067138755298756569e-01 1.236568873467616125e+00
9.726374863805639093e-01 4.879515057835916991e-01 3.049348023518974937e+00 1.154751730435817247e+00
2.853771651474682702e+00 3.436002132892356231e-01 1.813743159731464161e+00 2.012326102682841178e+00
9.385090926056817440e-02 1.193859932902583187e+00 2.741745724596178935e+00 3.006033478976588569e+00
9.445832244618157514e-01 2.224934952809597632e+00 1.043227484979043718e+00 1.833460123157229837e+00
1.214100914976948831e+00 1.636484741334021775e+00 7.756493997284440445e-01 1.710552170259966642e+00
2.345786723950632258e+00 9.894949392898538809e-01 2.957909772544931037e+00 1.022667995673717939e-01
1.228642961974088232e-01 1.042891349897350439e+00 3.071421227345970451e+00 1.359269571036924917e+00
2.991739216773072751e+00 2.530622280739933672e-01 3.779698193614460244e-01 4.271674416934897467e-01
1.010407844206478556e+00 9.922053238934048780e-01 1.688125857209403335e+00 1.582289294718279393e+00
2.596419724483368885e+00 2.352237654846248915e+00 2.474556864043317539e+00 1.595903982994815840e+00
1.637222786002816566e+00 6.643597141556527585e-01 1.650350047740776427e+00 2.229643903364911584e+00
2.521667106282847737e-01 1.738913583154767295e+00 1.906164009618614541e+00 3.271249220951149561e-01
1.363639517467003293e+00 5.224198018893285722e-01 2.743120314909581303e+00 1.279247744777101348e+00
2.914594319977315440e+00 1.739414997066038193e+00 6.094554871210666747e-01 2.103792295770777088e+00
1.566070525360658161e+00 5.340783024796619260e-01 2.984983244340850828e+00 1.973999883124995192e+00
4.397778819360174674e-01 1.809472570389745627e+00 6.495590597604714578e-01 2.321681974383736691e+00
9.999723184364214257e-01 2.651727861618610849e+00 2.142408114691455090e+00 2.976384427397979149e+00
1.919952920482255188e-01 2.111167250427469888e+00 1.971696967270686551e+00 1.029692520290133695e+00
2.203426543339700228e+00 2.455498174731230776e+00 1.797552694138710105e+00 2.580276595303726328e+00
9.247317365778269238e-01 1.182728939655179001e+00 1.932780225593525858e-01 1.625578689972062341e+00
2.595601698241726041e+00 1.766409305233570759e+00 1.903620273790211259e+00 1.783867980495820738e-01
1.870379530040726657e+00 1.435525287438226494e+00 2.597620640777838386e+00 1.189147329857202645e-01
4.773345650427758824e-01 3.795364475697146633e-01 2.832648132584031142e+00 2.014381264207601441e-01
1.888090563382135212e+00 2.561540809626654092e+00 4.251123342585055864e-01 7.141366557591986020e-01
1.659351795270172403e+00 7.412953807758028146e-01 2.691596485637205660e+00 2.635698559654823470e+00
1.268780036937482203e+00 1.482015194666607361e+00 6.604738176515492221e-01 5.322227339383019951e-01
1.535196806362325583e-01 1.102766217413406302e+00 3.522467753774592980e-01 5.911394334922420724e-01
1.832448208185648131e+00 8.472974839259890256e-01 1.962374259414430444e+00 1.494186354211035406e+00
2.488156233260166772e+00 1.486250332496879267e-01 5.334482644245535088e-01 7.125686821875576449e-01
2.846357267021032200e+00 1.148168669607113390e+00 4.004501639060301099e-01 2.046298755200153252e-01
1.022490662533575456e+00 1.378567250921064469e-01 7.999926596026195602e-01 1.646348726548600983e+00
2.809411269982803994e+00 4.621820467474119787e-01 2.309632842647840079e+00 2.743733709601400950e+00
6.345933161979402382e-01 1.736522005941272484e+00 2.687112499658270259e+00 1.494636605435021082e+00
3.049600879787356167e+00 2.188359503759440550e+00 1.246825040752278513e+00 7.263272700253701197e-01
8.250968040308168661e-01 2.761516699984525314e+00 1.646296714352839807e-01 8.157322743006479859e-01
1.540715532850414737e+00 1.769482923363139282e+00 5.680216167523960413e-01 8.201277606388307495e-01
2.705316584922328627e+00 1.373305587436903563e+00 2.742618156996577738e+00 6.861560583916819223e-01
6.432686100868192369e-01 1.251357872358553891e+00 2.802694154664365112e+00 1.691841833409313711e+00
2.492272736132225219e+00 4.745491595692315212e-02 1.999938832958727097e+00 1.193186732018506779e+00
2.688112725407792336e+00 3.954556144630557157e-01 7.547800001115179125e-02 3.778284651136528116e-01
1.565743761241104037e-01 2.841242559306581317e+00 3.265758434117159714e-01 7.786900721317472351e-01
2.953047067231139078e+00 1.350924298346783292e+00 1.208384132657214893e+00 2.114966510576218983e+00
1.019814925828752772e+00 1.213089565197484454e+00 2.527204025615530814e+00 3.916871363960759966e-01
2.572940480010227571e+00 1.760589192947017878e+00 1.754483343372995385e+00 1.961530730168940195e+00
1.815700197599531718e+00 2.804291127056895316e+00 8.409644988799314103e-01 1.348512234568760570e+00
1.913656500765479329e+00 2.128814538024032643e+00 1.065417095781081014e-01 2.323359662049029328e+00
2.078329949979648816e+00 1.313138106550553408e+00 3.082085380357977300e-01 1.582885858831689863e+00
2.329128534167657083e+00 3.084070168266187517e-01 5.596066629262698156e-01 2.172562921481304254e+00
2.368136818532974530e+00 1.100879881501956703e+00 1.790428801706325235e+00 1.069235373894290797e+00
1.674062156358222087e+00 1.484680097860551662e+00 2.271133467746609291e+00 1.613245346671482006e+00
2.838096231296461269e+00 8.626348404067625264e-01 2.839569052305387586e+00 9.952589533077250694e-01
1.244084301887830479e+00 1.942384413414677935e+00 2.489495229454800285e+00 1.719776473141488848e+00
9.049661031301550751e-02 2.260673344155272435e+00 4.728867147553276196e-01 1.968665622760507272e+00
1.429991652488433740e+00 5.711304272578082708e-01 7.528892857797246929e-01 2.717631171763032594e+00
2.795027276119168125e+00 3.507956313250631397e-01 1.633890665867003600e+00 1.679091288300095908e+00
2.683018426493207986e+00 2.840527995501318070e+00 2.016428543828276965e-01 2.205016824788434970e+00
3.895275433765347239e-01 3.096882016052011188e+00 3.109188816502723718e+00 2.131165984273062808e+00
2.009929090604965829e+00 7.183061043781603372e-01 4.366878289011318914e-01 2.155877237033589466e+00
2.262084726402921131e+00 2.121243836591698795e+00 2.156196908390016542e+00 6.448610046942885310e-01
1.857550628510016733e+00 2.095435113899932311e+00 8.459314564651172763e-02 2.455553892187221088e+00
5.191569401857361044e-01 2.062493568197725669e+00 2.381354478601835079e-01 3.579646652722861533e-01
2.096892838601073450e+00 2.109067537332185882e+00 2.879886663989350115e+00 2.451558815682155057e+00
1.612889117603039546e+00 2.430292028198925092e+00 2.326879846540046870e+00 1.754613973672750182e+00
7.979026301905461915e-01 1.156466923384664724e+00 2.287805210141083290e+00 4.317589014581986184e-01
2.042686963080968532e-01 1.901699105016703362e+00 8.218040592389229682e-01 8.760003995075818506e-02
8.505018355457216739e-01 2.830654354550116381e+00 5.579670027352964246e-01 1.862535869550675738e+00
8.021621422582295713e-01 2.109013027279234453e+00 2.433612594718672639e+00 1.499760648313954059e+00
2.972113500515233930e+00 1.165496659223732301e-01 2.383250438997428944e+00 1.740349665006807545e+00
3.113879439111431502e+00 2.905660841511127579e+00 1.191991979643675315e+00 7.298260967042157210e-01
3.028874066432717171e+00 2.937078479320822111e-01 2.006880279764711617e+00 2.809226250474967657e+00
6.870974723097065251e-01 1.621233060380044666e+00 1.620015875545650852e+00 3.033748448362445949e+00
8.150437295749503042e-01 1.473910606188514771e+00 2.168614723592267257e+00 8.187501564271879584e-01
7.803010243990708972e-01 2.317816898894916378e+00 9.358783741298157821e-01 2.821550723276307515e+00
2.379011143616233337e+00 4.833573452733543885e-01 1.947795315802582694e+00 6.430877847679562602e-03
3.012093271932716032e+00 2.109839568531473919e+00 1.049482637576407251e+00 7.599956471378472855e-01
5.972681427629414896e-01 1.584634863492011991e+00 2.387601896999696827e+00 1.569124195993623294e+00
2.555372728753510181e+00 8.602283207375677199e-01 2.759397330825844374e+00 2.370240972380554645e+00
1.136383397377580123e-01 2.136782757838040503e+00 2.294211467005063287e+00 1.409879391437638851e+00
1.421312189541019455e+00 3.515963874066131423e-01 1.354297017100626999e+00 1.900653300320875871e-01
1.077432394448498698e+00 1.204559462734962061e+00 1.497633684514751984e+00 2.221913033031484908e+00
2.370387772266011162e+00 7.027556144630785484e-01 6.208621150276989742e-02 3.020335781059761082e+00
1.626894988567939127e+00 2.720807374454322414e+00 2.364253344503268295e+00 2.596398615001177745e+00
5.363161633606600143e-01 2.190119826941769876e+00 2.993964977880711587e+00 2.450782945984319561e+00
1.918641282336885023e+00 2.924294463067435568e-01 2.085077796150216933e+00 1.925379593940199419e+00
1.237667193355717066e+00 1.759697318473818939e+00 2.987010234885279836e+00 3.026672979810456354e+00
2.977894401007456171e+00 2.903623310523442136e+00 7.613862387932834874e-01 1.302561843760242200e+00
8.535608669971813667e-01 1.250814906055125242e+00 1.410961523281776486e+00 1.331754253022931822e+00
2.638067001717042448e+00 1.039005743483951250e+00 1.450871773207036641e+00 1.173790427243909917e+00
3.022792000846024063e+00 9.301553475847272878e-01 2.645626210370256359e+00 7.217932319706620303e-01
2.633838689254099918e+00 2.394221568519742771e+00 2.952591938066547961e+00 3.139667219840550416e+00
2.828076215191319687e+00 6.623034846603822468e-01 2.201156410886035975e+00 1.291688307150867576e+00
1.386517058285369863e+00 5.546639550565896776e-02 3.094267099569228741e+00 3.018927917264414007e-01
1.862875714775719338e+00 2.306914289365307076e-03 1.681636462984507530e+00 1.924141182077603096e+00
2.437435782501556902e-02 9.033114699860822494e-01 2.023280424643500552e+00 1.098492292138570914e+00
1.558241616606248492e+00 1.467932051084892275e-01 1.297129721951381098e+00 1.296146658538799734e+00
1.748436375199397208e+00 2.189905039028218869e+00 1.345328230464135411e+00 1.058259444183965670e+00
1.863353202544040021e+00 1.072366474548147153e+00 2.525675291824527768e+00 2.471782031703254834e+00
1.635831388362125605e+00 2.306377837070235692e+00 1.493616305402887479e+00 1.346106688317340261e+00
2.569396186821316430e+00 2.310739623868448278e-01 1.942202616500853685e+00 8.551910101539575981e-01
3.280951230291836440e-01 1.918307226446722830e-02 5.703413637537995129e-01 1.770443716675361268e+00
2.809530672855050870e+00 6.211882434070495895e-01 1.205126870805247830e+00 2.119763416319901117e-01
2.923903215949726686e+00 1.723904447842169008e+00 9.792226514553000749e-01 1.776875792973491297e-01
1.813115177696972502e+00 2.936899784388538048e+00 1.241732766687444256e+00 2.899717567669261697e+00
6.080694147180885079e-01 1.299472495883065681e+00 4.187502914193331760e-01 1.356200873441438803e+00
8.374182726513056396e-01 2.858568317934518710e+00 1.303128831729588599e+00 1.362447056663941725e+00
2.751163096308595790e+00 2.595087336163721226e+00 2.386718156225713372e-01 1.548291094083530162e+00
2.972958278266922161e+00 1.699199094864577653e+00 2.856922829302596778e+00 3.066759852479230108e+00
1.715286636069793369e+00 3.012890476945393026e+00 3.277078494111141937e-01 2.275963199837625961e+00
1.446392442105899345e+00 3.118865203212377146e+00 6.381357156719444923e-01 5.838949397852731815e-01
2.291011915572596980e+00 4.921830028842726357e-01 1.922321148889323261e+00 2.581762912434973245e+00
1.248945853900025771e+00 1.384113256773072953e+00 3.835336848769416718e-01 3.137952425319163297e+00
8.821335657381038642e-01 1.105744647887693111e+00 2.916774409798750689e+00 1.360325618653574375e+00
2.497632488177611521e+00 1.085949308506679145e+00 1.486762482306897226e+00 2.614803617501988420e+00
2.127793953802331828e+00 1.689998026275658427e+00 7.271821442333879781e-02 9.982938913063613695e-01
2.611082698386810730e+00 5.589099969571241777e-01 2.081416608549227151e-02 2.569112238678802562e+00
2.912617668082069677e+00 1.961788977332677097e+00 2.801673240064948445e+00 2.645918788715099890e+00
2.426764046648001383e+00 2.917481701822192353e+00 7.461591643475196101e-01 2.872512002545490883e+00
3.115456347660761960e+00 2.576181389212621742e+00 3.791103218532177466e-01 3.039403055466369796e+00
1.114476708028519614e+00 2.120512742989411059e+00 1.930993862393048044e+00 2.295330934944876056e+00
1.800109255136286501e+00 2.494449604458871317e+00 2.060268153443605144e+00 1.798865978420470801e+00
1.789885852542926203e+00 3.187656592187089744e-01 1.434519757751820279e+00 2.815644777925613518e+00
2.014683124532250957e+00 4.466990032318348125e-01 1.651353598921888599e+00 7.170384294309450901e-01
1.882792454894841594e+00 2.301754571696293716e+00 2.166469629132219687e-01 1.035615895023326294e+00
1.903680147657238475e+00 2.972316543329071692e+00 1.384491737571952319e+00 3.049178705624504104e+00
1.038786472032700692e+00 6.344822756729660007e-01 1.707910431912346150e+00 1.604647817715335323e-01
9.917880350740833073e-01 2.966115056205894440e+00 1.165826883085546717e-01 8.590780295719832038e-01
2.360298888385649718e+00 2.679182984769951759e+00 3.707796316747991039e-01 6.718218214150614154e-01
1.030418827974357354e+00 1.591270364481608635e+00 4.033509514537997886e-01 2.846208393794295688e+00
1.317308885539852481e+00 1.869008647574749382e+00 2.676934271864335191e+00 1.462814780538819415e+00
4.264774126174693258e-02 2.119865212400976251e+00 3.103562315555966844e+00 2.616749728908946970e+00
2.419976622095231900e+00 3.033719042174762404e+00 1.600452394980129922e+00 2.194656696307918153e+00
1.676408776603104611e+00 6.427777541643933668e-02 1.685301231634415142e+00 1.438922544590532926e+00
2.753764170997170080e+00 2.735467327008274996e+00 6.591195927288385770e-01 1.112823777347625276e+00
4.825833807946289800e-01 2.827537542516163072e+00 1.038311018933811836e+00 3.825342846159749954e-01
6.740662683615544770e-01 2.996066751778713733e-01 4.877712883603819716e-01 3.087689856536083965e+00
1.274274631358976173e-01 2.231816514935196505e+00 4.390559601262691847e-01 1.391800390827584222e+00
2.647261134616758493e+00 2.668597075006324260e-01 2.824888923133602958e+00 3.133450910034708548e-01
3.105825832149375021e+00 1.461699703924891569e+00 1.357841258923892402e+00 2.548488097507472183e+00
1.804333937956704270e+00 2.556805642466937645e+00 2.350939699443403530e+00 1.625835773536423723e+00
2.598972353195127205e+00 2.176964933135198788e+00 1.855242150151331870e+00 2.200777012049364156e+00
5.478486847955688077e-01 9.945936886252029208e-01 2.621582044894326113e+00 1.880856970109736404e+00
4.223914760282133085e-01 4.332031380867801262e-01 2.876420467325828234e+00 8.882322852350471587e-01
2.602511484605168679e+00 1.270089654148906844e+00 1.373934399197952461e+00 8.772333074716504031e-02
3.198459446489244073e-01 1.441759319699776887e+00 1.447381164340737936e+00 2.467054497805334368e-01
1.161988071394462363e+00 1.013617925566476341e+00 2.726851203570774818e+00 8.833278228572186697e-01
2.205384927207709289e+00 4.528963536901432080e-02 9.526288081413549769e-01 1.146426189693372955e+00
2.611413927347582487e+00 2.666312181886131061e+00 1.189078986498306900e+00 1.590238566323560976e+00
1.160074019335883694e-01 2.167142901915994013e+00 1.822563962099376544e+00 1.371351324597755106e+00
1.753205209417355026e-01 2.188591240146375849e+00 3.087998957877208794e-01 8.103724017749891484e-01
2.457922954133237248e+00 2.233195661207718619e+00 1.520366350763130425e+00 1.001962540921629952e+00
2.438650325699204813e-01 1.311051589393582018e-01 5.295924582304082362e-01 1.493398391351323351e+00
1.684048870933330999e+00 1.185360218233569185e+00 2.328009245248274350e+00 1.148230648770025564e+00
1.833881588290394937e+00 3.113007308012790020e+00 1.687998167060205779e+00 2.740172509965125847e-01
3.454059257446361331e-01 8.737382192740144049e-01 1.852446590693054285e+00 4.591412930221579480e-01
2.388752411849963231e+00 9.310449274775813855e-01 2.767801238352377791e+00 1.512233530541072790e+00
1.362270023145848996e-01 2.735796837260171976e+00 1.086846397107254614e+00 1.827702080183074215e-02
1.838023768948470638e+00 1.045220390419414197e-01 3.058227279891095662e+00 9.066366415605170426e-02
5.593127491262394058e-01 2.503671070472932580e+00 9.379536587178828322e-01 1.071003597471009261e+00
2.030173084246190918e+00 7.885440352299094569e-01 1.648713109609792338e-01 2.650652786278262951e+00
1.896486477430570528e+00 2.871671294842740085e+00 6.845960545992177959e-01 3.608705666987795102e-03
2.893304398664096055e+00 1.785043638286352374e+00 2.887308585431616503e+00 6.756447333613669892e-01
3.022015644077310270e+00 1.930986234358387899e+00 1.359770364309224489e+00 1.718036506869301538e+00
1.915911004764993431e+00 3.135179857317542229e+00 1.084844798658449294e+00 1.808328309311923565e+00
3.743995478289604412e-02 2.202704126225789150e+00 2.701044934446381163e+00 2.510361605519882300e+00
1.490043298160441898e+00 6.664918934831011166e-01 1.884256894796707549e+00 9.857642232077132305e-02
1.509441075488334505e+00 2.007153719757244215e+00 1.881727819340747176e+00 2.719425609759134055e+00
1.824720483667574555e+00 8.684575094238847770e-01 1.335285865037889153e+00 2.221229525162823570e+00
2.102866232427445248e-01 1.095048487796396630e+00 1.817796779587859790e+00 3.092401296284225332e+00
9.667031067686221446e-01 3.124715582906879341e+00 2.741640484095185570e+00 2.850192454361786698e+00
2.541348823244951927e+00 2.043062144942149327e+00 1.986770126944515269e+00 1.386587140429373699e+00
5.781177113089529529e-01 9.574985169963861065e-01 1.428437548041645133e+00 1.502785141173362149e+00
1.767388547506766772e+00 1.351710698897717444e+00 2.339323068024165231e+00 2.851910551767393276e+00
3.061631937827270722e+00 2.713437558681708328e+00 7.958615708353770080e-01 1.958994036023903096e+00
2.657387768741361622e+00 2.292385977834609179e+00 1.537199765853787814e-01 1.644318816850715903e+00
7.350250300359328914e-01 1.816950513017879729e-02 1.139173335728578040e+00 2.616660615756277508e+00
1.224442483012298633e+00 1.481629647460682486e+00 1.987394076141288490e+00 2.573387281983166019e+00
2.492514431115439688e+00 1.069460309668539111e+00 2.131711473715721450e+00 2.374631854702293321e+00
2.774955853897420166e+00 4.882958077562665755e-01 8.866526847292400815e-01 2.002875656096720025e+00
1.210228473029766105e+00 6.158032772887194195e-01 1.997604229607433446e+00 3.134670377433806721e+00
8.531027961215170707e-01 2.052725273673077777e-01 2.956593491827955056e+00 2.730435259950451332e+00
2.499593260154126639e+00 2.139949673969573585e+00 1.153527925281691457e+00 1.743770750726041374e+00
2.079668896347970808e+00 1.396606343245160975e+00 2.878890055485921806e+00 3.104174800369346787e+00
1.322659975516137010e+00 2.234978604617817943e+00 3.060176556970657380e-01 2.369220458441168908e+00
1.895116281305950778e-01 1.343366496139021704e+00 1.845477532729645986e+00 2.815580969073117501e+00
8.135828980341776040e-01 1.377934660395760291e+00 6.356035760168349258e-01 2.177137969306730536e+00
3.097545788515255971e+00 1.235022055781083816e+00 2.671757293512534215e+00 2.412855374363845673e+00
7.219499855494185825e-01 1.763859563449394541e+00 2.335729317906240166e+00 2.225975125489384254e+00
3.792705996340421382e-01 2.731317331608023480e+00 1.253947727692571457e-01 2.104374608943592406e+00
1.028683867789879525e+00 2.671656371965098309e+00 2.392684068108092088e+00 1.745360405203634002e+00
1.781615559267917481e+00 1.506759480159332587e-01 2.309270209477445768e+00 2.396035098300280719e+00
1.655213279009044358e+00 9.914300161400317890e-01 2.819890808535703730e+00 5.307738365993370788e-01
2.757380495305481460e-01 1.770940179438103224e+00 1.165386830986655298e+00 9.954956956122893441e-01
2.165998088632784757e+00 1.591939291049107030e-01 9.547604154725475301e-01 2.950901722109874115e+00
1.069625405699544708e-02 3.101914549309253033e+00 1.363453196928336775e+00 2.339298309457086944e+00
3.632275119609784109e-01 3.855412257452097147e-01 2.423011412613211846e+00 2.907240866532009527e+00
5.446365585271129017e-01 3.082949291185370200e+00 1.348190455676535837e+00 9.553648082647374640e-01
2.303996091951170833e+00 1.815786403114931113e+00 1.371542938594003891e+00 1.683277996727151893e-01
6.670538450835827859e-01 4.600712707645087662e-01 2.851067619289470834e+00 2.918952905065682391e+00
2.326006959549587805e+00 3.087720113087851548e+00 9.404271169403611852e-01 3.040378507685062015e+00
3.008020427029242772e+00 2.472538369429437832e+00 3.067953657863890626e+00 1.271162704500437446e+00
7.270619285673735055e-01 1.795624255670150049e+00 4.909904814345117940e-01 1.686887830186277082e+00
1.374481528101723637e-01 2.550058663156509198e+00 2.663272806718397945e+00 1.705907132438627682e+00
2.478176429843787609e+00 1.863054717255177684e+00 2.916188746511271912e+00 1.527463902668492191e+00
1.826102990904675316e+00 4.335681305238576200e-01 1.142732840802782146e+00 1.753213728173867558e+00
1.926793220936614537e+00 1.500049908353170425e-01 2.356155307030290302e+00 6.336204594891616804e-01
5.133145509579178922e-01 1.792412855937892235e+00 2.246088758755052650e-01 1.228718625106130169e+00
2.676908697708901830e+00 1.855144657560911181e+00 2.332508030200730165e+00 1.536455380960400685e+00
2.955603811694055838e-01 2.138649432718530807e+00 3.175250588037864530e-01 1.620292613493421907e+00
1.160737287759194603e+00 5.483879016484148883e-01 8.340215818254987923e-01 1.390100414398554918e+00
2.061531373984434090e+00 2.946485326323752929e+00 1.570417564406083377e+00 1.827467838387926147e+00
2.860322519033895006e+00 2.643591817837960267e+00 3.024194034449038337e+00 4.355133782138219667e-01
1.772226860436718177e+00 2.235973850064268298e+00 1.813257344735161647e+00 3.205203075384577965e-02
8.452036066976993667e-02 1.343797718867178137e+00 1.635572667900113686e-01 1.430669451381420654e+00
5.162299668521674878e-02 5.706958724757440482e-01 2.675571041095210045e+00 1.366576867355997038e+00
1.931894522996470798e+00 1.849100000963919133e+00 2.464090067742574774e+00 2.685040362990612550e+00
1.450259234757325766e+00 1.885205295071379128e+00 1.221802159204214977e+00 1.120089570507598831e+00
2.141189166734046356e+00 2.482263909154021508e+00 2.870340306695960741e+00 2.715148880678573295e+00
3.805258812400961754e-01 1.549131568578932860e+00 1.227655578998150920e+00 3.011782872238847109e+00
9.088892742528695834e-01 2.740972657836864723e+00 3.415830516097635439e-01 1.525049118068033893e+00
2.341821787966165580e+00 9.857214120559029125e-01 1.016069974702429546e+00 6.591640986845764827e-01
3.117911588808883749e+00 1.133432545272712977e+00 3.851129634759106191e-01 3.751543360054392928e-01
1.878482621570589428e+00 6.383647365545376262e-01 2.332017311595170117e+00 7.975229435298560876e-01
1.928574814217420608e+00 2.813392536293141788e+00 8.144538003160655126e-01 7.834249561759243363e-02
3.111693103028508212e+00 2.636341846300785274e+00 4.216710508385287937e-01 3.871533676461181850e-01
1.700637992933372034e-01 2.438922431700068838e+00 1.205320143089931184e+00 1.817806819872626878e-01
1.922677626527888650e+00 3.137957359924736345e+00 1.098443064019037907e+00 1.947013123384382816e+00
2.496315639809588927e+00 2.651424988826796447e+00 1.598989863316107707e+00 2.192240911894589583e+00
1.009660450380096774e+00 6.203081408098299887e-01 4.530248494797672887e-01 6.179980243402830586e-01
1.384695651009646200e+00 1.066535057368510842e+00 1.009120778809568852e+00 1.366278782186546081e+00
2.320095911430491764e+00 2.367514944126826837e+00 1.923270153043881436e-01 2.654330078166511786e+00
2.693640687278257673e+00 2.821865737827323972e+00 1.884708850792273571e+00 2.037230521618889512e+00
1.164933201925508977e+00 6.405780891686433387e-01 1.900964685679841892e+00 1.517379902737716169e+00
2.497691617894223448e+00 2.448047392020888946e-01 9.767777641098062125e-01 2.539460630190531809e+00
8.124176250481993655e-01 1.214204612660687355e+00 1.238002082451088226e+00 7.001814390889953277e-01
1.453058213855677572e+00 1.216043777080269894e+00 8.216697099520077208e-01 7.364604727966659325e-01
3.104919391676812968e+00 2.433232234494305590e+00 1.270022731118519044e+00 1.368853193641305976e+00
1.466961778966141772e+00 2.138217039239371342e+00 2.092047540833464336e-01 5.949243021659783581e-01
2.669637691706669536e+00 1.553493383709343867e+00 1.849233022965669271e+00 5.405358170601994861e-01
1.642859607386681464e+00 1.912493831034938863e+00 1.228662559257399867e+00 1.272039144411323264e+00
1.387262602410479939e+00 8.070904278946623434e-01 1.909243161038931103e+00 1.069983341677897479e-02
1.756507297979527094e+00 5.654915051187263675e-01 4.741193093688100269e-01 1.768049054101493045e+00
2.927860935932041997e+00 2.522334603315527168e+00 2.868353907406449466e+00 1.294575918353320532e+00
2.536458704417622112e+00 1.598236388106240469e+00 1.688799604025984058e+00 2.273851585623832605e+00
1.029924147033057158e-03 9.243891915815015681e-01 8.767762246308714591e-01 3.106420700074052910e+00
1.688904229598683804e+00 1.177695429178119424e+00 2.459097329913759178e-01 1.254571305548073834e+00
9.259544680548510431e-01 2.574812230974992677e-01 4.983235891010376339e-01 2.519375219911331953e+00
2.266648251487433097e+00 2.716556998981772164e+00 1.513930017611615941e+00 1.690551816647157368e+00
7.713309123661842293e-01 1.142913151505667191e+00 2.824527156643060088e+00 2.880636982528733459e+00
5.455353775878313272e-01 2.829050160075012865e+00 1.320925695630859042e+00 2.019952669402405032e+00
2.928666213908138527e+00 3.061792054540865227e+00 1.212726991214357897e+00 9.578546589582608295e-01
1.412479340962429220e+00 1.345993016613139748e+00 1.455721828240952087e+00 1.563856132034384228e+00
1.332702944205881979e+00 2.350465077499643840e+00 2.135864332220864359e+00 1.255432046595480466e+00
7.395919501309409227e-01 2.587604903976989501e+00 1.082161897071790557e+00 1.851437086739519566e+00
3.025829166595082942e+00 2.432218189974785005e+00 1.053836761450821058e+00 3.002256933792215143e+00
2.717435742842425395e+00 2.923447746248211132e+00 2.203264746321188738e+00 1.005023890763383054e+00
6.332445406740851990e-01 7.692799417642380844e-01 1.682031716963633849e+00 1.106038232523272047e+00
1.382909635888538435e+00 1.798276429965569134e+00 3.821113100486518421e-01 4.330427633750205119e-01
2.237842400243528207e-02 2.884916696501617750e+00 2.586867695131233269e+00 1.961293111058868055e+00
2.122882717458339563e+00 2.012390496814527030e-01 2.514623677923889744e+00 3.095454339307699865e+00
1.946265558202303625e+00 1.250123311252113290e+00 1.842254480065249833e+00 5.972575447585724007e-01
7.654221400370342376e-01 2.285395647460015223e+00 1.296155844746064378e+00 8.359893169948252600e-01
2.339899459339633836e+00 3.027951709754867160e+00 9.985113805364946860e-01 2.118004840337764705e+00
9.887153315093951678e-01 9.326721790632591658e-01 1.099454268403475155e+00 1.824449824068878456e+00
2.645827169962573944e+00 1.109056460069462346e+00 5.384550543862502980e-01 1.643679390759302139e+00
2.134111714024651274e+00 6.669599177985792160e-01 1.045958001461407515e-02 2.318800939880587997e+00
4.210527699249884681e-01 2.322588024278795960e+00 2.370788344221317789e+00 1.197176335157179444e-01
2.525866023874724919e-01 1.393632380195852560e+00 1.553544859130542077e+00 3.210564099309860808e-02
2.741832759761299254e+00 2.190955182638114618e-01 2.749784732819952726e+00 3.456778601165972353e-01
2.517104065622377984e+00 2.499667882485358650e+00 1.421008718158430550e+00 8.823537812376838207e-01
1.988177813889588474e+00 2.522058634088462536e+00 1.616206229362141533e+00 1.486126205731433503e+00
2.120585281952684920e+00 2.484061057255463556e+00 2.985506944538720564e+00 1.575766535426351256e+00
1.878069701447996120e+00 1.599136041550686560e+00 1.860912725014163049e+00 2.782662107016045550e+00
2.667197803996822270e+00 6.350227792162773666e-01 1.405715450092705598e+00 2.287804444712517427e+00
1.506493372717312207e+00 9.567634792896558826e-01 1.000410353029937083e+00 1.308490908385335327e+00
3.019551274742760416e+00 9.557156625192725352e-01 1.221340859579292948e-01 1.354016829252283838e+00
4.091216986975861752e-02 2.440619972939440885e+00 1.379619617328176950e+00 1.470245250737706399e+00
1.583248558629550828e+00 1.414857900855829020e-01 4.392688467099324923e-01 2.764970854162188130e-01
2.867288832906954354e+00 2.282558601467322479e+00 1.908520149956357104e+00 1.301188921989328229e+00
3.047390815294602096e+00 6.336893693781243675e-01 5.140394379117800838e-01 1.104944211712862501e+00
9.709151076270657876e-01 4.029870458335310102e-01 8.499670434645971717e-01 2.528020588323776074e-02
2.347291978247871835e+00 1.838603995525900148e+00 1.726406625826307106e+00 2.281909006661784201e+00
2.791774998293372168e+00 9.648816142893630321e-01 2.095354332971518296e+00 7.290354799478476755e-01
2.152510431942619373e+00 1.450916866850295861e+00 2.944994676010711743e+00 1.753922437484245478e+00
4.476618116231065314e-01 1.299646766182912527e+00 1.540779635353712651e+00 1.380118240699837795e+00
1.077447865678442529e-01 2.424395219759189202e-01 2.321616864870671648e+00 1.326758124593809374e+00
2.413717796905912039e+00 1.882418594504940534e+00 1.392154213496077153e+00 2.261198283128283693e-01
1.050588094369225178e+00 1.525070695447711122e-01 1.316837857013361646e+00 1.670051838762427687e+00
1.810898666719954475e+00 7.176013575776807318e-02 1.836687144777461533e+00 1.832046410105949485e+00
2.907851415827498620e+00 2.187520343453919658e+00 2.268668307533070916e+00 9.019478274603079937e-01
2.563673753844171177e+00 1.659539754982391202e-01 2.090807823484589711e+00 1.108338241896752008e+00
1.998246465815230133e+00 9.428303272407790869e-01 1.632771909783130138e+00 5.802811847758723163e-01
1.018481671499841923e+00 1.718060945676242346e+00 1.172536774759876499e+00 1.280714861898342161e+00
8.517810792137910925e-01 3.263726105282682699e-01 3.133172304070264591e+00 9.035564533138636945e-01
1.810979925431820847e+00 1.305981004120598588e+00 1.453783542578927168e+00 2.650186165438923158e+00
1.867902775242940905e+00 2.229079381536529514e+00 2.904096217101344468e+00 1.971785181552080601e+00
1.391463251599074802e+00 2.092070260633181800e+00 9.013001664057765927e-01 1.186975421947860515e-01
1.714831156619611274e+00 2.250273691128660047e+00 1.477354937238504640e+00 9.696205496770719801e-02
1.563071908718635328e+00 2.433178164388483111e+00 7.179753865215182662e-01 2.750570289061634588e-01
1.314591292397523370e+00 2.938463424038278315e+00 1.520068765566709112e+00 3.015596740000190845e+00
2.942074744592671820e+00 3.052277055954617513e+00 7.977121021065052275e-01 3.668775713414250128e-01
2.877684001458295504e-01 1.269711195604437570e+00 1.066158071423429332e+00 8.769183278054192288e-01
3.666709402347706481e-01 2.315876938519993100e+00 6.140220897676811340e-01 5.901076080756849640e-01
9.203187748389274336e-01 2.828423691808895857e+00 1.256312562540057520e+00 2.034496465567335211e+00
5.293230674803963698e-01 8.941752157837711268e-01 1.952183073908258626e+00 2.531938863952316154e+00
1.116761860323121747e+00 7.424629047350164157e-01 7.476249171492839185e-01 1.162953500144420005e+00
1.345718156436941371e+00 1.433998598497274957e+00 1.464300678640776621e+00 1.439157417537218153e+00
1.673549404987523026e+00 2.200927149531440197e+00 2.303088082357168442e+00 2.473710231775937629e+00
1.991738660865302935e+00 3.950663013789112443e-01 2.851109511939426522e+00 7.604235586274417369e-02
8.692895221455475552e-01 2.459544377601181608e+00 2.109971759860666207e+00 2.742922281681154040e+00
1.082576861164649795e+00 2.225873656570378945e+00 1.874351886085299512e-01 2.467248314681681709e+00
6.149676047746941432e-01 2.547081767671308672e+00 2.860380641576553806e+00 2.079315008379833518e+00
2.278673361395271435e+00 1.922967019425859014e+00 3.026066423224829549e+00 1.688705338662406019e+00
1.612343304138541766e+00 2.093881580052312508e+00 2.913066166713322858e+00 2.326813588073211481e+00
2.562563768062528169e+00 3.605893390212376870e-01 1.072462489133388264e+00 2.791722607836703673e+00
7.672922533194069805e-01 7.056843281628160103e-01 2.079002151142868460e+00 7.697042457681519956e-01
4.548618948805601137e-01 7.400845001865319350e-01 2.098726595409806439e+00 5.687586537238811246e-01
2.251583621543881364e+00 1.139783581367173504e+00 3.065714602489317375e+00 2.852484925227631862e+00
2.758310484852172006e+00 1.661760215058171175e+00 2.321648040127663570e+00 2.907413011540480152e+00
1.460165346827914989e+00 3.273799729578882878e-01 2.725209938697680911e+00 1.623278870092182691e-01
1.639450618306169005e+00 1.990357540539215986e+00 1.254693952405105728e+00 1.841927433738943298e+00
1.638085484567456618e+00 2.413900249009153676e+00 2.188600656335763506e-01 3.070024900165610138e+00
2.682818677131567853e+00 9.925900103456197776e-01 1.560512169429520146e-01 1.568362097419502943e+00
2.811869148118911088e+00 1.252770408697285731e+00 2.797496340315710039e+00 2.890675202474294547e+00
4.800518693547639049e-01 2.875334664614922708e+00 1.873330337000892687e+00 2.283384561448062122e+00
1.660410092709816154e-01 8.769714397362645686e-01 2.988494359736152184e+00 1.874074069976300105e+00
2.711629603341652039e+00 2.442905428632358156e+00 1.929254614536497936e+00 1.049650008601312301e+00
4.181644552580680574e-01 2.306778124430485466e+00 1.836279782976513175e-01 2.419264812950023547e-01
4.355631889270553669e-01 2.868921142548860104e+00 2.349423226502704021e-01 3.066447549699950481e-01
2.673103082788816032e+00 1.964716948958149301e+00 1.970718438977897558e-02 2.652302611920672737e-01
8.049740469719271485e-02 2.311824727295477278e+00 1.763361287432873015e+00 3.136505478491600218e+00
5.490722093291766637e-01 1.445571583022484452e+00 6.063240104560323473e-01 1.012457006568135087e+00
1.814921015046278452e+00 1.570900071254153652e+00 2.072301394092467053e+00 3.863218819237235202e-01
2.533616671626446770e+00 2.004638562954055292e-01 7.150025482835933310e-01 1.971350845233998728e+00
1.058975553864663022e+00 2.999790009278842651e-01 1.660821310454293265e+00 2.795433030879324043e+00
1.324980216044633341e+00 1.316437893748269472e+00 2.496386332173914813e+00 2.032001424242266374e+00
9.285319088227691475e-01 1.501847454337026155e+00 5.203336483051264061e-01 2.313693388344712165e+00
2.485966822274076282e+00 1.309660852869921177e+00 4.395513449179807020e-01 1.166119721920670094e-01
2.255973175088979765e+00 1.293958032581701556e-01 1.181554383920771611e+00 1.650931557513241277e+00
1.880300830897586817e+00 1.634476863577615791e-01 3.031197018465570991e+00 6.972212869455225448e-01
2.602289710856379834e+00 8.930964353345746329e-03 1.209150398545763228e+00 2.733375015530170149e+00
2.915594085030224658e+00 2.063638093495245851e+00 1.460177872687462353e+00 1.283897713886547720e+00
4.293054512180689564e-01 6.094765994680817478e-01 2.811432882516446519e+00 2.688230681139043732e+00
2.876436308603218528e+00 1.767783017606722185e+00 2.583751734021750845e+00 2.434617528352289284e+00
1.525684942588655113e-01 1.182903855445886498e-01 2.259206462012351313e+00 1.781385983922156413e+00
7.159907793333012416e-01 2.585401588851568899e+00 2.075389633859666128e-01 2.696192753614675919e+00
5.755917899669609206e-01 2.301575575267329921e+00 2.873563590912486809e-01 5.326738864560467412e-01
1.954899880059026041e+00 1.960629448982770695e+00 2.676100556784538842e+00 2.709333324510865282e+00
5.698740108032444018e-01 8.408538532293095835e-02 2.814779959309215429e-01 2.053939333358294927e+00
9.638955635719681503e-01 2.810289319770407968e+00 1.140450542250361909e+00 7.313047585533878348e-01
4.636770499563629966e-01 1.793049048703314052e-01 2.139613052052283138e+00 2.316183910355999576e+00
1.448464306097973164e+00 2.675030201709175159e+00 2.557571229527955126e+00 5.966385491682181241e-01
8.543756301589413571e-01 3.052812118666690999e+00 8.014281865894412604e-02 5.243170659548463952e-01
1.629852312591316466e+00 3.385718729788033121e-01 2.389753435656361891e+00 2.331078764197207942e+00
1.516458868537723381e+00 3.017560419642112635e+00 3.061283584601980134e+00 9.280473539542792860e-01
5.924385782009570223e-01 4.459017931658031397e-01 2.097497985896902506e+00 5.490863350031937040e-01
2.639602779533261057e+00 3.009980019597867873e+00 1.302203744414421882e+00 2.603122108029789494e+00
4.942167032694231299e-01 2.909808446148554051e+00 4.300075497673409575e-01 1.779613705274502022e+00
2.402513755782439142e-01 2.534572943571939546e-02 1.220567954185001747e-01 3.009824386656664963e+00
2.873929234226310747e+00 2.365746432717357628e+00 9.502798313816077647e-01 1.992904132854422139e+00
5.263161757409247077e-01 8.878042685731044603e-01 1.500641005953116558e+00 1.833249332114545327e+00
6.401832392880854594e-02 2.756212141113780767e+00 2.933787944103794842e+00 3.043823256364922791e+00
1.677806701863432171e+00 2.602783710036543408e+00 5.153579982221746514e-01 2.899478339794332005e+00
2.038316855342468870e+00 1.901680564417169927e+00 2.608565376212540698e+00 8.347623132779444788e-01
1.667870670331235983e-01 7.616997343218775418e-01 5.320503297062427472e-02 1.378313258806435293e+00
1.761583709334692660e+00 4.570510446624077017e-01 2.312451674511836419e+00 2.921595291586384313e+00
1.424047730069479600e+00 2.333953258161262756e+00 7.149459586553904566e-01 3.833790053476691106e-01
2.834204746243047524e-01 1.412271189189123977e+00 1.625973814793171046e+00 1.560628915741391343e-01
1.951528109605638939e+00 2.342575967233681666e+00 1.592354038693462703e+00 9.443854711096960619e-01
2.924459720665136819e-01 2.628324609594987038e+00 2.186715822854185642e+00 1.950747753534612494e+00
2.372677576056148041e+00 1.514924429823092389e+00 2.116234470206821427e+00 1.107532539823432804e+00
8.658748584581769103e-01 1.642023992304204150e+00 1.958365777421112730e+00 9.765896134177026733e-01
3.925593455210992788e-01 2.322067938247265317e+00 2.138201754181138448e+00 1.700486179630434691e+00
1.163105791985077353e+00 1.333950438255612436e+00 1.351452201503691608e+00 5.721064464144755002e-01
3.528263927078579831e-01 1.916648147914475908e+00 5.643343295945461024e-01 2.254627422903855649e+00
2.938663671576819514e+00 8.380398074562465105e-01 1.496117143839225561e+00 2.010547153257869812e+00
2.558400734194918313e-01 1.076952921694207976e+00 2.584418996474448615e+00 2.360026242500922466e-01
2.819376416899602500e+00 2.649431111862484700e-01 8.526191729688485932e-01 6.293589471640412825e-01
2.313762197944618126e+00 2.597626781314993138e+00 1.923795680708082267e+00 2.552278570483828446e+00
2.289224165666143396e+00 5.219995159202386326e-01 1.485427694075243332e+00 6.677964296071177142e-01
1.603518133031651249e+00 1.326359091259958545e+00 3.929224485651348076e-01 8.456843950218690953e-01
2.026839866592353712e+00 2.821973815509803973e+00 4.021015485903631226e-01 2.810353086773475617e+00
2.133570030763122016e+00 2.556333386481048908e+00 1.615193186583609775e+00 1.789292400241394299e-01
1.812441772935386330e+00 1.878051822028215190e+00 2.445535046363616960e+00 1.526775340168248007e+00
1.793438159274707067e+00 1.131819904951077538e+00 2.325842135636099761e-01 1.252701886754392202e+00
1.148160278176593829e+00 3.399244213063355030e-02 1.541580640198046748e+00 1.147842104805838925e+00
1.843241471022841083e+00 1.226892430710150528e+00 1.475570271114765353e+00 1.687898326829720075e+00
2.633587190765144914e+00 3.134783860689468682e+00 4.472886216760618705e-02 1.417141552163092566e+00
1.022618312697016973e+00 3.083473783446068150e+00 6.162391063820644721e-01 4.224553814289865039e-02
1.248843053313071438e+00 2.105147661138412563e+00 1.499879039117743007e+00 2.800093186322475169e+00
1.851183762413489031e+00 6.209177648750092704e-01 1.737952518940919067e+00 2.479425394725750520e-01
2.005487846279256026e+00 2.305216934385573513e+00 2.947158141844065327e+00 2.320424477102586369e+00
2.834002053892452633e+00 2.277506198345792932e+00 4.578660427893985196e-01 1.552590889972093935e+00
9.065242013033530943e-01 1.839338834920405841e+00 9.583556974422723362e-01 2.443398674501427448e-01
2.872669643605604506e+00 1.873480857589861381e+00 9.953645327870318527e-01 1.511577609363708552e+00
2.736279208018006504e+00 3.090444728075349978e+00 1.993649002149889160e+00 2.512989481481593845e+00
2.756218019902574756e+00 1.210896189471150963e+00 1.355745833438593839e-01 1.180493918398026532e+00
2.644776407239732841e+00 2.424359194591567679e+00 2.806004253439856377e+00 1.495492558019261953e+00
6.620077250773315214e-01 1.751744215029461982e+00 2.504670313570309670e-01 2.267010982443961264e+00
2.628041981561398899e+00 1.747562742926541235e+00 1.353902334911817551e+00 1.409280755878244085e+00
6.276691552274111796e-01 2.715087942895830775e+00 2.470239018216079163e+00 1.555776689633426413e+00
2.924509901635985010e+00 5.765108063808209726e-01 9.002402103234405928e-01 1.092546525085898335e+00
1.393146261452872681e+00 1.375096706806350877e+00 1.064333919143364504e+00 1.689601822999000191e+00
2.793929235313530324e+00 1.334107214046787337e+00 1.693591231519686158e+00 1.121292796497981081e+00
2.650617460205406228e+00 5.588361869475231281e-01 1.744808352450721578e-01 1.746335129669360775e+00
2.090559362347032657e+00 2.163738197243698647e+00 2.552634000820668714e+00 3.071757977493231095e+00
7.512990399018402154e-01 6.414744259993371278e-02 2.627683834464318746e+00 2.138498720115262763e+00
2.573377683741134625e+00 1.153075654431102492e+00 2.188839639807353965e+00 1.723931969871421721e+00
9.813349974388414498e-01 2.479717117176347685e+00 5.717299024632302995e-01 2.822270127691123065e+00
7.104447130268884969e-01 2.378926156886773224e+00 5.597186491667540675e-01 1.935228470960872471e-01
1.689179151815667801e+00 1.873006211143524391e+00 3.114100985509381747e+00 1.576879399560701334e+00
2.918389974779051599e+00 1.760945442933118388e+00 2.918799253977309993e-01 2.228158135897636782e+00
1.760873569432479524e+00 5.144329374193093996e-01 1.665792953143732769e+00 2.579562189426165109e+00
3.109572255902414151e-01 1.306931015973921362e+00 1.797292028706703793e+00 8.801724884261564741e-01
1.744385251151448601e+00 1.182356648755850115e+00 1.092846721772706253e+00 5.604587118866288797e-01
5.601904239896817739e-01 5.460443308629239212e-01 2.143285150944347350e+00 1.052861816243412463e+00
1.999137145489922496e+00 2.359550230591179076e+00 1.057495608758705519e+00 2.394946294314265423e+00
3.014775762695527828e+00 2.233615441195971218e+00 8.247870054387824723e-01 2.034469807860728174e+00
2.346674002211616816e+00 2.931404342385312667e+00 1.552604423727829808e+00 5.730006043064089782e-01
2.785890320447049096e+00 6.402337844121136490e-02 2.308988213252702870e+00 2.686313711447976260e+00
3.535716453039866591e-01 2.770713382915544365e+00 6.879167398707717318e-01 2.815230663931117316e+00
2.720010364908577838e+00 4.272757846132620441e-01 2.321941174845575606e+00 4.065093943629359829e-01
2.476927959559025894e+00 2.968689935063656637e+00 1.093686865267707420e+00 2.023677247193762074e+00
2.937234295640986925e+00 2.481226245861271273e+00 2.859747623767646019e+00 1.836145480557058951e+00
1.343397920463420825e-01 2.512985849446282671e+00 2.581512987567162298e+00 1.978061582367375726e+00
2.921986637008962551e-01 3.033117298038741083e+00 1.655709457883088320e-01 3.018588859387127510e+00
1.233972062854839374e-01 7.841030329563590806e-01 2.834874707742551792e+00 1.088437610519388699e+00
2.970220456280489252e+00 1.225577700404632431e+00 2.265514749634785774e-01 1.175290746349235027e+00
1.666602540612461825e+00 1.848557737467989348e+00 1.911133825273821030e+00 2.704404704255599423e+00
7.942875485549805506e-03 8.264483187953204357e-01 2.005569702383183106e+00 2.934887938980524247e+00
2.586813271475672416e+00 4.514599217621562133e-01 2.487341740593649764e+00 1.605943839162877529e+00
7.000029890713836966e-01 8.427749004914629749e-01 1.321716166380717095e+00 1.933203802494009249e+00
6.847985070234366978e-01 1.078159053861530853e-01 3.147713857103305313e-01 2.299698613838789374e+00
1.976666173178191377e+00 3.836137667486443914e-01 1.370110918240076137e+00 2.385532412537944846e-01
1.337894786799685765e+00 2.239146814062285440e+00 2.195483744753619515e+00 1.577265747973054300e+00
2.717435330754243594e+00 1.724902964155395901e+00 1.026875485941469046e+00 1.569850190912873256e+00
1.374831067030320098e+00 1.034998927349722653e+00 2.761423169221210450e-01 2.723292488560544733e+00
4.955910163788447842e-01 2.240908275053043130e+00 2.850028085987359461e+00 9.331549944247523598e-01
1.216974435684376799e+00 2.802307048231201136e+00 2.643547008639936191e+00 2.846484674500590728e+00
2.270888496426179959e+00 2.179795445560660738e+00 1.058593000691224306e+00 5.323779357542622881e-01
8.902425014880387399e-01 5.706284507475541945e-01 1.087748635245707751e-01 1.472014750229195590e+00
3.099132321423657466e+00 1.684229646951365678e-01 1.285438062868592413e+00 4.060797853970725124e-01
1.876709873477469426e+00 2.411401696925961957e+00 2.080651838219254479e+00 1.931880511099189679e+00
2.004196485004642980e+00 1.324306365263740348e+00 2.286691308165857972e+00 2.681853596321958744e+00
3.228064039866219703e-01 2.934169874215264873e+00 1.083487040722672656e+00 1.547543015588477733e+00
2.796086018838460863e+00 6.827129945073634465e-01 8.798324620530499907e-01 5.924367682164923821e-01
1.943630377181207347e+00 1.698554205432209807e+00 3.010641535180927364e-01 2.243421829422866942e+00
2.464073681395012816e+00 2.746928583026419179e+00 2.627592231924362753e+00 1.731672351772602703e+00
2.022684317454964464e+00 3.110384619185439625e+00 2.502350085798358936e+00 1.920413368094967099e+00
6.111031667480467666e-01 2.377931958129909873e+00 2.676561355220408254e-03 1.485118555254122175e+00
4.996731874594599332e-01 1.982955176975100597e+00 1.125693099191692026e+00 2.865412998260603139e+00
3.799776185004093421e-01 1.417144894633202590e+00 9.482357442243171120e-01 1.749033807251284767e+00
1.547947483374899180e+00 2.601229878091541270e+00 1.425111740382483561e+00 1.562220283414929245e+00
1.983095768179987672e+00 2.959908150293753870e+00 6.591371232157061666e-01 1.473358088486080186e+00
5.333437821975073323e-01 2.647530761414235378e+00 7.990045361684940950e-01 1.807884589084237659e-01
1.320434134372665325e+00 3.745671316267635276e-01 2.983271908126098104e+00 1.457709180244051383e+00
6.087904589204296002e-01 1.357618321556824048e+00 3.113103403583727946e+00 1.563940608047617475e+00
1.715615894926209029e+00 1.166163588086716940e+00 5.258784599878546517e-01 1.076302340821033487e+00
2.657576889204933401e+00 1.450286454699817318e+00 3.033119380353021199e+00 2.685264758421002540e+00
1.034357059449302563e+00 9.419621091959734516e-01 1.996616737007651965e+00 1.579068622952743306e+00
2.284659535553920651e-01 2.173015118514013966e-01 2.224988902958640491e+00 2.807685999400299171e+00
1.349081030370031353e+00 9.016629437779060119e-01 1.865605011823705306e+00 1.529697008915404943e+00
8.564305826227197604e-02 2.220871751124610771e+00 2.524034774256150637e+00 1.386401031232592507e+00
2.866424485109025255e+00 2.520125135903770186e+00 9.755148209551316452e-01 6.308614453666282484e-01
2.604580199784495509e+00 3.018491232322172202e+00 5.535784608796457951e-01 2.582896742679058111e+00
1.635374457850208962e+00 2.275823007552706834e+00 2.732350410603509583e-01 1.910682788377905394e+00
2.842976714822155193e-01 1.906862548013895653e+00 2.312403908710224609e+00 9.981034979388093697e-01
2.338105233784851134e+00 3.099803930781756200e+00 8.853810315540318202e-04 2.289392724016385827e+00
3.791390749565776153e-01 3.654874649972550960e-01 9.933708354002741478e-03 2.381077191681582939e+00
1.566836068410614624e+00 1.898018610284694319e+00 1.679165062043616485e+00 2.173686678137665140e+00
7.854350529946333426e-01 2.900625086173056921e+00 1.221822663586665580e+00 1.395712586137484612e+00
2.178412869267246865e+00 4.444013403902073445e-01 2.710283325693318979e-01 1.889871132113178642e-01
2.085849064937112196e+00 1.098252881508569034e+00 1.852035419284675521e+00 4.793625940941593777e-01
7.628251932520371259e-01 6.979881416918473080e-01 9.226700709344295426e-01 1.016899692575028435e+00
3.020474453480153532e+00 1.354121551973301307e-01 3.023202749959416735e+00 1.848238468904108256e+00
1.886889954933057334e+00 2.235133164221559721e+00 8.873284787064196211e-01 4.643240100079172317e-01
1.137608201751926229e+00 1.990898418149097682e-01 2.433890203896523552e+00 1.149035516304007576e+00
2.394194901848985868e+00 2.045873027433834590e+00 1.680923239597821084e+00 2.366907887892560680e+00
1.134847000383679250e+00 1.249698052677280735e+00 3.034944541892148795e+00 2.277500381691648368e+00
6.723258375215350746e-01 3.106458109374530707e+00 2.391867529767849110e+00 2.870157290697644470e+00
2.079283921224243770e+00 3.016935066238100482e+00 2.704957718297255731e+00 1.758889855072452324e+00
7.797745829555632335e-01 2.985417192548911913e+00 3.020446958480588417e+00 1.187108821804030434e+00
1.572774846688745232e+00 2.463852499092274773e+00 3.004220203542478540e+00 1.725805051404552426e+00
7.151206303922095220e-01 1.675084272310950473e+00 2.236241171038236608e+00 1.659718530432255257e+00
7.300980036132237450e-01 6.749803176041958563e-01 1.542820345091930889e+00 2.923730811803190832e+00
1.474832201705899681e+00 1.215677224655729916e+00 2.658938653790605677e+00 2.422335962788065622e+00
2.356472803947951694e-02 2.447928806036721916e+00 1.438722108268938038e-01 2.632692365205506757e+00
2.658078809673783738e+00 2.141476143741943616e+00 9.735666371436582089e-01 9.468592697637981948e-01
1.927435914877357437e+00 2.427479795984384570e+00 2.412651707209285679e+00 2.980729280019465577e+00
1.890596975440948402e+00 7.378997204176442060e-02 2.411241073943017899e+00 2.122482585287833512e+00
9.972914018237980516e-01 1.059826931350605461e+00 4.273207717433448183e-01 1.332861140177818537e+00
1.946083894529653024e+00 2.895132323244397732e+00 8.596831804733944260e-01 1.163956463875272185e+00
2.891364530139216349e+00 9.290940363877627783e-01 1.797837777110821378e+00 1.571923721154590892e+00
2.244900486818604435e+00 2.405807157372382932e+00 3.063887410110642008e-03 1.083103680280979475e+00
1.691321662768622502e+00 5.096814163649158180e-01 3.124663703101371315e+00 7.976299505398756207e-01
1.822765664884944847e+00 2.875309855991087016e+00 2.963997859154306358e+00 4.865865346897425558e-01
2.327562824499834482e-01 2.233461845135271684e+00 2.426491215777685451e+00 6.168307006757005606e-01
5.008401156692693368e-01 2.152579598386462401e+00 1.896995962128883439e+00 1.391232572711551263e-01
3.056251986412593880e+00 3.008623352843016185e+00 5.048113244844616432e-01 2.336284764566778360e+00
1.150669375233698277e+00 1.907608270111865512e+00 8.463021072735453787e-01 2.955940975485257471e+00
2.112268358088496001e+00 2.398860077273739844e+00 6.448102185837260025e-01 2.477787381040992720e+00
1.424140957530449336e+00 2.049283133302723492e+00 1.473183813672562570e+00 1.527392700355641120e+00
6.576381449129417023e-01 2.474121124151545725e+00 2.204407352593635405e+00 2.621274724078393348e+00
1.638839141115611131e+00 1.433560724134561593e+00 3.672333758106068324e-01 1.367730612328352802e+00
1.687435410960663518e+00 7.476293930006524535e-01 1.137544542869482367e+00 2.355825257331516098e-02
2.525342066070150437e+00 1.476171656969845536e+00 1.960649826543685581e+00 3.129199276335020041e+00
1.604631644457402473e+00 5.459447967033908000e-01 3.134967956025183522e+00 1.977896919384998675e+00
1.934232785971388813e+00 1.300259714261031929e+00 1.982442306452107061e+00 1.202228028897995848e+00
3.088493991607215605e+00 4.044591698709242844e-01 4.707021626609907416e-01 2.458841164438340776e+00
1.670273638828949414e+00 1.058338549368011750e+00 1.717711998846129795e+00 3.067707252944500418e+00
2.107404666175718866e+00 2.643447915976081308e+00 2.224261211081688394e+00 2.517667786426684096e+00
3.517734559193793492e-02 6.243758812621145182e-01 6.240138433363383585e-01 9.633999737531425550e-03
1.739948911942916510e-01 1.128627922604487965e+00 1.649763334096712386e+00 4.353492124553072773e-01
2.081374576845035573e+00 8.730528975738878206e-01 2.056366965389377910e+00 1.455255632273864563e+00
1.248228417917172983e+00 5.563136398977966968e-01 1.955022717263233734e+00 9.418039712412021869e-01
1.972508004502374623e+00 8.805227634670456105e-01 3.525675523722553439e-01 2.525086995512197952e+00
1.788647615803325319e+00 2.167938155152557833e-01 6.031419031831824346e-02 3.018990194203363231e+00
2.516982175135969335e+00 2.366982566679924016e+00 6.697177512186825998e-01 7.332692510511150674e-01
2.696519246976837536e+00 1.621398215790234909e+00 6.712724187042172774e-01 6.653874945287234777e-01
6.527227362929420851e-01 2.246921234959709412e+00 1.000153128567186744e+00 2.034894944387805715e+00
3.062416198755097962e+00 2.884653034566765584e+00 9.178091361330676934e-01 1.250058502297541230e+00
2.691187721752998030e+00 8.680069470576401436e-02 2.208015054840124947e+00 2.976023176823603400e+00
1.322593958000467751e+00 2.375037167158402240e-01 2.208448342160031608e+00 1.684595006353306834e+00
1.425754857084353899e+00 6.022166221106942802e-02 7.038272606269700971e-01 2.824754780117933795e+00
2.411488089605929641e+00 1.016612730359881978e+00 2.686650315965195990e+00 2.718729428257434577e+00
1.813525032423368488e+00 3.459009856826114615e-01 1.652482486171020337e+00 4.986813405970833002e-01
4.595577443735519574e-01 1.537516915733609268e+00 1.279418437049192336e+00 1.064010775404919507e+00
1.653905002646597122e+00 2.404028470220094693e+00 3.012882847209341630e+00 5.311903883199338150e-01
1.404367549428936712e+00 2.619907933327907390e+00 2.316942627157855927e+00 8.809547522591663071e-01
3.232059887651583252e-01 8.486650906658713689e-01 1.506463773211573209e-01 1.793178275489383466e+00
2.880167477335670578e-01 1.987799054855154957e+00 1.298324831243613975e+00 2.046250046385782895e+00
1.700101599116969231e+00 1.007764884226326263e+00 1.377159974195297121e+00 2.591519532460411668e+00
2.023316165249023690e+00 1.547408425867511372e+00 2.808501520637627369e+00 2.560252400654907223e+00
2.775977283868410694e+00 1.827754912599322878e+00 2.503905088861015038e+00 1.543577429439569659e+00
2.058844890435515218e+00 9.544428614239727215e-01 2.819887534279987840e+00 6.057882751925116604e-01
2.486946763524198190e+00 1.518666740484569400e-01 1.742542994591757877e+00 2.261950825480419258e+00
4.466319283816107544e-01 2.852357679736664320e+00 1.827267519366919002e+00 2.794850192719868787e+00
8.334835557490578584e-01 1.398170415069196926e+00 1.655485108960310162e-02 7.868647343422473517e-01
2.007183782013462814e+00 2.568737670099053183e+00 1.154069374961781413e+00 2.933253002587238978e+00
1.732221581786847819e+00 2.568821501318632183e+00 1.276527440153091941e+00 1.913281077132610974e+00
2.465021451501926197e+00 2.717440721862723896e-01 2.145267889571061737e+00 1.263375809965877172e+00
1.237007577645700129e+00 1.708317589352669863e+00 1.309294901135717115e+00 2.466472481102320591e-01
2.458969501031375238e+00 1.648202192363364516e+00 1.191357089430701066e+00 1.852745177327200343e+00
2.875382332845071165e-01 1.708949615802800581e+00 1.908405756858265523e+00 3.111158718973110915e+00
1.261770183991004490e+00 7.603332513859950570e-01 1.357659187811799839e+00 2.207020528580159180e-01
2.973240896445349168e+00 1.715144040230363265e+00 6.339887198900391319e-01 6.351165332832771071e-01
7.940858912109500789e-01 1.196616331925267618e+00 1.530564661361504930e+00 1.541260323289712630e+00
3.044583352932778819e+00 2.267237703156026019e+00 9.890574363070715053e-03 1.008376887559347956e+00
3.086803203868734968e+00 1.873554324753278766e-01 1.028360656002355933e+00 1.101512562512508175e+00
1.950602708487439441e-01 1.428941946981251876e+00 1.295114412896688050e+00 1.950465729668802606e+00
1.090135131489207376e+00 2.739214279549496034e+00 1.358131472439979559e-01 2.654875318590014910e+00
3.035888960249483848e+00 1.627080295245410202e+00 2.689799182336231720e+00 2.088523830521364921e+00
1.523253920783541826e+00 2.418742904981946093e-02 2.430510562765142435e+00 1.161062219109519678e+00
2.580764213982436051e+00 1.684120952012055916e-01 3.099877179747022815e+00 7.725082988759461866e-01
1.510194993805179076e+00 8.935825154288389305e-01 2.025863600405822140e+00 2.224756117260477506e+00
4.446900899918351246e-01 2.854839071661658068e+00 2.695869426223860277e+00 9.871957352473732517e-01
2.876928479551419837e+00 2.664264681143123870e+00 2.618709812795775527e+00 7.259085053613524297e-01
1.479699571794759638e+00 1.311432519303510569e+00 2.171285530934789598e+00 4.977089592550992814e-01
8.164849662299064059e-01 2.031859597744971158e+00 2.517830770935364448e+00 1.194723836583549081e+00
2.541922813327560426e+00 1.788611151341190419e+00 2.919413894170339585e+00 2.405158499859334942e+00
1.385854750396925628e+00 2.119662441588462620e+00 2.934314021706283526e+00 1.848445293360220454e+00
1.760368871850548800e+00 1.030480963741017497e+00 1.802729396268028861e+00 2.393658822124278274e+00
1.582238202042273167e+00 1.154701375806891139e+00 5.666305919641074773e-01 2.901573209239835194e+00
2.605800872931293810e+00 2.834662504130824878e+00 2.417520782123450562e+00 2.140858623635235602e+00
1.215812756792922222e+00 9.707838249754917603e-01 3.493774835441948445e-01 2.533250846343214846e+00
6.584793854098305310e-01 2.181855975483530052e+00 1.705527950927819392e+00 9.715225812604855182e-01
2.307073630518479579e+00 1.771567671649414422e-01 4.200469408502070512e-01 2.217688086366496503e+00
3.069007461400306447e+00 8.787859903724195565e-01 1.048027242797406444e+00 1.158916301966753437e+00
1.501197932383933731e+00 3.172840323520985106e-01 9.697503138698164715e-01 5.827328818959476298e-01
1.763503046650656714e+00 1.289018660846339204e+00 2.915634439137327227e+00 1.755770402701638533e+00
5.030257997743332599e-01 8.485368387788402300e-01 1.729624622146103796e+00 2.970995139816631880e+00
1.661998971241854584e+00 1.756518850321777014e+00 1.259572466934998136e+00 3.050516498868639736e+00
1.881239396302893718e+00 3.078243069298733037e+00 3.019977565882911108e+00 7.042865966524434196e-01
2.347490409257122934e+00 2.484959772266682076e+00 4.417542798221265055e-01 9.654544196297674130e-01
9.321185439595762734e-01 2.330319906200156499e+00 3.009744721425627212e+00 2.112237341947058145e+00
1.637630555764128415e+00 2.812757719188223149e+00 5.483410657966302226e-01 2.929971937716146502e-01
1.169403658847912864e+00 6.440279233031999118e-01 2.908331912734137603e+00 1.236034779849547460e+00
5.940866413449912287e-01 1.294161190116360216e-01 2.823602363525874015e+00 4.612438157157532914e-01
1.108308117381582303e+00 1.122555620834454704e+00 2.633173097692917075e+00 2.019738113073289654e+00
2.237320817285656016e+00 2.854046161772731072e+00 1.739264330877165365e+00 3.668437355956495893e-01
7.714050190446420929e-01 2.342488553783978134e+00 1.444913708232749894e+00 2.284859958540812919e+00
2.142966806395605772e+00 9.954193754448756870e-01 7.476758092083678475e-01 2.444480586654265597e+00
1.936226808731182469e+00 2.863761210453971362e+00 5.792593878628293780e-01 3.103179902145754454e+00
5.765980344122232371e-01 3.079829347920352678e+00 2.893093428233972197e+00 5.580206755858965195e-01
1.220592883980968324e+00 8.192001425449403629e-02 7.665781185621369787e-01 1.373450474469817939e+00
1.878602925152159209e+00 2.762260432638133256e+00 2.538114500533618020e-02 2.003900142385675487e+00
1.400490179186514306e+00 2.534500672586396330e+00 1.569987084553569945e+00 9.116351792897821049e-01
1.240277399976041917e+00 4.832866574758896139e-01 1.830427947583458614e+00 2.829235590262707545e-01
8.217387034379011190e-01 3.029182532472087352e+00 1.305529738218072389e+00 1.690450667739233470e+00
1.592512015820598759e+00 2.941202336371565362e+00 5.867293140871392837e-02 3.506954812869838567e-01
5.294460489928149993e-01 1.632748618817806197e+00 2.855524782054075228e+00 1.138130515728503767e+00
3.083825074773261843e+00 3.062944988280731806e+00 1.068059113776093527e+00 1.989383763684488882e+00
2.047082897303508009e+00 1.158384702764168495e+00 2.622573602062025611e+00 2.181368957737241931e+00
8.814355230956111287e-01 9.985783531232144128e-01 2.722464441291176929e+00 2.776861920286261221e+00
8.671193228830129662e-01 6.041719856628311458e-01 1.620393446994140119e+00 1.978242533805050885e+00
1.607573255734349393e+00 1.682360891264999658e+00 2.630344342677478409e+00 2.054798071278854277e+00
2.482391258253044963e+00 2.120596618001012512e+00 2.681508295650445906e+00 1.669756561806641004e+00
2.053424768146402679e-01 4.137514220375941298e-01 2.538770156068848038e+00 7.829031864788575934e-01
2.041515368016770360e+00 1.566823065673843551e+00 8.616181197828851612e-01 1.833314323673313151e+00
9.242386333586207758e-01 2.508456749264657670e+00 2.296782537152397552e-01 5.209644466363226867e-01
2.293698036188928091e-01 1.739686680229094451e+00 6.440826463409087266e-01 1.406966172792219139e+00
9.726817341572102649e-02 3.441163843801183786e-01 3.382690332558673796e-01 1.276387793855830344e+00
6.560532731770601922e-01 2.987453436957925312e+00 1.819824570762402560e+00 6.358114212262550025e-01
2.711450922600240343e+00 2.990205857056243310e+00 8.864469513370483167e-01 7.655448691754904722e-01
2.128273185549455881e+00 4.238194642236744469e-01 2.729038804849592825e+00 2.398549784268480867e+00
5.381452484441806572e-01 9.484014831943828883e-01 1.513448428689375014e+00 2.376188604535193427e+00
8.503676699882256607e-01 2.723642268888581519e+00 1.418057949526425165e+00 2.488094920772027319e+00
9.687200208411732572e-01 2.122920435281884011e+00 2.793345602791587723e+00 2.589508332853075689e+00
1.680051548880433954e+00 2.388505069481719811e+00 2.804115636907694498e+00 2.491854036696319330e+00
1.707154204285075139e+00 6.860301028205795237e-01 1.449176563396701978e+00 1.289279815377475158e+00
8.497036675498194080e-01 3.036381929368307642e+00 8.422347456270424804e-01 8.319044214195312481e-01
6.887832498871473419e-01 1.835746083528029537e-01 8.413333725265689234e-01 2.211200406627213511e+00
4.527407189146320232e-01 1.288779508494008186e-01 1.338443565077748199e+00 2.396365085450986143e+00
2.368392734977173397e+00 5.710233775441273529e-01 2.726181600157496110e+00 2.317969548100013544e+00
2.845178142179346281e+00 2.691271900656167393e+00 1.435531263984306749e+00 1.772601442917901338e+00
2.830947282293742262e+00 2.482867672969065076e+00 1.624457510492159917e+00 1.779948946507425411e+00
7.647736408364143035e-01 2.019974469629507219e+00 2.247409666116310323e+00 5.452727141795050692e-01
3.862408583994678124e-01 1.880687413875311131e+00 1.482789984081929635e+00 1.929021938909888823e+00
9.556447184328593636e-01 2.165801584621400266e+00 2.750001034841453862e+00 1.357227367343847302e+00
6.619357800455527574e-01 1.922644856319108086e+00 2.305632308797420205e+00 1.199663444611625884e+00
6.961745076877356997e-02 2.242878002370199741e+00 1.115257366528543237e+00 1.808693460230984984e+00
1.101690746019922534e-01 2.370653766425940834e+00 2.128395046702747706e+00 6.941068077581969975e-01
2.317337288073836099e+00 2.010498668771827813e+00 2.546386526190360211e+00 2.385043535387662672e+00
2.071934292660587928e+00 2.039925779601265532e+00 2.080488623000654513e+00 1.662732203596235525e+00
3.111719726279839282e+00 2.127877405140967237e+00 2.602019216618458142e+00 2.726936600105929198e+00
1.294253977040579429e+00 1.689953838416443643e-01 5.587146504739355368e-01 2.005347764852664749e+00
1.094076338816786897e+00 2.567923952696071765e-01 1.095886616864927054e+00 7.781509544347672280e-01
1.363829988625867129e+00 5.620800636873525269e-01 2.483601955755304846e+00 1.840332097202709294e+00
1.509386919574471353e+00 2.119758123259689597e+00 8.908692401759928936e-01 4.786417360317983261e-01
1.542459513906637270e+00 2.508868524066267369e+00 1.584719596279625664e+00 8.129338173544503610e-02
6.628435943437103184e-01 1.210580345798124791e+00 2.472431123391735319e+00 1.765865984194360250e+00
1.572238226895981361e+00 2.018358071424234179e+00 2.423628730917214646e+00 9.344878526104022365e-01
2.155715780163997231e+00 3.025908394740970397e+00 1.028884249216889923e+00 3.125755943503677692e+00
1.119279840133387660e+00 2.164092922929144791e+00 5.446392300944850051e-01 1.460338398422053263e+00
1.816854768323384439e+00 6.491757430178900223e-02 2.751755047504471641e+00 2.919002428563382434e+00
3.027023820391655518e-01 2.501173083985055889e+00 1.049240554752595145e+00 1.824783146223308838e+00
2.734642251975292204e+00 1.698329900965095951e-01 2.614997875252038084e-01 2.295616763012442441e-01
1.588715660863274648e+00 1.914761560475860547e+00 2.067991544958223127e+00 7.472718632112709258e-01
1.859181572681678496e+00 2.049522109579966056e+00 2.459031395456626523e+00 2.966000294366037515e+00
1.251564714912924980e+00 1.549041221639425592e+00 8.303023513962389801e-01 1.480229019547192992e+00
1.813897390319434866e+00 2.163147197801333910e+00 2.115792102900664773e+00 3.056627897229189372e+00
1.436608587321917208e+00 2.954703373332480343e+00 2.316443226324501392e+00 5.105538112959906449e-01
2.892438155096829888e+00 6.668158619345568860e-01 1.086914062503387735e+00 1.363600120307907559e+00
9.342779013013980949e-01 2.765180324794139555e+00 1.360602099200177717e+00 1.485682902795844473e+00
1.447601748838101172e-02 1.524797942855438793e+00 2.672684204312548495e+00 1.144863469410434709e+00
2.994884444355366604e+00 2.612610688587316266e-01 2.055895174854596608e+00 2.786412507712872522e+00
1.428148111854920410e+00 1.714307558991555291e+00 1.050137610488567352e+00 1.788675032420905975e+00
2.550872173350556160e+00 1.244947971560215194e+00 2.241657379771922365e+00 3.542251783248605568e-01
6.726770698104168889e-02 3.654023292870284267e-01 5.561992297519470219e-01 7.132769060285180096e-01
7.984169388110440302e-01 2.553712672053569666e+00 1.104712748196352790e+00 2.207877341272331151e+00
1.927447621932881772e+00 1.023093851247152353e+00 4.584153279542941273e-01 8.111333232127636572e-01
1.329203734144815963e+00 5.451882617334787851e-01 1.251226721678953435e+00 1.550754480665719637e+00
2.863665227824860882e-01 2.925138780472808508e-01 5.036931374850657228e-01 3.094266885024740787e+00
2.513093763796065527e+00 1.980870357776019164e+00 1.145242686838236601e+00 2.315711574683938068e+00
3.065285528778960877e+00 8.439309996524405610e-01 1.785438546105869717e+00 4.901305525435695198e-01
2.305789258535997366e+00 2.081419886773949290e+00 1.198937208618692019e+00 2.673919765045367214e+00
1.356663990919511287e+00 1.689637645799454191e+00 2.954870891059827809e+00 1.722182958955202237e+00
2.664828717083044030e+00 1.107084990345323705e+00 1.319844371628347002e+00 5.447215817151707107e-01
1.608211351067783346e+00 8.030184190556673984e-01 5.697924331545323184e-01 2.838893699930580272e+00
1.431015986922496541e+00 1.070617552980879683e+00 2.281751725604062586e-01 2.639366680863370895e+00
1.554346865116005505e+00 1.051506548508309047e+00 3.090387483648981082e+00 1.602678680126332189e+00
9.415666441532828390e-01 8.042650516335068112e-01 9.123952123525329583e-01 1.185465869127047212e+00
2.170939773335639700e+00 1.766972588923250598e+00 1.186987044824889148e+00 1.636311887007243948e+00
9.266902275791730759e-01 1.670365262561608333e+00 1.384019892256480588e+00 2.600450123143416836e-01
2.663096197950444832e+00 2.875945850428241357e+00 2.319672494479651181e+00 6.908941686342038313e-01
2.205166067963545640e+00 5.093603193414775188e-01 1.712354865860995723e+00 8.131766659044673551e-01
1.796817979696400114e+00 8.649126710780590255e-01 2.646914759466608480e+00 1.283291033497789835e+00
1.795605887814704982e+00 5.544491177090806605e-02 5.731678062584123490e-01 1.437360106972918938e+00
3.263103285052931790e-01 1.186304188337898857e+00 3.301669091179925131e-01 1.746431337486295199e+00
4.715102286396981590e-01 1.345943686483361157e+00 6.665825221029093584e-01 1.551639398715472629e+00
2.628584747418437839e+00 1.978893168750981646e+00 1.807836680594932854e+00 4.104608687002242462e-03
2.526962962474663121e-01 2.931510027469447444e+00 2.599729671047962487e+00 2.140674412991292019e+00
7.835906898462708936e-01 1.262452763173949499e+00 1.330689007278770264e+00 7.461884475503991476e-01
4.722905183806057061e-01 1.474138278234239818e+00 5.170651889837075688e-01 3.021663207909864202e+00
1.953689667813881314e+00 1.007024284925288837e+00 5.425379888984785959e-01 1.126265644717525882e+00
1.510096962660902209e+00 2.734507200774860536e+00 8.529126929241953592e-01 2.574930066345639368e+00
4.303171766899754891e-01 2.940347397583055411e+00 8.426361241031914417e-01 3.130421358509779539e-01
2.483352436784856732e+00 4.704643162329559813e-01 8.240664413554371626e-01 2.649734753230038820e+00
1.211706869133173659e-02 5.412690304986362833e-01 1.988827856236488278e+00 1.386868356515608136e+00
1.764729696492131517e+00 6.200659347990703507e-01 1.966689935593227689e+00 1.921037091381266437e+00
2.824349948549945477e+00 1.137246784492468743e+00 9.467313814087755519e-01 3.556520111840095200e-01
2.111366058361078490e+00 3.061750950886640843e-02 5.604468995170631684e-01 6.729695833132165461e-01
2.917720853600823894e+00 2.216028991524526592e+00 1.377536147645094466e+00 1.906603194497484388e+00
1.809503399747191210e+00 1.757428335893268079e+00 2.917356938178764292e+00 1.054249883033049562e+00
1.397130623573848318e+00 7.822002481320715628e-01 2.384579869633058014e+00 3.849375996329572613e-01
2.110807872896511839e-01 2.408143564790555580e+00 5.922774564567552247e-01 1.319988615675982802e+00
1.381329064439651866e+00 2.129773334920201044e+00 1.175497215740556323e+00 2.607422629335445219e+00
2.246050087359544867e-01 6.004200338471278320e-01 9.664781827788744284e-01 2.537409936834805535e+00
3.036590479094379180e+00 1.091942486499997145e+00 6.168570072425345607e-01 2.722906863699087410e+00
1.187407440087519417e+00 1.398864449477727590e+00 2.231555385856400994e-02 1.470712337419262994e+00
3.044993443898829977e+00 2.914682556965244586e-01 1.790008702749748215e+00 1.958757049079859369e+00
9.142987568202877169e-01 8.473301535478552360e-01 6.277423587163321050e-01 2.036699925110887932e+00
2.333219847745737319e+00 2.779875309977913211e+00 1.038417728141420415e+00 2.422681146587960299e+00
8.231838512793323570e-01 2.966589099868607859e-01 2.165913209724746658e+00 2.108064504053288157e+00
2.639410219464469520e+00 2.655681786962801993e+00 2.306653127414797222e+00 1.048691474774582133e+00
5.218481223954954951e-01 3.114323488042392007e+00 1.134645015465196360e+00 1.057219380199194037e+00
2.384703408978141870e-01 1.551535730878045083e+00 1.031341527247945811e+00 1.371249187084890853e+00
2.608551760731228075e+00 3.009473242746218524e+00 2.040421244856222227e+00 6.633628046730090377e-02
1.112794639393332563e+00 2.349908890153526997e+00 2.144045786825629740e+00 5.009515563839683772e-01
1.157437688090884098e+00 2.206528000712944415e+00 8.794197608209453065e-01 2.839745006806143834e+00
4.961007239468030461e-01 1.618341933760016227e+00 1.689356210960005544e+00 2.131115170811945791e+00
8.481222523965199489e-01 7.145528469709271358e-01 2.991832006934024957e+00 2.421106193070961865e+00
1.028693407774611490e+00 2.946710714906220829e+00 2.205779262513273942e+00 9.340728275270501757e-02
2.267742451119357572e+00 2.344346167275353832e+00 3.082041798036885272e+00 1.111148356619507060e+00
2.063292652976664865e+00 1.266910172074334484e-01 8.293051630951147057e-01 2.679763565175888207e+00
2.478841375377255574e+00 4.729498380265001467e-01 1.042683049129905504e+00 1.083722849433282676e+00
1.323939185761927817e+00 2.412693012686602412e+00 1.983491070466014694e+00 8.641418228700654958e-02
5.870130748381419128e-01 2.972849328419609360e+00 2.146639958195158293e+00 1.236023655977731117e+00
6.221388909326626138e-01 2.578042658499955397e+00 1.657991148975414886e+00 1.788148203751844578e+00
1.323951703844380656e+00 8.807860258698794187e-01 2.064286346317038223e+00 2.150530854281471616e+00
1.457387128884478356e-01 2.125639082128097268e+00 1.718576091381258886e+00 1.802042814330506282e+00
2.330591501608185456e-01 2.031350449618196941e-01 5.712917078822379313e-01 1.599912481833801081e+00
7.408187946047851691e-01 1.373462723928706497e+00 2.578382965840182006e+00 2.272399045571828757e-01
3.440073586726596910e-01 1.084671228152708222e+00 9.960374223541978989e-01 6.645562246840979181e-01
4.077864557917598165e-01 2.545982068319296410e+00 1.636008752566944668e+00 2.205797981979776612e+00
2.330486475182059536e+00 1.190850456811164637e+00 1.315031168973987308e+00 8.472079229680942181e-01
1.369078799622080345e+00 2.697890374180810458e+00 2.679508149792156679e+00 2.158177787902310296e+00
1.849970603844386163e+00 1.423658550554495639e+00 3.070909430860181200e+00 2.707133114914245908e+00
1.225360311809906122e+00 2.112024130143555833e+00 2.534946239278075719e+00 1.472709101974453594e+00
1.381634313921597190e+00 5.263386614217758774e-01 7.276435982756932486e-01 1.494556293921316392e+00
2.762823307465414047e+00 2.660060972842166027e+00 1.854009699008351442e+00 2.758186485838245439e+00
2.535405772709530492e+00 7.045139459664887527e-01 1.241098927726834500e+00 5.925670918016812116e-01
2.883915377818072834e+00 8.034652611757447938e-02 1.500579798643040030e+00 1.762944325450549465e+00
2.174766506170963343e+00 1.784840630644260184e-01 6.384029717643290303e-01 6.366681368223586768e-01
2.436404098626513193e+00 1.368399477887179749e+00 1.458075450554099817e+00 9.948246894264572981e-01
2.400118829908814144e-01 1.699166376662339939e-01 2.404453817141287697e+00 2.796154985642004043e+00
1.852928911635960629e+00 6.522279678670808156e-01 6.697501267603764297e-02 1.422085242467561184e+00
1.332610985518708269e+00 4.606839623229469494e-01 1.703448375657633296e+00 7.782740944928936422e-01
1.516181327593826511e+00 2.828633566551533640e+00 1.595546795312606791e+00 9.926828779479335285e-01
1.620243553236579537e+00 6.525257856840303849e-02 1.462587333874954432e+00 2.207461534579051143e+00
1.568582954170992139e+00 2.099003456118995192e+00 7.690874698610885574e-01 3.026801078260832334e+00
1.950966750603892352e+00 2.678987635705368575e+00 1.823890162257004954e+00 3.121576504367694405e+00
2.356504294735676464e+00 2.991783103114501241e+00 1.304761983520330126e+00 1.450386334246033249e+00
2.966324945111006972e+00 8.891826220004752646e-01 4.760739650157843061e-01 1.606066278325071428e+00
3.077149866080612473e+00 6.601370652275526663e-01 2.023715093231757578e+00 6.657300376472649051e-01
4.193451427730282011e-01 1.755934294252038841e+00 7.836133435139255310e-01 4.044342955621423874e-01
3.024776134538466277e+00 2.096839564071538486e+00 2.221449910761381930e-01 2.356678262594097628e+00
9.326516142834745393e-02 1.529962345646690772e-02 2.614998889910504776e+00 2.066469802866552019e+00
6.840100420630803590e-01 1.856860273709845632e+00 1.153056900675364815e+00 2.434367241855639907e+00
2.639058009001211680e+00 1.835065487523072303e+00 1.854765960911216816e+00 2.235106034048377488e+00
9.344878296685966701e-01 2.743231840818566525e+00 2.420504707460768401e+00 2.771156052484561094e+00
1.859077142078913170e+00 9.304980963977560471e-01 5.429954502096421276e-01 2.798419832039355182e+00
2.727527194779845843e+00 9.409852480842284539e-01 8.695978076242681654e-02 3.094852676096299327e+00
2.826584366456908803e+00 1.066072964837455617e+00 9.064123862929951425e-01 6.111989901023863192e-01
2.294398217811009388e+00 2.456459688205517633e+00 2.175171412143843241e+00 1.991893008567320100e+00
1.650738549230855501e+00 2.260426557783100865e+00 5.924548937200693199e-01 5.335873870028277066e-01
1.515070767712060729e+00 2.610452452813572854e+00 1.063639497749309326e+00 2.813151200664838036e+00
2.126102849007048823e-01 6.116868038483932457e-01 1.739554975040723761e+00 1.464416375480195764e+00
2.561207264877275236e+00 2.578351267656606716e+00 2.568951151599457194e+00 1.382081118346007997e+00
1.641981075022511449e+00 1.439604047423796995e+00 1.144241576078897982e+00 1.733267259619204914e+00
2.561686646611433193e+00 1.378665303594841296e+00 7.922745138762810058e-01 3.075098164077726182e+00
2.831865106082804839e+00 6.025253853995459208e-01 6.974430063721451800e-01 3.129528266483371901e+00
2.596162304703516277e+00 1.806004584796031764e+00 2.725289157567734932e+00 7.223643867786815331e-01
1.200294051062608558e+00 1.479404986846356351e+00 6.503629087501182626e-01 5.135142752283508027e-01
1.404027070643040886e+00 1.644242563988520089e+00 1.742559133520117820e+00 2.706582830671178552e+00
9.026603230443948356e-02 2.896659986569841916e+00 1.767806489264291681e-01 1.222495661563381963e-01
2.455387713750996515e+00 4.443016427176223193e-02 1.571472662926864272e+00 1.696639522291683244e+00
1.748135443279248635e+00 2.868555395764795346e+00 7.435521581703857796e-01 1.430794007361961162e+00
2.342492679656960064e+00 3.488903378369898611e-01 1.208165272039784854e+00 5.684409686928638683e-01
2.178731760826970731e+00 1.018347045208976231e+00 1.249202070911619611e+00 5.971125661838290188e-01
2.451540979169628098e+00 9.518999826972415201e-01 2.237496625279989271e+00 1.434053708250155434e+00
5.591351670183867251e-01 4.107293611843592096e-01 1.599404473406560223e+00 2.388836852186168702e+00
3.103448932925631620e+00 1.923527900252997913e+00 3.031646627793586735e+00 1.810603202995739291e+00
1.012953968133518901e+00 1.676307459498304731e+00 3.001902108009692594e+00 2.332379425427306252e+00
1.075639105463446210e+00 2.723914599181247898e+00 1.929336172234795699e+00 2.299002261139105663e+00
8.952723013171677291e-01 2.942281211960894982e+00 2.593794987661390272e-01 3.011902795644158193e+00
1.052240245608084157e+00 2.755907954987323105e+00 3.977883413021562342e-01 8.398539023313168761e-02
2.543669104107361356e+00 2.035012676195749215e+00 1.754502091349839032e+00 2.884044341214219376e+00
3.026763742611511265e+00 1.602078848214887774e+00 2.182167249789351171e+00 1.657898106952975681e+00
9.718826194922328687e-01 8.768550519890272454e-01 2.354144067410766539e+00 1.233995619634475238e+00
7.449569361979889726e-01 2.157545925893580296e+00 1.562884840043939239e+00 1.674955557378645932e-01
9.401684647555457186e-01 4.566052128174232227e-01 4.513559280398662943e-01 9.166274010064000555e-01
3.088459150084013505e+00 4.403235015977237654e-01 4.105938408579553056e-01 1.422981406098560830e+00
2.820575832329571320e+00 1.558757419946082079e+00 2.968286868371751153e-01 4.447968134500097093e-01
2.759004038544808246e+00 9.829896544548338833e-01 3.136806936625573972e+00 7.428632034296490660e-01
5.853258091401138952e-01 1.278188600918993778e+00 2.828808330354810607e+00 1.613183576523128826e+00
2.389399018786424467e+00 1.488305997348353893e+00 2.365925114448950151e+00 2.344649833208120704e+00
1.574976528077685067e+00 1.185178600626612289e+00 5.865660484050349011e-01 1.233456001199390029e-01
4.151743487517429720e-01 2.015901706570827567e+00 1.173804404136426838e+00 4.735187740205660800e-01
2.988733264372109844e+00 2.364153929974596724e-01 5.823488738497410999e-01 1.479390535165900689e+00
2.974492556945320665e-01 1.185659765309364122e+00 1.029615032165420718e+00 2.477386799845320564e-01
1.296865097942090095e-01 3.948620366391877301e-01 2.469385059937228899e+00 1.874616311116881207e+00
1.395006496272967578e+00 3.038947429046594539e+00 1.544384093192504359e+00 1.784529139732374814e+00
9.335958115792962475e-02 3.163589631667659829e-01 2.102459339196727672e+00 6.193006184444317663e-02
1.809425201195149269e+00 2.288009057457915940e+00 2.219140248155463624e+00 1.172777932441364968e+00
2.653870457026072938e+00 5.843645323688944071e-01 6.521898490425659389e-01 8.245497296029002943e-01
1.756303334364346158e+00 3.131879114862421432e+00 8.061351396473241948e-01 3.080701266557128726e+00
4.545480272301783975e-01 7.075071710297148320e-01 1.502902283103828562e+00 2.867875277406870538e-01
6.598921695036905621e-01 5.215497986365433825e-01 2.328420861894127114e+00 5.439372697690477709e-01
4.380526442612891480e-01 8.873345884296202080e-01 2.249184272503064630e+00 1.264320607661930662e-01
1.551588805735820253e+00 2.483438298401050126e+00 1.001829665366605226e+00 2.467592772808730128e+00
2.038872783983630033e+00 1.600652865110298029e-01 1.527661691519934251e-01 1.255666840162796838e+00
1.741322249048448789e+00 2.246999603923450550e+00 2.495796515690360540e+00 1.880115361631542026e+00
1.660512597787915823e+00 5.416717127657978414e-01 5.035644234077515380e-01 1.871030185523028910e+00
1.967579627193188463e+00 4.985120080754605332e-01 1.540978109639901950e-01 8.697045072116722508e-01
6.620521058579191820e-01 4.841910955915549319e-01 2.115336723374634964e+00 2.398746121887967320e+00
9.550497001964363131e-01 2.980452901686671652e+00 2.240928183045177713e-01 5.026446085129889774e-01
1.223547227095840739e+00 1.634940164836382825e+00 2.335317246407086156e+00 2.628642849706766871e+00
2.384024148778268071e+00 2.710147794117400810e+00 2.548199667825723047e+00 6.473565858658253402e-01
2.670556856236916854e+00 2.432808911361292736e+00 2.346688518349154595e+00 1.763482908118728654e+00
1.313486386191392352e+00 9.811719264796617823e-01 1.515770874011230118e+00 6.091545353684254538e-01
2.540365860978651913e+00 1.068008806490936408e-01 2.001597955084676528e+00 2.615850750129719238e+00
1.991901597270995916e+00 1.748771173627890807e+00 1.542298874776708129e+00 3.005138369535459653e+00
3.093732520643933448e+00 5.266101331098825555e-02 3.001403268524473589e+00 1.508701771112443524e+00
1.543609916965603457e+00 1.825644887127061855e+00 2.623654429825382106e+00 2.074365643228167411e+00
2.119505222990372140e+00 2.655671783818284837e+00 1.737010887876516252e+00 2.838401862922498076e+00
9.237693502840685911e-01 1.006619329373227290e+00 3.118794908355689621e+00 1.388647363043544747e+00
1.885109386477643589e+00 1.068942983802183333e+00 3.073363171889233580e+00 3.825777722955457927e-01
1.864082468613099453e+00 9.504985098571274715e-01 2.312179244966311664e+00 8.693579540722854437e-01
1.824110512373830817e+00 2.336100581134807452e+00 3.727467157104059625e-01 1.662473758414469982e+00
7.776249764679720178e-01 1.940088737747203806e+00 2.426707034809671093e+00 2.259225507622314222e+00
5.988345805378972875e-01 2.891902479519734559e+00 3.600797062105563495e-01 2.532193841604589934e+00
2.789900648508839343e+00 2.327248481291696938e-02 2.404738603175773648e-01 9.632836896837444485e-01
1.964285128509940970e+00 1.365375433537165284e+00 2.458461004352678447e+00 1.688802790399303921e+00
2.860842965222450296e+00 2.447216160670538265e+00 1.225147222221477650e+00 2.449756406664374442e+00
5.113704849879689984e-01 2.016151635473089065e+00 2.690757964985324602e+00 2.691364537647238819e+00
2.283269538403795151e-01 5.902108639861100015e-01 9.272894663884841959e-01 1.486225254065987045e+00
1.292560667388894302e+00 2.036085386883845771e+00 2.388828908615583835e+00 2.871171152775608970e+00
5.538157333973076080e-01 2.839477494754836240e+00 8.147589522555555019e-01 2.725856784617300743e+00
2.946571799449859252e+00 2.256151372201726346e+00 1.832693181891262291e-02 2.434736477110793551e+00
1.634342794086696360e+00 1.026638070994359886e+00 9.312156679105059176e-01 1.928750910311951783e+00
2.361379713391190460e+00 2.509874737395580979e+00 1.626676321845371920e+00 2.741116641483771321e+00
7.271878214115895522e-01 2.353655730000663304e+00 1.808341252150141631e+00 5.424574812266912405e-01
1.552281649658466545e-01 2.684854840719039348e+00 7.859304710708325814e-01 9.997231494547507147e-01
1.974456158168429454e+00 1.254608389869909857e+00 2.337554855222450989e+00 2.165297335459757999e+00
2.637209091917611214e+00 3.062165534249136289e+00 2.922196842030420960e+00 1.364958322623526898e+00
2.611415328816570458e+00 2.936578993714074937e+00 4.361263339613241086e-01 2.811669030743945363e+00
4.779409885121423951e-01 3.499721089500278381e-01 2.277892516020251890e+00 3.141183287949496972e+00
1.659469417456633122e+00 1.462771199999599370e+00 6.356334999862640611e-01 2.029182820033788026e+00
2.259914122139382364e+00 1.632912759859484142e+00 6.613768065933670615e-01 1.671789297345865011e+00
1.404624998295055452e-02 2.888923921226061342e+00 2.690987956550658922e+00 2.876162122726093173e+00
5.653063591847496960e-01 1.030571027164836728e+00 9.318432750390310826e-01 1.200631799830986432e-02
6.539888977403821024e-02 1.166461759279993515e+00 2.981424837226610780e+00 1.544983578140370462e+00
3.729898638015938794e-01 2.421445797174953896e+00 1.710059855935970763e+00 2.822688434050917738e+00
8.938955909624963780e-01 1.739082202620036710e-01 2.057062769347393516e+00 1.223161778848160131e+00
2.412839763047605945e+00 3.344435791751992348e-01 1.162145111496131339e-01 2.153947805973069063e-01
2.374267918740275096e+00 5.893576799333776622e-02 6.808156923892274559e-01 2.479364347912117239e+00
2.048769308182866400e+00 2.840702689682316873e+00 5.055799111010738089e-01 2.916993773047741323e-01
2.576652396594775407e+00 1.592478164687269437e+00 2.895049387998673396e+00 2.962689310616999361e+00
9.852787811135261808e-01 3.739370755152867098e-01 2.633404970096552056e+00 1.467063532857990849e+00
1.000272436081183658e+00 2.757579837728864280e+00 1.609634093827535972e+00 3.852984038392939792e-01
3.019388499215465149e+00 1.802123914930130910e+00 1.973733493177044496e+00 4.416056106252881364e-01
2.308219508795301689e+00 6.720671585689734669e-03 1.228492833656207539e+00 1.263867247376528002e+00
8.063484940933505207e-01 3.131499389794254906e+00 2.287904035989579921e+00 3.245394031110171995e-01
2.434862284101141583e+00 2.836250765947093910e+00 1.437071270466641293e+00 1.819524016494683538e+00
1.775627633206673828e+00 2.414437683585963779e+00 1.268946568862172608e-01 2.178275241176163224e+00
1.821305698797030248e-01 3.134407444035083756e+00 8.211647204981528114e-01 2.110010493799242770e+00
1.505971588676151551e+00 3.131664693149199596e+00 1.519961560134745815e+00 1.619544981141540330e+00
1.120606937068484132e+00 5.579080567723231354e-01 2.258293971213197970e+00 6.902008458376744926e-01
2.075261263447378823e+00 5.327739923858874072e-01 2.992123766652520001e+00 4.206133660497842208e-01
4.191720093098603994e-02 1.967583444691897387e+00 7.255760104773038011e-01 2.648420993147152291e+00
4.450641337146822307e-01 9.289782069027469058e-01 1.219023164921117175e+00 2.759961023124855917e+00
3.121076598072324959e+00 2.357204214905280981e+00 1.146831746530743573e-01 2.291903281696405337e+00
1.493374604621449664e-01 1.888524167242299878e+00 1.948786156109340029e-01 1.714698217437869543e+00
9.416884446692569410e-02 9.923293497903193927e-01 2.145389948126968649e-01 2.385539175362601849e+00
4.211079499129709580e-01 1.065563138135589893e+00 2.917899836583711437e+00 5.789005237907850487e-01
2.094782664528722194e+00 3.126060016161292587e+00 1.401687429031361454e+00 2.059393659823614886e+00
2.873919283949172510e+00 2.692111882504073073e+00 1.004136274767880810e+00 9.994212723457547298e-01
1.317447515483776366e+00 1.597867545128071276e+00 9.358884713346602435e-01 2.756748843862548703e-01
1.230428168684764234e+00 2.918869779100110140e+00 3.122806353268722024e+00 1.733862755087328900e+00
3.504214001524782462e-01 2.144889890017491751e+00 2.340445202087427123e+00 2.432609698791121655e+00
1.888081711277115105e+00 3.007763297090115806e+00 2.225810304105847237e+00 1.421166622701804799e-02
1.497577681423334583e+00 4.749143784244546640e-01 9.233040258937335043e-01 2.585639930074473902e+00
1.715639368012791266e+00 3.041810332474256473e+00 2.459186073182774379e+00 1.048839131132231373e+00
5.099377305151011619e-01 2.386286219465664882e+00 2.478615692347117427e+00 1.070374053035741124e-01
1.901937792389906567e+00 1.060570286870852863e+00 1.570719291226505110e+00 1.696148640233385629e+00
1.533000291792394165e+00 2.267975435034495391e+00 2.952396016795372446e+00 5.249494598902026965e-01
4.882726136627301705e-01 2.135750572596067265e+00 1.757058898906957545e+00 7.940732306842545052e-01
8.884238790852181378e-01 5.110889657217677629e-01 3.048632924905288366e+00 1.919364106323354635e+00
6.367072242616611533e-01 9.775100804545818756e-01 1.965100303626174938e-01 1.204265080429417933e+00
4.025501947383273160e-01 1.451899046085320277e+00 2.581284344558063548e+00 1.861597405260752014e-01
5.868306290001312764e-01 1.849148758333551301e+00 6.936282669789614053e-01 1.219266660890963694e+00
1.242499392757035359e+00 1.149843878730879426e-01 2.011814880863524113e+00 1.625538810078132945e+00
2.127834151168347177e+00 2.762228811447999366e+00 8.217852620174859180e-01 5.721752719714736507e-02
8.934797112146632969e-01 2.078161794083742908e+00 2.174451068104986007e+00 4.267329653970915460e-01
2.443846968942449960e-01 2.702877255908151088e+00 1.886753109612855139e+00 1.318098406536250877e+00
1.493925786040977977e-01 9.555418479578747792e-01 1.562026023246503081e+00 6.923760495038195906e-01
9.250228776024923549e-01 1.341271213882038404e+00 1.085037774744884942e+00 2.133609065029835605e+00
4.701230564772419102e-02 7.305403437665644040e-01 1.577665739506179055e+00 9.914775431401428030e-01
1.864463325568425978e+00 4.636324951710971143e-01 1.423509811271904457e+00 5.919884694474680797e-01
2.521078975065209615e+00 1.444781856660455999e+00 2.694617244143123536e+00 3.973089615233081351e-01
2.442123026598011226e-01 6.510843187159527368e-01 1.176070417520656441e+00 7.308200654890777415e-01
6.847733911623834491e-01 3.055979203769530361e+00 1.621024025779590705e+00 1.034633945928531001e-01
2.639958173161888855e+00 1.967868096066970551e+00 2.601005937002614843e+00 1.839329749723660701e+00
2.982556812636714128e+00 2.228208101191840318e-01 2.329753864928649776e+00 2.056043742968238330e+00
1.174001689193445941e+00 2.519837462431661290e+00 1.024626785266250284e+00 1.668516744533487639e+00
2.633698572102136204e+00 1.530197873012477228e+00 1.408380809993505345e+00 8.473591933989520486e-01
3.136562656411260308e-01 1.479965127104811984e+00 2.704181101884354010e+00 1.525138091730700474e+00
2.768054852631018914e+00 5.317261581212202604e-01 1.928397336910363524e+00 2.307791565205302486e+00
2.698337816061347372e+00 7.933292582659592362e-01 1.229061339233064265e+00 1.096799560646101318e-01
3.339858008307218240e-01 9.079736194723654341e-01 2.402835945840078757e+00 3.760485279203213960e-01
3.014694582855553584e+00 1.983869067170439315e+00 1.903565909614254315e+00 1.205798171214224723e+00
9.552194192558818298e-01 3.106042768142793786e+00 1.401864910873210635e+00 1.916611370776667878e+00
7.972001619461336341e-01 2.308291328190403835e+00 1.937289851794017637e-01 1.389967395306018760e+00
7.464649790575721422e-01 2.633493823716737126e-01 4.381240973198827771e-01 2.984482030637044314e+00
7.117078388956286084e-01 1.798837189173120521e+00 1.805402624597339800e-01 2.541188978065005988e-01
2.780099698510543504e+00 3.316274936902445791e-01 2.471425976667676938e+00 2.592118317703655084e+00
2.151165363161926081e+00 2.733994863921137330e+00 1.768367220628540126e+00 2.145581407189200096e+00
1.344544475779960946e+00 1.125354456916038970e+00 7.091552512707962608e-01 2.844651054396298839e-01
1.204842547685545107e+00 2.559817838474349294e+00 1.830097652242361317e+00 2.724924113244433954e+00
2.078020781575533327e-01 1.733115217820545784e+00 2.527681257485348443e+00 5.788453174003059531e-02
1.810071250307805357e+00 1.419488125086550756e+00 2.904447718269711487e+00 5.296128039770162665e-01
2.586020530666170547e+00 6.032139411844200660e-01 2.004807109369517892e+00 1.506668549631337006e+00
1.269252224155721587e+00 6.779752716384419564e-01 3.911159624526712175e-01 2.459571212855959033e+00
2.907150385648034074e+00 1.909373273169663987e+00 7.191875263065624635e-01 2.630053196523411074e+00
1.769744892805366066e-01 1.453271624053892097e+00 1.365388978404816323e+00 2.067894132607284607e+00
1.983172663257338764e+00 2.489338283038196931e+00 1.002349200797323148e+00 1.107346364581140330e+00
1.666863904793930429e+00 2.995282453215572183e+00 1.744170342396600626e+00 2.748915454654587975e+00
2.516680470692457816e-01 1.141686728584474064e+00 1.836544703822253100e+00 1.029427272147798389e+00
4.541816475665537700e-01 3.021232656547320428e+00 2.261688085387977554e-01 2.608229645531629504e-01
1.391633386642119330e+00 3.152053107790204339e-02 6.927419813957653716e-01 1.398491863929909318e+00
3.545840199517819591e-01 2.878831224417127910e+00 7.572438294894657806e-01 1.186337506673344810e+00
2.024076827950078705e+00 1.259572903452600645e+00 2.448992239019491812e+00 2.834070425390827097e+00
4.163936207857643068e-01 4.947456232059924686e-01 1.237636494192100978e+00 2.135648556945250132e+00
1.890683223676653757e+00 2.754771210543897286e+00 3.131626448124935180e+00 1.305956380389595939e+00
1.816429605087628518e+00 4.247820630212653104e-01 2.296019210607758598e+00 2.263099392304710022e+00
1.022722505155585937e+00 2.999579860653576624e+00 7.421486056162922562e-01 1.000542207249490723e+00
7.596177101264305065e-02 1.959653852398521190e+00 2.572190098661729873e+00 1.381903668332987056e+00
1.252844915532783876e+00 1.795537478332818404e+00 1.807443458164953221e+00 8.139847793946365373e-01
9.487460513910450643e-01 1.475253674203213183e+00 1.694096474623243198e+00 2.941818179925824950e+00
3.893981857052501994e-01 3.114179023035056559e+00 1.679123171849048024e+00 3.535085921934472686e-01
3.121335946003921169e+00 3.825599272325851397e-01 2.043162267743990679e+00 1.311501808611261977e+00
2.131571252588869148e-01 1.953725946262630409e+00 1.110424122646946454e+00 3.465789702226519942e-01
1.528521304453682284e+00 1.152543116823786518e+00 1.184195720642184035e+00 1.988401499279170537e+00
1.710372075579217999e+00 2.208966800786132723e+00 2.865304879040236230e+00 1.210410110849992893e-01
2.715800721684131780e-01 2.742216077870986091e+00 1.279888658872869067e+00 1.744609696212613414e+00
7.640882376915398844e-01 2.790193255927377436e+00 6.166687427339839767e-01 1.126138978596871870e-01
9.089067341833184654e-01 4.823595168050383575e-01 1.845739435781652560e+00 2.877924398192443167e+00
1.919093827842329514e+00 1.479038028025383200e+00 1.746995315467241072e+00 4.926954809303333294e-01
3.128039408332738081e+00 2.128389647410266150e+00 1.539148394035059653e+00 2.655091724559706989e+00
3.996668770753372124e-01 2.821061977783552610e+00 3.028354370528125727e+00 8.947374212123316850e-01
4.171264091594903411e-02 2.808924115303772062e+00 1.247328174110698129e-01 1.818878207396820157e+00
3.280109575840330360e-01 2.640234988411171546e+00 1.504434139515540725e+00 5.834387070449796875e-01
1.031991449472692279e+00 1.112739050168078059e+00 2.690655405802406364e+00 2.661402959263023504e+00
1.479985244512314280e+00 1.538666273533956019e+00 2.164527513405031911e+00 2.175653888113640466e+00
2.016452077380243235e+00 2.144605069755776139e+00 2.257613470019403101e-01 3.093699189431471819e+00
5.394402700998296440e-01 2.319152014644438875e-01 2.012387622733226245e+00 3.364571522988839269e-02
6.104195997998257406e-01 2.397833755562747804e+00 2.075111758912003168e+00 7.144376875584029785e-01
1.058487510010463373e+00 1.792705763936435437e+00 2.198764208284162525e+00 9.008702372355761323e-01
5.363143781455644854e-01 1.019405023143671540e+00 2.030354329523852641e+00 1.125336177400987347e+00
5.529340479262775943e-02 2.175712639391279346e+00 1.339629461341381056e+00 5.443309904332633842e-01
1.850600433884670437e+00 1.162805633029758257e+00 2.548281537079431391e+00 1.068292650381750919e+00
2.567955280251137840e+00 2.309229778369963348e+00 7.739750923858970122e-01 2.457763682826995255e-01
4.935776592970664844e-01 4.567303461546379229e-01 1.213627259588901719e+00 2.378996947734469014e+00
2.041293952999081007e+00 2.466244903679743139e+00 2.306556980891711461e+00 8.615438934040419161e-01
2.039903370909987856e+00 2.692076897364805710e+00 2.751874128348470894e+00 1.826669093854494719e+00
3.222977823662749874e-01 3.070021442109363008e+00 2.859688767819082322e+00 2.629905994643598532e+00
2.609477109079152868e+00 3.007496300512061183e+00 1.969824808553252815e+00 1.846671245032833683e-02
2.691616988290756129e+00 2.355330198656509832e+00 8.068003104238670176e-01 2.260124247953160470e+00
1.487940260862190112e+00 6.916533465293263072e-01 2.006365699617298493e+00 1.393535930309309556e+00
1.335171058229440932e+00 1.103981846374327169e+00 4.528940967950076391e-01 2.849236148120612100e+00
9.485952848881041843e-01 4.627757589522387555e-02 1.488224198775225604e+00 3.017657730217527590e+00
5.750454311132585650e-01 1.335179452528357347e+00 9.833841598206964907e-01 2.490348591470754602e+00
1.303801066361587102e+00 2.961483638367320648e+00 2.567043537987041546e+00 1.317606041258855720e+00
1.714140832265365288e+00 2.992228671980775800e+00 1.311414255055191491e+00 2.116822054696330113e+00
1.079857902806569570e+00 2.125568221250625278e+00 1.498529631495688852e+00 1.286002213206709044e+00
3.078831710888186191e+00 2.590926900759527918e+00 1.280417599476901813e+00 2.606096071403864567e+00
1.637737913612790641e-01 1.117184111680335823e+00 1.741080950688643214e-01 1.741067476559345462e+00
2.735104386442961388e+00 9.052787565609483889e-02 7.307640221682282222e-02 7.606535067064528199e-01
2.707917824308097021e-01 1.839812365047407972e-01 2.345600977638164775e+00 2.970471550526726734e+00
4.061202924661792557e-01 2.019664034274320397e+00 1.055009284025155258e+00 1.072693131499269814e+00
5.369846886209515002e-01 2.001177670800800446e+00 1.537938130775651002e+00 7.866895994774750767e-01
1.417731625692690178e+00 2.987242190884625614e+00 7.193768867019180169e-01 2.512060139183150298e+00
5.311016297801981478e-01 1.410383673022614248e+00 2.284666542573435599e+00 2.516277060456368453e+00
1.914123408772991031e+00 3.484051056394570911e-01 1.204002006261432056e+00 8.436385899865843641e-01
2.570715432457125194e-01 1.086498695852442964e+00 1.549826640207229378e+00 2.698863021229472858e-01
2.861757431179564826e+00 8.760581528569153509e-01 7.942594702913797766e-01 2.147644989198884691e+00
2.707334365424274303e+00 2.650175940045099487e+00 6.491323298800838471e-02 1.832418431732264485e+00
2.056088214435109141e+00 3.170938981664163658e-01 2.178043725682007103e+00 1.871455320615574625e+00
1.193940293938914765e+00 7.157603315216889417e-01 9.904933481062053735e-01 5.863096060901002993e-01
4.432399510677386689e-01 4.000783312896765698e-01 1.141139460034869657e+00 7.565343616427991358e-02
2.483370224589778186e+00 1.046141758178998904e+00 2.113479727128284136e+00 1.983453180572421370e+00
1.818217684371764120e+00 2.912168791863192663e+00 1.154439342014904168e+00 2.505970939304714928e+00
3.114346544624211344e-01 1.529273447043212109e+00 1.602363479944580449e-01 1.451447654371415874e+00
2.182765462465713124e+00 2.485184949902786045e+00 2.146759511449209068e+00 9.600921939019591012e-02
3.309545315318234149e-01 1.922114190302909087e+00 3.134268968379812392e+00 4.406411694397274204e-01
1.564695147848697898e+00 1.377222660969600110e+00 2.449724351117486432e+00 9.001456465890301795e-01
2.016164057932567921e+00 2.424789560894167195e+00 6.812065280945208690e-01 2.596188660201680598e+00
1.231530196249420506e+00 2.484328756775202596e+00 2.895531996423068022e-01 4.777362331819105523e-01
1.144352796944533512e+00 9.039668516165547674e-01 1.639390782285724768e+00 2.811217655491253797e-01
2.221016704037180656e+00 3.745647026283883685e-01 4.798136434512861870e-01 3.901442806549889064e-01
2.364376133210904118e+00 2.158305562540204559e+00 3.292277047360535613e-01 2.959890914511461357e+00
2.858087270486818543e+00 2.691825522728088949e+00 6.667936966970632318e-01 1.477740107284200244e+00
1.345411605824608614e+00 2.348225106425598507e-01 3.046243785274495242e+00 8.209684899582373463e-01
1.637378936375731397e+00 1.584061847183981131e+00 2.993602298903027759e+00 1.135485206072321729e+00
1.519902208858644022e+00 2.428829874477989037e+00 9.790840959060020943e-01 9.330033663331620264e-02
7.452537571864913390e-01 2.771733143060443272e+00 2.404573052860774940e+00 1.004957952570341428e-01
1.211778942743414467e+00 5.541202111845483502e-01 2.707471416752911697e+00 4.599336753724485027e-01
9.413111163334133558e-01 4.598989805712223877e-02 2.961206875139442474e+00 2.089982919773027081e+00
1.003623549128306758e+00 1.117334546049870925e+00 4.546854080456817493e-01 1.670751280816967776e+00
3.038993361652468916e+00 1.262836372496070891e-01 2.000140435761278201e+00 1.733876678615477784e+00
2.062691144972515822e+00 2.767752704953082343e+00 6.454675926041458789e-01 9.373070937511152056e-01
1.920467168467258068e+00 1.427115869263375192e+00 1.667319260250931467e+00 2.867793756137103411e+00
1.957070075075744153e+00 1.733784824852634632e+00 1.727862201081899807e+00 9.411866108769310069e-01
1.572699782502146482e+00 5.134256210401556136e-02 6.518647301367751501e-01 1.026762863510649604e+00
2.144116269737795122e+00 8.273152048131078296e-01 2.522249009001715336e+00 2.418584763663389481e+00
3.119209586616974228e+00 2.436675432369808991e+00 1.020451174338382172e+00 1.182606978585957341e-01
9.291825226914483815e-02 6.159954032113873490e-01 2.216145791180095692e+00 2.372541130571802215e-01
8.601992355670259327e-01 9.782574196585119841e-01 5.114438145477482323e-01 2.738160901832773053e+00
9.636736431568554417e-01 1.542470813013846698e+00 1.748855242951051214e-01 2.115371293053319945e+00
3.059751292626702757e+00 1.938516631374196164e+00 1.440442125168941878e+00 2.876515683204122986e+00
2.043385440611247716e+00 2.326271785792944691e+00 3.047286175090729632e+00 2.587325155320948866e+00
3.042697344703652274e+00 7.452662599523881548e-01 2.319583705556806041e+00 9.273619836192030785e-01
2.720018266191872591e+00 1.934660883300675094e+00 1.887016324266919343e+00 1.072957218949838198e-01
1.407207005078755513e+00 7.349822436348100174e-01 1.911868318007279077e+00 2.183833627898822627e+00
1.395029399845881257e-01 1.368444649292499760e+00 1.320362305032843242e+00 2.493512043905303788e+00
1.333403023304110091e+00 1.592984120763457634e+00 2.689702633257917697e+00 2.595394045747292378e-01
2.554854632179810903e+00 8.783657423050025281e-01 2.365066023285902208e+00 7.052595449761112079e-01
1.120538700109871888e+00 6.689246718618588328e-02 2.569893046770697076e+00 1.597784114398281385e+00
1.762004362888239806e+00 1.936078001662946857e+00 5.930873555188058699e-01 2.878331324160067428e+00
1.162836037923903554e+00 3.090886668439850382e+00 7.637553986536071982e-01 2.063936403204919223e+00
2.301252183227933124e+00 5.847600009952876876e-01 8.848541344669594300e-02 4.453711721486102726e-01
2.284661499116741989e+00 1.228312279022037989e+00 1.396949988198847026e-01 2.134536851841017047e+00
9.988006908221743751e-01 2.140104713703653516e+00 2.390355336759281357e+00 1.252160136922233935e+00
2.240505323695915596e+00 1.413103984379835421e+00 5.344771811906093850e-01 1.657098427451583422e+00
8.053700436548476560e-01 2.114051946582114816e+00 1.799215878079058806e+00 2.934068052329549037e+00
8.187346838910795066e-01 2.252783938893719640e+00 3.683368733829258113e-01 5.661034199896086694e-01
1.366649555115008408e+00 7.932639516437595129e-01 8.885331470715354119e-01 2.111705230203916539e+00
2.996092055365476625e+00 1.423545646867695191e-01 2.937097949252535756e+00 2.172531512820777611e+00
4.595183125637000016e-02 1.492815175183832110e+00 5.043137204150970332e-01 1.127376706312906984e+00
1.961032765859751059e+00 2.251980179500085555e+00 1.280970509113483535e+00 6.328709425523606491e-01
2.190325075482379980e-02 2.721166085859378025e+00 1.611823635160666290e+00 1.405413980897415538e+00
1.469295803091712926e+00 2.910639588688068269e+00 4.184102481737410062e-01 5.938745723576650537e-01
2.970902138888345423e+00 1.622749121161840558e+00 1.967167297740020970e+00 6.465096944330651629e-01
1.379577134086257262e+00 2.195081867431466272e+00 2.166596444942253452e+00 3.019211719113278763e-02
3.106604713270605167e+00 3.058989093152471028e+00 7.233313679676911523e-01 2.740903964772121615e+00
1.990942132939180986e+00 1.883550314953287730e+00 1.715029682611540762e+00 2.672903322481934740e+00
2.974372544313090394e+00 2.647609160810994844e+00 2.901791892338264400e+00 1.526123973204206230e+00
1.264430202206376030e+00 1.324762628812988341e+00 2.071037632085989788e+00 1.841780906432983755e+00
1.718852480535245864e+00 3.663185262849551482e-01 2.103274803869315868e+00 5.495204707226429841e-01
6.822289889394431706e-01 7.651671578586332068e-01 6.126185033608734232e-01 9.522194151251422989e-02
1.883629796888865171e-01 1.667252329890004159e+00 1.910515904643999674e+00 2.963434331826996004e+00
1.955629223394896032e-02 1.921032253014445246e+00 2.840463173948621911e+00 8.473411548371260205e-01
1.129109210268004926e+00 5.639669025367631816e-01 2.947678697111039359e+00 8.014479884827622191e-01
1.168979390416127417e+00 2.839250596070694854e+00 1.330173160695365508e+00 7.112480149733201307e-01
2.989090677485761183e-01 2.497668010079761913e+00 1.333546429451331727e+00 9.884988062132699094e-01
2.580547959653768375e-01 3.616346418989078715e-01 1.264341437644781019e+00 1.468622863748446195e+00
4.409214438631287591e-01 1.199343395641762955e+00 4.091630725475250974e-01 2.076654068043132795e-01
5.202788313216761829e-01 6.794729776757735262e-01 5.780397572437139253e-01 1.976876407441010286e-01
2.541351299780698181e+00 4.348551101785871342e-01 2.839332713165164113e-01 3.067850546183813254e+00
5.472323282166640102e-01 1.429959584328460043e+00 2.765800782761986376e+00 2.524235421226918685e+00
3.052818540771786271e+00 4.340524685221781170e-02 1.636593347493141337e+00 7.370785440806466859e-02
1.597889148520536873e+00 2.439412041771992889e+00 2.961408880123146403e-01 7.516087185161277606e-01
1.351803226549891157e+00 4.976532482880071662e-01 2.526037046757050764e+00 1.140580372492395675e-02
1.050280314872173992e+00 2.150594045326511772e+00 2.773031102559384564e+00 2.931883900866655956e+00
1.628713555990035866e+00 2.514953516661134536e+00 2.273083928598507164e+00 5.877836773594578013e-01
1.272373576471454770e+00 2.281418777883493121e+00 8.465115151494629897e-01 6.815059192684620459e-01
1.821417479041292364e-01 1.379241437538923254e+00 6.531046974154731954e-02 1.538395169219799685e+00
2.312655983441170182e+00 1.729277372309323324e+00 2.246562879662747925e+00 2.705515473356857825e+00
1.931907423765949261e+00 1.020672974093045582e+00 2.229619130020942919e+00 2.261264363789017739e+00
2.651692104091295299e+00 8.970046377034905927e-01 4.252128776961499046e-01 8.760528112775173293e-01
1.760307193226918532e+00 2.960431083836582822e+00 1.515492154312580553e+00 2.703784356672767952e+00
1.554999587035101327e-01 2.049023113068038082e+00 1.039959281318936446e+00 2.435569436500196971e+00
6.491989406614431246e-01 1.746858821249121174e+00 1.047338966234125257e+00 2.607131814155493110e+00
1.469316140808270665e+00 3.061420332665503619e+00 1.267372987321720545e+00 1.149099839491297237e+00
3.102786515619895269e+00 1.652532220471609525e+00 1.004352176022426990e+00 2.494974672822130923e+00
1.113990583426924141e+00 5.659766732854257798e-01 1.875605419896336112e+00 8.468750007334444607e-01
1.521204898877402067e+00 1.988049964339873021e+00 8.066210619676236759e-02 1.419635361397128648e+00
3.088339982567659181e+00 3.014566109382473269e-01 2.306466128626497358e+00 9.372919969212605285e-01
1.835764940876702500e+00 2.526035226155928015e+00 1.068896991515944750e+00 1.968123603059734661e+00
2.759061787544142330e+00 7.999511000491742463e-01 2.135222523845781151e+00 1.965114756155269538e+00
2.021443222521225103e+00 2.926133652898199156e+00 1.017523560224707024e+00 2.416806255728215724e+00
5.784261371626051584e-01 2.396630836400167386e+00 2.802658345052035482e+00 2.219695976317654473e+00
3.348561171914595791e-01 1.909892068420537825e+00 1.658131112650362615e+00 2.309206849944733519e-01
2.313791403027022131e+00 1.222458844852613247e+00 2.925433228576925337e+00 2.013377862181702671e+00
3.113484737614197861e+00 2.333350572353678043e+00 1.531554580712062297e-01 2.933020830922142275e-01
2.106389797949700604e+00 2.393587031773928508e+00 3.088137125743554368e+00 1.359334233654954094e+00
2.258508422977144381e+00 1.283723208036852803e+00 2.437919296986909290e-01 1.899274993652634747e+00
8.148481799057559760e-01 2.887137562731202145e+00 7.983793692861974600e-01 3.282328954894227213e-02
2.961454429337477823e+00 4.607466950840602427e-01 3.996259937218499259e-01 1.854052804166613555e+00
2.307870874028958852e+00 1.100005749651317588e+00 9.730771439572105663e-01 2.461048239571116181e+00
3.107557931486360392e+00 6.575714146991661346e-01 3.238858372099305549e-02 2.623827119264225072e+00
2.208756034389820933e+00 1.145753905777010972e+00 2.929208150919750953e+00 2.067670022320381717e-01
1.670105283254307738e+00 2.001587337162312963e+00 2.430833574898175975e+00 1.592791163333158400e+00
2.550001227732194842e+00 1.557990970110906925e+00 2.566757310468085862e+00 3.085562025162980948e+00
6.258248874968217468e-01 1.873984806331453701e+00 6.574671880178536432e-01 2.592092989428976146e+00
2.029630623053938709e+00 2.838375920881019532e+00 2.295316019245523975e+00 1.134783637746777485e+00
1.579874607766245553e+00 1.991610452191106884e+00 1.288544857226971319e+00 2.867661054719910396e+00
4.164201244202949542e-02 7.927258759120857645e-01 2.874479738964941689e+00 2.766030815714110691e+00
2.068836341817320790e+00 1.102929915965349617e+00 3.135940878663935893e-01 1.266827212474407771e+00
1.213627252425550501e-01 1.780317448718694795e+00 2.578407661849356769e-01 2.734238851248052882e+00
2.913795094294632904e+00 2.608835498209831627e+00 2.148345190069745225e+00 2.450697587842117553e+00
9.093310395341932528e-01 3.054229064030034468e+00 4.983537876911381947e-01 2.477643764634551271e+00
2.046069882318793276e+00 1.088616820145979380e+00 1.727524923217316877e+00 1.719655291681965625e+00
2.262801071395765806e+00 3.136833989716733218e+00 5.875184295099496190e-02 1.681384954776891982e+00
8.234464641601105805e-01 1.578416006052866916e+00 2.504217405330312562e+00 3.053258611891142227e+00
2.242087890176004628e+00 3.113765068893650678e+00 2.896739591621365850e+00 9.652798048646661980e-03
7.756019437182160026e-01 2.593959506289748695e+00 8.649376476775648692e-01 1.471791375741533736e+00
2.599304064099754452e+00 6.703238188650408880e-01 1.476567540733259243e+00 2.766723717445699338e-01
1.172280985185188307e+00 1.253490920592463587e+00 2.804713270912928103e+00 9.504147810334996338e-01
3.005771404712041850e+00 2.747429626587663432e+00 2.238967406853554998e+00 3.322588073499968542e-02
1.470844260560519201e+00 1.565349756566454031e+00 2.354373580549417255e+00 2.237085390297252618e-01
4.774586527291042048e-01 1.811318202848776204e+00 2.449770784937073564e+00 7.970573386959023399e-01
5.275080293306361190e-02 2.696612716989676084e+00 8.495700839789988024e-01 1.762280376721417907e+00
3.109009586387279978e+00 1.452038969785433675e+00 2.653087298496997981e+00 1.829509477059439115e+00
1.829473770146881284e+00 1.471643911731562504e+00 7.008789561557926540e-01 1.636176058364670685e-02
2.568759638282749336e+00 2.742511318796671205e+00 2.534815706537475455e-01 1.092939467844539214e+00
5.545644101424980210e-01 1.665845341915348055e+00 2.471297958579535547e-01 2.025114309619934883e+00
2.696666201553853170e+00 1.862076775420103525e+00 2.726736808568287707e+00 2.696455377207548132e+00
3.571137784142063842e-01 3.106174922891276946e+00 1.803557502683305724e+00 2.891780107658246113e+00
1.872271407736002979e+00 1.609785544488059994e+00 4.541171663760272259e-01 1.700580720802756796e+00
1.845992456856989428e+00 6.153382074024780213e-01 1.256003056500651693e+00 7.992527058434416576e-01
2.525389175450261980e+00 2.402729580674299203e+00 2.218730018178789731e-01 2.576544851507856837e+00
3.374333121764095944e-01 2.589936647181144469e+00 1.339597008594630045e+00 1.760885909260517357e+00
8.566229097235266154e-01 2.575892165438279147e+00 2.812122574748113113e+00 2.604105874914139029e+00
9.996156690187193994e-02 2.936054525504893098e-01 1.749083969818887807e+00 9.137336656879026242e-02
1.146941954673364572e+00 2.922240248403138452e+00 2.810421091382770520e+00 1.061589266314846736e+00
1.725151502459452590e+00 4.876830215392506385e-01 2.867702775289607597e+00 2.384114520350337330e+00
2.318565344487514002e-01 1.287088369929673126e+00 2.019393329500414502e+00 8.459448876711287424e-01
2.244520171472044190e+00 2.573859995132000478e+00 1.203051577758019519e+00 5.740861031265788172e-01
1.089052925081814172e+00 8.012796888168234322e-01 1.942088688889876513e+00 3.071813517598855903e-01
7.750727047788639190e-01 1.001602660840704040e+00 2.876877206804004938e+00 1.389145466030592857e+00
2.959564055702746277e+00 2.031112898718359983e+00 4.537906228923354046e-01 7.225285229737257175e-01
1.543956564893391725e+00 1.068143852417799744e+00 3.880371331283133940e-01 2.667993423589665625e+00
1.055070788257414849e+00 1.877035444133150266e+00 1.345549043424270286e+00 2.260255360006210523e+00
2.698927395004503182e+00 1.707028349208917217e-01 2.560916799211152117e+00 2.924284412532596633e+00
7.758100848755957735e-01 2.356783492625705634e+00 1.877840276644724415e+00 2.512199575792820383e+00
1.254579807587628437e+00 1.934822652366043449e+00 1.614016945388943025e+00 6.240613744304381871e-01
9.961363022534956979e-01 1.604400812367963391e+00 1.112875698958498027e+00 2.741776793132765899e+00
2.265108712577363903e+00 1.581994749425800650e+00 1.273210721154742986e+00 2.294568060640522322e+00
7.341680345004436559e-01 2.515073178248363739e+00 3.020569429362089053e+00 1.267019856229791630e+00
1.152811641537960341e+00 4.872100442365036588e-01 2.133654316026529774e+00 1.561226335616326510e+00
1.393559270358263991e+00 1.368904009988722636e+00 2.444292562815252090e+00 2.170198321055286428e+00
2.692023941956425581e+00 1.267316463057182041e+00 1.678794414714322780e+00 4.543259193190609113e-01
5.204307999837364251e-01 3.094572798548430592e-01 2.698781736462917191e+00 1.303317572956055548e+00
8.890854972573203341e-02 5.369627092960109760e-01 1.975583935782457390e+00 1.175216019089931230e+00
1.884375870487553506e-01 5.569128674959122893e-01 2.056330876759512982e+00 1.596994225170890402e+00
1.737205659142080152e-02 2.350622906138057910e+00 2.554920019162943312e+00 8.857207859912480385e-01
2.433644320132129391e+00 6.495942144321389389e-01 2.007577848698955947e+00 1.852219802698290840e-01
1.551791787946731338e+00 1.844629685448052836e+00 1.170795871333528693e+00 2.625780118006514119e+00
2.454953075342889424e+00 2.157638535777729683e+00 2.891802284191161032e+00 1.139096070132418426e+00
2.148733701615909819e+00 2.756741627759836888e+00 2.457761832164500948e+00 3.007570021294432294e+00
7.952020862266889756e-01 8.966017416686492547e-01 1.662660082849157339e+00 1.289201670301890035e+00
3.099409644287749011e+00 2.636617712779406819e+00 1.181298000058747188e+00 2.872611988463561250e+00
8.832792058037527427e-01 5.093513864975973693e-01 1.360788294890699746e+00 1.343394796903394361e-01
1.751907455274936964e+00 2.935388960554034532e-01 2.942470443374447520e+00 3.038977735561139149e+00
2.192900859525872104e+00 5.947369342688531013e-01 5.269302738959307231e-01 1.860511839193569050e-01
2.427973735169668482e-02 1.751505853171648974e+00 1.514228445456924144e+00 1.671237579779783822e+00
2.381752696101215871e+00 1.647299054797534690e-01 1.138817439839462153e+00 1.007214889574627792e+00
1.778087510250154324e+00 2.163654124909162757e+00 7.851702017840843650e-01 1.268823392162474528e+00
2.045323430042560897e+00 2.195378633738778174e+00 1.300203423370084099e+00 2.531487554352174207e+00
1.243457519106638376e+00 2.870877137499299181e+00 4.617426738451276824e-01 2.616405515330552323e+00
2.496243247655552722e+00 4.752180663090553869e-01 3.129558257476123817e+00 1.310911753739195440e+00
1.579731989936974168e+00 2.246610019709831096e+00 3.602654111924477598e-01 2.260191771492173096e+00
2.014820756294986581e-01 5.033868633217941646e-02 3.536701848099864376e-02 1.792769075117720268e-01
2.946169210759249424e+00 1.071889099668674294e+00 6.412344768927763505e-01 3.009293503725549157e-01
1.489583310461880750e+00 2.395238808888123572e+00 1.496375851083532771e+00 2.524866377646119098e+00
2.601834528214059361e+00 9.213630650329850402e-01 1.724649807439900373e+00 2.754563585249022228e+00
1.136840360190113586e+00 7.953169234617017969e-01 1.060201048168638360e+00 6.026586036813152969e-01
1.707902924880140505e+00 1.599945759116827348e+00 1.603447532073549509e+00 1.349681284894206357e+00
6.879756042485171141e-01 3.094445376560773120e+00 8.674204715649476150e-01 1.768478663109076754e+00
6.360174746135988100e-01 1.731940899404935397e-01 4.819798814924337593e-01 1.502607546433042174e+00
1.623185794708466245e+00 2.305240559048660653e+00 1.794490422518491224e+00 1.252964030875623469e-01
1.095416001574464282e+00 2.290980320260761260e+00 2.764660413662265004e+00 1.881969334207575506e-01
2.142458756443167633e+00 1.483348148979118042e+00 1.308299677927999172e+00 1.590728423805403580e+00
7.467177970407302690e-01 3.078833221473388893e+00 1.476398565771294136e+00 1.686434096729360288e+00
1.468063551679138268e+00 1.281434716774407123e+00 2.916684652288056512e+00 1.250429970278523983e+00
1.653687947992477536e+00 8.505276869232143433e-01 2.283634619648199138e+00 8.878854275610192914e-01
2.667628439996386991e+00 1.105132093248152980e+00 6.270454796874868064e-01 1.880493271553387302e+00
1.997094072029937939e+00 9.780077928442829638e-01 7.888515145767505121e-02 1.877945814823654969e+00
5.134625156969585547e-01 5.765971811851288154e-01 1.338209492107577114e-01 6.290248823121159516e-01
1.144958145653881543e+00 1.110077506584914164e-01 4.200077617163184840e-01 1.144571273749791063e+00
2.544623236654327769e+00 1.160486573798623411e+00 4.612067278571901213e-02 5.944470320845318678e-01
9.666429316066623700e-01 1.377170936207161800e+00 2.547422279616755159e+00 2.780418562268981653e+00
6.516963793242622760e-01 1.185858440927588298e+00 2.279925668146252082e+00 1.281156959968270392e+00
1.976201284431656990e+00 2.856275528422013821e+00 1.067368377362077903e+00 1.243983446329591569e+00
2.174145561787379055e+00 2.304924673866137308e+00 1.645939731090523717e+00 6.505806350134166749e-01
2.129713730590214738e+00 7.508155070444538781e-01 7.567272831057397786e-01 1.577698725831115700e+00
8.479495950583467723e-01 2.620571970596687450e+00 5.805318129955547857e-01 1.192343849505648423e+00
2.266431385518592023e+00 1.913316118549976297e+00 1.467802426655259840e+00 9.976344854333100143e-01
2.344052424271180879e+00 2.442285053359733116e+00 2.725770828340456919e+00 4.837033459262312651e-01
3.092450796889752773e+00 5.152699645999279099e-01 2.309819516717734444e+00 2.346203722868189789e+00
2.804520224061119116e+00 1.396937751142975692e+00 7.850176199204883520e-01 1.975369190071255554e+00
1.761595370887630851e+00 2.696214573757723443e+00 1.155970461628775148e+00 1.209835132866155405e+00
2.736750700262871483e+00 1.020321339449456355e+00 2.465610528016502379e+00 5.726433891393036824e-01
4.308455714047279006e-01 2.124598376552798484e+00 2.448081655908814547e+00 1.984070208983383043e+00
2.556894999037024885e+00 1.052587522597935088e+00 7.118556034924676812e-01 1.637308486170458988e+00
3.548504299006905449e-01 4.497284662058200211e-01 1.715810436295566621e+00 2.103565757000105840e+00
2.858558935672140144e+00 4.005669801385109419e-01 2.057414187362343938e+00 2.118885601995680545e+00
2.108855175870062659e+00 7.226534951509688831e-01 4.155556329606863164e-01 2.883864341557422328e+00
1.714542306466785515e+00 8.987365216807089441e-01 1.102453621173799636e+00 4.555445102989026940e-01
1.003642099861984827e+00 1.203888199264154524e-01 1.667552614665174016e+00 1.179680615899793228e+00
1.245168323854863424e+00 2.528479987845227761e+00 2.940838770747910003e-01 1.205116174480357627e-01
1.669638444698516855e+00 2.000439499374806918e+00 3.130716362245721918e+00 1.978458766532926072e+00
7.417867699081660549e-01 2.088239485898820469e+00 2.646872849230138325e+00 2.820827191608746620e+00
1.094606989879962633e+00 2.085871868342357160e+00 1.134051144944365985e+00 2.993894697557999973e-01
1.759893733793770565e+00 5.123632806465869827e-01 5.219974087280756514e-01 2.351812577531828818e+00
2.503041507940185095e+00 2.472728439680444978e+00 1.143931523909183179e+00 5.521709650909575329e-01
1.011944243707951635e-01 6.962781204304868687e-01 1.211754378473418159e+00 1.287018192555969609e+00
2.170700786371668745e+00 2.326936848071947672e+00 9.302201251854307351e-01 3.700442399328705556e-01
5.832665076340110000e-01 1.528626908784092242e+00 2.040888653259476104e+00 2.506995730521931254e+00
2.283600990978292833e-01 1.983411945389753628e-01 9.221878083663792580e-01 2.213182792247554431e+00
3.071791725161555409e+00 1.292096288848199714e+00 8.175801613078691465e-01 1.304541695140659652e+00
6.960203950952266183e-01 1.344587457332249603e+00 1.316799388637350798e+00 1.838172455551817075e+00
3.083877943474913952e+00 7.283915138844125614e-02 7.493824516183641427e-01 2.685538509054591128e+00
2.396893359895543529e+00 2.891639143219189911e+00 3.126177547626736608e+00 3.580891458264351401e-02
8.295827788307784667e-01 7.598178957733837668e-01 2.854072348266646131e+00 2.446435376236091308e-01
1.162347121366849478e+00 4.361856703029355353e-01 1.859135876409828025e+00 2.583636875026328106e+00
5.095076156198493633e-01 1.058303569319401172e+00 1.861353377524179953e+00 2.791746981641248571e+00
6.017084743743457143e-01 2.259309544439646711e+00 2.535895921133699549e+00 9.621711351320122452e-01
2.268478411957236762e+00 1.603276610262798663e+00 1.882411279549606409e+00 2.328472416916633314e+00
8.064261172849778170e-01 1.008317272041436619e+00 9.396859885619570640e-01 1.395809752624511679e+00
4.192638941397198171e-01 2.532665032485184042e+00 9.609269329053529152e-01 1.255398005794855720e+00
1.009367897378311341e+00 2.299618019721995754e+00 6.482782541708609347e-02 2.184392730613242684e+00
9.050394787345836800e-01 2.762883056136605120e+00 7.876415017929649931e-01 1.228524104870492684e+00
2.688403465952771132e+00 2.810687903851172731e+00 1.386724432634566906e+00 6.637795589985584499e-01
8.271888455215742342e-01 7.071041309690263149e-03 2.886182074428056410e-01 6.324080747142765135e-01
8.374366362235725614e-01 1.242770283294838851e+00 1.474943658549313863e+00 1.522664479383502245e+00
7.861551535060660179e-01 7.580797692692264889e-01 2.147523509773980877e+00 5.606223598115191997e-01
6.382081057505261112e-01 2.282540400404806213e+00 6.807636352132744317e-01 3.892911888026108214e-01
3.844618295757248339e-01 1.775756289647119068e+00 1.794030970088589028e+00 2.893879621060679863e+00
2.412417156179024261e-02 3.243882516399737015e-01 3.074343752780323680e+00 1.620045820058312602e-01
1.293344439610828456e-01 2.514042544302334647e+00 1.164448490050306484e+00 2.306167063800892869e+00
1.214467969792672464e-01 2.108730194909190114e+00 3.032204840907541943e+00 2.618738124547765000e+00
2.425365700620627507e+00 2.689091092611529898e+00 2.135084636963429094e+00 1.538336765605722523e+00
3.271473590702868306e-02 2.785359636415737139e+00 3.072410318482730940e+00 1.545795177394452491e+00
2.063680655310118350e+00 2.817318412100692449e+00 1.776377084917174054e+00 2.575166794265041581e+00
2.953951839901616250e+00 1.518831254385108576e+00 1.545973053308377088e+00 3.031617787681740950e+00
8.424437092939192073e-01 1.956251541497112667e+00 9.868006897303190916e-01 2.112643363767245486e+00
2.103852187332312607e+00 5.669929241688322907e-01 3.009324910586963941e+00 4.361553694573123696e-01
2.923794134387895927e+00 7.244724535309156055e-01 2.039416520861446536e+00 6.167089804680402354e-01
1.504197559028905840e+00 3.093067514529151962e-01 1.892556950165526830e+00 8.185777730462270307e-01
9.041458292470793134e-01 1.635286259734166636e+00 2.213228773952263584e+00 2.114154320323299086e+00
2.383913796137713703e+00 7.037970122231713699e-01 1.385254952121200755e+00 1.978415321346766342e+00
2.534447348154676316e+00 2.034068549216702770e+00 2.425761613496404956e-01 4.120943385528202940e-01
1.268526450741422895e+00 1.180971164232117454e+00 2.414270854436811664e+00 1.006193088454819584e+00
2.474431344890601903e+00 2.636401737969354730e+00 2.665406030532234016e+00 2.734353063096182979e+00
1.743308603605727702e+00 1.484006153888496549e+00 1.224697602487651027e+00 2.536629030786980432e-01
2.329698011474296226e+00 1.955119881175745755e+00 2.555641818122339703e+00 1.095979967516819809e+00
2.823745447627383331e+00 9.032180925858843690e-01 2.782094398717430028e+00 1.761179368353383401e+00
2.768462937837934401e-01 9.218828904925495671e-01 1.420229360784291295e+00 9.528139155239971902e-01
1.152493819783988904e+00 8.375442056290227644e-01 1.843970712962467395e+00 2.687309468161464543e-01
2.208817373718015453e+00 2.267627751101131572e+00 2.334342770870572625e+00 2.686651480659237645e+00
6.408667543684599677e-01 2.441385110722379959e-01 3.072531455559833535e+00 2.453704143367500645e+00
2.366302546886867586e-01 2.366205819348117245e+00 2.777328631901141986e-01 9.352928418019277323e-01
2.616474411091192387e+00 8.582942073540062999e-01 3.138861238988855273e+00 2.843483615468761272e+00
1.715509855466469613e+00 1.451424280411146128e+00 2.816861432432102852e+00 1.559338777457250469e+00
1.713114288012874020e+00 2.699775653325306557e+00 2.091844377538207289e-01 1.700649440974146609e+00
1.711958942999237676e+00 1.850549297650963543e-01 2.747167532772835097e-01 2.939003421264137828e+00
2.922229286638822643e+00 3.070034292673585963e+00 3.069040914729688208e+00 3.063773718719351891e+00
3.357870207516775451e-01 2.464774128205458492e+00 2.130396037083676308e+00 2.750607926776340140e+00
1.734042157596757394e-01 1.284035588343443335e+00 1.348223895866001998e+00 2.286854610840914237e+00
1.494096819524010966e+00 8.956831282852291132e-01 1.144960396777305212e+00 1.730455932338336833e+00
1.244904258723185331e+00 2.542341405266444809e+00 9.017057763198547127e-01 1.223516019225425522e+00
1.607776073598189637e+00 1.406377285350553175e+00 1.056992857515766243e-01 8.124809141875114493e-01
3.071566776614990335e+00 2.284294918401625907e+00 1.682339487105482645e+00 2.141387978375636436e+00
1.349688336614723427e+00 2.668072326449459908e+00 2.572595106235625373e+00 1.630825756059529619e+00
8.005030106234551912e-01 2.038473360703590753e+00 1.795661771038711274e+00 2.464828665018587994e+00
7.518255571223418920e-01 1.417320095503503241e+00 1.344863300515937610e+00 2.437008184774458908e+00
3.007397996948411478e+00 1.291502728463833627e+00 1.643025534024835421e+00 2.052648893254488627e+00
1.351160546128906459e+00 2.078329058009262376e+00 7.507712070818302053e-01 1.649933153544678843e+00
1.187864609429040152e+00 2.747701860438865662e+00 1.182135750672844043e+00 6.892616008604476319e-01
2.378595609573807668e+00 2.175250169876485451e+00 3.182463011227316257e-02 9.165389139506416871e-01
1.606076438375240834e+00 9.769724849698149249e-01 2.791525363856137254e+00 9.624658941959012282e-01
1.618921708890884492e+00 2.643735602453878286e+00 7.842816965080566805e-01 2.033715119448688824e-01
5.268162676498707730e-01 1.447692208782810575e+00 3.044155960538550421e+00 9.343628361540280425e-01
2.299024368726088507e+00 7.553498601254279854e-02 2.740047316366888364e+00 1.039069821718715980e+00
2.319891269303161696e+00 2.037157207617892318e+00 8.194284834866641942e-01 1.085363239122007606e+00
6.756898397658844813e-01 2.309809944151473560e-01 1.836189243266528992e+00 1.747291572205014631e+00
4.704494697836876238e-01 2.537493165523257321e+00 2.750022453673763856e+00 2.113296776553517553e+00
1.698806727455736354e+00 2.475337848921672190e+00 2.518408200209192760e+00 1.292879887663556771e+00
1.349580856023595565e+00 2.666159604220129431e+00 3.024776229269146466e+00 9.425851580713210387e-01
9.581462973737979727e-01 1.338081976699340148e+00 2.338258700282247471e+00 3.140740442744041516e+00
1.435161628286974578e+00 2.804714204689493506e-01 1.549614995249972926e+00 2.181595745211751591e+00
1.020276940266656940e+00 2.963775756004367601e+00 2.595210268706522605e+00 8.850866991041358434e-01
1.602395518551842812e+00 2.067731816290107327e-01 3.812005155191524608e-01 3.126568881796825128e+00
7.964985684275505129e-01 2.761832815291996868e-01 1.707125125540720142e-02 2.559193427329240933e+00
2.753005476415647301e+00 1.201079121612878886e+00 2.872493120671544276e+00 1.031153646023396320e+00
1.379913792967101260e+00 1.411943639234229719e+00 3.418186221810591841e-01 1.345628998052778913e+00
2.338740022570622745e+00 2.084575489508559087e+00 1.398654292725412640e+00 2.159710885279709114e+00
5.276451510018531632e-01 2.529513711104544704e+00 1.233575386595493262e+00 1.325130980030349237e+00
7.599292799234491635e-02 2.143045114154552289e-01 1.277875285669755279e+00 2.543762929900966085e+00
2.286056022446715019e+00 2.668339326016807789e+00 1.798633635934571817e+00 1.443183749873197641e+00
1.030398323289563253e-02 6.847487480110625579e-01 2.592111320007204345e-01 1.045670024764833839e+00
3.008571810977865191e+00 1.883655805816253803e+00 2.564341738853317842e+00 2.881892789012049372e-01
7.581731156122618609e-01 1.729248735469701259e+00 2.211351369358891539e+00 1.817787522716185045e+00
2.181260759614732425e+00 1.220822704269742820e+00 1.078200094400853404e+00 9.538660586257677321e-02
2.534554475967742526e+00 8.806585866313892952e-01 4.727440842207443206e-01 2.376095468633494523e+00
2.507861355078031540e+00 6.738677278747864374e-01 1.336809679346184110e+00 1.840712681318963373e+00
9.782603702426500014e-01 1.527247268678257885e+00 1.764751598505996055e+00 7.918778283914758021e-01
1.206407107482820429e+00 2.701047821982165420e+00 2.160852812988016236e+00 9.444953070821495711e-01
2.439501701983783910e+00 2.627353744373990274e-01 2.987031512446221004e+00 2.385517110958580655e+00
1.554703120565166463e+00 2.828181965216691296e+00 6.602474401143741956e-01 1.301289083030865434e+00
1.703977648182585680e+00 6.514528736379674445e-01 1.355163175054636460e+00 2.128886812882843316e+00
5.201839467972956682e-02 8.162429299319612364e-01 2.113040084617209935e+00 1.419219089166683156e+00
1.435155406170756764e+00 8.480246805330107218e-01 1.792945823188450971e+00 2.041755189887710653e+00
6.379720329759888120e-01 2.058675507383408210e+00 2.311911792942974664e+00 2.470925074516823194e-01
1.834097043879856059e+00 8.979525860148895866e-01 1.825234088403613564e+00 1.449097923048322523e+00
1.153804045661913413e+00 2.743473127004817602e+00 2.068950616512050367e+00 1.045670877659084619e+00
2.651524982220609949e+00 2.955526163911255999e+00 1.311712301789967228e+00 2.617531900739802797e+00
2.517436101992961195e+00 1.996336000746913086e+00 1.057288661256973406e+00 8.790036949896339324e-01
2.150063157602665864e+00 1.384569138810494371e+00 2.810327117929096286e+00 1.383697397325101885e+00
2.177612609533988941e+00 2.093249872919288990e+00 2.207535554069097739e+00 2.843954221764065871e+00
1.054234271925606814e+00 1.792971218341354200e+00 2.047595588609345096e+00 1.732644983950104134e+00
1.126105893712278538e+00 2.073220172101150283e+00 1.463536333587667437e+00 2.305368051332226109e+00
9.537607014794849958e-01 4.685037458063536775e-01 2.246605810245532187e+00 7.475615520407336012e-01
2.996393459943764270e+00 1.353924027576404177e+00 3.250636272762609247e-01 1.818104145127432680e+00
2.290149442716485684e+00 2.520106531265777328e+00 1.592489355405865004e+00 2.971811169033252042e+00
1.014602111756186087e+00 9.845838096897360225e-01 2.962744566271460656e+00 1.824610629374813220e+00
1.677966403142552521e+00 7.905591397807635312e-01 7.502366747408584224e-02 1.284968788628553460e+00
2.946877095782337364e+00 6.619122579988931943e-01 1.891933049608289341e+00 2.887640912381173042e+00
2.743607100854261738e+00 2.253176135108597045e+00 5.596067957509379132e-02 1.498271924332877925e-01
2.883133481014195088e+00 2.093023408259182094e+00 3.666761152458715700e-01 2.161093287493390136e+00
1.292396239423021287e+00 2.761268270301851846e+00 1.861671858049866346e+00 1.334080226280485615e+00
3.080217644571321856e+00 7.193595780787973570e-01 9.419925807545777019e-01 1.280100247492317322e+00
9.266384517966731460e-01 1.679436391681249363e+00 2.254721201102497741e+00 5.782335389655988145e-01
1.114589570670180052e+00 2.921791133826254327e+00 1.519442591543593180e+00 2.238682738052806265e+00
5.918291978685703558e-01 2.217638014846451622e+00 6.794629088310577547e-01 9.273941426463888638e-01
2.054351160234271223e-01 7.255930236441965331e-02 1.162895091632182076e+00 1.608162336061983222e+00
3.139899068209769162e+00 7.433454149918268250e-01 2.134037929351000895e-01 6.941324359145759626e-01
2.061140809723994494e+00 2.024828175692029664e+00 1.536294893963595642e+00 2.251624718069788589e+00
1.234611543581024096e+00 7.875197479228638331e-01 4.510291375811265602e-01 1.729201467125746516e+00
1.569874030563467526e+00 2.383937603962274387e+00 1.505905529129214493e+00 7.160289099654287837e-01
3.046306238706585123e+00 2.311323855062994426e+00 2.341792935586081814e+00 5.585778938301247942e-01
2.075515914495485337e+00 2.143415353775275367e+00 1.451081385879190666e+00 1.820060977431882998e+00
5.397989583269133806e-01 2.557971956843259620e-01 2.701891926229255336e+00 1.727515107122921556e+00
1.947434658845305977e+00 2.910184200368957530e+00 2.734322137803274488e-01 6.521606639343615619e-01
1.553130746560759556e+00 1.411680193267826233e+00 7.311985045679380013e-01 1.190801469019105996e+00
2.343763388713613782e+00 2.362848229089132168e+00 3.103633493313092462e+00 2.594647154536757316e+00
2.465255751180211785e+00 2.324046648158414108e+00 1.998510423825302196e+00 2.109573134142101125e+00
1.839558917781327407e+00 1.547327111508940867e+00 1.065465400259791418e+00 3.050627459291239241e+00
1.943234276861025844e-01 1.805964385834338826e+00 6.759574596818169745e-01 3.106369600417533405e+00
2.196492735845948785e-01 1.215878999162516072e+00 2.023094553253416805e+00 6.722614277900481605e-01
6.766186024072583516e-01 1.221594050591279901e+00 3.761854162170176208e-01 1.319238877791964581e+00
2.099016264587730163e+00 3.415496968676873801e-01 1.608869069780566319e+00 1.243574910844007064e+00
8.308723441325681636e-01 3.137246231838801691e+00 2.154126061642929191e+00 1.129802880157158684e+00
9.531663817308728692e-01 3.051284175289793232e+00 5.656687822476222927e-01 1.988843822320174981e+00
9.553874854075774525e-01 1.570867205194599991e+00 2.667735260654116480e+00 8.844308915029015505e-01
2.423666810515114012e+00 2.940278405789312099e+00 3.004492728606292129e+00 2.854051642140554623e+00
4.622554507960915243e-02 1.612668088707567282e+00 7.577559830957675269e-01 2.708821432261448781e+00
1.181329653080542830e+00 2.577650631177235141e-01 1.313475406455824945e+00 2.594562593239575943e+00
1.850024609353035032e+00 1.450848804717309315e-01 3.848863411252059774e-01 3.123353568969292393e+00
2.726757783586092554e+00 1.376125499665699525e+00 1.542605514922238630e+00 2.174158119837388714e+00
3.039322331474341610e+00 7.837986646342525177e-01 9.995590734215851203e-01 6.908046200121475966e-01
2.730114959954145437e+00 2.579528197778557796e+00 6.249253548972709682e-01 2.159978059082867663e+00
1.620322211112822153e+00 7.112311929744505878e-01 9.600182044969401973e-01 6.256599736613033258e-01
8.595678728473262753e-01 4.550470505532142607e-01 2.520230614009504766e+00 1.085713991825163482e-01
1.196689367133423776e+00 6.229764373016571932e-01 7.281046348864597673e-02 4.455540185834019895e-01
2.142498394838043829e+00 1.155769349684978131e+00 2.978698368046481360e+00 1.388819890250392319e+00
2.466088821157766120e-01 2.167422913665453699e+00 3.193086058551793394e-01 7.631671339461494341e-01
6.932175701082743391e-01 9.202456401975468436e-01 8.866198021518132411e-01 4.667840367557163361e-01
2.750523017267033632e-01 2.889147086757343441e+00 2.787837103377460046e+00 1.491261037370415821e+00
1.379611645282588839e+00 3.206911579744322061e-01 1.851984895556203714e+00 2.066128233013732718e+00
5.816848164587605785e-01 1.335349423607212316e+00 1.893591398287856054e+00 3.087219116819512887e+00
4.618323995099787860e-01 1.928380095088726209e+00 9.970779317888083249e-01 2.529108086274713063e+00
1.031557970730627272e+00 1.298533518083491822e+00 2.344374048958172807e+00 3.002139192421272806e+00
2.500135307826783393e+00 1.490125398189382500e+00 1.682132304205629758e+00 1.849578228203516028e+00
2.064729835395933577e+00 2.487604001052669545e-01 1.889999154920077418e+00 2.521790227756384617e+00
7.515236904105796478e-01 1.958165292563994075e+00 1.150768132882236949e-01 4.123811573182327717e-01
9.283128392176728250e-01 8.876572382850431708e-01 6.036050926958078655e-01 2.962449726701333663e+00
4.085214399629907289e-01 3.016245793033446310e-01 2.917380937598128110e+00 2.891318458618488574e+00
7.380271299057307166e-01 8.612715530746660741e-01 2.596497887953887140e+00 1.138940632781240136e+00
7.390282375180993180e-01 2.057558630413178768e+00 1.876929768162185708e+00 1.916160497452069844e+00
1.055520107364130489e+00 1.090972180317470785e+00 2.550484306918521238e-01 2.592855422397007725e+00
2.060151304481256052e+00 3.122335281026349829e+00 8.488780014247436778e-01 8.447488345849855085e-01
1.991218614342139315e+00 2.782111458028868167e+00 1.018260927429736284e+00 6.228836216682590889e-03
2.173425757213859999e+00 1.585720623448091393e+00 9.214472194633478441e-01 2.730011422618501826e-01
2.132945703580773955e+00 5.658241606639596855e-01 1.086626775435352910e+00 2.968053400069350367e+00
2.090061863202290038e+00 2.530490979765564585e+00 1.464021891323391555e+00 2.208366680751247202e+00
2.222700946821451140e+00 2.214209523344607078e+00 2.139127348407282803e+00 2.174871657638550282e+00
2.880326868317006350e-01 1.976753861844965821e+00 2.461591019814008963e+00 2.259594355750750072e+00
6.966717318385254876e-01 2.599476886629743078e+00 1.435482474285525223e+00 1.799722835184997427e+00
2.970497806009542607e+00 2.786858399069930492e+00 9.407878596797210058e-01 1.337472339672110211e+00
8.174147208217462657e-01 3.021001232528262470e+00 6.625906962366706621e-01 2.042662998188473633e+00
1.501857545729653687e+00 1.736362776237707628e+00 1.748047542770142959e+00 1.764304989363898013e+00
2.947458986101660461e+00 7.328734985143533498e-01 2.595716763396660021e+00 1.309129450855501808e+00
2.604171787280796124e+00 2.885291667924865244e+00 2.363658022941422132e+00 1.724741557628101996e+00
2.707404818859374451e+00 1.328490669308398431e+00 1.826551559531180091e+00 7.374498251718820674e-01
7.163456999006981296e-02 9.933986894984705440e-01 2.518683056155795352e+00 7.116852058602437525e-01
1.854677804364784022e+00 1.192519834418663605e+00 2.186266368670466420e+00 2.236734215497083067e+00
2.280630724217405092e+00 2.717855495470142380e+00 1.958482086107745213e+00 5.252306115873757175e-01
2.987563999197154541e+00 2.159182043467826606e+00 4.069910580464697336e-02 3.094612198447576290e+00
1.224336499271663881e+00 2.067669565669612908e+00 2.195112655290005321e+00 1.778132020571053518e-01
3.063964132079036951e+00 1.829582205197744615e+00 2.017271700357683883e+00 2.383457802683500493e+00
1.943886822611807785e+00 2.663333368877873308e+00 1.951720103635895764e+00 2.008045537897408472e+00
1.394565678432120537e+00 1.199473938177652244e+00 2.567805763873559632e-01 1.076209196988862082e+00
2.525240676941336915e+00 2.333681831706710508e+00 2.779516078888102371e+00 2.753805605174266091e+00
5.270973540198660157e-01 2.823777171306807610e+00 3.736024908216769580e-01 2.031039309693415812e-02
1.937293765031401271e+00 1.894042669394323086e+00 1.797053075036750158e+00 8.597177383769291636e-02
1.103206282133831539e+00 2.098663706425164754e+00 1.010821702719931769e+00 1.747464237874439608e+00
1.757797109525029544e+00 1.654199794835345294e+00 1.136184772212731176e+00 2.452411173190281346e+00
2.829383600195929660e-02 4.330484850656011186e-01 3.099994718904639068e+00 2.781346786440821006e+00
2.494047251181569003e+00 2.340652406733705337e+00 3.060265713071806282e+00 2.450175858340209789e+00
3.017251213370324425e+00 4.443044604963919952e-01 6.187618153953634570e-01 1.107538646329224941e+00
2.763835826371700222e+00 2.674376849880335527e+00 2.969053073415341970e+00 2.374810174949949282e+00
1.583452859905885468e+00 2.335995445580974827e+00 2.447251452156960383e+00 2.851785615499449200e+00
2.630958072675046999e-01 1.562961444214791662e+00 3.124230627088663947e+00 7.521181970472602396e-01
2.536016391535092396e+00 1.543885081700125284e+00 1.596198902009518805e-01 1.405027775928067824e+00
2.117729473128356243e+00 6.824115715211861444e-01 1.656565693092838520e+00 8.288186929792180635e-01
8.351950865152896197e-02 1.425876904551745872e+00 3.100124778455839003e+00 1.049372980957699486e+00
2.878448096365942011e+00 2.404677927269231130e+00 4.989639165671854726e-01 1.274898499391955209e+00
3.255835630903064493e-01 1.160464294370535443e+00 2.415667613590538387e+00 3.060486933230638140e+00
8.232600557069862379e-01 8.868728950731920024e-01 4.535055360145021086e-02 1.133687893056034790e+00
3.089343787019288801e+00 2.419715894760742891e+00 9.098960309025741489e-02 2.849467408449998462e+00
2.566640321310977857e+00 2.450499797131491686e+00 2.200548776921047889e+00 3.101290671077181482e+00
1.150998989119395195e-02 3.034323479038996130e+00 8.333019958270363459e-01 5.285952781435417913e-01
2.780652682647385188e+00 1.463029599562949423e+00 6.461953790963471667e-01 8.211996624232384412e-02
8.106529483549050896e-01 5.580806355524886575e-01 1.774707525585962342e+00 1.712654698049777657e+00
9.198414095175153626e-01 2.040970873876039260e+00 2.054739592567088824e+00 2.251059660039484545e+00
1.578758392550124956e+00 2.486444760279534094e+00 2.610197487379512626e+00 2.453164016103144274e+00
1.385410785704461967e+00 2.769877815838528434e+00 2.130272327020706236e+00 4.837858393583000516e-01
1.584796761822104161e+00 3.090666602710314126e-01 1.236952204383773291e+00 8.296062915057017539e-01
3.059825894675778812e+00 1.606860012704308893e+00 2.372792938654765038e+00 1.641334476324936231e+00
8.242500424671643788e-01 1.250741407974863995e+00 2.758194235874557698e+00 8.479836772002131706e-01
2.719897945548253926e+00 1.709812660551602026e-01 2.156105003559478206e+00 2.793899737606057254e+00
2.827786785159092986e+00 6.759632508829694908e-01 2.322296216770764588e+00 2.392937370514061524e+00
1.205907738258817363e-01 4.679138776381095433e-01 2.338121011049691056e+00 4.929893782525094498e-02
2.821584091701669905e-01 5.119610863987611449e-01 1.516310349530981982e+00 1.442543900850298488e+00
8.061249625211261982e-01 2.852801388822315154e+00 5.135778955398521139e-01 5.211983647055738050e-02
1.065064119658771347e+00 6.189189114789855894e-01 1.766828531773887656e+00 2.888796946249115649e+00
1.616773571687588174e+00 2.260370377502922690e+00 1.631893714349681890e+00 3.121019915232868147e+00
2.414597470680655000e+00 2.341540896303230035e+00 1.133952822378649916e+00 2.841774159707409098e+00
2.427911604122770850e+00 1.292309698562359221e+00 2.193655644103832181e+00 1.409839460119244325e+00
2.519775264710399476e+00 5.909591334155873676e-01 7.081876350863515190e-01 2.048773136646591553e+00
5.272765150200748874e-01 6.013792610980996933e-01 2.878423977052155358e+00 5.363536749433811535e-01
6.270751533717159321e-01 2.799417588689032677e+00 5.411653492593042347e-02 2.383933429922107106e+00
2.416238532722814636e+00 1.287070270697944663e+00 4.892350444379354318e-02 4.479887369059014635e-01
9.380973361533823107e-02 3.616555717303203688e-01 2.703961669810759805e+00 6.242579953853667485e-01
1.938978369536119351e+00 2.476357716224135697e+00 2.727622823711734146e+00 1.470423550511765098e+00
3.014705217959961825e+00 7.080605488983325868e-01 2.607893188199200685e-01 6.977715773681034683e-01
2.494549655465251092e+00 1.968211842341048401e+00 8.202249994060241134e-01 1.317712167733321227e+00
1.601563194090411812e+00 2.526289232392630035e-01 1.164395170198469914e-01 1.001972712211760541e+00
7.443646327254719308e-01 1.053894256954114095e+00 2.979064515203106556e+00 2.778191789083413354e+00
1.998187578866134739e+00 9.146793666313663973e-01 2.028024857885605048e+00 1.660344417923196592e-01
2.339854705417772962e+00 2.858419947935548766e-01 5.425154365891056152e-01 2.704592248561551227e+00
2.075946847650121274e+00 2.592979489607839305e+00 7.541019745210366665e-01 1.702734753283055846e-01
2.263865242341950079e+00 2.189214735388038235e+00 3.109934034392510149e+00 1.812846641085262611e+00
1.317415443762708360e+00 3.034744493892219896e+00 1.464374485976235762e+00 1.046634044657413165e+00
1.138413115503479123e+00 1.576219586181695220e+00 1.067094313505332126e+00 2.265117616486685304e+00
2.677276653779145921e+00 3.539168437125783662e-01 1.100481186092826968e+00 1.357997523653380778e+00
2.547181887612506745e+00 2.385527498462557627e+00 2.411495028042483835e+00 1.823277957344422218e+00
2.243016928234940366e+00 2.530376715157455436e+00 1.714509979232463843e+00 1.870483138537306855e+00
2.293603252647349766e+00 1.864202221143501204e+00 2.955771980833415302e+00 1.478550639647968179e+00
2.751887792380385833e-01 1.661009364832756185e+00 2.204753001800910273e+00 2.258790892202950040e+00
1.309224805155056126e+00 2.238041305445504392e+00 1.642260767529930110e+00 2.593317265621785328e+00
7.919069494992740932e-01 5.978372295408460602e-01 1.108508392409519372e+00 1.278052238147463493e+00
1.469666500798749720e+00 2.428197046268999681e+00 8.528846388013509028e-01 9.434869966844002809e-01
2.471433420873199616e+00 1.832929149032709537e+00 2.033457067053143330e+00 5.331669921905460852e-01
8.680358997325621218e-01 1.307428253912898297e+00 1.629671392787421791e-01 6.904530143893482519e-01
8.611957803925358590e-01 2.106087617754748287e+00 9.796064512175544081e-01 1.126221194806699577e+00
9.442046774904859774e-01 1.036230102214510174e+00 2.694964303440434139e-01 7.720435459223102814e-01
3.083430243125319326e+00 2.691860379110539547e+00 1.156148536460407827e+00 2.534209341606436627e+00
1.740081248038382489e+00 2.922619110732861181e+00 1.499276680923963267e+00 2.052321800130247897e-01
3.104057423956469108e+00 8.351661614443267601e-01 3.027209298799628634e+00 2.235155959574683104e-01
2.515080464171616459e+00 1.371961578400779258e+00 4.911689081791746903e-01 1.112507954989195635e+00
6.161984785244069007e-01 9.587248494446628522e-01 2.806829736826313759e+00 1.082317765143667065e+00
1.399148016771813552e+00 1.267174764623649086e+00 1.853361435837277860e+00 2.169722549781202936e+00
1.648859410854774499e+00 1.564465549441373948e+00 1.956676485894995432e+00 4.416530501305589440e-01
1.063467421012776137e+00 2.161062831873472589e+00 2.107020190739588905e+00 1.559053728334197864e+00
2.772241602542317107e+00 1.204378832935449006e+00 6.361655114607081551e-02 3.131472962672265048e+00
2.252359998530002461e+00 1.592282857601612589e+00 2.549878011931357435e-01 3.078495455532222813e+00
8.057990301336325212e-01 8.672963427396516156e-01 1.282844072176226202e+00 1.777003082169510417e+00
3.631975146366058227e-01 3.066637335156158883e+00 6.455791892202306093e-01 1.791807121642187584e+00
2.421603308562150225e+00 6.467924604748725992e-01 6.331360173192821517e-01 3.019665962177580099e+00
3.747385486812663258e-01 5.794079735588448798e-01 2.141582335975776630e+00 4.536771928511952878e-01
1.690153872531932722e+00 1.058901255509837602e+00 2.952662012044633411e+00 3.088738658230592904e+00
3.139467743032863023e+00 2.638268465641521177e-01 2.261250311579852568e+00 6.890231873878096547e-01
4.952246539024797167e-01 1.940022215121544269e+00 8.967786061467643011e-01 7.992247006615129656e-01
8.127041080961450170e-01 2.608732623911766968e+00 1.792843243201990733e+00 2.737612090482567151e+00
2.252620621548214075e+00 3.044773273541544256e+00 6.429444617578108367e-01 1.746229834457968977e+00
1.493368122614782356e+00 1.376671068658218644e+00 1.836687885973287360e+00 8.269498881384066413e-01
4.034626464790552203e-01 1.492199814278345249e+00 3.007061266163925328e+00 2.486009865658040496e+00
4.881232267903148347e-01 1.992538691435263409e+00 1.815430569983627063e+00 9.169761344011353454e-01
1.596442752762731176e+00 2.031815258423424364e+00 2.290109055608401611e+00 2.699664354399143942e-02
1.622307451812237789e+00 4.494091301529116178e-01 7.593107611151149738e-01 7.266411401389790692e-01
6.555835053322184303e-01 1.521299719719994670e+00 1.375187237828783715e+00 2.472385693652258798e+00
2.028178299375962279e+00 2.865557983279301002e+00 2.918287774186047567e+00 2.868808708038346200e+00
2.080380174210363808e+00 1.119712715266895781e-01 2.052990792846239643e+00 1.712060812043993074e+00
4.448893218849766518e-01 1.106772110657888497e+00 2.146411877040863114e+00 6.876626336316821186e-01
2.444410872693921100e+00 2.612372892518797229e+00 1.514017794011652818e+00 1.175846338342285469e+00
2.835943698856778994e+00 2.725897537477045329e+00 2.448487059364996554e+00 5.328436317306899372e-01
3.842763458703066237e-01 2.912890771716392102e+00 4.693286741541194962e-01 7.926296275683371029e-01
1.132461452282165659e+00 5.831684730242807646e-01 2.614254232838194802e+00 1.611099769586930019e+00
2.353032772653023130e+00 3.621671224584399051e-01 1.207295596378702207e+00 9.701019636230300280e-01
1.155651136936167278e+00 2.401504861910857436e+00 2.851433816668861088e+00 2.556930546602828258e+00
1.946263337373503433e+00 2.800830729422165710e+00 2.205486846213676078e+00 2.784889064517832136e+00
6.991931280148930838e-01 3.058495767641180585e+00 1.217371133966134833e+00 1.589941405079569714e+00
4.818343981090314476e-01 2.940669899976434909e+00 2.647436465182880116e+00 6.644535996287413981e-01
2.387960919812870397e+00 1.400475263673758075e+00 2.337765045160497213e+00 2.498550503889790608e+00
1.829334652505823500e-01 2.980571573588254974e+00 2.264893821319593936e+00 2.242029297710193270e-01
1.874336126466243035e+00 7.265632790768121740e-01 2.052581103138025664e+00 7.523290582367813117e-01
2.482307037527823113e+00 1.931175340356678261e+00 2.743246362215563394e+00 4.456439042869097394e-02
2.639430766986236687e+00 6.714934366755667128e-01 1.957415300837867855e+00 1.878895880895667947e+00
9.604192463622369669e-01 1.284151158295314232e+00 1.985249402302306398e+00 1.408669447952672460e+00
2.863590680528818933e+00 6.802272753853946807e-02 1.028471505309791700e+00 1.163867174664090065e+00
1.870255906007186386e+00 9.353625718806353462e-02 2.532513703105193859e+00 1.948160114002104315e+00
1.270459010279094914e+00 3.015535095432479995e+00 1.033146694489913697e+00 9.012995508548988788e-01
7.677520271473269320e-01 9.257213430528674625e-01 1.849665305483250366e+00 5.322318631701866698e-01
1.501606986574666625e+00 2.380181776530023718e+00 8.013864986887997421e-01 2.474835774111079356e+00
5.124458093321044849e-01 1.876457474884194454e+00 2.363609692064450485e+00 2.295864390215133444e+00
6.136707506108995958e-01 3.115458859202001829e+00 3.313966884554636616e-01 2.430065910555046393e+00
3.030260502463534067e+00 2.394252510881200724e+00 2.588435976485869539e+00 2.697976729588019928e+00
1.341169082386562961e+00 1.628850042196714476e+00 2.549478834743793332e+00 2.048104070713240965e+00
2.654130237243206736e+00 9.925820459996774758e-01 2.196986461518573908e+00 7.321815838328412651e-01
1.593404141657724482e+00 1.360227939678604336e+00 1.725127087285734051e+00 1.959559815351183287e+00
1.556497757242352176e+00 3.074884600088661823e+00 2.692724080145250554e+00 2.153051393367795274e+00
2.068086332390705717e+00 1.402025348359204338e-01 1.171800865618285892e+00 2.309376313556784854e+00
1.034113849862970502e+00 2.631088557316209720e+00 1.266298951086851921e-01 1.719371761845605251e+00
2.872682359454135081e+00 2.464016332593808034e+00 2.681128568289284364e-01 4.199346971503756243e-01
2.324269372134574407e+00 1.231828957141577474e+00 1.480389993689593009e+00 2.319342157873860444e+00
2.897541879708629420e+00 3.550048962443838607e-01 3.102914075457011478e+00 8.077086564300983706e-01
1.537822654190571514e+00 1.184491067170158063e+00 4.141211203446405476e-01 3.159008884471720124e-01
3.432064271159199764e-01 8.384169549642527253e-01 2.808698595706481616e+00 2.570228170584287763e+00
1.894148326142558902e+00 2.613174461603038901e-01 2.933939457376157911e+00 2.786618998275254278e+00
2.830210494700507784e+00 1.611001007777771443e+00 2.256801569195841406e+00 1.786487449931551730e+00
7.832208645201449437e-01 2.443584214656861153e+00 3.007474969533828979e+00 1.304060454232712774e+00
3.782228411574973803e-01 2.361482476134316999e-01 1.142812961674633948e-01 1.294790036955305368e+00
8.634104754758316069e-01 5.524535960730930784e-01 2.764833840659547626e+00 3.103123833045578372e+00
5.027822866961693948e-02 2.845256835181054100e+00 1.025268854293115872e+00 2.201226019660054156e+00
2.077350155552016187e+00 2.765927212029597015e+00 1.957550598213416926e+00 2.708438258214663552e+00
2.653594334795426946e+00 5.005610763483826497e-01 5.957540265557731418e-01 2.017653691850587627e+00
1.518036270244208730e+00 7.551656191175581956e-01 1.787138986872722768e+00 3.038938191999750238e+00
8.271941132115621098e-01 9.968643281195637140e-01 3.067163076580053271e+00 2.323484590123015447e+00
6.045729074942360892e-01 1.255965459206642931e+00 3.076038905833399895e+00 9.647113145465741058e-01
4.617250428217931080e-01 3.077696012449120833e+00 2.662214011701552252e+00 1.918862132652563446e+00
1.734262236147340541e+00 1.841639922146072861e+00 1.907161070736036246e+00 1.503901056472484399e+00
1.874344386547118324e+00 2.133879639813912821e+00 9.394199296821151846e-01 2.322754192054663935e+00
2.325876365942417312e+00 3.862201035352875733e-01 1.916019427424247912e+00 1.933596699133513841e+00
2.572465464585707462e+00 7.734273489034276805e-01 4.712249316956820810e-01 7.477346216956066716e-01
1.206597416586904892e+00 8.185445444784843483e-01 7.142519160334778183e-01 3.034944826704539800e+00
1.599075315933195851e+00 2.482680087299991456e+00 9.665672670363630870e-01 1.327206678912232762e+00
1.654873787173524402e+00 1.950991794640655419e+00 2.760964722816706907e+00 2.757974132925664179e+00
3.323461867521637636e-01 2.463732435661157572e-02 2.791285395708756223e+00 2.103378378776127544e+00
2.588375924496774338e+00 4.391763708069026939e-01 1.238289962476644579e+00 2.818808644718953982e+00
2.691480936664198076e+00 3.714432598330538182e-01 2.699824258770107122e+00 2.947411895844535223e+00
2.163871862210100971e+00 1.201914600010027812e+00 5.455674203953717605e-01 2.049647703371588303e+00
1.610523640268519907e+00 3.012112412760534763e-01 2.956708369239824039e-02 2.172312700888562542e+00
1.863461386741534387e+00 5.361988489201426900e-01 1.626536197736575984e+00 2.073442778634089656e+00
2.628004592983528731e+00 3.065711662275356630e+00 2.871081968535817097e+00 3.113598609181284615e+00
3.915441547225789187e-01 2.913530255393964596e-01 1.134914702581238499e+00 6.157837825287683017e-04
2.869404575712938055e+00 1.501588203521455389e+00 1.473505764644620797e+00 2.778904881437836316e+00
2.832017651077120557e-01 9.827226933990432789e-01 2.324282408651683340e+00 1.936490074923670868e+00
1.165141298290691241e+00 1.382668085719770179e+00 2.079823575009559278e+00 1.431646405777347919e+00
1.687060775758044251e+00 1.961168460540806402e+00 3.093256863128545753e+00 2.162629311819987965e+00
3.180620866948976055e-01 1.965208805631709410e+00 5.963857855573753697e-02 4.257143336565695768e-01
1.938895069384051650e+00 1.509218877712745988e+00 2.153592858440776414e+00 3.711274080837157485e-01
9.885613562391427911e-02 1.622058403916659231e+00 2.896956737422093919e+00 1.066546628645048900e+00
2.373114252099287391e+00 2.895705447181145864e+00 1.324249031593244252e+00 6.383628428549215084e-01
6.988933142211271043e-01 1.419530390153149746e+00 2.990755204136349210e+00 5.555074829876857634e-02
1.984661082845472491e+00 3.103915040949680293e+00 2.066588810114835084e+00 1.402009602390375642e+00
3.010793730491107656e+00 1.654404384115548687e+00 3.130903757048701497e+00 3.128129810274855593e+00
2.240113311477386127e+00 4.104875215765964591e-01 2.954793445398699703e+00 2.035896633394076005e+00
2.302580765292831622e+00 4.342850101457957357e-01 1.101005928238360188e+00 1.038922473818574055e+00
2.506515992988606056e-01 1.550570921554730308e-01 3.780576838720873245e-01 3.194586952663140966e-01
4.070277200016809288e-02 2.850649326687198837e+00 6.978432648517202130e-02 9.652780009710676401e-01
1.440350384939573125e+00 2.868606216125064168e-01 1.851848530654753855e+00 6.937686089062817807e-01
2.828716922282754176e+00 2.002806564470277273e+00 2.773108415082958800e+00 2.125655835339920863e+00
3.034911823998834191e+00 8.427502447916838113e-01 8.671953289686450406e-01 1.537617158396403783e+00
2.246394688933862405e+00 2.038509012731440251e+00 1.935259891650959574e+00 7.585945000333713106e-02
8.787150473521696536e-01 1.659534753389618755e+00 9.181953652105495634e-01 2.021737064996202704e-01
1.066297457770185586e+00 2.254663273491798847e+00 1.368780516327965824e+00 2.617925362722191007e+00
9.780246393268280380e-01 1.741430463912119864e+00 6.163065586971604448e-01 1.390226312845938006e-01
1.413536194492542863e+00 2.675168109985524900e+00 1.128064600160691100e+00 2.834755991649762663e+00
1.345424662128894000e-01 2.438957750270459357e+00 2.711480037449094382e+00 2.298400344885834556e+00
1.346929436287664927e+00 5.237395849589843166e-01 1.206283209320053035e-01 1.645703212259385539e+00
1.451665206236263383e+00 1.544368604410561563e+00 1.565792584128244513e+00 1.472225197633043603e+00
7.556548973902075250e-01 8.629417982428397860e-01 1.406246235699954106e+00 2.624487965612731788e+00
1.301873590361728172e-01 8.644191897224939858e-01 2.021439972620216796e+00 2.208573219963263015e-02
2.242689421293229568e+00 1.596034594648025440e+00 1.938550484823078346e+00 2.562334257844175234e+00
1.396491631755288232e+00 2.777162795068934820e+00 1.681165593630571609e+00 1.131962277967720754e+00
4.084624038653473788e-01 1.543075943988803933e-01 6.264922684039675449e-01 8.320890552617676850e-01
1.283261759762216903e+00 7.514582750453757676e-01 1.541735069460758556e+00 2.955511153658299861e+00
1.517515654595645191e+00 1.143467862317225414e+00 2.305555026855228284e+00 3.504666601470408094e-01
2.828884053953295563e+00 2.585442338373530879e-01 1.014290969598548031e+00 9.970433196512452634e-01
1.160823099953912640e+00 4.019826099642483386e-01 2.792007164602927194e+00 9.174392742270516543e-02
6.527488346155044807e-01 2.882804050939562046e+00 2.423785917514639010e+00 1.521287619390340629e+00
2.786955520468176739e-01 5.470968038312451487e-01 1.416061118044823708e+00 1.460228456957541665e+00
3.106186549192592850e+00 1.683342100642526651e+00 1.680763156484983645e+00 1.271353182665616366e+00
1.331770997498207709e+00 1.598945785130249375e-01 2.092289839987277189e-01 3.035310591478396436e+00
2.613983893475140263e+00 1.943208933940236749e+00 2.166834060222632363e+00 2.302215220991719491e+00
2.738398844425905310e+00 4.825543362644980072e-01 3.033671674353868752e+00 2.002123319118231493e+00
9.268679442815848102e-01 3.297197788718791989e-01 1.981229011056792944e+00 2.151369667877518932e+00
2.486207271747394199e+00 1.847469762758969125e+00 2.529104280643488245e+00 2.032396227220047980e+00
2.409174876584136427e-01 1.052215796628726219e+00 8.395416674087199382e-01 1.684002743565730542e+00
1.972807998439076504e+00 7.607884006406516741e-01 2.564684260805414825e-02 2.345204515966425873e+00
1.902653798345349756e+00 1.142582235475981811e+00 3.005532126268112059e+00 7.732474418934207616e-01
2.459654903555451799e+00 2.600971053341786909e+00 2.316076319440287357e+00 1.189377951211844531e+00
1.732526458528536262e+00 6.184415484804335339e-01 6.527222797624672446e-02 2.588882893944247643e-01
2.051735241125761000e+00 2.749506096692722057e+00 1.154418204692517075e-01 2.197360421362268834e+00
3.115419064473786026e+00 4.103902522402346209e-01 9.694762044939932988e-01 3.610593211464329655e-01
3.071573696216475469e+00 6.440475934648631773e-01 2.494195141736672561e+00 1.227940578129419702e+00
7.678166737735088176e-01 6.997052760904186319e-02 1.946052307292243988e+00 1.410156102321193705e+00
1.961364620973978345e+00 6.655770258798560102e-01 1.617928953757105104e+00 1.243920261483010936e+00
1.919781830338448680e-01 1.479022667548673953e-01 2.559634304303840757e+00 2.258301640421171985e+00
3.232899035268744781e-01 1.039531627521327467e-01 2.219432565775377952e+00 1.788153111132402273e+00
8.304281556125452379e-01 2.411788518036798834e+00 1.329106775474218294e+00 7.789309382207946220e-01
1.706955984778649738e+00 2.468066530716931606e+00 1.705751099977661722e+00 1.738365484483481938e+00
6.931965220190101640e-01 1.834257677166057698e+00 3.114998731618362715e+00 9.491417280594899308e-01
2.451164488717005874e+00 2.005718736891709764e+00 8.446763971208955946e-01 1.703333638645117887e+00
2.615018117747653026e+00 2.378722354635424807e+00 2.855790031074691093e+00 2.506853997495242847e+00
2.717029163740174003e+00 2.166829943698052041e+00 2.500992570101768564e+00 6.543235938812309582e-01
2.380236456528109557e+00 2.726749512823570587e+00 1.530652677630564229e+00 1.072105087278781621e+00
2.865787206516132724e+00 2.883750433349199227e+00 1.245809004984599760e-01 2.826487760050235387e+00
2.092138810335180565e+00 1.359223949141335208e-01 1.307943465386034898e+00 1.138861373999831006e+00
8.257321909742340038e-01 8.015095990555062277e-01 8.493049246338169045e-01 1.902515805199349153e+00
7.077095129723922629e-01 1.062334058195744113e+00 6.019342102579329223e-01 1.298289608128124550e+00
2.612403844422128696e+00 3.066234639388556449e+00 4.860322931100601873e-01 7.330418547005352892e-01
1.959862688470863867e+00 1.764765056983153446e+00 1.030242538999746271e+00 2.923957107016147194e+00
1.765699327025938237e+00 1.507748293878776291e+00 2.219984311920591757e+00 2.594704841129337858e+00
2.120121371922947251e+00 8.051372573948918365e-01 1.055692648342725359e+00 2.178904408792955216e+00
1.520553379000146865e+00 1.200127740483951433e+00 1.877044020759431442e+00 2.129421030644625290e+00
1.298497144156056216e+00 2.314017656132912215e+00 1.381843129775851553e+00 1.276304000365545921e+00
3.096485560300315854e+00 1.539511453624961446e+00 1.875325796356733354e+00 2.291400671405792622e+00
2.305480961955646002e+00 2.543621075735930326e+00 8.877557730992277629e-02 9.492103295393585771e-01
5.672813611368558995e-01 2.147940321556972343e+00 1.640796397735097667e+00 9.754268830156302972e-01
1.751140032894058729e+00 1.079704209328007813e+00 1.927072818549560473e+00 1.201310275541503270e+00
3.042753741883435836e+00 2.069831882929060174e-01 2.338219677379002714e+00 1.385515132401252680e-01
2.679484967085445923e+00 2.560409661175647500e+00 1.065947094816191543e+00 2.354458566685482257e+00
1.888590590346080456e+00 1.612291532727615495e+00 3.838047521045924448e-02 1.363068999504295276e+00
2.953121461139243120e+00 2.211048499704057146e+00 3.979468044676296445e-01 1.345741879101366889e+00
1.805760326433730523e+00 1.655213027862016295e+00 2.450420388404090044e+00 1.412841834609716907e+00
2.326525577035332581e+00 1.724313502950842292e+00 1.572234300522245221e+00 1.872991314036954291e+00
1.563861836115131521e+00 2.031817683097417948e+00 1.854422203552181125e+00 2.421934163141229668e+00
2.482593907612394180e+00 1.203167847484053476e+00 9.893339453209674117e-01 1.006196779029827626e+00
6.431222479218851040e-01 2.689725738967863933e+00 1.957807550246060568e+00 5.134292477717969927e-01
3.237845327055495215e-01 5.932374973945262475e-01 4.311302938072642532e-01 3.627605846431209424e-01
2.649417537693966818e+00 2.522717181044153989e+00 2.087867163352082223e+00 5.727757401033330975e-01
1.404037008855641311e+00 1.784486819851748507e+00 1.415485000916456793e+00 2.114497225399010194e-01
1.037166946182890515e+00 2.117907514713455730e-01 4.041148921256731974e-01 1.050469438137280775e+00
1.808230346862473636e+00 1.110439966290293068e+00 4.114650342700394703e-02 2.670066298449464970e+00
2.163012906862611828e+00 3.051214086882255483e+00 1.556586390596303549e+00 1.045360551669712201e+00
1.002642379851455434e+00 1.916661498530532803e+00 1.492722533983842137e+00 2.691542128541344336e+00
7.109402924416042824e-01 1.760704769014923010e-01 1.652826510103748481e+00 1.371734989856337669e-02
2.729881381153312248e+00 2.685791245849489695e+00 1.520679314540853477e+00 2.746135645899594024e+00
2.645100415431621332e+00 1.088243088448284518e-01 2.321937850447948648e+00 2.883540913853113619e+00
9.147858765870079401e-01 2.570257964203343626e+00 6.823824569482412894e-01 4.209111788637142637e-01
1.188371509785010049e+00 1.433291761027954303e+00 2.111659946446102776e+00 1.114754979158583348e+00
1.652209143166951222e+00 1.806696522314832132e+00 1.936918778607239267e+00 1.895697870187184053e+00
5.467315233426692789e-01 5.560456834757938199e-03 1.039576734244877787e-01 2.429195871750140956e+00
2.440165735979495043e+00 1.412563328953906128e+00 2.033296499400915822e-02 4.580057475574996761e-01
5.956890414470032979e-01 1.735441248043239959e+00 1.775077173489603144e+00 2.728664876328097399e+00
1.726310441353985814e+00 2.276323890581627429e-01 1.108978307507121785e+00 1.347114554655621355e+00
1.691255836145418634e+00 1.959874224153117739e+00 1.179658084085585923e+00 3.056749274527408300e+00
1.863540244851797478e+00 2.290050073559507737e+00 2.880986156055996172e+00 1.044653435652109996e+00
7.337362022815611118e-01 1.214976135655670975e+00 2.149654529439092077e+00 5.328728089881938634e-02
9.806797455305915623e-01 1.178574929073828770e+00 1.060972018967087260e+00 2.221250885732579228e+00
2.532822477634211644e+00 1.876213074160548500e+00 2.951333570157811170e+00 1.248189480268538709e+00
1.795555586529224978e+00 6.393666231903660790e-01 1.693778824036941133e+00 7.679469182750749967e-01
1.596610587252301539e+00 2.309578520727596285e+00 1.583434934005754080e+00 2.274061318916989816e+00
3.099526401586759072e-01 1.178515741351132684e+00 2.327378708962808851e+00 2.195440869986814203e+00
9.246000521784192294e-01 2.279680644211157681e+00 2.733480975100579080e+00 9.476616832456400408e-01
1.664704677651131171e+00 1.264566921642478636e+00 9.603932999441904261e-01 1.392947993026251829e+00
1.837826510211149511e+00 5.259707138804314841e-01 2.848468550223795859e+00 1.406230651024830358e+00
1.165713555788834510e+00 8.028227125804345832e-01 2.457531638975305466e+00 1.776314168683910344e+00
2.822351412356889799e+00 2.017376886521418111e+00 6.154646168896686920e-01 2.968708424048528638e+00
2.799325110176509313e+00 2.354054878833485853e-01 2.420095461837528106e+00 2.878671443743994682e-02
1.522346456868416187e+00 3.613181206265635992e-01 4.573576371571038135e-01 7.186979066781881698e-02
1.894348436308726624e+00 1.701995969583670609e+00 3.075468758400579095e-01 3.161069326395213319e-01
2.843702759816231662e+00 1.163837828378921246e+00 2.145634600117251267e+00 3.088091687183574408e+00
2.457743961735624705e+00 6.133282979533430934e-01 1.440853236487094957e+00 3.028921382329717638e+00
6.690895438860203770e-01 2.915433509850367422e+00 2.189377226412096977e+00 1.365835958454277410e+00
1.056946718203011004e+00 5.266398051862662966e-01 4.510979362333111808e-01 8.473789873298054331e-01
4.995005396634842887e-01 1.831052124416481908e+00 1.754162123829942077e+00 2.591885518383350018e+00
3.107011441182471412e+00 1.530396121243494667e+00 1.152605028026299827e+00 1.093861435008402827e+00
2.231568815682880125e+00 1.072635172354444055e+00 2.735677619236117852e+00 2.021557963989407902e+00
3.647144535867339887e-01 2.939083221872201612e+00 3.012174881719491548e+00 3.113501775144931205e+00
4.007538503841893140e-01 2.676764920017950189e+00 2.215524052758067186e-01 1.659801411734689980e+00
1.230492040433742051e+00 2.954416518119592716e+00 1.585830152946651417e+00 6.900578017417206000e-01
1.727073270552303530e+00 1.242709014930291733e+00 1.374538524207675971e+00 1.610670792397270734e+00
1.032984965261323662e+00 4.220801731105467969e-01 3.407753246939803637e-01 3.572628980295093626e-02
4.494599811970445558e-02 3.794245792165868991e-01 2.163997726184181403e+00 3.801976433469145822e-01
2.262428464239200743e+00 1.123735603597517230e+00 1.777517543412487244e+00 2.998915419671164054e-02
1.434434035925650663e+00 2.878579672067744788e+00 2.862098812204641352e+00 8.111324095601695205e-01
1.975965306170087255e+00 1.491355444532300734e+00 3.219178195652886432e-01 1.450857432205571618e+00
2.541605466504117228e+00 2.848891170570734488e+00 2.703919863624579811e+00 9.892529583176566943e-01
1.719075816008437840e+00 1.189735987731253442e+00 1.424746290110873614e+00 5.675034457284271472e-01
2.447339340716228606e-02 2.162863491511782588e+00 5.785510872410704053e-01 3.123815197686584111e-01
1.873638071920312731e+00 1.003439383115661609e+00 1.812405281013378944e-01 2.279796746596311596e+00
2.057820307455396680e+00 3.035012856311951612e+00 6.200999668915724294e-01 2.044001373497362106e+00
5.434164365418485687e-01 1.437467884449372013e+00 9.524031238305245839e-02 1.741299555880835959e+00
3.161528108319956454e-01 1.803745640806735606e+00 1.916448195866812254e+00 2.424607941507735120e-01
5.453398949331854650e-01 2.406479910888310147e+00 2.342839310745262527e+00 1.296164829248303674e+00
2.402865086539144546e+00 1.345415802966449359e+00 1.553811456106738875e+00 2.931673813921880090e+00
2.136795130846946389e+00 3.552530230533446076e-02 2.437670241901510604e-01 1.699214011393993529e+00
2.150087450103501219e+00 3.072369137516387294e+00 2.958563635452584051e-01 1.135603777250210999e+00
7.749214899204793783e-01 1.986931275411524478e+00 1.805102391760286418e+00 9.296485373756206982e-01
3.087239211593042931e+00 1.527429531836674181e+00 2.761843407514874116e+00 1.187925278573146226e+00
2.815301616011958608e+00 2.678364766546266651e+00 1.604648543362832802e+00 3.536281661034869073e-01
1.485939430894120283e+00 2.405732198453355952e+00 1.746312846607277036e+00 1.466438805342086260e+00
6.708428897681776304e-01 6.943031989178062302e-01 2.688211812993761995e+00 1.079033141777493432e+00
2.328108318914173136e+00 2.507179635306411303e+00 3.251008293387925852e-01 2.551250018569719558e+00
1.898219781208351664e+00 2.928501742476151470e+00 1.224992130052294126e+00 2.273062091390699369e+00
3.103875899411653538e+00 2.701238529346422723e+00 1.647231368520401640e+00 2.370134802476147884e-01
3.140110276198534223e+00 6.759535624919393859e-01 9.331362224502504077e-01 6.437205414283317939e-01
2.242103868325046268e+00 1.729868483524943601e+00 3.032793647729032038e+00 1.177382441084999787e+00
1.281724701327995319e+00 5.053822963092251541e-01 2.735074588171408028e+00 1.517359612560861271e+00
2.370788504963338816e+00 1.321726389884976705e+00 1.142497998027541151e+00 2.717423181380348302e-03
1.998601222651400278e+00 6.555241046677948713e-01 1.956345466295641711e-01 2.737032585497910286e+00
1.655516083038050867e+00 1.139997943584565521e+00 3.045071584183090430e+00 1.475127019795329897e+00
2.865764707788811538e+00 2.050670767621702861e+00 9.649695528692132651e-01 5.650474512275409644e-01
1.782274733218103036e+00 1.907899363156694728e+00 1.472105054303966654e+00 1.435106476076325466e+00
2.209223799512006536e+00 7.052801716978535085e-01 1.417178556217683738e+00 1.194151421507325672e+00
9.161240025051429203e-01 3.033500395511777581e-02 1.095570520370698464e+00 9.259314954152008115e-01
2.260639675958080463e+00 1.626573019106473783e+00 4.966914251023365479e-01 2.151386305307510405e+00
1.745691215114980377e+00 5.103001971150411542e-01 1.395808789621950208e+00 5.573689595956952125e-01
6.392925602614408787e-01 1.184981854300004800e+00 6.400691146734415193e-01 1.399747048159139862e+00
1.526916033376307658e+00 2.617480894559061966e+00 4.482195337307662980e-02 2.909146349523532571e+00
1.674701516204128549e+00 1.597561986054534033e+00 1.227662661105771935e+00 2.407620894984427162e-01
3.036861440425716818e+00 1.175512945743126592e+00 1.760971862020462186e+00 2.933642086300417562e-01
6.945518992044394935e-01 1.778251541284331161e+00 3.065957338015027123e+00 8.132395716702590649e-01
2.977166927676077601e-01 2.162329567787881324e+00 2.178326261579729972e-01 2.242063094102648257e+00
1.619544730520827480e+00 2.538507044317642736e-01 3.663492399261821797e-01 9.364441972665485392e-02
7.187077209957855040e-01 2.446037795909464130e+00 2.599823726438124094e+00 2.538114215863243039e+00
2.082708069339131718e-01 2.849083821239197345e+00 1.219114887008205139e+00 2.208563663691456291e+00
2.073779803742637817e+00 9.480713236244049380e-01 1.761388023394264035e+00 2.378578375013870261e+00
2.176622072547497400e+00 5.655520769723390018e-01 3.799521749410824101e-01 8.533320108106606794e-02
1.471314865872355715e-01 1.699570512762803132e+00 2.636191603134679706e+00 1.361116873456358123e+00
1.528845330185891305e+00 3.911117025775643352e-01 2.639405869399854776e+00 3.726544893804082381e-01
8.547842312629234662e-01 1.361261394065626629e+00 1.244090698681056484e+00 1.014475288828837057e-01
2.196503882753271242e+00 2.121782400496626586e+00 1.308568857072093028e+00 1.053034738149607907e+00
1.452515834554644947e+00 1.883861376618363836e+00 2.633473446393023831e+00 1.023724211069692469e+00
1.145485016962368152e-01 2.905613541806908451e+00 1.368837197738195677e+00 1.602691627519479134e+00
2.285515815514378879e+00 5.365087169291918867e-01 2.035969621180864220e+00 2.930173098298245016e+00
2.114195972562879611e+00 1.940427641938103687e+00 1.061560699612035474e+00 1.255849088566014959e+00
2.818290824612747561e-02 1.816512501111805067e+00 2.543632757017044721e+00 2.219622092955624737e+00
3.052749750376470228e+00 2.803318486867192760e+00 5.300602195864865251e-01 1.685122941706674426e+00
1.552476084965563441e+00 2.641217480007945095e+00 2.249928785976778034e+00 2.475436730109346506e+00
1.959383214608850565e+00 9.008201027632541935e-01 5.655474033520501154e-01 7.513343850170414173e-01
1.790087223658904492e+00 1.102840507809083270e+00 2.644941950384557927e+00 2.852786511608238040e+00
2.458746519763508775e+00 2.288603335007328710e-01 1.216848901988108134e+00 1.688486940906838374e+00
3.099746297022966335e+00 2.880096359785323745e+00 1.330572381007874561e-01 2.849681010859717034e+00
6.920687655470131316e-01 1.898781262035216688e+00 1.681555929693483664e+00 2.625566817793864249e+00
1.091701294495891483e+00 2.037990008999092773e+00 1.256447957431974460e+00 2.646095164569704394e+00
2.990706917352579097e+00 2.107377350542606997e+00 2.053801679400130142e-01 1.246695697558842554e-02
1.351766398020503690e+00 2.984580190449583892e+00 9.715693265906083509e-01 1.112571150449246593e+00
2.777170321442029799e+00 2.744910084165573583e+00 1.763176953153480886e+00 2.561451098335830512e+00
5.161393710746511321e-01 2.154187499227321112e+00 2.815456224087481765e-02 2.805047729143493207e+00
1.610567128875669107e+00 1.643080986828228562e+00 7.334603215803123799e-01 1.310420503661605451e+00
1.522673003673372660e+00 3.959667955333200373e-01 6.724987793306312911e-01 2.568556258697789030e+00
2.758750610107673307e+00 1.700166538482835443e-01 1.039371565231960615e+00 1.123778321869161267e+00
2.496769503419972835e+00 2.807196508061667206e+00 1.211982250705208042e+00 2.211132741071551333e+00
1.325058517471651154e+00 1.126967996581832221e+00 1.831137928117356761e+00 2.889151004201111039e+00
3.370708739156749734e-01 2.737301768990345607e+00 2.127929458763802906e+00 1.440845175670796730e+00
2.546466733680199379e+00 1.001905824537546286e+00 5.509164153645033091e-01 2.472479613005012844e+00
1.119131677478426345e+00 1.816323597971999604e+00 2.033746873251335852e-01 2.125582681853997347e+00
1.236438410987902303e+00 1.302075858846557799e-01 9.799654061036155994e-01 1.647937291619158362e+00
1.835551532824715171e+00 2.581366866174985120e+00 2.879891813509111387e+00 1.752085500898568737e+00
1.746360500423272066e+00 2.466646527352090779e+00 6.018984157594245987e-01 3.124340296309778608e+00
4.098471259304643510e-01 2.341023278263775431e+00 6.391181109477559463e-01 8.326570453307489128e-01
1.011839269894822424e+00 1.857747729435774486e+00 8.401688753076105298e-01 1.293645905145283770e+00
2.120258983037095035e+00 2.489535126312114599e+00 1.157333838723257680e+00 2.360134870220438330e+00
7.177377709068348821e-01 3.103477821598040087e+00 1.611123230775102000e+00 1.056432447745793250e-02
1.242973167932358569e+00 2.510209358475516961e+00 1.702647192489049832e+00 1.980328095516372233e+00
2.094113230058139763e+00 3.110918369421620699e+00 2.046815134074777554e+00 2.341545659641224741e+00
7.781155107571254836e-01 2.373952316881357660e+00 1.418528158679707829e+00 6.720370666840105867e-02
1.868851035909149250e+00 4.393541290471108390e-02 2.107836229946511430e+00 1.846916446842825188e+00
1.894767544145018745e-01 3.346110909745785289e-01 2.685673341755114851e+00 1.171553573326703734e+00
2.362294078404758135e+00 8.002522635131172901e-01 2.288470198055925664e+00 3.390624328897993145e-01
2.971860728476690028e+00 2.428503691102930517e+00 5.602544740416117719e-01 1.354210412309058142e+00
2.797618327344144173e+00 1.351563447671420226e+00 3.390482835112705318e-01 2.485804341179841170e+00
1.635273183386608986e+00 2.261481073259429042e+00 2.282775312188396910e+00 3.111350304844622716e+00
1.290955838805746048e+00 6.003074355835886777e-01 2.929103016072984289e+00 1.149287750671172281e+00
2.414584214561158182e-01 9.708571426190870657e-01 1.548971826832373777e+00 1.737604100721410028e+00
1.687596228877028093e+00 1.851421614943044025e+00 2.019762322089115436e+00 9.576395794851046972e-01
2.937422128019695933e+00 2.991557969620791013e+00 1.733731639676946434e+00 6.990300938723533752e-01
3.080040727123954714e+00 7.470952476966913336e-01 2.533990645747508985e+00 2.465921164434110580e+00
2.689880276971587381e-01 1.450143001451097646e+00 1.729670624499591636e+00 1.236744537437908936e-01
4.704985703929638330e-01 2.575662402663861261e+00 1.926099255936963406e+00 3.068729779441926375e+00
2.491080704087916153e+00 1.997353785366630108e+00 1.829754322164377278e+00 1.012751150398822020e+00
4.887217145116029005e-01 4.651022418564385030e-01 2.804840038698698468e+00 1.495856842001787701e+00
9.269623323002708082e-01 8.360317953975974214e-01 8.399071822886603478e-01 1.265715507746112412e+00
2.562741276160183546e+00 3.195757873865284204e-01 1.109324791927975618e+00 1.890590230399820104e+00
1.585320226697817247e+00 1.154777641224360218e+00 2.056785355010701810e+00 2.753173938811313448e+00
1.088639942406715300e-01 1.581498414699340938e+00 6.129447060170888362e-01 1.760573589796362581e+00
2.276749756025126636e+00 3.914947055847748381e-01 1.129443448598246524e+00 1.818855357894904046e-01
7.173611315457660842e-01 4.629416243073534720e-01 2.097595454698258921e-01 2.453992727422620757e+00
3.059302777155787911e+00 2.767198441592582547e+00 4.709818061121577859e-01 5.241325092190467910e-02
1.700308741149188840e+00 9.470434344344856870e-01 2.885519412686561314e+00 1.307716695906550264e+00
2.463605752835590579e+00 8.014198984500158218e-01 2.555841694527992924e+00 2.738637920228330191e+00
1.091189204608309593e+00 1.760920892464611809e+00 1.108574754542052343e+00 1.300286675175382101e+00
7.300396862811159293e-01 9.274019510795536991e-01 2.149994781841836122e+00 3.067226281769666496e+00
3.521188579182423228e-01 1.108167234245956978e-01 2.884387798572592754e+00 3.190130151374312439e-01
1.053232565541865950e+00 2.356904994927712327e+00 1.289077444141726536e+00 1.882238847623304734e+00
2.293407875757010217e+00 2.250974174738437750e+00 3.991929163755699728e-01 1.230942459935685074e+00
1.094492895410886568e+00 8.311862858184242420e-01 1.449157887247320975e-01 4.091352367368496501e-01
4.211655509404776399e-01 1.330650095198557148e+00 2.233267567756629823e+00 2.727237783231422963e+00
3.262774453819236031e-01 2.441293440328055731e+00 3.033075793178137691e-01 1.894908233855613355e+00
3.091978418745030766e+00 1.569863831609008553e-01 2.760657481822208048e+00 2.217526210767911898e+00
1.224111978372053981e-02 2.915262394624690501e+00 1.112838993977080859e+00 1.007282290674539782e+00
2.816953859886199396e+00 2.128426585842351226e+00 7.366803787859955710e-01 1.795889363981151510e+00
1.052799329417285268e+00 2.304546035976893670e+00 1.282610377042544270e-01 1.516804453108750783e+00
1.275488479904289818e-01 2.686767591491128204e+00 1.337975665674379533e+00 2.343286960840811339e+00
9.052098420722136662e-01 4.042063270047486223e-01 2.070744372704658165e+00 2.127792008335744056e-01
2.389995126284554683e+00 2.467230526140417712e+00 2.895680222550455873e+00 1.080655862631076269e+00
2.415704634276342411e+00 7.224156783508273172e-01 2.957947061425933111e+00 2.742680478710084024e+00
1.015610048923630604e+00 2.379044595893050396e+00 2.807942894631389130e+00 4.725154232710121471e-01
2.359375043188600252e+00 9.480144519427562422e-01 2.150278064339776751e+00 1.458822470269498239e-01
4.731622904660601203e-01 1.274737123222959845e+00 1.815119674098428781e+00 1.044021320014309584e+00
1.722763109594116715e+00 1.283368259833579605e+00 2.022940490662188839e+00 5.779619719051313220e-01
5.783561555563064838e-01 2.865602117130173987e+00 2.603906943413492048e+00 6.173847475541426322e-01
1.426111199794692252e+00 6.093117367784632865e-01 2.343205006501175802e+00 1.013474849142968370e+00
2.301311359669934789e-02 3.022161798963143853e-01 1.777276119252121367e+00 2.621883131744586759e+00
5.122939663775220032e-01 1.210759601247533457e+00 4.521534934790453764e-01 1.726941322192555361e+00
2.230683458105714667e+00 1.189383946179886631e-01 2.489984815849489497e+00 9.000713253358887389e-01
1.130126734694382407e+00 1.710757886003493544e+00 1.668712323921501817e+00 1.014741359843351454e+00
3.045502396817149293e+00 2.082771161495385603e-01 1.294825537120718018e+00 2.947804931274990103e+00
1.297402755810480146e+00 5.757771226666383857e-01 2.892565167509163704e+00 1.994397914490538271e-01
1.157417472974288541e+00 7.063720854914907754e-01 1.438516727529878525e-01 2.204781611740076475e+00
1.508601193889123948e+00 1.074465248650314786e+00 4.138530932588345701e-01 3.044012116843112459e+00
2.437716021799668731e+00 5.425510910624470329e-01 1.940259559206691797e+00 2.173098782859536282e+00
3.799791082920521701e-01 1.309127325946165821e-01 6.296314955241042455e-01 3.776056700472823352e-02
1.739551833905167655e+00 3.084342877936234739e+00 3.110313503903852972e+00 2.427050394892535046e+00
3.212950833261546402e-01 1.171086889169734357e+00 2.869551143298543661e+00 7.392867552209037019e-01
5.557281498640169737e-01 2.385693506158647281e+00 2.964948689434649953e+00 1.433343158796862304e-01
8.941717550675288839e-01 2.519926118267255544e-01 1.986055574580189553e+00 7.422294313110487929e-01
1.717115769749951726e+00 1.756722620890104336e+00 4.292261123632948872e-01 2.197960894500538220e+00
2.084012796837438231e+00 1.349324105599348345e+00 8.434709419771842243e-02 2.777421333403400805e+00
1.587019163015413792e+00 2.008960801179409561e+00 1.613475999828368090e+00 9.948857034197378102e-01
2.750854410117730797e+00 8.076328151817687706e-01 1.516657668577710449e+00 3.977749830917309826e-01
3.031308682387384046e+00 4.585992403445237064e-01 6.446440562806597940e-01 2.539851341378301708e+00
1.938345643263487350e+00 2.864536740805618376e+00 5.828164703311646822e-01 1.570624887802668734e+00
9.946802247253438978e-01 1.473874604805014865e+00 6.198272025690734210e-01 2.329320223073948704e+00
2.048446244072613887e+00 1.179867780864574778e+00 2.905369156332366032e+00 7.205700600069845363e-01
1.143607393136676503e-01 2.097840731793414015e+00 2.354060884999043424e+00 4.904184887559222550e-01
4.531900581360776559e-01 3.236088632355543782e-01 1.006013486140427071e+00 2.452962551194974417e+00
2.761198521281355234e+00 1.306951543175822739e+00 9.775840725373748930e-01 6.126231119207380393e-01
1.340462836114612699e+00 5.426753024133880166e-01 2.209504233133001705e+00 2.242756345779061355e+00
1.206047863189093849e+00 2.462695852941039210e+00 2.869873080225572526e+00 2.268951760551416008e+00
2.203816026494267166e-01 1.159524429234872533e+00 2.061030077095904023e+00 2.298194697779992079e+00
8.463695720394167621e-01 1.490714268812793009e+00 5.985715122839855296e-01 1.961379349163084873e+00
1.877965732839597557e+00 1.764558245670085457e+00 1.188673074980261951e-01 2.703515767859706376e+00
2.036727045549704851e+00 3.080700722173401740e+00 1.377748137399612827e-01 7.381031628456761196e-01
1.295924677841169492e+00 2.660354390843153727e-01 2.406310716237498593e+00 1.912781346350355793e+00
2.851764613985800612e+00 1.684313530195133746e+00 2.579025573241812141e-01 2.506938876078245393e+00
1.801605927168055565e+00 1.608059257620128246e+00 1.005325664591645074e+00 1.168192677531903811e+00
7.618105790334707417e-02 2.879061047107262628e+00 1.843600096967521695e+00 2.329526690190502958e+00
1.272645633630420381e+00 1.638907551818419961e+00 2.419635725459183817e+00 2.080437556387093156e+00
8.330031404803335260e-01 6.090664738462764349e-01 2.087671352605025898e+00 4.637854733541230123e-01
5.944689721939406812e-01 2.046964202161835278e+00 1.721855440101060841e+00 2.484113963715095519e+00
2.349071545911950221e+00 1.687755656913267233e+00 2.562276575242509846e+00 2.590768834631116402e+00
2.737354715059617583e+00 2.106801681081565292e+00 1.263994475928377659e+00 3.013723823329261364e+00
2.207443257223925315e+00 2.310993391208684411e+00 1.421638502925418601e+00 1.996818372297453958e+00
3.047273770863272890e+00 1.287028474723355964e-01 3.094061644075773998e+00 1.628930949394153060e+00
7.614510636081787964e-02 8.802657164015873503e-01 2.952570345721955647e+00 1.460448976020064293e+00
1.233379258346840368e+00 9.267207506147746576e-01 1.786399374947760910e+00 2.279092550916528986e-02
7.164166040839825556e-01 2.903169762313714486e+00 7.384153294762642039e-01 2.692628345969416248e+00
1.623160413197125340e+00 2.886328525581262738e+00 1.705113953258586168e+00 3.440693727502895372e-01
1.060731556629636696e+00 1.947275888102340646e+00 3.731240097463944805e-01 1.868242635565262155e+00
1.785359311420801065e+00 4.361651951326706578e-01 9.585174831508241899e-01 1.346885973622392874e-01
2.109030743345206460e+00 1.561442819659335512e+00 1.869121446128185482e-01 2.613739582180326426e+00
6.757457359389298368e-01 2.459294159379255440e+00 5.351279973271998447e-01 2.132067632909488974e+00
2.958897335432780218e-01 1.929739173405766506e+00 2.812310212913209373e+00 2.398401155849051669e+00
2.155938965787846051e+00 2.440792484523465755e-01 1.117858471275034127e+00 1.089156110590943083e+00
2.785170470743738580e+00 1.307615399320341876e+00 1.742034963476336351e+00 7.040314072235386300e-01
2.795639938413071679e+00 9.891402432053996163e-01 1.794425879433356963e+00 5.493597339390692280e-01
5.215252369541318878e-01 2.334851854942581628e+00 3.123478696779079744e+00 3.267746936283743020e-01
8.059018672473666767e-01 5.622311990624315747e-01 1.701883235823238527e+00 2.865194066136824702e+00
8.563443239265257079e-01 2.895338823055476407e+00 2.348746639702956607e+00 2.152576893487759158e+00
7.550944561991538295e-01 1.528123982071231790e+00 2.322543204274756246e-01 1.945248625262627762e-01
1.501484514288547789e+00 2.654193209299217315e+00 8.375449180857142961e-01 7.739805828566225232e-01
1.978062115018806466e+00 2.231772897543017997e+00 2.813848607037360505e+00 2.514786461938449680e+00
1.021706294977965390e+00 1.718608822294196870e+00 2.856869764746672757e+00 1.353999378015800392e+00
1.385663031130618394e+00 2.091755733573243958e+00 1.336632120655371958e+00 3.353633085204214548e-01
9.747047550006709971e-01 2.825133177513661664e+00 1.769197081367796631e+00 9.137667540778724451e-01
1.488225450049978082e+00 1.781868748138262903e+00 4.335832769641562723e-01 3.137569935143024402e+00
2.518262770627075930e+00 3.070184816795151317e+00 1.551381004083761006e+00 2.586184690453760204e+00
2.503568818729797196e-01 1.252418464733043857e+00 2.322554294380568596e+00 1.434374016700156407e+00
1.201381068591065304e+00 2.016953824841663856e+00 2.568437286877546022e+00 1.339144135686045622e+00
4.652827198090954686e-01 3.675704553034495753e-02 2.629987804091274417e-01 3.117808772870178213e+00
2.729791975488576661e+00 8.011279304379325117e-01 2.885930591582310800e+00 1.261747500041246806e+00
2.403546066379778523e+00 1.172033643058026486e+00 2.632873611852971862e+00 1.860347967503569455e+00
7.161356266929362613e-02 2.008153308445702834e+00 1.080704163435728837e+00 3.963088175264630197e-01
7.045853108314261704e-01 1.077156051397545111e+00 6.649353736418871508e-01 3.084351023591017871e+00
1.748817033238045937e+00 2.231366425279288912e-01 1.150758153729194877e+00 1.786249638536119289e+00
2.781124090845120911e+00 2.349611022023974982e+00 1.464985596945169444e-01 4.024223664167162484e-01
2.982622379000349433e+00 5.989496622807300996e-01 1.664573526549590676e+00 7.847527907560146732e-01
2.892790598980276240e+00 3.844908291309840354e-01 5.922298919221563596e-01 3.990480741511579499e-01
2.033783370607396002e+00 1.831820211062528542e-02 2.540730636887898353e+00 6.981067871916304401e-01
1.992391648980981644e+00 1.656414837814404573e+00 1.520350669726621362e+00 3.072519336728429806e+00
6.841269210709610693e-01 7.150878778317389939e-01 3.362059466520431195e-01 2.996697483089733605e-01
1.216856114914899728e-01 2.489371497329532001e+00 2.121852448399832447e+00 2.943145552057638614e+00
6.299294943153836979e-01 8.002757333600163392e-02 3.097660028729216641e+00 2.452519647391778079e+00
9.966682839814922090e-01 2.162267583149912742e+00 3.077255039006367099e+00 2.999497723789037895e+00
1.915646781496070261e+00 1.401724601780654833e+00 2.702536831791635397e+00 3.088243697877233185e+00
1.149899920217476890e+00 3.062357051368499228e+00 4.347595035813399678e-01 2.386382036917407579e+00
8.384641285855616299e-01 2.909672364809472889e+00 1.038848131641936678e+00 4.477678135076786914e-01
4.404976416039042553e-01 1.463149778599273532e+00 1.594405076612898098e+00 1.966205932814749424e+00
1.922690351276451715e+00 4.245515496978156667e-01 2.562050263372498415e-01 3.019496218027758694e+00
2.602504767480763981e+00 1.940248619287352483e+00 1.063004314888956331e-01 2.149128219903133907e-01
2.739896819209997947e+00 7.646773193239447819e-01 2.537801862237877515e+00 2.494255097424092238e+00
1.532357263900647526e+00 2.509551327664455656e+00 2.427263594915299305e-02 6.217405295807059036e-03
8.184826811937807589e-01 7.659019037428984600e-01 2.867434260517308875e+00 2.318593949380956865e+00
1.632406687766135622e+00 3.015476847105792224e+00 1.624427046003589670e+00 1.925245484332086754e+00
2.115054391345545515e+00 2.865358379908938602e+00 1.805309323515976283e+00 9.096059574875693388e-01
3.018627994346386068e+00 2.548644547475982236e+00 1.146212174242545956e+00 3.392662681421889093e-01
7.707217993494043240e-01 1.110498734212304495e+00 3.116611083816831052e+00 6.725528262376918587e-01
2.047072809475668276e+00 8.433060169121362470e-01 1.315871670098623936e+00 8.563594629644512013e-01
2.457829216483711665e+00 8.365111394581894455e-01 1.199766924285469383e+00 6.187384510908943147e-01
1.206323139130671906e+00 1.161399726283256495e+00 1.367025694297550054e+00 7.412393704404187655e-01
1.364176072351372060e+00 2.839497087915122120e-01 2.747360629324124393e+00 2.070910641555123277e+00
6.219043066163595368e-01 2.062872182756817718e+00 2.410282026045892145e+00 2.704406942059189856e+00
2.040412468172066784e+00 4.786061470537328159e-03 2.046842752568792001e+00 6.332131992897288564e-01
1.482765561150688249e+00 2.843175054747023367e+00 5.891459324409374920e-01 2.652981033911499864e+00
2.510577323989200860e+00 1.520266399120643097e+00 5.105835293864988689e-01 2.712715592352434424e+00
1.389024128902998534e+00 9.479435116293950525e-01 9.768355174232411509e-01 2.607216172691136702e+00
1.932046528534655971e+00 3.203861667827736515e-01 1.421093673396381929e+00 3.215783812797992081e-01
1.376585674534677839e+00 6.102516445909020870e-01 2.782143786493150639e+00 2.298809452505439221e+00
2.017415440903653323e+00 2.286139495692678381e+00 2.588408678462342238e-01 1.136406126647076187e+00
1.673707955054711372e+00 2.405776988174965325e+00 1.924459195116264357e-02 2.236345446589858899e+00
2.832109660834840170e+00 6.808018076057320567e-01 1.443193546855069398e+00 2.511103721928598986e+00
1.852988317284769648e+00 3.064053720298290706e+00 3.066054146967900351e+00 1.072176087245116038e+00
2.757782795710790325e+00 1.608769012325524717e+00 2.059912370146262717e+00 1.828563212829430018e+00
2.671722933261410748e+00 3.028027644165969701e+00 2.888663126470483178e+00 1.814126884854407651e+00
1.105118608410123882e+00 2.815386254270507482e+00 2.548203714554729160e+00 1.181570761735336150e+00
9.615848612043813581e-01 2.358932751072575940e+00 2.250552745983175118e+00 1.359902144929269641e+00
2.481832197118368999e+00 1.839247465279384208e+00 2.709200438537368694e+00 1.666000609722651626e+00
1.753361216153440427e+00 1.590788743737396205e+00 2.164042419867111544e+00 1.750428966042028023e+00
1.944053285413905208e+00 2.714904928432870346e+00 3.391580407470993208e-01 2.843322725560501585e+00
3.111893527436046525e-01 1.233554428879101605e+00 2.440345434625040610e+00 3.521525136077638396e-01
2.637374382399936934e+00 2.385382735992838121e+00 2.318848818831941161e-01 1.528988974116174182e+00
1.043588741633943773e+00 4.780277828415416264e-01 1.426251485023355192e+00 2.945305449854128010e+00
1.378706950011098775e-01 9.018536957973657398e-01 3.005883477103810097e+00 2.623063728183099741e+00
1.024292239313295383e+00 1.166590912067416858e-01 1.081117507758377227e+00 2.194322540647809100e-02
1.826649342706466950e+00 1.093936854961949701e+00 3.067142712256490267e+00 5.506172079876893166e-01
1.824088204621935105e+00 2.247162079224779063e+00 1.147077871415057126e+00 4.593186671030359824e-01
1.938904061676015589e+00 9.485727783638634447e-01 2.744994299907570490e-01 2.030640238287894306e+00
1.091395282389311161e+00 1.115520408629660509e-01 8.666436933514267693e-01 1.551248132608077812e+00
1.822748524390796598e+00 3.077139413789625078e+00 1.733177758715205852e-01 6.469035106451833661e-01
7.932461368872163465e-01 2.063763791172187556e+00 2.441255574513288895e+00 3.099192813410194813e-01
6.460164805513092245e-01 5.675112329546340255e-03 1.926651208754903477e+00 1.628317522987044352e+00
1.878844389874610110e+00 4.968553044747912595e-01 7.189217228023657702e-01 3.067440541263536602e+00
5.500917811572988425e-01 6.372415971033726922e-01 1.041562148617675154e+00 1.546877509753617597e+00
3.037094110443567807e+00 1.241097176051265016e+00 1.887859823531401249e+00 4.471435526678008698e-01
1.633281458462663149e+00 1.986156379149508266e+00 1.072937784351646329e+00 1.399215915057922865e+00
1.461441235007387318e+00 3.003834394791292106e-01 1.361789410357525376e-01 4.654248391154389153e-01
1.644081206545018992e+00 2.577217379568705891e+00 1.001154844196171068e+00 1.383881707623298540e+00
3.128298178062906665e+00 1.464791543118012074e+00 3.985597539596194561e-01 1.436677616782643940e-01
2.781647726043713131e+00 1.276125900391194223e+00 2.642755588198803185e+00 1.029082276080536484e+00
6.615866678439222826e-01 2.550360181151297478e+00 1.318781119971799587e+00 2.593036279914240794e+00
1.901102933698591180e+00 8.381593553277970621e-01 1.043178564251918017e+00 3.037658891974652775e+00
8.936428370611044780e-01 1.617135197990402506e+00 3.030106613921379921e+00 9.638492818779894611e-01
1.811773059660841012e+00 3.027912903425671876e-01 5.639332120261510983e-01 9.724750341681226429e-01
1.806750133583790330e+00 8.085043286099179438e-01 6.699862265356668622e-01 1.857554470915520728e+00
1.131767834334611367e+00 2.541275474631893516e+00 2.836816224304064438e+00 1.000931398087359092e-01
8.811938597652004823e-01 2.093799403229455347e+00 4.460627909519817025e-01 8.826540916095705347e-01
1.728233422442206901e-01 2.303867699067559283e+00 1.324298516237783607e+00 5.422948253730780488e-01
2.675070282767252117e+00 9.505519011687646458e-01 1.459616638142467726e-01 2.623344967709571929e+00
1.460065706584122047e+00 2.225866218398511620e+00 2.903888349679317749e+00 2.824217476925407144e+00
2.420357031106201706e+00 2.863619452976876367e+00 5.325413221291217525e-01 3.598948249552287870e-01
2.623125519752314450e+00 2.450360685763004032e+00 1.559904444113417776e+00 3.117159323756526934e+00
7.113473872220583694e-01 4.970998600036848902e-01 1.693622444280058037e+00 2.977350714865581338e+00
1.183171804506330638e+00 2.359806617457017308e-01 8.198791702041818841e-02 1.406426423477630916e+00
2.019182253857921161e+00 3.694774857328240181e-01 2.654566136395209330e+00 1.070581682229660991e+00
2.636212343081784315e+00 2.116926343230387975e+00 2.172247088737829124e+00 1.964342257788874169e-01
1.996147891234279381e+00 6.646172828462303395e-01 4.679534892465124218e-01 8.804482232529964314e-01
1.518012225467108012e+00 2.241327237064452138e+00 1.224055420384996040e+00 1.024958484693986538e+00
1.262663824086375230e+00 3.175387029534025296e-01 1.371249986385865149e+00 1.582102692164460700e-01
1.483454871163851552e+00 2.640003664197686728e+00 2.821831803840930242e+00 1.726992658675261083e+00
2.457879018875050559e+00 1.291801223900507001e+00 2.044653076243091672e+00 7.928735687267866039e-01
1.753354240012830356e+00 2.918515583844450978e-01 3.120578379031670124e+00 3.484297551486718186e-02
2.861881863151261474e+00 8.892565904780348474e-01 2.473526536842499013e+00 1.270725850389374134e+00
5.521674103349216711e-01 2.139424834110728924e+00 1.342969625103443088e+00 2.673191301273077247e+00
1.753181583638653507e+00 1.073877853940346627e+00 1.403965368270802649e+00 9.557334124731944325e-01
1.564716678590545307e+00 1.506415693624951091e+00 1.195364317200471982e+00 3.055257615393717874e+00
1.997226508596375183e+00 2.179878335355988739e+00 1.694198732572629762e+00 1.781902652057926639e+00
3.188170427981191213e-01 2.382151984273921386e+00 3.842923602859734666e-01 3.038051261157236116e+00
1.347753884038547012e+00 2.180780024825559327e+00 3.135488317698413852e+00 1.505557173377166658e+00
1.915859522935558834e+00 1.056008592716779271e+00 3.646546944506315335e-01 1.574209031746590215e+00
7.933094703780194656e-01 7.842936712329492410e-01 3.068604834225618472e+00 2.681668907075589026e+00
2.882740446738427664e-01 3.708020334040730837e-01 1.324132223131047281e+00 8.765266540736743606e-01
2.447818581970812701e+00 1.111278319399648051e+00 1.650488653564370356e+00 2.393446235751711892e+00
3.706150193212213173e-01 3.717062207615014213e-02 3.841581588178862861e-01 2.133285212050119561e+00
2.791546216185822674e-02 2.291632678530891365e+00 1.764619687469249909e+00 1.129199323917906339e+00
1.929491014554987061e+00 1.023830994482652024e+00 2.068319666797923340e+00 6.267213661957110604e-02
1.882827556924862700e+00 1.168540675269330587e-01 2.809205343287193291e+00 8.982375964825339842e-01
1.807114350453654095e-01 1.271147746600826078e+00 2.437867109865577753e+00 3.371707488963354704e-01
3.294019410226936562e-01 2.293382379061123189e+00 1.037951400188441120e+00 1.807673116086638831e+00
1.038998712664527702e+00 2.670092228937660295e+00 1.192263360841965270e+00 2.555636867431549497e+00
2.462522659905707734e+00 3.750656316310242017e-02 9.456993337868030425e-01 1.511379585467804931e+00
1.070911839770627649e+00 2.968775565886571766e+00 1.937515527270569970e+00 1.459662187917057929e+00
1.374694097880403421e-01 4.195068930473146440e-01 2.866382691686829798e+00 1.660065750116789252e+00
2.450280187909190222e+00 8.717528126876287198e-01 9.836110120502464804e-01 1.762681657481114827e+00
2.709871075660641893e+00 1.952288279023701500e+00 2.417131606529620225e+00 8.555084693260071038e-01
9.150115644234027013e-01 1.755779953585301645e-01 8.320592935678395863e-01 1.476277147465526740e+00
4.951474903595298183e-01 6.914015557429582792e-02 1.011929046309976155e+00 9.681927937145268226e-02
1.176176487237678536e+00 3.090383890601552608e+00 1.745433843670605167e+00 2.942599603654602602e-01
9.112502315035249101e-01 9.278236628779754636e-01 1.236117179016631651e+00 1.122597414093481349e+00
7.153304037574520491e-01 1.132880089942987611e+00 2.286810553876603258e+00 1.503899515172453016e+00
2.688447719030464977e+00 1.949372678950489712e+00 2.555210946812835893e+00 1.228186148841089231e+00
2.867812873932190865e+00 3.028204855214137847e+00 3.052204913782675000e+00 3.684477311009201062e-01
2.465569834348163347e+00 9.901574586413908197e-01 2.044844135694458220e+00 3.744197166795162207e-02
2.225888785035033735e+00 2.662763983235956200e+00 1.876648138246717945e+00 1.258488737746425334e+00
2.474109236023072089e+00 2.395277131901833556e+00 2.636715570642181206e+00 2.399456195667342584e+00
1.015079495978818080e+00 1.072046356129747746e+00 1.499484705181490796e+00 4.879981153891013723e-02
1.797379568116906023e+00 2.091661839993175676e+00 2.723205676506640138e+00 1.272699031141473425e+00
3.103361455821262438e-01 2.221799556993173219e+00 1.599698332050745853e+00 1.474179635453166659e+00
7.074917692781794443e-02 2.311980075548417890e+00 2.913149795668802167e+00 2.096192053775076947e-01
7.017403823838200827e-01 2.227071753475709848e+00 2.327095341009379315e+00 1.659284823669086473e+00
1.220309217403230534e-01 2.861104605852664573e+00 1.195084094837109090e+00 2.841306432111951885e+00
6.060074821991439098e-01 2.556021545901609127e+00 1.866865990206887371e+00 7.012000625880407956e-01
3.927468765895641423e-01 1.992612742282882543e+00 1.436732038393373934e+00 9.878558423997410021e-01
1.247876796296255864e-01 8.294500439041491147e-01 2.170090519566560960e+00 1.713737413343578320e+00
2.147058007151594783e+00 9.077405502934104975e-01 2.507381972487837007e+00 1.160869288158405954e+00
2.059915627928528004e+00 2.110606059130232914e+00 4.021789319256633410e-01 1.906097914065174814e+00
1.842797866175796218e+00 7.670680882297287173e-01 7.830816661640739307e-01 3.046388192214811497e+00
2.373223475013882311e+00 2.757935858267297924e+00 2.201019428106808729e+00 3.331071837243024802e-01
1.154981254813259417e+00 2.179017770398420595e+00 4.826192475240257962e-01 1.557302941044564903e+00
7.200644369662404509e-01 7.787818900456824345e-01 1.677416661749283389e+00 3.667807513126405961e-01
1.343824539649511429e+00 4.503631952922526049e-01 1.386731238654985710e+00 2.113840597195104642e+00
1.963341258038200587e+00 2.335689050577065995e+00 2.026555708368544373e+00 2.873693548407068588e-01
3.135827627732618583e-01 2.031564076717739642e+00 2.789502265735928077e+00 2.427269299381639822e+00
2.138951641087138977e+00 2.517435589134289220e+00 1.136846556034304179e+00 1.057431184921874490e+00
2.912231261961626405e-01 2.762971501468141078e+00 2.466946831669123430e+00 3.010789283423957130e+00
1.495548537126906607e+00 1.610512940415144589e+00 1.976280816635594739e+00 2.365913833002338151e+00
4.681179989013223852e-01 6.783548767369093069e-01 6.799892166572649721e-01 1.901303619818462076e+00
2.158269299544383291e+00 6.918735704968412836e-01 8.530679180252717098e-01 1.880142169965926646e+00
1.061275110768158392e+00 1.771585115353868867e+00 3.065311220627702227e+00 2.953683074105655226e+00
1.385140798092490355e+00 2.309900643255494712e-01 1.949427639580770144e+00 3.132579744220495677e+00
3.309166082668473785e-01 2.312609522415884911e-01 2.933198974684690707e+00 1.374202736661975344e+00
2.618926153490971132e+00 1.287917278619187034e+00 1.100473744476355265e+00 9.801186307176593671e-01
2.711916289226215415e+00 2.558779132075292395e+00 2.117439240394209943e+00 2.433602468213269532e+00
1.127159309810370491e-01 2.727398292671828539e+00 1.430194079460361811e+00 1.807283797234204625e+00
1.166111270291330992e+00 2.963508063578352281e-01 6.412732880773741595e-01 2.823048897734167451e+00
3.879102169033949582e-02 5.811350251378381015e-01 2.320836712806518154e+00 1.148887655886040804e+00
1.836005130409077424e+00 2.160108943383205471e+00 2.881260868193538549e+00 2.002904569260846923e+00
3.107598866603665133e+00 7.028608955259500746e-02 1.727841819522139000e+00 1.687049937722108206e-01
2.625158702134611222e+00 2.853483576623708107e+00 1.104588915075440658e+00 7.196251410578015095e-01
1.475393710009109460e+00 1.870578030174274042e+00 2.124356997336551700e+00 1.776865175260400997e+00
4.970256860786365083e-01 2.836920711381727411e+00 8.782845255456009914e-01 3.102994070985642061e+00
1.595349290771840511e+00 2.536273183914170115e+00 6.576444084311272587e-01 2.504854947334293591e+00
1.688150063760650577e+00 3.305346785654262320e-01 1.389463991564163337e+00 2.537705017232581906e+00
1.161181595922004872e+00 2.189359431442527981e+00 1.638799673738276619e+00 1.015866413719101136e+00
2.434189468142846202e+00 9.420584757127238307e-01 3.134621659266558336e+00 5.723042941792032962e-02
3.014402213807521935e+00 3.111424231833414211e+00 2.954438419905061508e+00 2.301743513445922318e+00
2.040255678340973766e+00 2.008488321601495041e+00 8.008628126816801363e-01 4.231710866745147515e-01
2.547497696773196818e+00 1.344123506208436014e+00 1.379279000660059984e-01 2.551876971829533769e+00
2.827333507982197069e+00 1.180856962186526277e-01 1.838665802780907965e+00 1.883515328674100209e-01
9.825317401446971299e-01 2.132832420548524954e+00 4.637049615220285026e-01 1.772733479765343123e+00
1.296753552740407933e+00 6.576423519669000184e-01 1.587902853022785221e+00 2.146638748860710155e+00
1.933427363382088926e-01 1.381695050789350177e+00 2.984796296516066261e-01 1.524013486098864334e+00
2.675798434898760902e+00 1.791469681648687473e+00 2.545827385975993895e+00 1.647480546419652081e-01
4.226483238390688069e-01 2.938401446814258744e+00 1.030061673653253962e+00 1.475229763945304917e+00
4.135330539552389273e-01 2.164815299438577423e+00 3.011759941805315588e+00 2.652650775241109038e+00
2.199538957872982259e+00 7.777905199490634525e-01 6.352564874540942430e-01 3.091812338732931598e-01
2.649760624960280531e+00 1.045006010411372532e+00 1.701832227754085825e+00 2.032303235547814335e+00
2.036352051820074394e+00 7.149088542149626413e-01 2.723290240673488793e-01 4.213086167323938369e-01
4.904051050408851919e-01 3.623337658980813059e-01 1.733656451016755140e+00 1.332810081432008298e+00
2.807774123644395381e+00 2.725939451902247512e+00 1.212104821933734256e+00 2.397949492807581962e+00
2.822499890205217188e+00 1.179192092305900275e+00 2.543114179188892265e+00 5.325406564767560802e-01
4.822039843044894081e-01 6.051373304753954185e-01 3.224312196500440653e-01 2.232625767254178051e+00
4.789736576832411830e-01 1.083085825054847851e+00 4.809322374965612767e-01 2.784183500824124025e+00
2.761718286644435416e+00 2.983335834340286929e+00 3.810971256803624696e-01 6.590939056522960859e-01
1.367127574835841630e-01 1.723269452197401685e+00 1.306109298875170577e+00 1.519753757316854692e+00
2.858424136868051413e+00 4.522263435314924362e-01 6.086804718179668061e-01 5.874399356789686104e-03
9.602402081729701777e-01 2.297014975054462838e+00 2.032762525088109840e+00 3.021462395746178142e+00
1.075130389651204110e+00 2.238152425923466193e+00 2.102557751774283834e-01 3.063010565719972877e+00
2.036431919818574521e+00 1.794498673325634064e+00 1.810197221513185184e+00 1.125389874219186348e+00
2.266395063558228617e+00 2.280629828129978609e+00 3.078604072467972408e+00 1.266162079130065621e+00
1.860405446349205627e-01 1.134470496686804442e+00 1.245859293499286924e+00 2.487654359551362493e+00
1.834302563839547151e+00 9.984778053019517374e-01 1.063599052081499297e+00 1.684745242242127850e+00
2.161349715793829507e+00 8.815684820481297646e-01 4.953521676559054232e-03 2.801510100282267324e+00
6.215331867071679506e-01 1.611556511103634515e+00 3.958844287914021209e-01 2.959489902373058978e+00
3.054402392020719503e+00 1.550466670830021210e+00 2.371265356866870455e+00 1.368682750613405164e+00
1.327357050105743452e+00 8.843921432214635336e-01 5.015341650822581210e-01 8.499905474256234106e-01
2.242316122906656606e+00 1.566334531734231650e+00 1.335389267936136770e+00 2.119918928412030557e+00
2.095117622217928410e+00 3.064947975643389722e+00 3.158334436369931164e-01 7.870743900355764433e-02
1.406686215445087207e+00 1.337468817251703523e+00 1.090036246341113069e+00 1.286899646071008041e+00
2.822822052890032296e+00 1.192499883937119920e+00 1.646961522325125493e+00 2.949421824157333116e+00
4.038687361669685699e-02 1.962567952950085459e+00 3.605800666376393071e-01 6.021242039630776421e-01
1.842546115395197859e+00 1.003404383076225814e+00 4.508448522637859002e-01 2.947180963526263131e+00
5.383153551420155614e-01 2.932917636638367576e+00 3.079058531755052730e+00 1.161895781990367471e+00
3.852948074161556269e-01 2.895072422409965540e+00 3.111769393755749125e+00 6.986233895502180768e-01
7.338228972955047613e-01 1.914836441972118886e+00 1.304318335478328539e+00 2.391025297627556334e+00
9.774282659575690424e-01 2.679990655484417061e+00 5.749884700525347281e-01 2.705923376276883729e+00
2.303304124621815829e-01 2.904206718049552549e+00 4.377716312587807690e-01 9.383475187405033724e-01
1.121641863718771726e+00 2.272718516141643885e+00 1.880120228293152396e+00 2.143493068872798002e+00
3.014361425761649116e+00 2.124372575740369751e+00 3.129691200771145265e+00 1.395423283884398513e+00
2.219488495485461566e-01 2.299619818036292340e+00 2.812080455943262614e+00 2.728484071154916535e+00
1.008888988081436233e+00 2.019758924901917663e+00 3.025792728151258437e+00 7.954787478485672025e-01
9.297108207984996486e-01 2.912842280550191898e+00 2.450353063765168482e+00 1.684879370717340619e+00
5.805001969783406546e-01 1.582079292188847131e+00 1.958993936968792760e+00 2.311210570562614475e+00
2.244113808360889362e+00 4.011891463590454565e-01 1.918690814896967689e+00 1.768770031292155709e+00
2.701064455371924300e+00 9.286080402749870288e-02 1.131212827440342648e-02 4.137553851856557996e-01
5.608242019925473443e-01 1.090787434053739569e+00 2.469482809171412718e+00 2.019580597762938634e+00
2.203095350294410171e+00 4.433758697805971205e-01 4.806369130114328952e-02 1.382329260722501285e+00
2.459433601596445307e+00 1.757606313498490502e+00 4.113135780349212456e-01 3.038594669085104005e+00
3.120602766539291917e+00 1.009461922322518079e+00 2.957370101533780105e+00 5.645829837973760368e-01
2.679280486773258030e+00 2.208621840559453986e+00 8.632092015635176585e-01 2.948707638674973985e+00
1.738767107350431829e-01 2.969608949742458925e+00 3.141156906771780943e-01 2.926391521366932480e+00
7.919609337639789137e-01 1.129306605272536235e+00 1.339281443231033819e+00 2.084955422816225035e+00
2.648702294153403969e+00 3.735063015625755128e-02 1.632673853162522448e+00 2.399754691213680680e+00
3.671330168493356361e-01 1.224152044147201579e+00 1.411841330741033351e+00 1.246625155944832253e+00
3.560060674515617141e-01 1.926671376138846536e+00 2.322402776491792054e-01 2.762492564807219164e+00
1.921483550111657279e-01 1.113969894454416076e+00 2.851412683464389808e+00 3.949544262469548150e-01
7.060736338148593250e-01 2.698397568627266541e-01 1.542711946565693326e+00 2.065866184983151665e+00
2.123816051086811374e+00 1.422511796173044907e+00 2.264617901315542969e+00 2.149175175338710275e+00
6.566379532667723229e-01 7.997378266898326205e-01 5.224135397626198385e-01 6.764259707098739804e-01
2.485495236767330418e+00 2.928527196803258015e+00 3.136082124477222344e+00 2.946406559498667033e+00
7.295673459040589170e-01 2.009753357392793038e+00 2.747805229466665278e+00 1.525250670357006344e+00
4.197541515654741595e-02 3.068858876382357437e+00 2.974331504874359489e+00 2.869126039126316918e+00
4.976818482057214221e-01 2.233754712178371626e+00 2.562747637131488787e+00 2.009079875402816739e+00
2.456487914972750541e+00 2.269093936088451002e-01 8.957172126512705779e-01 2.869173019748612052e+00
9.717319658933978865e-02 1.956017320903845613e+00 3.487501869525483356e-02 9.555280872995447483e-01
7.323037968870871328e-01 1.731788150479988797e+00 2.700319399075499227e+00 1.991432011092248544e+00
2.143457456976662456e+00 2.009315383818396583e+00 2.894037203185919616e+00 2.325487457181645290e+00
5.151099936936195389e-01 2.116663194314789997e+00 3.065329591493304751e+00 9.053568296379391200e-02
2.530192911237567177e+00 1.075167974274898075e+00 9.221244665437959842e-01 2.865769141610256643e+00
6.625900653169792820e-01 1.928101829076644735e+00 9.614087807634758009e-01 7.319421979847899606e-02
1.829847541109368980e-01 2.175502003215319391e+00 1.196921056243766213e+00 2.877252123562067387e-01
8.023878741268692938e-01 2.842186651284112298e+00 1.531619085780593359e+00 1.422144312967762669e+00
5.546403875392729166e-01 1.041857159450064962e+00 1.940042168067194428e+00 3.338452860364572450e-01
7.344649737498426534e-01 2.355790901776252166e+00 1.967020244880993030e+00 5.113387413728807118e-01
1.626468741331792200e+00 1.438116277854502467e+00 3.085196653801558941e+00 7.245019448897265235e-01
1.617757507171439180e+00 1.892938852058041688e+00 1.392349644104372786e+00 1.930916226170883432e+00
1.542250692795057443e+00 1.434812964681275949e+00 1.707889000311069161e+00 9.876201022651633910e-01
2.733838600244046457e+00 1.950971353791604246e+00 9.988000985681320110e-01 2.222506170657935431e+00
4.820118810826731770e-01 3.035391591145165435e+00 1.511983106875184335e+00 1.606971906652747251e+00
1.180331713041943287e+00 9.481292601429568423e-01 2.385303170398979322e+00 4.743788028303310145e-01
1.518894232904909103e+00 2.533419126687659784e+00 4.392274582640420255e-01 1.957061602215630192e+00
1.196913971228152906e+00 8.658727859358467116e-01 2.967102238405424863e+00 1.172387822895594400e+00
1.027074104807253585e+00 1.474087164376787773e-01 2.888280694758723399e+00 2.135036972612796902e+00
1.070543255388617609e+00 1.060509427941476401e+00 2.276096558952021898e+00 2.335418474901466979e-01
1.542499927686980410e+00 1.829990458854252822e+00 6.457984442307886930e-01 2.354907073293923681e+00
1.989121067802158693e+00 2.451558620880886163e+00 8.291903262558575349e-01 2.177819992010213923e+00
1.304765432711889828e+00 6.842441449469156556e-01 1.206478656292255369e+00 2.115057218598877409e+00
1.452421524782350204e+00 1.727583491666333237e-01 1.935321659674322792e+00 2.729103125451965428e-01
1.843262173615876076e+00 2.993844038959445175e+00 2.846327231774713251e+00 1.124478356948575231e+00
1.102360027437766732e+00 1.476814583473150311e+00 2.870413999366178803e+00 2.923557368766593889e+00
2.312434601030773695e+00 1.872986077787784087e-01 2.591754893055257192e+00 1.260233903159139190e+00
2.851194174776261470e+00 2.663057915200008410e-02 8.000229829080461874e-01 1.996063165081911839e+00
2.735177929289279941e+00 7.725669521884029889e-01 2.163528026229530443e+00 5.255569740688457170e-01
2.423463283295536286e+00 2.454218027305752781e+00 7.890259076940751015e-01 9.046298849057182734e-01
2.100015982064554088e+00 1.027767880369702347e+00 9.949339274886811468e-01 1.601853299020927546e+00
4.603055970144226405e-01 1.564129034208447067e+00 1.975210532495286442e+00 2.676894768606764563e-01
2.783443928351651553e-01 2.354950693493088831e+00 1.150593216099156206e-02 2.883711014328958377e+00
1.372281915060314716e+00 2.185823447892391247e+00 2.273930269105203017e+00 3.067067325864251792e+00
2.247649656308670973e+00 2.738046242544204478e+00 1.894668925468864673e+00 1.355822570738524968e+00
1.071878940369069833e+00 1.190306475620870746e-01 5.857671339162887625e-01 8.706226885944102767e-01
1.420085076971193239e+00 1.795360997789885726e-01 1.020788872386515944e+00 1.011934375975687361e+00
1.111912931143594907e+00 1.887834768034093669e+00 5.319605856122652798e-02 2.245016857773410202e+00
1.946779762950955339e+00 1.582734772579577065e+00 2.428321881311137354e+00 8.422306452541615807e-01
1.727403280959744603e+00 1.696054342327388609e+00 4.084625540268139177e-01 3.034474571774657292e+00
1.784589009130198356e+00 2.419289925946172648e+00 3.045635670822881558e+00 4.190913553703373706e-01
7.060303669727799880e-01 1.861830132757878786e+00 1.503690673400603472e+00 1.526791905169581354e-01
2.995789601325532292e+00 2.081811974802638687e+00 1.971225121187657192e-01 4.358128699607725226e-02
3.807914167586289311e-01 1.611359409935916753e+00 1.746452668952763299e+00 1.529303917675918889e+00
9.194444808184706330e-01 1.514618519873394353e+00 2.558254248199972380e+00 1.308623361557834930e-01
1.608197137022436607e+00 2.149421797076929430e-01 4.922475519242907605e-01 2.489154546000842849e+00
2.453297931106433349e+00 1.946188158396007784e-01 9.729187668896137620e-01 2.565430448760286364e+00
7.291848873377481111e-01 1.947972391135623926e+00 3.113952234630815497e+00 1.705000066839704287e+00
1.141477654119991803e+00 1.465762890599645374e+00 1.150455422732350463e-01 1.444777789744351892e+00
2.323030441161193949e+00 1.222593607139804028e+00 1.344939521881077349e+00 1.482506460451638919e+00
2.085236045189281295e+00 2.850197802502750566e+00 9.142063901139855231e-01 5.433916894464030367e-01
1.949934128232207575e+00 7.889560846447231102e-01 7.210266598587468379e-02 1.045491228687814855e+00
2.598416597255188698e+00 9.644617154833488859e-02 8.244204707924793762e-01 7.716604637914453724e-01
1.263102581940239499e+00 1.211364610352205995e+00 1.520819813991300506e+00 1.794489113370281830e+00
1.946018798788739401e+00 1.948545432905893326e+00 3.139064502582740612e+00 1.792646252885331304e+00
4.765356653794617370e-01 1.700314929614510362e+00 1.975266771697921919e-01 1.192141909435528557e+00
1.446966907297232430e+00 2.293313979726170349e+00 3.437653522224206060e-01 5.435706504703182729e-01
7.385269903081659315e-01 2.433279993726567003e+00 1.631857671436685586e-01 5.923337436693949520e-01
2.236093269064575395e+00 8.341033834818033510e-01 1.779232586174327668e+00 5.093204486252697061e-01
2.675616478536962717e+00 1.881990234077415947e+00 1.233394790593610013e+00 1.726149756262068902e+00
2.122553928690905867e+00 3.757025967996708848e-01 8.041555752097456766e-01 2.265693685261308765e+00
1.997781562497294106e+00 2.997955389720744268e+00 1.197934495059082671e+00 1.783642229312096372e+00
2.713972618815658766e+00 2.462590974420142853e+00 1.918634829284822541e+00 7.176396588794627107e-02
2.442353470324881481e+00 4.085883641406866107e-01 3.375423807893458417e-01 2.209425898718593295e+00
2.062698138657675706e+00 7.580190309498775481e-01 4.925555415898207057e-02 4.805570011919596540e-01
2.036104597200867339e+00 1.408400552047467835e+00 1.239909148234580732e-01 1.117651258117976054e+00
2.905738838620456135e-02 1.417807727014895325e-01 2.996818932717872919e+00 2.766993441504636220e+00
3.141569637367972234e+00 1.571510277242140763e+00 9.581595874914971001e-01 2.079854111705778497e+00
3.129634979775069770e+00 1.868512948460554490e+00 2.383549287653079940e+00 1.269087640537906791e+00
2.235913540234885311e+00 2.698620142256889398e+00 1.516515660299749158e+00 1.772231942051404108e+00
2.789696288923042111e+00 2.692643372795577417e+00 1.832954955842972522e+00 2.331308025599909683e+00
2.995271103881581354e+00 9.187896818729208714e-01 2.597380510264731601e+00 1.087676181267919429e+00
1.758136577913392173e+00 1.332722107772733366e+00 2.603636876843703263e+00 1.781827438289967924e+00
1.448230917880663216e-01 1.404486241917341172e+00 1.127063613835603384e+00 6.405997115629262773e-01
1.828245356961895940e+00 1.203452429737360552e+00 9.024168972667830912e-01 2.889975382933374526e+00
2.354409748903152799e+00 3.312579703178757384e-01 2.069945856274925777e+00 8.812207758100916166e-01
1.171580692306980032e+00 8.052720839720910462e-01 1.558375687207172122e+00 2.916097960315259030e+00
1.586030739389159949e+00 3.815994239968350521e-01 2.613619641906564706e+00 3.775459801534398752e-01
2.162384204132933974e+00 6.504133430849704522e-01 1.571664239623671078e+00 2.766448200042176175e+00
3.101652008071495104e+00 2.858548224712085251e-01 2.446596128446153207e-01 1.625714263220157552e+00
2.842950895484643414e+00 1.729824958989194306e+00 2.940286599926098976e+00 1.260800774099612109e+00
7.380182180412334647e-01 9.367572957329916017e-01 1.583186826656458157e+00 2.572510678136819551e-01
1.074990238760652334e-01 2.234498094400971357e+00 1.576572215032909785e-01 2.354947260124031772e+00
1.727919872052243511e+00 2.922097340870519200e-01 2.326563392475117009e+00 2.673134465878079236e-01
2.402239385691161910e+00 2.214882041912032751e+00 1.397132417405218208e+00 1.244611535791041224e+00
6.816023669585381528e-01 2.569438982098690261e+00 8.626858885754175033e-01 2.094107319439333370e+00
9.000269241579391677e-01 1.991237953250536430e+00 2.460294123268330857e+00 1.494127692947035513e+00
2.743750973977764129e+00 1.019821572647917174e+00 5.178843564904621610e-01 1.464485356780519831e+00
8.356821616087535265e-01 1.269799794343616561e+00 1.486122756890262409e+00 1.246701920350797188e+00
2.467359794928580374e+00 2.262524221951867975e+00 1.477147827341781294e+00 1.103482261445467572e+00
2.426854285255169330e+00 1.305246349987405186e+00 2.367394259587206395e+00 6.222944203133354835e-01
1.290253209601136319e+00 2.830950428295512022e+00 3.122781437509698055e+00 1.310158486337386075e+00
1.989152013428605870e-01 9.281884535672395298e-02 1.998237747833274680e+00 2.229581717262572038e+00
4.632785422093006478e-01 2.681264049362547031e+00 4.594797991751460309e-01 6.537702122937979476e-01
2.879854453465902964e+00 1.061000691197114154e+00 2.455700071492023628e+00 1.779155411034302192e+00
1.312691421639648803e+00 1.851545394729262162e+00 2.721516923002003097e+00 8.507753301503816479e-01
5.820996443325096026e-01 1.257985534745688083e+00 1.210665015506213971e+00 2.873926712717468579e+00
3.852638780210626557e-01 7.106626738612970007e-01 4.377195730008947017e-01 8.966770794679324030e-01
9.259644587543855443e-02 2.608584192038052141e+00 2.052476903387556284e+00 1.247905907692868022e+00
6.731150758405547441e-01 9.186431268422633467e-01 1.157452557241639868e+00 2.278809069970211709e+00
3.492928906765061514e-01 1.006687461690697116e+00 1.338469920180839212e+00 2.882947450965194669e+00
1.206933224003386318e+00 1.818390981192839206e-01 5.917392853589348301e-01 2.850173896132612406e+00
8.331058267656882288e-01 2.866449167712080914e+00 5.169839311634497614e-01 8.672093289685363360e-02
2.803207872694712943e+00 6.413840371341751334e-01 6.592176217046751274e-01 2.713376785669259217e+00
2.711016374417315689e+00 4.521740894516521059e-01 1.980135301073343124e+00 2.482595242021618631e+00
1.973274007995885038e+00 2.209395694916965081e+00 3.118880332150255619e+00 2.517280631154742210e+00
5.075013438026688695e-01 4.544384731187522397e-01 2.493054441134750387e+00 3.081483641981396904e+00
2.492709718627535154e-01 2.712763205560616342e+00 2.005173607070324771e+00 2.430009114140870841e-01
1.230004299962870862e+00 2.666771020042985718e+00 2.765135681733048134e+00 4.052558707815842598e-02
2.244908097657611457e+00 5.304832017287501866e-01 2.585728058394169082e+00 1.261911129167869183e-01
1.876100264901709114e+00 1.755096513279246484e-01 1.618315585337451346e+00 1.142477681105419807e+00
3.069354188702141162e+00 1.122003605228519163e+00 4.557834502266818189e-01 1.034223085685364696e+00
1.330386727367667055e+00 2.956977506804365774e+00 3.723734367853208105e-01 2.245715461346108999e+00
2.678329886529927095e-01 7.695537156948829560e-01 2.952480407531850926e+00 3.649367753208275500e-02
1.282220694136249728e+00 8.539892320580225737e-01 1.221249662922030688e-01 1.070575595215670361e+00
1.179335557878135599e-01 2.349379669957273542e+00 1.576432319275008931e+00 2.991569240085207415e+00
1.423009632580043649e+00 2.220707613134859759e+00 7.390176804312131864e-01 6.802239590488616816e-01
1.419260375292626941e+00 2.712910319063801978e+00 5.885726367329593423e-01 8.390436048318556939e-01
1.633523315314699076e+00 1.677244029106949252e+00 2.426281539473907678e+00 1.494065842836815428e+00
2.533939409599172521e+00 2.285114349018174451e+00 1.014025585516889816e+00 5.688602308031511789e-01
2.851922962548056883e+00 1.525370134966427038e+00 6.405537634140296976e-01 1.491236587010446257e+00
2.133358743437578919e+00 2.788569864557394862e+00 3.065667366059243726e-01 4.491728580399644011e-02
2.887302560097222859e+00 2.544742262579043679e+00 9.071736225803712639e-01 2.355395311504125733e+00
2.352665433050002530e+00 1.310779388695490155e+00 2.628576637490434464e+00 1.551995189158001498e+00
2.286519120409046479e+00 2.265858905921957767e-01 2.035664593487112040e+00 1.322616137560046923e+00
1.100544481609762038e+00 2.597623096344890303e+00 2.943630122353488865e+00 1.791759584589815324e+00
8.638829441909275930e-01 1.718534657196394699e-01 1.868256352509763296e+00 9.188655745943536957e-01
4.631799542434883454e-02 1.606557928705927507e+00 1.106750379551880714e+00 1.916219034960856327e+00
9.725577699933402043e-01 1.825554808175666177e-01 2.980118192059306170e-01 7.485009671486575478e-01
6.795254859807153824e-01 7.045482106646452358e-01 1.184992895294425086e+00 1.740181479064891290e+00
1.144930387579868203e+00 1.382961003326077520e+00 2.548594211234368689e+00 3.029566328589326507e-01
9.855780710693557989e-01 1.319514582859543594e+00 6.082679754050639431e-01 1.884916524924387549e+00
1.017751885958771974e+00 6.574428697162468804e-01 1.151279028858133380e+00 7.175505590666291234e-01
2.139560270869444114e+00 2.336557990135358143e+00 3.199077141764727905e-02 8.743022869166576783e-01
2.006502298884715874e+00 2.802679155010360024e+00 1.689805999379964785e+00 2.338604175672383267e-01
2.283965536654480655e+00 1.656273260647509682e+00 1.266001701830144821e+00 1.899458666688589314e+00
2.382404989492547198e+00 2.800219547726791713e+00 7.147655985243346333e-01 2.168451053037827148e+00
1.257407498407297819e+00 2.182452567597151116e+00 1.245464639585531330e+00 3.168697718325048651e-01
1.176250473410336062e+00 1.728788176971691737e-01 3.110577384931596967e+00 3.028530528988420123e+00
8.300320229071298517e-01 4.271436422731779703e-01 1.547787656504118647e+00 1.695095988959686162e+00
2.718119454280283787e+00 9.888890973261728057e-01 4.812737458584116501e-01 2.948267296055689379e-01
1.067517922297472333e-01 1.129172641146443778e+00 2.672205753140434847e+00 3.126711377972533956e+00
7.106844466563466689e-01 1.044322590337629197e+00 2.186891366488055155e+00 1.634039449267358002e+00
2.648397235027526886e+00 1.883323222587940160e+00 2.002522275933913853e+00 2.086205826512713024e+00
2.430137753158764014e+00 1.726499277808913213e+00 2.932152597726467302e+00 1.484840538448993996e+00
1.254592492601118714e+00 2.409555214819598667e+00 4.867379692888804121e-01 1.937306439370639621e+00
2.716096025316231621e+00 3.134094267932233002e+00 2.184074450818054847e-01 2.472055674436013373e+00
1.581852124367369328e+00 2.609203345077636627e+00 2.554224434107144504e+00 2.238329856758902725e+00
3.741879266320673192e-02 1.041449579411331650e+00 8.627246291905730224e-01 1.851469693881264034e+00
2.493038010054673959e-01 2.672443898139100327e+00 7.100309350231860384e-01 2.066669882261093605e+00
1.352785071773824621e-01 5.135960092141054201e-01 1.736689866860041231e+00 1.593739522698093491e+00
6.416442599640871380e-01 9.384973853369140695e-01 2.173389116666339937e+00 2.719803260983661541e+00
2.292799416420879144e+00 2.706601055682078538e-01 1.026438142879088078e+00 2.368212885269619150e+00
1.519380975559399216e+00 9.961762604304682522e-01 3.052919589818277046e+00 2.928276430610310843e+00
1.267574355184066803e+00 2.005248729786260675e+00 2.205562149571015595e+00 9.730072968581529036e-01
1.289609646501906459e+00 1.576090825207531188e+00 2.289239269931212295e+00 2.393395673310732885e+00
4.912855155054785539e-01 1.373279885971543601e+00 5.311195525488942026e-01 4.486672074627898188e-02
3.056030891388953119e+00 1.559246741806312953e+00 1.401270809525261063e+00 1.554690376103320393e+00
3.052840298435041788e+00 1.867625614990992444e+00 1.709053628671551028e-01 2.242882930170420064e+00
4.764905681868922271e-01 1.351140667170426468e+00 8.734567731676919078e-03 1.719261222821515611e+00
2.970900703399987464e+00 2.470078794131538302e+00 2.167604390875163656e+00 9.078307377563142877e-01
2.066950951823980809e+00 9.302622505824178489e-01 1.675802374950046136e+00 1.690656836116401218e-02
2.760996436947888100e+00 2.564986787239541766e+00 1.717795352287613708e+00 2.338109255126793240e+00
2.193749702673195134e+00 2.671050903090622430e+00 7.631994479642147944e-01 1.117585114020378745e+00
2.964481163262759456e+00 2.905946659143546773e-01 1.797876091403779242e+00 1.581653028711261566e+00
6.241437951953674457e-01 3.099419464778273348e+00 2.467293604132795526e+00 7.502357737103106938e-01
1.861400848485179338e-01 1.571786655287384371e-01 8.437375380693096227e-01 2.252816769786845086e+00
1.611257681380266593e+00 2.842676624712050959e+00 2.205090115599478207e+00 3.128639441598802140e+00
4.965723396430547776e-02 2.161302762539948574e+00 2.269843101490033987e+00 2.475291452119974700e+00
2.197196942868803404e+00 8.343188181059018049e-01 1.766571950461605534e+00 6.227187911301761414e-01
2.931946218323767450e+00 1.455084732580296025e+00 3.344933452546067776e-01 2.073360386710122238e+00
2.403576107462124689e+00 6.389462693748099165e-01 9.305883172510587276e-01 3.347418124172685250e-01
1.107234904054343216e+00 2.312997277635389093e+00 2.237346664384465278e+00 2.449143714902620506e+00
3.128028650261286625e+00 6.361048692534944093e-01 1.915965701737261773e+00 2.337334412345854151e+00
1.261166480650435684e+00 2.252488863646569417e+00 2.164860514970286864e+00 8.445124057499019399e-01
1.884470375747029136e+00 3.315134659756755475e-01 1.860799082740796528e+00 1.453652267447305801e+00
5.406263502355577177e-01 1.818055769056393656e+00 4.175678734717839791e-01 1.036560029341654365e+00
2.664864775053671586e+00 3.128037288626063006e+00 8.013650417027722295e-01 2.445797488374104933e+00
5.893514982341143682e-01 2.055133291750489422e-01 1.174863534844716589e-01 3.006477733919801221e+00
4.628386550310083503e-01 7.592704677929368318e-01 2.454439014364317995e+00 2.058827505905222122e+00
3.763865743946307463e-01 1.879915988928444470e-01 1.328856757768027697e+00 9.266000056101674209e-01
1.666183474824230792e+00 1.009946859727270052e+00 2.997936113670138791e+00 1.806224353413751649e+00
2.032261517513086702e+00 7.914756751421078151e-01 1.428095168901084122e+00 8.930368811707503629e-02
2.522605697424965321e+00 1.395085719488383225e+00 2.002516261106958240e+00 1.601441031934194958e+00
3.101854876175935694e+00 1.441585356757872027e+00 2.754520830561693501e+00 2.207424083610067367e+00
2.526678273982191136e+00 2.916355866441061040e-01 1.559314421745348067e+00 2.730150205209219028e+00
7.438093290378396116e-02 2.560948485071989467e+00 2.822845274721667241e+00 1.823540140890327566e+00
4.134555832841167733e-02 1.350452290686680268e+00 3.868019219230091066e-01 7.018226002851485346e-01
1.532714344340121215e+00 3.943226489776112675e-01 2.472269541682376115e+00 9.738223674000187069e-01
2.033229022677929709e+00 5.553121094259567680e-01 8.656077817689638021e-01 5.747520536847867678e-01
8.386711062402999461e-01 1.327788700511598252e+00 2.235242953523939757e+00 1.276381984374558520e+00
1.017588843940458121e+00 1.163552387937209831e+00 1.523381969743535569e+00 8.972324272666212241e-01
2.671019632345180028e+00 1.818510682504921316e+00 1.895322537185597511e+00 1.276709911307570167e+00
1.846281808007044445e+00 2.991770280126120340e+00 1.833445149411464248e-01 2.814008301578528215e+00
6.899407705757758524e-01 2.755919196130149906e+00 1.511468282518574124e+00 5.344166177314932931e-01
1.842985994115250881e+00 4.425642305222157180e-01 3.641347904598985497e-01 1.011881455349117553e+00
2.039406702967065499e+00 8.165986777209176539e-01 7.868221614908511574e-01 1.761630570900454940e+00
2.757254028988583183e+00 2.352676758466331730e+00 3.054360113478095329e+00 2.672092673646554672e+00
1.998140395462077779e+00 7.157241956624106338e-01 1.461007111046042084e+00 1.283351499930010631e+00
9.951614100021981546e-01 2.588670815402316805e+00 2.230774574179834158e+00 4.985943820063786780e-01
2.636480692435484663e+00 1.173564565406895355e+00 1.565693324991391799e+00 7.385729684944900564e-01
7.326547999450986337e-01 2.015436781145610201e+00 3.613718941842389842e-01 2.483173781769114630e+00
1.498353107804656803e+00 1.133896399388591103e+00 6.668313259019671424e-01 1.094410381182036707e+00
1.603290043993421454e+00 1.182916220604471741e-01 1.403962691863249179e-01 1.640056751258099688e+00
2.369718846982166838e+00 1.627525848787374496e+00 1.459012710509813626e+00 8.601126108880018384e-01
3.020765693479937397e+00 6.852533168235666050e-01 1.780386350237248116e+00 2.421618886777562540e+00
8.318263368548743930e-01 1.636282237040513454e+00 1.010896590219397151e+00 1.619039791431901465e+00
2.422448093496516908e+00 7.308378140557052205e-02 1.326126790668166189e-01 2.893569315379171059e+00
2.446806478184044842e+00 1.929140144040845661e-01 1.131720545465896510e+00 1.591126567470733555e+00
1.317534697866905802e+00 1.335310278474485912e+00 1.386693281889831431e+00 2.339770283266780382e+00
9.984785884474126627e-01 2.697105044616233904e+00 7.856739281225728622e-01 7.515067449141435985e-01
1.200683134247533923e+00 2.612100010663448435e-01 2.445410791873480427e+00 6.802686661421382119e-01
1.351030541314040434e+00 2.751930491681493507e+00 2.642478282167119552e+00 2.337947591609408793e+00
2.774080059535434906e+00 3.613162389611910830e-01 3.210458192350315043e-01 2.569916077565770784e+00
1.570123709572760928e+00 1.456266653560475577e+00 2.629242222715438615e+00 8.389824428187963035e-01
3.109454173635535223e+00 7.661027670559682479e-01 6.049476622899980782e-01 1.472514653949329011e+00
2.342132300907886933e+00 1.312879635582365756e+00 5.489856873199442377e-01 3.206234900503583951e-01
6.159725337141841450e-01 2.489543797144650572e+00 1.239997298898009248e+00 2.525878268860280329e+00
6.905584852539493890e-02 9.329408366240194983e-01 1.561786616007517781e+00 7.344517708803397493e-01
3.088157357348055410e+00 1.765486011356645513e+00 2.278703791890853481e+00 2.377160457533753934e+00
1.038417708100889680e-01 6.569231579243846042e-01 4.737853431964778594e-01 3.072199333770636365e+00
2.835226974232813557e+00 1.761433815274891845e+00 5.835588318845086331e-01 1.403740244385893732e+00
1.331540842057381546e+00 2.225142976759003854e+00 4.502794228090922779e-01 2.887215912353834124e+00
1.576502451105443070e+00 2.043455639309013083e+00 1.893104871743607864e+00 3.121456816207123897e+00
1.802133723674160803e+00 1.966126419118708002e+00 2.868087075473365832e+00 1.297834558315271947e+00
3.444049377096410347e-01 9.624518850544679927e-01 2.682308297363706018e+00 9.062276377051597942e-01
4.225194782094023327e-01 2.659428808021614188e+00 3.331238925912163862e-01 1.167957072246128269e-01
2.159145989842789159e+00 1.258520353302253314e+00 1.992475988355105310e+00 2.657228010439824928e+00
1.070923899707288518e+00 6.053119214583435603e-01 9.002419639505807591e-01 3.067989382318164093e+00
5.011596595985672309e-01 7.314156991599108926e-01 4.253058411198437083e-01 1.538749732157859595e+00
3.736691406946088256e-01 3.095728883959894540e-01 3.271419421514706327e-01 8.829769058981963570e-02
1.980370390607788744e+00 2.627895440553433826e+00 5.086005720803189467e-01 2.945836707815007394e+00
2.511868714794586177e-01 1.061894291556162023e-01 2.239970427877977510e+00 1.775365690639424399e+00
1.363644735849422363e+00 1.382371408525993717e+00 1.518864789746291910e+00 1.022097561900635387e+00
2.922669792324896765e+00 2.309070747540463042e+00 1.710526112483213623e+00 1.464118087394593037e-01
2.138755352294296141e+00 2.868193562757357817e+00 9.199182660449360949e-01 2.658489469700868302e+00
2.619416889795861181e+00 1.839782193994393911e+00 3.035396738788077364e+00 7.364860920804972011e-01
1.027912570643744639e+00 9.248369249845650453e-01 3.051090733315639625e+00 1.437831431882301780e+00
2.748966521281134501e+00 1.657098444708197560e+00 1.307254293575425885e+00 6.342258582745248230e-01
2.993914731861515133e+00 1.197622401082633958e+00 2.887006347316470323e-01 1.972742139775024439e-01
1.026832791311263149e+00 2.914388678777799058e+00 2.612668420576853112e+00 2.120793829688835341e+00
1.991297896218148900e+00 2.927385592323180852e+00 6.429141815304348917e-01 1.922384638323943351e+00
1.990671905211404580e+00 2.513058038318994214e+00 2.032579671415732481e+00 1.836117748505727176e+00
1.578705394983450860e+00 2.169500923176808538e+00 3.825403024152496112e-01 4.006015219613099365e-01
5.862213194185732501e-01 2.636014199947196435e-01 2.099883404656190944e+00 8.421913483206036610e-02
4.970499682610917125e-01 2.050290019325084145e+00 2.985206350153443378e+00 2.284315703517912244e+00
6.246111479291549529e-01 1.791543988719300318e+00 4.478338038454007797e-02 1.613955455710266218e+00
1.358300178124275170e+00 2.305195522738910263e+00 2.538690862698111061e+00 2.407273373350279577e+00
2.519094903919462780e+00 1.718968267209687317e-01 1.445537470210297437e-01 2.888911229241401202e+00
9.724285425463531363e-01 1.111227599322778481e+00 2.863208447562793246e+00 1.852489281020874401e+00
2.279215840782504721e+00 2.742761375936380475e+00 2.540987836405280920e+00 2.494947722710684435e+00
6.305838127592966469e-01 9.343166763957164722e-01 1.101691808671231065e+00 2.059376291800637804e-01
2.325298947738269728e+00 1.629980742808387228e+00 1.672440858245738182e+00 3.388137752603572611e-02
1.733533945615220562e+00 1.353155753183176380e+00 6.600832300242590600e-01 1.750613450359572942e+00
1.555573024168784846e+00 2.754144129570592181e+00 7.941183630205830846e-02 1.988050522825826283e+00
2.180253117810375230e+00 2.855219912241167002e+00 2.880704950468077286e+00 1.333751099181443189e+00
4.243861790973472159e-01 6.892339923367883647e-02 2.694888925406805136e+00 2.704920883947205645e+00
1.465076461924921025e+00 2.676036530762396559e+00 6.199187185779774234e-01 1.471433513051502093e-02
7.349893905996216503e-01 1.165403040837741822e+00 2.719524931201729334e+00 1.341013869811697568e+00
2.044115437746384600e+00 2.984000573522805677e+00 1.229285347218520563e+00 4.529447542728851084e-01
8.474743798116176619e-01 1.891249614528281997e+00 2.449705151210086473e+00 2.087257806685683281e+00
2.211737189103907042e+00 2.795088024415547157e+00 2.322516004377868981e+00 2.384485943359204274e+00
9.922615042544031816e-01 1.794972581868521821e+00 1.632165078012393078e+00 1.988653364692853476e+00
2.197819447388567049e-01 2.608424575167090698e+00 2.526403428413682928e+00 1.956579564759551193e+00
2.632997158952102623e+00 2.238168362080049878e+00 9.731520759476234295e-01 2.621834421250683000e+00
3.847904213113274019e-01 5.876127109893489742e-01 1.778971435593893702e+00 1.898403227248220748e+00
2.270534439937212046e+00 3.924030941972438402e-01 2.814625561332879666e-01 1.427835287945643739e+00
2.502752246703823680e+00 4.990170264595104044e-01 2.191514914791734547e+00 5.331979555624166700e-01
2.224445487988136350e+00 3.212854949813929301e-02 5.130200551044084012e-01 1.297022845167434157e+00
1.435068240662848105e+00 2.671442878953762534e+00 2.562992852861905924e+00 1.716657467487454847e+00
9.637753072836352519e-01 2.670068881596176169e+00 5.633330961586852093e-01 1.379217798419176466e+00
2.470257552341728058e+00 1.000254419587614629e+00 9.860775151587568566e-01 9.016499615786115474e-01
3.078194568868549141e-01 1.201829615548169139e+00 1.689375433721583386e+00 2.807365013973237122e+00
1.660334823594793230e+00 3.786505307742940030e-01 1.538498582455612995e+00 1.143474305035987904e+00
2.197618023542926124e+00 1.061161328682965532e+00 1.167132167650934527e+00 2.264929159892061783e+00
2.138913741524440582e+00 2.023137251978713191e+00 2.683965326496279502e+00 2.530523018840925009e-01
7.734146770615845101e-01 9.472446279764614729e-01 2.300572883144244241e+00 2.636942664883243914e+00
8.012955724785090217e-01 1.344908794479106495e+00 2.105576857978175287e-01 1.579151030421336088e+00
3.021402252590635662e+00 2.914637477488501105e+00 3.087274143024772322e+00 8.256845608230909406e-01
8.537421659662812745e-01 3.107365015965271038e+00 2.404162496388188242e+00 1.358603769147190388e+00
1.442778718163028606e-01 1.373365528512443534e+00 1.387019273076149917e-01 2.325909601040386576e+00
5.450798787672223034e-01 2.941357473840021886e+00 1.991594045366237076e+00 1.743982114746947809e-01
1.891799733086493296e+00 2.281871311481061593e+00 4.225681268979736838e-01 2.295165232137620581e+00
5.416914401091035836e-02 2.975032576717811850e+00 8.849991555075873428e-01 9.695074202196313218e-01
1.336647177173639900e+00 7.692718060033137961e-01 3.957802422526243147e-01 3.008592046855314006e-01
2.798331946940217030e+00 2.412762400266907470e+00 1.961305290395221723e+00 2.435132078458833949e+00
2.741315057471666705e+00 2.005605589084892060e+00 2.724875398802308002e+00 1.810187747732569186e+00
1.691443608212240157e+00 2.385040499211615206e+00 6.251303430912964476e-01 8.469587815677911274e-03
1.902042523863603229e-01 2.810298041645932443e+00 1.331073143879466958e+00 2.515369037367026550e+00
3.035460699226870229e+00 2.886903207890587186e+00 2.329642603213330609e+00 1.796998030375679400e-01
2.297885525147592978e-01 1.204423308627529776e+00 2.968822903515086598e+00 3.034702441393801298e+00
8.024552069392687503e-01 3.141501883434155040e+00 2.368472883992566391e+00 1.550082742509756972e+00
1.483397744500500437e+00 7.366947492441241474e-01 1.713245422842548882e+00 7.276092245164869077e-01
2.171002307819816401e+00 1.819634891035105895e+00 3.130463386832304185e+00 1.784669131696528632e+00
1.722373879330644453e+00 1.595115605961659355e+00 8.972269179900593805e-01 3.720373153608054761e-01
1.827462644636687061e+00 3.253961978912632835e-01 1.863709317592528336e+00 1.696493743894161410e+00
8.376406908444367083e-01 1.195380133523635147e+00 2.760118757588249760e+00 7.495315982018690981e-01
1.022822237875651297e+00 1.664432775565171108e+00 2.443411700185482704e+00 2.308828096556056142e+00
1.381634984290924129e+00 3.328077119055818933e-01 1.911881441907566925e+00 1.728489014334643858e+00
2.808031874274885098e+00 1.027160481935643022e+00 1.693431921267821938e+00 2.799143434429251176e+00
2.583505129319301208e+00 1.787784899112479842e+00 2.307880218110101467e+00 2.453582763161748392e+00
2.371355510670692723e+00 2.733875537055319604e+00 2.162544939259250842e+00 2.733104820709189475e+00
2.625650183079102806e+00 1.850672316316676502e+00 1.979930979808585123e+00 1.591467138730920383e-01
4.427778154440102365e-01 2.175616565818040637e+00 2.692395167041346404e+00 9.823128893631859482e-01
1.101151090141567979e+00 2.407213405747095081e-01 2.787976112585479171e+00 2.940036175072569424e+00
5.611245669662962010e-01 5.125062893108466300e-01 5.733311138283745390e-01 1.763926409008967466e+00
1.182304777330654533e+00 3.039365044159814566e+00 1.843931561046864509e+00 1.342210638923748700e+00
1.743833236086059113e+00 4.141503272580016742e-02 2.873192874760854387e+00 1.601745902883682682e+00
7.449061186247947219e-01 2.908027006471467502e+00 2.471064418271442076e+00 2.935061566746324679e+00
2.753233942621110764e+00 3.125109452318895809e+00 4.312040534507630696e-01 1.275556504330838559e+00
1.270712120568227466e+00 2.632023287481657370e+00 1.201450157225817827e+00 7.962008435221176184e-01
2.550803913157603020e+00 2.007011969798748741e+00 9.644630891003344031e-01 1.572224283999354988e+00
1.444647411358381817e+00 9.900862577364459849e-01 3.944508866257178115e-01 1.219993468085866395e+00
8.957960107283126083e-01 1.783977182204364187e+00 2.743939070736848507e+00 1.272623199102516089e+00
2.581892975265532630e+00 2.240044228638815582e+00 2.785106438722588784e+00 2.926650774379532916e+00
2.852518880931361078e+00 2.778591756139904501e+00 2.267518049152064563e+00 6.939179666784422995e-01
1.459113702936843282e+00 1.752729868132406388e+00 2.179715585027683034e+00 2.944505726908187793e+00
2.987007658476591665e+00 2.982199353069032277e+00 1.129003083419547249e+00 2.127156785299757491e+00
2.417769240173077261e+00 1.126206536210063502e+00 1.017905529259922337e-01 9.579941340674044126e-01
5.104618573727628394e-01 6.728417536649337061e-01 1.314977733752381805e+00 1.806085387580135260e+00
1.482152058301040576e+00 2.514335473133460841e+00 2.324048015360107744e+00 1.895899828890529992e+00
2.308020330166322687e+00 3.329482823470995556e-01 2.234504573159314500e+00 2.332393639010219122e+00
5.482969118382330365e-01 6.964892892672708280e-01 2.020905272690183718e+00 2.247728835534913649e+00
9.015566159575202909e-02 4.596514086255563125e-01 1.473521557974369234e+00 4.817368887744814532e-01
6.717991764592121107e-02 8.670580968206550443e-01 1.231524208661970876e+00 2.736306946152654795e+00
1.579308175448898677e+00 1.881956162970088720e+00 1.809120317735543715e+00 6.490861087668382545e-01
2.302655874640870515e+00 5.620431307081040773e-01 8.111308863302110206e-01 1.256174374111993730e+00
2.244136109886099018e+00 1.346645783429103904e+00 2.178846896519457843e+00 2.647643457786374555e+00
2.885509385996961829e+00 2.592255798197994121e+00 8.800129589226769466e-01 1.779879130180940017e+00
1.983607288975135052e+00 6.863189016744924986e-01 2.712084756209397707e+00 2.755944852498918518e+00
2.380008302030621525e+00 3.017895142868522118e+00 1.451971701635727641e+00 2.262120681108806597e+00
1.730911414839788609e+00 4.956232341188581136e-01 2.124463176284266286e+00 2.050370596616486463e+00
3.139795777734672111e+00 1.349661767471589613e+00 2.843802935154558842e+00 1.277644341586314569e+00
1.463963059832029234e+00 2.677642243419498413e+00 5.191932924062395704e-01 2.629984815752620886e+00
4.664001060901193929e-01 3.067800092730618378e+00 2.019174987455857551e+00 1.117156816966201616e+00
2.562042801016145788e+00 1.550252254183692280e+00 1.229462962903526746e+00 5.722365744141590937e-01
2.705229401233368414e+00 1.229016210011475430e+00 2.946922120867887962e+00 2.144087801911153779e+00
2.679418731514413565e+00 4.429712293536801349e-02 5.588368038868588572e-01 1.732117777808822867e-01
1.553678061722342518e-01 2.474609944392252570e-01 3.682200373692310486e-02 1.594078562946334543e+00
3.105751338199597811e+00 2.704448863661379487e+00 2.386041746315100021e+00 2.909489778107691826e+00
4.464550066043850018e-02 7.344058089314752236e-01 1.225542869629947518e+00 1.218285345253231483e-01
1.708421574938591592e+00 8.895792775852362499e-01 1.092770824623074954e+00 2.664439553196451094e+00
2.186943569815721133e+00 3.685718871613618552e-01 1.197995283259052135e+00 2.494869239280345319e+00
2.472548657623204083e+00 1.787545297245757558e-01 8.881014235755205766e-01 5.273498518187555995e-01
2.120185882744161976e+00 3.042007797786411505e+00 2.266083519066746543e+00 6.499624500586239639e-01
1.525862534610284982e+00 1.906453174695591279e+00 2.281820367851099540e+00 2.168036476748500252e-01
2.687088879368633165e+00 3.700557218696423623e-01 1.485234626068839381e+00 1.080209949998437224e+00
1.749717941148529743e+00 2.960837109568265735e+00 2.193893655710606794e+00 2.919726077839461365e+00
9.174982915699186892e-01 1.112694846278460048e+00 1.839558387667806105e+00 5.553589774714756677e-01
2.661786939152701148e+00 2.812622329542902921e+00 1.310787028319021497e+00 2.526983696104520227e+00
6.811050218086683872e-01 1.812097991192756163e+00 5.300838004076680043e-01 3.779208022063030858e-01
1.534851768418811435e+00 2.300931476952567944e+00 1.651663801541243703e+00 1.780478983550217276e+00
2.733215265634423741e+00 3.966606818897647213e-01 1.261706941311138364e+00 2.388461525588676970e+00
2.124181657107513832e+00 1.547066724802191873e+00 3.137557352874602579e+00 5.553613867314198815e-01
2.707426963707691425e-01 1.065711312528942800e+00 1.344914061942495298e+00 2.536102476014564733e+00
1.263167497598146616e+00 2.915902320710713536e+00 6.826788414219703283e-01 2.118904927879831313e+00
1.925617153076425891e+00 4.028009981685756746e-01 7.530938005763588849e-01 3.049163119505382102e+00
2.594032011613470967e+00 2.837882615476114534e+00 5.423309720495078645e-01 1.650324442087654164e+00
1.296519110678790165e-01 2.226805048693124789e+00 1.073346671208167180e+00 1.616999578167214180e+00
9.894550932546126720e-01 2.457238602913204062e+00 5.136812170255873333e-01 2.828883996575773718e+00
1.520459693642768118e+00 1.859749482569029500e+00 9.075696705827055455e-01 2.993648881329971090e+00
2.247659347843579750e-02 2.460723693453742200e+00 2.974555531269162945e+00 5.740735402635512852e-01
3.039547282231268799e+00 1.188074008358054767e+00 6.210527748786111024e-01 2.526482246677486804e-02
1.371834660659815852e-01 1.599399885175402991e+00 2.162380664677834741e+00 1.764183046544191003e-01
2.077473859318594407e+00 1.735161393374822447e+00 2.812551483564518229e+00 5.979976029585959418e-01
1.659252947163702752e+00 1.356495358333892565e+00 3.485963368315359578e-01 1.684462335575773073e+00
6.327725167457122213e-01 2.749697278323116389e+00 7.746709819354213877e-01 2.406931457357535997e+00
2.090683619211540556e+00 1.807836990664441590e+00 1.301001412753323816e+00 1.706107989448605533e+00
2.086740087979500391e+00 4.114672297039163006e-03 2.825813713712232556e+00 9.677546906830744033e-01
1.969806447554918405e+00 6.078949950250414069e-01 1.415571477795243727e+00 1.240593539567615755e+00
2.908302364661620842e+00 2.223601640197983897e+00 9.889040170635214899e-01 2.028678081588586313e+00
8.066188234206114194e-01 1.956788886964538676e+00 1.471085039860600574e+00 8.386846036012277072e-02
2.286620971433490190e+00 5.329504895656829166e-01 1.286544750982338836e-01 2.571548139096153651e+00
2.673634142033778804e+00 1.092819034043032364e-02 5.144789382598553562e-01 2.686776469861485772e+00
2.107424125869225673e+00 1.508347737967502766e+00 1.489847140363314892e+00 1.568194832545738437e+00
2.398637081398776960e+00 1.942126859065013145e+00 2.232611402726273120e+00 2.785002170153370926e+00
3.083425434083894690e+00 7.982727856487800144e-01 4.063720639273206148e-01 2.477015615644428514e+00
6.013091307904082639e-01 1.837634824140374823e+00 1.428468701999807244e+00 5.330511892363325455e-01
1.113640589721927920e+00 3.092656300793559243e+00 2.449770755194675687e+00 2.643241705973274680e+00
1.265000737086031890e+00 1.969130344783034392e+00 1.266216409672545007e+00 2.197739068411096730e-01
9.808232614506634528e-01 1.432746772855042039e+00 1.097281047314532465e+00 1.499588332582527217e+00
5.342129485861807359e-01 2.410499020348399135e+00 2.507778067295049484e-01 4.198444116676564586e-01
2.314658417269103707e-01 2.210684461380903354e+00 6.875551559191653839e-01 2.549207719567903485e+00
2.006143388641450809e+00 2.190899041060439423e+00 2.003005502272547922e+00 1.627751973334847502e-01
1.883614209100671788e+00 9.787292082167674545e-01 1.053004000436727372e+00 1.150849570794507004e+00
8.767930973942893447e-01 2.123130100706523304e+00 2.091015742507434716e+00 9.260755804188908202e-01
2.712987113356522872e+00 2.599776600370830693e+00 1.173464397211552157e+00 7.489878247605771255e-01
1.646437181068195033e+00 1.874290489223038980e+00 1.251572646266432498e+00 1.466672495454464098e+00
1.920675966194872908e+00 2.888788687597608540e+00 1.943711636781166430e+00 2.167414772605572360e+00
1.891272731795338835e+00 3.123384532107060796e+00 1.327192460812208985e+00 2.377635067925215895e-01
3.055606714942050939e+00 3.670661046894053148e-01 1.663058264277416098e+00 9.850987423721179193e-01
2.798220615708101100e+00 2.760169515105324045e+00 2.273575445271152962e+00 5.331477611186834498e-01
2.634073219960404000e+00 8.649123559504467984e-01 3.043548856132800573e-01 1.847831342372337815e+00
2.077431953837768575e+00 1.951111528799882866e-01 1.560617742653928053e+00 1.688959794012257820e+00
1.442336271580185070e+00 1.024578449013628711e+00 1.693673781343102647e+00 1.663306309669675409e+00
3.001407314452551045e+00 1.826971973275171690e+00 4.238274781181476381e-01 1.151194261135788821e+00
3.108950937398356817e+00 2.836404849141468953e-01 1.591544171775455041e+00 1.394735486352148390e+00
1.542969518673782403e+00 7.769597513070629624e-01 2.813574929977705974e+00 2.557226591788918757e+00
2.209616626499144587e+00 2.839422766648514340e+00 1.554462419979323329e+00 8.068449741196201952e-01
2.406480534305098562e+00 1.496807539075344584e+00 1.430705513705568421e+00 3.074073536961706488e+00
8.850680550402219016e-01 2.128522202629319349e+00 1.804897596028470774e+00 1.829933535863009109e+00
2.578225213054448961e+00 3.035603127596619544e+00 8.865378749105223832e-01 2.547602768348455449e+00
4.307142919548117010e-01 2.005182864166422441e+00 2.747393590061493640e+00 6.553253658067250687e-01
2.736941557597408092e+00 2.575328267841868080e+00 2.317543710601591478e+00 1.717839301533467644e+00
8.201557939617624138e-01 2.620163344295663332e+00 2.059061658109174520e+00 1.530495815899156842e+00
1.838654825816181004e+00 1.855167156187408795e+00 3.164740868258805739e-01 4.929181709206995610e-01
1.804858357159407456e+00 1.470454441633422427e+00 1.822651480943017488e-01 2.070903454580724556e+00
1.779035643196757333e+00 1.806519499714675181e+00 3.228369761227129486e-01 1.556220906135622473e-01
1.443155049881895691e+00 1.548171597336313599e-01 1.574984138847830062e+00 1.444505395504103840e+00
3.687255045279811405e-01 7.932939873544798681e-01 9.991216787238836605e-02 1.873836187067991599e+00
1.894430145640721985e+00 1.664467604564368264e+00 1.937526844005705629e+00 2.439700295560612187e+00
3.358579457433674698e-01 2.958096239013142004e+00 2.092663573639277630e-01 2.339100142178962116e+00
5.623897407303246609e-01 1.637654173441353223e+00 7.695819042788204500e-01 2.991243811905513805e+00
1.428436347918847771e+00 1.695491325527442861e+00 1.303161580043108225e+00 4.876491848136544904e-01
1.609748449245575808e+00 6.215252683925497346e-01 2.745211613516242988e+00 1.527050491117993181e+00
1.405480912212518696e+00 2.115256569853390722e+00 2.743084632005289070e+00 8.148277638184844296e-01
3.077599137876394941e+00 1.411864537016132848e-01 2.119047273521025510e+00 9.354946242200951056e-01
3.268662590825912040e-01 2.733117964468944727e+00 2.860941804309989234e+00 1.716121650919240071e+00
2.261809003190824008e+00 5.765999442297735644e-01 2.642635634956027157e+00 2.787127269125138973e+00
2.354908358554817394e+00 1.275513748176626772e+00 3.539963014430769772e-01 1.741415371191986416e+00
6.031576036979559297e-02 4.967374781884686397e-01 2.272221846229129927e+00 1.539682974109072289e+00
3.046744282565227557e+00 9.934783470796657578e-01 2.413526125281191259e+00 1.559561215770444598e+00
1.459832480050866854e+00 2.390662955779899512e+00 1.669281298740627806e+00 2.699882221767458734e+00
3.689856267356553254e-01 2.665408602744578914e+00 1.770286067918925399e+00 1.415856340938636659e+00
9.858881920065286630e-01 2.198057545095192022e+00 9.872368550939839560e-01 1.894528857358027008e+00
2.419770421959764661e+00 8.534596231648887699e-01 2.966039384603159856e+00 1.800288121481731896e+00
1.470222176378874757e+00 1.697739586587194704e+00 1.355276478063299761e+00 2.213719293815058275e+00
2.751921956224627763e-01 3.083192130091723104e+00 4.482201829311608932e-01 2.338159333844908705e+00
2.637818525672913861e+00 2.845526726081070379e+00 1.071065505961777964e+00 2.283036467552796989e+00
9.898546394428439088e-01 2.503679858979341422e+00 3.805250940377563063e-01 3.008927240683450854e+00
1.105521364825525543e+00 1.301421035372848367e+00 1.541433956921308690e+00 1.146164853455541310e+00
2.364417328146433128e+00 1.422706252341305877e+00 2.554969744766776518e+00 2.597607565503994298e+00
2.017991075799915546e+00 1.167556071969331644e+00 2.596129509352612885e+00 2.148000490606762014e+00
1.231638351637848405e+00 1.886122010593846099e+00 1.812034815779469232e+00 3.428714506299954112e-01
5.352789931168112636e-01 1.694593746660839617e+00 2.207023971582027677e+00 2.156233431837236036e+00
2.203073513755219981e+00 1.972469389739742729e+00 2.654152953262324477e+00 2.003243166046637214e+00
2.899699393279895343e+00 7.622047066574252350e-01 3.387970602941201559e-01 6.803996522568556138e-01
2.270281019877300022e+00 3.026677853485296055e+00 2.097808032085451746e+00 1.007308962736352509e+00
1.976949282113866779e+00 8.821877909458450961e-01 5.096946302810664298e-01 2.794958294560345280e+00
2.209302743397861146e+00 1.641015977714273433e+00 1.752381018121879297e+00 1.322300630812812905e+00
3.267389581908637375e-01 1.999148430457852843e+00 2.768602320044180942e+00 1.459316222114091621e+00
2.925433673397656698e+00 2.833084268447060072e+00 2.527700431470714104e+00 5.550019999569109075e-01
2.929297238832030192e+00 3.016260000936360486e-01 3.704673937144217777e-01 5.354607782875205058e-02
1.301773231268159581e+00 1.721332662884741127e-01 1.685726907462702817e+00 6.921549120286016876e-01
2.767746705675083740e-02 1.053536874566540993e+00 1.607134955775538554e+00 8.028864723731413688e-01
1.701668216753109641e+00 2.415848426748839817e+00 8.004472137002128784e-01 6.553816888417361985e-01
2.327818600103107372e+00 4.699715393738063129e-01 1.580380834079196384e-01 1.012369541258094863e+00
2.404035170043126168e+00 1.856011789958174063e+00 2.315486678502590490e+00 1.003119807707122391e+00
2.355546616012988981e-01 3.133347639253864170e+00 3.069808815783317435e+00 4.603919772367069396e-01
1.397987513010353844e+00 1.147546846101525020e+00 3.325248907056649883e-01 2.906507920318126992e+00
2.173297197838106154e+00 2.292437444150798420e+00 1.640687567442740580e+00 9.393161366763946862e-01
1.995515863887895036e-01 2.371160645619707907e-01 4.589843942413043831e-01 5.232998521500064060e-01
2.897042000483347479e+00 1.481747718777516098e+00 1.196585999691711644e+00 1.716181125740915636e+00
2.274966776536077262e+00 1.812051922439060769e+00 7.132058798029383695e-01 2.233918087545342601e+00
3.606142340484335129e-01 1.347129476582260565e-01 9.537289119321601394e-01 1.227058039558159841e-01
1.765659544411917858e+00 2.332385110447026122e+00 1.697725676146252249e+00 2.141019592311807163e+00
2.434358996024376776e+00 8.319822713279044768e-01 7.657999004292170842e-01 2.154334488213318632e+00
2.885163087853250374e+00 8.589620390234394831e-01 2.416710762766588694e+00 1.008120398015055708e+00
1.571339137354819782e+00 2.789446952080595121e+00 4.237699749166271013e-01 4.543281846817088243e-01
2.742084833934697041e+00 7.335840419152815928e-01 4.186007703799122237e-01 1.289215809220855657e+00
8.850851474747346848e-02 2.075474126206316328e+00 2.023963509341521139e+00 2.501606077943943962e+00
3.060301437627008347e+00 2.823461435080832693e+00 1.505198271576570157e+00 1.105955584300385874e+00
2.960741333832991179e-02 9.999156359858588639e-01 1.480568314284395282e+00 6.660651711621791149e-01
5.199188588365004637e-01 1.114921793281579143e+00 1.666562086044251600e+00 4.981760154580006650e-01
2.518742157818912197e+00 1.478621063064190500e+00 1.096078004116034788e-01 2.368344688652211261e+00
2.812543659804579654e+00 2.888498242007999650e+00 9.247531010869723678e-02 2.066817546794536664e+00
1.315818732056253326e+00 3.345771425936053256e-01 7.539013668517254851e-01 1.039890307676940795e+00
2.536032169068730191e+00 2.788982763157057398e+00 2.652574632243784869e+00 4.541791227459457403e-01
2.010401421641831110e+00 1.619206959961089209e+00 1.979464092260891483e+00 2.965813046015221666e+00
4.472289528541497083e-01 4.752060479391963937e-02 2.601849990869263607e+00 2.424327002315208368e+00
1.308420945247273925e+00 9.920222146837923693e-01 2.422140791840165175e+00 1.686983769777793407e+00
4.387978892911617024e-01 2.080799594830635701e+00 3.130429329132586425e+00 3.106629303095291394e+00
2.116769004989986769e+00 4.234096534443609339e-01 2.370007441779932833e+00 2.360808834031413284e+00
1.664854714996177432e+00 2.577352850511622329e+00 6.959427925614651844e-01 2.811862460502522421e+00
1.747851737764765101e+00 1.297069855087162660e+00 8.246022779557599450e-03 2.531062467235439595e+00
9.228907670791677287e-01 2.289200498194568389e+00 2.872229391916448993e+00 9.759181570995085764e-01
1.271140715627062434e+00 1.528499444062163759e+00 1.897392805591504861e-01 1.160414138118729177e+00
2.864239096146710128e+00 7.314266529778784554e-01 2.454242441756520954e+00 8.019566040718429933e-01
1.059888836118650646e-01 3.139552320363407034e+00 2.075772255411974410e+00 1.249266606542756897e+00
2.167263468583714658e+00 1.697184211813736798e+00 1.701218972194256995e+00 1.745080686162932437e+00
1.840784885990911279e+00 1.491169494548556962e+00 1.698714943189783000e+00 2.503428977186385573e+00
1.353514573925276965e+00 4.232371778188559475e-01 1.942985479329710774e+00 1.606913045810285601e+00
3.032927107268478029e+00 1.214942679908612502e-02 8.011483918015366301e-02 1.721271544352911187e+00
1.976358184277597463e+00 2.787446842276880554e-02 3.570882737879144120e-02 1.628613922123554492e+00
7.302940897415609589e-01 1.173872641135254469e+00 1.145436624910034368e-01 3.083492019922356775e+00
2.738678211258357198e+00 2.757738523973440437e+00 2.552267394527141242e+00 1.494694555655816104e-01
2.377583358794253865e+00 7.575278275630380476e-01 1.819701419981426094e+00 9.289398269029155442e-01
3.136915585808827345e+00 4.106605302946664815e-01 2.909631827932135817e+00 1.873928553367857797e+00
6.206541199881686621e-01 2.773383523040619192e+00 1.984374652607926226e+00 2.242678681167328825e-01
1.393309307631866556e+00 1.063014872687603751e-01 1.202287122007132725e+00 2.298104458309586651e+00
2.478266811769925582e+00 2.150618402905292381e+00 9.010405167725760167e-01 2.128832691406215005e+00
3.613960831314827482e-01 1.823609040027638795e+00 2.500489340485683609e+00 5.427053528223351186e-01
5.005505368454292447e-02 1.995803692325446521e+00 3.125314184694768738e+00 2.523606902361190230e+00
2.518272187685195895e+00 2.610611238524484623e+00 2.849867266756966000e+00 2.012693438435472881e+00
3.092106729799958931e+00 2.202793479994008763e+00 2.675415055682819787e+00 2.186478470139444408e+00
4.747097907749068812e-01 2.041720965015801248e+00 2.988061462358880149e+00 2.507550308015786378e+00
2.900257641625350047e+00 6.509071400839957500e-01 1.936879184176170776e+00 1.931545430586652179e+00
6.579977159172950563e-01 2.326695056334557865e+00 4.375143447180240841e-02 2.071442556843742455e+00
5.315632427892170719e-01 1.119699655883678702e+00 2.985392884395141166e+00 2.752273702517762932e-01
2.043216250841726644e+00 2.832422482190403823e+00 1.883023733757598572e+00 6.930142496746267700e-01
1.065685702735126084e+00 2.861284742886079702e+00 1.678686834393279481e+00 6.794950111656365976e-01
6.253458386861509011e-01 2.187453292619882639e+00 8.970042614592460550e-01 2.428248597796408781e+00
8.153618406747610292e-01 1.818149411160367712e-01 3.090043963781792691e+00 2.500398270195004269e+00
2.788812368826555144e+00 2.941350921825109044e+00 5.598514161792906424e-02 8.996160571341458301e-01
1.743872985092994821e+00 4.625089459300554817e-01 2.852870116936911393e-01 7.484137958916042832e-01
1.476289769461703205e+00 2.027471959942342750e+00 9.868618436917795389e-01 1.783061719687919489e+00
2.797039190088042027e+00 2.031562889768893765e+00 3.422485725001997436e-01 1.344343936676307916e+00
6.483272864501364863e-01 5.328476648169804264e-01 3.075024995176041109e+00 1.573968159124121913e+00
1.517808737879499104e+00 1.958707595918581346e+00 1.585385356989428729e+00 1.647291579655774996e+00
7.580485278896504919e-01 1.457799019390648931e+00 1.407089112863995295e+00 4.702017747964831740e-01
1.978459505952028019e+00 1.424212332363631282e-02 1.387777282060647321e+00 2.950209119964121829e+00
2.134611712855389420e+00 6.752157810384521452e-01 1.348259908753987046e+00 1.826782286610795003e+00
8.699580907535476859e-01 2.097942102797333952e+00 1.412166216041342626e+00 1.585410599799863096e+00
2.079089135299368452e-01 2.986037380903876048e+00 1.734862838672207308e-01 1.941791888054829718e+00
2.868715037343975816e+00 2.643355035540574605e+00 1.522080532681150955e-01 6.928019663490055935e-01
2.777616641043733292e+00 1.990496807674486890e+00 1.941509420841037059e+00 2.268320335534832477e+00
1.264318167847507501e+00 2.566645488146940046e+00 1.299605687870647674e+00 1.861144372417910198e+00
6.113824437614159280e-01 2.206117367936573537e+00 2.085184839670792378e+00 3.101157073468766345e+00
1.588393556030697651e+00 8.644841609467768251e-01 2.096649843706434868e-01 2.883627787805858489e+00
9.110277860651957993e-02 2.890958669732945019e+00 2.795969156040157166e+00 5.479644403023601340e-01
8.799375863655303220e-01 4.010864407706863331e-03 2.788073902856720854e-01 2.091670717271248758e+00
8.718096985759367090e-01 1.793191656916200527e+00 6.820976421309479232e-01 2.246814942763067258e+00
1.779809405887776030e+00 3.075345290735388648e+00 6.741811084391337028e-01 3.334512339979558981e-02
1.277069599726150084e+00 1.269327891206706527e+00 2.796217479749300683e+00 2.265890954447943861e-01
2.345846187592354415e+00 1.164323233428899096e+00 3.064928688954075664e+00 4.881926301663866985e-01
1.665349001488531044e+00 4.759793695778442024e-01 1.593272775570511612e+00 2.365928808820290996e+00
2.004825190724657702e+00 1.992443122548681611e-01 2.344699181279986888e+00 1.915290074778106311e+00
2.608880525153101537e+00 2.296552933272494990e+00 2.234139073642205542e+00 1.950517376671850212e+00
2.338258404940242396e+00 4.905537115514908147e-02 1.325275118846628963e+00 2.640498406308877666e+00
2.542138478936796009e+00 1.230471913406021356e+00 3.046095224262656664e+00 4.274243265886013554e-01
2.336132605932598416e+00 2.939884056398342160e+00 2.588231293740753447e+00 4.722022134148766148e-01
2.702726051464571455e+00 1.248627158360226641e+00 1.315358435093326062e+00 2.981897364247990900e+00
2.077877261758816818e+00 2.401561147372512084e-01 8.020853914222815240e-01 2.147593415021672225e+00
2.609216055468648321e+00 1.955882401834619477e+00 2.304658187702808281e+00 8.737527665108009156e-01
1.508408860632867166e+00 1.795696365107020354e+00 2.760404176615038452e+00 4.713801571589822936e-01
1.628781383210398948e-01 2.771682153802034421e+00 2.548038406396350375e+00 2.159538988624034039e-01
1.303142814667700211e+00 2.052478895326035335e+00 2.499428667542731741e+00 2.993091754996449527e+00
2.932758548856762015e+00 1.737813422962110499e+00 5.194919869344990504e-01 1.724600834669277827e+00
1.386100866701806211e+00 2.218404306549302471e-02 2.469244671168522753e+00 1.428403881823132604e+00
2.074742813940378294e+00 1.501281025144446390e+00 2.627817983328072593e+00 1.228626951010146628e+00
2.992443498493907228e+00 2.973718039890015152e+00 2.829221962726019557e-01 1.460113751143476968e+00
1.787242542239816601e+00 7.953708859932607789e-01 1.030482848028827503e+00 2.102638191130432599e+00
2.405029572209638644e+00 2.407576588807793794e+00 1.617974001440939835e+00 8.576277499408542226e-01
1.819248345195303873e+00 7.004822740969381956e-01 2.525184198683375070e-01 3.118572757528089934e+00
1.319375252762623019e+00 1.063158468951891811e+00 2.430577168651567810e+00 2.941216904249386754e+00
6.540439819103027741e-01 9.338754659718380147e-01 1.558989493772560575e+00 4.963857055919319583e-01
1.146844050247176894e-01 1.368776009608403843e+00 5.375570328843809476e-01 1.723350602823644717e+00
1.382415764910545297e+00 5.091428613292189320e-01 2.529095030950512690e+00 9.387496420505163641e-01
3.019334892521559066e+00 2.902612226763111813e+00 1.979338202450288131e+00 3.161670727496293520e-01
2.320238310632111833e+00 2.217238996152478409e-02 5.684008677033909329e-01 1.706516033093216755e+00
2.330789384394961861e+00 8.712449433840108171e-02 1.476034533773845359e-01 2.440635965860014522e+00
2.990786732577910279e+00 2.189390204534831241e+00 2.338615830621513680e+00 2.793464059947371680e+00
1.729202003121162790e+00 2.673667790368549735e+00 2.135828546919980475e+00 8.301979594288235731e-01
1.981192462846876667e+00 1.714748554114327028e+00 1.140258594635310541e+00 1.855930701074347322e+00
2.081783755786558388e+00 4.904773418142951286e-02 6.059330883022479020e-01 9.809549158780564992e-01
1.404094799190603648e+00 4.710063776903312682e-01 1.780554578695023871e-01 2.016345647219111470e+00
7.555269549459906475e-01 2.465088101891729000e+00 9.722996068519703661e-01 1.459321648730923737e+00
1.524674829808861043e+00 2.031426159673055842e+00 1.746763987489864833e+00 6.037160086933139880e-01
1.666731589419559789e+00 2.105193902487609847e+00 1.473916596035098614e+00 2.124463712796210491e+00
6.475182405322331691e-01 2.366693665579384653e+00 2.238119066890866815e+00 9.882771200662122668e-01
1.851582276385747239e+00 1.281494385727629970e+00 2.693006802972695901e+00 7.088801892357803336e-01
7.866823769828973356e-02 8.081139637856462610e-01 2.235797405497855994e+00 4.710379695907410680e-01
3.680052281583289231e-01 1.321709272201122776e+00 3.714116832292190251e-01 2.228420569378438021e+00
2.384687632608048169e+00 2.263890301739927224e+00 1.987332176102521331e+00 1.779026003013592927e+00
2.945242422894238210e+00 5.246466599566435018e-01 8.939332010996166034e-01 5.852946706090532691e-01
1.958761369429289800e+00 1.311098407603601135e-01 7.117616434444002937e-01 1.660496354043058842e+00
1.649940180922416566e+00 1.395757220950984312e+00 7.087762526263593488e-01 2.081892574673502860e+00
2.981165864147354849e+00 2.442420464381744427e+00 9.957331265000732984e-03 2.074716718000553239e+00
9.591709745709973145e-01 2.060316893574269503e+00 5.114237145342439561e-01 7.282079147781316264e-01
8.408653676140226407e-01 6.099492188726528541e-01 2.259080996570790756e+00 2.342157253030975550e+00
3.206321669083252446e-01 2.741056106723040120e+00 1.276613831659442422e+00 2.846644370036946370e+00
2.823254166417312749e+00 9.297544626173708249e-01 2.020799912803365128e+00 2.383802689888765147e-01
1.851402651836569602e+00 2.687022022265537657e+00 1.539269176860641020e+00 2.311519508513646404e+00
2.814585523029574876e+00 2.616671074646900408e+00 2.835647829749577742e+00 2.328738325433380663e+00
1.829074298383848163e+00 1.660978546272267931e+00 6.490384359608460940e-01 6.672632270790669340e-01
1.002621377731647501e+00 2.132501916104636575e+00 1.099683778768306031e+00 1.729124508759455559e+00
2.174482226480663805e+00 1.536325107526354428e+00 1.462357040966662192e+00 6.304292904882297099e-02
2.162027852774730974e+00 1.852841702393538625e+00 1.994767324402892728e+00 1.544409982806616677e+00
1.739233631647463918e+00 2.096630451789220029e+00 2.794889668210339462e+00 1.470855686807942764e+00
1.143539500959814409e-01 3.838850226610948657e-02 2.618794180431768481e+00 2.302103246445719176e+00
1.286186925227404076e+00 4.595382515867127982e-01 1.878981449059875741e+00 3.104408321881893862e+00
7.017503455739046991e-01 2.147816579493189604e+00 1.478598516558884857e+00 9.765792748935261947e-02
1.018089201872838911e+00 5.068288065185564406e-01 9.416860872483600042e-01 2.468821490701905930e+00
2.688688581362776997e+00 1.235803385357036932e+00 1.119307032077171637e+00 1.941286969514581573e+00
2.037172260935915524e+00 1.593177844943695520e+00 6.823613950636607806e-01 2.806428081764529736e+00
4.815622223640844690e-01 9.250113503550354277e-02 7.162284737865696194e-01 1.561818163038199758e+00
1.662147100548059531e-01 2.925045304431574067e+00 6.084827657431560732e-01 1.326970834386971276e+00
2.954026936997460329e-01 2.067222431937926430e+00 1.019063613005640051e-01 8.852714344255326884e-01
1.080239956983792160e+00 1.543633461549425379e+00 9.548228282677342360e-01 8.039490545874977689e-01
7.472453138592390909e-01 2.668964315802272669e+00 2.113374416900320796e+00 6.247041997962091697e-01
4.913478861888724292e-01 8.184987989577890977e-01 7.297338225927288979e-01 3.015818743321730389e-01
2.443523982077254519e+00 5.089358668197239977e-02 1.492935666388240712e+00 3.100761842884961705e+00
7.726116482276371711e-01 1.460038586017464723e+00 1.596378780838619837e-01 7.537131506554700655e-01
2.953456863622075379e-01 4.697681808424156169e-01 2.824978740003152744e+00 2.297215803067545803e+00
2.348998229578215913e+00 2.028677829785765940e+00 2.762469520959045077e+00 1.532086092751982487e-01
4.668713150653572841e-01 2.483269046440201855e+00 1.966613152835240186e+00 2.590840845295377948e-01
1.403948994148751073e+00 4.539668468619298403e-01 2.937380398265079684e+00 2.285935702004865622e+00
8.138965406502802757e-01 1.950402636352676300e+00 1.943699026801300800e+00 1.261191604593894233e+00
2.858893014811025424e+00 1.693485526793199858e+00 1.471575415241600293e+00 9.145940203104671595e-02
2.886200475363620566e+00 2.785731255429853004e+00 2.810282064200272378e-01 1.035341636933222675e+00
1.064262890778200354e+00 1.767812725584128400e-02 2.248390335534259599e+00 2.046623068343073726e+00
2.471651817126907957e+00 6.533687797304381650e-01 2.968612274321129618e+00 2.099131627329761662e-01
2.721462112755072216e+00 4.739397312094652537e-01 2.763080138896455151e-02 1.385510221494741678e+00
2.568020564542382034e-01 2.325479221225931870e+00 3.107933130451283610e+00 3.440555861703294416e-01
5.085214779955682385e-01 7.656366549736341731e-02 4.006983972916588477e-01 2.927650946218940842e+00
5.774709628033651843e-01 2.098466281704866265e+00 1.675929264497257432e+00 2.704901671712828026e+00
2.127258734321803679e+00 1.423669224978246994e+00 2.238442437780187255e+00 2.388177986349862003e+00
2.516833548037441304e+00 2.240215654443852511e+00 6.784117203589637990e-01 5.650855273825542424e-01
2.372687298211656248e+00 2.603081008287203568e-01 3.050917194872797111e+00 2.267448250836369361e+00
5.970201288717481569e-01 7.509420644814289725e-01 1.983639996529900307e+00 4.603699802734034230e-01
1.600896683102906559e+00 3.808804237428298212e-01 2.840632834407720519e+00 2.403920287699872205e+00
7.634611765395092897e-01 1.338887659046775758e+00 4.258872440172027929e-01 2.118366578351431606e+00
1.563831952153452276e+00 2.354063237554696375e+00 2.295198876636511454e+00 1.462057556696835237e+00
1.594141356637248874e+00 2.095809608193792695e+00 7.664878616649504206e-01 1.189708056946993109e+00
2.368806355904122363e+00 2.570795169537210545e-01 2.350432569220791468e+00 6.379272075490698413e-01
4.770791634163614181e-01 2.489814838627766314e+00 1.808707499353435222e-01 2.924285267755078355e+00
2.944248208477437512e+00 2.148422069401150214e+00 2.553378056331175205e+00 3.063519387342777733e+00
1.693602758308166534e+00 9.799008470682261107e-01 1.626263973680911912e+00 1.543312472821982917e+00
3.020055525795744877e+00 1.322091479749681442e+00 7.641499458299613190e-01 2.244328324706960753e+00
6.887173014305894014e-01 6.555722380056677734e-01 2.952011201152998865e+00 2.880143605098004045e+00
5.186181238702153307e-01 7.863165794765077932e-01 2.357371626929134933e+00 1.874846734236714774e+00
2.364776441829055109e-01 1.748767680151399384e+00 4.523625346203308806e-01 2.537079282785761780e+00
1.605816410874841171e+00 2.478951016415826381e+00 2.448607382665664023e+00 2.619635564499618763e+00
2.211950398269114881e+00 1.704750971198074394e+00 1.149766704312702226e+00 2.452354580104612047e+00
3.136646443001659179e+00 1.892037188529094971e+00 1.954161546623792267e+00 1.813805695175040089e+00
3.087436237773375503e+00 1.877589039512421731e+00 2.114717453385848600e+00 1.608446652516959396e+00
3.974145728962885094e-01 2.918602289497215452e+00 2.718067210666579303e+00 2.220748138780141101e+00
9.391300128666489888e-01 8.342901643579185844e-01 4.370104679803480524e-02 1.864320059562689647e+00
3.455117378755976909e-01 7.091525946898307176e-01 3.225525693820776585e-01 2.360475660830090305e+00
2.911604597500850655e+00 3.027708942471346365e+00 4.860105810774819068e-01 1.461342443739350516e+00
1.576920035137180820e+00 1.285175834411116658e-01 9.359819685156353097e-01 3.113982612379870840e+00
1.880921765433233972e+00 1.370872052027997556e+00 1.174114945700752977e-01 9.567725027111712022e-01
3.123534837394686958e-01 1.387190648136273463e+00 4.041070605791365900e-01 1.172103337538614509e+00
2.933280766601784606e+00 2.525129028213648485e-01 2.812415109690530546e+00 1.716456714209581902e+00
2.651734580209925252e+00 1.536310817947756036e+00 1.073987704571393031e+00 2.089268371367454691e+00
9.488869195719409344e-01 3.104621640228688584e+00 9.760091415046983077e-01 2.228155084274134445e+00
2.886535312316795387e+00 2.159273527445517704e+00 6.567218442558370173e-01 3.102056083979570555e+00
2.900395029376531486e+00 2.817653420544917964e+00 2.911649241746273375e+00 2.828878805353997272e+00
1.761504569573458800e+00 2.052910895299989047e+00 1.811032707011121845e+00 1.367163656739643685e+00
8.348759905618946542e-02 2.106929791573747490e+00 9.485792157171575312e-01 1.018132957023479612e+00
1.456766869921340413e-01 1.292790142774471240e+00 2.231677988801023194e+00 4.133023953331414063e-02
3.477339765584219200e-01 1.422684259919867023e+00 3.120628956415833599e+00 4.861112877499630947e-01
6.999755881041145322e-01 2.512379370860358563e+00 2.703360205635758629e+00 1.861825460548814926e+00
2.296665701430173456e+00 7.586777151290592380e-01 7.174315087557813220e-01 1.683201470772820008e+00
1.368591416331723432e+00 6.629013648852167817e-01 2.739448938374661413e+00 7.628125286723790310e-01
1.974475578033548340e+00 2.848563232076527285e+00 2.558824486250858676e+00 1.223580196477718623e-01
1.345654601687632734e+00 1.909646056614427101e+00 2.505351133278283182e+00 2.544152607496066754e+00
6.532611437475540628e-01 2.106974389391461866e+00 2.649167798265429141e+00 1.926668918670693564e+00
2.706063347217303683e+00 7.497901364050475748e-02 8.721265807698936889e-01 1.776788687176885428e+00
2.060328489518491235e+00 1.551988400131968149e+00 2.981903871606273349e+00 1.590624539308643115e+00
2.436786046004024708e+00 9.225943647028117534e-02 2.962228263161129860e+00 1.400422644412949946e+00
1.615347829119944567e+00 2.037850037633936129e+00 1.668756251591629436e+00 1.408918659986475364e+00
3.066012186094682956e+00 1.110445424336426790e+00 9.390236596371771549e-01 2.679569378634810040e+00
2.280119281563554701e+00 6.390383219254571756e-01 1.700370805704856769e+00 1.331027630637527936e+00
1.026641001096602723e+00 5.996093258518582214e-01 1.675214320079727814e+00 1.153008124421674552e+00
2.313868492854416647e+00 2.997009773368339292e-01 1.558344831545408204e-01 2.786228614367004308e+00
9.694631546206662343e-01 1.943515711607652685e+00 1.935296693843264304e+00 1.107417268941621513e+00
2.428349232449955597e+00 2.369034283660402362e+00 9.242854672528828530e-01 1.024083394734631502e+00
2.506660547409583550e+00 9.262591850082363409e-01 1.762958340425911263e+00 1.911867923610333309e+00
1.828705496322104995e+00 1.546697118959698303e+00 2.986264978660236658e+00 5.042624513581308587e-01
5.621949655971389959e-01 1.926496133851949732e+00 1.513274372709841220e+00 6.312006493117098271e-01
2.263875682176362147e+00 1.113378097290510738e+00 1.334465304140445951e+00 1.958185227010586837e+00
2.049944500108959122e+00 4.478486124864362039e-01 2.278007751228277034e+00 4.726675466733461506e-01
1.091972122871892825e+00 6.502452209245428438e-01 2.219126570732966597e-01 1.688693939570036884e+00
2.772714667965857860e+00 3.089397260445550852e+00 2.301982073590508548e+00 2.551712459619595474e+00
2.981351476124880495e-01 1.487179381696086322e+00 2.814326811098284420e+00 9.835974547684704639e-02
1.920432824438979669e+00 2.735527632017304533e+00 2.807926614434268942e+00 1.811920640188979803e+00
2.813431775636392018e+00 4.789261464829345782e-01 1.096945312820886365e+00 1.203940951662271663e+00
2.065359039776488270e+00 2.619281951267822706e+00 2.351243596290407023e+00 4.435408107170686343e-01
8.274480750690521580e-01 2.764177022297215292e+00 1.949347136925249746e+00 1.289867274053912771e+00
2.292428884075269124e+00 1.986297237759200529e+00 8.347207443307187724e-02 1.404347524412510095e+00
1.528139606962618746e+00 6.384357667049253005e-01 2.284988596534121008e-01 1.620691525514957876e+00
2.203636337921666133e+00 6.519694762161222512e-02 1.401054698364025686e-01 2.117683139904230405e+00
5.933578806899234559e-01 1.190539546290979356e+00 3.152526434645955833e-01 3.704848210379112494e-01
2.944508105385181818e+00 1.630034742456694996e+00 2.727281586767481336e+00 1.698846772699055929e+00
1.165851314274845230e+00 1.550365704558607005e+00 1.166691735970518451e+00 3.141045781282897575e+00
3.497475674813821378e-01 1.804370341326197114e+00 3.110525500068570537e+00 2.731746353761160262e-01
1.812159739166960160e+00 3.141190632015709916e+00 1.363365938296790203e+00 7.459461512934909555e-01
1.282384157784610235e+00 3.081183136365060471e-01 1.377721135368157990e+00 7.315101536117764036e-01
1.692151609650348887e-01 2.412443753754331066e+00 2.318331812262578673e+00 2.001422664113456484e+00
3.120817729639056903e+00 2.135052173848180912e-01 1.983067687966087123e+00 4.820285799511104252e-01
2.554358648955266098e+00 2.738469645544761910e+00 2.172124815888189175e+00 1.015210456913943737e+00
2.927347732819020276e+00 3.048105144216115558e+00 2.721098686331843819e+00 1.023084202916158869e+00
2.147071079360831636e+00 1.460790849673641922e+00 1.755929393446490350e-01 1.764239782237110754e+00
3.968473251174189365e-01 2.341057520808544012e+00 6.361141544525474867e-01 4.085185710673105430e-01
1.603777749186245938e+00 3.047927696558300759e-01 2.059243041585012701e+00 1.626900975953371464e-01
3.131825821980448232e+00 2.800559766214480106e+00 8.268538934872342594e-01 2.231008956594286996e+00
1.118837990709387498e+00 2.683901642105412932e-01 2.775789322579295781e+00 2.601615950180976800e+00
3.660907283620434272e-01 2.864241274416461369e+00 3.890177370683352565e-01 1.961894595426288523e+00
5.595730723947296426e-01 2.803220642423209341e+00 2.703239507371534955e+00 2.856152999232750012e-01
1.828128271539564587e+00 2.328477449437049707e+00 2.712815403780992618e+00 2.307556030936045666e+00
1.116795292217349633e-01 2.039858093270379424e-01 1.410327186161092650e+00 6.299888682056368205e-01
6.124555079524327539e-01 2.067886880473312483e-01 2.635753609510106177e+00 2.046510090868555842e+00
2.465118186485335983e+00 1.792806487575376417e+00 4.646812186257754385e-01 1.854265428052435105e+00
1.712845758112713224e+00 1.731874133429972096e+00 2.078108528819896605e+00 1.932758488315645451e+00
8.344902264283636517e-02 4.595414054649710200e-02 1.215607362967686678e+00 1.348317188547941470e+00
7.612545280817595295e-01 1.837011303057295653e+00 3.710161296377674223e-01 2.316273354456961642e-01
3.023850837752964260e+00 2.917174713969769684e+00 2.488589691657625114e+00 1.524164139985930255e+00
1.058143569188241706e+00 7.214656452511212237e-01 1.376618204632082509e+00 2.006718595930167659e+00
9.197681658776187819e-01 1.394382602242477009e+00 9.645108882505628589e-01 3.137491454435703986e+00
2.419759629672289858e+00 2.329326241504102793e-02 8.291514031610091040e-01 1.573738782926943358e+00
2.290777879939814188e+00 1.166390496303479019e+00 2.357063471332533133e+00 2.856116580132467941e+00
2.697514637929817383e+00 2.254309603950307661e+00 2.155341056486228091e+00 2.943594049811227631e+00
2.114859875092233832e+00 6.434378953149598457e-02 1.261829316435988946e-01 9.914952407081779606e-01
9.655430291130661091e-01 9.301448984369801165e-01 1.447811713157023172e+00 2.642079453775851849e-01
1.412158558340856018e+00 7.146845639862073885e-01 2.783448292823492043e+00 3.209619767182341210e-01
1.943280046956712415e+00 8.426021687712074160e-01 1.535604834886553638e+00 1.912625891759216046e+00
6.156509443027715633e-01 3.030760481199425538e+00 2.335408362653664249e-01 7.360378111963481462e-01
3.013923484912201634e+00 2.283309717454000243e+00 3.361136756535455516e-01 4.351399421102805087e-01
2.330384563960805622e+00 1.461484157098742687e+00 2.912153976439192937e-01 2.120069055337305830e+00
2.253711357327842890e+00 1.545824732753476427e+00 1.399678017648105177e+00 5.123157801629509844e-01
1.026203894206388245e+00 2.978863001986782777e+00 4.612422665565273361e-01 3.170360439466207714e-01
2.040140391469406733e+00 8.048866343731378992e-01 9.262841146506142209e-01 9.479867600503540936e-01
3.094299828739161651e+00 2.526609886007402661e+00 6.515153904501643778e-01 2.859599341769768266e+00
1.691818963333402426e+00 3.108605091315308933e+00 6.093284303949481062e-01 1.615428270351759288e+00
9.686360180913689000e-01 2.180983774068058878e+00 2.634135825457613489e+00 1.131517912129672343e+00
1.556183397262651980e+00 1.187141117861380435e+00 8.648152152405877979e-01 2.986876441131433690e+00
1.009915729614938140e+00 2.104469701627142086e+00 7.392843041718835106e-01 2.023917544810373226e+00
2.581725411048511720e+00 3.104617142458910628e+00 1.243938670422653159e+00 2.531857037687426981e+00
2.812975583809606661e+00 1.637032331301153665e+00 2.547347471953493869e+00 9.207160964438122486e-01
7.300603075569623845e-01 2.583709226076457366e+00 1.020756583991880406e+00 1.481635067511968495e+00
1.669786731516787137e+00 2.400435327864601120e+00 1.020322800079676684e+00 2.769992858514620515e+00
9.214175958728160198e-01 8.923679783973706980e-01 1.931389334533381463e+00 9.649932216699945442e-02
1.506372036673263137e+00 1.296333074323789747e+00 1.578707241633625191e+00 6.116667167038385422e-01
1.939376310007297599e+00 1.170387169458544152e+00 1.401165161725462349e+00 1.276316720879249633e+00
1.861790972484789863e+00 1.840812557905769253e+00 7.787607664357271142e-02 3.066250679514342270e+00
1.732359867443985735e+00 6.397220155729289592e-01 2.597182256804814404e+00 2.641083813891596410e+00
7.577618007947145573e-01 1.124716187242718046e+00 1.532007842658438257e+00 1.639843964887226058e+00
9.941226844631081416e-01 2.782132157820012885e+00 1.310785572710716496e+00 1.742544142209273783e+00
2.809666254939812369e+00 8.772988793719568301e-01 2.042599507803775971e+00 6.398820530385936900e-01
2.971712586337175388e+00 1.757257012714171784e+00 2.072825235747021821e+00 1.749444097784261576e+00
2.851920009770980702e+00 1.135323735993235772e+00 2.815845671492237301e+00 1.390002308384401530e+00
4.879978412365336693e-01 3.042400972224563294e+00 2.120318724857099268e-01 2.214973969698142309e+00
2.713268116031720911e+00 2.098544380408958965e+00 1.130747832313029333e+00 1.781221510066177016e+00
2.162834696447766714e+00 1.223263020505629628e+00 5.561835557579856149e-01 6.624774892641791535e-01
1.379490349384135742e-02 2.117577118837627559e+00 2.863818163864936039e+00 1.584785888470899629e+00
2.025024255132697348e+00 1.259205292844816082e+00 9.510537145120744329e-01 2.969142376742744727e+00
1.273144449660461364e+00 2.115577130448656362e+00 7.523162539020088468e-01 9.940353773275388827e-01
2.520725052275841982e+00 2.035023032748799920e+00 2.689612044754899345e-01 2.584061609036755858e+00
7.858656133249658504e-02 5.448203862049351420e-02 2.047174160063568671e+00 1.225016430769132025e+00
1.232276026716175421e+00 1.561151193297313000e+00 2.534644896267950642e+00 1.763334001870114465e+00
1.528617757718526038e+00 1.944964096788318386e+00 1.237883079180629009e+00 1.759813753348127952e+00
9.002811703603037508e-01 2.232968191913933698e+00 2.266442874950725272e+00 4.514286264601245491e-01
9.082129576246309455e-01 4.617281392480149793e-01 2.793305455479480059e+00 4.545623134616837979e-01
8.899322086898954209e-01 8.610972282323521299e-01 2.263690214048766247e+00 2.365452946042737814e+00
1.790283693864923587e+00 1.284597330508767454e+00 1.418823086513873788e+00 3.136611229262860512e+00
1.660970614158089553e+00 1.741401972902576922e+00 7.829063007714065492e-01 1.809459395922181857e+00
2.909513143908315946e+00 3.070719709881303050e+00 1.432540800589511942e+00 2.169669640884421380e+00
2.418836731515713989e+00 2.056350624625914447e-01 4.293643846152084970e-02 1.438135605901877057e+00
3.960148530567734748e-01 1.222153706768221326e+00 1.410204127533152829e-01 1.697405312818120349e+00
2.722892189125953433e+00 1.413170975576675481e+00 1.366313842308691795e+00 1.428808854157767483e+00
1.372557364958928883e+00 2.998800183536399766e-01 2.970688199305963728e+00 1.453789136383302205e+00
2.840865162516711617e+00 2.341872629317319987e+00 4.082863389731882786e-01 2.953567430737193522e+00
2.707274702778872388e+00 1.084658657617028732e+00 8.637957680490168100e-01 2.236275204235817493e-01
8.276821058322035851e-01 1.199713749742257196e+00 1.322965159162365900e+00 1.684116241221137900e+00
1.631725514496382923e+00 1.657358581097343686e+00 2.370872670300098461e-01 1.842542571188912293e+00
1.687032140408970760e+00 3.489432087868503674e-01 2.162954239957537439e+00 1.573953420790583646e+00
1.487049967667744887e+00 2.920656134017632244e+00 6.035892434491979541e-01 2.383594634066262152e+00
8.281750375755405624e-01 2.181963087201926665e+00 3.290829969867630211e-01 1.979768192823829986e+00
2.913414522722153066e+00 9.447186525776902766e-01 1.959856102038128656e+00 2.664923259839441450e+00
2.859223130079231012e+00 7.879945185936721996e-01 1.860649777473912803e+00 3.131912829812357302e+00
4.249768932542297151e-02 4.560106486346869326e-01 7.969409807612175545e-01 1.125356685206527318e+00
2.643555792791462355e+00 2.266628415072153846e+00 3.027807294682336448e+00 2.799484705151745523e+00
8.883838635943344109e-01 1.489408826728523039e+00 2.110867118580511459e+00 7.935525207359078737e-01
5.689809576729604190e-01 5.373751927562070430e-01 2.133748689196393489e+00 9.042215210480468723e-01
2.567291935513288603e+00 1.142870613025191995e+00 1.303849742220817731e+00 6.580565008008439909e-01
1.752834322627345953e+00 9.991654245666071743e-01 1.716574634395344523e+00 1.625049835461534364e+00
2.413419879418775782e+00 2.125181303204604077e+00 9.533994196168725788e-01 2.928179179884243144e+00
2.493168757563231974e+00 5.705824743737260007e-01 2.660620805950833834e+00 2.271442269801312364e+00
1.309447026849397400e+00 2.731376658352509423e+00 1.904816665284426058e+00 1.751404656432200113e+00
2.620440192335376395e+00 1.377069187566033914e+00 4.227772128544430852e-01 2.162570231142156185e+00
3.246525522183242862e-01 1.202190408784046927e+00 9.314765181885410472e-01 1.863104519740863774e+00
1.042843843893958844e-01 7.906207864080537495e-02 1.318526414031720551e+00 2.112155012131653464e+00
2.856008093890442634e+00 2.985216307361065802e+00 1.914859287231713614e+00 1.985398077719984888e+00
4.270828135500860934e-01 1.737967992513044013e+00 2.142574380699187042e+00 9.284435950360926393e-01
1.100894303402133234e+00 8.098105242562756434e-01 2.135014015990691405e+00 5.436127542551723035e-01
1.554898922039467946e-01 9.585873345575348647e-01 2.998941703091897004e+00 2.123929742359582651e+00
2.848546871225502652e+00 1.812000182064946521e-02 5.005163954844774610e-01 1.908419303264402567e-01
7.632600688979911396e-01 1.613079869168437597e+00 1.980509848502288506e+00 1.470788434570454051e+00
1.348988151800474489e+00 7.675155945785153699e-01 3.123024124260495249e+00 1.485361220563041318e+00
1.791623455823569522e+00 3.025531397889125174e+00 9.140536160344590044e-01 2.680375738723836498e+00
7.480930913106477176e-01 2.238273187308434942e+00 1.135532772902240195e+00 1.778087778832745103e-01
1.962928399348093489e+00 1.739739716330423347e+00 2.985943945142783384e+00 1.615161460780470071e+00
2.723768114969670751e-01 2.237192403262338480e+00 5.647162758999247911e-01 2.033963956114890337e+00
2.293952271186773473e+00 2.872984715053806259e-01 1.895830797941340684e+00 3.360712929827333051e-01
1.061879269020456373e+00 2.543273244457973981e+00 6.844698215622379012e-01 2.333889389113307455e+00
1.781354188697334140e-01 1.663640244377379007e+00 1.908294128178966265e+00 3.005208699762003111e+00
1.109836758492821707e+00 1.600300934890771520e+00 5.520210356730792522e-01 1.418744323933287976e+00
5.554451322141125136e-01 1.021529937312193104e+00 2.081619295397573843e+00 1.922132955422949374e+00
1.441494945464993904e+00 3.828320382899893515e-01 1.769898275781000674e+00 2.069105384098294032e+00
7.563904256808404725e-01 7.142399837718561573e-01 1.410613956541614700e+00 2.429834238165570870e+00
1.602846160944219056e+00 2.656056950313816056e+00 9.714153564823351239e-01 2.991774543910265205e+00
5.947495713902248848e-01 9.342918848587578040e-02 6.711160357453286318e-01 1.183580087914756440e+00
1.127830912679318454e+00 1.994031934772533710e+00 1.781170537575430757e+00 6.723092976175178981e-01
2.656190734945475529e-01 2.617540097357339057e+00 2.070120996163531402e-01 2.487201360094599245e+00
1.905148387458073911e+00 3.957429441914649820e-02 2.984371746513135859e-01 2.330842235083906644e+00
2.064468211297475708e+00 2.316707842302930531e-01 3.122635203545147675e+00 1.038496665621861936e+00
2.553005896977732725e+00 4.992875638849027520e-01 2.855133768480215828e+00 2.534099231481170111e+00
1.856996373600184880e+00 1.298660430940858090e-01 2.926747805896330323e+00 3.031440911519437620e+00
1.626113455417307341e+00 2.745740723160366770e+00 3.023081603275097340e+00 2.732579117471916952e+00
1.122149005767204555e+00 1.324427038794904199e+00 2.288767343745726546e+00 1.368235571697878683e+00
3.024401797621583565e+00 1.444318370329661594e+00 2.091410013058550454e+00 2.224239256890896410e+00
1.294263921618312052e+00 2.169939452958657533e+00 2.060815003681228053e+00 3.067505966787567040e-01
2.781536837531932704e+00 7.462858686821216558e-01 1.204190131784165452e+00 1.563078291087964367e+00
3.099507784668449339e+00 2.131042617605868106e+00 2.765976279286652240e+00 8.781443838634757082e-01
3.000373304534336150e+00 3.019237108298252981e+00 8.399162355324073514e-01 2.303113722461904267e+00
1.755605276419221816e+00 3.095382861409610609e+00 7.957090816197334160e-01 3.062978051666158219e+00
3.134802189815760975e+00 1.326726714841832244e+00 2.212210408379852722e-01 1.773596867718237435e+00
2.882384175533782233e+00 2.317261747853105458e+00 1.095639764505619285e+00 2.133325417839183391e+00
1.743733733276142672e+00 9.945444521541960681e-01 1.658306632677045700e-01 1.192085622572445658e+00
2.949541226859842435e+00 7.442380583044285736e-01 3.264135523203264277e-01 9.275046706877458913e-01
1.262834699862270260e-01 5.128491388602725021e-01 1.613299281041272959e+00 1.033138796090880218e+00
2.657381694750282186e+00 1.558159975531870023e+00 1.425646738546484937e-01 2.137263306097770821e-01
2.860229054965055084e+00 2.990346493262189750e-02 2.661241599265383506e+00 1.950447702148369267e+00
1.343844365642547167e+00 2.701996548140931598e+00 4.524585921185871329e-01 5.463448537528473592e-01
2.439583675817456054e+00 2.679670762622017754e+00 1.389327982821611185e+00 2.990045809857838410e+00
1.630318373040274382e+00 1.100265753974476179e-01 2.877918691353580805e+00 3.965046872879661177e-01
2.158942816728179004e+00 2.861540306407117651e+00 2.725284442800149254e+00 1.233415245379717362e+00
6.318254387704448360e-01 2.007783240635351518e+00 3.131894237562722338e-01 9.378549362835971737e-01
3.001579127700835237e+00 1.759930451248006289e+00 9.049252598489573307e-01 2.286989122206488645e+00
2.263431880591492806e+00 9.665815365367687040e-01 2.451889007354595140e+00 9.039908870955319919e-01
2.444913677071567815e+00 2.145453708755706401e+00 1.494012785749113448e+00 2.619499660493350479e+00
2.216175953272415011e+00 3.795237680724879992e-01 4.610083384692033048e-01 4.152096431308673341e-01
2.408753310145788085e+00 2.859281487400064048e+00 1.633054362151357408e-01 1.416749683929441783e+00
2.754878274596900933e+00 7.077592822234445302e-01 2.979872855145810462e+00 3.095818450717854886e-01
4.065115788015197240e-01 1.847444961634457927e+00 7.832808266823907406e-01 2.594654171955589561e+00
4.647438677397277562e-01 1.469352346252017938e+00 1.331893400251576098e+00 1.732717774398178534e+00
3.984631959945307278e-01 9.160668894003320961e-01 7.061642255584953398e-01 6.398515685983510171e-01
1.315596235933371938e+00 7.998368239785985656e-01 3.120406247463356930e+00 2.486822765729305995e-01
1.382909992065952443e+00 2.152293735478747916e+00 1.222371136086443766e+00 6.554616933472544593e-01
2.776692363813425324e+00 8.041245228044427429e-02 2.919885186246570008e+00 2.784769478415302646e-01
1.735450017381427346e+00 9.373724074649283367e-01 2.027016633493926356e+00 4.400190087565590824e-01
1.053708131731864839e+00 1.648043700766647079e+00 2.118838398877240348e+00 1.066803275309753524e-01
2.292398815942951362e+00 1.987416546891756619e+00 2.283674404911673061e+00 5.455174670817679594e-01
2.343221310874120888e+00 4.027062293523293035e-01 2.528554855558516223e+00 6.755223452842958054e-02
9.758854788682722603e-01 2.842941152126346349e+00 2.001388703419734849e+00 2.769860762872621951e+00
9.363023167441102412e-01 2.114950905154810545e+00 3.085385630013799396e+00 3.087869427821004376e+00
2.598523051989220622e+00 7.196252250945819329e-01 1.873689764556546455e+00 2.753763302083585884e+00
4.065049728312450372e-01 2.449943436303285704e+00 1.645227838117560015e+00 1.414612783082454639e+00
2.079738083087015355e+00 2.054273025607321390e+00 1.755122349120073588e+00 1.759133349109927025e+00
5.245765737661221007e-01 2.537168772424630347e+00 2.270812738730704439e+00 3.056406939782042809e+00
3.240632448208432548e-01 2.475909463149882139e+00 3.466065785362295593e-01 9.703571935334451837e-01
3.585380052199353407e-01 1.231872849212060306e+00 3.521818666844963031e-01 9.067528708237861945e-01
8.876171634807596966e-01 8.075300534940408337e-01 2.175837484915428277e+00 3.061491802353771607e+00
2.494873513407134702e+00 9.272913548559250652e-01 4.453073271746018080e-01 1.549830860850978376e-01
1.223066795264505346e+00 1.531009272485466699e+00 2.686936825456892830e+00 3.962904822756656564e-01
1.616603393436261138e+00 1.968638150921752095e+00 1.893316251163647435e+00 2.241127258347081597e+00
1.014924268725324374e+00 4.594179201079560682e-01 1.751842769076642770e-01 2.305506057009509835e+00
1.063370039675289175e-01 1.623973337017721397e+00 2.463309770825619083e+00 2.456255354085707943e+00
1.280418816564820261e+00 3.138111090324804842e+00 1.328582100674317867e-01 2.249683047673899594e+00
1.156372743245898116e+00 1.448858374287424144e+00 1.014551612401835667e+00 1.523808091305455470e+00
5.400881656406720799e-01 1.546986651790764666e+00 2.583220347287004115e-01 3.130859996718997174e+00
1.852318228049359083e+00 1.891758592849014653e-01 8.518755270300275573e-01 9.421313612696488038e-01
2.202412519832307236e+00 1.677250960377248079e+00 1.176297882794409055e+00 2.579306977050672245e+00
2.287617528190380334e+00 1.810289738205498100e+00 2.852345554171654030e+00 1.935837138036294425e+00
4.693852804077742746e-01 1.248237605566628439e+00 2.941051242368434959e+00 9.114755833334871049e-01
1.374943602703318613e+00 1.671735055912052514e+00 7.846024312083849095e-02 1.474526841414762535e+00
2.912073177497717769e+00 2.812079279426246359e+00 2.172538005778930081e+00 2.312570992281288262e+00
1.099645738160092812e+00 9.859482858107954106e-01 2.708106203228084485e+00 2.706730338106281497e+00
1.728123665585032720e+00 6.368586196486840656e-01 1.732455962264184191e+00 1.870544081449809548e+00
7.120635647486366349e-01 3.171521599437070460e-01 1.976979486348634296e+00 1.001503283806736810e+00
1.352114428269225455e+00 1.891305555026463692e+00 8.173263620805361063e-01 6.537775165646241282e-01
1.189045252669138852e+00 3.015234559055659069e+00 2.021507097326364466e+00 2.528538085196683660e+00
2.670227624831379210e+00 4.102830009284171853e-01 1.691292644421846347e+00 2.811709691607357176e+00
9.951002943814485358e-01 1.458959006901837663e-01 2.245125784368883881e+00 1.984698825978945536e+00
2.826197394835148202e+00 9.999351463836544385e-01 2.730345235234483248e+00 9.274937413769468453e-02
2.039567382003753870e+00 2.551898421922968563e+00 1.672427759737586506e+00 2.077873699771024540e+00
7.514998482286913140e-01 2.510917838384918888e+00 1.567604094783817237e+00 2.119573957196184466e+00
1.514705643300296778e+00 1.440495339575416756e+00 3.041774604924189163e+00 8.396571073148391129e-01
3.328761997933749051e-01 1.209779503910948906e+00 6.913399339472243721e-01 2.994848697912005697e+00
1.416181100976723561e+00 1.086582819919280407e+00 2.132113174248953857e+00 4.016821179944720099e-01
2.933676330976981994e-01 1.200094849714148593e+00 1.035431084827376447e+00 1.098676049558386270e+00
1.814796799174826392e+00 3.007893266918000297e+00 4.256985221186213586e-01 1.434094975259872173e+00
2.023444163570649490e+00 2.076117051140390135e+00 1.081957426408954648e+00 1.069165298553194532e+00
1.367942721964524044e-01 6.832931583781542972e-01 1.086203075716504651e+00 1.579818044625821205e+00
2.065980049076780567e+00 1.640763424638830292e+00 4.760561658658197387e-02 1.519625872150377921e+00
1.233972165660214282e+00 1.782604727574452097e+00 3.092771973829286924e+00 1.953168062781838465e-01
1.275846907006224829e+00 7.259936322021701693e-01 1.361171464175381374e+00 7.202533893352237593e-01
5.642506817905678096e-01 2.059161422061189128e+00 8.619065360328996839e-01 2.013769806759436065e+00
2.924128034701803269e+00 2.395937255165486945e+00 1.525531600319070646e+00 3.874767581535812355e-01
1.066746651114423017e+00 2.459460038978456886e+00 2.758642652935598072e+00 6.242984354209332176e-01
1.377686450813808916e+00 2.962024496682093222e+00 1.093005061030359437e+00 2.501502716135081794e+00
3.513964671714884802e-01 1.068144933992718794e-02 1.927547145594511013e+00 1.271061469577429437e-01
8.744265543948487318e-01 2.636851227942806464e+00 1.791433273026250994e+00 2.651929711010662327e+00
1.211224572680423162e+00 3.097341975147786641e+00 8.327510882677457982e-01 1.569920544892461800e+00
1.701371868215565852e+00 2.108242278984552076e+00 2.116715024880857499e+00 1.093339376695775078e+00
2.374365481658761823e+00 5.495740327269223874e-02 2.893232686349189731e+00 2.757699918975551334e+00
3.079308700582832792e+00 2.053183369099743083e-01 1.351388922379273438e+00 6.240355091497788997e-01
9.471975799609327895e-01 4.363816889391422538e-02 2.462220416272175250e+00 6.849028933822528531e-01
6.103869463936830719e-01 2.814223500372713183e+00 3.017479124077233621e+00 1.301554532518523821e+00
7.323443207386531872e-02 4.031965046712798068e-02 2.042209948351576099e+00 8.690775744310271778e-01
3.672581490254595016e-01 2.453934979267862748e-01 1.659147489731435998e+00 2.678489084241290286e+00
1.795136603919199159e+00 3.114765721609528359e+00 1.130099575078766794e+00 1.225085003429148722e+00
2.671035231710960023e+00 1.587203658883938218e+00 2.340266686749160385e+00 2.491043706752775755e+00
1.080580787855453861e+00 3.105508174495944740e+00 9.666421476576915195e-01 1.869585940027898463e+00
2.836714314054047392e+00 7.544903605108722600e-01 1.189767135999211023e+00 1.902934311369625986e+00
2.988988889786318381e+00 3.101185217835753072e+00 2.607593897544551176e+00 1.660085107011154193e+00
2.730780415819114015e+00 3.015070235404151422e+00 1.836335036514402663e+00 1.201401892372401470e+00
3.066215135188134600e+00 1.083241351163268140e+00 3.363080381634455107e-01 4.045349547147591429e-01
8.966532659802388672e-01 3.120480496456862873e+00 1.745905032642334209e+00 3.136540255821377965e+00
2.460946244378333869e+00 9.959916489839906184e-01 1.802414143170875394e-01 2.708206404811794310e-01
1.751008178437437168e+00 2.661850703875313862e+00 3.137706626199473270e+00 4.325626720847937090e-01
1.164683865109710670e+00 2.251037707966208945e+00 1.594929625370926363e-01 1.325307408658701114e+00
3.313743371228581869e-01 2.923908949547045832e+00 1.996395206236309949e+00 2.845137944923850526e+00
2.385051141949466658e+00 1.775503537332824955e+00 1.491373705944871064e+00 2.993147608567614970e+00
9.637350123335848284e-01 2.372772445611947223e+00 1.063140264545548302e-01 2.028834739479064897e+00
2.123442672922223551e+00 9.657291488426066328e-01 9.718592089929185551e-01 7.160614295547515495e-02
2.147154577113550289e+00 3.051578678943686729e+00 1.582380594251625805e+00 1.348195787414308455e+00
4.822779576013154212e-01 2.769922275370511944e+00 9.892167961710324198e-01 6.665652299079317944e-02
1.304093339403711971e+00 1.205635805886661194e+00 1.261333225195051311e+00 7.131299729079475236e-02
1.063493531186503027e+00 1.828388442385560086e+00 7.082351528442412114e-01 1.468776149494013472e+00
1.797860431030923634e+00 1.074831370168222167e+00 7.303648537871355595e-01 2.782611663567425175e+00
1.065828301111326315e+00 1.921177766760034100e-01 2.542767412312961106e+00 2.744020226618661962e+00
2.179757832783529636e+00 1.976015008738212675e+00 2.333366852215703613e+00 2.969206174539539944e+00
1.546902321521155477e+00 1.608729107102055522e+00 2.587574123931481118e+00 6.727385802876344467e-01
6.554227353182640048e-01 2.557087238185737466e+00 9.809840662011467538e-01 2.222695328343690768e+00
5.159116054565661136e-01 1.665901523151630093e+00 6.159752232652752069e-01 2.834857215892372384e+00
1.257698336295690167e+00 5.647824638480101189e-01 3.089227079680908705e+00 1.034433723225553381e+00
2.551215689811837439e+00 1.940998141475536176e+00 9.704012255283849253e-01 2.170825013145371685e+00
2.374583814053715658e-01 1.787880739337712299e+00 7.217236100989051772e-01 3.041168099031104521e+00
2.146433709981564242e+00 6.161363443523730776e-01 1.182654968340219437e+00 7.950471979857968996e-02
5.564268714679869721e-01 1.310692098043791054e+00 1.461297423992719668e+00 2.165823349979331791e+00
2.580647929051400169e+00 5.678865913068514848e-01 2.747891168115865757e+00 4.598339783797125713e-01
2.868609085982341433e+00 2.425954704559354802e+00 7.044081852466115290e-01 4.537995245634448560e-01
6.749212696630293440e-01 4.910052393766151657e-01 1.140054995451067477e+00 1.614755804528797078e+00
1.755726835259259655e+00 2.218080366623988553e+00 2.693912819748741416e+00 2.374342009120217867e+00
9.185722013057173729e-01 6.587387039426071400e-01 5.189948369203726264e-01 8.324658783925353855e-01
1.866575877009578388e+00 2.519651710745779205e+00 1.775083872348569125e+00 2.405565128900861271e+00
2.110794848687853054e-01 3.014666950946660179e-02 2.163857402029553789e+00 3.027117127527104934e+00
2.267400638752414377e+00 2.907802107268616432e+00 1.590583727423824811e+00 3.669961356115313267e-01
2.653561914020703960e-01 7.642305855796888148e-01 3.314500387359051170e-01 2.076914363166220967e-01
1.395173199624862637e+00 2.462393144162418501e+00 1.561692059796254251e+00 2.303219279045720214e+00
2.887651631884053938e+00 2.090384416046941585e+00 2.368950212365338981e+00 2.524303319749235719e+00
1.588440383145526713e+00 1.807159284477294792e+00 2.015502074602931515e+00 5.989322843967109788e-01
3.058007067955243574e+00 7.937207665583321248e-01 2.783174951347996640e+00 2.047091107209417782e+00
3.378375179575541232e-01 1.739841286435729606e-01 5.877374740084113647e-01 1.567090051145860086e+00
2.902855049291173106e+00 2.991896414398369508e+00 4.765498024074959482e-01 2.512426483375386876e+00
2.056170868460028167e+00 1.123800061534500294e+00 1.497824932872138026e+00 2.291221117580724442e+00
6.067908280876315175e-01 1.321610494799129809e-03 2.750126511129610485e+00 2.091898760730885043e-01
2.113493123409625696e+00 1.249276890849870369e+00 2.369646635456774675e-01 1.086182605975306803e+00
2.798990202134053362e+00 7.424922477594987462e-03 1.087888390501129843e+00 3.015256804886288222e+00
1.145786806615501474e+00 8.008711913881607636e-01 3.556666992100211977e-01 3.138873110147596179e+00
2.108870807906009226e+00 3.086666237787563105e+00 1.399808134528018666e+00 2.751813991800899917e+00
2.356323921513341357e+00 1.541063453305847042e-01 1.584094823911122552e+00 2.639555942389646859e+00
1.105750778886788632e+00 2.751649129344439171e+00 2.893916846931592790e+00 1.039723434126738066e+00
1.684920214219586709e+00 1.795631924968347226e+00 6.693737095888299127e-01 1.290451248217744151e+00
8.301785476141086972e-01 7.519494873074148433e-01 2.951669010674376814e+00 2.501271994808990762e+00
1.057115201999980596e-02 1.840070377145796909e+00 3.080246100467705528e+00 1.241414378746502400e+00
2.067922977907063586e+00 2.764160317161283409e+00 1.037055686054202619e+00 2.106563535102579543e+00
2.623788728913651003e+00 2.409173281580075793e-03 2.323422663385971809e+00 1.145265680326505553e+00
2.612896622018834880e-01 1.850381875860068304e+00 1.633610325112355155e-01 2.573262074397781873e+00
8.068724088884197121e-01 2.817715390117339069e-01 6.815037724606638758e-02 1.034374698283558214e+00
3.114355267797410232e+00 5.421481671549506220e-01 5.633074176453056747e-02 1.545920959112155046e-01
1.705572305542040645e+00 5.611081591990116912e-01 2.017453828140640226e+00 2.121414145492937386e+00
2.772305034256989931e+00 3.068133756510183829e+00 1.152248292246655925e+00 8.130410852381285691e-01
2.620553201473132532e+00 1.756140049825908322e+00 2.180633835844105750e+00 1.803039967111781661e-01
1.344107598940289305e+00 1.230432352196614953e+00 1.008008030583355419e+00 7.256385986705962132e-01
2.789995165799669774e+00 1.135824001183851406e+00 2.473270938363010707e+00 2.177850889953527158e+00
6.718167239549509562e-01 1.078391466826521983e+00 1.071629916320304909e+00 8.224481493051234438e-01
2.483043781987888998e+00 2.645148962187076069e+00 1.599780687851648953e+00 6.304854101734089777e-01
1.331828970383670985e+00 1.311845234449950048e+00 8.606514402203360170e-01 6.317600101919725875e-01
1.339643117768664515e+00 1.377115823615764068e-01 2.936952170158179332e+00 1.637309010385319175e+00
2.575212271242445894e+00 4.058456949795238300e-01 1.543623337408202900e+00 2.314708873701811775e+00
1.412017040415194602e+00 1.709612830382496673e+00 9.605370492990500386e-01 2.742436163977365116e+00
8.376294124091120397e-01 1.255035797887243065e+00 2.797584329310664586e+00 6.121682960132357465e-01
1.341655693875581701e+00 1.264621679956650535e+00 1.167386780043462080e+00 1.779450293233759695e+00
2.581824830669489756e+00 1.407336243044963409e+00 8.413335277490965325e-01 3.361334105239610071e-01
1.149558989344258153e+00 1.947037753309404540e+00 1.720943432672474849e+00 2.770297617286009650e+00
1.352272202513537525e-01 1.062257972198396461e+00 2.202708823247564673e+00 2.259634876356670485e+00
4.200600302945096676e-01 2.550023921988861186e+00 1.152510859290750700e+00 1.240141205430469684e+00
2.612584764071736565e+00 1.420784194074282025e+00 8.018197171950639524e-01 1.683406722072244177e+00
2.439785253012234367e+00 2.213757284672534631e+00 1.622804908508830080e+00 1.033434880978807202e+00
1.914648365942325681e+00 1.858623516013129029e+00 2.388754444524790799e+00 6.748167414152513033e-02
4.373059902726849080e-01 2.445869546902345704e+00 4.926630696679262233e-01 2.982165931618862231e+00
1.729904412882431908e+00 2.043843272525930566e+00 1.640724496250594910e+00 5.304592441919886436e-01
8.692015668122211602e-01 5.760723111027543641e-02 5.381023689392950837e-01 2.513881124301978520e+00
3.099446696739813323e+00 2.412096371762669555e+00 1.875182197379499316e+00 2.671046556689008700e+00
1.940912084537056659e+00 6.120620612573592911e-01 2.959951465496826639e+00 2.334156752368372612e+00
2.484282810340688208e+00 2.754324903274352199e-01 1.062828812652049093e-01 1.344637848045204809e+00
7.604580147972122006e-01 2.364357679133570755e+00 2.333110572355706402e+00 2.306195516862096007e+00
2.089780850406250945e+00 3.029626055922164163e+00 1.440280665516221470e+00 2.869541805744258323e+00
2.189254645801550048e+00 2.495785556661294091e+00 3.069265152517805184e+00 2.852692401332705963e+00
1.878971439517058917e+00 1.649549244624475719e+00 6.447767362406975344e-01 2.312004355165822034e+00
2.630209312997967785e+00 7.276630722883240532e-01 2.837745917888107594e-01 1.360010784361029401e+00
2.876504975558098920e+00 2.511239351948410636e+00 9.844573598388616231e-01 2.455791702583676628e+00
1.727745237188581529e-01 1.649004036145730767e+00 2.957871517469593758e+00 3.261186686007950808e-01
3.114574042111451835e+00 1.140793713959123989e+00 1.523734406841326994e+00 2.575553838752921543e+00
4.887800995718702413e-02 2.258819128680203736e+00 1.238224282449756908e+00 4.867794448401583929e-01
7.599227156577603726e-02 1.381898938647977859e+00 2.568163825808297052e+00 7.917267455280727617e-01
1.054541555900830319e-01 3.094449553818420462e+00 8.022938623457397389e-01 1.800479336847732315e+00
1.764566718492337039e+00 1.285253355812546738e+00 2.717250747894495166e+00 2.168198622310861801e+00
1.461089232112808833e+00 1.478760751992037159e+00 7.597010215700542024e-02 1.392697813318551248e+00
1.403095135593001697e+00 2.120635979057812204e+00 4.370332258653432111e-01 1.494789700921358655e+00
2.165842594097112883e+00 2.932053068188698597e-01 2.799345800150705887e+00 8.329439649484736696e-01
3.000507901979031278e+00 6.522387298408764689e-02 3.079375422284136299e+00 1.662721547500532138e+00
1.712297839000431976e+00 1.847864065641628306e+00 6.177138240226663912e-01 1.145392758968577729e+00
2.513365732468111902e-01 2.065098120889492961e+00 3.051764135963419555e+00 5.145683166630637961e-01
3.000771455397282850e+00 1.031393377028823499e+00 2.691718853439619252e+00 2.596835511904442839e+00
2.740512763968589116e+00 3.040375858734473358e+00 2.100267795142412908e+00 1.348025387040772793e+00
2.464248221827637919e-01 1.885924066830440005e+00 1.085882581564391769e+00 3.033777430137555076e+00
6.945656646355450325e-01 1.306144785059887570e-01 1.561186743406827393e+00 7.949562463961771241e-01
1.204179619511867250e+00 4.844984530774812947e-01 1.824694359849387437e+00 2.542727478593040047e+00
2.683787753796936570e+00 1.336453889625998537e+00 2.548448323036287544e+00 3.257724688032011540e-01
7.717181169498253945e-01 9.024766406937305419e-02 1.280122932083012921e-01 1.739774313055644228e+00
3.947643726218270643e-01 1.802682627260576709e+00 2.231255939275486266e+00 1.873821678029525817e-01
6.425474003319751048e-01 7.151444242606993518e-01 5.973666672812019129e-01 1.047383990427247502e-01
6.649985738619729192e-01 2.627121211788810751e+00 2.697985156351253355e+00 1.419784177505692524e+00
9.834123063797636233e-01 3.341317305664058268e-01 8.710675181030413938e-01 6.272748384451711789e-01
1.256486771147236892e-01 2.741182272622044724e+00 1.731714713941234773e+00 1.988497190215934574e-01
7.712680934617649475e-01 2.619727615635048412e+00 1.134746002438142970e-01 2.983881476426504253e+00
1.427978036181150323e-01 7.115219615174748213e-01 1.639417913016134820e+00 1.961259735408915184e+00
1.431305934877304953e-01 1.101752478584642203e+00 1.274211586889593351e+00 1.843861764634102007e+00
2.534576040186013568e+00 5.864295606856873011e-01 1.072766931335787932e+00 2.659359980614146579e+00
2.214229927312069801e+00 2.618198465601159874e+00 2.393288747268358385e+00 2.810133671618766815e+00
2.224764198812198224e+00 1.594245579445795702e+00 2.380889965340232894e+00 2.147273365305387482e+00
3.527186333944212770e-01 1.566066970937143976e+00 2.964626135746057489e+00 2.723704932360258013e+00
2.342949240913823949e+00 2.939592325167360354e+00 2.716122682109232134e+00 3.033453346366568049e+00
3.304916918410222282e-02 7.107460518030116470e-01 2.276335444089590432e+00 5.324693503964051944e-01
2.393719038916665820e+00 3.041645337900572343e+00 2.567495761827959466e+00 1.647418354693326981e+00
3.091799275349544907e+00 9.536223209013379165e-01 2.786481558716466633e+00 3.078779948836835700e+00
2.637473144792284341e+00 2.015423066090581639e+00 4.817711113111631804e-01 1.961513840938375663e+00
1.538197911945516250e+00 2.238102532097438591e+00 2.379786191436865206e+00 1.841836955811060106e+00
2.959959236992842690e+00 7.705910487117092478e-01 5.542882628767529241e-01 1.838750084294997977e+00
1.217436566307739110e+00 5.186269532924154824e-01 2.879721722220822233e+00 1.756527198106944576e+00
5.490233574014591333e-02 2.226238114540455004e-01 4.495708209136393269e-02 1.786169204190643844e+00
1.931362283305140037e+00 1.531220811714786301e+00 4.307365092866775047e-01 2.504605932872084662e+00
2.098376596901733837e+00 2.564831186926543882e+00 1.007227621283724783e+00 2.499377241379951098e+00
1.456562568077259590e+00 1.789583532379261932e+00 1.495428001650998207e+00 9.087917653129652384e-01
9.296756132775712000e-01 2.218086940336128521e+00 2.760246160399244975e+00 2.121561158034609207e+00
1.112051438104409762e+00 1.266963939848780196e+00 7.261722873534470768e-01 1.631019325470252301e+00
4.994594112642380956e-01 2.039013327101093953e+00 2.554984276818272892e+00 3.070127299889612527e+00
3.072179891513115990e+00 1.206630259816596551e+00 2.406652141504039388e+00 2.240783233886781467e+00
1.383060048849340751e+00 5.337588606893479692e-01 2.388700937878585506e+00 1.466395212417887395e+00
1.853171325001390923e-01 2.917893517209708243e+00 1.405689124946769786e+00 8.001751485201971104e-01
1.307834046774169590e+00 2.865872248000297162e+00 1.535885476464732724e+00 2.306949837315587892e+00
2.464508488235054084e+00 9.450848456526276253e-01 1.673564451563695155e+00 1.659215724257419255e+00
1.902244580850113387e+00 1.631950796468569109e+00 7.904530775494571504e-01 6.518890451731166324e-01
1.826619401199979009e+00 2.616862231153067042e-01 4.316000515964541484e-01 5.418037063867766623e-01
1.149637467175507854e+00 2.753095288476005820e+00 2.165699303570537637e+00 7.187924607920067599e-01
1.772667790074704985e+00 1.315883981296809280e+00 7.165700733561100044e-01 1.875671493008557622e+00
6.402689904282713451e-01 6.367789162526172886e-01 2.469398950859917063e-01 2.845756050841282470e+00
2.245274085518577323e+00 3.084737023093234942e+00 1.597371913227990436e+00 2.856161156005734281e+00
2.326852349929865227e+00 1.571110176885313070e+00 2.386164111333416216e+00 2.176348159763119128e+00
2.727377318712172816e+00 4.577273699523913830e-01 9.745106277425857888e-01 3.017183897650525637e+00
5.419691706095972616e-01 2.089043376864049062e+00 3.077938190699245791e+00 3.092222601304691065e-01
1.268712694541973551e+00 3.028846727960145202e+00 8.513679125870304842e-01 3.057596450078408523e+00
1.511091778166160804e+00 1.409548903974819911e+00 8.070791481096291076e-01 2.681198887481147874e+00
2.280041666766966291e+00 2.834137315268732069e-02 1.269114632761797923e+00 1.180667081165805765e+00
5.611966983520105812e-02 2.938624285322185781e+00 7.193485187230028721e-01 2.407906566996856679e+00
3.110090777323567757e+00 2.084276156048543438e+00 2.663045709624107360e+00 1.113496061036560958e+00
2.434786764198121123e+00 1.854344353802344081e+00 1.462047089730396543e+00 8.920848242574516140e-01
1.739958289950293002e+00 4.910384487685911514e-01 7.950939154723422053e-01 2.900606475843342302e+00
8.602415023160104868e-01 1.659855283573181906e+00 2.220643262092532877e-01 3.420908566311339216e-01
4.117438162754465947e-01 1.408860986872316090e+00 2.971707210812907896e+00 2.867922742341919129e+00
2.588918872135967497e+00 1.785683940708596706e+00 2.927784019312077990e-01 2.186565634301717687e+00
2.110944651951670359e+00 3.185807642027914666e-01 1.558669888458258379e+00 2.290359486437212322e+00
2.533938952054983318e+00 1.843648929328691954e+00 1.844971728429187552e+00 2.056249074687348521e+00
1.240393180841419252e+00 2.134652025496473371e+00 2.005487193023612669e+00 8.788501113528324193e-01
1.985649099787339944e+00 2.430394308337004983e+00 2.442744245797585922e-01 1.478497346632175802e+00
2.682827796343782545e+00 1.951375497003170201e-01 9.206512997469059600e-01 6.199619150907489384e-01
1.349889228207186820e+00 2.568941139355657821e+00 1.950462946054523083e+00 1.044835882401103921e+00
2.808363530219899484e+00 1.825289767388006634e+00 3.107537490332791918e+00 2.031641426634378522e+00
7.204823354997890172e-01 1.799965094834152346e+00 1.224500828426143384e+00 1.383689841075933735e+00
2.698582152057845018e+00 4.321783943265640748e-01 5.189211085559772840e-01 3.976127691345427984e-01
1.132624237739202622e+00 1.158177647453821235e+00 1.862604849540048457e+00 8.750928297081106422e-01
4.077552840923582833e-01 3.381634247524725745e-01 1.678439276408040692e+00 3.013309367428082641e+00
2.005663818527944731e+00 2.026309365243764482e+00 9.585477019720102243e-01 2.837702039211790872e+00
3.795837096521602061e-01 1.774614852381722008e+00 2.163385577304899332e+00 3.085349243418565202e+00
5.919171661130174789e-01 2.979460902697263158e+00 1.111778928659822308e+00 1.919608513880335154e+00
2.329895185603545471e+00 2.690694429614032490e+00 1.505589867932147996e+00 1.730863032403526347e+00
7.641388726437939871e-01 2.939005978792740947e+00 1.699918050107731782e+00 1.759207466479298099e-01
2.868808353331994354e+00 2.618529727492245218e+00 2.544506809257375490e+00 1.035599235005753904e+00
5.282407441098712075e-01 2.991766229833474622e+00 8.218046943172253593e-01 2.646260899600614280e+00
7.042850558855563436e-01 2.950447340578218114e+00 4.834603655801102406e-01 2.650202697711238287e+00
8.167700969557982749e-01 4.681537739849929158e-01 1.536280593496556435e+00 1.028586630360073251e+00
2.651878405360769797e+00 3.084671502412782207e+00 2.713321244147260947e-01 2.783663461442686060e+00
3.746555269762553708e-01 2.749850671303489147e+00 2.165880220931047651e-01 9.864441103141617928e-01
2.512436193809102214e+00 1.190988311030990676e+00 3.086387827614144097e+00 1.686852211226733234e+00
1.016729259754642900e+00 2.079207852760294184e+00 2.038456317567611253e-01 2.212703710887101938e+00
1.163978659668518212e+00 2.082112852256692737e+00 2.156651901141705352e+00 1.362083023047724328e+00
2.600602308765151971e+00 1.059968643109298725e+00 1.989144054548398266e+00 2.897974876369473929e+00
1.030672723164056004e+00 1.478501796887143227e+00 1.007854392876096794e+00 1.748029303525854283e+00
8.425421118849587554e-01 2.970410051331182633e+00 1.614592923026999749e+00 1.110280143496580330e+00
2.593782859180798539e+00 1.739921285773610604e+00 3.005075634260105044e+00 5.936980777027696110e-01
8.332048899771101746e-01 2.667613920692289309e+00 2.220676090888758836e+00 4.164563327000912474e-01
1.559499396635323443e+00 2.881560879645776563e+00 2.147033621822169724e+00 2.713069014511415578e+00
2.105975934098812896e+00 2.304410036507025250e+00 1.611412641784861099e+00 5.954339385534898055e-01
6.195039413606614476e-01 3.126450335728033991e+00 2.762054847329657115e+00 1.506078962819425993e+00
1.477110492808267860e-02 1.651078451219278209e+00 1.465189531404396783e+00 2.885750258392328238e+00
2.943294530588186908e-01 1.090688717565618804e+00 2.289598984597888354e+00 2.228955294121283348e+00
1.222051628650493577e-01 1.376622561596177574e+00 2.752986679574874529e+00 2.413912507623159787e+00
7.613344438205771336e-01 2.756505231736579464e+00 1.266785728401655486e+00 2.233006772283300911e+00
2.949508619669022558e+00 2.607087740046704738e+00 7.144558827397577971e-01 1.875364465136240000e+00
2.201096439058451981e+00 2.476069844580083501e+00 1.058078345714374091e+00 6.878443509974381254e-01
1.611314688229495307e+00 1.410567613616099170e+00 2.776396101825916229e+00 3.043217199308605458e+00
3.043184484715219185e+00 4.786933516028333835e-01 2.253915554571108260e+00 1.420072622943107099e+00
1.249546251361006943e+00 9.978716211042660822e-01 1.663790197195103238e+00 1.791489352457494855e+00
9.097810621417713461e-01 2.716420840390691427e-01 1.303580390428314528e+00 1.982146066754269853e+00
1.336208809621472815e+00 1.793098707864673846e+00 3.044679039744925486e+00 1.758285455917287354e+00
2.450265891712504751e-01 1.129361863154847434e+00 2.711532969636575974e+00 1.139984698765896365e+00
5.215332615955520917e-02 1.745797261128755773e+00 1.791015360646655896e+00 1.087030929008411917e+00
2.451247101711401033e+00 8.928420732775174118e-01 3.690136850395661638e-01 7.718546749832374543e-01
1.576962873511319252e+00 2.447578944645228738e+00 1.937660936769947329e+00 2.562918413392163419e+00
2.350059720663976393e+00 3.953462372384011769e-01 1.380363009640808825e+00 2.229818552338300286e+00
2.987761781293326813e+00 9.762821412326295745e-01 1.738687545717806593e+00 2.886809897052136087e+00
4.495506096697523546e-01 1.719195043153956881e+00 2.978509980400696033e+00 4.112362986176124058e-01
7.148428007581082433e-01 1.558344308086612839e+00 2.585996762420465167e+00 1.215576706883006342e+00
3.545987852694398312e-01 5.864957342343841695e-01 7.088892009542774320e-01 2.134945429534074179e+00
1.685433633235405848e+00 1.508909886668070355e+00 3.664852549733197962e-01 2.563688783135994242e+00
1.112830692304031199e+00 1.126550387314862595e-01 1.023177843541931198e+00 1.309296122659949102e+00
2.682584205369716646e+00 6.838747285441371115e-01 6.894688321519681917e-01 1.730162354286696402e+00
7.345719655931923775e-01 2.779737984386815519e+00 6.726066239562017435e-01 2.906596029040916740e+00
2.612651877050288007e+00 1.079411032747852772e+00 1.451016728197673133e+00 3.799648212057438190e-01
3.975089907058398375e-01 1.549822512772217387e+00 7.680650822876223804e-01 2.554673320918517287e+00
2.070556299012201062e+00 1.309575024170500868e+00 3.045986704444710647e+00 9.464778531943551787e-01
1.055636751605754098e+00 1.029773113894581371e+00 2.268101596019238109e+00 2.581930924844989761e+00
8.889841612743822896e-01 1.678176625678087452e+00 1.880635007840821382e+00 2.828792546327071999e+00
1.709241776002252244e+00 8.289192456226720518e-01 3.003480300255898516e+00 1.517157572640251528e+00
2.353371645295172954e+00 1.467930628557612360e+00 2.816954313141282196e+00 2.758706223278470482e+00
1.050521068994524576e+00 7.074534675208982160e-01 1.580446094663656043e+00 7.948620226936909949e-01
1.407866059906392797e+00 2.650525100497026720e+00 1.954924115762381343e+00 3.085124913750277642e+00
2.762935325626171057e+00 2.882744541652647818e+00 1.611745936112874311e+00 1.546798106736236633e+00
1.196978064250515672e+00 9.238478322415921706e-01 2.241886772664079430e+00 1.974869704831792916e+00
1.612807194418341972e-01 8.884669639774591676e-01 4.151804422787017668e-01 1.802741936904342923e+00
2.377800987320861204e+00 2.335035520634622053e+00 6.887352225486541579e-01 1.704354534502076968e+00
8.811930314140574705e-01 1.792545622960863172e+00 1.674968350937334094e+00 6.703048544734244718e-01
1.889885809496269609e+00 1.462762472556961235e+00 5.479298688475957579e-01 1.393403765204223488e+00
2.119702346289104256e+00 5.696179368488903938e-01 2.431845558264203344e+00 1.260507293878536661e+00
2.021861800947942989e+00 3.688620618509363402e-01 1.354914278966464991e+00 5.172883940800944158e-01
3.706813386911889108e-01 2.160511873528429660e+00 2.557359151404235004e-02 1.149199256986328077e+00
7.455237942702287457e-01 4.964207655683614551e-01 1.043648565157917263e+00 1.856021555899358966e-01
1.100395310796950632e+00 1.872515800945632192e+00 1.291836379443169980e+00 2.107976323837055688e+00
4.546083919101341908e-01 4.050258361272224827e-01 1.567331609285208316e+00 7.491884933300103910e-02
2.863915071497414866e-01 2.454490193935796150e+00 1.168023282394857310e+00 7.444029911332584737e-01
2.742034704346937524e+00 3.653465206047838421e-01 3.072495960624239242e+00 7.629328526019547585e-01
8.990783002285733794e-01 1.949208487388908617e+00 2.977075747814988294e+00 1.054469588062623586e+00
1.505828834405730232e+00 3.019524942308770221e+00 2.212271004795764107e+00 1.379369497225320096e+00
1.232338841336091617e+00 8.634625806059061937e-01 2.922738373245729715e+00 2.068771771590435016e+00
8.151081976242190441e-01 1.298847071348057547e+00 1.710858703717390350e+00 1.402187020676841867e+00
7.306584001406487561e-01 1.253778680599255679e+00 2.123558951802972494e+00 1.751366617911189527e+00
1.663900447110157721e+00 2.222287406637957652e+00 2.368554869147325270e+00 1.713318470845134778e+00
1.262146611020983800e+00 2.589921145428516258e+00 2.812417761030457264e+00 2.748522269665843454e-01
3.136379135508325700e+00 1.359067977109775338e+00 6.809375196209331849e-01 2.221532213646169485e+00
1.500669007205977179e+00 3.139897459985191208e+00 7.388885004677769874e-01 1.494882469067302377e+00
2.406705358596904265e+00 8.559454239499331152e-01 5.466211527941314818e-01 1.956329073941569296e+00
5.907796136697667233e-01 1.517245197311960281e+00 1.656467490604505821e+00 2.137380060306842466e+00
1.034618454635348073e+00 5.885882131718320753e-01 1.180523971305603714e+00 3.033029564052124094e+00
1.209182209740012198e-01 2.802952114992471877e+00 6.909085268054984130e-01 1.195077326645967997e+00
3.910161937915837549e-01 1.528746386771905552e+00 2.674857840473151338e+00 2.341386549885981605e+00
5.993331303510961439e-01 1.272261748349066357e+00 5.813800534549233845e-01 2.380595912429306349e+00
1.554899052831350215e+00 4.093622255776593333e-01 1.429322332543251674e-02 4.036590174257999042e-01
2.639395001619452064e+00 8.961819478831728469e-01 1.525120958875142652e+00 1.701742436411759485e+00
8.799357144154229537e-01 2.063923054142362823e-01 1.470539197063246872e+00 2.798319168841047144e+00
1.442764965404765398e+00 1.380710663311722541e+00 2.442598452918090246e-01 1.260490295867274999e-02
3.118967651632954308e+00 2.143330082584002483e+00 6.809570520537788253e-03 1.437485311678609712e+00
8.798076753789735305e-01 5.174040627755852606e-01 2.391991628089585653e+00 2.354579795893398053e+00
1.279473776151095921e+00 2.562397453263722813e+00 2.580741105154851223e+00 3.131178764681820326e+00
7.886569950576176602e-01 2.919553746495841651e+00 6.501197717067914716e-01 1.443266786125348533e+00
5.206031845290863824e-01 2.582555570821953417e+00 1.263113055470038493e+00 2.825528526804318652e+00
1.155398101209839101e+00 2.976051663822510296e+00 7.635326508212703089e-01 1.257243073514471565e-01
2.932199062747990137e+00 2.078093534688148392e+00 1.558947933940204589e+00 5.964558612425373552e-01
7.280329180702811431e-01 1.037056656731582649e+00 9.487855677452790015e-01 4.605709273871610443e-01
5.523665764093649289e-01 1.593891997397714588e+00 2.273184381938522236e+00 1.846293804313432263e+00
1.523976597854228121e+00 2.492241477578871045e+00 2.107646227449874399e+00 2.970670851909622989e+00
6.640227416921492543e-01 1.506495377824955961e-01 4.085847043855048710e-01 8.995349292534163821e-01
2.530617694238556648e-01 1.387542595626523712e+00 1.938371784001717391e+00 8.423123771975320473e-01
2.511377563865773155e+00 2.685592082780023926e+00 6.046994459453202131e-01 2.157408311369411802e+00
2.111086688681020451e+00 1.578384990318709991e-01 4.592639043677598232e-01 4.492384722223679433e-02
5.939454157240056098e-01 2.844285029348388782e+00 7.950487175721040467e-01 1.586959778965799206e+00
8.791619546979303479e-01 1.212822552328670089e-01 3.081520415780405475e+00 2.839795209027929257e+00
1.734110955982734792e+00 1.377560120059312165e+00 1.139638579220244585e+00 2.790310101758984196e+00
8.052597282881135410e-01 2.669431240228574698e-01 3.024188498251016988e+00 3.139270665943943328e+00
1.396598228833287658e+00 1.426619851456218502e+00 1.564793855419591262e+00 2.350570771469393083e+00
3.920248361057807607e-01 6.807550355163682898e-02 2.477143501861160668e-01 1.089408419825485641e+00
3.882468146608468174e-01 8.748334248572937621e-01 6.656070693061032217e-02 2.754181565524898456e+00
1.331954150635690448e+00 2.482441518831868255e+00 1.965562700088818948e+00 2.354505389739061094e+00
1.402012169238438188e+00 1.304241754741541692e+00 7.237592292428765006e-01 2.335815019627243583e+00
1.272721270002074023e+00 1.943355828603333002e+00 2.767748828488922452e+00 2.139071040212730868e+00
2.577569586092860465e+00 1.885627932148942643e+00 1.683772521537252764e+00 1.728100243482491860e-01
5.108962614485212939e-01 1.995910729417250895e+00 2.751296317631366062e+00 6.172401503449552740e-01
1.378557963703394007e+00 5.930524260635898770e-01 2.440594780845862566e+00 1.085709812825609077e+00
2.395301906244156828e-02 1.488714816507782923e-01 7.833452258715241090e-01 1.024100734374390420e+00
1.137663908956167313e+00 9.618248185901077940e-02 8.581831189835221751e-01 2.514746113994430043e+00
2.159621212933294565e+00 2.376459243431944479e+00 4.667658112494474376e-02 9.524753281726561216e-01
2.873604535824410000e-01 2.232513627429330239e+00 7.764469484077453076e-01 2.939500003818296126e+00
1.079450075756485106e+00 1.667402278783921332e+00 4.356591553072482470e-01 7.143827307842868235e-01
6.854911301981664318e-01 7.590873518805699161e-02 1.605567059277472897e+00 1.969889891518884051e+00
4.251057659240870534e-01 1.026933818481196026e+00 6.278903325786900913e-01 5.444803433234299828e-01
1.478964591481271240e+00 1.440184048503855951e+00 9.182494210732614764e-03 2.502370870821557070e+00
2.810376672109043961e-01 2.367975345104362528e-01 1.631545950591498650e+00 1.006927242521368004e+00
2.854064145687664755e+00 2.052129396787431670e+00 2.366671736906052370e+00 1.673637169598844343e+00
4.691069986083492016e-01 3.809445744899812580e-01 2.179482173667276701e+00 2.924203852695252959e-01
2.733643268586951169e+00 1.887133770982976744e+00 3.109754269620317757e+00 1.149791350405001022e+00
1.347068053192908232e+00 2.386664783731697437e+00 2.413893390045204423e+00 1.615637591623288793e+00
1.487996253115861478e+00 2.070011096966212882e+00 1.639431602263090149e+00 2.122760321730021715e+00
1.905054478802614693e+00 2.596803978862216589e-01 2.472490218688844887e+00 2.101670840421483999e-01
4.642832783000169772e-01 5.115416491088387030e-01 1.689348080121636064e+00 2.978262274953973776e+00
1.983774024653317536e+00 3.092347000029826293e-02 1.755701057337554771e-01 8.028781339518467064e-01
1.004724156822513592e+00 2.522708088750965416e+00 1.123939788860369049e+00 9.791777462095903051e-01
2.517649807238389492e+00 5.084642097010706463e-01 1.335302399803256934e+00 1.548722552410770836e+00
2.210998719130185641e+00 2.051266095171921933e+00 1.049032109463601481e+00 2.845533048142603882e-01
9.172845735941468348e-01 5.661975927410628495e-01 8.381586136145031674e-01 2.916559399054044821e+00
1.684889060469199062e+00 1.413622904090474641e+00 3.134273229930203630e+00 2.178880835067769084e+00
1.425004596050412520e+00 2.728725424421133638e+00 1.852021312370355943e+00 2.433489458833444807e+00
5.886147158578554084e-01 3.044853733739205204e+00 2.083225560323758163e+00 1.290109742207559584e+00
3.059924798860290007e+00 1.255783653945206635e-01 2.678910740173154004e+00 1.092961161028346284e+00
1.034108075816617900e+00 2.664319170407004833e+00 1.264903725507213750e+00 2.744885128180675871e+00
2.956734468227526946e+00 2.415975090628747601e+00 2.733668310369686605e+00 2.700725057196058820e+00
1.667733024339575154e+00 1.196996229630332254e+00 6.555639074279999701e-01 2.598342176281213778e+00
2.114817505238863138e+00 1.010799122072926215e+00 2.669916963324160619e+00 3.114350983013449259e+00
5.832627407676010955e-01 1.781792175350121799e+00 2.836968808475928139e+00 2.300717620396306895e+00
2.454480316623462333e+00 2.449637722631372139e+00 2.550371338017014544e-01 2.920843810175099531e+00
1.603921258767632807e+00 2.346519359136864047e+00 1.900150957515727157e+00 3.043567553370090106e+00
2.590006370600673180e-01 6.200767266604124694e-01 2.932091992933695046e+00 1.684193948079498293e+00
1.186458366986283597e+00 6.496420790215702290e-01 4.117771418658920379e-01 5.553145039684906914e-01
1.126277227895277289e+00 1.097079080953925923e+00 8.746918758508646086e-01 1.648111507049871083e+00
2.791111966357115559e+00 2.441762604559190919e+00 2.442173573085524740e+00 6.328753563234404966e-01
5.435469613291044055e-01 2.487913799016505223e+00 2.082738238410246634e+00 8.650277191075620431e-01
4.893471837151122661e-01 1.034729346463548083e+00 2.985766983572359479e+00 2.636492565979716929e+00
2.182499237417642846e+00 2.791510453848095707e+00 7.398595569649089043e-01 1.467322404528818292e-01
2.890753168462276701e+00 2.749235992795226124e+00 1.559896454935108645e+00 1.870729612901726124e+00
4.605523959733667794e-01 1.146535539769993450e+00 1.350470440141428918e+00 5.008063908226303429e-01
2.172055016300841856e+00 6.863951967738624038e-01 5.361374864301964305e-01 1.234870045269475414e+00
2.024067728618937689e+00 2.951561399848678935e+00 6.828999148934269403e-01 1.278144847566938580e+00
2.057334773731660071e+00 1.041185711458441299e+00 1.587045392484644379e+00 2.496767925400429355e+00
2.694303019669856969e+00 7.281533475752872686e-01 3.731448981069445114e-01 1.642819319803136668e+00
4.796235911913181993e-01 1.952537354324853425e+00 1.026887045241456464e+00 2.745537552403981785e+00
9.796917262450710595e-01 2.329358221329763889e+00 6.110711001366461170e-01 2.510985363050061370e+00
1.042119934930507918e+00 1.518428393951275490e+00 1.622764658127152870e+00 1.727087821104227094e+00
8.828865715525849867e-01 8.980762910907867935e-01 1.894127029602582279e+00 4.170446909890621057e-01
2.623268870652203599e+00 3.048790394634986800e+00 2.658987520404947791e+00 1.676916748148618574e-01
3.460321450655021169e-01 1.089419573315618450e+00 4.900579058750347689e-02 2.871161113954093236e-01
8.017757702898337113e-01 2.793423821132186902e+00 2.310687697637869409e+00 2.134529199515615261e+00
2.145041456376422406e+00 3.111932805518146661e-01 2.572728337639944129e+00 4.730973932419262340e-01
2.051586462585452963e+00 6.665928047487099661e-01 1.307286973907476890e-01 2.137107803536287154e+00
2.029559810348764870e+00 2.000649474435978625e+00 5.671356052740781500e-02 1.693043929328708952e+00
2.227128139925286909e+00 6.439730597127576450e-01 9.827939430643545249e-01 1.200882853673012729e+00
5.098467616174275907e-01 1.887187589649602426e+00 2.884136903361286919e+00 1.243873219193175617e+00
1.435505690931894174e-01 9.371164938019075352e-01 5.901456510407202538e-01 2.046486149439357138e+00
2.197768527815424644e+00 5.994871047688425832e-03 7.056825670265161055e-01 2.019450507915269366e+00
6.818077945097028580e-01 1.085844552688999487e+00 1.173668843871505940e+00 2.677889798547290479e+00
3.119942213832917144e+00 2.901475478087018001e+00 1.743129404586283515e+00 2.768269527727467150e+00
2.415916589504587986e+00 1.730634234144745598e+00 2.065849014204869327e+00 2.463324514089943573e+00
1.147526934779407259e+00 1.265865567698952976e+00 3.001266389326644912e+00 7.265828998664133342e-01
1.962334650828757354e+00 2.092543560739263064e+00 2.575152507135396895e+00 1.941733472354258749e+00
2.980488852811334910e-01 6.095551640374387015e-01 3.065782514080437782e+00 2.598896237271083542e+00
2.635023044109217949e+00 2.616270598771892053e-01 2.702600439489979411e+00 5.525798422855217051e-01
1.775428697884255058e+00 6.226345766083200006e-01 2.116289528832635547e+00 2.877363357904902497e+00
1.535696702026887683e+00 2.454187786389171233e+00 5.627856132916990717e-01 2.498939145309282850e+00
1.052564083689441876e+00 2.808154567588994066e-01 7.220802984966638860e-01 8.281475347267909237e-01
8.228505345491311795e-02 1.340786246870647291e+00 2.230711023123860048e+00 2.472997776789371827e+00
3.137042542144862889e+00 1.122454448140722372e+00 1.590703537328526984e+00 1.669874001337230185e+00
4.741140879032841871e-01 1.463719709395557400e+00 7.482399537449206939e-01 2.081657157904657662e+00
5.255676874062010784e-01 1.669189406486430771e+00 2.081018058655927483e+00 2.544904328914419533e+00
1.962987407535673023e+00 2.093561038746099889e+00 2.014874928734323167e-01 1.398913018811095865e+00
2.563754197016894221e+00 4.595890230712092461e-01 2.299672748018914081e+00 1.497726155063634934e+00
1.662201823212540175e-01 9.529890766305492145e-01 7.892102493976964617e-01 1.464830833595483828e+00
9.764078119191607064e-01 6.120348120347510745e-01 1.815330046652471330e+00 6.505267282509062943e-01
6.531674971230281290e-01 2.472524934964200227e+00 1.435669836581174197e+00 2.703157998769996517e+00
3.025414410311082047e+00 2.533086407986960609e+00 2.190661881760314511e+00 1.329247165513904649e+00
3.661570558544148257e-01 3.689789020702024525e-01 6.314431216557120363e-01 2.019290745864224412e+00
4.990061562691204544e-02 7.567176133273617600e-01 2.184619982700063190e+00 2.540990484373939928e+00
4.877169187283150742e-01 7.482832640915985101e-01 1.228173477018683180e+00 2.272705700007483731e+00
2.318336494969408079e+00 2.377412921939347709e-02 3.102297235773380457e+00 2.106355950802728305e+00
4.399248152918513455e-01 1.371443092753188209e+00 3.086470328843386124e+00 1.020374407599927480e+00
1.348341769353843089e+00 1.697833944740859247e+00 2.899676415681644581e+00 2.594003653123334363e+00
1.652387731256233838e+00 2.295938664174540289e+00 4.803346236518891699e-01 8.394731237086419107e-01
6.864869203349166504e-02 2.182458522626191666e+00 1.615437025648091218e+00 7.380228733842634226e-01
1.349435287580901810e-01 2.886874899774497738e+00 1.376897352739758329e+00 2.533094255985366861e+00
1.492554547612060967e+00 3.042691892092885375e+00 3.105594388008255269e+00 2.860502086852553916e+00
8.348697425775660763e-01 1.034626520530122384e+00 2.073927188965480006e+00 1.997931704677476494e+00
1.694796325845193685e+00 1.030433257744475917e+00 2.149004398417539985e+00 5.617470835281149766e-01
2.307068246057010441e+00 2.186989217423754628e+00 3.020153189603502764e+00 1.446516113400820869e+00
4.853671730158573561e-01 6.618229925009373460e-01 2.771951494535581095e-01 1.171435163005758895e+00
1.043597528597011603e+00 5.544258920750126940e-01 2.716308689681669719e+00 1.881997244492535082e-01
1.580472425914205559e-01 2.860284190296909834e+00 1.056050482614611319e+00 9.028222242500218153e-02
1.954967923290248377e+00 3.072558804272450317e+00 1.502318195658789657e+00 2.578032003951357343e+00
9.191458825090984552e-01 2.711063082142199487e+00 2.740930944044741580e+00 7.026405607497959727e-01
2.226238674500360837e+00 9.791054061491590854e-01 4.930494307349520544e-01 9.291611358824539701e-01
1.691762445612426113e-01 6.929646691169958350e-01 8.087498742682405206e-01 5.930882950090792249e-01
3.019271594107288070e+00 1.702808648702603733e+00 2.345899328487154989e+00 2.247087154672938514e+00
2.379381310129019766e+00 1.956695629318299989e+00 1.297938906025745354e+00 2.294649675048941184e-01
2.850159324605248568e+00 1.184384153296112324e-01 8.351975081663696177e-01 4.427498632161055436e-01
2.949144912661838536e+00 5.023546734668431213e-02 1.855421097358849414e+00 2.276438820404121266e+00
3.895841630692069568e-01 2.465054857705819114e+00 3.821802607363514737e-01 4.547758730316291964e-01
2.961705830763294856e+00 1.658748123611087366e-01 2.512447488680266794e+00 2.478957965331858304e+00
1.243380141716084575e+00 4.102290127610804804e-01 2.278234255804743924e+00 1.153765713675649840e+00
2.498295121801721308e+00 2.564958977543711605e+00 8.705510608599623668e-01 2.821866739719007366e+00
1.604572338693461386e+00 8.555613432213478031e-01 1.601491372169599803e+00 7.418087838663404154e-01
1.970218902168905606e+00 1.670004496271747518e+00 2.651097696888626398e+00 4.101000273172803606e-02
9.883345359955689746e-01 2.874317783842672558e+00 3.604419105809855695e-01 1.881803108358434340e+00
2.898333572796833568e+00 1.423412211919199200e+00 7.036179559502231395e-01 1.142518919805679989e+00
6.850492343712184518e-01 1.361901248376330642e+00 2.498215975721440330e-01 2.681325333462997840e+00
1.871792521589265457e+00 2.927168583174068139e+00 1.126058142058376399e+00 2.549178664333138666e+00
2.716528089832396908e+00 1.952721932143856920e+00 2.661747120016580759e+00 1.808852925990547256e+00
3.041852884691143455e+00 1.176573092202460868e+00 5.594440140660942307e-01 1.977976678663261878e-01
1.784339853069619730e+00 1.635713865938379641e+00 1.048532290721235105e+00 6.841646873841656928e-01
2.468745624767012092e+00 1.648249568048072433e+00 1.390112675439851619e+00 1.363782479123323066e+00
7.230451630093884807e-01 2.866024070819513270e+00 1.059673523288101382e+00 2.954932499203612561e+00
2.403032490960010037e+00 1.780028977116119071e+00 2.402030900622780241e+00 2.497797254231423292e+00
1.798862345616699443e+00 2.063435562775542742e+00 2.111871837731261470e-01 1.524412816051357922e+00
1.644935549528746987e+00 2.803635547155271635e+00 2.993722181972535701e+00 2.908340036726762140e-02
1.855785957589705104e+00 2.250175121593047667e+00 2.049913303740627857e+00 2.222898465155008996e+00
2.925982089996941315e+00 9.766432489812779671e-01 1.543251211897445963e+00 6.460890671688886977e-01
2.453941073798709127e-01 1.301635458426235514e+00 2.311111475308504026e+00 1.936593633680471216e-01
2.124462603616477541e+00 1.359562563053567097e-01 1.166977663515211594e+00 2.899522856918167690e+00
4.307270577560549651e-01 1.103724107413159627e+00 1.422318279625966131e+00 1.715445527415678129e+00
1.633429941967148968e+00 2.360842578763672872e+00 2.906179699231408731e-01 1.632910595016938915e+00
1.977186569519038040e+00 2.678920214751168594e+00 2.247168049211449858e+00 2.973373964570249939e+00
2.011986657509650112e+00 2.480260916290812467e+00 2.808642134752332709e+00 2.704275705282531916e+00
2.732096931676624152e+00 1.433360672024220239e+00 7.615475038112996531e-01 5.721272994260674372e-01
2.125814550093606314e+00 3.099202458567815732e+00 1.775270870816588298e+00 2.783959701854334501e+00
2.227533615462822247e+00 1.861768155317753859e+00 1.591304892454866948e+00 2.562815317304169227e+00
2.415812258522624933e-01 7.772039873245931707e-01 3.033518600974718926e-01 2.587878099517328501e+00
2.596120374459899072e+00 2.198678271460407174e+00 1.842946854807425705e+00 4.514826454541230327e-01
4.631255855370542407e-01 2.732998763741534276e+00 2.025253433646322931e-01 9.766551428853856853e-01
2.061591362773254610e-01 2.458010850829762894e+00 7.354001694844708448e-01 9.993062929593233834e-01
2.311933719049368730e+00 1.768207719009554202e+00 2.653375414882187533e-01 2.000190841368501893e+00
9.417700082823058372e-01 2.175416787892419546e+00 1.490480192160796413e+00 2.835176142224193452e+00
1.710163069555130200e+00 2.783646673126054516e+00 2.316037345950785475e-01 4.580897463213058352e-01
2.716804452349867116e+00 1.443495092965722204e+00 2.240746754852599998e-01 1.326827081517426121e+00
1.172696500252172314e+00 1.607753653314659470e+00 2.401467376722044023e+00 4.134154931265295319e-01
2.106034705143812413e+00 7.947489047282296770e-01 2.034673552881482550e+00 4.869612567913818579e-01
2.051302707747507448e+00 3.096319060117348698e+00 1.799187001576855183e-01 4.579227970251704694e-01
2.873231853229389454e+00 3.933924786353493186e-01 2.680005432070436289e+00 1.141919214561783802e+00
7.171789711796932032e-01 1.693431310797655076e+00 2.675012745913714074e+00 2.153324837536737757e+00
6.644332236086903931e-01 1.432315448252399426e+00 1.676739406852619796e+00 1.853081469571312923e+00
4.912459612657400498e-01 2.665546171106020434e+00 1.197218943681185754e+00 1.343853609204893162e+00
7.414540404683225838e-02 2.216651686827847759e-02 1.312613318110008309e-01 7.348618214299342810e-01
1.767801349619736451e+00 1.670480636669450680e+00 2.901535812706424355e+00 1.208217049418164185e-01
1.486790492735100000e-01 2.630740808064909064e+00 1.352510598836577538e+00 2.288529076069398815e+00
3.111998358560026823e+00 1.674823460493863436e+00 3.874115367805266996e-01 1.064202153597221034e+00
8.710284086597469555e-01 1.551485919239216082e+00 5.687344286941944382e-01 1.176021997713937228e+00
6.165416503964699091e-01 3.541011123192403520e-01 2.597121244049773292e+00 1.341613267514327523e+00
1.625501990468806390e+00 5.899671940156704375e-01 3.055381237941639849e+00 1.000514063654827313e+00
1.915821350863454453e-01 2.985410337866515329e-01 6.907266035406494087e-01 1.994257060516610558e+00
5.505151745858550827e-01 5.044128754736172393e-01 1.744678389660509588e+00 8.265564014183285346e-01
5.425022804902795981e-01 2.582815978218108377e+00 1.514820939136634514e+00 1.001596125453880992e+00
5.641132214213900875e-01 8.594804391891766593e-03 1.877732304637590444e+00 1.770645618385018327e+00
2.263648233148602529e+00 2.158434215004472190e+00 1.939257329005561192e-01 1.027750257490825270e+00
2.823032164226472740e-01 9.991569730493629065e-01 1.265006520451833927e+00 2.445535107896998461e+00
2.371625124306946386e+00 7.921520651790462386e-01 1.945533760190206296e+00 9.831559465140627951e-01
1.397512316713487301e+00 2.233392057476216941e+00 2.355562882381714296e+00 2.117585896243619814e+00
1.735927795504458748e+00 9.465537744301977252e-01 2.419611370792961846e+00 1.948364548685886488e+00
5.071076086581814968e-01 2.955991627289430657e+00 1.398548253618071280e-01 9.359439556010206163e-01
8.991441919952639084e-02 4.484320744330307917e-01 1.764597899521711089e+00 1.334067499517651301e-01
8.434116322469675797e-01 2.113355336744953128e+00 2.659536910588211178e+00 7.448000048904910297e-01
7.367078255611618776e-01 1.826087163428838700e+00 2.287857109041940618e+00 2.150585843516928719e+00
1.973862322903368050e-01 2.491526850530308757e+00 2.500013366043797092e+00 2.284691273978258774e-01
1.821447636554179628e+00 1.716609065413496671e+00 2.843888679725425472e+00 3.011815249302058017e+00
2.856971369023861840e+00 8.068977809200794660e-01 2.899058931791764326e+00 1.622694957247736047e+00
1.839112722140976208e+00 2.017017056066127800e+00 1.514535246028389848e+00 2.651502272740272836e+00
2.514149654369321585e+00 1.136052300887756411e-01 1.029480512249422386e+00 5.768547018377734314e-01
2.827161393454264537e+00 9.053983023787048889e-01 7.757623942652158711e-01 2.421451561428378696e+00
1.008435240836179192e+00 2.058876922615095140e+00 2.610835478229955875e-01 3.014283142441708918e+00
8.294069059175431802e-01 3.088407792340347680e+00 2.570322924334497716e-01 2.440184522551970048e+00
1.823415532138622730e+00 2.194982767673430146e+00 2.555038907268733173e+00 1.518727199292003949e+00
2.579558601413637575e+00 1.335380366633443394e+00 2.263248999857509602e+00 2.824541611583161860e+00
2.026343703417886388e+00 8.397506169592106051e-01 2.572001080322101174e+00 2.891249691413142475e+00
2.855480413234589232e+00 1.184279432313301461e+00 1.055919136386180401e+00 1.589538773411249828e-01
2.416570740510376236e+00 2.490964086773783226e+00 3.129368946573019450e+00 2.250135255329490214e+00
2.346398594668981819e+00 2.124623461770443367e+00 1.035550158002643828e+00 2.779948028486030953e+00
2.963697987590466099e+00 2.015920408094859173e+00 8.448611542327643109e-01 6.389564737537206662e-01
1.156225531775401993e+00 1.580719943402507655e-01 1.973978623461271342e-01 1.204107589199894690e+00
1.769843715587179789e+00 1.626642925764494096e+00 2.711303719193540296e+00 2.016989281963273761e+00
8.496368120360819898e-01 2.762454234359907890e+00 2.953815668098444203e+00 7.664318059876648048e-01
7.782487583545213417e-01 7.488266943806305420e-01 2.869581375892194863e+00 1.297143888295280378e+00
1.519499812987189502e+00 1.738451225483927720e+00 2.783448343547718196e+00 4.215670146763090750e-03
1.148678893616711605e+00 4.092492428786970171e-02 2.718722902204313563e-01 2.854283255992724921e+00
2.093741372812478740e+00 1.957745917049081852e+00 2.779108514217623949e+00 5.577586103843304999e-01
2.600472243171524589e+00 1.421268923696014985e+00 8.284078515683718225e-01 1.155169716876393998e-01
7.200911147135171664e-01 7.209376390062516293e-01 1.407809693743225399e+00 8.922097714370854638e-01
2.964110249408092201e+00 9.887431764746061891e-01 3.047880688288160833e+00 1.600125570040346945e+00
2.817795461732586215e+00 1.874352674037624622e+00 2.129255607272758422e+00 2.780435083145337827e-01
1.221657591246245511e+00 3.647448631611565073e-01 7.822023112498021069e-01 1.434909729880895490e+00
2.772853503827147570e+00 2.053366551128407824e+00 2.577420382458973869e+00 2.754025601669765955e+00
7.342738878315068218e-01 2.945307653208958154e+00 2.766824515610724067e+00 1.932300549329149186e+00
1.531997433989165547e+00 2.964989711111387649e+00 2.072649614508447424e+00 9.156656562766132268e-01
2.819444064235707703e+00 6.437717447159795048e-02 2.078393589392896423e+00 1.864904760762662095e+00
2.310209704815631593e+00 2.054808520692809282e+00 2.463603040354453100e+00 2.195627887328189143e+00
1.776973650436521002e+00 8.991508221073188922e-01 9.758728561896734544e-01 2.849992638394099220e+00
2.360586307967250885e+00 2.776570613493656303e+00 2.970661405365234708e-01 1.457413335187983217e+00
8.152604243705884324e-01 2.354125805066513255e+00 2.166813400836783199e+00 1.019287632406282951e+00
2.921055437415109424e+00 2.439023044243525895e+00 1.141733051831840928e+00 2.410348645522271405e-01
2.170586331068791175e+00 1.042340575491655041e+00 1.959458570861017268e+00 1.065295350279066522e+00
2.857149130796613701e+00 7.284716488913045573e-01 4.453004322178382712e-01 1.529880546759470938e+00
1.922737210673081121e+00 4.034575664420811947e-01 1.553711541771914062e+00 2.247356333401506479e-01
2.049313287899028335e+00 5.693995746284782333e-01 3.627424769043485209e-01 1.369576920338358095e+00
2.160129509727596098e+00 2.335904436223707137e+00 6.228987669118525305e-01 1.729024582215253458e+00
3.095648428213659820e+00 1.117300620600778505e+00 2.589415245327410187e+00 3.836122511940680546e-01
2.004142352791809856e+00 6.439010331485537364e-01 5.650883322922592988e-01 1.321896469433513133e+00
1.675780263446251306e+00 3.121211160444567589e+00 2.821618085878065507e+00 1.631001557567562710e+00
4.513342232764551709e-01 9.372364950330513977e-01 1.502348998007641878e+00 1.865548953692863332e+00
2.403179249493445191e+00 7.030101651722487910e-01 6.907093256133985948e-01 4.745134662703707762e-01
1.954224845020027024e+00 2.651284994929863359e+00 4.243304037713648003e-02 2.523621510394794321e+00
2.927527436049411236e+00 2.169075679911770305e+00 2.824441889667300032e+00 1.499833719324106474e+00
8.649896963566946484e-01 5.399636425467432277e-01 2.449992361458869006e+00 3.674240925124364066e-01
2.409255319418015073e+00 3.061386280855787345e-01 2.329406620753080581e+00 1.768551933110790841e+00
1.314241912455808681e+00 2.805377214447958956e+00 3.042891381270989459e+00 3.902260624306255199e-01
3.083410638262443104e+00 2.499272536262142186e+00 6.972996620564237968e-01 8.069538308697230544e-01
9.631740468361255081e-01 7.957259420900645308e-01 2.472737480458095050e+00 4.597139441786057823e-01
2.963435245649568728e+00 1.894493967468320605e-02 2.702828061276643545e+00 5.783756149389839285e-01
6.497225100359945715e-01 1.143217328047859901e-03 2.461711241124122651e+00 1.090170019835732029e+00
5.742958698528493056e-01 1.024357779797001156e+00 2.913970228251011818e+00 1.900511189753782082e+00
2.758400239499297690e+00 4.117892977280465661e-01 8.694913492736625615e-01 1.179043952374983606e+00
2.792564641694170735e+00 3.114992040671505258e+00 2.570436248464229134e+00 2.356487409673101663e+00
1.804588975926517236e+00 1.846441211841246988e+00 5.172333893045825137e-01 1.891671301799082272e+00
2.256316974631932926e+00 2.020636901566530419e+00 2.957099011903189023e+00 1.305977445712080520e+00
2.034411837466842510e+00 2.550038954208559527e+00 2.440280287621785060e+00 1.831566127098879893e+00
1.676408227018050923e+00 1.210173177024413960e+00 1.466432559655751477e+00 1.140310822003837155e+00
1.922611305210482291e+00 1.137336568214254717e-01 1.113039590116236544e-01 2.735908562680303024e+00
2.690688165499834916e-01 7.426936002379099788e-01 5.488329587171745239e-01 1.540554280945522159e+00
2.900215099756624504e+00 7.033024914357718371e-01 9.619462858386571558e-01 2.750954299641414913e+00
2.525028704685130077e+00 4.493533649253517170e-01 2.019223551582980392e+00 1.376010104136638823e+00
1.665229349064649034e+00 2.060711546465949784e+00 2.384788951722826678e+00 4.295047499602363539e-01
2.541495293471502492e+00 1.884042088205788223e+00 6.744419258062851474e-01 2.071062938898131645e+00
4.048271849477928508e-01 1.941642592498396214e+00 2.324333916201212880e+00 2.838741666080115689e+00
1.561589185828710313e+00 2.655875485728879326e+00 2.983684938313163393e+00 8.797155216168872638e-01
9.960805722379281191e-01 1.669585255893714759e+00 2.281694444530892429e+00 2.191916898082167275e+00
3.075238977716306277e+00 9.167771936375915809e-01 3.016201848064897217e-01 1.108630136962395429e+00
1.589786561060598791e+00 2.367631829402651711e+00 1.620612032641460809e+00 1.010464566423969618e-01
2.853614548275097640e+00 2.031808999908605085e+00 8.492103208353185551e-01 1.530431418350558515e+00
2.607784860629116519e+00 1.393274652643871070e+00 2.856789122952536619e+00 2.073962765572775702e+00
1.914630281595258499e+00 6.428590685397677085e-01 1.498071566266664156e+00 2.131807075046040278e+00
3.013023620827043336e-01 8.579656257939828334e-01 1.277473157605048426e+00 2.351692053651661674e+00
2.321668723042416005e+00 7.600647882343805062e-01 2.042855706689695960e+00 3.053816293569528995e+00
3.025557069127957632e+00 1.222488449025225021e+00 1.989578471848315600e+00 1.163384152494053581e+00
3.123134726738087785e+00 2.184960127802888508e+00 3.121289916262331321e+00 5.464483682023858480e-01
2.455712293408710556e-01 3.838309683731300770e-01 1.178052134496186287e+00 4.514505022073835860e-01
3.587881061795275550e-02 1.104220391688130576e+00 2.867082477362564497e+00 3.907570978216237667e-01
2.309230090052937445e+00 1.783479744726778338e-01 2.272228700393203571e+00 2.815282312517468188e+00
2.258364047660530893e+00 1.674348117288610993e+00 9.858596425896495319e-01 2.286928370917455489e+00
1.429665451956000366e+00 1.668732089273031072e+00 1.884713365104874416e+00 2.986528883014919700e+00
1.947610082293446565e+00 1.500485306655540807e+00 1.743575258394197691e+00 5.130585322965272588e-02
2.887035504792534457e+00 1.815920248071765108e+00 3.057814063986088016e+00 3.951592531741452974e-01
2.993224998078890753e+00 2.643590981013800967e+00 9.561586588368333750e-01 1.384552643316105947e+00
1.577339531552500174e-01 1.971838105245373063e+00 1.389681072970873732e+00 2.698364596989701880e+00
3.026847715329076816e-01 3.141136154248899359e+00 2.103843716807536790e+00 2.903123454658556035e+00
2.034134869588748007e+00 2.035243397649348085e-01 1.284454406468348298e+00 1.430779433010289203e+00
1.749729036374527258e+00 7.984846500619043885e-01 2.162964715319029452e+00 1.091833699401060231e+00
1.490914765030567635e+00 9.140041134599162787e-01 2.447131070825896870e+00 1.444576787088049930e-01
1.067374349956771606e+00 1.061271194636096205e+00 1.571028436302859821e-02 1.719309493597281024e+00
