1.702545999708281910e+00 1.867141218890118193e+00 4.977174112699619957e-01 1.611176973379359501e+00
2.683544060445679502e+00 8.890124617361174764e-01 9.665103385015639814e-01 2.785883524911369147e+00
2.599712150258623122e+00 4.607002840467028237e-01 3.644311968444059469e-01 2.968180033091658121e+00
2.902406971133477231e+00 2.548197241258870704e+00 6.478429376544969642e-01 4.471602195584256090e-01
1.578584699400144675e+00 9.691456296900848866e-01 2.588153935454470922e+00 1.508206552246170284e+00
2.157720496151766643e+00 1.553882561149474206e+00 1.287710570831190227e+00 1.729261625900700095e+00
2.301987454795698884e+00 2.212074508670303086e+00 2.112718402616688529e+00 7.319692122841068294e-01
2.262310739860249331e+00 1.344730101934182187e+00 2.690629724787156896e+00 7.640256072895423856e-01
2.025207364742271920e+00 1.879972463156569740e+00 8.798273999772695531e-01 2.843931065513921830e+00
2.461778238042209299e+00 1.781442826024360881e+00 1.563147619187988280e+00 2.172147335450022254e+00
9.348831171321050348e-01 2.835792781866962819e+00 1.540373267283625891e+00 3.114270467350664262e+00
6.562538042160519502e-01 1.766937388840188250e+00 1.589943964140532850e+00 2.990881130375400154e+00
1.320061956436552553e+00 4.630810448824324577e-01 1.380591871414460714e+00 8.835539042991774963e-03
8.637114399148922983e-01 5.318398172682288205e-01 3.016637145856915225e+00 8.875912158740497659e-01
1.154673995566572797e+00 1.701011718455246013e+00 2.782093977022429776e+00 5.953915878704681974e-01
3.043148567649014424e+00 2.498807174012374510e+00 2.510255795295629255e+00 6.759322233519925449e-01
7.756014572558389553e-01 1.843384035385936093e+00 1.484838713759493389e+00 2.812649340942518172e+00
1.173773521117100760e+00 9.337791113349693806e-01 9.731297254812364406e-01 1.658368678607801794e+00
5.129540383979621643e-01 1.525860123225616594e+00 2.015218256576093658e+00 2.259552173441267353e+00
2.399891877319927147e+00 3.131202224430023939e+00 3.177572283269656794e-01 2.550237816852803929e-01
3.136014651579351664e+00 1.191663014515751184e+00 8.009604486537557078e-01 1.088984451226005623e+00
1.370070530624704519e+00 1.046545843301745604e+00 9.263236462507249414e-01 1.586649249476462353e+00
2.948573620883530033e+00 1.199323197975136202e+00 3.545644941486624235e-01 2.488890889190188194e+00
2.570125194724694140e+00 7.872233344903908359e-01 2.924106473132496831e+00 9.663672565532775982e-01
2.937399966200414880e+00 2.148691129940448086e+00 2.122820123843240037e+00 1.270212804743832580e+00
1.164305168074398072e-01 5.616295144034926246e-01 2.416145600193082554e+00 2.141654892286467327e+00
3.091113471721635086e+00 6.802911055516804861e-01 1.206389685136924905e+00 1.742159268170180964e+00
2.258697871337001839e+00 2.690229651944779476e+00 1.228618166161172365e+00 1.259018210912607572e+00
1.254596754078408427e+00 1.911317043297236840e+00 1.802582913154028743e+00 1.333946565397300610e+00
9.365512305066906462e-01 2.817991738452967798e+00 2.804392785772629626e+00 5.640025264035911645e-01
3.193990299448089543e-01 3.125830682399104443e+00 4.743761128241635316e-01 2.673328021266276444e+00
8.749980174735528804e-01 5.700739498416729223e-01 2.283978579009718901e-01 1.707496908454839035e+00
2.682113731147031999e+00 1.743678056557634637e+00 2.934475794189884468e+00 5.793787244200414577e-01
2.408383704102877942e+00 2.991715463549687648e+00 1.672526679219432655e+00 1.339875077246591717e+00
4.109869661987606837e-01 2.753428852753773359e+00 2.176337488263170084e+00 1.179783263083574285e+00
1.708114592097426332e+00 2.289363297617015292e+00 1.883746115727265025e+00 9.309436581094396868e-01
2.188565513171403798e-01 3.001401821046545404e+00 3.080032827466009593e+00 5.091109035167938890e-01
2.091219688079572148e+00 1.348895346387459782e+00 1.668747460418140260e+00 2.130745265006619871e+00
1.204474610003517937e-01 2.234157346180954740e+00 1.917702912612377283e-02 2.539210718977173542e+00
2.066277684748217158e+00 1.361503016078972061e+00 7.655407148151334162e-01 1.443952878338442339e-02
5.544894117574762360e-01 1.136065014449328947e+00 1.826094895823294761e+00 2.299589566902944249e+00
7.500216806146279280e-01 2.029280269359440947e+00 7.645723628425756813e-01 5.651811978021867855e-01
1.153856291824406854e+00 1.926976483116809247e+00 1.128716099015975916e+00 2.873136032220504621e+00
2.131032620789862886e+00 2.772023194984343797e-01 1.793314672319541669e+00 3.635407317421527895e-01
1.671977881130128241e+00 2.980487621797933251e+00 1.624537335325801468e+00 1.436110691601558242e+00
1.251161368788796135e+00 8.650303163678862983e-01 2.902183670965332141e+00 1.306717395924937630e+00
2.289200417018271982e-01 4.167820946881524158e-01 2.967748711100313130e+00 9.757062265159867076e-01
2.697267340890943110e+00 3.037418257404852273e+00 1.755623972855352877e+00 9.913139656117179177e-01
1.623994856068488035e-01 9.517965618548122064e-01 1.797203730354118401e+00 2.375860945347970432e+00
2.539104141923049340e+00 2.312552283121335761e-01 1.744966693976654160e+00 1.793524707529022821e+00
9.059726602427234932e-01 2.841391443336493072e+00 2.323854755743909539e+00 2.088214560547581033e+00
2.319232770990887982e+00 5.079156354291232134e-01 1.552152203090446436e+00 7.608867989090869477e-01
2.309112233037855511e+00 2.533699387953851190e+00 1.169547662673896760e+00 1.085493417081931700e+00
1.038020096890102106e+00 1.550845168157336751e+00 1.907355365267381642e-01 1.132309265782500241e+00
2.599658645653725175e-01 3.062594196259426305e+00 7.358794178255541052e-01 1.370058444082439042e+00
2.969208900795619499e+00 1.135248440413707982e+00 2.813277603187419817e+00 2.603785934854081052e+00
2.898814357834786026e+00 2.360101462773697811e+00 7.246225564618822279e-01 1.725196253282995862e+00
2.077565778454228074e+00 1.066341177079541014e+00 1.988042488656659446e+00 1.223874943039847674e-01
2.888457813528039431e+00 2.706706123478372472e+00 2.531493890098334809e+00 2.805154477157755011e+00
1.147530047844040668e+00 3.223667655462628123e-01 1.317706106002634492e+00 2.889922926600935860e+00
1.724625198207269783e+00 1.064991078365788546e+00 1.903264276973271052e+00 8.529441392647658660e-01
2.093476158039624835e+00 1.040522687021674608e+00 1.764799910992614018e+00 1.369666230034519483e+00
8.599501391376884740e-01 1.928037707092462139e+00 1.299489631187354943e+00 1.074138341912369121e+00
2.703558720645871549e+00 1.547197110119116426e+00 1.275354418270949752e-01 1.782810410973215243e+00
1.546650632616285215e+00 1.943483302136132518e-01 1.094785579081873905e+00 9.896622390855192020e-01
2.203978360275857362e+00 8.165871633623091874e-01 9.941207375043281669e-01 1.925945009770756222e+00
2.448472338003664817e+00 2.070871579867728240e-01 2.738061000611404783e+00 1.054389203080964288e+00
2.890299409156202426e+00 2.123554315415093541e+00 1.578969888416594136e+00 2.042007819840928384e+00
2.484336206373109590e+00 5.133194685181160510e-01 2.440925821239279259e+00 3.052104723088270521e+00
1.385081065093922703e+00 3.059210004943627936e+00 2.059226074488116343e+00 2.165200445747528235e+00
2.598034153564351634e+00 2.612480345257503167e+00 1.399776389248599262e+00 4.719304902319712003e-01
2.399670172327864837e+00 2.957594830940962982e+00 4.670588636452954745e-01 9.744174899560267278e-01
1.181297966693880763e+00 2.836381018119886299e+00 4.403136203834972506e-01 2.774134299613393750e+00
2.007615535924450079e+00 3.420056466576282816e-01 3.056102489671155276e+00 1.140036621863325800e-01
2.393004236364925763e+00 1.116866336973093121e+00 1.293902354588997827e+00 1.275046967308679946e+00
3.038108145449907593e-01 2.921877262246371121e+00 8.939683551531637518e-01 4.912758976272656453e-01
2.999896840786615559e+00 2.419793701175772416e+00 7.546720763886752836e-01 4.123485414116700998e-01
2.775499019272289480e+00 2.429222471629719937e+00 3.515461828337644867e-01 9.340192538087946916e-01
6.611021561182548467e-01 1.688445817928194259e+00 1.458251421613060650e+00 9.852694578627468891e-02
3.153681171709811215e-01 3.743386913740890942e-01 3.052090853340537535e+00 2.336114800508849731e-01
2.092783720969540351e+00 5.819752817854939586e-01 1.561569016051221004e+00 9.556219040150790711e-01
3.122763945431332289e+00 2.801934573256169791e+00 1.721881805402943222e+00 1.874538267548091275e+00
6.676329672911955893e-01 2.863544305845055593e+00 1.774524221047648842e+00 8.350866481524279461e-01
2.438415624097390211e+00 7.544743179073879480e-01 4.870824837867753221e-01 1.589689914867204790e+00
5.647275973413191652e-01 2.380977978127004846e+00 1.835764600753477582e+00 2.470109897388647724e+00
2.161179578515058708e+00 1.088624325797472148e+00 2.276536611030074653e+00 1.328854640878363913e+00
2.373261355603768497e+00 2.837571655370374923e+00 7.841580097945776151e-01 4.195695388224078837e-01
2.119985317642052003e+00 2.327063912447750571e+00 1.880295256650863722e+00 3.513369006817291251e-01
1.833273827833596492e+00 6.962494287459120024e-01 2.662208937321421498e+00 5.218154367208027722e-01
9.626144855137447331e-01 1.050422852849678179e+00 5.281374623121576350e-01 2.112372859969491312e+00
1.008206741885444124e+00 3.011029612315092141e+00 1.273959631562084693e+00 2.222975307819446966e-01
1.334926723573119478e+00 1.565204119226721646e+00 7.197935498440284352e-01 2.521057925089691842e+00
1.588895071856339936e+00 2.062477789735831291e+00 1.298236081633077132e+00 1.658840158845719559e+00
1.495687505507199200e+00 1.770535137072564380e+00 2.890357728400003157e-01 2.820686937941299099e+00
2.105631509351275188e+00 1.036555342151353892e-01 3.161496068856314290e-01 1.909990435010634924e+00
1.692858078366190178e+00 2.349998902395728617e+00 1.397623963254237767e+00 2.564022073189029527e+00
1.421211408863973236e-01 9.707665636232181150e-01 1.151977319275570455e+00 1.170150194102794527e+00
2.188611172029276020e+00 1.333925642302967285e+00 1.972030558836682212e+00 2.546014441421005081e+00
1.556967890430716706e+00 1.878900131723177713e+00 1.752402397737684803e+00 2.706143656795429120e+00
1.044769592205826436e+00 1.976188129010161137e-02 2.878474730277115201e-01 5.514016570196981215e-01
5.083238347846348315e-01 2.864783501801404064e+00 2.218514891432068481e+00 3.373669036405288479e-01
2.896368332687879299e+00 2.726785056304662724e+00 2.148785831314513617e-01 2.071350058260930105e+00
2.143403936764507467e+00 1.080446138735751793e+00 3.107403366331009220e+00 1.738075207152585788e+00
1.557064768627849594e+00 3.100666056197869835e+00 1.044222418590721846e+00 8.104926150578672939e-01
6.171231808825684839e-02 2.492648150406567620e+00 2.295362893717703745e+00 1.732271189539440037e+00
1.189021786987685791e+00 2.547396089765380012e+00 1.508747058344849901e+00 1.673393983776944482e+00
4.296110494985301842e-01 2.698421095041857676e+00 4.915909953965112988e-01 3.612766886552726264e-01
9.477062481800730964e-01 1.888953342449121608e+00 4.597428577435113684e-01 1.578862535196294159e+00
1.031719266762316956e+00 9.929975528951625607e-01 9.779397579037796273e-01 2.275927508497260110e+00
4.726396635903141186e-01 1.437920432702717966e+00 1.050843369200740174e+00 1.005408271084838878e+00
6.718993718603026855e-01 4.121979975246455041e-02 1.123478929875709742e+00 1.247631951088311375e+00
1.974656255740222743e+00 2.478020173166324724e+00 2.557461599303110233e+00 3.029425129492529400e+00
2.435521946485182720e+00 1.675024351540194356e+00 8.052385563891611975e-01 2.381748093006007760e+00
5.070470235833753891e-01 1.331830635834995835e+00 4.453803718249882415e-01 6.744234685462545675e-01
3.606579788703238587e-01 1.536059231022178118e+00 5.424540502321513191e-01 2.760866272371774066e+00
6.199350601444815201e-01 3.094691653799911180e+00 2.569484382811768164e+00 1.226530789120959586e+00
1.879502072632122767e+00 2.401638684998417261e+00 1.563870321646582351e+00 2.312950844731295863e+00
1.705814743230177566e+00 1.085773014284848736e+00 2.664850822587470081e+00 2.260679032722669124e+00
2.613666627784002827e+00 1.987390109614687539e+00 2.296061486186829814e+00 7.451620928550004574e-01
1.506298929446582280e+00 9.365419390813242151e-01 1.007459997327558199e+00 1.268633394054615171e-01
3.744620272984059972e-01 2.684519767661176282e+00 1.866639066214548670e+00 2.883408877585505348e+00
1.701518356703752177e+00 2.887601164135865872e+00 2.170157672802915272e+00 1.955399146486978212e+00
8.716426821613959541e-01 1.910897045430108854e+00 2.455974121172136204e+00 1.670398497218406275e+00
6.465752503832429277e-01 1.978156010296718614e+00 1.623694814682812515e+00 2.127879897589087133e+00
2.894517890978129504e+00 2.109015901921675429e+00 8.682656492064023679e-01 1.626714615327815583e+00
1.134147112703999261e+00 6.674251413099588914e-01 5.067275488327526167e-01 1.592791529428569941e+00
2.198805793656036567e+00 1.799192889542962526e+00 1.913616559243977111e+00 6.149034396325736562e-01
1.290860516848738149e+00 1.513980958127021159e+00 1.148903022472029134e+00 6.428549411790892565e-01
8.403073137129793979e-01 2.410445248083129766e+00 8.488935245459948431e-02 1.347964922848389646e+00
6.740028862516556085e-01 1.153285919257732051e+00 1.525559761674614601e+00 1.322101551082116577e+00
1.162024120050290543e+00 2.414206864815937603e-01 2.890470083522774569e+00 3.131100315768035269e+00
3.133902415629641336e+00 1.635406249691044867e+00 5.099281720361956843e-02 3.837142195021461810e-02
5.045154975238841377e-01 2.013689967900991196e+00 8.802253959195180943e-01 1.027848011131898387e+00
1.072316747018189353e+00 2.918192182861703010e-01 3.045538281669223579e+00 4.476984762683809960e-01
2.918914042259787678e+00 2.982644361196119531e-01 2.661233681128004402e+00 2.174251615959102768e+00
2.714295536349427884e+00 1.999059286698974924e+00 1.419956581817446162e-01 1.925861039794336316e+00
1.946420732337021953e-01 1.995948721479884114e+00 2.370482298691387602e+00 6.354299642947163207e-01
2.633387097404614963e+00 2.405968168239612570e+00 2.886899500937281537e+00 7.067461391246844249e-01
2.573048969644021966e+00 6.431819123393438253e-02 2.832296377336806614e+00 1.303106224470690355e+00
5.670237788230207965e-01 2.740389851327100335e+00 2.853855946535218013e+00 2.603957287160516998e+00
6.276868493388971793e-01 1.774672287808423121e+00 2.083795776644832731e+00 3.336482057512510924e-01
2.039513991832738959e+00 5.786005323573700787e-01 4.033743546236263633e-01 1.247036813113456599e+00
1.185270779044224287e+00 1.024196227405816062e+00 2.585261857927681373e+00 2.819004226815371439e+00
1.870233424512407205e-01 1.809901442355742240e+00 1.817838376916439236e+00 1.476275137463776810e+00
2.262560764649113931e+00 2.839542968922496691e+00 1.228460134739313370e+00 1.506901971206367374e+00
1.724680514433148071e+00 5.767210941360864651e-02 2.492918438032003969e+00 2.712294579455523102e+00
8.411263998936063802e-01 2.140281616463096004e+00 8.856595463022585157e-01 1.925172445917474828e+00
1.025433926124202033e+00 5.845827018613742876e-01 8.455188072632400242e-01 3.026492894729436944e+00
7.398831225426789615e-01 6.791948914359696721e-01 8.139969056726106267e-01 1.831909818850150806e+00
6.215101062635033369e-01 1.893952693587734659e+00 1.384472909154034648e+00 2.624755765891260140e+00
2.974628008672000057e+00 1.797928191891029259e+00 5.055377271586130039e-01 1.200885122035167951e-01
2.676751031829833316e+00 7.388366817875450243e-01 1.869573547118466239e+00 2.925810263098168829e+00
5.046538976099768786e-02 2.885876192421610309e+00 2.411453893324449205e-01 1.269204248301568361e-01
2.660686804225309565e+00 4.857605530268139238e-01 4.911139545737713830e-01 1.294905977518423956e+00
2.681611232613813067e-01 2.552865970802291606e+00 2.268603938994996572e+00 1.584024815578081169e+00
1.499754762299251087e+00 7.293586487077261538e-01 6.533843085704980069e-01 2.166058081170329164e+00
3.425838245138466132e-01 6.862212684766570980e-01 3.795946423183943486e-01 2.919525837335523288e+00
7.802177613140012236e-01 1.813499926378103533e+00 2.920878419221484279e+00 1.966479541889623928e+00
2.275187296316571128e+00 8.009588360747040836e-01 1.125299807161318499e+00 2.970437020729357780e+00
9.840789371352690607e-01 7.943133551269702941e-02 3.522111870048099669e-01 3.115632948326503726e+00
1.421522353838355457e+00 2.967861737611516393e+00 5.035381203185009813e-01 1.031934733656089564e+00
2.519408506759848176e+00 2.877579429776892184e+00 1.784256648749598176e-02 8.538838532632662126e-01
5.960533563307794935e-01 2.910311570664270153e+00 2.635155346747872773e+00 5.218607224377810327e-01
8.100569879530045148e-01 1.790945987750366175e+00 1.820654701009704057e+00 2.245517262232476607e+00
1.696946340529458475e+00 5.584371515747557080e-01 1.589982402139020978e+00 9.563822590587719441e-01
6.962210376228947784e-01 2.169944040911358396e+00 3.000010007358632436e+00 1.277351518127465058e+00
2.622879512485279729e+00 9.699536817909175657e-01 1.176660290528883213e+00 3.070001838727006493e+00
1.113732691204748715e+00 3.117312366230221343e+00 6.649838170441040308e-01 7.025720803426525052e-01
1.323483713287700203e+00 9.633721926719259754e-01 1.848367493684506702e+00 1.896537863089246656e+00
2.432781153746637059e+00 3.113637996645143957e+00 7.812884212463976352e-01 1.868226268598689677e+00
2.100177089812245601e+00 2.095750393993478511e+00 2.860854303961027245e+00 1.507524083028459971e+00
1.378907539825447559e+00 4.921066456203866957e-01 1.141132660917427488e+00 1.553265840434417400e-01
5.308279566192045662e-01 1.657480098217626097e+00 7.562676731240200456e-02 1.380201514051391243e+00
9.669673743608219185e-01 2.998269884921317630e+00 1.642092825919016397e+00 6.234829260832821518e-01
2.822446313179884481e+00 8.982091802017536653e-01 3.120522910162700780e-01 2.178060430401554282e+00
2.845055551774291480e-01 6.294254106867862575e-01 1.822988412766882504e+00 1.731051271133280167e+00
9.327645891720190430e-02 1.231287029704827507e+00 2.670985071735508809e-01 1.859594213044588606e+00
1.755359973247065941e+00 1.506309714360887453e+00 5.015187450955302939e-01 1.894184915415268122e+00
5.939044551334409228e-01 7.043266972098520817e-01 1.212390782159650460e+00 2.240607672827708008e-01
1.116422195486417523e+00 2.220124422793222863e+00 1.475687385981076627e+00 1.365159323540883651e+00
1.995894404845008463e+00 2.941105059913563302e+00 1.757777299994467191e+00 1.814994234677948404e+00
9.405955958147673712e-01 9.899216696485830802e-01 2.765065167440579064e+00 6.756752674586092855e-01
3.134452929054380554e+00 1.023619343184981378e+00 9.631873531887430451e-01 1.939053450386845512e+00
1.029238014320311034e+00 3.055067277800205261e+00 2.992815764426841163e+00 1.627342169006616990e+00
8.115081033118438647e-01 1.277312672801355964e+00 8.856811179927664979e-01 8.035297964566416873e-01
2.233062754006912787e+00 2.820897856191881825e+00 1.706267053285774216e+00 2.226535423245548984e+00
3.111373648531251312e+00 1.073055411483316401e+00 1.222964456164562952e+00 6.310734574475127534e-01
2.268858037192300170e+00 2.500259858954716474e-01 2.873885829571956485e+00 1.513369489265592671e+00
3.803523716862964865e-01 1.800203254416910648e+00 1.098545759231860153e+00 1.258400011485275360e+00
1.178288080303279584e+00 2.132882361664425463e+00 4.047803754257593978e-01 6.824236978364709438e-01
2.923818656259586479e+00 2.824102844067419849e+00 3.225294876691092629e-03 5.668093783021479481e-01
1.533978770209658116e+00 2.440683382674459168e+00 1.306686549528587316e+00 2.660244299295966730e+00
1.222340340991463936e+00 4.058110331341266974e-01 9.524405735883716140e-02 2.515860425085211904e+00
3.071646897949275257e+00 7.222397817453645175e-01 1.101900464273072533e+00 1.174213307195653089e+00
2.998537185605596900e+00 2.960143965807305877e-01 1.047729277047692253e+00 1.438506955444980751e+00
1.425492942870732804e+00 2.910545789000372974e+00 2.217896019690369869e+00 6.682532383207795412e-01
4.426491878461893958e-01 2.392908863836968436e+00 2.835051537850037384e+00 4.660345948895855406e-01
3.229635787853588069e-02 1.837863034018346831e+00 1.444793208726862455e+00 2.754326271750282551e+00
4.740101192614527142e-02 1.980343799887683165e+00 2.205979089878463917e+00 1.535159909773115228e+00
2.249828016014489673e+00 2.842844627740749530e+00 1.709102846706620493e+00 1.711631369146165538e+00
2.058705745374306506e+00 1.827303236640122286e+00 2.354181562099572300e+00 5.708597598228850600e-01
1.266032026253803400e+00 2.419366864819181284e+00 1.346072478598289823e+00 2.079309045416025015e+00
1.472169172802865744e-01 1.381006309300238932e+00 1.810922542087997966e+00 2.683801479053886219e+00
1.546505556934673620e-01 1.863250605740723875e+00 1.389081526721534399e+00 2.021860687824029057e+00
6.966122821429202583e-01 7.983500320434019359e-01 1.062320145474559413e-01 3.319242565830597402e-01
1.070167825932135885e+00 1.783705666801328915e+00 8.212503160732859131e-01 2.364491724505504155e+00
1.053761726421179157e+00 1.244820695234968300e+00 7.645609859332493097e-02 1.726093084530798016e+00
9.283099503522616036e-01 7.566830494816538799e-01 7.392504270296805791e-01 2.559695999081205819e+00
2.729752387605305586e+00 2.483323895712238549e+00 3.365969522780806744e-01 2.704774134307495359e+00
3.014293822225058594e+00 3.474470771969880301e-01 1.409969223622874468e+00 6.605866133578152111e-01
2.140776885383661288e+00 2.093666053290492268e+00 2.515119122717969447e+00 4.448774477113804360e-01
1.915390501217982155e+00 5.389619976484576469e-01 1.406524888399331985e+00 1.860309015733034865e+00
1.495720677882447447e+00 1.116127970439176664e+00 1.909731849186001584e+00 2.079662629396975770e+00
1.144308467508071914e+00 1.895895058391338095e+00 1.931922782817298234e+00 7.013616081151178294e-01
1.825620417200969570e+00 2.483649972131933836e+00 1.240156755259785859e+00 5.250317372901188717e-01
1.570207729427631538e+00 1.064289005110312436e+00 1.702737259658815283e-01 9.967524163529908332e-01
2.592401852157032227e+00 3.078262617568229498e+00 2.544274022390303688e-02 2.737855759446300996e-01
7.046197994674557874e-01 2.973865072080347449e+00 3.308835413107224510e-01 7.640980023760896023e-01
1.818231475721984625e+00 2.046416595407797967e+00 1.839175510558881399e+00 2.443367560825327800e+00
7.186954060952535084e-01 1.904388726458876580e-01 2.790779001034126572e-01 2.496139622559251148e+00
1.995561776728108416e+00 1.910475560065432843e+00 5.461617331231057859e-01 2.365619400904965253e-01
2.086964667534330076e+00 6.559707117862646486e-01 2.237602186411953742e+00 1.309468727001418253e+00
1.216855505314395763e-01 2.053914762673163974e+00 1.568496826091388741e+00 6.797023137934046222e-01
5.322102060310158755e-01 2.060918257840904211e+00 1.029881333347405947e+00 2.484050914190566228e+00
1.282353033504267437e+00 2.790014966603140412e+00 1.926350109041821357e+00 1.035431290817828920e+00
7.726667401850492167e-01 1.087183116968399643e+00 2.932243069862126905e+00 2.589181097794443165e+00
1.363490751088990427e+00 1.646248081080464054e+00 1.424366703998468431e+00 1.320784287109731947e+00
2.480139299323893098e+00 2.424914219270612570e+00 6.927656957252337211e-01 1.615331850206115138e+00
2.511396410033292503e-01 2.366562408686011310e+00 1.450276334434195347e+00 2.186390701610085419e+00
1.529973035454504027e+00 2.504194132016186014e+00 7.455757698140964562e-01 2.473311214269244385e+00
2.173104856583348621e+00 8.752110061916075212e-01 2.454403797058662740e+00 2.285746450970099097e+00
1.527962775894644798e+00 5.249610452056113763e-01 1.351344691081350025e+00 1.361173199250797161e+00
7.481747947362743512e-01 2.039808535611339124e+00 1.731695857209452960e+00 3.033381819992831296e+00
9.640970931162415880e-01 2.070914017521995609e-01 2.009806837182128270e+00 1.933756937194307968e+00
1.341577263371554141e+00 1.073163495268659950e+00 2.487420015861395051e+00 2.306929533035028790e+00
9.495409485891690426e-01 1.677841293435983760e-01 3.098471575044910331e+00 7.491450026921777638e-01
2.459603054566580127e+00 2.019845069209051047e+00 1.780955291159664444e+00 2.089474715189687970e+00
1.364573658466199824e+00 2.396362135075736255e+00 4.786075056019484797e-01 1.315544835824008496e+00
2.335250310882123426e+00 2.912209990938129156e+00 2.268569092122620035e+00 4.290315911222651879e-01
2.101680742085708875e+00 2.149155851442777987e+00 1.356916398923146971e-01 3.075534790490223269e+00
6.815390248920455418e-01 5.827228643490393045e-01 1.294721779744202994e+00 6.819625719187200064e-01
5.165720958726326417e-01 1.241704376153612843e+00 6.126115769214215412e-01 1.996507328916864887e+00
6.141351369261841553e-01 1.411249880325393669e-01 2.754480694789561479e+00 1.363562209683354176e+00
1.253320830980811484e+00 1.640200549570478117e+00 2.427213774093253562e+00 2.578566941002478963e+00
2.366233572547193909e-01 7.304049991502076233e-02 8.773196766098576571e-01 1.592854035326344286e-01
1.845255765657007885e+00 3.039463253536264897e+00 1.687651480699431661e-01 2.352845375154859475e+00
1.107041033559147403e+00 2.655168897391456451e+00 2.185310535406473686e+00 1.895315900738265835e+00
1.852627148647213895e+00 1.684353320630862960e+00 2.609873837793756923e+00 1.198533237112463290e+00
1.024021010843650270e+00 5.693076862740732436e-01 1.967919755646979185e+00 4.516102842038863807e-01
7.943969937382341362e-01 2.094977035548499789e+00 1.848790371788635589e+00 1.977741566529011008e+00
2.320484026671088440e+00 2.220678554632037560e+00 1.525056830173844746e+00 2.409419318885745120e+00
1.561922477823179278e+00 6.085809806529697275e-01 9.803270407875968040e-01 1.278592893241536466e+00
2.272520669596661325e+00 2.116904611911440970e+00 1.715600617882159007e+00 1.561872396358935933e-01
1.203083444712057526e+00 2.210050633432937062e+00 2.345764035111608248e-01 1.186645036545929344e+00
7.341568274580246856e-01 1.514275639973910348e+00 1.814666395164606483e+00 3.591875278192637744e-01
2.325557913766650220e+00 3.090398539905188979e+00 1.795827485962349535e+00 1.198154721567267877e+00
1.106730265775552891e-01 2.361160809543759065e+00 9.413484244179041172e-01 1.872220973121632603e+00
2.302351942789686579e+00 1.535024797223055959e+00 1.375018942016453805e+00 9.804634411994540555e-01
1.431639880000707521e+00 1.233232519362171598e+00 3.120167249580007685e+00 2.864579147703018247e+00
2.812992419659048782e+00 2.766977256979166633e+00 1.332674890118118238e+00 1.971494601379718548e+00
2.120184250838859974e+00 5.301744044223923868e-01 2.694562128564367942e+00 3.738781907103156388e-01
2.778475206611710768e-01 8.117970418407096655e-01 1.314966932453552229e+00 2.696517115325868019e+00
1.988862728653243650e+00 3.240658904057143186e-01 8.688970460801328510e-01 1.671096907434012735e+00
1.499649973628400579e+00 5.690132475294814585e-01 1.102139325962183669e+00 1.791093903505235785e+00
1.939534843509151951e+00 9.598993003767077870e-01 2.442483801743273286e+00 3.458962860983162968e-01
1.506880944946279000e+00 4.002830662409540552e-01 1.934627254325982371e+00 1.205688837561578186e+00
1.837821242619926743e+00 3.849889969706937198e-01 2.414909555469280100e+00 4.217197006399638903e-01
2.803118169684408745e+00 1.600600834393575589e+00 1.143221814071977205e+00 2.442207096062659399e+00
5.753622302032047608e-01 2.978726550087060332e+00 1.095397073416603639e+00 1.994290369422079046e+00
3.165015848934167875e-01 2.206948601136661470e+00 2.079758053892078462e-01 7.604625257600606814e-01
6.700685939274175773e-01 5.625010907801850646e-01 5.316825478008486705e-01 1.031547524802266802e-01
2.967326977095405827e+00 2.215894076536758239e-01 1.975798549629865786e+00 1.758127969877227026e-01
7.459835729576775876e-01 1.943113618871083137e+00 6.336251292822553394e-01 1.406527839369934751e+00
2.728806046908829330e+00 2.273769007326869485e+00 1.088231509052994372e+00 3.045554515839682175e+00
1.639878268028771569e+00 2.159317830731151411e-01 1.742181704928828623e+00 1.974976235250652523e-01
1.035581750229357167e+00 4.304927335627581897e-01 6.179317080025646947e-01 1.992918969580424138e+00
1.211387203143985181e+00 2.170274776317543619e+00 2.117912453443272280e+00 1.834320117520015669e+00
1.005951802702127751e-01 1.595635317653668617e+00 6.802773076128857399e-01 2.783633960098490512e+00
1.921280004772780492e+00 1.030772009469643757e+00 1.454404827665532807e+00 2.673431891816553940e-01
1.787100496602936905e+00 1.175016632436624020e+00 1.762926534789313493e+00 1.526477076397434463e+00
8.623286424974865305e-01 2.572982296973933991e+00 8.545693490049865310e-03 6.551578331899663432e-01
2.232094438214682786e+00 5.297081205057139197e-01 1.933041304624155021e+00 3.056405214287882810e+00
2.206235691971083934e+00 2.427378378556212246e-01 1.337319142232949121e+00 5.930260494509018709e-01
6.361648950403606673e-01 1.474921816546181930e+00 3.035768555695149917e+00 3.132247431107667790e+00
2.789589873552448029e+00 2.270138897262009792e+00 2.837306523413626325e-01 2.377900541387242495e+00
1.002524343316709032e+00 1.510134631277464834e+00 2.164209338965306095e+00 2.341484575803789159e-01
2.978531652675806995e+00 2.475360042530940774e+00 2.023686679482201711e+00 4.031897372029583093e-02
1.458695789869070891e+00 1.386106480824157661e+00 2.032077053242875131e+00 2.516118186266624868e-01
9.571929434036563489e-02 8.150519776428789553e-01 7.578447501748309945e-01 2.501257470746688583e+00
1.313254894636809444e+00 1.362611690251866570e+00 2.420225100830148524e+00 2.413467316153881992e+00
1.104060287093600490e+00 3.069052144123738834e+00 2.595163725660970311e+00 2.893889057934440512e+00
1.256732669973576355e+00 1.216918381701132423e+00 2.496729387892433039e+00 1.783374044430027228e+00
3.154886054612145441e-01 3.005578372896780870e+00 1.992890119622765521e+00 3.872619410079669588e-01
9.650930056033274473e-01 2.560102354775354971e+00 2.902113600822168848e+00 2.778761346941118759e+00
1.655382371357336568e+00 5.965592373222908806e-01 2.632183608892134874e+00 8.911954788100920344e-02
9.188657805120251654e-01 2.672768272960866387e+00 2.657393394299443656e+00 1.681673467440301939e-01
1.199532215723084327e+00 1.583411781821105313e+00 2.402245276151931286e+00 3.009633185175060621e+00
1.576578883972570955e+00 1.009899377346229254e+00 1.710373371522994512e+00 1.243720402038916317e+00
8.256070541167646049e-01 7.918325349748416286e-01 1.760245430670720035e+00 2.001074148289240906e+00
1.907600108818249485e+00 2.390695132732043593e-01 2.910577672216067224e+00 2.267618730640156774e-02
2.555423455171774716e+00 3.181624497160466802e-01 4.065836768232303777e-01 2.525749009665865241e+00
1.681663646495016318e+00 1.266988380219504995e+00 1.518256122808120612e+00 2.914899750539824197e+00
2.093892980598152320e+00 7.135474898612744754e-01 2.315786873600665707e+00 2.936891818886960603e+00
9.608601347458505249e-01 2.788188146650614208e-01 1.936720744576370945e-01 2.908333631021403853e+00
2.148463595239541224e+00 2.273168615341270460e+00 1.129803842858091434e+00 1.892619802351272362e+00
8.359951362606209413e-01 2.860159708820427582e+00 1.880267477481263994e+00 6.414117683305178286e-01
1.283434789986440672e+00 2.230316479181901013e+00 6.535519621525813783e-01 1.782990793693308706e+00
1.129650254807346293e-01 3.195826970090984709e-01 4.755513566782160195e-01 2.994288659147770204e+00
1.959809672220840515e-01 2.145062558552295329e+00 7.187587585102808152e-01 6.467657075036126191e-01
1.911338805288801623e+00 3.245828504616665722e-01 1.428020544129115832e+00 2.433114900083520382e+00
2.771423070414806844e+00 2.646530552194014188e-02 3.332515367509096826e-01 1.482535512749393769e+00
9.677398834843368158e-01 1.134522216042866960e+00 5.287727896017356821e-01 2.248301532686977300e+00
2.641323377982850662e+00 4.288199552233175060e-01 2.613454807355886977e+00 2.163294882609573921e+00
1.831771104886028123e+00 2.707989728000737895e+00 2.649526373161862569e+00 1.436919987759595285e+00
2.018912171431709535e+00 2.711550360821442851e+00 1.782664945661526223e+00 1.839976578600402091e+00
1.064563366168458147e+00 3.749127843479046485e-01 4.694297159982112055e-01 5.685949915495189799e-01
1.486030005250410513e+00 1.891850474106182789e+00 2.628230525911841475e+00 4.471998476695021596e-01
2.498407862984449446e-01 2.908216435278309309e+00 5.280463335110342077e-02 6.085250168359014333e-01
8.676201415875167688e-02 5.463557005001301592e-01 3.072958303767590493e+00 1.855560320760916593e+00
2.878078385029670283e+00 3.036821912301925219e-01 6.989792436257934449e-01 2.180195724825845893e+00
8.200731000656201752e-01 5.946811651391676889e-01 2.276582665039303510e+00 8.397342932517026792e-01
2.363743679104819861e+00 2.246589212025847271e+00 2.663848590909728475e+00 3.036683903048768229e+00
1.103580673178765625e+00 1.797829208058451256e-01 7.376975810532514499e-01 3.068817034365382668e+00
5.933367180225205262e-01 2.030276840249559012e+00 2.614144862381984069e+00 1.670697182257179669e+00
2.504959198746046667e+00 1.185428570629363659e-01 1.077148936512237309e+00 3.038072044056352450e+00
6.479680058665342191e-02 2.243214474620671250e+00 1.212546049604590559e+00 2.906863095542441489e+00
1.533961397365291468e+00 2.019034691482838539e+00 2.460575405312081188e+00 1.971884828204796714e+00
1.025913779143089233e+00 1.915656186197550515e+00 1.661041777335880099e+00 2.536144801539643723e+00
1.280136079271677385e+00 2.537244606473267883e-01 1.920853857090011330e+00 2.669212356981294665e+00
1.899799318701235862e+00 5.506598859288318604e-01 1.183340869958670716e+00 2.943934874690075532e+00
2.425013370399494494e+00 3.072723130774408062e+00 3.766579230189895933e-01 1.255404137633518546e+00
9.669334792562102321e-02 1.782585391503862526e+00 1.135768429326207141e+00 1.519881891607197000e+00
2.929315283169112494e+00 2.797659237311473035e+00 1.288376677272881521e+00 2.923023557563829700e-01
2.228034405825310149e-01 9.374360720380400247e-01 2.304401723978210192e+00 1.783339867632599329e+00
1.805355100467536111e+00 1.665373258873095619e+00 2.683675254465629489e+00 1.081443074071955779e-01
1.439616485657376987e+00 2.910175618042395662e+00 2.577856242922268670e+00 2.532612934527274984e+00
2.636635675347729801e+00 2.555075301078418182e+00 3.114211101665226078e+00 1.912656907515896398e-01
1.149736080616324596e+00 1.857705146255876683e+00 5.034958681847890860e-01 6.072315629983893182e-01
1.302473393948931468e+00 2.050218520896332386e+00 2.071048378296672432e+00 2.149838374139436403e-01
5.312322783901997081e-01 1.615668382804210101e-01 2.939357766368570601e+00 1.518682488886533788e+00
1.109047667203156839e+00 1.296453377265426310e-01 6.541688366243667563e-01 1.410295879561270782e+00
1.704364346127382523e+00 1.157257245485520336e+00 2.655660348586558861e+00 1.253876393701655934e+00
8.375412742276049094e-02 1.465338069941674481e+00 8.518467076116569281e-01 1.186155958988140968e+00
5.484568339293642847e-01 2.759509346645555361e+00 1.947265131379277703e+00 2.474646896988514921e+00
2.347301711714979700e+00 5.236780150588747906e-01 2.049554809630638186e-01 8.510469745885734794e-01
6.082676433849798503e-01 2.996167400628329425e+00 2.353672088687255304e+00 1.536350986265581087e+00
3.991090117801227022e-01 2.342335222449788701e-01 1.137002518069042400e+00 1.070378175012670185e+00
1.029402940595490090e+00 9.172203132313949681e-01 1.604177280852399079e-01 5.602412442758569755e-01
9.631597013274628694e-02 2.584798663669912067e+00 6.115704074621378661e-01 2.363414217134430118e+00
2.884636924778885447e+00 2.068736851937015064e+00 2.602403303791597011e+00 2.504394168866852954e+00
2.249673919134985933e+00 6.260418637341820247e-01 1.378712709400905956e+00 1.061028181371083123e+00
3.245279438927007321e-01 3.091708229012938292e-01 2.095785764298389253e+00 1.368095941545905303e+00
8.993162038569818550e-01 7.095678140874269735e-01 3.060987587273565236e+00 1.038086743546866142e+00
2.015902153730607438e+00 2.084316034091854009e-01 2.148841242353274339e+00 9.602804013600925448e-02
2.137445794222735618e+00 1.179596879755629102e+00 1.445348063991102050e+00 1.718582521037044453e+00
7.393941513724895387e-01 1.048091139518601667e+00 1.242783103390722399e+00 4.534592116846500875e-01
9.331086684589243729e-01 1.125686285535470343e+00 2.055671925291365554e+00 2.264074565338273892e+00
3.283875246718611085e-01 1.470771014769328700e+00 3.669583292728605950e-01 1.134266854896625709e+00
1.586281716104913198e+00 1.295848339648681513e+00 2.009505632873486158e-01 3.441679864444792680e-01
2.774647589230959444e+00 2.182174840962267215e+00 2.969422923042448481e+00 1.746858831738465900e+00
3.242952042449609440e-01 1.352384712844164061e-01 2.889421379253643174e+00 3.999507019720164452e-02
2.437965362397994884e+00 2.785963122303842798e+00 3.767515626891016489e-01 7.361707497879098339e-02
1.381565460314844174e+00 8.514340581524998397e-01 7.619441195449296877e-01 2.111877411722232090e+00
1.583221271178636869e+00 3.088130443565059391e+00 1.682757889991415068e+00 1.679137020315691009e+00
1.420066369889623203e+00 2.280336297857494809e+00 4.628282280716044528e-01 2.797584872856529792e+00
2.848921269840009707e+00 2.254599162052226102e+00 4.954688405345871183e-01 1.978698344573962542e+00
1.639078971830994824e+00 2.568884717023625974e+00 7.898287404279459301e-01 1.491667645358283556e+00
2.697121230531115188e+00 3.054939208505457415e+00 1.794181712703515119e+00 2.468407898214728835e+00
2.279403086977637827e+00 2.923115627531185368e+00 6.370880510068561708e-01 1.841720733689947431e-01
1.730990493748210568e+00 2.342986812320086099e+00 7.777489105818146120e-01 2.760074897413036688e+00
2.165638060830620937e+00 2.475954444988146541e+00 1.436514747147915605e+00 3.712596469183904735e-01
2.173927081759523094e+00 1.667687548282415833e+00 2.385473354096705023e+00 3.124895423825361895e+00
2.903701378457569593e+00 1.327998068561741185e+00 2.382607159808509234e+00 1.141704640639802371e+00
1.043109268177324411e+00 6.279504887639139055e-01 3.026648120146362420e+00 1.633414094669495498e+00
1.000135932889555379e+00 2.447386767847322453e+00 1.779177595824686930e+00 4.649183770997806775e-01
1.576688882856363438e+00 1.013347285244740936e+00 2.234680623715988634e+00 2.544193068219747111e+00
3.053751907753242456e+00 1.627029668344239566e+00 3.720072238786035212e-01 2.632456509316313031e+00
2.761574314301117550e+00 2.974758775526827215e+00 2.555367405960569105e+00 3.116169608726256701e+00
2.391816559472742743e+00 1.658124377488457313e+00 1.619074214648052790e+00 2.281003735569007596e+00
1.986906017174961958e+00 1.788758879783665323e+00 2.769355799816345609e+00 2.670180187029432162e+00
3.093459493059577348e+00 6.031659368326498516e-01 2.668138823511668090e+00 7.411880816193362476e-01
1.865311476696417614e+00 1.714028314590640978e+00 2.405006169869876587e+00 1.291873913416895059e+00
2.561773279027711236e+00 2.240502408369062337e+00 1.758020361420540967e+00 1.635598784652590787e+00
2.422164121235723666e+00 2.296313872330645101e+00 2.581910200658751542e+00 1.778967245670204589e+00
2.915930687197769711e+00 1.980962773235126706e+00 1.609855307890273091e+00 2.785703950922153282e+00
1.343239338214277101e+00 1.515039280246617936e+00 6.792039024624441090e-01 2.202829422337801102e+00
1.236690304533992313e+00 1.496773014934365653e+00 1.029786057392847454e+00 2.273326554000753230e+00
4.697310569112679857e-01 1.679923175793086143e+00 3.103392401318850191e-01 3.544723216032188429e-01
2.039508143637402515e+00 8.838225732639298782e-01 2.120675609217562929e+00 2.213790692951338013e+00
1.704796035222428729e+00 1.577887646840071767e+00 1.879818623247085485e+00 2.840882793669467166e+00
3.578197930193636189e-01 8.464907681143655216e-01 5.180736561297567544e-01 1.004575646142016776e+00
6.209066192668973860e-01 1.589284948605240277e+00 2.979634947515737320e+00 1.816966904797396865e+00
2.626245089179531256e+00 1.090837504091618948e+00 5.869134711591401238e-02 3.031152552981418946e+00
3.896323925451444792e-01 3.037117821032158105e-01 9.070201786938596467e-01 5.176853582357875405e-01
2.879503582323529987e+00 1.176388219796532381e-01 1.961494810171261483e+00 1.137984934559229444e+00
1.747511996648893062e-01 8.188434666820992858e-01 1.203568886667133908e+00 7.207635859717027582e-01
6.094691027677232587e-01 1.773605480665123579e+00 1.850602757706242496e+00 7.927624249532490286e-02
1.964712674422018468e+00 3.086311484269665395e-01 1.114207028619351725e+00 1.920426340252253228e+00
7.990566731935917488e-01 2.471758426850798052e-01 1.910480779162407217e+00 1.710354031822406196e+00
1.813300279261123915e+00 1.071118018416785889e+00 1.486479981284973551e-01 1.280752931691727881e+00
1.166181763315706998e+00 2.438757392005509228e+00 5.834645687516418766e-01 2.462370903537541178e+00
2.314060277252269149e+00 2.474771212734156123e+00 2.131962386421521138e+00 2.929059325536468528e+00
4.981661372099545071e-01 1.077467947734583209e+00 1.081313761957901853e+00 1.539670301543911712e+00
4.089237505986026977e-01 1.025754670908796129e+00 2.458527240393135194e-01 9.928073229227886154e-01
2.608846425808402536e+00 9.452995605507850119e-01 2.561978801026520980e+00 6.903452006935458796e-01
3.026384215605965267e+00 1.780430816018802487e+00 1.038704043830912971e+00 1.666082316058787649e+00
2.962426609310999659e-01 1.870511726174626799e-01 2.643770596543486562e+00 5.541131374102219176e-02
2.612311186255916517e+00 2.989037806396336538e+00 2.948377320374067079e+00 3.780543761564745808e-01
2.785046163946493625e+00 4.912547494525615344e-01 3.400300851823151449e-01 1.076983638389430453e+00
3.576704723710770750e-01 1.106511617014086291e+00 2.285016978319996728e+00 1.455016806287501518e+00
2.842865081561441354e+00 3.093883216503293010e+00 1.814179436134838452e+00 2.123943018098171098e+00
7.540133477551375085e-01 6.463496040403207132e-01 1.196760358832078319e+00 1.240350321261697752e+00
1.577626696173525023e+00 1.195035220440943124e-01 1.486988712017952130e+00 2.930807826657220616e+00
6.236962466231590341e-01 2.131091221513453871e+00 1.719437642192416238e+00 2.992941962930672162e+00
9.399900882893257315e-01 3.343973341235716989e-01 1.737571092940367379e+00 2.962809874395290199e-01
9.127880641304956244e-01 1.675010975144876957e+00 3.047541879251218333e+00 2.855906285185383808e+00
1.403916011929735808e+00 7.991649722062348360e-01 7.405396541390041332e-01 1.708405235470430716e-01
5.082794936404341213e-01 9.194133320954928079e-01 7.822481358490430692e-01 1.149990345419196758e-03
1.154543312318031312e+00 3.116667905862616994e+00 2.877810050965013744e+00 2.023913696853340660e+00
1.270089824669323963e+00 2.197022854305010764e+00 1.437401435072662936e+00 2.346331187111774685e+00
2.152804497056461042e+00 2.882067015084546657e+00 2.775449516951434603e+00 1.493355737890353474e+00
2.074269432491421039e+00 1.379015797760083428e+00 1.791765544444553049e+00 1.489628371188800093e+00
1.858932578059832252e+00 6.419709077689477184e-01 2.550801380969866194e+00 9.043897699918728161e-01
2.417402566569938904e-01 2.560147576435650496e+00 1.013916635666904043e+00 2.132053223307402767e+00
2.965151057547758207e+00 2.819027784524160474e+00 2.427396190019942779e+00 4.346530281927545869e-01
7.865788505474229364e-01 1.207475536006512362e+00 2.252194575091071904e+00 6.770554375564379057e-02
2.524883798873301277e+00 4.500657901113627735e-01 6.231940428717820391e-01 1.539891433707283541e+00
1.027292823387718546e+00 4.276061954570310464e-01 1.794439464517897598e+00 7.090240116280770444e-01
1.206211762682871225e+00 3.626556854861922030e-01 1.495409170844919977e+00 2.414572973770748643e+00
2.438264402515190332e-01 2.150860984377853113e-01 2.191183945421928847e+00 2.962843728770062857e+00
9.124992409892686007e-01 5.076426840352581404e-01 3.102006863456367114e+00 2.095711684017515619e+00
2.613451581755139141e+00 2.920670165745878899e-01 7.487352220036883055e-02 4.238760111742426728e-01
6.973272036756432701e-01 2.396552698020434580e+00 1.833508043442933166e+00 2.742245706863131627e+00
2.369676863310905990e+00 9.348947906148560305e-01 2.536083929630883915e+00 2.613016600402293665e+00
2.198109469045936293e-01 2.937466666117816594e+00 2.616757099947568221e+00 1.109728778643398472e-02
1.829246196904736610e-01 6.718976362153675774e-01 1.599329826393612430e+00 1.341718750566266216e+00
6.784498448023364991e-01 3.188104535555874586e-01 1.975143305135359739e+00 1.200759719775474244e+00
2.293797511473025352e+00 1.039558089650954198e+00 1.228923896046778097e+00 1.700684495093381932e-01
2.111182946618472389e+00 8.621630675082526674e-01 1.076021225858076580e+00 1.262229639199500486e+00
9.219615056202376535e-02 8.086854845813109538e-01 1.780600958365382569e-01 1.137251645149697676e+00
1.292037049983062902e+00 1.615435417669736085e+00 1.777511629103448065e+00 2.845810308844820558e+00
2.123344641957784606e+00 2.876527298943486244e+00 1.577872291224903467e+00 4.720288741884078876e-01
1.743807493700191558e-01 3.001025879647210903e+00 1.711186062197628921e+00 1.373106257533619701e+00
2.516350416841401483e+00 1.025643398627124947e+00 2.261311287991883967e-01 1.499984124254880813e+00
1.367526613735199348e+00 1.696431883194794210e+00 2.425063395357747176e+00 1.685300758892494866e+00
1.838084954192176879e+00 2.735087826322372351e+00 7.998514853558303939e-01 1.021536672277589819e+00
1.189048076001504528e+00 2.497460939118006262e+00 2.549470003954545483e+00 2.822743464956808612e+00
6.320257798485090506e-01 2.142428822558342993e+00 2.169980672876972161e+00 2.225540754518224862e+00
1.994155153108335465e+00 1.559282241813488401e+00 2.841596728572449715e-01 2.272740633816130895e+00
1.744333995191047704e+00 2.183978299778556842e+00 5.251255888014851880e-01 1.106467172718797132e+00
2.841933868192712875e+00 1.285950244144042909e+00 2.844886375300494930e+00 1.630423596898728789e-01
1.773297027989353181e+00 2.885133024195348117e+00 2.971421446077873618e+00 8.388698749576266600e-01
1.322961675640456525e+00 2.316496295823708529e+00 2.191320237477181188e+00 1.224371703539589795e+00
2.011137055328179102e+00 2.077552644697938655e-01 1.218589861693147425e+00 8.108355089820122596e-02
2.808318897451167029e+00 2.732356071941255404e+00 9.826856534167160984e-01 8.522588571299930527e-01
1.702331071740914137e+00 2.679237937286011562e+00 8.794493623220034362e-01 2.150485984343869283e+00
2.461342485842958450e+00 3.097862176377074395e+00 1.625197207654506926e+00 2.425161025420205174e+00
1.745666353876197327e-02 2.238103260964152685e+00 1.698101716002158312e+00 2.352218823633508205e+00
2.246494777182304947e+00 2.229656606481048797e+00 1.667777721268668412e+00 2.325394215728737279e+00
1.730266400363824619e+00 1.432919503741162615e+00 2.239377308207727513e+00 1.209154361081870688e+00
2.743652999782012269e+00 1.122144924355410023e+00 2.984257665833763618e+00 1.441253727197699286e+00
2.277291738952082589e+00 1.703709085961444547e+00 2.928185702845562233e+00 2.011678196379455663e+00
2.443985807696965329e-01 1.938050354969711897e+00 1.262762406387153424e+00 2.280001992276403211e+00
1.617356437431722416e+00 1.913211545582016448e+00 2.782271563804391334e+00 1.794235707209014485e+00
1.545113718548669912e-02 1.716789229310467624e+00 9.445765025337240495e-01 3.391642140578676190e-01
2.010702361828558438e+00 2.768694398639564902e+00 2.788905279752618593e+00 1.114983216926702880e+00
1.795681084715903042e+00 2.102697783673588283e+00 1.500000550570493418e+00 5.640259835092755747e-01
2.040938395766000113e+00 1.239585872082376028e+00 5.982240428362584073e-01 2.716162108265970598e+00
3.140323217062535033e+00 1.507359444624939870e+00 2.637185950509000509e+00 3.131918165228718909e+00
1.958253920881189103e+00 1.027333815294455555e+00 2.898003601234858895e+00 2.489021755025154214e-01
1.573244998409728979e+00 7.874732428304042076e-01 1.540028012906542232e+00 2.947459739040114712e+00
1.456334131378966168e+00 2.583183180908632082e+00 3.783534463483524957e-01 7.698677131196016710e-01
9.126040967562095707e-01 6.766451361999240577e-01 1.128076648138655269e+00 1.473924751909545527e+00
6.632449825975883506e-02 2.365563308290504541e+00 1.201423747339347647e+00 3.238480151841338639e-01
1.853267829933478827e+00 8.079072244487125465e-01 3.954768552512925028e-01 1.908280517885638350e+00
1.806022851820595410e+00 2.305216871843244864e+00 1.289276108336867344e+00 2.387319411412523046e-02
1.722757767396024375e+00 3.026737100685382154e-01 2.518745424533678445e+00 9.163513262016347027e-02
2.846752122446005284e+00 1.178043792051037153e+00 2.655660275389211566e+00 1.614808849275317870e+00
1.112608645188021494e+00 1.972673543989474698e+00 1.097835752245959862e+00 6.140605334783731939e-01
2.041408661780612199e+00 2.624459907437128869e-01 2.184494325921878755e+00 5.464916729809058404e-01
2.294020071969046004e+00 2.392872924640969234e+00 1.041262276601492287e+00 2.408085576388441576e-02
2.374854927660739801e+00 1.747778047544313207e+00 2.836079471135657393e+00 2.285207503405571661e+00
1.001206428830407669e+00 1.621568447127730961e+00 2.396895513022287538e+00 1.886409178234695005e+00
2.085512500640887890e+00 1.082437999384824767e+00 1.673132937032094203e+00 1.604869948359084253e+00
1.730640267982348934e+00 8.589161985199249560e-01 5.170904790568403575e-01 1.774041378056961049e+00
9.183789685246835921e-01 4.551512360169449045e-01 2.883536967632872039e-01 1.894952130552788550e+00
2.034471209955515392e-01 5.552239983555956604e-01 1.077656624052571788e+00 2.445815790896058495e+00
2.851547636712946421e+00 1.395273938546417680e+00 1.508811372396735795e+00 1.807709408161312759e+00
1.546274488586506735e+00 9.236506981320534437e-02 2.302852598997861822e-01 6.479122439804226863e-01
1.537990708744654489e+00 1.894847172629428256e+00 1.272380900059270736e+00 9.743110883720459969e-02
1.843275201420925713e+00 2.551297217864741285e+00 2.121372202137207896e+00 3.375058746985679092e-01
2.218999794292193517e+00 3.013697394438976662e+00 1.717928096844160812e+00 5.065004343379913010e-01
2.070134589934212066e+00 2.627846267668765279e+00 1.386785513668879810e+00 2.204548105389327883e+00
2.300521679989327772e+00 2.172606988893755364e+00 1.056997852157384843e+00 6.524976509762168142e-01
4.312117528669615618e-01 2.144732877037844876e+00 9.170060332550794557e-01 1.731846666097825782e+00
2.612639475493599317e+00 3.140177236757901724e+00 3.129131088497365987e+00 2.547607257505356770e+00
3.773513108352865020e-01 8.890346046354057341e-01 6.628736397487194898e-01 7.170320320184982998e-01
1.321899923369409091e+00 2.202132418976687322e+00 1.998201290774255678e+00 8.682156757743116904e-01
4.526637258301258737e-01 1.242400577208501611e+00 1.769183225483614397e+00 8.991955400500795115e-01
3.013563428210203288e+00 1.677415677818568707e+00 2.877829380137752580e+00 4.299980054910694793e-01
1.204242242421771802e+00 1.930580115844789946e+00 2.515470875748125223e+00 3.086366960475480870e+00
3.123653490332714000e+00 1.247826958693850630e+00 1.527981213733955013e+00 1.809913976167169425e+00
3.042703277477046608e+00 1.979591109657261150e+00 2.868752169274501274e+00 3.154455585996874811e-01
2.355395983647598168e+00 1.254727498036002364e-01 1.406515536564978408e+00 1.549013831201625724e+00
7.435083487774135635e-01 2.306572482153100845e-01 7.879955376185953098e-01 7.023152391057727595e-01
9.181865193613673037e-01 2.110081097760767133e+00 2.682245907307880373e+00 4.969447613500508482e-02
4.980396404517262732e-01 1.778486418140815761e+00 2.951114889398263053e+00 1.857272070880578108e+00
3.117586404172004055e+00 1.275453937363936419e+00 6.567482877813241027e-01 1.988542985560649567e+00
5.385774899875883648e-01 2.161222823871312482e+00 6.867074944205547871e-01 2.191005608037059904e+00
1.527005107935538675e+00 4.017026607899965712e-02 1.667936671225401568e+00 2.847661572914450989e+00
1.886990834464042921e+00 2.175139022146712620e+00 2.113018840309287771e+00 6.802026933236454687e-01
2.861376295256925939e+00 1.952551122508669801e+00 1.242584325857245098e+00 2.204828188715917126e+00
2.473738269693460112e-01 1.477476152663992348e+00 2.751531578629874186e+00 3.461441173388629111e-01
1.590927717668508545e-01 3.862367971580432102e-01 1.638171693642878290e+00 1.099213424739308609e+00
1.160115397315501840e+00 2.376536242666597687e+00 9.191479041896923885e-01 1.914916730986112370e+00
2.956254258899089660e+00 6.809165870297649859e-01 1.134732507202064200e+00 1.184790121978042343e+00
1.432778191060033457e+00 1.561262485868262662e+00 1.585076590485592574e+00 2.792461894058983596e+00
2.386690462065531815e+00 9.524678474156480501e-01 1.582667010270340180e+00 3.114675493323571409e+00
1.251964889262138447e+00 2.684683664671830616e+00 7.782721901305499346e-01 1.352362649496980040e+00
3.476572622259970768e-01 5.075093547624338619e-01 2.726366686168383083e-02 3.655452545456117641e-01
1.589870777347011988e+00 1.646703424515261860e+00 2.767911657385225155e+00 7.627225534387154227e-01
2.515593403376428228e+00 2.537363818877847343e+00 1.113166288704754203e+00 6.089742100345280074e-01
2.339749092031276234e+00 2.892416096129452274e+00 2.720181874525200438e+00 2.192420054132984963e-01
2.111275928291568516e+00 2.249353574075685369e+00 2.685846049054402496e+00 2.905771174024202708e+00
2.534380908892094997e+00 1.408724199028187629e-01 1.329252323715873985e+00 1.633575868193285041e+00
2.102194429958410105e+00 6.148039973786845191e-01 2.689618427589597349e+00 8.114361507301059984e-01
2.479049712226851110e+00 2.442188721591187051e+00 2.229562782841948643e+00 3.128980340712768982e+00
1.362520129294644000e-01 2.198836500831280905e+00 1.121803566614664405e+00 3.007697778094510888e+00
2.603281862951205117e+00 2.291359788859790747e+00 1.516349322704393154e+00 3.006708802417048965e+00
2.816273355466232697e+00 1.840800677753307690e+00 2.340800181312638006e+00 9.076347985526646012e-01
2.147057104551439277e+00 1.808889943981240922e+00 2.719672076706351582e+00 6.295972409022712046e-01
1.266928651391011629e+00 1.899931888971833960e+00 6.873878076096739953e-01 1.857167345541834269e+00
1.942786909758351888e+00 1.668323359343965695e+00 1.762753880604245538e+00 2.048160593098355964e+00
6.111431922957830665e-01 1.855101930445282044e+00 3.869206752360136031e-02 3.098851968039623372e+00
1.866311631498034362e+00 2.736937335275505756e+00 3.929409881789787118e-01 1.883175804842361023e+00
2.786731947820064725e+00 1.655966592996802378e+00 2.151724483401393218e-01 7.390107330484247949e-01
1.538197402373956413e-01 3.093976903352708696e+00 1.526231079665553381e+00 1.877728288477005902e+00
1.472932870038643705e+00 1.695571850052139284e+00 3.010410830182924879e+00 2.079438916035037721e+00
1.052793497206811896e-01 2.630272767401163669e+00 1.740856297839817879e+00 1.058238151566816887e+00
5.339445871307452185e-01 3.935770672776160439e-01 2.582087377505545511e+00 2.948239073438901681e+00
8.081889711994976189e-01 2.780071362506311594e+00 2.057063018728145565e+00 2.988195783877736211e+00
1.376196878312316185e+00 1.303826627473484212e+00 9.177649195258549275e-01 1.667121527395524883e+00
1.626166059551501952e+00 1.444472130705827251e+00 2.093425015363697739e+00 2.747136208285596126e+00
9.096123897852070872e-01 4.304868724879296060e-01 2.679695484150875551e+00 2.047541041966953745e+00
1.570954495574424514e-01 1.005647798045259167e+00 2.855240316745741413e+00 2.560135128305755625e+00
1.953912380494998935e+00 6.059903845401776179e-01 8.752930355993021605e-01 1.043369693397428355e+00
3.079197755264639458e+00 2.554052403220662182e+00 2.710711860448113075e+00 3.876005326449925847e-02
1.297982140620903557e+00 2.264353414888256033e-01 2.115719476804623245e+00 8.451854095952143764e-01
2.572468094152447482e-01 2.611256937032230052e+00 1.111377672505349912e+00 3.093789108524396703e+00
1.293090275637529096e+00 2.124050087314637292e+00 1.654806067674381653e+00 2.494643438424752002e+00
2.649662598904318322e+00 2.084125036933814457e+00 2.801164151417277370e+00 1.315733653055135344e+00
2.905737148744549803e+00 2.693696215957521289e+00 1.843473592994640198e+00 2.876825923799784412e+00
2.269515483702669034e-01 1.983696052921985364e+00 8.733517422329903912e-01 2.840547187895810399e+00
6.199980071143560423e-01 6.184381563179746077e-01 2.228420381532142613e+00 4.325910413409325139e-01
4.708039467495134245e-01 2.478011322040006181e+00 2.742902813243945026e+00 2.247676986839594715e+00
1.746283755606426125e+00 4.820405997887478033e-02 1.893704581519583874e+00 1.441935749140966116e+00
3.446069372370328954e-01 2.909689113827587992e+00 1.028218483433266606e+00 1.319435481043938596e+00
1.022343531028494512e+00 2.930125461022266897e+00 1.160049068188177213e+00 1.741910199964354033e+00
2.477876994984022294e-02 1.785097729472169270e+00 7.586126617562750640e-01 1.178453494522317291e+00
3.506165309453034840e-01 1.630585571528931466e+00 2.812080699308001641e+00 1.443419598151576055e+00
8.791800818859671907e-01 2.286119777605083669e+00 2.687893021834867557e+00 1.578213077730189040e+00
1.366201491075700103e+00 3.097469588115502326e+00 3.307380094223958955e-01 9.628940936564589492e-01
1.661608905734770936e+00 1.950679958751560639e+00 3.013071918415052064e+00 2.349908800960312405e+00
3.032087468756182513e+00 1.268882546839990688e+00 2.822117066340117386e+00 2.064570269683789761e+00
1.206621041412869744e+00 1.518211141009564225e+00 1.946166062988385681e+00 6.457182988317069494e-01
1.323880448550316169e+00 2.678024175088090431e+00 2.224147753188489673e+00 1.664456445423330821e+00
2.647036109641902168e+00 2.522941619148583836e+00 3.169266012093249207e-01 9.232640908042063499e-01
7.822181374056670355e-01 2.278758673968952486e+00 1.648958202866877665e+00 2.617780473442336220e+00
2.142792464842348199e+00 2.745128900487407986e-01 1.232564561480752774e+00 1.864837899044926139e+00
3.076981040893449482e+00 1.830864722838393410e-01 9.008868185759454084e-02 2.957756288938438782e+00
8.658045962964472375e-01 7.330561006216219574e-03 3.372866917207330024e-03 6.967812800184308708e-01
5.133346549709438822e-01 1.258276883603731910e+00 2.352939919246457845e-01 3.519644111234429551e-01
2.785086441080927511e+00 5.326103011542444587e-01 1.793371512134622314e+00 5.112148188841129093e-01
5.131643300561462562e-01 2.700148201323006703e+00 1.898993492508179504e+00 2.438431177037363895e+00
1.795561385715653602e+00 2.373230460804113484e+00 2.582408679649799588e+00 7.170616263003406488e-01
2.761894965884017061e+00 2.083002003320028717e+00 7.123836432396497553e-01 1.673339388588838128e-01
5.962293983840086797e-01 2.273224191658886895e+00 2.668599901852489076e+00 1.188702152172075310e+00
1.352101891541826584e+00 7.296318590366490664e-01 7.038013671354317324e-01 1.505860934322093003e+00
6.232898366364331144e-01 6.945244308857062565e-01 3.866415505632100902e-01 2.680630701235515723e-01
1.941270150748280798e+00 1.613484577590548197e+00 3.112096778202261493e+00 1.862676958948086936e+00
1.747418608833756659e+00 2.486500711090560561e-02 1.801506305368828720e+00 1.146593944402355403e+00
2.307138464913997655e+00 1.823532768004993532e+00 2.010641225734029813e+00 2.654525040712063522e+00
2.322136710831890216e+00 2.928052968902859821e+00 1.409920644933464473e-01 1.748875317205024427e+00
4.292642061370651740e-01 2.154685332138301046e+00 1.849614145348214445e+00 2.319458635665565094e+00
2.134986771213778223e+00 2.273038605744737595e+00 8.064824879754555198e-01 2.241418141615187487e+00
3.107572165093046568e+00 2.191249738845830186e-01 4.305265788514834324e-01 6.939459984004869852e-01
1.800729829758632272e+00 1.701297968030294872e+00 6.604932573355367653e-01 2.656342890670216672e+00
2.466480305707369869e+00 3.512300329702397472e-01 1.639535550547379428e+00 1.972955928269066073e+00
2.496589329642429522e+00 1.365755524284832712e+00 1.464725618262448403e+00 2.941863000474874987e-04
3.549308379363720345e-01 1.734672157094798994e-01 8.947011781359405502e-02 2.599024492656099028e+00
2.304644771518447488e+00 1.599989564413802912e+00 1.382157898447752276e-01 9.801770424505077406e-01
2.009814471580474216e+00 1.037108437678871287e+00 2.482470467550750293e+00 1.375224733967643498e-01
1.144625178543978716e+00 2.547111347048293339e+00 2.133795692984442827e+00 1.731587369878258897e+00
4.772672441439923530e-01 1.818712775246858593e+00 4.855823451375779198e-01 6.014413501743760548e-01
6.148791212549856722e-01 3.311119917776801369e-01 2.756356602460158012e+00 7.741522690005094853e-01
2.843717772462988513e+00 7.694899793245419950e-01 9.877881622775156467e-01 1.581641457969891862e+00
2.884048722691857858e+00 4.423468070435133126e-01 1.236508277794201360e+00 3.788855982394347954e-01
4.845191689175649130e-01 1.200926165166308346e+00 2.863905897996820715e-01 2.996382285744184415e+00
1.573589791184682785e+00 2.867430141220898676e+00 5.486389153101078886e-01 6.943790987950679838e-01
2.715722397608674843e+00 2.229014642173918315e+00 3.148524031312045779e-02 2.972382275405541563e+00
1.244977295254890315e+00 8.118095758789968253e-01 2.351987623624851587e+00 1.347435396310886935e+00
8.986097594454847681e-02 1.832740174001798339e+00 2.816078045354985626e+00 1.397335594545376702e+00
1.225689927472021434e+00 1.282678138095624920e+00 2.772573241392845556e-01 6.599580152989824589e-01
1.539528816598294103e+00 1.425339353286978694e+00 3.105519243239017957e+00 2.487613305026452615e+00
6.754873272144943375e-01 2.557608292312422704e-01 1.573051427835834071e+00 3.054858632303005361e+00
2.228398206877287180e+00 1.435555266965957921e+00 2.973440746626015319e+00 5.268462209316533418e-01
5.216999265247280748e-01 8.458650598796446651e-01 2.986621042259103742e+00 1.465371834115402949e+00
2.070777903156900135e-01 6.319904655870096644e-01 3.099410955616568764e+00 2.793455525430397657e+00
1.697923300474956543e+00 3.122484368855922732e+00 1.506029765376661222e+00 1.741071064225866161e-01
2.285082658426258018e+00 2.392857107378573822e+00 2.367794343593519368e+00 2.615144737561186261e+00
2.932730634486874877e+00 1.586109263046815876e+00 1.181874010332962355e+00 5.223029545590223144e-01
1.073053473421823334e+00 1.519374654454331619e+00 1.394123791166565152e+00 1.565198777226001647e+00
2.601153755101860643e+00 1.884408300785190005e-01 2.086431316238530176e+00 2.658351406514775306e+00
1.306550049150874693e-01 7.647524084136061440e-01 1.235220241863512980e+00 1.511720603090474402e+00
1.009875785582760921e+00 1.793194792767357715e+00 3.793091379718405709e-01 2.244367218756726512e+00
1.648003502937097853e+00 2.632671366174091365e-01 2.462336821536446507e+00 1.119566909220323536e+00
2.634974645882861122e+00 8.128255358122633556e-01 2.951644262285160636e+00 1.818927697024421919e+00
2.177671240851402512e+00 3.076516631392520740e+00 1.795258502294321046e+00 2.475226013530932079e+00
6.365647031259540345e-01 4.644078679264460607e-01 2.055423556490407311e+00 2.836783342582455347e+00
2.071699227280208166e+00 1.615599216896920209e-01 3.217315507132942343e-01 2.118855765927769141e+00
1.997283293596046061e+00 1.561626620541787913e+00 2.682247295079711158e+00 2.541602517698631214e+00
2.416807941539768301e+00 2.724675362953874469e+00 1.211840648143954979e+00 2.061948641528125847e+00
8.445664505013212864e-01 3.462482422032334139e-01 3.094260172376436913e+00 2.901769769434161983e+00
3.073178352743216379e+00 3.746547466007623672e-01 1.916834108515815815e+00 2.266276543719920156e+00
1.281228122300531513e+00 1.504991292864974461e+00 4.730931076497841281e-01 1.587951788517862228e+00
2.216020083551310638e+00 8.069119652383044405e-01 1.093947404252816336e-01 2.669523336565221006e-01
3.099322402223597006e+00 2.722355821631165629e+00 1.827055433874787416e-01 9.759017721972614023e-02
2.485557592161411922e+00 2.427349790196715595e+00 1.247556041096678392e+00 4.608273256449528232e-01
6.267915805670537521e-01 3.118349749709163454e+00 8.806209699503475541e-01 2.065280551969547185e-01
2.084983383237444809e-01 3.120138650293982963e+00 2.191643978856924413e+00 1.666139595917248473e+00
2.844960632800410227e+00 6.386158072057288027e-02 5.863243308099828077e-01 2.922456880552555814e-01
1.537802637659132721e+00 1.842031857538086737e+00 2.697758916455971767e-01 3.113739929886399693e+00
2.245938172018461021e+00 8.067768861726213325e-01 2.557002608319138282e-01 2.364040959356745297e+00
1.333097648569592231e-01 1.806195159676454054e+00 3.758807144317788396e-01 2.598278429397949729e+00
3.873178361438430195e-01 2.406026246418719872e+00 1.974451366890317694e-01 5.512889918224483932e-01
5.913366306305857245e-01 1.155037905800852860e+00 1.459280640335891110e+00 2.318023238768615713e+00
7.505094560195613163e-01 2.415089134454370789e+00 1.855127056975338862e+00 1.643871696389002546e+00
8.940751571770044759e-01 1.665255907320123185e+00 8.461047475216666724e-02 9.650411772826757995e-01
1.319307575094489371e-01 6.779522165160503100e-01 2.444859098723466406e+00 1.726307585005188772e+00
3.558396659017145636e-01 2.172797906510397059e+00 1.558936793065875737e+00 2.335244944973734249e+00
1.893732489794083929e+00 3.264767784456576449e-01 3.103194626644011911e-01 2.284019983718174718e+00
5.651860195450179175e-02 1.497264510306439478e+00 3.098167825910405626e-02 1.013169837712433852e+00
3.141456872594384553e+00 2.839004500382550145e+00 2.405029963414321070e+00 1.851815532520525887e+00
2.012669539709983635e+00 1.057060730250214187e+00 2.691574515037795212e+00 3.672098520862675519e-01
4.591652354771557643e-01 2.190358966898858561e+00 4.283618461905246144e-02 7.628522806997022343e-01
1.937979508838957310e+00 2.865012193545169339e+00 1.774003502240565133e+00 2.765221507538837553e+00
5.691676445949852559e-01 4.018188530135685110e-01 9.107545881016613221e-01 1.170337169041473890e+00
1.865652557344947615e+00 2.050807146438073048e+00 2.474800908847937908e+00 2.655927391991767195e+00
7.207034421930392787e-01 2.445436769067874216e+00 2.976118724961873130e-01 1.647671290854376691e+00
1.961320856495705645e+00 2.155900048112062262e+00 8.000047989811431837e-01 1.799169558635138166e+00
2.895729657160900139e+00 2.059579852340620132e+00 2.590010092731151126e+00 2.913787811911435988e+00
1.710641629897740490e+00 9.820616249043038204e-01 7.297166777968800977e-01 9.892646434365122143e-01
7.835676971335513163e-02 4.040405521164927571e-02 6.854565721588249394e-01 2.567459178156931143e-01
1.817266094123883180e+00 2.454473437630966259e+00 3.058003092844014947e+00 2.889878218664779230e-01
3.139833412113968159e-01 3.110965080793052451e+00 2.758307199368056128e+00 3.026964211556845807e+00
1.406620049231649849e+00 5.591317285374073354e-01 5.002390899248946310e-01 1.442706674446104786e+00
2.691484141185067624e+00 3.003167497363179894e+00 2.593014490061016364e-01 2.957773961076768821e+00
8.479803154038604296e-01 1.311096073320127342e+00 2.011968034529513893e+00 1.587963865396262886e+00
2.600452325348737492e+00 2.187891334023341905e+00 9.438620500109096145e-01 1.824955334770484772e+00
1.687516296091645884e+00 3.961568617318624863e-01 1.664200378781995227e+00 1.296700853696980404e+00
3.788356561374890963e-01 1.876544511098307888e+00 1.388117814790581495e+00 2.340809279171737423e+00
1.343621006198887580e+00 1.574148350397722496e+00 1.151104664649454712e+00 9.309939374343383367e-01
2.492756263264583882e+00 1.429012585554402248e+00 2.029066366872499749e+00 5.471066018446838486e-01
2.782543815194868930e+00 3.910105413566973276e-01 1.357725279583945843e+00 1.928792973465477123e-01
2.915128082522851494e-01 2.339923120373725851e+00 1.640605295768331695e+00 2.774714035776090437e+00
1.165523912152275798e+00 2.312537280407551243e+00 1.373360732224919944e+00 1.295707486555427890e+00
2.596592789055522932e-01 6.032217889019018953e-02 2.107525606233016990e+00 8.947112282781511938e-01
1.378481110394856213e+00 3.060586545594428998e+00 1.187453773589132622e+00 5.771232588397335467e-02
1.545725435628215072e+00 1.851543235069280424e+00 4.444492856084094612e-01 6.666710944725772192e-01
1.778134410400725951e+00 1.972146733406668684e+00 7.478215237262443305e-01 2.981800229209105257e+00
2.297731180719101207e+00 1.706834486270886853e+00 2.462322895934868083e-01 2.631868961805861495e+00
2.657858121626043513e+00 1.966025943936650977e+00 1.712583165284429665e+00 1.098655654978817120e+00
1.292771133375847814e+00 1.950097992267128655e+00 2.144645963279082357e-01 1.233515875908698795e-01
2.828529648654016349e+00 1.223088801781684776e+00 9.170720458016542453e-01 5.888723842965161159e-01
2.308266149400267919e-01 1.568305433410481786e+00 1.595187629516954697e+00 2.050446884364319100e+00
1.372763714378928857e+00 2.020174304186024283e+00 2.948998188306832802e+00 1.793740113221634624e+00
4.397884511212609149e-01 2.234926546289022653e+00 1.360167773959844784e+00 2.861909254259033641e+00
6.209119776988573092e-01 1.716243087327405714e+00 1.263476618348106983e+00 2.145624317895197031e+00
2.356946680803526650e+00 1.971936329933956067e+00 1.591729856243710550e+00 5.227019191193552627e-01
2.319843307788507225e+00 2.483838368017965870e+00 6.346771224411734691e-01 2.235957612242223558e+00
1.485071450547253313e+00 2.341167820832359858e+00 1.861561677148965588e+00 1.983561970251271012e+00
1.819332831895557723e+00 1.516880690367596873e+00 1.199909177043395614e+00 1.966379394186806406e+00
4.546688048121397263e-01 4.378477421926536550e-01 1.582996487223082616e+00 1.465950382007983110e+00
2.613229976412471789e+00 1.377038517608594193e+00 1.099714866699596394e+00 2.423519324326236235e-01
2.902812726471310611e+00 3.456911692668347413e-01 3.825567420831872956e-01 1.872355569831775091e+00
1.042257691734502112e+00 1.900708598448418662e+00 1.505301779200708401e+00 1.611284213425941303e+00
1.004431710444065873e+00 1.872480998212735226e-01 2.322530947271084667e+00 2.568201011636881859e+00
2.537689489947314136e+00 2.028223938961919881e+00 2.755406902542486061e-02 4.810309974913783426e-01
2.778945788681424833e+00 1.777206273819429860e+00 2.233004230902092768e+00 2.805631951657582501e+00
1.812925556397949389e+00 2.239490177321028952e+00 3.471995130552763542e-01 2.758600277226971986e+00
2.785943370060256719e+00 1.046629417086294422e+00 1.406512428285436433e+00 1.078982249975058982e+00
3.015879242271783389e-01 9.457412268995780968e-02 1.929504760963418608e+00 3.072202573470944831e+00
2.066507275653790554e+00 1.874765172025917581e-01 2.338147046587301325e+00 2.076847075862862657e-01
1.372473280372791482e+00 2.391968911101716166e-02 2.292921098032137728e+00 1.052791047585428963e+00
1.740298960793964733e+00 2.365842524875147124e+00 2.570566449812648369e+00 5.842411952421334709e-01
2.999662779730136730e+00 5.358688997067879711e-01 1.270674851927458660e+00 2.737634408681976605e+00
9.250042139003620267e-01 8.862286241571868395e-01 1.574390043375342607e+00 2.973947743717447523e+00
2.088123124384784202e+00 1.720435250434727836e-01 9.214431972020046269e-01 2.842125396881109989e+00
2.558718704514302722e+00 2.633674581218321542e+00 2.973301044122931280e+00 1.547335901472765674e+00
1.228892794167096847e+00 1.377253729491447531e+00 1.025963910443825178e+00 1.519465088239489337e+00
7.790529388947788902e-01 1.166419073786894245e+00 1.693796927304185962e+00 1.457994380308937243e+00
2.323447234606800915e+00 3.125253426171646698e+00 1.039410282967285548e+00 3.383516739130380813e-02
5.924872658890103505e-01 2.686944746776315007e+00 1.600897464748485044e+00 1.629796292634200006e+00
1.186846546115368550e+00 2.191992127489104103e+00 6.413503145352252854e-01 2.365261022568588167e+00
2.976944692992060215e+00 3.062407277349718626e+00 2.739346304238346796e+00 2.183751476728182706e+00
1.334745795855027950e+00 1.683037871228486804e+00 1.776897278051509987e+00 2.048009125278332121e+00
1.682775708036452711e+00 1.445499184609710941e+00 8.999139988805745505e-01 2.974327571376710555e+00
2.567564475291227666e+00 2.399690009657856837e+00 8.316026657594817184e-01 2.462988212228758855e-01
3.077519029845067866e+00 1.175786549342944937e-01 2.444110930116484504e+00 9.712582570470590371e-01
8.675646466447459737e-01 6.926671104415044189e-01 1.064552395082304925e-01 1.342182235858837558e+00
2.616654424527480760e+00 2.600302393284101399e+00 1.999923282971496130e+00 1.143711511091896893e-01
2.930185453936401618e+00 2.771925020309984777e+00 1.461254430490031675e+00 2.022764104246008277e+00
2.481574756589316699e+00 1.012238763741958314e+00 2.511586346642569634e+00 8.024392377010299837e-01
2.379654908936576163e+00 3.785394067921269423e-01 3.251869383607903230e-01 2.309902055558770428e-01
2.541112107960962874e+00 2.367480120718830072e+00 2.672693757897477873e+00 8.896424342358484338e-01
1.968818143588929814e+00 1.615523802374729812e+00 2.149014078715472564e+00 1.133642164915860562e+00
6.027685572207053255e-01 1.843755435104068363e+00 2.483548825577194252e-01 2.358956343655165266e-01
4.101806389971524580e-01 2.993518142875832289e-01 1.200010198666767725e+00 2.128545706285708050e+00
7.018070110785001869e-01 2.129980245872199252e+00 2.391330309584077440e+00 1.242741476198395034e+00
2.496954424938438777e+00 2.670529818811287814e+00 1.204151820622337166e+00 1.843004245627333226e+00
2.185331358016654679e+00 2.895576502417392950e-01 2.025700194700878587e+00 1.630219426919271797e+00
2.711104373742607154e-01 1.875412337007507757e+00 1.987576588581677850e+00 2.104363033332847355e+00
5.551712750831305776e-02 2.207380840831577817e+00 6.357185533596452220e-01 1.528089467346935848e+00
2.672365821857507928e+00 1.801320062266752453e+00 2.489773239821714057e+00 2.515170882496422955e+00
2.327528660047677889e+00 1.373554716969622724e+00 1.284159777424618509e+00 2.515809969720737449e+00
7.067534481345406627e-01 1.879221502276036126e+00 1.663001601174735056e+00 2.370031546629299601e+00
1.973624757964181020e+00 3.008410674584737876e+00 1.233427800139214492e+00 2.991095208721036958e+00
2.601124958995923553e+00 2.589283379392032902e+00 2.531356077017354878e+00 2.302547658668981700e+00
1.043276331265848622e+00 2.791141223743764055e+00 2.691896228981742745e+00 3.064987877741283562e+00
1.887460058250877148e+00 1.950282263927965998e+00 9.042353559856927125e-01 3.055923774848634977e+00
3.862571078417516568e-01 1.677569740019145605e+00 6.685695552769284067e-01 2.033833080203738819e-01
2.046511770880449887e+00 2.727103868459388458e+00 2.209865263273769198e+00 3.591714315085705600e-01
2.781634775561256046e+00 7.391603121235061635e-02 2.983460949212181745e+00 1.308013676380091139e+00
9.849486403241972665e-01 1.627152239437048786e+00 2.914148547961086244e-01 2.136769194204419797e+00
6.161742200958607585e-01 1.820236728221835687e+00 8.849205785337102004e-01 1.021593940111694687e-01
1.728886873149732439e+00 2.530998772301589650e+00 1.539639502361054513e+00 3.981913343206641143e-01
1.381621093422107593e+00 7.121451918288274063e-01 2.435685750645994574e+00 2.721147705915406334e+00
7.782745661570031892e-01 2.330959154051342797e+00 2.366350940050795659e-01 2.208686336041891796e+00
2.012577758564909391e+00 2.611876050100534474e-01 1.842035522570823591e+00 1.092199601948699250e+00
1.560538698187825091e+00 1.855973361594776216e+00 2.728318533512110733e+00 1.142612292450964073e+00
3.097100601685857657e-01 3.033170200190847599e+00 2.414952454257309089e+00 1.673273621249004917e+00
2.958477409756177678e+00 1.873928946954615649e+00 1.022517321321986472e+00 1.952078339200698620e+00
2.647098490722654240e+00 8.545333642495512860e-01 5.485416047049824773e-01 2.790007061463442906e+00
2.856557843517337769e+00 5.480319969162857907e-01 2.385932626093399955e-01 2.173708529906753506e-01
2.795856759541901937e+00 2.016209951749615481e+00 1.845249525327896212e+00 1.404614599805017461e+00
3.191784274866532045e-01 1.585723494316555682e+00 1.447389233639906903e-01 7.019130264199530123e-01
7.523064225933717708e-01 2.155817840848655464e+00 2.994925230840875141e+00 1.893507079420721162e+00
2.799314637915491510e-01 2.339852395249824912e+00 1.148704591546867659e+00 1.674855961749915245e+00
1.816483417464045402e-01 6.315062428797834082e-01 2.415080140516363993e+00 8.136452816011187084e-01
9.204662484122401178e-01 2.383861604389128530e+00 2.101945792497967869e+00 2.692860447646877375e+00
8.007132930711757801e-01 2.229962716173744752e+00 2.898272687821359384e+00 2.202841413772722134e+00
2.593762580050167355e+00 2.871918881921765365e+00 2.408902197121595812e+00 8.278631222778370935e-01
1.610787677720352917e+00 1.754982698759304238e+00 2.286772200127269006e+00 2.216518107393045944e-01
1.261849819264353689e+00 2.773579860666224306e+00 3.343155848805126618e-01 5.529865088488585823e-01
7.623801181138023519e-01 1.569434018924802610e+00 1.551671843410575624e+00 4.133079247783632004e-01
2.311208129944925194e+00 4.325389387232934230e-02 4.566265274693397380e-01 2.980274539985979132e+00
3.100346817778123487e+00 1.691946914433910765e+00 1.239339878926912997e+00 2.131939829572414347e+00
2.972627477633082549e+00 9.721096024633686383e-01 9.572098983411851947e-01 1.533083449931440967e+00
1.814760240983582795e+00 3.016857461050279188e+00 1.675786026292388042e+00 1.579935330017406381e+00
1.932005852436307292e+00 2.785910534654082671e+00 1.154930503971587141e+00 2.687398820989159276e+00
2.208586021269900890e+00 2.352942853320485916e+00 2.996433719024416131e+00 1.425381893374225717e-01
9.074080285640758747e-01 1.738638108341084232e+00 1.955729583945846617e+00 2.306945445393729699e+00
1.134319222923314774e+00 1.607020567702967861e+00 1.272497713748737880e+00 2.554716608609263861e+00
1.276020603838140310e+00 2.430920782760808141e+00 1.430348086504643401e+00 1.367273076265856924e+00
2.297043794390769111e+00 2.576334445220520131e+00 1.761359171856144767e+00 1.421206314737977650e+00
2.216750831277852551e+00 1.678102153060740509e+00 2.289104290909896644e+00 2.265392911163655931e+00
1.961263649943418397e+00 3.682104991426636553e-02 1.129770645394830852e+00 2.111242694000591946e+00
8.337372657062713799e-01 1.051665688839501789e-01 2.105004732669377265e+00 7.539041235085738313e-01
1.935843669709313319e+00 2.872959989356778987e+00 2.913768201098485555e+00 8.178653326564617743e-01
1.930811597562941684e-01 2.169204184084948306e+00 1.383162606683552953e+00 4.788535691629615676e-01
2.884925784244485758e+00 1.196710373086588231e+00 9.398867541900900457e-01 1.007997077035247768e+00
1.026589290084695794e+00 3.053087252210163971e+00 1.162387783257879947e+00 1.663358359673516862e+00
7.857074472477320048e-01 1.216652436681431304e-01 7.308053530634622819e-01 2.227586596081504222e+00
2.776551210933944969e+00 2.771721354500851220e+00 1.741789842034609848e+00 2.858070732716703866e+00
2.211157618945618797e+00 1.473372555572905584e+00 1.795968556716606379e+00 7.204490412140239497e-02
1.049268269261359299e+00 6.897808549358755426e-02 2.566006172552130149e+00 1.059901616501812027e+00
9.574354036022377779e-01 2.158854203207908551e+00 1.704173023515457741e+00 3.094406976611216997e+00
2.991164690379964686e+00 1.834288881143428807e-01 2.618864716998329456e+00 1.458040217518556669e-01
1.449932753198576618e+00 1.485950198880450435e+00 4.184487817688219979e-01 8.445176165796356438e-01
1.126490578469308890e+00 1.027402723537134965e-01 3.045092015405067021e-01 1.242834250150847364e+00
2.896405863531660074e+00 2.436682552124900258e+00 2.503234997322716371e+00 1.012528776042536993e+00
1.990682125341212361e+00 3.120317061114366020e+00 6.850404860792750350e-01 3.087088513166798442e+00
1.780876726681240640e+00 2.302056063094903848e+00 1.294221682509633098e+00 6.790793338634858456e-01
2.632534190427498366e+00 8.476468793274988256e-01 2.241734190764604673e+00 1.258271775471528686e+00
1.184618989743628559e+00 1.702890333445988391e+00 1.843674736945068560e+00 4.823078714963601188e-01
2.900230623945991848e+00 2.973741330277889450e+00 5.519318037583155825e-03 8.176945529333808915e-01
2.318413323764304756e+00 3.034715260889224719e+00 6.605708385898183543e-01 5.466665722636581126e-01
5.939452108298529653e-01 1.199333110330670804e+00 5.182838646655596460e-01 2.824055600320349857e+00
5.350782437502532574e-01 3.048748691630598806e+00 1.956082562158432347e+00 5.000587638273081836e-01
2.230467566665870205e+00 4.042829373137462601e-01 3.018444896944134648e-01 1.699128977888119563e+00
2.724605510980500078e+00 3.032422631302396532e+00 2.978419852314625693e+00 2.260614071984565765e+00
7.646594082558955119e-01 2.392149899435957738e-01 2.680118389430135029e+00 2.612689226505207074e+00
1.875518911669140198e+00 1.176885617748831131e-01 1.443240948425847714e+00 1.952950053272737962e+00
2.254604895611242998e+00 2.741486238618723092e+00 1.849093099520286332e+00 8.460105994258774187e-01
1.676902950964666461e+00 5.609269072362733644e-01 3.718191729765432108e-01 1.068466727474383315e+00
2.517496590411292701e+00 3.540328542537582446e-02 1.638099080490490467e-01 1.901310003341426524e+00
1.706529472508303114e+00 2.869807416847036219e+00 6.010842135106770900e-01 1.760347777875015618e+00
1.582763594136245677e+00 2.982823493751012300e+00 2.884677298687413405e+00 1.914293118673672467e+00
1.919511881750454618e+00 2.083815689873183441e+00 4.203698007206809750e-01 1.770946265963731170e+00
1.330955427772061217e+00 1.114445017963503481e+00 1.325676092394949102e+00 1.627627799260385588e+00
1.361443354326903776e+00 2.335217317712183327e+00 4.696078947806188730e-01 1.252662001984073958e+00
1.925644495087779573e+00 1.273042494285081094e+00 4.697882481957253997e-01 2.632873371381343475e+00
1.795077920053049336e+00 1.041170135554329912e+00 2.311088457943888397e+00 4.874202680444121583e-02
3.843140654610761597e-01 6.643863724408315408e-01 1.721151470517171100e+00 1.023063167920746919e+00
7.914264662410206430e-01 1.109935544049696299e+00 2.315698143025834099e+00 2.488528893570142841e+00
1.403630166959472181e+00 1.745452407500444336e-01 8.362509223736255271e-01 2.953330878537991921e+00
2.755949617543901553e+00 1.534591702484773723e+00 2.547783979330110249e+00 1.420126511478333242e+00
2.558092825085908073e-01 1.828884823219173006e+00 1.789307358331835074e+00 1.182416903818572118e+00
1.091410963520520472e+00 1.931547823402250952e+00 2.680289440225509079e+00 1.133251217599120730e+00
1.887205230005598144e+00 4.779991849125471703e-01 1.167046585003997272e+00 2.666269604906712498e+00
2.354871881403874490e+00 2.029084824337411330e+00 1.784745482546395534e+00 6.595411972447182691e-01
1.994863007053378490e-01 6.453524282113305421e-01 2.539385112436319591e+00 1.270477902551505389e+00
1.707415544273195085e+00 1.890578810601794224e+00 2.295880834702328066e+00 1.599796093760707860e+00
2.283820946436529442e-01 2.512393732592353324e+00 2.634547660687747150e+00 4.118557144092487715e-02
7.972707567625331171e-01 2.101703091931602430e+00 1.944286523942465594e+00 2.577274338470639137e+00
1.682363534298787044e+00 5.724533896806331956e-01 4.053453674620273173e-01 1.296781378350810199e+00
1.128467461927713522e-01 6.900487603784435930e-02 2.712181534937363026e+00 2.990252601068012606e+00
3.003839344320259119e+00 3.831645928000662615e-01 1.266300612485702359e+00 7.403426364030646356e-01
4.236275111043912855e-01 2.672628983759210097e+00 2.675752451814797261e+00 2.102840281823606272e+00
2.344056830191350915e+00 7.156657975846811848e-01 1.430330458204922106e+00 7.897992254925663147e-01
4.066756160327600345e-01 1.623231540346846469e+00 2.596220120772898099e+00 7.397307103128321071e-01
5.872260704044520718e-01 1.982550141522834430e-01 2.030514922009918788e+00 9.595178901071131916e-01
1.096261740696752307e+00 1.631378060779405281e+00 2.458853956321945144e+00 2.407963454303939432e+00
1.149422757922799132e+00 2.111618736022638831e+00 1.950116900779395257e+00 2.810329739049285180e+00
2.727290131431342690e+00 2.417926010480735854e+00 1.084587445356726548e-01 2.869550620923317918e-01
1.939036261540774353e+00 1.150430548733428093e+00 2.675539714954591197e+00 2.727835420549026946e+00
9.213313451609919102e-01 6.098264805606535832e-01 1.941618412603525412e+00 1.977555302564482309e+00
8.663701217152121048e-01 2.349769470167922147e+00 3.173863245983623571e-01 6.316226659472304883e-01
8.492453097351887470e-01 2.381348133446581083e-01 2.488282351381155069e-02 4.892898848286899027e-01
1.694896779606265724e+00 3.026263874767031847e+00 2.881244464078485557e+00 1.776787604551707811e-01
4.372928154092041719e-01 8.340472151409912271e-01 2.628041154842410521e+00 2.298263371283643774e+00
1.090549720062542027e+00 1.679065398455473535e+00 2.092538053237478213e+00 2.083205026496378842e+00
1.285247190976343878e+00 1.524678082240662036e+00 1.875822577023192661e+00 1.423867342021739590e+00
2.154094981599114167e+00 2.182148337159993012e+00 2.399729531630655721e+00 7.793053901492060787e-01
2.506623519706300485e+00 2.974714172356515363e+00 2.354026649343769595e+00 8.357377711138225251e-01
1.000487909281114529e+00 3.931717312076811743e-01 9.677256453643852119e-01 2.039220764312479783e+00
2.636439824650783414e+00 3.266969664552261121e-01 7.286576846343580938e-01 1.692258873323578161e+00
1.346026453418484037e+00 2.820953467332416142e+00 2.814407333298939662e+00 2.563551125607443026e+00
3.066335797284550857e+00 2.188267182651416842e+00 3.110405391694658572e+00 2.032314155384541188e+00
1.843241085902455723e+00 1.664512166236385537e+00 2.252728343798757304e+00 2.538862446575271825e+00
8.602064550737368309e-01 2.645017772589371319e+00 6.261367817739942332e-01 5.973935663994393019e-01
1.129405214637315691e+00 3.643390437848601504e-01 6.496024468520148476e-01 9.308693660145478388e-01
1.693706520965088780e+00 1.358771501577894059e+00 1.676447520447365669e+00 3.080820986030578190e+00
3.029081312740341758e+00 1.051886550847108026e+00 1.726528117476326285e+00 1.709309275057181221e+00
5.785420526174662736e-01 2.744887047293521620e-01 8.689866725083332799e-01 2.330999276616545934e+00
8.056757598735865278e-01 1.383064969247185028e+00 1.097279509993797753e+00 5.619360295319911214e-02
2.397495844988782654e+00 2.205527524535172201e+00 2.899202512125788722e+00 2.154157955441081462e+00
2.444626587390568151e+00 2.619606556954853893e+00 1.509626079858208181e+00 5.238777548937977313e-01
2.000079537387366990e+00 1.420938255711880371e+00 1.374446988443978501e+00 2.437078535073146313e+00
2.419151360750467550e+00 2.093869998341818306e+00 9.791199048952733408e-01 1.693900632540901730e-01
2.951085901676465895e+00 1.493458300935713856e+00 1.646056422087815774e+00 2.469297102699163027e+00
4.043782677804816372e-01 2.725181276974346645e+00 4.457071905592001615e-01 2.657509311431165422e+00
2.185929357650664429e+00 2.864864579641703379e+00 8.115533002083007430e-01 2.723670728262666874e+00
2.240139665331726815e-01 1.629933062885060568e+00 2.740361499011620516e+00 1.544946214877331858e+00
2.179832995781393556e+00 7.363803012136447279e-01 1.172683391167279821e+00 1.959852806582080387e+00
1.872308634266049987e+00 1.455934944856120961e+00 6.868614362338948398e-01 7.954183767064393340e-01
1.359991614900874835e+00 2.754591588709397243e+00 6.022225557658723583e-01 2.967567288804358050e+00
2.288445848712051145e+00 9.074033287626657174e-01 3.085442544886097149e+00 1.377726092640538802e+00
1.543451983281596496e+00 1.219638859969695455e+00 2.653225822135901968e+00 9.480308771247902833e-01
3.449035414723381487e-01 2.141413719977396657e-01 1.192866045652485329e+00 1.590639214030272752e+00
4.690065005722482971e-01 2.165379018438355452e+00 1.949383479625089510e+00 2.501675444822171190e+00
1.912128463984948956e+00 1.866347680859462788e+00 2.194098584832723464e+00 2.300314898564907118e+00
1.339183874549886966e+00 1.097644768201919474e+00 1.356755154850857847e+00 2.465201334672949773e+00
8.020298736585551591e-01 1.125378158179615840e+00 2.775745576949857796e+00 8.503507400228080826e-01
1.017096280850474876e+00 2.655285600864052964e-01 2.385039095970821865e+00 3.529685625549823791e-01
7.495108649837656234e-01 1.034889055159299076e+00 9.145801718106276734e-01 2.733650187586523117e+00
2.531777269915691075e+00 2.902399277330864003e+00 7.811312630818549874e-01 8.340525715057849065e-02
2.305017094624116858e+00 2.802020650133556057e+00 6.398304953790490135e-01 1.785888040982726688e+00
1.632631060926190147e-01 7.933309556542404717e-02 2.226261918408871221e+00 2.137177538723217030e+00
1.427413521233725113e+00 2.034475846807205723e+00 1.036297123810967058e+00 1.160246252975550174e+00
1.398022180845719609e+00 4.897856574268912855e-01 2.747754393586280930e+00 5.984874168015189566e-01
2.033475971442348484e+00 2.798631248276265193e+00 2.084598970836953225e+00 1.061376120410733259e+00
5.697064551786701347e-01 2.947512868205543590e+00 1.049333219530414196e-01 1.566214188629563520e+00
1.065482232907096316e+00 2.110168866736133797e+00 1.742909157053401437e+00 1.949695498702387120e+00
1.560522238821113739e+00 5.118162730913892178e-01 2.703091001928755510e+00 2.875746851859008135e+00
3.985447137579166688e-01 2.216603004373141061e+00 5.427593267686106615e-02 2.987219987156343848e+00
2.954626091655836007e+00 7.046308732580606193e-01 2.031785557088809480e+00 2.200366080607582209e+00
1.496906799581835035e+00 2.332193933631685923e+00 5.440355991125689350e-01 2.809309877925070698e+00
2.030614275610942432e+00 1.324977881836871374e+00 1.447817865144683358e+00 2.097878723742574891e+00
2.026443478737012693e+00 2.987074215139003952e-01 3.497729254471981797e-01 5.428176655485615898e-01
1.661277328855473856e-01 1.983713130394368640e-01 3.451233995433875545e-01 3.030828226842581241e+00
5.890771542213122380e-01 1.061803721643153064e+00 1.968685997994963577e+00 1.740894011895977922e+00
2.157838368567712994e-01 2.230914320925561523e+00 1.027801079930124262e+00 4.027357287624329374e-02
4.799191835005283679e-01 5.762401609886887988e-01 1.362824615702961539e+00 1.183538587066099268e+00
1.004086327436531256e+00 3.109157366572769199e+00 2.476899873964029664e-01 2.953914444290018260e+00
7.697565549321210288e-01 1.841419026863905017e+00 2.929634953354660176e+00 5.117650623352346662e-01
1.947155470357409657e+00 2.382404194298731515e+00 3.090888707174341388e+00 1.089719001143431981e-01
2.031836385888702523e+00 2.131209447904615306e+00 1.321105810546587378e+00 1.197711631806351207e+00
2.662941241579243279e+00 2.953027989086189020e+00 1.781521546344378093e+00 1.247560708396629803e+00
1.258527438419770217e+00 2.347228858555216180e-01 1.979909684343760690e+00 3.106272952022630651e+00
8.755339942414005483e-01 2.748974577192008439e+00 2.440041649448290162e+00 2.780419710495445340e+00
4.776981149014822292e-02 9.756171017497543285e-02 2.766024835725938047e+00 1.549899429155771502e+00
4.781943743000606206e-01 2.049988670211614128e+00 2.447414195329199238e+00 1.886336753570901026e+00
5.262640202442264714e-01 2.564741965054967654e+00 2.319124960924173973e+00 1.064780372146891807e+00
6.656871994728504882e-01 5.722873004386197504e-01 2.000771098697783135e+00 5.618400660627432819e-01
1.626049189675139728e-01 2.525704148945631111e+00 1.013271031721928450e+00 2.983583611992241202e+00
1.945238216072747051e+00 3.288621034404742849e-01 2.431225747996595299e+00 3.295839531679790047e-01
2.778659631663813911e+00 1.105998823883400428e+00 2.931320664959980782e+00 1.095728292513898916e+00
2.920044141333991483e+00 2.786724168483506459e-01 1.073634684804851913e+00 2.865048966221130922e+00
2.635267760086164035e+00 9.692616686014982053e-01 2.598103408158006111e+00 2.335067379492007655e-01
1.005501509575286834e+00 9.277595298716145855e-01 4.328703335550748016e-02 2.436880885886997472e+00
1.924567096348594186e-01 1.162145619638686567e+00 1.021512828802135120e+00 3.106661937328758949e+00
2.022171333525605519e+00 2.625238855020838979e+00 1.701385458498822167e+00 1.211174888738656197e+00
8.488562439075164612e-01 1.629183085440649714e+00 2.836063821289402931e+00 1.910048459514918973e+00
8.208909810330761170e-01 6.924472994261179348e-01 1.090587109182921566e+00 2.002928268065712558e+00
2.674849252947271605e+00 2.804893100878983692e+00 2.345509022112461928e+00 1.850286265425444832e+00
1.287771401588673870e+00 1.360387419204611925e+00 2.512067069357119653e+00 5.661316644825808986e-01
1.613077048910028566e+00 1.872799978024280998e+00 1.742401593037011587e+00 2.843382141203376179e+00
3.220596550407117120e-01 7.587900199625744468e-01 1.765685509468888137e+00 6.824224986472373633e-01
1.392192548638722105e+00 1.558455206965853934e+00 1.375693902105806332e+00 1.095487116313015097e+00
2.430043291039586606e+00 6.198713347274787955e-01 1.134680771061098659e+00 3.048118079279820591e+00
9.776827733786203067e-01 8.042693803216882653e-01 1.110870251858834035e+00 1.964318585818671137e+00
7.588113121224879798e-01 1.965506871186699644e+00 1.426968109651017391e+00 1.916413753711568191e+00
6.348293631496786382e-01 1.310260148853728879e+00 1.900122486681329770e+00 2.626844007482368681e+00
1.851072247044436292e+00 2.074624414959092444e+00 1.941483840659412596e-01 2.231353426025619147e+00
1.744697463647668867e+00 2.953209608818521570e+00 5.097841189740461854e-01 7.184348262578771349e-01
2.304421792610718625e-02 2.358137495608133086e-02 1.225315144780803944e+00 2.768986566838958496e-01
1.071956581659223140e+00 3.031584995410508410e-01 1.433083455974338838e-01 2.429838631199122023e+00
1.233746974489304371e+00 2.654134411921728276e+00 6.122007439214149915e-01 2.468087413680633446e+00
1.803036167095449782e-01 3.924226019535509979e-01 1.908042031657592341e+00 2.282410546101677706e+00
2.155622855019671651e-03 7.990879014373055700e-01 6.348041218230189298e-01 2.403416339128460422e+00
1.711647855053793021e+00 3.058248848903031725e+00 1.561222264168983243e+00 8.397612497039002033e-01
6.869163583462410960e-01 2.548435531158255607e+00 2.116572925651238002e+00 1.309166172662561634e+00
6.068422297801145254e-02 1.978030502241052924e+00 2.258057617019122443e+00 8.024831948824764916e-02
1.874131021386725937e+00 1.560771350203798757e+00 7.083930993237879115e-01 1.464794337899128607e+00
1.303426114002006031e+00 1.418261451658155092e+00 1.387152137856930256e+00 5.972873376636492759e-01
2.820950494975526635e+00 2.511804956712921033e+00 3.298263571599625021e-01 3.075447040469669879e+00
2.590475240576337601e+00 1.196207638378398608e+00 6.015028343999507809e-01 3.027519966170738375e+00
2.571085789516374120e+00 3.015508098152098526e+00 3.133524992691445021e+00 3.926940359068216146e-01
1.344170596823729191e+00 7.969110765044457034e-01 2.012638671253257794e+00 4.918740463083267622e-01
1.732584178162192234e+00 1.211402942507392000e+00 5.691561549275415688e-01 2.841899600732237463e+00
1.317592114033499628e+00 2.902742452138103335e+00 1.000586265019006937e+00 6.906406169308715315e-01
2.936378650418441705e+00 1.269032000898983270e+00 9.731413666610911894e-01 2.803558320144480809e-01
2.581045654272890566e+00 6.588509492465099981e-01 1.121058010087695234e+00 2.939280188629512125e+00
1.640546084390997361e+00 7.493227259247163541e-02 2.080071665728485897e+00 4.845652447045100536e-02
1.720715229022388826e+00 2.732685999563646551e+00 2.657023890415165290e+00 2.246868649965857667e+00
1.468643186097035036e+00 2.712659639600683903e+00 3.492250320008001840e-01 3.115358977168834365e+00
2.855210446915066314e+00 3.137672105721492244e+00 1.259631963794966891e+00 1.039057553231108821e+00
9.923867639600998380e-01 2.254848056170630333e+00 1.712323088379647640e+00 2.013660274193907362e+00
1.208957449250286809e+00 2.220977219128647207e+00 2.433958110581341483e+00 2.097748551784324178e+00
1.506064231479233850e+00 4.552944512708892999e-01 1.445396372317607758e+00 1.588112332993364850e+00
1.764241962460053603e+00 3.002223164116710752e+00 1.681604884669915423e+00 1.081963513029956303e+00
1.471857333023355752e+00 2.969510407959223386e+00 1.639551657184287858e+00 4.271911307315209294e-01
6.379000477524372492e-01 1.115444503684297484e+00 4.161275933443393110e-02 1.570380736609795047e+00
5.842812443217746537e-02 6.496551626309280403e-01 3.691994084351026828e-01 3.256838647083589722e-01
1.316199569967876126e+00 2.488608422438877976e-01 2.710194287337644781e+00 2.323711633342814054e+00
1.955723240482182268e-01 7.978163900486785476e-01 1.271648298621537165e+00 5.183232475031062303e-04
1.839742988678648716e+00 2.966277898970596905e+00 1.206772087804839355e+00 2.497311612977341166e+00
3.128017207226558849e+00 5.975213223916222560e-01 7.312869143432232377e-02 5.429509026648170478e-01
3.133336002812014964e+00 3.321703289546944493e-01 1.165615652479437214e+00 2.082917340096060999e-01
3.115499211186721684e+00 2.640661776961818141e+00 1.539854593300572283e+00 1.636069438764707229e+00
9.908993465498562303e-01 1.280835704176821910e+00 1.741485651649055333e+00 5.079089034129885549e-01
1.981309132726755129e+00 8.367631820806187282e-01 3.915928285297460842e-01 4.632340239304748586e-01
6.169925050247537790e-01 2.133661998821983374e+00 3.079493620033429302e+00 2.445799706798943429e+00
9.860048784550362599e-01 2.074210620295693808e+00 7.846052184755432091e-01 1.712267609677531777e+00
1.551087826437735906e+00 2.663999704150819436e+00 2.010268417608029434e+00 2.618578826427643058e+00
1.004750807042501526e+00 2.530403880902964975e+00 2.103092301754804438e+00 2.457001088092268581e+00
1.205131432604680475e+00 1.360822409922292975e+00 3.223628060652983240e-01 1.432520914208816887e+00
1.887847656111010020e+00 1.622159064230926928e+00 2.839278046646094289e+00 1.116314504558574505e+00
9.996878882335156202e-01 1.653370035200738553e+00 1.755365445843695582e+00 8.071587727885777275e-01
9.616188143195096849e-01 2.012950813284326124e+00 2.675292981625583710e+00 9.042369383496712265e-01
2.887194815360992983e+00 5.908958014420400140e-01 3.187205487934635650e-01 5.978732349183112360e-01
1.807717747060627822e+00 2.887581349796201735e+00 2.715562918762997047e+00 8.282987568702742109e-01
2.113784012564796200e+00 2.932923545882061056e+00 5.987410726328904476e-01 2.567726750692667981e+00
6.150878273825721720e-02 2.593134156306255989e+00 1.032367666893797775e+00 2.409906199948763206e+00
2.345556394815921486e+00 4.506646798394647324e-01 2.346014463503288017e+00 6.277072519143127582e-01
2.406619291993170595e+00 3.516108128321820403e-01 2.082833085410222829e+00 2.302147892665207696e+00
5.585536782683231394e-01 4.343728949223819580e-01 8.655791156568488631e-01 3.114144365828848571e+00
1.097984358418020445e+00 1.850547509450177541e+00 2.386382929878158699e+00 4.979920382984116545e-01
1.503150576200016353e+00 1.090363024985438134e+00 1.086088684811162608e+00 5.307799873856250406e-01
1.098323970644434322e+00 6.383797705153912982e-01 2.113444270916191581e+00 1.026137009659060073e+00
1.989577432742092089e+00 1.448484324233986764e-01 2.032733450689915511e+00 1.327457458821629688e+00
1.278913170400930444e+00 3.111058139854482985e+00 2.258942813486429557e+00 2.012540641738815417e+00
7.371251902590668648e-01 8.151642014183704266e-01 8.028495393637926636e-01 2.490987402251546801e+00
3.034763232759555951e+00 2.262641147059119007e+00 1.806296323646721325e+00 1.042580880638042329e+00
1.138989512641044977e+00 2.881111951364599300e+00 2.526192291288909875e+00 2.092521322402735251e+00
3.248215741300390369e-01 1.819980891243573318e+00 1.339435258011922203e+00 9.116307104581721221e-01
6.241836154155785410e-01 3.158428487843998322e-01 3.053329388874447936e+00 5.151934224654163286e-01
6.896283781451154615e-01 1.469604763012516968e-01 3.357231454960247774e-01 1.046123011319426199e+00
1.747142130278541483e+00 3.122967081234321540e+00 2.748808170746720680e+00 9.696176297719383275e-01
1.317883482601733269e-01 2.225635436867463124e+00 2.108667655043849010e+00 1.351127762749761985e+00
3.123907829632489364e+00 1.734721696532070423e+00 2.407941313859716548e+00 6.767997863036343542e-01
1.542590924383475004e+00 2.918512185821366400e-01 9.592097780544425190e-01 2.255930702315369629e+00
3.124302616596429605e+00 2.655965608143866508e+00 2.963241398720875441e+00 1.198928384491221300e+00
2.136948472233334950e+00 2.626242460499459419e+00 2.828814720693485274e+00 1.850685001183100642e+00
7.679466092227178464e-01 2.850294381307231784e-01 2.889910843390467221e+00 1.222795040923295495e+00
4.732976037035648842e-01 1.346222429732390813e+00 1.876554274141216450e+00 8.467343824852016088e-01
1.120342456165904110e+00 1.938232999678648483e+00 2.078502411070865197e+00 3.017246781603946104e+00
1.385658088787628861e+00 5.547242773103938651e-01 2.118557857457849802e-01 1.887939992014321389e+00
1.107326650993374489e-01 2.495957544396774086e+00 2.345057233451698586e+00 2.005982545513449011e+00
7.677832186601232234e-01 2.182245142288486317e+00 1.476144291190895519e+00 1.115182838852095681e+00
7.159748739079757618e-01 1.010088832658540436e+00 1.606692413612981651e+00 2.557599745428149163e+00
2.133863019817204165e+00 1.366568040743086465e+00 2.131969885985678381e-01 1.141706547488185119e+00
3.878489175995854521e-01 2.269014211503237011e+00 1.921519006257754070e+00 1.696145055795723167e+00
1.407041594006405827e+00 1.312318479429482654e+00 2.562867839578447882e+00 1.169275897753283555e+00
1.299442309568354048e+00 4.620417522555956419e-02 1.344183052629081221e+00 2.550615380388606912e+00
2.983571585185505359e+00 9.718916993963324646e-01 1.246598500957164735e+00 6.231295339561175872e-01
1.245310586636180772e-01 1.216017394265509255e+00 2.475139390065911105e+00 2.627630320470031311e+00
3.730371755587264526e-01 1.189798596434376021e+00 6.141240561240998153e-01 1.625222658421509259e+00
3.050207171856113675e+00 1.473020923091920009e+00 1.553685050313645233e+00 1.963020816659909462e+00
7.690187993333978955e-01 2.970864638805078006e-01 2.252898848030717271e+00 1.539733963421936025e+00
2.181456909071241679e+00 2.073783744312049482e+00 3.697781861612587928e-01 2.482315864107398351e+00
1.871824853311946590e+00 6.226009801702645508e-01 1.396994165717676983e+00 2.718669774893737401e+00
2.777615133615054729e-02 1.054306949658463832e+00 3.097272653291476274e+00 1.788213226432116887e+00
2.032591977383369830e+00 2.092210603597265184e+00 2.408951187372155633e+00 1.092250192865465097e+00
9.764284415788329063e-01 3.732527057367478474e-01 1.943269972181075778e+00 1.444390977574451007e+00
6.440102767254768379e-02 2.571317293936738135e+00 2.829558426352935196e+00 2.588811545001468595e+00
7.889353844338409250e-02 2.729458177651191253e+00 2.131471774113303241e-01 1.056884924902249945e-01
2.262706769133325579e+00 4.844100222076779261e-01 2.233020945914307998e+00 8.571781143160095429e-02
9.852907988545126505e-01 2.740066954038314240e+00 1.416394339830060911e+00 2.619364792299809785e+00
4.844359372987565027e-01 1.553738039376742819e+00 2.023811666198538806e+00 1.324171229914151704e+00
1.961823018705478039e-01 2.353007519208035525e+00 2.162444540258043446e+00 2.271668853880811412e+00
1.370580633269879556e+00 1.859966614385789141e+00 9.283242867952382626e-01 2.988459616217141956e+00
1.327869240156694941e-01 1.284855545653038833e+00 2.879672574293395293e+00 2.775049386398733109e+00
1.050834346650729501e+00 1.829886333738241611e+00 1.887911745405691788e-01 5.922547536434799031e-01
1.884504318218706231e+00 9.975584844400475770e-01 7.111207929145338946e-01 3.328502129452738378e-01
1.873930565598521891e+00 1.034780419437905774e+00 2.465030997235702070e+00 7.816627968367454438e-01
2.478165353339698562e+00 1.512103811855690205e+00 1.383759318035470365e+00 1.988652120599163853e+00
1.620350912863314785e-01 1.160238409799956072e+00 7.256327953245007567e-01 1.807420593965245681e+00
2.449479727863141387e-01 3.274072495089852194e-03 1.224936757048730174e+00 2.177240749332747249e+00
2.921468533467698414e+00 2.823365852338547977e-01 1.540255198594479014e-01 1.718631038704655056e+00
1.770383907162827786e+00 2.896308911232759353e+00 3.139408120448921480e+00 5.109154003909164299e-01
2.467827995057225277e+00 3.551612579823962834e-01 3.087526213508581030e+00 1.357829736181061786e-01
2.671311499982660376e-01 1.177192138456812920e+00 1.989736326856874404e+00 2.482679112444706071e+00
1.742414264504714039e+00 2.838757287075358793e+00 2.997493897150349085e+00 3.713546081804829369e-01
9.142885082141608555e-01 1.735121747181247454e+00 1.023455500474200891e-01 4.186150085841980339e-01
2.057857670845140152e+00 1.036368758740889628e+00 1.914396830605137045e-01 1.306063140885708407e+00
7.307817518191109807e-01 3.240375789598793355e-01 2.121496153295008291e+00 1.764566872414814691e+00
8.017406550451433578e-02 2.598689294312644726e+00 2.711849292898740327e+00 1.701043818151805498e+00
2.487931289852769012e+00 2.472549402444482958e+00 3.049734913382858181e+00 1.879591645913237796e+00
1.008963963941928110e+00 3.086049824092866878e+00 2.833020774031449474e+00 1.219465667201254266e+00
2.958277816385838754e+00 1.998367909457081204e+00 1.464047629361723946e+00 2.851933035063607846e+00
2.455733889284193339e+00 5.845121748607740031e-01 1.071338975164457974e+00 1.493097082054423430e-01
1.832371185313969919e+00 1.163597611954388489e+00 7.818898896717222380e-01 7.901164291817683871e-01
2.664624495406930471e+00 2.272791089006476195e+00 1.290960129131487333e-01 2.514306520517797683e+00
2.859162497520042034e+00 3.047597617384678603e+00 2.053029279898145099e+00 1.763515058902115573e+00
2.113645425916238718e+00 5.760191037157897931e-01 2.719391885280009635e+00 2.387654652555927792e-01
2.446646718515721908e+00 6.146230164830340792e-01 5.878402943808642978e-02 2.513092708859863134e+00
2.428110927479486314e+00 1.122932804083696556e+00 1.255554642367287199e+00 1.753770767116588525e+00
1.832914384305680544e+00 3.028367639842696413e+00 1.535366298909062621e+00 2.530591419886201177e+00
1.996184992065829000e+00 1.979805126927638881e+00 1.090503706637349080e+00 7.174621331915078670e-01
8.748399440119558612e-01 6.673212198918630766e-02 1.245590142716970439e+00 2.438075681268360828e+00
9.717222460689030061e-01 3.010962883504665566e+00 7.019142245197934615e-01 2.107212655821415481e+00
2.512885576126511200e+00 5.236703941024110215e-02 2.071816044583567606e+00 7.630771160170764233e-02
3.023464860282913946e+00 2.766280193050738578e-01 8.657853568831409552e-01 2.076022239840249917e+00
3.008856855217934001e+00 9.389715704096391891e-01 2.176446205820294466e+00 3.080478916178685189e+00
2.556289590503102449e+00 1.253279318276592447e+00 2.263733483317453832e+00 2.271723427700380604e+00
2.083831555731030516e+00 4.762725247863345279e-01 8.526933285806836960e-01 8.417852534367679107e-01
1.707422212221225033e+00 2.046771561751104418e+00 2.574546695146334940e+00 1.403616556493359147e+00
1.767339311387839951e+00 2.048436019107596984e+00 3.004405852280553901e+00 8.980469013270169221e-01
2.382172341847079711e-01 3.056019318873732349e+00 4.641230534655058637e-01 1.350848629949165769e+00
2.212844948171514226e+00 2.899834335213385295e+00 1.122193020345293446e+00 2.786954323280562917e+00
9.947058407751382947e-02 1.070521085181163512e+00 2.626754510399036402e+00 2.171049356465695190e+00
2.180010829307330589e+00 1.481228084923369215e+00 1.696397919792107079e+00 1.811976465632236133e+00
1.528532832002703623e+00 2.891320020752455311e-01 1.369648026825755593e+00 3.023093547425819594e+00
1.966555223139044628e+00 9.064926863254171296e-01 1.574036336524759161e+00 3.057955902239265278e+00
1.504728454508916582e-02 2.761550088108348164e-02 2.383974723566455012e+00 1.076815017272378938e+00
1.010960027864896915e+00 8.506022256357822497e-01 2.220971742712768204e+00 5.155463592789957250e-01
1.355728740967391488e+00 1.969015928149587147e+00 1.294527132054332785e+00 7.210860321554234398e-01
1.409635781615656169e+00 9.755569317117070982e-01 1.216118633415788741e+00 1.104355465541060566e+00
2.415836210764772840e+00 3.463496067029312592e-02 2.255485034051275761e+00 7.590125520779299195e-02
1.893256021067010186e+00 1.306001460542097758e+00 1.678539246380817085e+00 2.208799545429306066e-01
2.243641535047310176e-01 2.828048623636457148e-01 2.310070252123824996e+00 2.435592825627531433e+00
2.299137949327711539e+00 2.868653515146756039e+00 7.254874617906185152e-01 9.988189162561753598e-01
3.078238438022409706e+00 2.637867947103771815e+00 1.937663642914070117e+00 4.712395762559630219e-01
2.182034960543666191e+00 1.440606242730232411e+00 2.232976814889367501e-02 2.286791509406499667e+00
1.895937516134872380e+00 1.289648064988944576e+00 1.445310747801711981e+00 2.035352856074216898e+00
4.379284105079041534e-01 2.025445309651398240e+00 3.084668866692412692e+00 1.203576319769270597e+00
2.344290387435356227e+00 3.084453782979847958e+00 1.318753416614266927e+00 3.039064895435700464e+00
2.165062992800764086e+00 5.915028930378934957e-01 1.779428528479515492e+00 1.757516111109816759e+00
2.777341301139343521e+00 3.212978905524772055e-01 2.669524256523069017e+00 2.444166543805176506e+00
2.764378988327754971e+00 9.538061644679742823e-01 7.536237727094713401e-01 1.045261758013860565e+00
1.747146020715357517e+00 2.582611404662166876e+00 8.244210605217505705e-01 4.114226959742135481e-01
7.458533547554595522e-01 8.865324398314453624e-01 6.534885329394467535e-01 6.133641312930845357e-01
6.170903235479018312e-01 1.480781895902929968e+00 2.963930576802545236e+00 9.279930256552956225e-01
2.711205303873779560e+00 1.323882066936454827e+00 1.814391648360290377e-01 5.451519603541084280e-02
3.111805167330795818e+00 1.658708562128359043e+00 1.492290046548349070e+00 3.065696809978740500e+00
1.132798999068590051e+00 1.991537954567014879e+00 3.886738391850683705e-01 1.048801900675129684e+00
3.105215463318322211e+00 9.315588556813572119e-01 1.789359664968367181e+00 7.005054124769102275e-01
3.458141603549717558e-01 1.634617641531984411e+00 2.040692098774892216e+00 2.325504219512273263e+00
3.045828126199821018e+00 1.735305159739464864e+00 2.243378121648152701e-01 6.964977433843326793e-01
2.280415402386679613e+00 6.966209531853725379e-01 2.154535567604739743e+00 5.102937184762258438e-01
1.683286590458512366e+00 2.886854794260889978e+00 1.843069591051667899e+00 2.258687596836526978e+00
2.174115957599163096e+00 9.828329170064035170e-01 1.408625583572219009e+00 2.112722525796468798e+00
2.395457646011738551e-01 1.595134187810024473e-01 2.147633370435646061e+00 1.080483705313455500e+00
1.693113603158262981e+00 7.293520733628708896e-01 1.226921388123008105e+00 4.403256743686280728e-01
1.548530275387078659e+00 3.022235079628450283e+00 1.914164275111489122e+00 1.652447481212345082e+00
1.713506333055603070e+00 2.301235534461384180e+00 9.734764743339116011e-01 2.455075065529435552e+00
1.657083792570985814e+00 2.809030438817418762e+00 2.139601723361091515e-02 2.445254964788582175e+00
1.385285186475170294e+00 1.145531023095812895e+00 2.585161162202521901e+00 2.608720944901445016e+00
1.641171065570555254e-01 9.269649350382930253e-01 2.134634373069226043e-01 2.145023908840440197e-01
9.288820015515295569e-01 2.477466767770891032e+00 1.320346592596006730e+00 2.390868069276572694e+00
2.522835359151295864e-02 2.567102394156798084e+00 2.704438833203565817e+00 1.990647911470327658e-01
2.570690450355728629e+00 8.754528873341518302e-01 4.456411353872945513e-01 1.217883999493120539e+00
2.298960912961601544e+00 2.192559862429071416e+00 2.254030834788485649e+00 2.892910078031673216e+00
1.125315416219605513e+00 1.850184184923841235e-01 1.471850827691391084e+00 8.147098643438384080e-01
2.908578174528274829e+00 9.939075367746762479e-01 1.125399130107300971e+00 1.966982170917392914e+00
3.013197129832332344e+00 2.260955345666838312e+00 4.127938159221304359e-01 2.169883918926396760e+00
2.028519069484371773e+00 7.938912601838060690e-01 1.171393941090014962e-01 1.700583923690709987e-01
2.914749262387053896e+00 2.149028358436027020e+00 1.155517945909446453e+00 1.150755867531836119e+00
1.921277157362954346e+00 6.550550959052306998e-01 2.802328992397703500e-01 2.521202738902854179e+00
1.888259700576696121e+00 5.853491272213218188e-01 2.715083171770821036e+00 1.471439587811118610e+00
7.689554574751993332e-01 9.717920469161343000e-01 1.381762915048455165e+00 2.784292434611743250e+00
2.071176287425631646e+00 3.212634952704638280e-01 1.073468713561961663e-01 1.916957861271876284e+00
2.661908533779861585e+00 5.753104337671484103e-01 3.130790590693426356e+00 7.295065201180948034e-01
2.355475017428226625e+00 2.641948579087498139e+00 2.946932779539723768e+00 2.080791625635482145e+00
2.898560365845067821e+00 3.128942715053374179e+00 1.114081410027536023e+00 2.110607826047804281e+00
1.392006956088337022e+00 9.266114127669218270e-01 1.257355483480057989e+00 6.651574340503647875e-02
2.202178120720483800e+00 1.026347954347267999e+00 2.604743597182328507e+00 5.879203916989236278e-01
3.090667383097015275e+00 5.493679527419046554e-02 1.327748198087184806e+00 1.146038070008162102e-01
1.525217614210592432e+00 2.125051021401761497e-01 2.344998600676502232e+00 1.632527722998162290e+00
1.379732427793249450e+00 1.139903990318291260e+00 1.577937593719907827e+00 1.859180541359839234e+00
2.046699823608277402e+00 2.665112365860963894e+00 2.538889809033214373e+00 1.532103722313374883e+00
1.934391346948541202e+00 7.947852730036009117e-01 2.897119653306037268e+00 7.267619796711541347e-02
1.555499069518337052e+00 2.550706000919876093e+00 1.988967292123239028e-01 9.105643597351746610e-02
2.852414757697317338e+00 2.857565801194135169e+00 2.508548235454516107e+00 2.754292758909109295e+00
8.981315431466651011e-01 1.183686505396354782e+00 2.454946373372878521e-01 3.121819077135631337e-01
1.448569178453050332e+00 2.349707540192228272e+00 1.050730934905025116e+00 2.744810772113888131e+00
2.363041551782371075e-01 8.513008856945389891e-01 1.726360769409126972e+00 2.873182036084243052e+00
2.349123000510818571e+00 2.900126569690992043e-02 6.471017525919431357e-01 2.449947818104586172e+00
1.712197861940554455e+00 2.810359404245551307e+00 1.978005665013484293e+00 1.239002651408335876e+00
1.317084051450957194e+00 2.495443254333213456e+00 6.466997226092935369e-01 1.210801876339046901e+00
1.097589053794488789e+00 1.058262460083406603e-01 1.630338664453131470e+00 3.117446673759860509e+00
1.461744370083204458e+00 1.369232821053701477e+00 4.934931313255916940e-01 2.429888605310237093e+00
2.558795892272867967e+00 2.198266916468399612e-01 8.135892783225516789e-01 1.775020843231452039e+00
1.544276793507466383e+00 1.115101903619244439e+00 2.213301708914873434e+00 2.387024238847938129e+00
2.544843984709754814e+00 2.589586603455247826e-01 1.270582624881820166e+00 2.379108954165169987e-01
3.318541547178606166e-01 9.034024405654093037e-01 3.607091625142592739e-01 2.495911036459992349e+00
3.299189994937626880e-01 2.186607216403350318e+00 7.395785179243004048e-01 1.727424689705019833e+00
1.276102110516631694e+00 2.851607059675876243e+00 1.589186965899619108e-01 8.366963722562505978e-01
2.490036703304788546e+00 2.290047468963884558e+00 2.796353915451296412e+00 1.997665787144240479e+00
3.691693868943021206e-01 1.065264078794297298e+00 2.993979611505157123e+00 1.616566305669152381e+00
2.211919058479662414e+00 1.839729111693386709e+00 2.587746355030903445e+00 3.671890855669851517e-01
1.003242390305552512e+00 7.492383975652504580e-01 8.187232087838904881e-01 7.355701402383172383e-01
2.215739619498910962e+00 2.379190859124912016e+00 1.039439423003611473e+00 2.922320384255748138e+00
1.716392268357205042e+00 1.933941643581280623e+00 1.864139325698591421e+00 2.353155566172735469e+00
1.813275678339431041e+00 6.576224120067653001e-01 2.523937104111110497e+00 2.454302471880984271e+00
2.173022410081366651e+00 1.426869181368903172e+00 1.094699196065217484e+00 3.410917435656725671e-01
1.368635293110293416e+00 1.731725835022604798e+00 1.948405823724154384e+00 3.020944639828966771e+00
1.333870108623221862e+00 1.002561897177258077e+00 5.090477083270394248e-02 3.012400910722504044e+00
1.590683085316117795e+00 1.734133606397543881e+00 6.499039114420270824e-01 1.816681109072233180e-01
7.376611213788379917e-01 1.129936334174953094e+00 3.584352287345019539e-01 4.349563360129561351e-01
2.314244268840648031e-02 1.982692470795664130e+00 2.280879380267080592e+00 4.494137516179616543e-01
1.090524208891570979e+00 8.032101675612203229e-01 2.800449777583358113e+00 1.942878302246509481e+00
2.178969069008684034e+00 2.676409979628857072e-01 1.392502917289541342e+00 2.578771892601400495e+00
2.710541777124798379e+00 5.290038559341945223e-01 1.802020575165166560e+00 1.543543308828055682e+00
6.999956999839110905e-01 6.641956774992097134e-01 2.190313096074466337e+00 1.180789321982600892e+00
2.383710643574674215e+00 1.805929066055123933e+00 2.324008847391242139e+00 1.292092919622706892e+00
1.483122641847463674e+00 1.255659988932169568e-01 4.829803969524181229e-01 7.653217826768464738e-01
1.530986624397690177e+00 2.116911611014256067e+00 1.953293811316055395e+00 2.278750233875312947e+00
2.607767608213330757e+00 4.187143734391901018e-01 1.603869077830497591e+00 2.355203725460111031e+00
2.338582244713257818e+00 2.619451888062195088e+00 1.782964676776801261e+00 3.776523776155998879e-01
1.058762284881809901e+00 2.090910073545801495e+00 1.713726465657837039e+00 6.421848485283451202e-01
1.451456942441238906e+00 2.264024994753063957e+00 1.124328851317455857e+00 2.425181264440370021e-01
1.039359492408425512e+00 2.665113382260731800e+00 2.927095291944772804e+00 5.661689390882095330e-01
6.783059489328793212e-01 2.356370270368764785e+00 6.065593088838981961e-01 2.623679155737854707e+00
4.643689625397295906e-02 2.047479822797768634e-01 7.807203122132762019e-01 3.736129638543085330e-01
1.648462607585612805e+00 1.486914902925215332e+00 7.390512260566065583e-01 2.210500487890713905e-01
1.916450591858818830e+00 8.883209284031142738e-01 2.968708385500178348e+00 2.766911444543283416e+00
3.113499604442049318e-01 1.775074165267922055e+00 2.699633218964549553e+00 1.971650241241107659e+00
1.941623040332207895e+00 2.294691825490058346e+00 2.161677156015287871e+00 2.602181392848266217e-01
1.736792375600585858e+00 1.174685938207213676e+00 1.673763521689700662e+00 2.874712096683751938e-01
1.234979378391764193e+00 6.244649589516736848e-02 1.820155670250717339e+00 8.256723917575569116e-01
1.687112418230657607e+00 2.287447541246157456e+00 1.420699987252483920e+00 2.489668731611835550e+00
2.657932757258397505e+00 1.068025146225690891e+00 2.364187288112792606e-01 9.084403561575274955e-01
2.909717972636853389e+00 1.639197631635898933e+00 3.533827845608644713e-01 3.137629208244500756e+00
7.468745701735313158e-01 6.224157061860381424e-01 2.228312455087858801e+00 2.939905203088050752e-03
1.630803586646358605e+00 2.403004501530014547e+00 6.820233770010974972e-01 2.919507087671620926e+00
2.220888984483323725e+00 1.594827983369957680e+00 1.071112261605408511e+00 2.052692070370820243e+00
2.728199886710454436e+00 1.077231953047683044e+00 1.283101104310301777e+00 2.596925190640229572e-02
3.643287081353409063e-01 8.689235669816255392e-01 1.062265525709269187e-01 1.795529644918134382e+00
1.451455329887008761e+00 4.756225404522188005e-01 6.956711395524346475e-01 1.681454655676885901e+00
1.078957021741306255e+00 2.942350097552464572e+00 2.668572336125427213e+00 1.656232952995116303e+00
2.472546583358114780e-01 1.780381084739375508e+00 6.420866465036220161e-01 1.371076843678345591e+00
8.333524964711663818e-01 1.373682948120912073e+00 2.622848201632627774e+00 1.533671067218386197e+00
3.681951492748718469e-01 2.342304090080264523e+00 1.533326641588929506e+00 1.036088701193737638e+00
3.081944802118210536e+00 1.181061627299418326e+00 3.101032130853525803e+00 5.038737422807346711e-01
9.873735422466956013e-01 1.173822887142506266e+00 1.010898339549704428e+00 2.569561938172066906e+00
3.138451306815063013e+00 2.494148280323723821e+00 1.377588965556028722e+00 2.394671273623150409e-01
1.128664194168767843e+00 2.789137615283702409e+00 1.441407775035967953e+00 1.643751831861021140e+00
2.964987229302469718e+00 1.947074193860829139e+00 1.062129985855338132e+00 1.361980414592965705e+00
1.648169586244008444e+00 1.631049137755616218e+00 3.102439173973140285e+00 1.273041235478542754e+00
6.721750603969300908e-01 1.428073384347681163e+00 2.243660144655256428e+00 2.777999282052138419e+00
9.362661745157601079e-01 8.187876569567407170e-01 2.297753590448066152e+00 2.555336757205568077e+00
2.057206690632274793e+00 1.498986399836372163e+00 1.440175480313568235e+00 1.922757318566071350e+00
2.575628108134339733e+00 2.186496193561199508e+00 1.200397381670642361e+00 1.857251091238306451e+00
2.208737206898548244e+00 1.411123819674875213e+00 2.962925132997664246e+00 2.733325429505882198e+00
5.231700294306758092e-01 2.217169997451283070e+00 2.733807465716042273e+00 2.920465345445514505e+00
6.206834529627255348e-01 2.207020442821544748e+00 9.375044761273979566e-01 1.633894954800536523e-02
3.052610493150483162e+00 2.875861004918472741e+00 1.919756294236709404e-01 2.630947659681049711e+00
1.804672131870369012e-01 7.384893049824264866e-01 3.721491754651727324e-01 2.771509760520801002e+00
1.506350059358489757e+00 1.467275965589626696e-01 2.660128456220467008e+00 1.079541522778089124e+00
1.001925432319970971e-01 2.815548690097437134e+00 2.199015691778058113e+00 2.192568900289566525e+00
2.442793623181476637e+00 4.263318817565247554e-01 4.016240889714279838e-01 1.116835302930397233e+00
1.261096968967269534e-02 3.045000249176461171e+00 1.672338237998168609e+00 2.995483463792596890e+00
1.323126099399470346e-01 2.990364652198746143e+00 3.009787714319478003e+00 9.177473986444285581e-01
2.093382512415877361e+00 1.186383231671143790e+00 5.953384672589366877e-01 4.349939571154110562e-01
1.081548428953908791e+00 2.725416461086855868e+00 2.021239356105804852e+00 2.159376881097969658e+00
2.047817357855334031e+00 2.576384949803051327e+00 1.552340742369551663e+00 2.119566477416618078e+00
1.441551690585548107e+00 6.012014128433733617e-01 9.210809947637756956e-01 1.500761633320972788e+00
1.707963942746842656e-01 9.502687514484392528e-01 1.641258794326186932e+00 1.185003654415140772e+00
2.366652413933937049e-01 7.978356636756110953e-01 3.009364814643086916e+00 2.198368815259121867e+00
8.262755386415024939e-01 2.967343912535759909e+00 6.321246340663283503e-01 1.454823793694221212e+00
1.924856905938223228e+00 9.575424361281087426e-01 7.490017262278946264e-01 4.031103112696958757e-01
3.091584979557269186e+00 1.564768660805442080e+00 1.470224293747963706e+00 2.588112115340447605e+00
2.018152956318395752e+00 2.363080593639996507e-01 2.390396379585506548e+00 2.397597417549690579e+00
2.670390239875283900e+00 2.045433778142816017e+00 2.715375170477535516e+00 2.372456646997549878e+00
4.115297696920737214e-01 7.976458047405997620e-01 2.815427371760837350e+00 1.952207853777768065e+00
3.253809685514993943e-01 1.933879062010868122e+00 5.854516484216607530e-01 1.841920842518689039e+00
1.437527791539215283e+00 9.695013290769382008e-01 1.523440837663351921e+00 2.920748372619963895e+00
1.447254815865421040e+00 1.674233404160753391e+00 3.000186896060708541e+00 2.545847892530618939e+00
1.415225442980891701e+00 2.763985679168977860e+00 1.963689866139418649e-01 3.537879967937196946e-01
1.469821028252853434e+00 5.700141519469841267e-01 7.145239672818780585e-01 5.424998151423465753e-01
1.009767291632535785e-01 1.386046696159700664e+00 1.836046326844019028e+00 1.708113116001571452e+00
3.063241153058034794e+00 1.351885109736791879e+00 1.029025573699945184e+00 9.719641769855295044e-01
1.059798133095279704e+00 3.718074124167147221e-01 2.930657000655908284e+00 8.381352499535391631e-01
2.725755193998973258e+00 2.487214590001777026e+00 2.360834068259018981e+00 8.453415326313541422e-01
2.672929351129473385e+00 1.751183071599104579e+00 2.576789997424000944e+00 1.744819968836133661e+00
9.643561986694754173e-01 1.125409989537839772e+00 4.499983978329343270e-01 2.427564282968343701e+00
1.610909512403808419e+00 3.028547015652581997e+00 1.891317500365155890e+00 7.201211013239439129e-01
7.138587362471804365e-01 2.198787588604337540e+00 1.065080641563618702e+00 1.053279877435410850e+00
2.757937061744985208e+00 2.894262385474618782e+00 3.388914381113228291e-01 9.110126642673926911e-01
1.391733955860018579e+00 2.752357005279604696e+00 1.666601935961433467e+00 2.223601956450750539e+00
1.376673484330132591e-01 1.827124698639949418e+00 1.057255496379027049e+00 3.854287458934070876e-01
1.914024150736053143e+00 5.088680035725779982e-01 1.107131544072099683e+00 1.641372645401333097e+00
2.792265722648356263e+00 1.433431505499200398e+00 2.449905162363511302e+00 1.336249837077766900e+00
2.592621204777334043e+00 1.104657152201068970e-01 9.437096275065025575e-01 2.143263809568204614e+00
4.919616915925603129e-01 8.165576295689562503e-02 2.771348135020751169e+00 9.647065955593476794e-01
9.801687512525616430e-01 4.495389077266236377e-01 1.686913962742494055e+00 3.780302197983153450e-02
4.840066681934170889e-01 2.530202841546142167e+00 1.118255814335270770e+00 3.069793784684788474e+00
2.483252204600514101e+00 1.466410464750451947e-01 2.660856770679074668e+00 3.497095925966056118e-01
1.412357264352426922e+00 2.248367901306599581e+00 1.218260886153891498e+00 1.281949279671866782e+00
2.920332201276768735e+00 1.611993332559194636e+00 3.014252267709649935e+00 3.072849942020245972e+00
1.674927516820093665e+00 6.477722990709964268e-01 1.925572809477738678e+00 9.012285100679242600e-01
1.587138155763348157e+00 6.203072097179617161e-01 5.681209833780554996e-01 2.754111697476205656e+00
2.832269792129326280e+00 1.972613439453843598e-01 6.919486441328703830e-01 3.190813159829883894e-01
2.313167305964805021e+00 2.949166280768850346e+00 1.688324686084459181e+00 1.008388916685137415e+00
2.227085553767410298e-01 1.458612435188074263e+00 7.976182259652876416e-01 1.861192715706144085e+00
2.710546404505033369e+00 1.719812896411060610e+00 1.046182360974037495e+00 2.490300523283453416e+00
6.970031581887915495e-01 1.136463370979659215e+00 6.540230776082859299e-01 2.808313721160099252e+00
2.735716739835056366e+00 2.558139223261170159e+00 1.480379396685779447e+00 1.282227986450277246e+00
7.977717874242914453e-01 1.323759245123786066e+00 1.666503821542421049e+00 2.474832815164761168e+00
3.079284905550836449e+00 8.015439891070046396e-01 1.164567112150696193e+00 1.040859489452447884e+00
9.552258575201977298e-01 2.390745891826637770e+00 2.460050367827062878e+00 9.857326908457438863e-01
5.360914221206984909e-01 1.647907203671790388e-01 2.787288737002286521e+00 2.761840728795658340e+00
6.952063151830418786e-01 1.840222312240702429e+00 5.235264608669739639e-01 2.361308981005679541e+00
5.519462112510951091e-01 8.629992217177958613e-01 3.281407921276707218e-01 2.394978537898581283e+00
2.149762731439166519e+00 1.995060924229143717e+00 2.899960519060094555e+00 1.411816921721749774e+00
4.618623695199861046e-02 2.803442474221408798e+00 2.803495657616425607e+00 4.691917723798672557e-01
2.859865312585989083e-01 1.035712743608086406e+00 1.188688676120570387e+00 9.793830071822702266e-01
7.377622411914648293e-01 2.246090557550691980e+00 2.163342537838084390e+00 2.773777963279898895e+00
1.293498181680479808e+00 3.084179514442144665e+00 1.724773293731039603e+00 4.634374896682532108e-01
2.229420101538035048e+00 2.841258440159446508e+00 2.506509577030352709e+00 8.233166903225245248e-01
2.672741939879148987e+00 7.643024125931340285e-01 2.244787553746256936e+00 8.606555250184955153e-01
2.045318162545391338e+00 1.624302809015611304e+00 1.788878934913101793e+00 1.283371869807791832e+00
2.260707293647829630e+00 2.643797365242008368e+00 1.798411915957286444e+00 9.726197517744702425e-01
1.292436784489205737e+00 2.172937868935711503e+00 2.249087632618309851e-01 2.064855641671381026e+00
2.897164675861605865e+00 1.543615229764117469e+00 3.069420816591412748e+00 2.683664867590992653e+00
1.490858733429981653e+00 4.666160669146611761e-01 2.771169510980830086e+00 1.808712365147573831e+00
3.102893620864209279e+00 3.153789595449037475e-01 9.366383399472965054e-01 1.473945021888748430e+00
1.751597903089459285e+00 1.999025969513072765e+00 1.498300275927023195e+00 2.806379412132672169e+00
2.846416835024659697e+00 1.908620778290744280e+00 1.091760607897916541e-01 1.821396256295247096e-01
3.103982790171255779e+00 2.434802010905678493e+00 1.932793239823828724e-01 2.549980754110306336e+00
9.765734652173229113e-01 7.065269407965885096e-01 1.367502746101273425e+00 1.783647870630008736e+00
8.252794673123939884e-01 1.478504839368954160e+00 8.107427689398155612e-01 1.723973706105439208e+00
1.953965978780920043e+00 2.281493694064387956e+00 1.991969797157816524e+00 2.955589482558000025e+00
2.284619293357840419e+00 1.385290729999882231e+00 1.896095020975371970e+00 6.488171692291612169e-01
1.590295552801531231e+00 1.197712283136367795e+00 2.144455449419345516e+00 2.373603345570486134e+00
2.737262578043281103e+00 3.927459042565524250e-01 2.350208057628570213e+00 3.945160881932093244e-01
2.586865806954267377e+00 5.995839739212709407e-01 1.029695678767911016e+00 2.851681316151077006e+00
3.018653387367662422e+00 2.351895858672768735e+00 9.508327318151127416e-01 1.265081509999975706e+00
2.349951933230660206e+00 9.133812355634230995e-01 5.221768295800632842e-01 1.048936444979476690e+00
1.360981461146633653e-01 7.351411471231583672e-01 9.897264593041648073e-01 3.054688740498979094e+00
2.597630622759055541e+00 2.034706262832707946e+00 1.032398361387037333e+00 1.899322213722339114e+00
2.204339324088802066e+00 3.053114870563292005e+00 1.017753951199141582e+00 1.804729361127677789e+00
4.883725979704142128e-01 1.292031216460475807e-01 1.818672573123699010e+00 1.011652744975999330e+00
2.100248880054288225e+00 3.749414437337303951e-01 6.883011098798068605e-01 2.878959717898412762e+00
2.549314360687836789e+00 8.292727156987118597e-01 2.168270753206170465e+00 2.089474941056228108e+00
2.731209791889218086e-01 3.089061379816345099e+00 2.091168519157239114e+00 9.776628262196949137e-01
2.994162449530519243e+00 1.133855994101623299e+00 2.883038826925841125e+00 1.184298300609271548e+00
3.612832659463745544e-01 2.877438225024071095e+00 1.202199003376045461e+00 2.337911151662105169e+00
2.232279495439868811e+00 1.812554087022272720e+00 2.496866299234189235e+00 1.451847091108649623e+00
1.751245438177723601e+00 2.423557342904049783e+00 2.853686619180061168e+00 1.912652916810132719e+00
2.500469337605208064e+00 2.541013258822929277e+00 2.607106107529652661e+00 1.595759560296460336e-02
4.169662075627043052e-01 2.680747860890665635e+00 2.914941392794312414e-01 2.051969170157872391e+00
3.126955225985463827e+00 1.872652290071794012e-02 1.039720427806983372e+00 6.656869044486566356e-01
2.662843753211459497e+00 1.569364365572725628e+00 2.608222895586929102e+00 3.616445309038512912e-01
1.283910403333269779e+00 2.701618348813186188e+00 5.813592562217155812e-01 1.679632884227596268e+00
1.588640138190781537e+00 1.055606632023224245e+00 1.827232290825586913e+00 9.911909172902353404e-01
2.210368134308759724e-01 4.228598779291191101e-01 2.731711199328292761e+00 1.373475919815731139e+00
1.916925014606930988e+00 1.950912061749036364e-01 2.194602717550663495e+00 2.203965213456317684e+00
1.512776483829964824e-01 1.505482016238905985e+00 2.554914857692518027e+00 3.013014513548974094e+00
2.674253785015903162e-01 2.739671913512856105e-02 2.640905890343546503e+00 1.494404064487732775e+00
1.987210778024153024e+00 2.875980503537995947e+00 2.795814412978457342e-01 7.105153716622412130e-01
3.563633046998232468e-01 8.650076418086664054e-01 3.331976238390022549e-01 1.034540069172973809e+00
1.115474493237376796e+00 1.585017656113236306e+00 2.656824963978906329e+00 2.675423846013033291e+00
1.767302680498926248e+00 3.835146084440489989e-01 1.384900181772673600e+00 2.067607789132356988e+00
2.247120958844671446e+00 1.980344356651303137e-02 3.969344991875065065e-01 7.713046895523739677e-01
8.445044869218593098e-01 2.924257875667608975e+00 8.759207661723958926e-01 1.536058211708974275e+00
1.323644367164621138e-01 3.278362354326830874e-01 2.030802218056910302e+00 1.223843009346988975e+00
2.970782754871103659e+00 2.605879140341775813e-01 2.071114376993075989e+00 2.802057760492403737e+00
1.822560160635878224e-01 1.302274642047211328e+00 3.105310053926936931e+00 3.076657745853137005e+00
1.344370887073901566e-01 3.268106464922789639e-02 1.814696839169599674e+00 9.838144338595987692e-01
3.020358714492454411e+00 2.519335810232141259e+00 1.546788439890167899e+00 2.122785137399809674e+00
6.909641850055984191e-01 4.938322055714601255e-01 1.516041876026509971e+00 1.630209562247296962e+00
8.824024982878314605e-01 4.355369417785986408e-01 8.501208862263215371e-01 2.991288722771830333e+00
2.576757026683893503e+00 2.509531286691005225e-01 1.468507247325645082e+00 1.067099295748695775e+00
6.049754364239321447e-01 1.547746140931956227e-01 1.043222457256709257e+00 5.005781332434121600e-01
1.350386354577183479e+00 1.070324468206324875e+00 2.974322068062166924e+00 9.485091233136780930e-01
2.330240752922114300e+00 3.094923334791827241e+00 3.758509299341100118e-01 3.017221777522958615e+00
1.452282220436967197e+00 2.684906435851994733e+00 2.770031429687167535e+00 4.992602453773403171e-01
9.515896850445294541e-01 1.170496259336795131e+00 1.681211391045147829e+00 2.082521899037571345e+00
2.611572138606238713e+00 1.186728986446683898e+00 1.228713419844824850e+00 2.620185991081861232e+00
2.189730482080190388e+00 1.881690250163581712e+00 5.353615987908589835e-01 9.708337762830074880e-01
1.588739458645101577e+00 9.182224650348790040e-02 4.041201071564722858e-01 1.041580133741202008e-01
1.325130106179768452e+00 1.246867978343788819e+00 2.864402840794749050e+00 5.583163336980871971e-01
2.030591906551792558e+00 1.735211392224778937e+00 1.093046975400151721e+00 3.292966615795250851e-01
9.274058049450881747e-01 5.780277638786891492e-01 2.277412284689622091e+00 2.651919301325946776e+00
2.002825501216910276e+00 2.847759700245767966e+00 2.974651142061071951e+00 2.686060080263694694e+00
1.826475332603515689e+00 1.812611621707702847e+00 1.398555145211539452e+00 1.505616333666441209e+00
7.907598300286609039e-01 2.788558471540874439e+00 2.978680817509330225e+00 1.352457804125538177e+00
4.621627777954830929e-01 1.741231976631558487e+00 1.146285079230719095e+00 1.976564409334830907e+00
2.088412438627395840e-01 7.949431631535444076e-01 1.281231073805330523e+00 1.561937217790708265e+00
2.457426420958225943e+00 1.723457250065087987e+00 1.744985961000075969e+00 2.559353575840959572e+00
1.619514411132660037e+00 6.475944728779494675e-01 2.228168624428584543e+00 1.227982664624892584e+00
3.676217494291343924e-01 4.932936579349874173e-01 2.308290783780989064e-01 1.283667837039357495e+00
2.621548211312664467e+00 2.696326619041462092e+00 1.120110625149840944e+00 2.566621840618514838e+00
1.835406971195736148e+00 3.023379435017657713e+00 2.077713880454752360e+00 1.109994877545332992e+00
1.230407825735980731e+00 1.670563029748624251e+00 2.145031772508003254e+00 2.759824719794835790e+00
1.839201898244839262e+00 3.222138754294055496e-01 6.677762775981119781e-01 1.988188649751121639e+00
2.103210081785135799e+00 2.400981499521887219e+00 1.647995320136523389e+00 2.665871733943919963e+00
1.376170324277197654e+00 1.761387814367162852e+00 1.053329587953576452e+00 1.392398669492189933e+00
2.186236949608571845e+00 8.655589178604640166e-01 1.990970793235089520e+00 2.236065585851301663e+00
3.076090102392277537e+00 1.244571759529764288e+00 2.093385362694329732e+00 4.003103534151619125e-01
1.367361598928275690e+00 9.803007442596840537e-01 3.094116260993692968e+00 2.970835829876349310e-01
2.440339223658157142e+00 6.707260326729728162e-01 5.185078278396172413e-01 3.086003602705327253e+00
7.892745986618590059e-01 2.689450813784455274e+00 2.059609989793227847e+00 3.419458731431148091e-01
1.522513513382874661e+00 3.134724927516591375e+00 9.085759292443207347e-02 1.307537193191339320e+00
5.952395893296668072e-01 1.849636634423337922e+00 7.732569118491829929e-01 2.510997642685633302e+00
2.721848754039632556e+00 1.777087411442532572e+00 1.719531131255048084e+00 2.486475860914908687e+00
1.959752161551005234e-01 2.398798374793339738e-01 1.150472185353137666e+00 6.682460287578787517e-01
7.631021168082888773e-01 7.415035950786836860e-01 3.455389541006682608e-01 2.195872671132223619e+00
2.070374967156382862e-01 2.583983653285547355e+00 2.707634201734540280e+00 1.360722981112468366e+00
2.447438156202871085e+00 2.877128195146589462e+00 1.764416109852055659e+00 1.913476280607149693e+00
3.295979298817856562e-01 1.530351514717670058e+00 9.264733966826746991e-01 5.683979012450841167e-02
1.370032639895179871e+00 1.006492497311645584e+00 2.928318678000581432e+00 2.009525652141815222e+00
2.723789029471659795e+00 1.046939517218680171e+00 3.521859111672056564e-01 1.863783281103111422e+00
3.283755082669772563e-01 1.761168193645851865e+00 2.258786146271094530e+00 1.850699701636861150e+00
1.091855872355250945e+00 2.892463561509719394e+00 7.865752921648465623e-01 2.857720880161066734e+00
2.689377628531981479e-01 1.511924670664935189e+00 2.361568334593934892e+00 9.135246953864283315e-01
2.483931785416611859e+00 1.168379020773188337e+00 2.787439850107320538e+00 1.351596693679604888e+00
5.824905718490394069e-01 2.933999745581176821e+00 1.247759948649236783e+00 3.016342628595689135e+00
2.009244870155394658e+00 1.266687489053228255e+00 9.459245786654914001e-01 2.668474903125016340e+00
5.325524154193014281e-01 1.622140783689739907e+00 1.228607920658855379e+00 9.958911902597085419e-02
4.395359235796598707e-01 5.375199240521546379e-02 1.744815253838592373e+00 2.932424789486720140e+00
2.472108056510598839e+00 2.825706532402789684e+00 8.505598468151310820e-01 4.548416687789885171e-01
3.141367482065403838e+00 4.151375849670644880e-01 1.619893228356676040e+00 2.901204893454364164e+00
1.797380739240189484e+00 1.113191323245531494e+00 1.948106774395732765e+00 5.690021921678383165e-01
3.003440325258019961e+00 6.321612591200569398e-01 1.605579906144283697e+00 4.591765505147999415e-01
4.897478157084296790e-01 7.009661555885999817e-01 1.585833381026171107e+00 3.126882824938532202e-01
7.301599510541804117e-01 1.806656966990081714e-01 1.267375524055499580e+00 2.846084327540037151e+00
3.013176995320132612e+00 1.893324634848483123e+00 8.079751590710183839e-02 6.882434516444125849e-01
2.303864994686832368e+00 1.536837454282086401e+00 2.492351008691089831e+00 2.150544517407559919e+00
8.960876810875962883e-01 4.735123614413613291e-01 1.200582047926163076e+00 1.865519739186277115e-01
1.012664856392880841e+00 6.145201710255320249e-01 6.130060227053373278e-01 2.368674282962631050e+00
6.702862246152693215e-01 1.038948158000151833e+00 2.804594463064705501e+00 2.548483031681764155e-01
2.619142920394521123e+00 2.064625022236147522e+00 2.147778021991531894e+00 4.357995542799661948e-01
8.360891529911020914e-01 8.231407074581924554e-01 2.954005848041166171e+00 2.023499032664677344e+00
2.442143379988830354e+00 2.528584880071410801e+00 2.831865901261136353e-01 1.565494799377519231e+00
2.599967402026076013e-01 2.605663087195777106e+00 2.903233925202836296e+00 1.892037012351695191e+00
1.676356920246179494e-01 1.637820178085788614e+00 2.348144506215301686e+00 3.018482716802107557e+00
3.935080637548581395e-01 1.231582530921031982e+00 2.898899854949276822e+00 2.095220006759254794e+00
2.074140770634340658e+00 1.718160500769338794e+00 1.203150472881106436e+00 2.532707034631542342e+00
5.935991657821261258e-01 1.494920374264026242e+00 1.214129361935680995e+00 1.253620638724066705e+00
2.042033357164436680e+00 2.431133631589251998e+00 2.498132564081725349e+00 8.543543083886855349e-01
2.682384560041226162e+00 3.124478843820583496e+00 2.322157772109155083e+00 6.948882353634971976e-01
2.827194241253571327e+00 2.105093380978469320e+00 9.989243422965820018e-01 2.528720236078979777e+00
2.474119444254617051e+00 1.164986613075489119e+00 2.116948513555649836e-01 2.439970001091947172e+00
2.697597077961147338e+00 1.715341174733882923e+00 1.026812295875143333e+00 1.808615298439578689e+00
1.206725904830954488e-01 2.413854857598459080e+00 3.016646107153592826e+00 2.931218088914543607e+00
2.279788618896396724e+00 3.015906168243013274e-01 1.997724863501375847e-01 1.132998665764723550e-02
2.161844765035687566e-01 1.649879799846768025e+00 2.408772131107984826e+00 2.475636343356763636e+00
4.981224764233031510e-01 8.358199722661084630e-02 1.264912460308738718e+00 1.600245872508403444e+00
1.567405526954062323e+00 6.811234959938295974e-01 4.682177953417724914e-01 2.046433155215967137e+00
3.598684102825562836e-01 2.884179336804085114e+00 9.212011547584809945e-02 1.492923543320620272e+00
6.166319520994925085e-01 2.734287524620883314e+00 7.226124685122577995e-01 1.116904195261673394e+00
1.121792554187700297e+00 2.169152885532193292e-02 2.733716526321942619e-01 8.298852019626257182e-01
2.658469412285385580e+00 1.053432591400194962e+00 1.553101676550453503e+00 2.194806162713126785e+00
2.022691545149410519e+00 1.003486711425357170e+00 7.508975942647533319e-01 2.945068551372441057e+00
1.672149941443537235e+00 1.211194740838990661e-02 1.972620514969456673e+00 9.985153641322701557e-01
1.461583058125807799e+00 2.751845400841195666e+00 1.679676806379543308e+00 2.693339507763712337e+00
9.755582970802528786e-02 3.586673225160583733e-01 8.685036233820295770e-01 1.369505129642904828e+00
3.872532501008257300e-01 2.036570333055400805e+00 1.479621276589099921e+00 4.231463120219570717e-01
9.991587497547791408e-01 2.632151103143560711e+00 1.411697940124615469e+00 2.152052720356087079e+00
2.505762400086231523e+00 2.118173071029510357e+00 1.115348128428617303e+00 2.971037475267740646e+00
8.109359999999993240e-01 2.783304576932446484e+00 1.526950835084745828e+00 5.814217457919717419e-02
1.187380542978698772e+00 6.042662537574405857e-01 1.409543268082176448e+00 1.221295884755379868e+00
4.276998559411047118e-01 5.363904718638633495e-01 2.246831741775821456e+00 3.101638802778010184e+00
2.849010177759134343e+00 7.959923424680879211e-01 2.145480797999634870e+00 3.134003986879978942e+00
2.255176522387525306e+00 2.292063529610783856e+00 2.297903322533201731e+00 1.028584300651692596e+00
1.734727224636561038e+00 3.022372354253620497e+00 6.978168438123438788e-01 2.635269161484921963e+00
2.903751330040980516e+00 2.010584524537638362e+00 1.261115746305599083e+00 1.015706438399464284e+00
9.095338742759956352e-01 2.618779423094667269e+00 1.738847937521867060e+00 1.370521035731617099e+00
2.189782388993462003e+00 2.239428736779697449e+00 2.173856499385980801e+00 8.630381288979299681e-01
1.210780892013433752e+00 3.815585928859650533e-01 2.878447852796516049e+00 2.474151825994483467e+00
2.081567157011941394e+00 1.883151979131718612e-01 1.856826893618150454e+00 4.693721397791277283e-01
1.002635191530452108e+00 9.800582693704477100e-01 9.887380621816834747e-01 3.087729623966903869e+00
1.154203314516063540e-02 2.875782687203292110e+00 1.643218955644036416e+00 3.211980626251627058e-01
1.166580346506268295e+00 2.348195531507865641e-01 2.562397873676514060e-01 3.550800434210926726e-01
1.220196331044843374e+00 2.506627240534195611e+00 1.348245965571891913e+00 1.185972012124232089e+00
1.256889879693814160e+00 8.828134599857923037e-01 4.366746099283717042e-01 3.647999734466109145e-01
3.139545988449765179e+00 5.158543483636733873e-01 2.745788338935899908e+00 3.917463977724013890e-01
3.120376237875094994e+00 1.063319205240113696e+00 2.868108028011394417e+00 2.510168021514982861e+00
1.740506473633343987e+00 1.141908657823374362e+00 2.816281767518282297e+00 1.774632233998215680e-01
2.910669591490700370e+00 1.477553377141033852e+00 2.245036927498277324e-01 2.734774650232831394e+00
1.734260588618858456e+00 3.083966860950353883e+00 5.262124901917305531e-01 2.753656571659549801e+00
2.318422107492820849e+00 1.781420369556492078e+00 1.855386634213861408e+00 2.458976028937216451e+00
2.562066614448880397e+00 9.197988901606273249e-01 3.022629957041471194e+00 2.652728543955144236e+00
2.257461659901321749e+00 4.352707747492244317e-01 1.894538449301841898e-01 3.127369360013216859e+00
2.507077431056704775e+00 1.158908625414748927e+00 2.629826404300274145e+00 1.150707408634753959e+00
2.580147410857109858e-01 1.555479094974107079e+00 2.039415409019664782e+00 2.769304490301055299e+00
1.235206958779497613e-02 6.781582765038619842e-02 8.168970103866560750e-01 2.220161447437761115e+00
5.234061932924444216e-01 3.010081408004210868e+00 2.200558768739853122e+00 2.750557592499012216e+00
1.469266558411209456e+00 2.073677860021807540e+00 2.944498469309591471e+00 2.937015144746841777e+00
1.554809308729224071e+00 6.275137606555613035e-01 2.240944154344435280e+00 2.848523374657425222e+00
2.370532722651738311e+00 2.402981365501335453e+00 3.135532309202776702e+00 2.170550034192666899e+00
2.894086123544015621e+00 2.572552894605058871e+00 1.192373667897612455e+00 2.505927608965617726e+00
1.425842985418999342e+00 1.493979820735650242e-02 1.797799989787837394e+00 2.527167158214032927e+00
2.988417314110773049e+00 8.780009703263058629e-01 1.799231449024959906e+00 2.623972276362942502e+00
2.585396425269611775e+00 1.799874088013147855e+00 2.321196473652176184e+00 1.600028333099950739e+00
9.878211845668236624e-01 3.648421652388326164e-01 3.116428179373491592e+00 7.231562776273829929e-01
2.007817506784607797e+00 7.277715588779995470e-02 2.491855391400068065e+00 1.819228297175332854e+00
1.133154653383524169e+00 2.694408476075834002e+00 2.833190541364660198e-01 2.178951912649748301e+00
2.058450424394434819e+00 1.051911475074924995e+00 1.757883722236109447e+00 7.255414351865446809e-02
4.558957182468863500e-01 3.104785970209789081e+00 2.397558887626673130e+00 3.593384222931458316e-01
2.036791505333888974e+00 1.287513300536098582e+00 2.010379292233228643e+00 2.693195625914113212e+00
1.354438563013395269e+00 6.599754815403575947e-02 2.549697354994154175e+00 1.102930630488386132e+00
2.810462254512342550e+00 3.128572853619127514e+00 2.649163175322086783e+00 7.547587896985787914e-01
7.088939245301083547e-01 2.517876603875044417e+00 2.764319274485226297e-01 1.296086086587771247e+00
2.885343335982768931e+00 1.622352322192621710e+00 2.118385124779428030e-01 2.661523487934489118e+00
4.113165050891847141e-01 1.395061855583024757e+00 9.102580073214152634e-01 4.033227074610531981e-01
2.884535806324914908e+00 2.782968696152441801e+00 7.513826709657288605e-01 8.976466250108192657e-01
1.728297283253794392e+00 2.644256462572177835e+00 7.969853378290878698e-01 9.865382573610633754e-01
2.944501449366714319e+00 2.741341122324270074e+00 1.221158720533257469e+00 2.741397805005780230e-01
4.521931620517560813e-01 4.049687629974644820e-01 2.183812869361546838e+00 1.362653244783840645e+00
2.619588309484833122e+00 9.739536091150033936e-01 6.455716510941699182e-01 2.883941785247735368e+00
2.115550943422338737e+00 3.039068002660676449e+00 8.408149864910723359e-01 1.166293437599037919e+00
2.990171431353951248e-01 2.614935842470541005e-01 2.650894691004292536e+00 2.421785182673078740e+00
2.433170402078612238e+00 1.757678597050018610e-01 9.501929583047524774e-01 3.124222060848503180e+00
1.068097418223767692e+00 3.802044978193079849e-01 1.821598057135724869e+00 7.541974144357663778e-01
2.471560448722494918e+00 3.505460071552090606e-01 2.416638815653482375e+00 3.924960557549429518e-01
2.562313562412116053e+00 1.142722071253471083e-01 1.924181538873573627e-01 3.035378359476050392e+00
1.405233812996357079e+00 1.518076972372297828e-01 2.797161579305138535e+00 1.781785036151329438e+00
1.732407794356320307e+00 8.718488310612166892e-01 2.657462868286996294e+00 2.101927831361122045e+00
2.173847533353469863e-01 1.502006445299320259e+00 2.470289515819064974e+00 1.852728801642638645e+00
1.662141050228070682e+00 1.650517258608584337e+00 2.483454847528479004e+00 1.602330741827263871e+00
2.095920538774779018e+00 1.661711937137998474e+00 6.631266194893741250e-01 1.178540232140211419e+00
2.633423661449309172e+00 1.076217581617357588e+00 7.746006290113641723e-01 3.087662951333905781e+00
2.216467796484483443e+00 1.751197582917203066e+00 2.595568822748406834e+00 8.094252267248149835e-01
7.998316193965637755e-01 2.344014999922359621e+00 1.311249722607962465e+00 4.464830052263089599e-01
2.839784405793597255e+00 2.406538502288920078e+00 1.036428361343779025e+00 9.018941391044486000e-01
5.264163410244416808e-01 4.800994439335823927e-01 1.792684374430943750e+00 2.368996097045581006e+00
1.710237179814678043e+00 1.274181152785598847e+00 2.899457066853331710e+00 1.537012052926989947e+00
2.165753698042596209e-01 2.797907010705686037e+00 4.970610497595611688e-01 1.354210836319459155e+00
2.029919204855796355e+00 2.510115114608068243e+00 3.421977256245311017e-01 9.151080695963768052e-01
2.084546150918549778e-01 1.991792890585443621e+00 1.663286943072666224e+00 1.038050808359144872e+00
9.637958481203334760e-01 6.425037902609166407e-01 1.442848845414876902e+00 3.584644671983377995e-01
3.790465814997114880e-01 2.170399094599380518e+00 2.908610398237561956e+00 1.000512167154988807e+00
1.328190506512175073e+00 2.339982002249642701e+00 2.970652166565927566e+00 1.476734566826600981e+00
3.049364503625085376e+00 1.470790458503003564e-02 4.809700852812709426e-01 2.145300863707201966e+00
2.759387323984243245e+00 5.782957843307935386e-01 7.249928639404537023e-01 2.935584275105824759e+00
6.694765432957043849e-01 1.445919895089190943e+00 1.021064718718371456e+00 2.299740338643074811e+00
2.967767127696943064e-01 1.939021158410803691e+00 2.431615983713727669e+00 1.586057343682203857e+00
1.692442158232049465e+00 2.561769421203355268e+00 2.851735953249833422e+00 2.739807138504225748e+00
1.775693702206629698e+00 2.737233150988195973e+00 9.333807083844283259e-01 6.819531086353866067e-01
2.112502578638914219e+00 2.846390358627496897e-01 1.226999303342435121e+00 1.313448131450707823e+00
1.501179136288067539e+00 1.396713572142205817e-01 2.467469964534079185e+00 1.832788758118189643e+00
2.450705233677388684e+00 1.913542347325459803e-01 1.304640553602698150e+00 2.967292172270924677e+00
2.169625080071926337e+00 1.187481677026511084e+00 2.537955014554293065e+00 2.573788015748168956e+00
1.346643488402318845e+00 7.610383555223693142e-01 2.581219603577667998e-01 1.141846958237001886e+00
1.443368699608793992e+00 3.040285429979061593e+00 5.635519879973879265e-01 1.937369169211076381e+00
1.658478779986476692e-01 2.213477115798912376e+00 1.975461254837690639e+00 1.171731472601013291e+00
5.510573330633364852e-01 1.624191369049087230e+00 9.670439598889236654e-01 2.379430538270691287e+00
2.255984903452138646e+00 1.936332085132006942e+00 2.193857878510688586e+00 1.238485425518191185e+00
8.870243645475540673e-01 1.335385376559135473e+00 1.011479793612150679e+00 1.395025101557779035e+00
9.142524039200590202e-01 1.399672344172090854e+00 1.482841121599984380e+00 5.848322921030713051e-01
3.264146908377314471e-01 1.394140214319627313e+00 3.031409867831599936e+00 1.666210626741575052e+00
2.425544948837830450e+00 2.951980995141786579e+00 8.653579217092047804e-01 1.589893747522979739e+00
9.901700430891382521e-01 1.060342729220918656e+00 1.066248865672016821e+00 2.821836572428968015e+00
1.184243622005837437e+00 1.402084226130391187e+00 9.470077296754692009e-01 2.746740584333061452e+00
2.687605134108951965e+00 3.140631573980979141e+00 2.172662913307525479e+00 1.977954954078287253e+00
2.918579230539206204e+00 4.208045437902382946e-01 2.252504824311992504e+00 1.070410773531904391e+00
2.548313659672305942e+00 2.485985996043335700e+00 6.369355060869608121e-01 3.774398322683275020e-01
3.777742353152045429e-01 2.701441206284163066e+00 9.268227583213612952e-01 1.637802547370738049e+00
3.047532548893593374e-01 3.861729809816743519e-01 2.501090148424723214e+00 1.220456431302788136e+00
5.906493695045577155e-03 5.071697358437209369e-01 3.478640036745030972e-01 8.161788480742955543e-02
2.201057529280516789e+00 1.833278638327984433e+00 1.273830023087152874e+00 2.904382016914405451e+00
1.338090661497312039e+00 1.539083719501417313e+00 2.033101554845019532e+00 1.790022679164081643e+00
2.897053320843871127e+00 9.796820160240995445e-01 7.478481746793682605e-01 8.746566013178344035e-01
2.934311582971817600e+00 7.013736051335150989e-01 6.765697144114212191e-01 2.201724289073982987e+00
1.886239210683247958e+00 1.510427890720605015e+00 9.805362593088423617e-01 1.043189850553370768e+00
2.746261097829666653e+00 2.579273900667975017e+00 2.531875979280772682e-01 2.373835638905712919e+00
8.339143751066674382e-02 1.390919832906864162e+00 1.569822140942282784e+00 2.483990717263544923e+00
9.524908202550737002e-01 2.508072552168437497e+00 8.002655633166736449e-01 1.739253823284427902e+00
2.636576540410909608e+00 3.068094228719615124e+00 2.809404673918710404e+00 2.430438697928869463e+00
4.692459209704909484e-01 1.467798376928809878e+00 2.948867628028859933e+00 2.929703288458585408e+00
2.796634529448588591e+00 5.635606165476195750e-01 8.081628949430060826e-01 1.328409397758294919e+00
8.802139917785328782e-01 2.971099564974947427e+00 1.666676965696764157e+00 2.007913309958912151e+00
8.423032680449107357e-01 8.311307168775320386e-01 1.141101177623875529e-01 4.687455339658067599e-01
2.376240659278169076e+00 1.001028280163802409e+00 2.174527606297957050e+00 4.760733215186689904e-01
2.748198864172775591e-01 9.222477501054553439e-01 2.029717699261386343e+00 1.103305749718352491e+00
2.512171017047791555e+00 2.764190476490581805e+00 4.848647579544183017e-01 2.056183354492171933e+00
2.367791458994576159e-01 1.421115823890902963e+00 1.243253952338704060e+00 1.766360487143829205e+00
1.159348215410233696e+00 3.091922341286592602e+00 3.825649457057541669e-01 2.548932816930351564e+00
1.443847302693810564e+00 2.091795627108257172e-01 5.760045036377038352e-01 2.343820183981411009e+00
8.544097017456554755e-02 2.093340810839431132e+00 2.792655280641801241e+00 1.090715370445023868e+00
2.165913112925269335e+00 6.076609694734494416e-02 1.680044562213053760e+00 1.860243242965466060e+00
1.452224552118080769e+00 5.218511622056799526e-01 1.720091125814036392e-01 1.918736869317932969e+00
6.915655546539266618e-01 2.992729724706851613e+00 2.297012039668419270e+00 2.250809180370893170e+00
1.967061702490044528e+00 1.666203212060749062e+00 1.559323854700191969e-01 3.738406673202486208e-01
1.302172388306633843e+00 3.552429954707029824e-01 2.113740189725737295e+00 1.828040606313674266e+00
1.392471438968155617e+00 2.469554986017416631e+00 2.396710128396547290e+00 1.579455818231220388e+00
7.502253506924709825e-01 5.384534152853901467e-01 6.917534945094561127e-01 1.598228093405468508e-01
4.687519724893675355e-02 1.754558665697170561e+00 2.727602083952674228e+00 1.290259551304959729e+00
1.491331421847177374e+00 4.431244370898992369e-01 1.254337624673138141e+00 2.306555880490147814e+00
1.092420663218146348e+00 3.088834141580559578e+00 1.519829445031971371e+00 2.307997516714408004e+00
9.840883572225437304e-01 4.655103819451572589e-01 1.607271804421159356e+00 3.711493966879499951e-01
1.872077682991972081e+00 2.023061072999110976e+00 2.514720378617570695e+00 2.589139210804221936e+00
2.485734490115532047e+00 1.932731841623808622e+00 1.336247111352800943e+00 1.282016480777867784e+00
2.666903868837830593e+00 8.588502128551559478e-01 1.492539160159094269e+00 1.746920803486637475e+00
3.050520116836291429e+00 2.118833610907225662e+00 1.151817997364349561e-01 1.058461081989520991e-01
2.682677746536705765e+00 1.130492681582705661e+00 1.840938552494233660e+00 1.353885805274988252e+00
3.960412849516693479e-01 1.392386248634998935e+00 1.721471097322707200e+00 1.455937499678940039e+00
1.548052443215038876e+00 1.806941270316890502e-01 2.351640329717407329e+00 2.800616259882839909e+00
2.056289128786886189e-01 2.166960809852774172e+00 2.368835883504052831e+00 5.121183097558936748e-01
2.886390049504615529e+00 1.653859577521885837e+00 2.399479613671835043e+00 1.257579157760049249e+00
7.429905345528401428e-01 2.682843053538038536e+00 3.915773903401161271e-01 5.159564753826429984e-01
1.327073087582368860e+00 3.749205092722216470e-01 1.303282187186220131e+00 1.443955056164188289e+00
1.839237704263095852e+00 2.365677984733382644e+00 3.037982076368902717e+00 1.624522742172660461e+00
2.615707546481355283e+00 1.467184085769066559e+00 1.948461323967642711e+00 1.275860692434996890e+00
2.235409620991319901e+00 3.003964843493813319e+00 7.048043754490086465e-01 2.840948689347512435e+00
1.807766052953312608e+00 5.047733049711332631e-01 1.635699802052497764e+00 6.643179075862136740e-01
1.188872685219597658e+00 5.505208529485923208e-01 1.356502570661707041e-01 1.881984278657195420e+00
7.535817876330375142e-01 1.370376408965754411e+00 2.239608850566885412e+00 1.000037898540442893e-01
2.799757759269216439e+00 2.205524597826518107e+00 2.406238081756093550e+00 2.295640986160120356e+00
1.542631829840465318e+00 2.789567493572806534e+00 1.807190238752412123e-02 1.241964737326637147e+00
1.593116323117859112e+00 5.788315668366381672e-01 1.408288333658504587e+00 9.877930316511520648e-01
1.710397900003049143e+00 1.133595811907370798e+00 1.654446636419540040e+00 1.466563842098678849e+00
2.265952468681054821e+00 1.421969287630865386e+00 2.211220896052612517e+00 8.650171025479506115e-01
3.137861487162037388e+00 7.567546060496930238e-01 2.137868792586113731e+00 1.665776786184969049e+00
1.306346268887594642e+00 2.562790668995247323e+00 8.306958779103745805e-02 2.052621601452976563e+00
6.118369774466523303e-01 2.872521213526227690e+00 8.836731840970317720e-01 1.045098886668914595e+00
4.661686645572314935e-01 1.392731491443259140e+00 1.870360686438726772e+00 1.548737643712540857e+00
2.669401576196632764e+00 1.182170871722818317e+00 4.528251750379856944e-01 2.659783498068988727e+00
2.727862060181916792e+00 1.845155010564150766e+00 2.463182692288897524e+00 2.512842787498119623e-01
9.068076805630433945e-01 1.179223189219761769e+00 1.663040001630936571e+00 1.393508424722000649e+00
2.183525447605257686e+00 5.512635695806972040e-03 2.250880891640480108e+00 1.745724443357117739e+00
1.474273563645278617e-01 1.915638198710701179e+00 5.105746126881712810e-01 2.751682249210790410e+00
2.132767314399254543e-01 2.950130852181003682e+00 1.082555116271098905e+00 1.878358522141135023e-01
1.861198384628827807e+00 1.199704429851013776e+00 1.447978718580644086e+00 1.655009087915142230e+00
2.788473424163903758e+00 1.748114395536441990e+00 2.025979711875393330e-02 3.527217647766294206e-01
1.466001450863414490e+00 1.981909830531727312e+00 2.695684801108982676e+00 2.713864494349872647e+00
9.158750044400881807e-01 2.532392976853022670e+00 5.737427834718820119e-01 4.527134907657626162e-01
3.115093774565230955e+00 2.053998696135162838e+00 2.400514389437820861e-01 2.769912288624184704e+00
2.677205500373786684e+00 3.080757571767282155e+00 2.258109270106962274e+00 2.008817455098840909e+00
1.418398127877731563e+00 3.109071916048300022e+00 2.947378794795138202e+00 2.619598428352130637e-01
2.044450266814121786e+00 2.096341055686997468e+00 2.546956611529681003e-01 1.042816352684290182e+00
2.734368598819703067e+00 2.556135897476147001e+00 2.304668565537321800e+00 2.144215712359650861e-01
2.814648894575438653e+00 2.168987501976590959e+00 8.074679844439164311e-01 1.192654643466364295e+00
5.885133468602882223e-01 1.104623336213758966e+00 1.153573080180018362e+00 1.697284701853225108e+00
1.625284866437696429e+00 2.156883475303448261e+00 3.646607108799108099e-01 2.110297925458741286e+00
2.789576740632444096e+00 1.887640189671114133e+00 2.486834750103394498e+00 3.783116262067900415e-01
2.368023432222102209e-01 1.506630833594006846e+00 1.112182214991777718e+00 2.887595070586044699e+00
1.639270324054798333e+00 2.943315961775293310e+00 3.325945728259110945e-02 1.584932043915528554e+00
1.221057664305479351e+00 3.030668317843376869e+00 2.524142275475214081e+00 1.609304162822921658e+00
1.148005369051626978e+00 2.135993874203593546e+00 1.001869679889964226e+00 5.576751908460249041e-01
2.961830179474276292e+00 5.831235551777022019e-01 2.724581545050873466e+00 1.197004312198101772e+00
2.030133767579048065e+00 2.216646366002530844e+00 1.504183150842155037e+00 1.413272949324045236e+00
1.677237940765970770e+00 9.496215174258496594e-01 2.116428578342022693e+00 2.678181027892524657e+00
6.044402048939915284e-01 5.978486776497662358e-01 4.787944532045621537e-01 1.804465461335958421e-01
3.138760982843641578e+00 2.584840646059814784e+00 2.670605142519781317e-01 6.980234537179159648e-01
1.203799823366886290e+00 2.447225302043540385e+00 2.357110426301664230e+00 2.838510135327360295e+00
2.677884988426920021e+00 2.052123113161562262e+00 2.495399778602179097e+00 2.434725878383213971e+00
2.230690885091310527e+00 9.190781251201700364e-02 2.282142220944355149e+00 6.418257121349386640e-01
2.930089986439559535e+00 1.672577035903505926e+00 1.809386577021354858e+00 1.284453011581585979e+00
1.347004315727036161e-01 1.082297429663894750e+00 5.133513005181777888e-01 1.233880909121361835e+00
1.384929644680796823e+00 7.765142572895302742e-01 1.231464974953980773e+00 1.205563771299503539e+00
3.102207527944755405e+00 1.404415158914936956e+00 6.373943638614786300e-01 1.558093699873941196e+00
2.197140236355120013e+00 2.626061459242239882e-01 1.976707822004787563e+00 1.255949190271635985e+00
2.844859463338694994e+00 2.186920819188880483e+00 1.093610289875502461e+00 2.844430988906403002e+00
1.446120234481965916e+00 1.316308817077295190e+00 3.078777618147701123e+00 1.203576837698101976e+00
1.994608505953716415e+00 2.911997791511876876e+00 2.509270039704427635e+00 3.165313485455737985e-01
2.492046236934831516e+00 3.057034052676180558e+00 2.451218778951619104e+00 2.773795414250207703e+00
1.571847466898798729e+00 4.672135729877846533e-01 2.277478653127996910e+00 4.116334089034072163e-01
1.354627449337684642e+00 1.053893971563173576e-01 3.524556341911064955e-02 1.570162621588952812e+00
2.317752470769918194e+00 2.793761142362016781e-01 2.263678134989365986e+00 1.771399679198851995e+00
1.919207775462026033e+00 1.470798849895715854e+00 2.845948476881850375e+00 1.059635112522536726e+00
3.111260726626867701e+00 2.099753456580825350e+00 1.716428060291561725e-02 2.310975968601981734e+00
2.310371924631056118e+00 4.179646479904680634e-02 1.366674972086067807e+00 1.225600119598730275e+00
1.909193001257747824e+00 8.920847190873498755e-01 1.005335978016951071e+00 2.224554403021138604e+00
1.144090483475319331e-01 1.950581982826710581e+00 3.073875857398822742e+00 1.192530617624871558e+00
3.376329640806086663e-01 2.658124968920350994e+00 3.108557705889905876e+00 2.335481780949638431e+00
6.627305154064473403e-01 3.283280215993575890e-01 9.189724289934504409e-01 1.015197210165867947e+00
9.812416892364031473e-02 7.636132967273916439e-01 2.094230709316907024e+00 1.846243710355904843e+00
1.236099676147045107e-01 1.477741075862760045e+00 1.211873296833831069e-02 6.496547994261677728e-01
1.561692301282758155e+00 2.371885565996215472e+00 2.297657141499592104e+00 1.519441745724404047e+00
1.717205215871032919e+00 2.440953003065569504e+00 2.497651381243811475e+00 3.130609044513668504e+00
9.954751262809035106e-01 2.250960010512428777e+00 1.065976113284777149e+00 2.124074769248834649e+00
2.136537493682446609e+00 1.753238039819629446e+00 1.798133852527437293e+00 1.735292111758628630e+00
5.110185957061652573e-01 5.569306752422655826e-01 1.240662797568750975e+00 9.265923431186023906e-01
2.249052051567181465e+00 8.657561943267861881e-01 9.212259150777469818e-01 1.726362770570722516e+00
1.080160515396514809e+00 1.928006927036142404e+00 4.954933453999046944e-01 2.054701276008532584e+00
2.000116188413830987e+00 2.726416691345826315e+00 2.696649975891022288e-01 2.510440075087723155e+00
2.001540765125079613e+00 7.074442361891977171e-01 1.641617086280127147e+00 4.250320474465893450e-01
1.085543245464608786e+00 2.513701340155600761e+00 1.176902556809015898e+00 3.099479576990559426e+00
8.615552050246882976e-01 1.031687058535402546e+00 2.356789132946715437e+00 2.617765871183362680e+00
2.030094004715583544e-01 1.837515700194469304e+00 1.917619648919121955e+00 2.646558047928712298e+00
2.927190337377158169e+00 2.082877047706827245e+00 6.977375398571795673e-01 1.730579172647543684e+00
3.118628523616164383e+00 9.903965465367225995e-02 5.196713387455801358e-01 2.360237284940998492e+00
1.746291112745808061e+00 1.346421916630525795e+00 2.104941578267844893e+00 3.015724695554498069e+00
1.409459247018384653e+00 2.842882569517903413e+00 2.216508303720032380e+00 2.335197511495929135e+00
7.775377349984545772e-01 1.646804318446406290e+00 2.025671899690804967e+00 2.619767340990552196e+00
1.417191985860794645e+00 2.099175950521029232e+00 1.520886308498997197e+00 1.849648595564768128e+00
1.768468157278552777e+00 2.610110537225864391e+00 2.714080960293355105e+00 8.710551352230322397e-01
3.331732083411135803e-01 1.095050632769084320e+00 1.103723398342941753e+00 2.353029849207288304e+00
6.778979945154837150e-01 2.223994520899603144e-01 2.238975350555531652e+00 3.054769806240781538e+00
2.749184270901980032e+00 1.435017400687982336e+00 1.119805888638775393e+00 8.861699679321258794e-01
6.443914019069216792e-01 2.607775455439055534e+00 2.850842886334921999e+00 7.532322207436135120e-01
1.356911576600085878e+00 1.010222066347677305e+00 1.735802052965083719e+00 1.979421386723326348e+00
1.510048010178644207e+00 2.302229767284315276e+00 2.276675519747476617e+00 1.797343257207665967e+00
1.432447007437830794e-02 2.575080462439152562e+00 2.926853930708162466e+00 1.300897029273113903e+00
2.508438824565788039e+00 2.054457440302897453e+00 4.340472918208846953e-01 2.213093995834133354e-01
1.645547445983355672e+00 2.372006211949714838e-02 2.641826091669823739e+00 2.204062232047478087e+00
3.146142029157789621e-01 5.752219487012071308e-01 1.347362998785685440e+00 1.984391796550245335e+00
1.239032660634168614e+00 5.534834528168030010e-01 1.703726516509159072e+00 4.286895772219257994e-01
1.005438606520883571e+00 2.745285505932921755e+00 3.873617165500644055e-01 2.538954835687587064e+00
1.396423018657105386e+00 2.980280305017552589e+00 8.562927126899327890e-01 2.643905357736833217e+00
2.279512206306014033e+00 2.930244472203850314e+00 6.544162951699548092e-01 1.766859668709273246e+00
1.334008286582876845e+00 2.815769017085171022e+00 2.600509020143084715e+00 1.050460575805421959e+00
1.675119556922501696e+00 1.503891509614338484e-01 2.324496922463751059e+00 1.221295987146687301e+00
1.684156794940706026e-01 9.901302822236099921e-01 1.030733238624416348e+00 1.579450552943051367e+00
2.591250126600117110e+00 1.732880740566395739e+00 1.565975233493610341e+00 1.781696846576353410e+00
1.233231273370618553e+00 2.179388221871019660e+00 1.506029762176688935e+00 2.892083562750162873e-01
2.934094320435112202e+00 1.154001771243982344e-01 2.686701171484729755e+00 2.309545976405812107e-01
9.436647502049835268e-01 1.016547307124902044e+00 1.344161419057608109e+00 1.473085454808547690e+00
3.865680682213439301e-01 4.873958773127182731e-01 9.406583793816161165e-01 1.612162193047488978e+00
6.658581738119262461e-01 9.620112609928825886e-01 9.133613739457240310e-01 1.894440927796192220e+00
1.526635423070708542e-01 1.667546712185860924e+00 8.249286088224069280e-01 6.864335892501962633e-01
1.995280612206096649e+00 2.243887598429523234e+00 1.393773519414780671e+00 1.611139531984390194e+00
7.579537307179841366e-02 2.002719930095300693e+00 7.160761104544661748e-01 2.718963016018209888e+00
8.675721609759190489e-02 2.959651103582587428e+00 1.172155653218069693e+00 1.337823523265742276e+00
4.471878974867189438e-01 2.044119639124977184e+00 7.430949795783134415e-02 1.189856198528637554e+00
2.294134929583750537e+00 2.245136719709195372e+00 1.255065754010905588e-01 2.867900299312192036e+00
1.547569065592780513e+00 3.068281760863422747e+00 1.610921126151759197e-01 1.837887312955949426e+00
1.049249799821686757e+00 1.290792062407210672e+00 1.779602927603171070e+00 2.550685277298715636e+00
6.999133666334241832e-01 4.945143649244430617e-01 2.355530810944709952e+00 3.690439666121055756e-02
8.219823895020851312e-01 2.588285897906819955e+00 2.241029863855825421e-01 7.601299459002922587e-01
2.023378340974094858e+00 2.348141538262936479e+00 2.986384832601432504e-01 1.010171962197162543e+00
4.433649485843444565e-02 1.424266355526887962e+00 4.914119258904758869e-01 1.439252310709953298e+00
2.270652154762311081e+00 1.632211008683464581e-01 3.938906326713859096e-01 2.533045275324808721e+00
3.045024370937905456e+00 2.253904263992002388e+00 2.890339619500931878e+00 4.321707276412054544e-01
1.151806628504847385e+00 8.060316237077275181e-01 2.440311809088060446e-01 1.624822828536742092e+00
1.026112592858043904e+00 4.772150328142530928e-01 7.442935656620218721e-01 2.741862966951193137e+00
2.043065130367732518e+00 7.199920979754282913e-01 1.687962718404730333e+00 2.554947945258002839e+00
8.824490600781776939e-01 2.269424329353529224e+00 9.454779902413120718e-01 6.797907521931139119e-01
8.822267371861187701e-01 1.737766854413382855e-01 1.644643550699146362e+00 8.261004528585155215e-01
2.990766366605544402e+00 5.942948082487112815e-01 4.857600735880706622e-01 2.103032002685867319e+00
1.753722509548897079e+00 1.780667965647286799e-01 1.606251303751767168e+00 2.003080525962186886e+00
2.664409070588248940e-01 1.770644176014276150e+00 2.277154282316953826e-01 1.779335626525124336e+00
2.012273572735544525e-01 2.406141301007919342e+00 1.012845894996233787e+00 2.339082763599393378e+00
2.351668665301481553e+00 1.880742200586507762e+00 2.126646801391093078e+00 2.172415067326505689e+00
1.815710315558087151e+00 1.926180981765438061e+00 2.088821378021231467e+00 9.970877227069173676e-01
5.372967255590321844e-01 1.122661619957489920e+00 1.184714267280718020e-01 3.045546053154646771e+00
8.367434545000437263e-01 1.504934570361033508e+00 2.524308883652677249e+00 2.849934889720132869e+00
2.657148163948848119e+00 2.853395319331530455e+00 1.839835208986545068e+00 2.882081024806522063e+00
2.231107948775979625e-03 7.875490969727642065e-01 2.879867531997883923e+00 3.002080381616647475e+00
2.810931658883114803e+00 5.457430507279376064e-01 1.765651447858357814e+00 1.943363972871010592e+00
1.294559880556380937e+00 1.668374853406264569e+00 3.002817967616959738e+00 2.916487672057936908e+00
5.167033082407692657e-01 2.603808141537923060e+00 1.865791402423986112e+00 2.229675021972626237e+00
1.727413992257023301e+00 6.545782422068670003e-01 2.673690402904158159e+00 2.883298105983579163e+00
2.959785311059454749e+00 1.417445477476400706e+00 1.380098979621766919e-01 2.964703826043907586e+00
2.155993756757636159e+00 2.115363021681402778e+00 8.649456933388568469e-01 2.075834128983657489e+00
3.053520132364338835e+00 1.345791992130247472e+00 2.225499300093239263e+00 1.736139759982238795e+00
1.548049509021470760e+00 3.011786413739426571e+00 4.527249479275564648e-01 9.182671630887901948e-01
1.312454884720276160e+00 8.456098777471010575e-01 6.782117706828800774e-01 4.633975227598389202e-01
2.108065885222807800e+00 6.389541119839871053e-01 7.193541839458229559e-01 2.903361333811927736e+00
3.060561293681260064e+00 1.549618491038103008e+00 1.870591343208423574e+00 9.204592231741835773e-02
2.245200230373266770e+00 8.342383171250792318e-01 2.649765808518755428e+00 2.153137889692570361e+00
1.563652810254206438e+00 2.884168269782706684e+00 3.606223811884007313e-01 2.064507613222275495e+00
3.275411640110384437e-01 1.398516966998169242e-01 2.778533392031358407e+00 3.140790978276151169e+00
4.613100939664582234e-01 1.438849497077111517e+00 2.542893250601162336e+00 1.737331849366801739e+00
2.580353148088530002e+00 2.213544265531605770e+00 9.802741665065787258e-01 8.569535997941984951e-01
2.690202001796120346e+00 1.266148337471271201e-01 6.340119802271614313e-01 2.123658672460695840e+00
3.605732622008310795e-01 1.800247958097535461e+00 2.853091775489677406e+00 2.333301979729183628e+00
4.366475001299070513e-01 4.769526598064097872e-02 2.003640757011957874e+00 1.277892391382527172e-02
1.209328904676996386e+00 1.644612979322905622e+00 1.114591602862245567e+00 1.084318427401709695e+00
1.894165449861094475e+00 7.526388846168350355e-01 8.589312077643626031e-01 3.037291325357474925e+00
2.455930382025483638e+00 7.443772547806218887e-01 2.318771726513090492e+00 2.468577142933971735e-01
2.248467589979927794e+00 1.562686289219647584e+00 5.331600584325733028e-01 7.038171016008936132e-01
2.885328343311262866e+00 1.579952143826414357e+00 2.633505799749284559e+00 1.698675394523607274e+00
3.963483379224442271e-01 2.192867863326013911e+00 2.607875176234247139e+00 1.640529469084071046e-01
3.098403172896979196e+00 2.852289170786248995e+00 2.405455482742233198e+00 1.998755269436560011e+00
2.087611736418038877e+00 1.858314969729754518e+00 3.072891710434852985e-01 2.195617809128241227e+00
1.158269570334061527e+00 1.493195931337622517e-01 1.604461977282932938e+00 1.376827629867169556e+00
7.824490042823842861e-01 2.128971069946713257e+00 1.374791347652466245e+00 5.043628189966868902e-01
1.072828163993240880e+00 2.068916904124049161e+00 1.475530698522480089e+00 1.384745176344402418e-01
2.528079949854058928e+00 9.705058698951096741e-02 2.182890073774112150e+00 1.671663180181237163e+00
1.947264425675592880e+00 1.650248303937408068e+00 7.897706033123899072e-01 2.105851043169306713e+00
2.323963175755081600e+00 2.218689704328794754e+00 1.645976636580182673e+00 7.805055305570124391e-01
2.381381068841601945e+00 1.650316766419313241e+00 1.499725769939322051e+00 3.495994316225156107e-01
1.021587641072043917e+00 1.438233751696360585e+00 1.068391437753067441e+00 1.017656926570515097e+00
7.654161398150693962e-01 3.072147495313520604e+00 2.494279655025454456e+00 7.479519375247793977e-01
3.817563392143972362e-02 2.651281601037995816e+00 1.775023229588193752e-01 2.537569085632018329e+00
2.121380494225506841e-01 1.307423276567644788e+00 1.356717772907831243e+00 1.872805649416948937e+00
1.563701838347760775e+00 1.285113652187300115e+00 4.387014846565544246e-02 2.976835234259923801e+00
2.724878808442769973e+00 2.775113163073679612e+00 2.357775561543120624e+00 2.729849886569212902e+00
2.715975231266318929e-02 3.375094126151459983e-01 1.884119338470148231e+00 2.002535932412834452e+00
1.016407288261631736e+00 2.301150849043926083e+00 1.951802696227684653e+00 1.887627814902378631e+00
5.794860367024834424e-01 2.264546731382252709e+00 1.696805157464487790e+00 2.137374555544131194e-01
1.389554905640030924e+00 1.062707509563997066e+00 2.354376122313709629e+00 2.601165327043723607e+00
6.841651999470248491e-01 2.979701671239256555e+00 2.036341850455911207e+00 1.284659296765372494e+00
9.121270962086432954e-01 6.097245017923339505e-01 1.991474240307473886e+00 1.846153463199657230e+00
2.405843818720716953e+00 2.010155148387939406e+00 1.010217005949123337e+00 2.922367277286854748e+00
7.771926498760419744e-01 2.469213765165770180e+00 1.247634719345834808e+00 2.516036713291252003e-01
2.411781439426149642e+00 3.044438181297402846e+00 2.626387330079053228e+00 8.320703427894589055e-01
1.565815305399325563e+00 1.084309896224538994e+00 2.171575534410694175e+00 2.421293366306048078e+00
2.055687370060949704e+00 1.606680683471924276e+00 9.530537094842028711e-01 2.402231944573117506e+00
2.139932007752945342e+00 1.801959815636968942e+00 2.011289486264061122e+00 2.437122509608234289e+00
1.417216743592078498e-01 2.956499745290052328e+00 7.865738119819789542e-01 2.059864445682873857e+00
1.858862275977767986e+00 2.505694315845858888e+00 2.922490575587616934e+00 3.060890045478059651e+00
1.813173027565019968e+00 2.667029688958680200e+00 6.112304367958684148e-01 3.063614205829296999e+00
1.685748968203841125e+00 1.187326931784160600e+00 2.319416383619935296e+00 1.561856278240512541e+00
3.118308120503971437e-01 6.247037587262237179e-02 1.995695214463516054e+00 6.575875235761801108e-01
1.795911881282393763e+00 1.694823707397724366e+00 2.573344913206953244e+00 8.609770938286619435e-01
1.447742529383765797e+00 2.874285880504576784e+00 2.747650029785877024e+00 9.701033427429855971e-01
2.135831751606685369e+00 1.395117140377776233e+00 1.211749902448536975e+00 2.685416565957042589e+00
2.012159855184410873e+00 1.300313784611586865e+00 2.045650310217606016e+00 6.544429722184315068e-01
2.614569945687512664e+00 2.630853138343674402e+00 2.654777918110711621e+00 5.035524849079947574e-01
3.084493884761668969e+00 2.993657012011253116e+00 3.546296823507168461e-01 2.818994193059666808e-01
1.510105652414530653e+00 1.420884830725545722e+00 9.053960573169549386e-01 2.002119064239622048e+00
2.195134262910162448e+00 1.615958552885250921e+00 3.302391977628896247e-01 2.866795626103969763e+00
2.563631995302662503e+00 1.426165876456467974e+00 1.215653152717047214e-01 2.268070526283060051e+00
2.064212383112827620e+00 1.230799219839313896e-01 3.051130091889601381e+00 2.376221966003690067e+00
2.827213691322073341e+00 7.097998488741299461e-01 6.487411778585798761e-01 6.189361461019710076e-01
1.932822662633153721e+00 2.350573410563455479e+00 5.433739976930482829e-01 5.055352703997089137e-01
2.959662993328783021e+00 1.583955417934183707e+00 6.970696502822655294e-01 6.113691629330023636e-01
1.093702468326057220e+00 2.579492123267002501e+00 8.745059418864377099e-01 1.137928185066766407e+00
1.541722012197066227e-01 1.192194588916067222e+00 3.558934129335526025e-02 2.690035575632735654e+00
1.544937492299714110e+00 3.407049652369295023e-01 2.268603065925424822e+00 1.870834874080533838e+00
8.553659691306675361e-01 7.060562687443594498e-01 2.769533271190517176e+00 1.195556986323179194e+00
3.083514332643958689e+00 2.774704965364383283e-02 2.606932166886860358e+00 1.207388922411036569e+00
7.571430803691335809e-01 7.809687966704426110e-01 6.308077930123915378e-01 2.040948379630774134e+00
1.287674871018320566e+00 2.613779523894349310e+00 2.097765648955036255e+00 3.021614808309138311e+00
1.082057255280466368e+00 2.276896496044939600e+00 1.876682218152057491e+00 2.215358207723547856e+00
2.141452955828069271e+00 6.923344543238874049e-01 2.997790486818238787e+00 1.418646443540248381e+00
5.151520225714565360e-01 1.947877037283040735e+00 2.072599557070776033e+00 2.408533889028199759e+00
1.683042529546284749e+00 1.452530164462942086e-01 1.868362432591706535e+00 2.617031853042952605e+00
5.312391258733765165e-01 2.020015468749559062e+00 2.182161984732425619e+00 3.092543361541398639e+00
4.416686002087703844e-02 1.634269314282512653e+00 8.665956432405195198e-01 3.071979218240627585e+00
4.069201543800068238e-02 2.835381450567748818e+00 8.563463956482972872e-01 2.668773101301113448e-01
2.537200928791548460e+00 2.593924585038196895e+00 1.670183544769940021e+00 3.119434759343205243e+00
1.071629529822456656e-01 1.149228319844980195e+00 3.005846613456959027e+00 2.875549680293815413e+00
8.597852964745501536e-01 1.983711699803206496e+00 3.065899552237544068e+00 1.409361513224640650e+00
4.767865461073184652e-01 2.991871936550764666e+00 1.846217825893228470e+00 1.615859974740804006e+00
1.152495948728472719e+00 2.531382095223356998e+00 8.206864194412208935e-01 2.328660792264523050e+00
7.659505394301919790e-01 2.314374800891590978e-01 7.495625305911559622e-01 2.013701790479867526e+00
2.686281836038244553e+00 1.923229260949330888e+00 1.494923327464830809e+00 3.139055260152550986e+00
2.385011823908425921e+00 1.293909481125548488e+00 2.047270667247851339e+00 1.853032202595795930e+00
1.118721543379038730e-01 2.801960895722262368e+00 8.424993095320647551e-01 5.470419465189662045e-01
1.099886163822153540e-01 2.754114104484516101e+00 1.377669570165440005e+00 8.545047682253114063e-01
7.385857754151281540e-01 2.730585168401421736e+00 9.825636024234936095e-01 2.385078560582550189e+00
2.700764742336573487e+00 1.031980464820184462e+00 5.916751813041245533e-01 7.167959982507039751e-02
2.971923582899660410e+00 3.221228424742690888e-01 2.664006159469142876e+00 1.845557111121263638e+00
1.473722305350106954e+00 3.047728661138508488e-01 3.108666494305276640e+00 1.367865899083824610e+00
1.461682842368856150e+00 2.895819704939277095e+00 2.424078358038874725e+00 1.739414926310553389e+00
1.391949101662560695e+00 1.193443445420802496e+00 4.384946057860313051e-02 2.125980283633127410e+00
2.912957334185800384e+00 1.392300649048368033e+00 5.270948821752812208e-01 1.865922849443644171e+00
1.176520977359426734e+00 1.910568015714049661e+00 3.530260876887498234e-01 7.673893280730215150e-01
1.849545166808089336e+00 2.937710806393338370e+00 1.201890506745864284e+00 3.097286225948970850e-01
2.040716400299310340e+00 2.332044513715564094e+00 2.361572735577366799e+00 1.479551134204265095e+00
1.348070825363134329e-01 1.288016190428182384e+00 2.845257243823410942e+00 2.775990088220072760e+00
9.289879065460079355e-01 3.104219796555528488e-01 2.811752548514459438e+00 1.263269167195622877e+00
2.089476766650586015e+00 7.830916240168226405e-01 1.521707074625771483e+00 1.383151296265884289e+00
1.879067892260931183e+00 2.197604835239821888e-03 1.185392109824192630e+00 2.723835045652871489e+00
8.511293759437865702e-01 2.192602553957022415e+00 1.140698900766426105e+00 1.912332240100741210e+00
1.321492212915835462e-01 8.849902006700036683e-01 3.114673052626935057e+00 3.823105553601484075e-01
6.425946100472895717e-01 1.805679749991759619e+00 2.819636973640837319e+00 1.588113607943479222e+00
3.913595089818270867e-01 1.752256582074880609e-01 1.894857917963335359e+00 8.594269585364097130e-01
6.446510703113379481e-01 8.001238096986993398e-01 2.010030013354587863e-01 2.344266256662267178e+00
1.757881872361518827e+00 1.869629806494790047e+00 7.651067375161896278e-01 1.637237541619842307e-01
7.554587656976858856e-01 2.426260475438805297e+00 1.805339186095427761e+00 2.342792709980664245e+00
1.510300184189061090e+00 2.496536458931383873e+00 7.865235122504117271e-01 3.677572325317507440e-01
3.089327609940553665e-01 2.208169570334355125e+00 1.822459267091030233e+00 1.623665402054151441e+00
1.427861370484029946e+00 3.081524566743848226e+00 1.293898156739135885e+00 2.201105582017527151e+00
2.723061458872178431e+00 1.329263333909924905e+00 2.143201615432641649e-01 2.332448991681528305e+00
6.925847344000473083e-01 8.163116034643048691e-01 1.625246362272979805e+00 1.368809237801642986e+00
2.346577538368658011e+00 3.088344939500076158e+00 9.509361752805073342e-01 1.756274117998066542e+00
1.014054133816355119e+00 6.737348995523606554e-01 2.858751246493143050e+00 1.599465075296353733e+00
1.104179130424933319e+00 7.621755342604450423e-01 2.690540480813122581e+00 1.373146803565548746e+00
7.363141742730597850e-01 1.257107287134453744e+00 1.855049456924183326e+00 1.042081074713364641e+00
5.379858018163916622e-01 1.977517689611260954e+00 2.188605716885304364e+00 1.334601263708628194e+00
3.588573531911944947e-01 1.764756934995638904e+00 2.728798506175540872e+00 1.057750703435776929e+00
1.885550856717310930e+00 9.617001868974908718e-02 1.130786796592706756e+00 7.187569092206103072e-01
2.792695574284674631e+00 3.082586083225374640e+00 2.765205350262830652e+00 7.120617496738821384e-01
1.240935844205580230e+00 1.432660561746943229e+00 4.407511716716782102e-01 2.754825408137727472e+00
2.572841833135752321e+00 1.209669366877413443e+00 2.762744707391637800e+00 1.919606140786924153e-01
2.084191369934606630e+00 2.775273993928849325e+00 8.830778684104533260e-01 7.869769058346887114e-01
6.774863776228213785e-01 9.583242578503757547e-02 2.244209299763079368e+00 7.822555493040363184e-02
2.552866319286738239e+00 2.402409870659321989e+00 2.424517690422916871e+00 2.286494572803952630e-01
1.880315702837623282e-01 3.132341531163450377e+00 2.621528446005838564e+00 2.312039863830208208e+00
1.654823438411192338e-01 1.540134351415152203e+00 2.006644315238492293e+00 2.668814721659777511e+00
1.346302208588750604e+00 2.026011683214983705e+00 3.130477017272871310e-01 2.708738010170243182e+00
3.004220077086932950e+00 2.065098219177782468e+00 2.042722129440833090e+00 2.992873862606131308e+00
2.471781549663189637e+00 2.891341684433229808e+00 1.366215945428443268e+00 2.254212235304261513e-01
1.450325245246580907e+00 2.008429755664000727e+00 2.066026846145460727e+00 3.121403810689388880e+00
2.148671703135938138e+00 9.539269402971013445e-01 2.753964707797965428e+00 1.204265817600629118e+00
4.542391571271920531e-02 1.031973364941414228e+00 1.250280421688351851e+00 1.437899199133566785e+00
1.370535517655454838e-01 1.250774375118039128e+00 1.315959653103268234e+00 2.792347284299010024e+00
2.028421130737151579e+00 1.489109170694878026e+00 1.405392375380497771e+00 2.464164661578942983e+00
7.425165991386615261e-01 2.240219810527739330e+00 4.337102895981292394e-01 2.978497386379471146e-01
1.257584887816360908e+00 8.204354971485834369e-01 7.164825389252439392e-01 1.361015196311318620e+00
2.389642576821013442e+00 6.062988841667130702e-01 2.038072543309171092e+00 1.728741872169464289e+00
2.781014352518467181e-01 2.126567275494838594e+00 5.714614215540898545e-01 3.085191259361735217e+00
6.925840440596571501e-02 1.650826287071695209e+00 2.696736447654167534e+00 2.519260549788348680e+00
1.462712541932668087e-01 1.289248848357036348e+00 1.322641408375382577e+00 7.821048681593831819e-01
2.944066132854410878e+00 2.646869647215277510e+00 2.381652171504094362e+00 2.023134927762348045e+00
1.416079385600692797e+00 2.723165405653144244e+00 4.600866729003493250e-01 3.198202413788632237e-01
3.840015147338625701e-01 5.213853995397998466e-03 1.752430307923346531e+00 2.621173718037225875e+00
2.887066590602412663e+00 1.280062360075102212e+00 1.393012607560907501e+00 2.989911449865417570e+00
9.158051505004159987e-01 1.090444107344471059e+00 1.639674522952758950e+00 5.797941917422002600e-01
3.064117020687958881e+00 1.207678664385910539e+00 7.028689785954945757e-01 1.369974277161771781e+00
8.314651468711526938e-01 2.634769060146387787e+00 1.706369438869774546e+00 3.041558775320445385e+00
2.916176871423166173e+00 5.962725078187856853e-02 5.489564822626816776e-01 8.526813832031278073e-01
7.829807247357689626e-01 9.731358954566297070e-01 1.588114317250452157e+00 2.101761376879466070e+00
4.613961102673878045e-01 9.920316084620793839e-01 1.749749241945412148e+00 1.110942026215186784e+00
2.266886288173920239e+00 6.343894546761751352e-01 7.442805728298629298e-01 7.155671477172376171e-01
6.413778549629889358e-01 1.558714501123179996e+00 2.580124070584146168e+00 2.600012004001287291e+00
1.535896598164807614e-01 2.259634874872475496e+00 2.335909529653565908e+00 1.254331248617941652e+00
1.097147538772284686e-01 2.457400343545388832e+00 4.137915645691378486e-01 2.150466559468553029e+00
2.580264994370935483e+00 2.216534854166696711e+00 2.488477426485841804e+00 2.955413727311860583e+00
1.971447427613047365e+00 9.675546255509875904e-01 2.818712217640310325e+00 3.122783933934983658e+00
2.410973963241805351e-02 2.496516057415521850e+00 1.131302784980564358e+00 2.687012991198298728e-01
2.222470239546596726e+00 1.741238077536032769e+00 1.053150554428833319e+00 3.845616140214416223e-01
2.263910087340196498e+00 8.591948997616026817e-01 2.293449075800467973e+00 9.833964706404376699e-01
2.019021415900193794e+00 1.622249302638480994e+00 2.258295219458049452e+00 2.817969126292165338e+00
1.191732003366618997e+00 1.101739475480003172e+00 1.177096570278554355e-01 6.037174610501159222e-01
8.153124596110233879e-01 1.349845111794705232e+00 3.080011115477306660e+00 1.197568152658123442e+00
5.079332132668523681e-02 5.588659424690956001e-01 9.081257838864506202e-03 2.067459802138615910e+00
2.898117438728463835e+00 1.233502936872703737e+00 8.311132719569357397e-01 8.113872852608262475e-04
1.302686044593889259e+00 7.339011686710439353e-01 6.012887308760127558e-01 4.985406520359318416e-01
2.453159729019199986e+00 2.408460318674466638e+00 1.478373484479963626e-02 2.906195283244324745e+00
2.495483126075457303e+00 1.112709790920823227e+00 2.872791507124544896e+00 2.841725025952041683e+00
1.549346101222383254e+00 2.490570320359422496e+00 3.859582342710691782e-01 2.504168019331781680e-01
3.033346894006725414e+00 1.888969862387036125e+00 1.704124104357787051e+00 2.126412334821624339e-01
6.684529220196587795e-01 1.365902787837729448e+00 4.311668317177231868e-01 2.560172864354299360e+00
6.754034073942768446e-01 1.821521566428215388e+00 1.059417686965673511e+00 1.143983336285078201e+00
4.451584629155332928e-01 7.255054806237215548e-01 7.770825641055243427e-01 6.980599006520877836e-01
2.239372277435104641e-01 2.992597977208180549e+00 2.266869018705690131e+00 2.200995570989883188e+00
1.893437406836076198e+00 1.268409987937232364e-01 2.444627224867212123e-01 2.940882303792735186e+00
1.722015052946641311e-01 3.178855305405661191e-01 1.523383183284761078e+00 1.422685123934044782e+00
9.470461734996121761e-01 2.048130094168493009e+00 1.833771355160175087e+00 1.258717708428355175e+00
1.051446173853197996e-01 1.736727795034801902e+00 1.502124211478600202e+00 1.603071898734526046e-02
2.222060998351109984e-01 1.447401645685583993e-01 1.881156690575227275e+00 1.748442453106669792e+00
2.457261131525402487e+00 1.103207047307019684e+00 2.548307715534512408e+00 1.923223368614864315e+00
2.146577133142105076e+00 3.075652943914748860e+00 9.946128875567374905e-01 6.911100900814880488e-01
2.558916122474207189e+00 5.885312012651855440e-01 2.070446785745410523e+00 2.738100769620928965e+00
1.413659409720194438e+00 1.543622173817954968e+00 1.193355376162053005e+00 4.434536500058201824e-02
1.553625064502673236e+00 1.615481827510583335e+00 5.836382006446344528e-01 1.859534205590018807e+00
2.378643486346025959e+00 1.058339399636271549e+00 1.184413033355161904e+00 2.262456904734853946e+00
1.411311020410714878e+00 4.726506801048145912e-01 1.757239863687646730e+00 2.615866717838822186e+00
4.985660246577848786e-01 1.302101170556512200e+00 1.893787440945892353e+00 6.077391641037536152e-01
2.378875368385927835e+00 7.035188228101911800e-01 2.510629505772138614e+00 2.037227504654093302e+00
7.699778009283362312e-01 9.978384335826084861e-01 1.131307683121859808e+00 1.557607581134551777e+00
2.958075807336152940e-01 1.022124196861871059e+00 1.795333428367855033e+00 1.705310304187900750e+00
1.681408923064108496e+00 7.805106687399306908e-01 2.391529824186669373e+00 6.303027285835909321e-01
5.705855071380626642e-01 6.544404641949160828e-01 1.611531349793887902e+00 9.586634518246507364e-01
9.501008364122311145e-02 2.575689768375568622e+00 2.063161812896393332e+00 9.981888006563542637e-02
5.100599247789514568e-01 1.762427344509056359e+00 1.834001921904339971e+00 2.013803283592781934e+00
2.948295345329543515e+00 3.237167862891638936e-01 1.401308851753223061e+00 2.993919481533851013e-01
1.104710534198346750e+00 9.314855608564690526e-01 1.260770923913898445e+00 2.835004600102617456e+00
2.207252910085438113e+00 3.613377263530903605e-01 7.122701228703752774e-01 4.745284159770233323e-01
7.716677004540948293e-01 7.097294299312676413e-01 1.883332719542986533e+00 1.054495680937041630e-01
4.342195505762362906e-01 2.991121676860351908e+00 8.466519818858615487e-01 1.250017205440749679e+00
2.952635594015375897e-01 1.792189968577538650e+00 4.533945456240011107e-01 1.265216354375357621e+00
2.491753453030604248e+00 9.068242293472243976e-01 1.811702984576831987e+00 2.267638708151603399e+00
8.666509972257573358e-01 3.059343456930372795e+00 7.383917151853441885e-01 1.904494993915598622e-01
2.787434972049667239e-02 2.852769134298589027e+00 2.310440320382080692e+00 2.701553180311468516e+00
2.881404970506751706e+00 1.378251176988383619e+00 8.135884534569947091e-01 1.195136647158318466e+00
2.322846592633642349e+00 6.259459214580027631e-01 1.822626325886935295e+00 1.254103284547431807e+00
1.458783837049370868e+00 2.014207516771462370e+00 9.747514990317196482e-02 1.601963946553732976e+00
2.372184492871693529e+00 3.865820241627263010e-02 1.799158414572443965e+00 2.311623510280914839e+00
1.849029869358518097e+00 2.652401989542930050e+00 1.382066041754900665e+00 2.518951642605386176e+00
1.512323359537597334e+00 2.146926271340927617e+00 1.521291157027184315e+00 1.182763823957647009e+00
2.927409513297720256e+00 1.357969603737505748e+00 2.384260316265371937e+00 2.688716876628620245e+00
1.422044306289906412e+00 4.345498235153840705e-01 1.936579265061309618e+00 2.157408120760089698e+00
2.587147315524231495e+00 2.302730851270131662e+00 1.990902511834763411e+00 2.363688787796145441e+00
8.915022867619202263e-01 1.653228532917272453e+00 3.930917031729520561e-01 6.550224339865676759e-01
1.798508870883359090e-01 1.681532586484325575e+00 2.647556950819993649e+00 2.905232751700781435e+00
2.037258470200201677e-01 3.306421937379133147e-01 4.373136534245484763e-01 2.008640144858896637e+00
1.418993494142665179e+00 2.831855314856589256e+00 2.052384722077674750e-01 2.906317567714383543e+00
3.715485573158311960e-01 2.040604090902096601e+00 1.925499800837912945e+00 2.003102333856311201e+00
2.241093123878381999e+00 2.543226926646918962e+00 6.689138538105565690e-02 2.114815726289584752e-01
1.480920523234310782e+00 1.673120967922933522e+00 1.791064341440496976e+00 2.388299342074660103e+00
4.305254652990838649e-01 2.475383153517958679e+00 2.861187510499131115e+00 1.715688349502080046e+00
6.069696136683850884e-01 5.577388123406437082e-01 3.052195564555565177e+00 2.395999983392198107e+00
2.874992077004736579e+00 9.674062549263359179e-01 2.419810900875866810e+00 2.370714785674979286e+00
2.013920398251998201e+00 5.709388010144919035e-01 1.461472135641452841e+00 2.717395220551086510e+00
2.532875638729350953e+00 1.954148896798338475e+00 2.285669175179668500e+00 9.470523398411155869e-01
2.052629590160543194e-01 5.187263391034541149e-01 2.441309504528716978e+00 2.674189274819628537e+00
1.555624376446318458e-01 2.076375909742679049e+00 1.654925612670232971e+00 9.205366315151852774e-01
3.032977125984558375e-01 9.403862613435476359e-01 5.671315802169829556e-01 2.444079222218958680e+00
2.713738556469788676e+00 1.062944143177704026e+00 2.744666709160693774e+00 7.633028378892461330e-01
1.627998853888570352e+00 1.063855490036961893e+00 2.475364495955704847e+00 1.651354051466704220e+00
2.345561566676050980e+00 2.924381183934488870e+00 2.597163002763544615e+00 2.299601165794997293e+00
2.655646276944321649e+00 7.482286561341376929e-01 2.268303354184288523e+00 1.324092820172712015e+00
1.069120781197601566e+00 2.402790090970160719e+00 2.053798516564754095e+00 8.830287594497127079e-01
1.665347732887756171e+00 1.302792951930731080e+00 6.669651900891447882e-01 1.002080313149267127e-01
2.824608556952823424e+00 2.998536946367786338e-01 7.887941311574010461e-01 3.038994766205386888e+00
1.193600721283906152e+00 2.106117667871020505e+00 2.965094915632686678e-01 9.941739710309602795e-01
8.987100990646116339e-01 3.074333348682593670e+00 2.556128414254673409e+00 1.098079270544554342e+00
9.546330820675014150e-01 8.915354945806596154e-01 1.835542990370224503e+00 1.532368697704548532e+00
2.058017618042825791e+00 1.089664986140076230e+00 3.397052364922582002e-01 1.693015653916090546e+00
4.699806081480499276e-01 2.262814099887305197e+00 1.264787106733517852e-01 1.015423942390380585e+00
7.281413180549195507e-01 2.450357037902701762e+00 1.197914809849661921e+00 1.878674753547389775e+00
1.628674605342636417e+00 1.954895959212395784e+00 8.019377394768510969e-01 2.433882004333177917e+00
1.873951207449490619e+00 1.612165741303207778e+00 1.166933664855481112e+00 7.487299911829726762e-01
2.183219341579836770e-01 2.594494319028077811e+00 2.320533185315294844e+00 1.017490647304612889e-01
1.388813537383507768e+00 1.462870054265990039e+00 8.577588311750009575e-01 1.437802369956452164e+00
7.555457539970623637e-01 1.408726935913516609e+00 3.092153364806887517e+00 1.854360195457019689e+00
9.878885542873726555e-01 9.184296777659044508e-01 2.742679009748746566e+00 1.956284138770197245e+00
1.284647555452481216e+00 1.159676026371865731e+00 9.567733543444555400e-01 1.819992328382852298e+00
2.210391445267660071e+00 1.775625263719290414e-01 1.058693832919841649e+00 2.652695266259320395e+00
3.693219317134054380e-01 2.682892350269374671e+00 1.150306268205223859e+00 2.455976513671136452e+00
2.094884956713008783e+00 1.102425119929274056e+00 2.156367033106687980e+00 1.606156631507472010e+00
3.049574234354657243e+00 2.900311782092153567e+00 4.456706194013327349e-01 1.673434154212989355e+00
4.571716895164927852e-01 1.053153921743124943e+00 2.017560765113151078e+00 2.757736940694310857e-01
3.135322407195434202e+00 1.871019024436178624e+00 1.263820279531969515e+00 2.411272619156083596e+00
2.597454281857956016e+00 1.509084504755417777e+00 1.021007083718411312e+00 2.809231709853552861e+00
1.206753450300019903e+00 1.966397416241457030e+00 1.217440404384969366e+00 1.136228315546513823e+00
7.869127558201236550e-01 3.084581708070019523e+00 2.528705368717364621e+00 1.386667341821877564e+00
6.807772460730157071e-01 2.998523848173517248e+00 1.712538449119370254e+00 5.222779046501880851e-01
2.289082854232168174e+00 1.212840064145235042e+00 4.151128987678191495e-01 2.922403040754397927e-02
2.859645009952098249e+00 2.177410213429272101e+00 2.826542946286682678e+00 2.408855084377632849e+00
2.586371793710415812e+00 7.088019541671590762e-01 3.026526506828659979e+00 1.897340846921200530e+00
2.834948324173455436e+00 7.694621541908494011e-01 2.001714390081516637e+00 8.292366863181155345e-01
2.096866481398995230e+00 2.154269632730242634e+00 8.995876144306792499e-01 2.524620235251134215e+00
2.586376974219169789e+00 7.348014193306558195e-02 1.791484969723295073e+00 6.582906134501961826e-02
6.931843828472045166e-01 1.274162648736277159e+00 2.328008010993988464e+00 2.032992350153403294e+00
2.095170424654926311e+00 1.822136133594807195e+00 1.933000664322352957e+00 2.482525431951376760e+00
3.716116899631838888e-01 8.543052893339744269e-01 1.631871287076727350e+00 1.550004297015287857e+00
9.154535986231757683e-01 1.670797901946484143e-01 6.791775929520551536e-01 2.653003152781546747e-01
1.805663365631016148e+00 1.817635206831116568e+00 2.069024901013208684e+00 2.656544543815102521e+00
1.271805870169561148e+00 2.633182604487886103e+00 2.852406471872534155e+00 1.412056242601118727e+00
1.402734657487629821e+00 1.879385281228612259e+00 2.833761172272276863e+00 1.400144301200171082e+00
8.575196947103254086e-01 2.310266246505765952e+00 2.759580568196993600e+00 1.390876709416056789e-01
1.844651962303689219e+00 6.095064868479557196e-01 1.731552557984999519e+00 1.520435207529184707e+00
2.315258844969775520e+00 4.282591652612977584e-01 1.492834333876449815e+00 7.654730402516584098e-01
2.767341791770181025e+00 1.083731657056802078e+00 2.380162125294539077e+00 5.554241396003530840e-01
2.547845868095266919e+00 6.712098658366041359e-01 1.395847314982196219e-01 5.181938121720700563e-01
1.872212803091334088e+00 5.273190677124641734e-01 1.933917718375078643e+00 2.786193090386566151e+00
2.989541157222839196e+00 2.815265316824382857e+00 2.124443255904505445e+00 2.375702402027183524e+00
7.658228729774806398e-01 1.064501694254464281e+00 1.763089069818633003e+00 8.349345671377214062e-01
2.626963001182365254e+00 2.323438639962129404e+00 5.705412751312962660e-01 1.943210306823019984e-01
4.094605553945340759e-01 3.050379831092858041e+00 2.371237261239530270e+00 2.812917412121188399e+00
2.676586315696301011e+00 3.029494022907464057e+00 6.239991406696586695e-01 9.253942220240575223e-01
1.810648355715806623e+00 2.016374889237756651e+00 2.982449514157179848e+00 1.438473564348058176e+00
2.477527821663529917e+00 2.415742426616308280e-01 1.503484604790534140e+00 1.311152296151892327e-01
2.705923123261816166e+00 2.243086340784681720e+00 1.251783519994459137e+00 1.318725752741807922e+00
2.860517375858412592e+00 1.138013002534935758e+00 1.415213204304568206e+00 1.104018801422274931e+00
5.441415005727825438e-01 7.704067599338749739e-01 2.551592739654840347e+00 1.341619992025990138e+00
2.938979103154919947e+00 2.044700061686520964e+00 2.787476512360971714e+00 2.617377259973654002e+00
6.204109103711642481e-01 3.274388632409349631e-01 2.768045385694279048e+00 1.894810068596249675e+00
1.924401719759582852e+00 2.345072042907788035e+00 2.686776231872592735e+00 1.299475070735092386e+00
1.084375692746347930e+00 1.845987652191201978e+00 9.506458980676772974e-01 1.672453789827783810e+00
3.200196302390215797e-01 1.338002288095141434e-01 2.486414097683100177e+00 3.129731492617228383e+00
1.911704554226645314e+00 1.619091095694528359e+00 1.298522976119793837e+00 1.495908978618763374e+00
1.788314204519932948e+00 2.756014001455207474e+00 1.235894946733797850e+00 3.253935258735459746e-01
2.043514183233987147e+00 2.077821345519085927e+00 1.435901140640547746e+00 1.862297209304588919e-01
2.220013343284472196e+00 1.969978268119361831e+00 2.815841276581159569e+00 4.947089964630912995e-01
2.892227461662708610e+00 1.117137670980135278e+00 4.992734460648672878e-01 6.864352667271398367e-01
1.942690431713292476e+00 6.882894921200448657e-01 6.426272667303560837e-01 1.862849995597747332e+00
2.864646477795986801e+00 3.010771194267664708e+00 2.351285400349480526e+00 2.514387453115083382e+00
2.047272235496198522e+00 1.164613804949362619e+00 2.435532600553618199e-01 2.947234683364376107e+00
6.322676213368088050e-01 2.667116956086463819e+00 2.401823665677050634e+00 1.522375909954017281e+00
7.739459948703814041e-02 2.642378474684338396e+00 1.217839174538348640e-01 7.606659589306813407e-01
5.909307298698011079e-01 9.248791662379084455e-01 1.680953556913633573e+00 1.871612472307982555e+00
1.522294933536517014e+00 2.920736187239446391e+00 2.116578805077609537e+00 2.745927533030800838e+00
1.104306167584861859e-01 2.662437233162097350e+00 1.012176231335433441e+00 1.137848905441233738e+00
1.207816233347595247e+00 2.505572824707530621e+00 2.438783549800010331e+00 1.595056414376437415e+00
1.910573420188740532e-02 1.312732742452080936e+00 8.906640285400954093e-01 1.588471273528516914e+00
1.622145936516444786e+00 1.583582662008221398e+00 2.390295905607497939e+00 4.240438515740491687e-01
2.108076878509414165e+00 5.610538788136627542e-01 1.174257564164862044e+00 2.074479961589153820e+00
2.101303596536732154e+00 2.154707670698989552e-01 2.133921029775299960e+00 1.096724333214458724e+00
5.615499751188547384e-01 3.832973020358776961e-01 1.772045633753999372e+00 1.522875850057982428e+00
1.890776547625282467e+00 2.829169049764815203e+00 9.904049730344540725e-01 1.289183090332532144e-01
5.869934841909821288e-02 2.063623514737447540e+00 1.284471078596838733e+00 1.974235177645840222e+00
2.827789643854696777e+00 2.544799470614163894e+00 1.113182552157706340e+00 2.225631498788271045e+00
1.713763119239698041e+00 1.797093458140516464e+00 2.692827357556576207e+00 1.396132973338866323e+00
2.633129647569751874e+00 1.756737098799608487e+00 7.862526651984018400e-02 2.172476013823405605e+00
2.894282593403049386e+00 5.534415978713006501e-01 4.868292288727544270e-01 1.073045771833434747e+00
1.234429437340402114e+00 1.652784871258950350e+00 2.553878911518793426e+00 1.213067477437021147e+00
2.839611743541344602e+00 2.462298894131794480e+00 7.222671406542334749e-01 1.816805703373238989e+00
2.495780676407605814e+00 1.174747214704869452e-01 1.126531381187301450e+00 2.917337915415668448e+00
2.317420281154729811e-01 1.421946212196053105e+00 2.822639204942669830e-02 4.692393980383999241e-01
2.970370720818256594e+00 3.016462591444709407e+00 2.317505150897992916e+00 3.060585230570877169e+00
4.025067904046702311e-02 1.884847543649400770e+00 2.187463604044792564e+00 1.727422337400625674e+00
9.420050544511240354e-01 7.471179663256026782e-01 8.196225361419867683e-02 3.101484595651949672e+00
2.487847887367197863e+00 1.959789935097022262e+00 1.163686592298311950e+00 2.112421104223594082e+00
6.134266592819551667e-01 1.809039687242156136e+00 5.870980152640362659e-01 1.996957175645561744e+00
2.382091530981949479e+00 1.470450688401584660e+00 3.017250371911249160e-02 2.310915658573532649e+00
2.388481307898460582e+00 1.406006679932089387e+00 1.101535319031100801e+00 1.590446035628091837e+00
1.316555919616790638e+00 1.067294504469651129e+00 2.469365544683912006e+00 2.764523247308814380e+00
1.141879697507394154e+00 1.274399809308709663e+00 2.374782660187542138e+00 8.665110825885019574e-01
1.189709733549484838e+00 1.446594946016349192e+00 6.958658524829518521e-01 2.787336619967342610e+00
5.388875831088700830e-01 2.008630187306789106e-01 7.675104269506170807e-02 2.402639987577679381e+00
3.473021814548191144e-02 2.735390849222010257e+00 2.372447246935751153e+00 4.686486669842626629e-02
3.825314971068737024e-02 2.248877079621993680e+00 3.637470585902037312e-01 1.125508041716344887e-01
9.244834761599892703e-01 1.979897875178996403e+00 2.567856192937967741e+00 3.072759863194509666e+00
8.664726938016850122e-01 1.167413528660445010e+00 3.011901819446053175e+00 2.688166368322286726e+00
1.518061948627241309e+00 2.189272475290902964e+00 1.366094657930845280e+00 3.140051404964685489e+00
2.417491046633554463e-01 2.431293442895580803e+00 3.076834777586073155e+00 1.904814710197342054e+00
2.900269183207246471e+00 9.781800719448375814e-01 4.430256215105667916e-01 1.305456950885869105e+00
2.978463821439580883e+00 2.233290870064535305e+00 5.528866274339477860e-01 1.923167688316666846e+00
5.733727439586450148e-01 1.927517595033731990e+00 4.215320810124869033e-01 1.354082693578088525e+00
7.995836514718509536e-01 5.556883587840608651e-01 7.769490343360400120e-01 2.004737374904665081e+00
1.324443255120063556e+00 2.104861566758962521e+00 5.365247907432023622e-01 1.907410157161940178e+00
2.899130627415249517e+00 2.071621094693846921e+00 3.206794444989035098e-01 2.052625332682389114e+00
1.874310283140638189e+00 3.292479787167083560e-01 2.935138328547434394e+00 9.789519232059951115e-01
5.001811067279399170e-01 4.853043876687513358e-01 2.726903321377249778e+00 4.285893755789953463e-01
8.796944616864747768e-02 2.385494684863417980e+00 8.112407531271021988e-01 1.711062898199766993e-02
1.867118105678705620e+00 3.020470107776102031e-01 2.149086692620783001e+00 2.257253759848856234e+00
1.190808405789056001e+00 1.036476827057970646e-01 2.155423961605938299e+00 2.872255447713384147e+00
2.687043368181137204e+00 2.387898258446804700e+00 1.311262147238383656e-02 4.978351409310771136e-01
1.686319521209180383e+00 1.918218728732537182e+00 1.924767257290884714e+00 1.188021119780404006e-01
2.415114701250253404e+00 2.097396613274224109e+00 2.061185035403408250e+00 1.498291967325319662e+00
1.264471329972421065e+00 3.014891113478589180e+00 7.549282279148786801e-01 1.926747239702914782e-01
1.222568179177632386e+00 5.953250462674554155e-01 6.085954724924734771e-01 1.169907064814913689e+00
6.179889765767361265e-01 2.284642901354413169e+00 1.312474931847519510e+00 1.647925061139567493e+00
1.839624870365166309e+00 6.929689314293342728e-02 1.565770174798217118e+00 1.995118008509285223e+00
9.452511991106006262e-01 4.054580647262464588e-01 2.342462791525603993e+00 2.996061638151317652e+00
2.467529004043444107e+00 2.508159142255719232e+00 5.087804342543833513e-01 4.162318570751233349e-01
2.294552115986383090e+00 6.297945719023873012e-02 1.229422797834947900e+00 1.618505326754771545e+00
1.705997905589842212e+00 2.834354371695416486e+00 1.082208408552588486e+00 2.953286612952553902e+00
2.189326793468096888e+00 1.653854666523492778e+00 2.886770480517264925e+00 1.564692068830704885e+00
8.062219176262338527e-01 1.938064045561541215e+00 3.083909363240907364e+00 3.227335827228319243e-01
2.522634207019833319e+00 1.137213614634116965e+00 2.038422547211729885e+00 1.734578121191976630e+00
2.430099681118844224e+00 7.370955915950068160e-01 1.642986728475035685e+00 2.491200535607876743e-01
7.953001031432687107e-01 1.161484190406393280e+00 1.105504783001057367e+00 7.540682608239875906e-01
1.669211121790362240e+00 6.607837195781759987e-02 1.280471539171400552e+00 1.333343903304906597e+00
1.142883447232568850e+00 6.221894529294534903e-01 4.590689662521502123e-01 1.607891110008453639e-01
2.168360294737599503e+00 2.889612679019384789e+00 2.240846084345709421e+00 1.748135251883853991e+00
2.094537303927710870e+00 2.688901497540178820e+00 5.021278426705774178e-01 2.426764047534702318e+00
1.209973936171042430e+00 1.402600339585115208e+00 2.809943203205565787e+00 5.532537881036375671e-01
2.684068018140990386e+00 1.713653649202162843e-01 8.440923156563967522e-01 2.587551053912747534e+00
8.113461327955723279e-01 1.937290550086218088e+00 2.712471054791945502e+00 1.206209567280622119e+00
1.064740729184047163e+00 1.352742291824999166e+00 5.621399744228845474e-01 1.159121379648051953e+00
4.723737720511065885e-01 2.244542139980249207e+00 2.673259080691183343e+00 5.392184385034514138e-01
2.161735816457832193e+00 3.035068068078064840e+00 1.319818017433439072e+00 1.260853847294641561e+00
5.051180980143635812e-01 2.740951088075465059e+00 5.700363461118172770e-02 2.072935866993806275e+00
9.308514030396510819e-01 1.976247870014411934e+00 3.664480488608360398e-01 2.769662675856547907e+00
6.923886819924740532e-02 1.284461033484030068e+00 1.007616379381676586e+00 2.156885122523335863e+00
1.158507783158949644e-01 1.937101775800467829e+00 1.231106318674857425e+00 3.579026899619065505e-01
2.559760291315276604e+00 1.712480312116546388e+00 1.038205577826581516e+00 1.651916104263485341e+00
1.633608227882348718e+00 3.366118780791423903e-01 1.547629516005143424e+00 1.894431444416362131e+00
2.554024378139989615e+00 1.971519356292518399e+00 3.314925440940871271e-01 1.687761290571943462e+00
2.453134819046864645e-01 2.823016737311750401e-01 8.839885457438422245e-01 2.790210691290439193e+00
5.278318062986840919e-01 1.072399289992367777e+00 2.879249538754482529e-01 2.463052307985819311e+00
1.190306857671138641e+00 1.492581966023339035e+00 1.230267571390555981e+00 6.316790619530235906e-01
2.231930514050041392e+00 2.413694466667045013e+00 1.097994034728797308e+00 2.147249974353677704e+00
1.162412641725381501e+00 6.861232815589242140e-01 2.484889412635761463e+00 2.514548275329109850e-01
1.937565639144191776e+00 3.084952017880955299e-01 2.061338653555157219e+00 1.200926765318904854e+00
3.030725752566818670e-02 3.396763146672805989e-01 2.279151618250462086e+00 5.820713211937225129e-01
2.042151168548233198e+00 3.138453879893762011e+00 1.194581826407141723e+00 2.601825705750645312e+00
5.883293693730823337e-01 2.776468891233904723e-01 1.897040726175361680e+00 4.136474298571007902e-01
3.928473051590476439e-01 2.890265826320306708e+00 3.560745721171961198e-01 1.588750950247120874e+00
9.611046357263280937e-01 2.357939689755982560e+00 1.036955964895361681e+00 1.515546037085629294e+00
1.214984940077839859e+00 2.213586498041536732e+00 1.938094521116899838e+00 1.641853585138218996e+00
1.291767182497163713e+00 1.789167406409336802e+00 1.670350440699035932e+00 1.096827879496587554e+00
1.757977510781544517e+00 1.291688347771275724e+00 1.586930866779385108e+00 1.439345000174410139e+00
2.829714737058892648e+00 1.353974161472820015e+00 2.496855871628711476e+00 5.015843884968251842e-01
2.654581235320263133e+00 2.185422248067618423e+00 6.601428727997092905e-01 1.855711339817262273e-01
1.353530129112237468e+00 1.956019889724699867e+00 6.524780428041180302e-01 2.256258498122240663e+00
1.785099774387803651e+00 2.918109537406617271e+00 1.100574249902976254e+00 1.889024405587727218e+00
8.806030947910932216e-01 2.724981481919318327e+00 2.533028687481792662e+00 3.039707984061990498e+00
2.471382355985061174e+00 1.195498027543927089e+00 2.336964699509020971e+00 1.642501287237429219e-01
1.063324728235208294e+00 3.755220628392662574e-01 1.696402027884958086e+00 1.990847481898913918e+00
3.026813282007907446e+00 2.284223493741936561e+00 2.875449523319007383e+00 1.268772603445810665e+00
1.897499512907844244e+00 2.111672106105143776e+00 2.211449980999597997e+00 1.238673184497056379e-02
2.817962604019074391e+00 2.333428661010238603e+00 1.614648935216296266e+00 2.193230543422793666e+00
5.980223294301606485e-01 2.827721790871277063e-01 8.546233588592586639e-01 2.985412208329547123e+00
2.285584006874977980e+00 2.687598636199083416e-02 1.551205152161806877e+00 8.857421105863679811e-01
2.015374798282326019e+00 2.659291795088758015e+00 1.055734248548829468e+00 1.494541940570249361e+00
2.053021939507719829e+00 2.870854827944331777e+00 2.393705311825543802e+00 2.245639817735237465e+00
8.801251974083765806e-01 2.642509817250831006e+00 5.067313326132988349e-01 1.600108679248126053e+00
1.256723487422130026e+00 1.339660157827154974e+00 2.527811888030640830e+00 1.422753300987255276e+00
2.834269450916537814e+00 1.960299955326411103e-01 1.837996877689493935e+00 1.345002090869500622e+00
2.344462688055420685e+00 4.012714798794114190e-01 2.616804652746863802e+00 2.434754206841636612e-02
2.684319956983045152e+00 6.746249820871594860e-01 1.866767267906797478e+00 2.039464168909335129e+00
2.518842783455798262e+00 2.923871401135841097e+00 2.354186609588309942e+00 8.449919613269694096e-01
2.745781458704828371e+00 1.501096798698033918e+00 2.921667894770444418e-01 2.413984720755856461e+00
5.529836850603498943e-01 7.213932195841089579e-01 2.176670598746031526e+00 2.223266677773509503e+00
1.459386288374421747e+00 1.557697666595079689e+00 1.890213145885444534e+00 1.629170470477011357e+00
2.331887357389326620e+00 1.151110747338198737e+00 1.689829044068180686e+00 2.020226860722121209e+00
1.269820103618765295e+00 2.830350052362760604e-01 1.285591659882625359e+00 5.665015246183424669e-01
1.035002694093682507e+00 2.311645801068469286e+00 1.459266178896425625e+00 2.434024321782440214e+00
1.346103355655277056e+00 2.345431685128348320e+00 1.842837415361205045e+00 1.426082263781163650e+00
7.910849504148574629e-02 1.217019396716203794e-01 6.829909289539318751e-01 2.840610349073696472e+00
9.823799132615056440e-01 2.658167166922706937e+00 1.520953672835946735e+00 1.564504151228987228e+00
1.593991448135773092e-01 8.791159171321957233e-01 2.021381034261745757e+00 9.662616800393971639e-01
9.706557772526288597e-01 9.442576626651046912e-01 3.066830732608387677e+00 2.133732113554547283e+00
1.870608278183089057e+00 1.340966135845849339e+00 1.259084975562803743e+00 2.982939054430748249e-01
1.443202007448058932e+00 3.045319730572191297e+00 2.140237581580638204e-01 2.248164507968155146e+00
1.509544970354909088e-01 1.100729599729694197e+00 8.933738570607359097e-01 3.797437519216218527e-01
2.396844730941294355e-01 7.616283708734161717e-01 4.763926878457834246e-01 1.600541284515782037e+00
3.873592357580583068e-01 4.368252626616963563e-01 5.031207119332078426e-01 1.877915472003404584e+00
1.998634650364238485e+00 2.453120259935351211e+00 1.367612300834954331e+00 4.800772326639867749e-01
3.134399163803969768e-01 6.425557544655267905e-02 2.700055508243434765e+00 2.695559247591524876e+00
2.604334292975478249e+00 6.839112994203888629e-01 1.723082859438008541e+00 2.017763821783711720e+00
2.264796788261675964e+00 2.063157501715318975e+00 2.313471541712041724e+00 1.600658935846354769e+00
1.103427401438240585e-01 5.803067879905241533e-01 4.158156559352251813e-01 2.930247021911395855e+00
9.047733884995229348e-01 1.185430764626393074e+00 1.471683303284898159e+00 1.179168739543076549e+00
4.611558485295167986e-01 2.419533237678733961e+00 5.938511715598415730e-01 6.451446810755104844e-01
1.684140128167794570e+00 1.142148156654393620e+00 2.340070425387866138e+00 3.130986068860647009e+00
1.229498319264555439e+00 7.936124631623351355e-01 8.679076109087803248e-01 3.920562811295225658e-01
3.135551764687507958e+00 1.786650372159874323e+00 3.065278111625432178e+00 2.750811062627780412e+00
1.267919764746070266e+00 1.847669800466366086e+00 2.679089928655907560e+00 6.558733704967697475e-01
2.777883598588029024e+00 1.877607399278721889e+00 3.651521356181789968e-01 3.014632257878076427e+00
4.412999154474215868e-01 1.370674976563135417e+00 2.735341655826602381e+00 2.864510566642922917e+00
8.467833834386906400e-01 1.008171642658749478e+00 7.934738897617006348e-01 2.202912339874801173e+00
1.931316673990747246e-01 3.066681684691760612e+00 2.953294918606838571e-01 1.795040029591227437e+00
3.026078650711667706e+00 1.515158857354807598e+00 3.110407691476659409e+00 1.998432791807752407e-01
6.547607493654526989e-01 1.935611239711260145e+00 1.923153607954664501e+00 2.229980884387967599e-01
3.111334407862533791e+00 2.035614251615651238e+00 1.660372582864419355e+00 9.710493861579569952e-01
2.525166806888388127e+00 1.268858251707340346e+00 2.279348544044541569e+00 7.362147406986256915e-01
2.027344765256253734e+00 2.686478767128186895e+00 1.114649058271013765e-01 1.430031967263086567e+00
1.024417343119007340e+00 6.846805023812652102e-01 1.665423953632978460e+00 3.412451511864244558e-01
2.650181996248079930e+00 2.730649688487394311e+00 9.231071262673370414e-01 5.190647475374329245e-01
2.563904928887307477e+00 3.108254484893124392e+00 2.921599363646021352e+00 2.647671928395091800e+00
1.971965955990215846e+00 1.193953102224805773e+00 1.224756820523454914e+00 8.238944656469150418e-01
5.558329524772908092e-01 1.555732155640398462e+00 3.705998258163331616e-01 1.001892838710870981e+00
3.134049619421638511e+00 2.528625081348282233e+00 1.649105931059358099e+00 1.704212671108396915e+00
1.597508808168567329e+00 7.778506229094195312e-01 2.801141019185917624e-01 1.723019584968961571e+00
2.981674972863587847e+00 1.438435370768178734e+00 2.034515297023995473e-01 2.861852233285543168e+00
3.069769702404421707e+00 4.208633205934579347e-01 1.052612021608310799e+00 2.149306973095351569e+00
6.167840075310181136e-02 1.735634455672311560e+00 1.379563155821861287e+00 2.144262918043546406e+00
2.591106048670320572e+00 1.175281853580804059e+00 2.919645299770539992e+00 6.624247199383388462e-01
2.295376227977487596e-03 2.325018383919235543e+00 5.077575724830825088e-01 3.091490257730017177e+00
2.625037656763402172e+00 2.835641281010758075e+00 9.971752726914244747e-01 1.439324935663228056e+00
2.836650712292481558e+00 1.635151777357407576e+00 3.107971886410839879e+00 1.041400557232190272e+00
2.214087936501898835e+00 2.232557082123411529e+00 2.716451275584916836e+00 1.010247158142653312e+00
4.823199717925567565e-01 1.030640367193257800e+00 3.028157275764949308e+00 2.938923078214347395e+00
1.825982321487003013e+00 1.986054595300507097e+00 2.788693497363596396e+00 6.735279020681118611e-01
3.133773478509999766e+00 2.346773168671016485e+00 1.377410758142083136e+00 1.695196706969057665e+00
8.507786246791936291e-01 6.089255475474759649e-01 2.385367102010187867e+00 2.314380180718390356e+00
2.994242803660721375e+00 1.556753897200791492e+00 2.606281579719909480e+00 3.142230523612042359e-01
1.054138340832021958e+00 1.828129235114994700e+00 1.924678506388519672e-01 1.998071552878084800e+00
9.962249834514682600e-01 1.920198500715357914e+00 5.353508261124688694e-01 1.763193108369208173e-01
3.041123708271966652e+00 1.404131998646877877e+00 3.340047462207847428e-01 1.824391600378989731e+00
2.908719041415410267e+00 1.085106000802756210e+00 1.347227594861911015e+00 2.174582341263705754e+00
7.285876646994812189e-01 1.820177589071973467e-01 4.885190397439657661e-01 2.993373475202516953e+00
8.162643634468552678e-01 2.187535184221687690e+00 4.863780811935957760e-04 1.738428312499564532e+00
1.974589505072910089e+00 1.324267765131338148e+00 9.472049469661731891e-01 1.617110245763345944e+00
1.086694450779839505e+00 3.083197136519552295e+00 2.028331581358297608e+00 2.459639651612675948e+00
1.498998658324812494e+00 2.838121817702020433e+00 1.047804879718365889e+00 1.152492239211263980e+00
9.960770100572391428e-01 1.221837321744757565e+00 1.316801974926298024e+00 2.403940422743175098e+00
1.191650902185190652e+00 1.228583572764565979e+00 2.911546067289616069e+00 2.785793602198100238e+00
1.937419069594556564e+00 6.891836661430942312e-01 2.926630894411879513e+00 7.469635097902619369e-01
1.356191907770049720e+00 2.850837726032798169e+00 9.672211800687158245e-01 2.040182218562020644e+00
5.731442249075613393e-01 1.042400971262935849e+00 1.457898923512359612e-01 4.729749675455456326e-01
2.746195988492214024e+00 1.560670958635221317e-01 1.818748807509927179e+00 1.140074834677924143e+00
5.426053542228552740e-01 1.820502536856900999e+00 8.732077299553218097e-01 2.896045826177406024e+00
2.278279849314478245e+00 1.869602922114401045e+00 1.450628520412997835e+00 2.905774941505405273e+00
1.306009722598879819e+00 2.229174185028411692e+00 1.907414741603361108e+00 2.035301940940794641e+00
2.166653647928519444e+00 1.890188581586188521e-01 2.072104033328405315e+00 3.106679858215251500e+00
1.734959399421299064e+00 1.223476541073943158e-01 2.557306776487480615e+00 1.380620247452686522e+00
1.988035398268428011e+00 2.871264133903391969e+00 1.904079496237640612e+00 1.453484000834558421e-01
1.263966892286039201e+00 3.086419101741891158e+00 2.071115061316940675e+00 5.449821443262180543e-01
9.932910135287973397e-01 2.757361444372283366e+00 1.411763966417151295e+00 1.871091057102098887e+00
2.601072593376430930e+00 7.609558492925998507e-01 2.718223016940745307e+00 2.905685267722422971e+00
2.089832244615998369e-01 1.885607904812839075e-01 2.306538773552839316e+00 7.942877908033139922e-02
9.051824737800387988e-01 2.013192986092351422e+00 1.871825758262372963e+00 1.787676070586362131e+00
2.973365809656840941e+00 5.025054262195011168e-01 1.359007182755147092e+00 1.909780086453514381e+00
1.585783251431021057e+00 2.281638028581960853e+00 8.777169819459564870e-01 1.196414781818403883e+00
3.074220010381260693e+00 6.182796933153343888e-01 2.601914726077358964e+00 6.551319659949488283e-01
1.399989904521293238e-01 1.690916913055152238e+00 2.976001658795495164e+00 2.729922527756758921e+00
2.976511940828476366e+00 1.854635797069616565e+00 1.536385143205641013e+00 2.325485782495013698e+00
1.230100260119997513e+00 1.805090092156665937e+00 2.698315743239242170e+00 2.218369123527731190e+00
2.832169335640075669e+00 2.485732689475816048e+00 7.613293687990695113e-02 3.193885261282813914e-01
1.136388545763546087e+00 2.503318113445619275e+00 9.024313109149145751e-01 1.427996706099620816e+00
1.329379461281245955e+00 2.634239382214204728e+00 6.820256819929254588e-01 1.666692074319717554e+00
2.282619710423003934e+00 2.189787447507040685e+00 2.220745084517287360e+00 6.611770690374502157e-01
2.424182093803362914e+00 8.017310822462943021e-01 2.131860104672985035e+00 9.000591242837328032e-01
1.502144120613145173e+00 4.331367505912669391e-01 2.324631506074139153e+00 9.092572745288973746e-01
1.347690333095143300e+00 2.432503756804955231e+00 2.320004000825653723e+00 1.700660862066687207e+00
2.509640847654910356e-01 6.304496081525906570e-01 1.019353631247781777e+00 2.616627912227884156e+00
1.143511643673090550e+00 2.730679334303643735e+00 3.040645284633661238e-01 1.378747969052477984e+00
3.652290231097509166e-01 2.697071904930589348e+00 2.371037605645114787e+00 4.419099633895336998e-01
1.653053760877092548e+00 2.723440086573674646e-01 1.403821997769589158e+00 1.687303489509778265e+00
2.282302954963258745e+00 2.803166974488686680e-01 2.764525985559289190e+00 9.764748873916742067e-01
1.030398418257516990e+00 2.554693032283026355e+00 2.295020498016869581e+00 1.651363253453773883e+00
2.999291913512545094e+00 5.142788847772095107e-01 4.335415562525279376e-01 2.793801485396333995e+00
2.081800505473566876e+00 1.139685184571740950e-01 2.597700285578493640e-01 8.970309484533738331e-01
1.635882698988497252e-01 1.039380215162280408e+00 1.276851338343618192e+00 7.774177136646652775e-01
1.655784404011817035e+00 1.420082911532398517e+00 1.973409359589634482e+00 1.037408926389405739e+00
1.083336636311977408e+00 1.604536268671457933e+00 4.042435053837149517e-01 3.058334835725116552e+00
1.884020609455824835e-01 5.699649613145976179e-01 2.597981046855852405e+00 1.406038416386433010e+00
1.965831810187836037e+00 4.248992611572826594e-01 2.548297184766979306e+00 3.956933509358289136e-01
2.947842892582642094e+00 2.879786436199706756e+00 1.286866310720904183e+00 1.817631431078969850e+00
3.126149326235200920e+00 1.327760604129544442e+00 2.401884391795621632e+00 2.105740379217496905e+00
1.201429957388755687e+00 2.969316738260028288e+00 2.146295120874421869e+00 6.531231625091236115e-01
9.100194294566587017e-01 2.465074346448774545e+00 4.384821990039551309e-01 4.351386029049827409e-01
3.314239931923338989e-01 3.057929090441081854e+00 3.067199328831203164e+00 1.975476831086771190e+00
2.365978560634764527e+00 2.891840940200251509e-01 3.072227251308683904e+00 2.360444613648299939e+00
8.916762428320503808e-01 2.597309553541705257e-02 1.115381744512732753e+00 2.079820435006225932e+00
1.283440177725810871e+00 3.096480215805879510e+00 2.146804045026921237e+00 2.143456437775359991e+00
1.614158623875125986e+00 1.962118269534265158e+00 1.624613602021582670e+00 5.745104351016111499e-02
1.052256941280428348e+00 1.767260141568731013e+00 5.575900040089106779e-01 1.574316335073308926e+00
2.885684876968602763e-01 1.877627505465860214e+00 1.276680281298121722e+00 1.081190500706692648e+00
8.858290950808733744e-01 5.059809463756227699e-02 1.463647185750308832e+00 9.358627256490519297e-01
2.215885740353253919e-01 2.799236467984599130e+00 9.345448771397345533e-01 7.719803052235818530e-01
1.849719131961923946e+00 9.987230869680244760e-01 1.559134624406804726e+00 1.900052066804112927e-01
1.212758100072110351e-01 2.109785209185552457e+00 2.129760529852959827e+00 3.141448776873493554e+00
4.781553486518601570e-01 1.446080809643769116e-01 1.048231536791850438e+00 2.527853102474107327e+00
2.567109355925213610e+00 2.711933241741277256e-01 1.701525583487017323e+00 1.202833831556511912e+00
3.100903968309804082e+00 2.105470823525832369e+00 1.238593781138164901e-01 2.888181389869820759e+00
6.245239893874646731e-01 2.498017076377326617e+00 1.397560499861827621e+00 1.467589884811263179e+00
1.201645815376694681e+00 2.792597573521302667e+00 2.787577041175513859e+00 8.489599859868931508e-01
1.472897319673357686e+00 6.718428028890759407e-01 1.873502748040604127e+00 2.918977739342625721e+00
3.790516128777913218e-01 1.943157553764346179e+00 2.479666977911950010e+00 4.514803044749775007e-01
1.991813613747784428e+00 5.036419185656026976e-01 2.249260790020092049e+00 1.978550894536865279e+00
1.388939116607664781e+00 1.760496051960839470e+00 4.717917115888827229e-01 3.314672987955042394e-01
1.986763837719706549e+00 5.583463358134029830e-01 6.027118463485804378e-01 1.360534316895102014e-01
1.745773067900916686e+00 2.005079388666362317e-01 9.151679066865040513e-01 2.461725696768536586e+00
1.736753196846478886e-01 2.701423295629569399e+00 5.990481946884689268e-01 1.786562555332120994e-01
1.369480078819540259e+00 1.463636117370444634e+00 1.605706839134416697e+00 4.935508946630333682e-01
6.476839948775543476e-01 1.398751848193405589e+00 2.442232156310684132e+00 2.620546506032191303e+00
1.631907754375218511e+00 2.689565718968993213e+00 5.960060608871550203e-01 2.932278979240790395e+00
2.466089366452971277e+00 7.510789644565932788e-01 1.153886395298120947e-02 2.577764529114029202e+00
8.491231877398580652e-01 1.567132054637482286e+00 2.992984612508473585e+00 1.773132245506099824e+00
3.940830809210389418e-01 1.181329133050596170e+00 2.422218619752559476e+00 2.635230019725521622e+00
2.860072854010003773e+00 7.661956994567086232e-01 1.456108264404208708e+00 2.660002338579992909e+00
1.222178321281121471e+00 3.029622987811072310e+00 1.311838223017367522e+00 2.170302182456407269e+00
9.640516688809867007e-01 1.933216849292622497e+00 7.945657646351237391e-01 1.765894781407649328e+00
4.949438051296291552e-01 7.906662246690858709e-01 1.011645067318475588e+00 3.139032286667519767e+00
2.309997516914775950e+00 1.295042682569612191e+00 1.112011299410755383e+00 1.369999628107227696e-01
2.897194752832070286e+00 1.010590290697263471e+00 2.906868621253041463e-01 9.460395390117473657e-02
4.728365794071038852e-01 2.310996597786192375e+00 2.564310751088157758e+00 3.322769941844621044e-01
6.069906623520954225e-01 3.589634962231457171e-01 1.962685723260243043e+00 1.085054195867109827e+00
4.437008205034602137e-01 1.750093219205949513e+00 1.515589794015961278e+00 2.780504214400586260e+00
2.685549527343734422e+00 2.779809521725743693e+00 5.922993275702695959e-01 1.867440571513305336e+00
1.151921151719125236e+00 2.006090438923693320e+00 2.063479123713779506e-01 1.499986483365693068e+00
5.231799382874740001e-01 1.304141754438082890e+00 9.094385352473589590e-01 1.757853941353170635e+00
8.954379048567604471e-01 9.856403960775244055e-01 2.283075990513639741e+00 3.749885467956988738e-01
5.888720197968388970e-01 2.271046486350678961e+00 3.609026630274541625e-01 8.888913550350358017e-01
2.357532114523800543e-02 2.008933221875303932e-01 2.093438079303233668e+00 1.910974516916520205e+00
5.485784135372039350e-01 2.257225065438104306e+00 1.807177602652088932e+00 8.797079411146382366e-01
6.206324717365098165e-01 1.955547768566129552e+00 7.967762635645263547e-01 1.001061781300796705e+00
1.748264928739895252e+00 1.180532022304870310e+00 1.348070111464337861e+00 3.767817440670117035e-01
2.676942468712086853e+00 2.260419430439437605e-01 1.491385078481759052e+00 5.817316915111125919e-01
1.896179496172150092e+00 2.875779675234194865e+00 1.055028162962528659e+00 8.471584408071607120e-02
1.180044918458534597e-01 1.505456480223089200e+00 1.822832851092903717e+00 2.105902591966398951e+00
1.507215269234543742e+00 2.146329785776685650e+00 1.321158369211341110e+00 1.677916785372059350e+00
9.813453024869572827e-01 2.354191743297177342e-01 2.263446220727278302e+00 2.219295701181752456e+00
1.924062206476309933e-01 5.925738119794551340e-01 1.581879673439409828e+00 3.085237987649291913e+00
1.834175246634863532e+00 5.253037542649804381e-01 2.249646975262034942e+00 2.637667515163669485e+00
1.475458774887877134e+00 2.131752385612811551e+00 2.922274933148279352e+00 2.626524296703203643e+00
6.230306226146611337e-01 6.691579574051952362e-01 2.395403883167350756e+00 2.346874579401231564e+00
9.211341733575453272e-01 2.964697049088008018e+00 1.025445324543216241e+00 3.319312757221168364e-01
1.399846854538624008e+00 8.859761478656963396e-01 1.077881937468196716e+00 1.763964070249458338e+00
3.016316621049238922e+00 2.081849922982427215e-01 8.756377892340363456e-01 7.942045993633614076e-01
6.504672599110123965e-01 2.786050194259861001e+00 1.024789051698153930e+00 2.500973155675671578e+00
1.110553508903673103e+00 1.512812968095014476e-01 6.339789106372180072e-01 2.361019331457244075e+00
2.540872434065041485e+00 1.039883961738707757e-01 2.189139032761871828e+00 3.041518208841147430e+00
1.269632393856114705e+00 1.634778715429312523e+00 2.398553826002915113e+00 2.944318794255955218e+00
2.664283819757172100e+00 1.220312984523905381e-01 1.570089421372508287e+00 2.626155816818236399e+00
2.111982416055958378e+00 1.905738842490661000e-01 2.209453754367046496e+00 5.942288986901667069e-01
3.096932374591823578e+00 3.121062135688186689e+00 1.624972677076397698e+00 2.517075980554373871e+00
1.128928219700422453e+00 1.820860989733603941e-01 2.975731439107473619e+00 5.805593290368464832e-01
3.347075525472240076e-01 1.988053024136667180e+00 8.840601024989849788e-02 2.180127845767036998e+00
3.284485153509387745e-01 2.935050006098390840e-01 1.842314469400402110e+00 2.965083244833295328e+00
2.774506456971633561e+00 3.046959111462125280e-01 3.330321809828322155e-01 2.434921848625521079e+00
1.791958208208583869e+00 1.779600708443671797e+00 3.125446220238321526e+00 2.548474829556429011e+00
3.008918685029836393e+00 1.614388143199317671e+00 9.568081847696422448e-01 2.585872125976498737e+00
1.873467325214025259e+00 1.100785827728923277e-01 7.912041320133074151e-01 2.730857586194904929e+00
2.694355768918142324e+00 2.508304778530043855e+00 1.466314761577561576e+00 6.779792847982484272e-01
2.480936893991523728e+00 3.791212434543139720e-02 7.386863855961849357e-01 1.313113005801732402e+00
2.160358371501584163e+00 2.713688112445111766e+00 3.855225719143582364e-01 3.029288897895168642e+00
2.045386823573779544e+00 2.930074760557026092e+00 1.834480247533994746e+00 3.015403959384497679e+00
2.131068310194175641e+00 1.209663599549336110e+00 2.813471686619682277e+00 2.046177010350310521e+00
2.343566329007678029e+00 1.808137428680471226e+00 2.881369730914641103e+00 1.172767568560446172e+00
1.651355693056525631e+00 2.567592668239328635e+00 2.099765496224109018e+00 1.377677185384473812e+00
5.977455478208779649e-01 7.689400296000451496e-01 2.988403652787253950e+00 2.270011420723285323e+00
1.497191021272806566e+00 2.040385778461820898e+00 1.788290305341455610e+00 2.977215243553736457e+00
8.955184002737494042e-01 1.960314126533415191e+00 2.631224164844860880e+00 3.085222710360043141e+00
2.030384289549491683e+00 2.758194438338752885e+00 1.028125898845357877e+00 2.750769819990036336e+00
1.416964221063612861e+00 3.220493966154771015e-01 2.576662559484631743e+00 2.041752932870846138e+00
2.872787238849096703e+00 2.186076731653565641e+00 2.432648275056396248e+00 2.749664977858313986e+00
3.119382128163622703e+00 2.224436495981723105e+00 3.046791704159380831e+00 1.799793026851872035e+00
2.946396609371270348e+00 6.668568238494817502e-01 4.755509411697992905e-01 2.521534009106434659e+00
1.349747912475301126e+00 9.285137682622899291e-01 2.473624462928377454e+00 1.347938660555101587e+00
9.382602652610638749e-01 3.112777137408640815e+00 1.751153733629111420e+00 4.965890998919059163e-01
2.252898642063762669e+00 2.299706666103157104e+00 2.003828530404781816e+00 3.108818018540156825e+00
4.066543376045656522e-01 1.957673159114659889e+00 2.628037895921583100e+00 7.480774910113372478e-01
2.806791368971652822e+00 2.961771832242574121e+00 3.869503796711775689e-01 7.729891334180180040e-01
1.467272133050655514e+00 1.989664342947749187e+00 2.115785513779261606e+00 6.698846718086686192e-01
1.029219815752909328e+00 3.140400223838374139e+00 2.949825031193105573e+00 1.653376220118817796e+00
2.877093432687833019e+00 9.922299229494613293e-01 1.082359588152756791e+00 3.139498815264794906e+00
2.020775340203904147e+00 8.514940734722333815e-01 3.100853113151198048e+00 1.561081262233847688e+00
1.402427184713440411e+00 1.467941836758648089e+00 1.625048314528172222e+00 2.337115880215050900e+00
2.653784078458938822e+00 2.019883163178144425e+00 2.935407770186228227e+00 1.608951785755135200e+00
3.250005295454180820e-01 5.570584416890479451e-01 1.284365956317956359e+00 1.550603781675740978e+00
2.237592926920512593e+00 3.244985307898748950e-01 1.814377468999308185e+00 3.819425243969536421e-01
1.781109312875661876e+00 4.597269793513428793e-01 2.722791690632894390e+00 6.320389782889327401e-01
8.401712767481493982e-01 3.020912761760251364e+00 6.548883414910512402e-01 1.409489139662269741e+00
7.430348706050611263e-01 7.368064320981140281e-01 1.268238538671069060e+00 1.109836631882572311e+00
1.915908259267741220e+00 3.308855274004600111e-01 2.977475625611641696e+00 2.279717101528734080e+00
5.376544811066413798e-01 4.518997710338493179e-01 9.748943662068686455e-01 2.392843255981611073e+00
1.763961854360222903e+00 2.005248161474337376e+00 1.465325903934514118e+00 1.388787791690273554e+00
7.807523690160229624e-01 2.492029378760518554e+00 1.970166554484236832e+00 8.899518376488384508e-01
1.168116688385590241e+00 1.133398529850434766e+00 3.329772335658632842e-01 2.249855017790658440e+00
2.052450606277118172e+00 2.369469168921734870e+00 2.412745543242256208e+00 2.929682716156173594e+00
1.466735264625920188e+00 1.806047501177422632e+00 2.703487651384596457e+00 7.481377617784962242e-01
1.569764541789465673e+00 2.640637722708381041e+00 3.071308127132662547e-01 7.394141529665448562e-03
1.032943509374539409e-01 2.114534041626605632e+00 5.997047646386360897e-01 8.593050342183674584e-01
6.791917998910765863e-01 1.542862765229163546e+00 5.460574614725481890e-01 5.145520522822862874e-01
2.080996433323095918e+00 4.366786958000650753e-01 2.256715163368248955e+00 2.730579411650766009e+00
2.683185316407891374e+00 2.811546638352664385e+00 2.411609737916514673e-01 2.820638481580683976e+00
2.386985633697620734e+00 1.185527118246898937e+00 2.204439131340066194e+00 3.024408470246159886e-01
1.290439775997655358e+00 2.363909240229248088e+00 1.672797863443932886e+00 6.634061582012835967e-02
1.874280579323104101e+00 2.598126607689234646e+00 1.664415394602542175e+00 3.088034267494793816e+00
1.182065977968128179e+00 6.272068221592760340e-01 1.466792127203871088e+00 1.201020758606948791e+00
1.608498057290008054e+00 8.534321423234189075e-01 8.722219399595906308e-01 2.892841919877487955e-01
9.196350088365382591e-01 1.570310769870040257e-01 1.602712428453416660e+00 2.249558270031682294e+00
2.217805684259051446e+00 2.723290406686945442e+00 1.626660199552777186e+00 3.122569907355985386e+00
2.188728762646499959e+00 2.380045768091484160e+00 1.889515789276638325e+00 1.055253782043652278e+00
1.853767563609443725e+00 5.552628197791380504e-01 2.951989701467996774e+00 2.851820936224303882e+00
2.509783354713367665e+00 2.472093113418180277e+00 5.635729289081977678e-01 3.265610180282427777e-01
1.004148829562406142e+00 5.780902609266430625e-01 1.910366463965940398e-01 2.874101784653451563e+00
1.581929792520717082e-01 1.881261469751950743e+00 3.049001500329346359e-01 8.609122791166096134e-01
8.589360590260765038e-01 2.495710048108427781e+00 8.862678036137094928e-01 2.353222161916015853e+00
8.765249806352897188e-01 2.591328329015011533e+00 4.233501577386574177e-01 3.034478330850707728e+00
1.172290448726774015e+00 2.023948855235595534e+00 2.951763762126538460e+00 1.434942971119787192e+00
3.226802744524114863e-01 1.993289367814371049e+00 2.268686084324388563e+00 1.028810213724740352e+00
9.205666260890175145e-01 2.918372988846531069e+00 2.137082815558994486e+00 1.822738657430463816e+00
1.446192164937619484e+00 6.865076748877215751e-01 1.830233735330657696e+00 2.553048275352954644e+00
2.754805482417191698e+00 2.240957029457305794e+00 1.368406510511707141e+00 5.185036379146352736e-01
2.872577019180993840e+00 1.544598827355535553e-01 2.735548282157313160e+00 2.539351373048942762e+00
1.889054338591678484e+00 2.189839047361475277e+00 2.058992848440020396e+00 2.240342338349606166e+00
2.857779872685227929e+00 6.892176266857703570e-01 2.414645744579380970e+00 1.437613560438481430e+00
7.450943369311243680e-01 1.020658467396714286e+00 1.923837498016075953e+00 1.952352782224107575e+00
1.208639256460386946e+00 4.532293815243444435e-01 2.761952034789022292e+00 1.642576212858502194e+00
1.258532554437154394e+00 2.363285840010244110e-01 1.945473713938194127e+00 1.494105325399716633e-01
1.752652799774793380e+00 1.659338967609363724e+00 1.344383257613900762e+00 1.469686116531585540e+00
1.870783295558475112e+00 5.943574743444940411e-01 3.065629309851082507e+00 1.047283697355521959e+00
8.747729788607818691e-01 1.971843768391306817e+00 1.190712019631236851e+00 2.791385873469240497e+00
1.173023331640522943e-01 3.686820572549117103e-01 9.814607083587814085e-01 5.799563418579283258e-01
2.455653206721823967e+00 1.863445222863473472e+00 2.273770732922298254e+00 2.185293335395977365e+00
2.185259861918187330e+00 2.937327330789082924e-01 7.355920900643866389e-01 1.032327523964938765e+00
1.368642007232195645e+00 1.251060656755093481e+00 2.513235198285598937e+00 2.956632755936675405e+00
2.073887220370934870e+00 1.674491322448188324e-01 4.118612769901964787e-01 1.298117040974006153e+00
2.885823725120392869e+00 1.457924628129164679e+00 7.329413711696189729e-03 7.661361758926071852e-01
2.572104810772978922e+00 1.778823516913760505e+00 1.358654790885854391e+00 1.609591130872301878e+00
3.047556584287918646e+00 2.217705643337981147e+00 2.979704290866185268e+00 9.424607878795756566e-01
1.147372830913174102e+00 3.042924412057395056e+00 2.693470733505528347e+00 1.036318436063874637e+00
1.868574768915007844e+00 2.901174142271495171e+00 1.758621700251545850e+00 1.695379472763800077e+00
2.854130457270577237e-01 7.627746161520400081e-01 3.103656853161694595e+00 9.580616652730370442e-01
8.036474284935368750e-01 3.041093148377718158e-01 2.084186717113756249e+00 2.660471492152861606e-01
2.550984208369422301e-01 1.536921242747225635e+00 2.860061665383005547e+00 2.421543047042196140e+00
9.740507927546444567e-01 1.892530896418798347e+00 2.300900629547869336e+00 1.414134306435808376e-02
9.157099148714399617e-02 1.550442133940709066e+00 1.440032286572245468e+00 2.210622723105797327e+00
2.351778480957446682e+00 3.268347881239525021e-02 1.465507934266517154e+00 5.851766145407577557e-01
7.476482118202055771e-01 8.047807961511896924e-01 1.329425862547811477e+00 3.138031593405271824e+00
3.799758197034802665e-01 1.614962422925697028e-01 2.937587603646629741e+00 2.602644486476887176e-01
2.706297978172474750e+00 1.581295695250266808e+00 5.915256390989335200e-01 2.175621058515399664e+00
2.433148920616538646e+00 5.006832936241728538e-01 3.034245410299558632e+00 2.135074559145107465e+00
2.592333985518577855e+00 3.093355193778007273e+00 2.372227977304905533e+00 2.725083056736410825e+00
2.206613991567511146e+00 1.026969586696231174e+00 1.523836729480271046e+00 9.162959896494063949e-01
1.572655966792637194e+00 1.652680360441312057e+00 7.646122741542290546e-01 1.243428186181726902e+00
2.089235678107882466e-01 1.444411124749786834e+00 1.014649621167854177e+00 2.842058741816824163e+00
2.868396640046353419e+00 8.185213857965962791e-01 9.991471671071403549e-01 1.862619746120458775e+00
3.313280023031796029e-01 2.021108857254692026e+00 9.951663968410169314e-01 4.148407689308952206e-01
1.305232285170879081e+00 1.139986504531135703e+00 2.499804351634909327e+00 2.140141160303252299e+00
2.358179273804566378e+00 4.862658786992638538e-01 1.989433590441565203e+00 2.312712812330017353e+00
1.496615120500869089e+00 1.516973872741322449e+00 6.634146255093593680e-01 2.795301750283034625e+00
2.191841922571030832e+00 1.835517564321320072e-01 9.798873841057882395e-01 3.891745196150879771e-01
2.250057195888861994e+00 1.314972851474421889e-01 2.753606398507310038e-01 2.407926799845236943e+00
4.109647283074653323e-01 2.696814360750995121e+00 2.457522568230674942e+00 2.233865737293152964e+00
1.913800181718236404e+00 2.706557694192368579e+00 1.654652779533306584e+00 6.788478065052037103e-01
1.831880901743285328e+00 2.576614203732059405e+00 2.155461746158680914e+00 2.269669987084811602e+00
1.491747366911888140e+00 6.387476807161461823e-01 1.855827073286327455e-01 1.556797464969416067e+00
1.465474425353141319e+00 1.448431593677419915e+00 2.839127870334019477e+00 1.912891290087098684e-01
1.155071970127948378e+00 7.977566835381449950e-02 1.898094915440300845e+00 2.731505253582052983e+00
2.188991072687401562e+00 3.967979846401818375e-03 5.429756849068502200e-01 2.393005364969222892e+00
2.289282987647585532e+00 2.447122457808580120e-02 1.150382724971678039e+00 2.246677706537360208e+00
2.357461245446008213e+00 2.456256976624503707e+00 4.577106084452086665e-01 2.278971407625626444e+00
7.470484933721139864e-01 6.460205047378393406e-01 1.682792555318186334e-01 9.554431782604360102e-01
6.624570497700971172e-01 3.053036397923830858e+00 1.264325437773231586e-01 1.483363671630273384e+00
2.934618389028433860e+00 2.719267301117923807e+00 2.174623312099890793e+00 8.569724120030849934e-02
2.353035783971832107e+00 9.462603678545296049e-01 6.600692708966080513e-01 2.265419255678807531e+00
2.818401619541311742e+00 1.544504290501544252e+00 1.776702159358104050e+00 1.001936310822662879e+00
2.134679510237404987e+00 1.239374421796381576e+00 2.953081314591400108e+00 2.736102515540522973e+00
6.159128985172548365e-01 1.909489948826658123e+00 4.882733073794045531e-01 1.650668304858775359e+00
1.298860490997966854e+00 1.551316815716573094e+00 8.528002300383875633e-01 2.339424394166699894e+00
1.162776365227108644e-01 1.584307466114322160e+00 7.352258309828910154e-02 2.379788063498300854e+00
2.239135949768107092e-01 1.490015486744002082e+00 2.567184949683318340e+00 2.973834759007334960e-01
3.039214437407220082e+00 5.637033372120763275e-01 2.055859078941668638e+00 2.928003972132233290e+00
7.334369279537471531e-01 8.508518611465017978e-01 1.194435813864894724e+00 4.781987532878791136e-02
2.020054656032772122e+00 1.525528312868241532e+00 1.945504241912195731e+00 5.762988073876299522e-01
2.118332182999756785e+00 2.273317925774102299e+00 1.095343575375900436e+00 1.320978925683913507e+00
7.756218606986267083e-01 2.729311932431292220e+00 3.094902807247523313e+00 8.513396747322000968e-02
6.007949735904984795e-02 1.643012022812396333e+00 1.787871078132380109e+00 2.070917536737133968e+00
2.974003321496645480e+00 2.720987791773803011e+00 7.367667435048131930e-01 2.051381023232785594e+00
3.116094111687476076e+00 2.241179637614932219e+00 3.101925823825306239e+00 2.718234004642303137e-01
5.767029535452665723e-01 1.011259716125915142e-01 2.061823674744668100e+00 6.558054155559808196e-01
1.377883671165037294e+00 2.463903178049339893e+00 2.819976210634684843e+00 1.697060702634735962e+00
3.757498037770675217e-03 2.301586579005408417e+00 3.044728632448471028e+00 2.110409816133782090e+00
1.568925701556348473e+00 2.566727671839517111e+00 7.300580655988352374e-01 3.753219203676635973e-01
8.343368974088859469e-01 8.970282727809140155e-01 2.477916506181956913e-01 1.590065539352434998e+00
3.981861238839288220e-01 2.287651149649650328e+00 2.369426189095213964e+00 2.580524210287357345e+00
3.664215145031858301e-01 2.829290271857173078e+00 2.078509671968348016e+00 2.490943362984780585e+00
9.644709527495687329e-01 2.072987080226430301e+00 2.910138005988914145e+00 3.058442714171262455e+00
2.851400257008749328e+00 1.125854781348855749e+00 1.050118281560640687e+00 3.111475497651362776e+00
1.556742973317007728e+00 2.239053575620426617e+00 6.405618309660253695e-01 2.128203562324427478e-01
9.869530359380582762e-01 2.653442396985931317e+00 3.376388923877121206e-03 4.215552466463483583e-01
2.444822861481517617e-01 2.902932592833393777e+00 2.265978703180658638e+00 1.213311283278180885e-01
7.889678358256453361e-01 2.809307826369746852e+00 2.786089255921398777e+00 2.493874083778037321e+00
1.473411742367205790e-01 1.297967202511489226e+00 1.136317994979095136e+00 1.406214715362218870e+00
2.203267578824493977e+00 2.695251191123883672e+00 3.096011735537620879e+00 2.342487514219395717e+00
3.359906387863730859e-01 2.241960019207020149e+00 2.930394489731783736e+00 1.753855351770306603e+00
4.903871854064300040e-01 1.834627205979431075e+00 1.260067477653318724e+00 7.657295113669242426e-01
2.112543163165749416e+00 1.519910795815385018e+00 2.917197251669587210e+00 1.501927371546031509e+00
1.838990538242784467e+00 5.615531689085629941e-01 7.925832280934008711e-01 2.119890742111159909e+00
1.491263081223593634e+00 1.311295221293700131e+00 4.059032202860718974e-01 2.200359918289922501e+00
1.193390834426814179e-01 1.529217253389718589e+00 2.735960311587461113e+00 2.086543977409263395e-01
1.610605365511309950e+00 1.764417647366070874e+00 1.553460846464107981e+00 2.835276392127304756e+00
1.816089961086645888e+00 2.051624912783014398e+00 1.812158767872406706e+00 1.917654765317786003e+00
1.887301703888087934e+00 2.046474859198542884e+00 2.926113374796869948e+00 2.493929307887380986e+00
2.030265910875533653e+00 1.478743857650486326e+00 1.913474846884760383e-01 2.741379640282319841e+00
7.446347674874821410e-01 1.539650650226623396e+00 3.050243193172367029e+00 1.988486118317795981e+00
1.860035252286009966e+00 3.998637735870426702e-01 3.105966762214763754e+00 8.515919166770272719e-01
3.098534134937674711e+00 5.038075738347070898e-01 2.411123606177488110e+00 2.686728230414872076e+00
1.391542788117916762e+00 2.489898353441104106e+00 3.209405411512175066e-01 1.297154863640010536e+00
8.827844627321604909e-01 1.056753822077132643e+00 1.128748680959831052e+00 6.428478026194167638e-01
9.367157541955624112e-01 6.330472145445684706e-01 1.965008269666218554e+00 2.521930345617900748e+00
1.331316607802009999e-01 2.410521972151066006e+00 8.970736589400322147e-01 8.342892254441275357e-01
8.650195858285575357e-01 1.009878596817651353e+00 1.849165157331387865e+00 1.897614150541099942e+00
1.486125135009190856e+00 1.579637510770556252e+00 2.013614382981856465e+00 1.164981059877200797e+00
6.950538908765190316e-01 1.390273831702264928e+00 2.392795317357511387e+00 1.177132345076801423e+00
1.452133889621084695e+00 6.898171216269279038e-02 1.135551433628722712e-01 1.820957747507917279e+00
1.744247746613289296e+00 1.703810076883483848e+00 2.133363303003028566e-01 2.646699379615231607e+00
8.910243338942842872e-02 2.299409584178301102e+00 9.551922829521306557e-01 2.230437344790841436e+00
1.473065312788419234e+00 2.035784363858599733e+00 1.922517262942080363e+00 2.858451453941071585e-02
1.085183243652995788e+00 1.407001446610444351e+00 1.708087565587437018e+00 8.806453902117972188e-01
1.881895955543738952e-01 9.059189113183321318e-01 1.747859780763026283e+00 1.351339862230648059e+00
6.334778732412382762e-01 1.655166193055864543e+00 2.627506989799139880e+00 6.623202462105138855e-01
1.501370484352869905e+00 2.665559523889900362e+00 2.273987732591657540e+00 3.132166453625139901e+00
1.179541804057023802e+00 2.037573623312389337e+00 7.639823114938334436e-01 2.517395848512579359e+00
1.352259311652670881e+00 2.815446970602273891e-01 7.581826027965629100e-01 1.894371749443627406e+00
2.947440435193878550e+00 2.656341263473856351e+00 8.101730719899616351e-02 1.823242610147309817e+00
1.028271375623733164e+00 1.341422512687761248e+00 7.053599156329787290e-01 1.625853520841947120e+00
3.737881401120037306e-01 2.116770957240816209e+00 2.130995101214767207e+00 2.238973000595083196e+00
1.866348917462419932e+00 2.308249570122095751e+00 3.136942424625011050e+00 7.440610518051934408e-01
2.744713683976995000e+00 1.516638448483114132e-01 1.808006985703507485e+00 2.855654982373224904e+00
3.951017140273823669e-01 3.832238703027051052e-01 1.485339113310480297e+00 8.683696165465806249e-01
1.988268139198535511e+00 2.677317122914316894e+00 2.330260146012853806e+00 1.746457924582747623e+00
2.305799822577203617e+00 2.157586654922947655e+00 2.987815589842540920e+00 1.688187575816837205e+00
2.199763922101587887e+00 1.305363585438802654e-01 2.708445224457868283e-01 1.460180544331056929e+00
1.399242418947588940e+00 2.253358631732077288e+00 5.007757529860337037e-02 2.549818121731099563e+00
2.652289285904622762e+00 2.110814228957459182e+00 2.351876173155385441e+00 1.593070277432808490e+00
1.371878734481466910e+00 1.965382170739022216e+00 5.298432816722651317e-01 1.359628517191898034e+00
1.913232478291895466e+00 3.495837922710982593e-01 1.163394496385518062e+00 3.093994655008076133e+00
1.339593866338510686e-01 9.934786854431111314e-01 1.442033503016993956e+00 7.883638508104370279e-01
7.817558102883492843e-01 2.230804012990058816e+00 1.420473893571959190e+00 8.751004759819329681e-01
2.629231574572591601e+00 2.545214691003269358e+00 3.059357867062970193e+00 7.325592477876965436e-01
1.177476048906560102e+00 1.006663573649937859e+00 3.733858192711637103e-01 3.284915732522330489e-01
1.056804497269385967e+00 1.434101873043059638e-01 4.597712091921227762e-01 1.594937927910034858e+00
2.946995905318748665e+00 1.881699241040468706e+00 7.517017995832692145e-01 1.381579452649746242e+00
9.919948262732526389e-01 5.511148980875033576e-01 1.841871686382203777e+00 2.142110958531805665e+00
1.739268365425478580e+00 8.974353213295179765e-01 1.237563768629928562e+00 7.623346990855175420e-01
1.807539774611284011e+00 1.189436430444090753e+00 1.169140423269510176e+00 5.722610631876585696e-01
1.413881334198906048e+00 4.909680374815496573e-01 1.210409246767555791e+00 4.463553689750386910e-01
1.052896925658273336e-01 2.480025240939693010e+00 2.030775462625700634e+00 4.761667604005306864e-01
1.603783653230078432e+00 8.176818500101090681e-01 2.706168829807611420e+00 2.266062976805682361e+00
6.186615585904233772e-01 7.615965650138074583e-01 2.605468301149584054e+00 2.890447140873251719e+00
7.686064099563322261e-01 8.722084207119550348e-01 1.850790689043260162e+00 2.094259841753477680e+00
1.473263498158399631e+00 2.372604912799088250e+00 1.798368745517786804e+00 7.311169532323654741e-01
2.857118125796283881e+00 1.157196301593748533e+00 5.269162044539846268e-02 1.443383306675462663e+00
4.936029070098050808e-01 1.573034169141656946e+00 2.658583197662609976e+00 1.776262717910096711e+00
1.528569536229408055e+00 2.772761501566821440e+00 1.138451328792831729e+00 7.930784729808479927e-01
2.810520014675972345e+00 2.913406410215578113e+00 1.936635256058338195e+00 1.769602717296294259e+00
1.092148275892219855e+00 1.119635088646139254e+00 1.743547266192018996e-01 1.747833137680207427e+00
2.929280168323726841e+00 1.730550087924275449e+00 1.129354462660574487e+00 4.083095974995003263e-02
1.067732494799640053e+00 2.636181445464360174e+00 2.102246172348454678e+00 5.994975962129843738e-01
2.193078547672897116e+00 2.920013127001870323e+00 1.053078169742462267e+00 1.311592808539792321e+00
2.025585220416598720e+00 1.634279296072405296e+00 1.081424426155302571e-01 8.280972454983219766e-01
1.298972902231123827e+00 2.483679895512999281e+00 2.534493520855924054e+00 5.481536714122049458e-01
7.930151948141606066e-01 2.107995059899341772e+00 2.765533586522956000e+00 2.560283273245195890e+00
7.357268716706543144e-01 2.756707980457483220e+00 1.773966887373584989e+00 2.357960565835200306e+00
2.577460034650398413e+00 2.291002531791256569e+00 3.075399742316968776e+00 1.099719545588913272e+00
1.157649585835478057e+00 2.251362500887976736e+00 1.928241415867200659e-01 2.063412953088568980e+00
3.072298592439815845e+00 1.079369120117740444e+00 4.594600126151884290e-01 3.131289789237238885e+00
2.065495245425915005e+00 1.916180933042467949e+00 1.581800630253690887e+00 1.657335016930502336e+00
2.241541093047530797e+00 2.360663027002139758e-02 1.301350359881614294e+00 1.995904278662970821e+00
2.944694836206947830e+00 2.250891822934161901e+00 2.909931238125533337e+00 1.328140865253825575e+00
2.519321608298276782e+00 2.033652737908349550e+00 1.043692909991218887e+00 1.047856577101050179e+00
1.254580112414457993e+00 1.956101536655090678e+00 6.978693142026644036e-01 2.289591616962264986e+00
2.146452663011369832e+00 1.212793308537035708e+00 4.547205512892818491e-01 2.860102770545715156e+00
5.166243125353954246e-01 2.313073696169418506e-02 3.099596707518653904e+00 2.879319480812794207e+00
2.489595079902966912e+00 9.002376691642519635e-01 2.887299933006189923e-01 5.005855312185544248e-01
2.456266459993645679e+00 1.633900382832592646e+00 1.988055053237461234e+00 1.964125809321938920e+00
7.428127715119319310e-03 8.294739420814435660e-02 1.290613928411510125e+00 2.663395465624084579e+00
1.426163806114910844e-02 1.465941444976162744e+00 3.003567842146023459e+00 9.030166701492815529e-01
1.533758137657821319e+00 2.523093586335295235e+00 1.666737996982832648e+00 5.239579902746615003e-01
1.774879888902895608e+00 2.419750883614407488e+00 9.872946361894427980e-01 2.589114394222643778e+00
2.695132390459291649e+00 7.196259841563742432e-01 1.870684153760047597e+00 2.738849200341218371e+00
4.847456876545347404e-01 2.328359864705896509e+00 1.275131443313761270e+00 2.964557188015632949e+00
9.506670191313446039e-03 1.918472358285532531e+00 2.745121469427520555e+00 2.131640343660536008e+00
6.479010102870611520e-01 1.993229650232766881e+00 3.818290838137401028e-02 2.505536980301893202e+00
2.291875940312546600e+00 2.124922029554235647e-01 2.759575417556531907e+00 3.392732328061490721e-01
1.695267912022445200e+00 8.992555978378375947e-01 4.949238939017484018e-01 7.025906282014272863e-02
1.401465793090878709e+00 1.183615202433825064e-01 3.183438715479868231e-01 2.075366000260639165e-01
2.598697161986970094e+00 2.947005748729429886e+00 3.034659959244320859e+00 1.602407816761458881e-01
6.614318456832373183e-01 2.473926998798580357e+00 3.979154845824912079e-01 2.588250701962872213e+00
1.402362788685832529e+00 2.682846952354863035e+00 1.608992153626377819e+00 6.000547357704184570e-01
2.495857626803759999e+00 1.798527605554202102e+00 2.056558634527625884e+00 2.693865917115150665e+00
2.878607492854630134e+00 7.203872192552039921e-01 2.849759945906854774e+00 1.755816653092537427e+00
3.099515987903827874e+00 3.204634160116217600e-01 2.247428537544180482e+00 2.616135474954583540e+00
2.376639104828176752e+00 1.914458035597790542e-01 2.498507598953616515e-01 2.220963601098632001e+00
1.988850060872018544e+00 2.477489316512688333e+00 2.527017375310691261e+00 1.862369178520810742e+00
2.930963737831342009e+00 1.461562493205893487e+00 1.083519237835970817e+00 2.937827246965710959e+00
2.160226285819508707e+00 8.258019358965523748e-01 6.436578701745395703e-01 3.945853381566981066e-01
4.705242175861252263e-01 2.775807398880955290e+00 2.803767791914371088e+00 6.495006101423204115e-01
1.003998872407023457e+00 3.132378151567274394e+00 6.869727470046700368e-01 2.615867353759283365e+00
1.794765008238772719e+00 2.016356594847341199e+00 3.066156038748070856e+00 1.011972816070529912e+00
2.402462639373208031e+00 8.343138574424112663e-01 1.370826601585262816e+00 3.669801931150150631e-01
2.996711690085057445e+00 2.451026066559907512e+00 1.836701749951317186e+00 1.154423190761414197e+00
2.727698464702244419e+00 2.218937924968724662e+00 3.009769007639760297e+00 5.701360623824321960e-01
2.509998966780212282e+00 1.450652496820612758e-01 8.730569777898521400e-01 2.600385183658163513e+00
1.173790692594393281e+00 1.457564034254307694e+00 7.107886211922609387e-01 2.249345302599382368e+00
2.076053293839028147e+00 1.980568824854733512e+00 2.568355831842274117e+00 2.140203138675148775e+00
1.841360065294513904e-01 1.049229826262447762e+00 3.085168611886732304e+00 3.141087977425297328e+00
1.634952643834092223e+00 2.111656590232812714e-01 7.179728002061580572e-01 1.787630040568171541e+00
2.025810587113565209e+00 2.801670026245476119e+00 1.574852733379742409e+00 1.499707487504251757e+00
6.837619428895265195e-01 8.982617985641585534e-01 1.502965626993613357e+00 2.911210322486237345e+00
3.087382056861716517e+00 1.035560834513141737e+00 1.857719688834783334e+00 1.315658522830075450e+00
2.012691537430840505e+00 2.531441007722145198e+00 1.537568675949768204e+00 2.741471876262626672e+00
1.222855280173227532e+00 4.772605068692858943e-01 7.720596139330534458e-01 1.286731666974519239e+00
1.062257397756794175e+00 1.635545395968254434e+00 1.566077945604869570e-01 2.569324158538191849e+00
9.362320312577978587e-01 2.943333567570427967e+00 3.870898121975300255e-01 2.580108442530458124e+00
1.556152723140854954e+00 2.400452549427941840e+00 7.745975977614438790e-01 2.814939655179182765e-01
6.520304589069326751e-01 1.220882889592838083e-01 1.658508841684688928e+00 3.134035231229139740e+00
1.013513601672568987e+00 3.765562377690168661e-01 1.060769691455378583e+00 1.995598189810784184e+00
1.132866289394218073e+00 1.913362390124416335e+00 1.542585391737059775e+00 3.115484965979200993e+00
1.511402896300280352e+00 5.153759200575055432e-01 1.903050786847952480e+00 2.939378842636239053e+00
1.511834003161095730e+00 1.033699493706162764e+00 2.704999313669231409e+00 2.391125961496670893e+00
1.767932682238154252e+00 1.244634710931428412e+00 2.448413858649190367e+00 2.664660395913889701e+00
1.142650293182529309e+00 2.741939635979895318e+00 2.506985973255989819e+00 1.431036958031043138e+00
1.295350605836942171e+00 8.687035194805164950e-01 3.376296262669610804e-01 1.451428197539712084e+00
1.372789967389986598e+00 7.064676321098831702e-01 8.737290045385462944e-01 2.475671160061709397e+00
9.552524810979241554e-01 4.736206446858064467e-01 2.560406484927887583e+00 1.880435172805340116e+00
2.074300227686013187e+00 1.541145962025382898e+00 2.145717689180083099e+00 1.542685839330834474e+00
1.334167425233003801e+00 2.237883080528490609e+00 1.861983929465560905e+00 2.877152249700900111e+00
2.197871141353325619e+00 4.245518312160163066e-01 6.570148213386334257e-01 1.452549218294215128e-01
4.756484522819132144e-01 2.129110255570563215e+00 1.703964675494711312e+00 2.123115356312809343e+00
1.002495721172484755e+00 2.468971620823090074e+00 5.896777579692293880e-01 2.570453923175119559e+00
2.503009501234418455e+00 1.920572777041009704e+00 9.012098478166613580e-01 2.671081096121730614e+00
1.884829424368794415e+00 5.073718525671138124e-01 8.383701646804958552e-02 2.637364593812030034e+00
2.648398091538260779e+00 2.478777277162539594e+00 2.969940166378404189e+00 1.899102455112454457e+00
1.655249132396799494e+00 8.127795902111468740e-01 2.345176982276400146e+00 1.029234435472593967e+00
2.469908595777858124e-02 2.621807094317995190e+00 1.970634435575804755e+00 2.576594568663384432e+00
3.085708704338623320e+00 5.287496341946960055e-01 4.582729782628386928e-01 2.903119210675571438e+00
2.838208678040273547e+00 1.604901051543216495e+00 1.107242244580494361e+00 1.044358338296245581e+00
3.297478870080565172e-01 1.589127576024372379e+00 1.165415459404533886e-02 2.641970952268265282e+00
2.841287802527809880e+00 7.387632816542509806e-01 1.438224531331735723e-01 1.907018655492708659e+00
3.032602031445136515e+00 1.858584410800428355e+00 2.590298105815635132e+00 1.263461960755642544e+00
2.855806174187920821e+00 1.851875400983916009e+00 2.790308058860942353e+00 1.608568336731112991e+00
2.352962843650673985e+00 1.068718392676215823e+00 2.340448043521071053e+00 2.413340487858199435e+00
3.043268328607421580e+00 5.117161661550128499e-02 1.088346555403933547e+00 7.864304814251852349e-01
1.340910282429576827e-01 5.343080412195886364e-01 2.607737996497762722e+00 1.139021404688371542e+00
2.351271501629769833e+00 3.106227186252387806e+00 2.084710942782630916e+00 1.502667489485302266e+00
2.245335117394847035e+00 8.428225415609179594e-01 4.128355943992690347e-01 2.453708727506885179e+00
2.117431600956956039e+00 1.482763634297080024e+00 2.741672894365263957e+00 2.230565680009922946e+00
2.573302224580643838e+00 8.238675751863739904e-01 7.226908737163454388e-01 1.928298154217049643e+00
2.186070834249914441e+00 2.858167033564979587e+00 4.414675328374275537e-02 2.872796459912566380e+00
1.965888165056680181e+00 3.321924769290405255e-01 2.744584903971656331e+00 2.513596670971087299e+00
1.931481754664656325e+00 5.506264605217143782e-01 2.053561925432958457e+00 1.071532187278575465e+00
2.604731557338283654e+00 2.293218022553863200e+00 2.295843319772627567e+00 2.082654706346229734e+00
3.027665074641931575e+00 9.265980030590110772e-01 1.868557856170384390e+00 3.098063881078678694e+00
3.979805530435761018e-01 4.345605526631541315e-01 1.488561270485136090e+00 1.487164305327163927e+00
2.660627570104599826e+00 8.005863732224506313e-01 7.634897788846094491e-01 2.002069940797878811e+00
2.278795722619469277e+00 2.519421634721900727e+00 2.413676837854297652e+00 1.132981900650521956e+00
3.081015729962729210e+00 1.511772293545044832e+00 7.689355010805275503e-01 1.692332576498019936e+00
9.446563855393903530e-01 2.897531090494723793e-01 2.954572556182971432e+00 7.004915036442797005e-01
1.514013491366248632e+00 4.743654712537450080e-01 1.119754632904539804e+00 2.842658876827783843e+00
1.118617169440532466e+00 2.481513972808235824e-01 2.281356300764586287e+00 1.558767519089832465e+00
2.556513342425241309e+00 1.752983002050099381e+00 1.925304019820541224e-01 1.597589069822683783e+00
2.120168013981299282e+00 3.064409637496648298e+00 1.607168679338351946e+00 2.669120764443956073e+00
9.665862148370073514e-01 2.551355824431976949e+00 2.809887186490195532e+00 2.616571522052513643e+00
2.380516402954388155e+00 1.546852461693135172e+00 1.290756027511519743e+00 5.400424612353016407e-01
1.492618924713882134e+00 1.713179126538450392e+00 2.851058010829441436e+00 2.449569669395954996e+00
1.495043115661536248e+00 2.898541346242569539e+00 1.868059571980407396e+00 1.578623154752158975e+00
1.932519999936467281e+00 1.699554844734582293e+00 1.057061597310589240e+00 1.832597919888770743e+00
5.605365958677844818e-01 2.330071318035759731e+00 1.957560097377099906e+00 1.642846220903852794e+00
1.808550231255698915e+00 7.446537209008430303e-01 7.725779234705968390e-01 2.292111048653632910e+00
2.963861644668725592e+00 7.810757198107045607e-01 2.790005847173286035e+00 1.304163182710717406e+00
2.536765418317473930e+00 2.665138765182821334e+00 1.601251329698714754e+00 6.179610842910743251e-01
1.275371894483981805e+00 1.037341076608272017e+00 1.093134776090676219e+00 2.120040532465418348e+00
2.756021835809056242e+00 2.764815954853103719e+00 2.253132406789246645e+00 2.435767375146193459e+00
2.152022552105066655e+00 9.119054672095565639e-01 2.282578911363374985e+00 5.000351667162311609e-01
1.209832803997821227e+00 3.002045895923821650e+00 2.301229157764462574e+00 1.243119652192145708e+00
8.191885532984844939e-03 1.416313614012438826e+00 1.253928757676150862e+00 1.993533290075715447e+00
2.389546937690426809e+00 8.879429266128597842e-01 2.553225683517325262e+00 2.136375526993230523e+00
1.865016543808220240e+00 1.506509191717181340e+00 1.319639224474729311e-01 5.482003753059369044e-01
4.398346753654281960e-01 1.157494028612116255e+00 1.188084247515560854e+00 2.746959017572574435e+00
6.928973575221075709e-01 4.460960356963785678e-01 1.827631548170752129e+00 6.827179245802678098e-01
1.013274188362323525e+00 1.734696600747748230e+00 1.380162333534107333e-01 4.008439092722058672e-01
2.156303802765997979e+00 1.213063256297234105e+00 1.755075135923362284e+00 2.833030513217588808e+00
2.362182159813349003e+00 2.180634655980065340e+00 6.792765391737511926e-01 4.024315972091025984e-01
2.858298010735105699e+00 1.934671748074377362e+00 1.980147391256884326e+00 6.602177704540884706e-01
2.173176719709096094e+00 9.163188454407906747e-01 1.101112247423423174e+00 2.669577542484907084e+00
1.614296272283116673e+00 4.943479309432913804e-01 1.854438992154726851e+00 1.813298067704424810e+00
2.862534880559291395e+00 2.890301830914862702e+00 2.312003144883969963e+00 1.530105986670889706e+00
2.038496119881601398e+00 1.724833978573592219e-01 1.320118361058163048e+00 4.335702271200665980e-01
2.697154283204705294e+00 2.793265882229182928e+00 6.780321654726640945e-01 8.100665107302732482e-01
3.131173219473820879e+00 1.009334850224210989e+00 2.397399179407694536e+00 8.375432293755447066e-01
1.029764226956597639e+00 1.118962222986513044e+00 6.703813248636125710e-01 5.244022482287105102e-01
1.679375552082172263e+00 1.814660276305930964e+00 3.390024745135932216e-01 1.186142733858564169e+00
6.661985632712141836e-01 1.232039510451381714e+00 9.473572801865985937e-01 2.936167623212709632e+00
2.061512888592479609e+00 9.778850809121716892e-02 2.210404777717611235e+00 2.855508577055368757e+00
1.744205030684519375e+00 2.076858583839492844e+00 1.765682576353303501e+00 2.022455314479768784e+00
6.843504635815459425e-01 7.040341669463643370e-01 5.431149180557638401e-01 2.887598283432069923e+00
1.339235206653280219e+00 2.840208640672380880e-01 5.785726640080170874e-02 6.253037076306272590e-01
1.410069894139031943e+00 1.561114356391414715e+00 1.783066019269397229e+00 1.312038504880810030e-01
1.562944340149243772e+00 2.932869805743732350e+00 1.474331532355385832e+00 1.509785722847830358e-01
5.609308706974033276e-01 1.198148129190177213e+00 6.812379102658039365e-01 1.100380981267051972e+00
2.495046002320458367e+00 3.053302254166099683e+00 1.710429970624876450e+00 7.001430263974242063e-01
6.457572684146510866e-01 1.816542619199254860e+00 2.088223810854473061e+00 2.307307824559133191e+00
2.000898983273702747e+00 1.691048756501189188e-01 3.662303360455419488e-01 3.000137385867164053e+00
3.011777176558219971e+00 1.392726836859551787e+00 1.936205827757286224e+00 1.445037837750767329e+00
2.358634278660515449e+00 1.829716600819433880e+00 9.971864671538996916e-01 1.127670257741797410e+00
2.391351994666604863e+00 1.994114143267025963e+00 1.721321420146703751e+00 3.384752210000266381e-01
2.563743619133609375e+00 1.030630174494242324e+00 8.559337996444886520e-02 2.489077047672724058e-02
1.219758413601651714e+00 3.114078497762764020e+00 3.634552562201432413e-01 2.477849254088515973e+00
1.887982493498575831e+00 2.088891464457346192e+00 1.777093504317895700e+00 1.070784324219364869e+00
2.227987189589095973e-01 3.139191297093528732e+00 2.758523417053217131e+00 1.009291448089081333e+00
1.882618083298793543e+00 2.523458801538326135e+00 1.941211576202836353e+00 9.968500588083578640e-01
2.518003205817837209e+00 2.022194835976441230e+00 2.422802437652267660e+00 1.079508433223337782e+00
1.060884065570993240e+00 2.450458115806257275e+00 2.850979063168364469e+00 2.904791943675609556e+00
9.018853169876217546e-01 1.240856311719584631e-01 1.974793195896130671e+00 2.946015855789701376e+00
1.891189861274555239e+00 1.532879487941354035e-01 1.229971601274657766e+00 1.550984125043723072e+00
6.509254660117224089e-01 3.481351350666259115e-01 7.727686412557828177e-01 9.703632046935226074e-02
2.848386454515425270e-01 2.675418413622853375e+00 3.817044630857758802e-01 1.180485351116338455e+00
2.696969337958206481e+00 4.430114149338685858e-01 2.387530954472941946e+00 2.277597344993910866e+00
2.249663606170144270e+00 1.498962221345137014e+00 1.807143210592351279e+00 8.128314498118078824e-01
6.994393166763878122e-01 2.799735590382609551e+00 1.428985563029192773e+00 1.172509581624592734e+00
1.625235482574302059e+00 1.710702833529290423e+00 2.068621072926871474e+00 5.703237523897631833e-01
6.584904028787286201e-01 2.310224758363412789e+00 3.011331224995790201e+00 1.987282775554013226e+00
2.631124534504301060e+00 2.262410562560779326e+00 2.128688235513729321e+00 1.933249370458708150e+00
2.480115347718287122e+00 2.095916427743822918e+00 2.780866453799490379e-01 1.622171029653332486e+00
2.325034442029901560e-01 2.590929501873863838e+00 1.468519630206168936e+00 2.678514681876549286e+00
3.009707241258267718e+00 2.611359852924983738e+00 1.634488145993541641e+00 1.370292756755046026e+00
1.534467377137184396e+00 1.498080741564914220e+00 2.407133328906615244e+00 2.140176594626819195e+00
2.988815036442458606e+00 8.459743441265500652e-02 1.142340497669337651e+00 2.875306529051763871e+00
2.780339039600801865e+00 1.482507558076592957e+00 7.754864889440085118e-01 1.351975921578242978e+00
1.385554285834944332e+00 6.701573087162389364e-02 1.215533493390956510e+00 2.194818157486328192e-01
2.395329570917921203e+00 1.778043149123384792e+00 2.943983491244454020e-01 1.739670925063743434e+00
5.973219887651345372e-01 1.298850661110270144e+00 9.896036151536542480e-01 2.945590323876797090e+00
9.947932642342882659e-01 2.606085016298421930e+00 5.569569008385564235e-01 8.362351645393962807e-01
1.349268851577146711e+00 5.118223945666400265e-01 5.221408919074234101e-01 2.712505485118580140e+00
8.885840444022978790e-01 1.067576843285384491e+00 1.741190394281731946e+00 8.476653873402638650e-01
5.002230616363362303e-01 2.101569908156961208e+00 1.480651266341045103e-01 1.690960756709657398e+00
1.604856605701085126e+00 3.792753231554877869e-01 3.018539631111795352e+00 7.548344456325668528e-01
1.460595317620040801e+00 2.481486740729823115e+00 5.526677639954682419e-01 1.401693098005291738e+00
4.561298444028383803e-01 2.614694987925918035e+00 2.325800164542328741e+00 7.270272821217141912e-01
1.550635902464804761e-01 3.024178332763616694e+00 5.226086791675071952e-01 1.420204738759804686e+00
1.800999158592936078e-01 6.279935650140319181e-01 4.357254998647337452e-01 1.138107261783031454e+00
2.700411397343002395e+00 3.032000951993591431e-01 1.845353878968742256e+00 2.643353687820048314e+00
2.965266476081071634e+00 1.104165426744178946e+00 2.177456108348888808e+00 8.169478345616577875e-02
2.540655686780096900e+00 2.040327418930395265e+00 2.511469123952751570e+00 2.528983411127238234e+00
4.540173292125195270e-01 1.236653872374099628e+00 2.887805230109891763e+00 4.631066803057560799e-01
6.807248512204070456e-01 1.101583621695980231e+00 2.419576795352325504e+00 9.185861812497611023e-01
1.507848031306362024e+00 7.714823867848005223e-01 1.053494218156963091e+00 2.240813456030913642e+00
2.482346412908861488e+00 3.020124254616653126e+00 1.453220935610926468e+00 1.103937289409009814e+00
1.783890312511694720e+00 1.704189113562420088e+00 1.616408549745576018e+00 3.033466788897629662e+00
3.974141930770380138e-01 3.710811579448705100e-01 6.591814868824417140e-01 2.611421154739266726e+00
5.058145833172066341e-01 1.852336350115281416e+00 9.161175301329163023e-01 2.226742311057515744e-01
2.131521124161229963e+00 3.007366830257680146e+00 3.065322754607430422e+00 2.998711778103042125e+00
4.505929976678144655e-01 2.002039723070076604e+00 2.651640596057148080e+00 1.602138234122319760e-01
4.977180390838504831e-01 2.623604742946659130e+00 2.890081929731942001e+00 9.154300129870098779e-01
2.933120531332499059e+00 1.721498829608726577e+00 1.500074171791332844e+00 1.904728218418492158e+00
9.368405174655179690e-02 2.334315313231991595e+00 1.486574416021005929e+00 2.589259734679789204e+00
3.878033996200674349e-01 1.026930910146922615e+00 3.012186170294008036e+00 2.164998974660897468e-01
2.428425684243142424e+00 3.276945438130178800e-01 3.894441883236666180e-01 2.057058241347531347e+00
3.450912730055691324e-01 1.101611052807009772e+00 1.751896682697802410e+00 8.908070549081578138e-01
6.900540864862461099e-01 2.469988071137083629e+00 1.713342851287470880e+00 2.585809524699282047e+00
2.959250668363471171e+00 1.479509198483717425e+00 2.465259247414735011e+00 5.721763758224988061e-01
9.302684663607081461e-01 1.136713859809502125e+00 5.345924811784393826e-01 3.078817439600999517e+00
2.149750131231021211e+00 2.582181178029435475e+00 2.038825587965812147e+00 2.931629714792286290e+00
2.160068032953831985e+00 2.890286767810624102e+00 2.714857315931782367e-01 2.712810598146595531e+00
2.952771893044903617e+00 7.893515761971913181e-01 6.198795842390264488e-01 2.262629587368651052e+00
1.101126098493274030e+00 1.974820558712550467e+00 1.389353081141105450e+00 2.012262249954762439e+00
2.114055938552925173e+00 2.379040728674233218e+00 2.729430260770501770e-01 2.931434297310348658e+00
2.835077546535765602e+00 2.606262168656693134e+00 3.008529019763666934e+00 1.310550746263511090e+00
2.736127116286396266e+00 9.849926845327655611e-01 1.426027106292377056e+00 2.917898799948070998e+00
3.069525895614361399e+00 2.747283139075353819e+00 1.397951923535527996e+00 2.675442607351510294e+00
2.667015734962858264e+00 1.776088822778302490e+00 1.257334364306265329e+00 3.048073211592623899e+00
2.301853513291369779e-01 9.099026062805596338e-01 8.775538774502452677e-01 2.763423477252581417e+00
1.424175271156358225e+00 2.198321600582987312e+00 8.092330825703060171e-01 1.059368444634278150e+00
1.360767226689775011e+00 3.129525815195891791e+00 1.332900584548227574e+00 1.792122671007531975e+00
5.085996874574675308e-01 6.557327696012037466e-01 2.726607468472255769e-01 2.040455030280238446e+00
3.079202459000513592e+00 1.795036779779407121e+00 1.824971935421623392e+00 1.528888138775812200e+00
3.108265053919558429e+00 2.267580928478289515e+00 1.550043300281922776e-01 4.174939581984811743e-01
7.293965304358642765e-01 1.743587831614673289e-01 2.786530443387455591e+00 2.222381260528399682e+00
2.836241250425778126e+00 2.185154868801075345e+00 2.750454299143234582e+00 2.966413448840580003e+00
1.310103469235041951e+00 2.140844142074302958e+00 4.431761675312157478e-01 2.203300845937686159e+00
2.519004321995556017e-01 1.679236868585400444e+00 1.793446321309844826e+00 1.350894094239602383e+00
2.277130789286510915e+00 2.143211058346921050e+00 9.475221692258591899e-01 1.573536265763084252e+00
1.033649807267701615e+00 2.394517763195070259e+00 1.320347383283950071e+00 9.213804299622984084e-01
3.254707084498361103e-01 1.159917342560397246e+00 2.503621693869503950e+00 1.292276064348135023e+00
2.799337919858601254e+00 3.099757816674603816e+00 1.332851617931002597e+00 2.866867853482547801e+00
4.018683781014223411e-01 2.602616690184591963e+00 3.004500896055930070e+00 2.346759539834734731e+00
5.692392707675169028e-01 1.261368626659008285e+00 1.181434984616058781e+00 2.746030948233701086e+00
7.289524182634153915e-01 2.492832318737311148e+00 8.583890710831458826e-01 1.216621889005754520e+00
1.387202738981753392e+00 5.905293001174799494e-01 1.950636641756746226e+00 1.934513905503654430e+00
1.271482908360167974e+00 9.659463108369151785e-01 1.819392005094335074e+00 8.321030471497181669e-01
1.596060949738083545e+00 1.021637362729636678e+00 1.490043349051106469e+00 2.510739012382181556e+00
6.153738192256922312e-01 2.598617698656483288e+00 2.597605466878771363e+00 1.570911272835546768e+00
9.806562880098371737e-01 1.727724619325942401e-01 3.044001284660409201e+00 1.207952732924520323e+00
2.369610355116485323e+00 2.808566033030333919e+00 2.660553141113632503e+00 1.124916363952897624e+00
2.663238181017681505e+00 1.205474269585996794e+00 2.024492777565234380e+00 7.769347567931046417e-01
4.385008545170759886e-01 6.849527238419466091e-01 2.627016971369591669e+00 1.391763509506928065e+00
3.814907146586721809e-01 2.747448560412360852e+00 2.882688165855108675e+00 4.896382484444945504e-01
1.920162710456202015e+00 2.981678130101858670e+00 5.655247339586908506e-01 3.049327839430649778e+00
1.902020076347688438e+00 2.060080016022944882e+00 7.494827536274224489e-01 2.693247711291661961e+00
1.021283234223422820e+00 1.039140453649027851e+00 4.452550369136112351e-01 1.178727540855199596e+00
2.975397061923859887e+00 2.201614910294477312e+00 1.497764911938632482e+00 9.368733384886324123e-01
2.361497111046532371e+00 2.637968921175165793e+00 4.074434761077646572e-01 2.407431405237056232e+00
2.513756048685429345e+00 2.920408112031770198e+00 4.942987129467849017e-01 8.290834560835991240e-01
2.972074704029705750e+00 2.920625783433212330e+00 2.158784906390358582e+00 2.116858303693864851e+00
2.507720456598453218e+00 2.455868304464817964e+00 9.985777451178910746e-02 6.065698562343582179e-01
2.826132736364053155e+00 1.881311785072790732e+00 1.837016029704293674e+00 6.930865012320739371e-01
2.372513821434624859e+00 2.945735605613673869e+00 2.496925999296858656e+00 6.631712526427540055e-01
2.407269931734284718e+00 2.034302803449010266e+00 3.026483509941204630e+00 2.035515805548511192e+00
1.552290720162965876e+00 2.680513370283838182e+00 1.670063590776758478e+00 9.969361551281656630e-02
1.940716182167858683e+00 1.659181521552692606e+00 2.037789905824913372e+00 1.289045739310801908e+00
2.250472787541747621e+00 1.908221486759940522e+00 2.270711952097810737e+00 1.136448542897543712e+00
1.425894220683355362e+00 2.544839612194869982e+00 1.617433971086130740e+00 2.957070281626739128e+00
2.587393718827811107e+00 2.898822193582002438e+00 8.414146259819427209e-01 1.856748293561007790e+00
8.674424005632322965e-01 2.906382453605400151e+00 1.410873788529331430e+00 1.954797365409845167e+00
3.071518392507957440e+00 1.396110064225700054e+00 2.571567345929577808e+00 2.192796767360582599e+00
1.896428858440712073e+00 2.181716692536641578e-01 9.564009602915891639e-01 2.165770896121120004e-01
2.110816716908778368e+00 1.882153971635919021e+00 1.663724388410286803e+00 3.654709344707124385e-01
9.816045722941266760e-01 1.959349388154322913e+00 1.393980343620679907e+00 5.065587809606021397e-01
1.599247406276552708e+00 2.520792569595205812e+00 2.707860214218813955e+00 2.664558625586471052e+00
2.966272252301797696e+00 1.185410355634040291e+00 2.521507850920714014e-02 1.307383996801660064e+00
2.355175948722013413e+00 3.630219364882319999e-01 1.219333285572211517e-01 1.298768274167280690e-01
2.057173483916490131e+00 4.620987349209280115e-01 2.600092883297813184e+00 1.773414686477998048e+00
2.285120938923536738e+00 1.379933748547285344e+00 2.989573371891415920e+00 2.810937264777169542e+00
1.438978925315552271e+00 9.496540216816256041e-01 1.208791446884657450e+00 2.512536667940288293e+00
3.257046276067657731e-01 1.255857000143426161e+00 2.637101662379629730e+00 2.491323999051465066e+00
2.151318311198518796e+00 1.124404595714397770e+00 1.042260768543780802e+00 1.558998125677931945e+00
1.168877767350046115e+00 2.507708181976500139e+00 6.972023495348855793e-01 5.282325402770350342e-01
2.098653185418916323e+00 1.485325135375095806e+00 2.950370088188063011e+00 4.689645260592891773e-01
2.232264008588031867e+00 1.905340677574549613e+00 4.806155772933884407e-01 1.950436368891585115e+00
3.907334528653712280e-02 9.784841107337918231e-01 2.264001662166114759e+00 3.506647788210632832e-01
4.096352717815527344e-01 8.342121067210882535e-01 4.457633631639421057e-01 5.168409908700375421e-01
1.309571825173940496e-01 1.063125945838901076e+00 2.891619379985623794e+00 1.651727353125089559e+00
1.521708422665496441e+00 1.514477239496925254e+00 2.347598590600525004e+00 2.544021723472670971e+00
2.428320148949962398e+00 1.836044667821798093e+00 7.318291514203276726e-01 2.524497741607460100e+00
1.278801903821188191e+00 7.916785730294112478e-01 3.114347100149442493e+00 2.953427710845769827e+00
1.261981256608127433e+00 6.397585483905209314e-01 7.875117120961852013e-01 3.113174922493352703e+00
2.824616743123201434e+00 2.167137193482380653e+00 5.212515187385560744e-02 4.136526636107302202e-01
2.574881773446941580e+00 2.641725749433322168e+00 1.566775921420145323e+00 2.910202058809324921e+00
4.161057320742099219e-01 1.517819423574613635e+00 4.009972216139893186e-01 3.030108271364623906e+00
2.735652112230836597e+00 1.133730296293999018e+00 3.129726055351095049e+00 2.998160592589504514e+00
1.097148484432610926e+00 1.624017727588938698e+00 1.820398883378478105e+00 1.458286142089629145e+00
2.206716423990066733e+00 5.090716483247096358e-01 8.612860917140429118e-01 1.314425470452670330e+00
1.646031748477706724e+00 2.167727110320760708e+00 2.211335515950301200e+00 2.246017308518429623e+00
3.049192643297259142e+00 1.667232415088762520e+00 7.309778701540052825e-01 5.264930523242160598e-01
3.720672494414116183e-01 2.742363317648879750e+00 1.008188604990630566e+00 1.262406479549931237e-01
2.692488552495059917e+00 2.361106863424618396e+00 1.562197843742917591e+00 3.103843599503452566e+00
2.175443682961573533e+00 3.007767307486362895e+00 2.261310173335514317e+00 1.778426346083745724e+00
2.054637399031828071e+00 2.726111219665366292e+00 1.461139445558885752e+00 1.011837388213065347e+00
1.126377543062400122e+00 5.704017199586753906e-01 3.620410491700742917e-01 1.312560811486610080e+00
1.329196907696593932e+00 4.882844725733643254e-01 1.090227168062388730e-01 1.098433588580994602e+00
2.083932373650667191e+00 2.010566367859768722e+00 2.388830910289076570e+00 2.258205262569694116e-01
3.014978985541684198e-01 1.567389087788317648e+00 2.294563536657240110e+00 5.348069439649353329e-01
2.839263327919037128e+00 2.346134625555757136e+00 1.605805830132052581e+00 1.713997806797005197e+00
1.278632391454408879e+00 1.801738270517040386e+00 2.134608916811208790e+00 1.471862382239966793e+00
2.029594743532133538e+00 2.994137056263617147e-01 3.387955557563985254e-01 1.146586578811317203e+00
2.269708428641383335e+00 9.342917008348976537e-01 1.003553258859553265e+00 2.519106763536372195e+00
2.375184262402407487e-01 1.885047487748516382e+00 9.142792926943115184e-01 9.418447669726955906e-01
1.102543441014118164e+00 1.824613555559316369e+00 9.298747305717498524e-01 2.289374526463153092e+00
9.272683173855891248e-01 2.424696986073628935e+00 2.624190222316125531e+00 2.970657305046062291e+00
2.715289550706912802e+00 2.210118258727468810e+00 2.977018054250647250e+00 2.819937845268378762e+00
1.098009184284260531e+00 1.016695078422976684e+00 6.082089965753696426e-01 2.722493107603073947e-01
7.350058056745333301e-01 4.686489135184429000e-01 9.569720682497031561e-01 2.277600529382042716e+00
5.629957329891035478e-01 1.359650459301632752e+00 9.417019130508539337e-01 2.513663686749525006e+00
2.158791058755254455e-01 3.108946691721631517e+00 4.665922808231851016e-01 2.466402381459328996e+00
1.238943829120621842e+00 1.655036495466283730e+00 6.040685664685038203e-01 3.814867051553171295e-01
1.414838364510536239e+00 2.498954418902231966e-01 1.284805364711513409e+00 1.949936671916883357e+00
8.123343290567831554e-01 2.319093456305138634e+00 4.748971804433820276e-01 1.691323926636913333e+00
2.186739169066341137e+00 1.077676021557140595e+00 2.054623736725945005e+00 1.545295355567836593e+00
1.595932126873215173e+00 1.311647622608742569e+00 1.063516512209696119e+00 2.826669264593769437e+00
8.544542072102013774e-01 1.166747386881932691e+00 1.982797617609955765e+00 1.283486511024173105e+00
1.207521245892357209e+00 1.668409451404266608e-01 3.107288565873645325e+00 1.292962244960661256e+00
3.292980536005754577e-01 2.161329339509475478e+00 1.400788869490711130e+00 2.820728973831048592e+00
3.064524193957156140e+00 2.245095835548771124e+00 2.482515716060605282e+00 1.188391020085100225e+00
9.727911122442151060e-01 4.340739732281809760e-01 2.178790774034518485e+00 1.761717852170737064e+00
2.577201473807636312e+00 1.509125641082626756e-01 8.295431308366248979e-01 2.897005821995507713e+00
1.325235822146742848e+00 2.025256607840849044e-01 1.966305844540080505e+00 3.180835177599176111e-01
5.065075964915805029e-01 2.757941647468926671e+00 1.403536224303600019e-02 7.852122070265181719e-01
1.582628356089107680e+00 5.331937705220599066e-03 1.427661130751817886e+00 2.355807317840010739e+00
3.454579495139194489e-01 1.595993699434187008e+00 1.256853444518626128e+00 2.978092241482511948e+00
3.120058413004769271e+00 2.542084899396364506e+00 2.529229763781278617e+00 6.522879731243321766e-01
2.998177981707498274e-01 1.675465962207112414e+00 9.534001274277278393e-01 8.396070800490397223e-01
7.318780790704498829e-01 2.667163993394817023e+00 2.271703050121368417e+00 1.278734600698626878e+00
3.125143564662501205e+00 2.157676135351668467e+00 1.365161301507722857e+00 2.419037849796077833e+00
7.559608782816241990e-02 1.927451881155618718e+00 1.058558781141307970e+00 2.317078802438896190e+00
1.020780730634645694e+00 1.567755601342120553e+00 1.489275726126337851e+00 7.600348616289605008e-01
1.855455368346095035e+00 2.555099863568836671e+00 1.889946484986212427e+00 2.467731338508265537e+00
2.442221302203075872e+00 1.434798280936139481e+00 4.791563365584061707e-01 1.552396639974187753e+00
1.556355378304877135e+00 1.155123784058727843e+00 2.250350721103587526e-01 3.122232480945975386e+00
2.494017956288556270e+00 1.571414596168057010e+00 1.241932639823208007e+00 2.578128906840956969e+00
2.937266535345091523e+00 4.238005817391963803e-01 5.249310268994119566e-01 4.912811256944573518e-02
2.747446163513449946e+00 6.212574584824462898e-01 1.821090951007694025e+00 1.112305985991615342e+00
3.102375555689206976e+00 2.313499626015579569e+00 2.933723684530463727e-01 2.018057724993941981e+00
2.009671147311811179e+00 1.130701186702088856e+00 2.742589440375186705e+00 2.766685894591219164e+00
2.174669014468085138e+00 2.877183253407651353e+00 2.016150037856986099e+00 1.515564155351979858e+00
1.247193423936530099e+00 1.225676113556629643e+00 2.691696475485510831e+00 1.466564838286537498e+00
2.765793275983004396e+00 1.190202895668441618e+00 1.263487353203720076e+00 4.170500365126240672e-01
2.030152705840802430e+00 2.020314770548567562e+00 7.146878783253141076e-01 1.375412112314243762e+00
2.785593622296214544e+00 7.548406551945794352e-01 2.530139098107147433e+00 3.034953330497412782e+00
3.031449893140641283e+00 3.957211567636399474e-01 2.128806490036652566e+00 2.779053198584648388e-01
2.389403590033715385e+00 1.691125368066755064e+00 5.563443671446494099e-01 2.228736965075135412e+00
2.192168367785372940e+00 3.594369569235588702e-01 7.142934543764293265e-01 2.485486564656686159e+00
7.360157296964670026e-01 2.962185780787210732e+00 2.372912721583733564e+00 2.013312626746210032e+00
2.933320610902323100e+00 6.667813714268481240e-01 2.696179605958143544e+00 2.489330520019735093e+00
1.827214377475423257e+00 2.897461774008857738e+00 1.390160238008897764e+00 2.037491989155643335e+00
1.327528104011833854e+00 1.339385193326067425e+00 2.981272747002936985e+00 2.035685627562630273e+00
7.356884287931707567e-01 1.725361439733958724e+00 7.160002718003063427e-01 2.394052739212365832e+00
2.550343264586984571e+00 2.167434710539049902e+00 6.372644622433285000e-02 1.450787558624471840e+00
6.768157636776814812e-01 1.330383028963815439e+00 2.251763139431556926e+00 1.627153456322606218e+00
1.908428609283119748e+00 2.836850745348857838e+00 1.919830486108202283e+00 3.023646768396252238e+00
2.466663976197501551e+00 2.262170772723147927e+00 3.033802953814539460e+00 1.622664273100117516e+00
1.368924554953555583e+00 2.336561349533628817e+00 4.139179862491543793e-01 1.388437266835713446e+00
1.283908874713671988e+00 2.621008488077785081e+00 1.529594617322192818e+00 2.945958064302754309e+00
6.620286627519037514e-01 9.190072742279949969e-01 1.268232392898990923e+00 1.192921006325374567e+00
2.790966421641869033e+00 1.912969204253492927e+00 2.346135071228072910e-01 1.619478215613694150e-01
2.250774179797959462e+00 2.726074698101388805e+00 1.223547268106730534e+00 1.747981258581751574e+00
1.056810251422428903e+00 2.939509286689681034e+00 2.094954100443590650e-01 1.426808350383796276e+00
2.227353290895144333e+00 1.599299225612522468e+00 2.441670727808209485e+00 1.337597823352070003e+00
2.556381348355630134e+00 5.416968723976095523e-01 1.542046294300121190e+00 1.671834266083495724e+00
2.675329169754498526e+00 6.226690290454666571e-02 8.528152383797519276e-01 7.757955436241692482e-01
7.935695382417593535e-01 9.181009451227064577e-01 1.038989468844455422e+00 2.336037527937665725e+00
1.358729326002626525e+00 5.126093773928949160e-01 2.019535452064747383e-01 2.124873460832697791e+00
2.982384825829565766e+00 1.341739475825628247e+00 2.025749035273798793e+00 2.491652509596152143e+00
2.708125646593180669e+00 2.824744888689599609e+00 2.850980953071103219e+00 2.734365145317418033e+00
2.656673927282011238e+00 1.959821409196057962e+00 6.453369483754247682e-01 2.695260670018590154e+00
1.796449949033001037e-01 1.098456790670146344e+00 1.612960093323349442e+00 1.515936497242090342e+00
1.488090713738818627e+00 9.714572616894375789e-01 2.222156875605524551e+00 2.673285299366301881e+00
1.896416196506201246e-01 8.376806048615706990e-01 1.381572406839073786e+00 2.990364799593539402e+00
6.061733027989341105e-01 1.122670691050677405e+00 7.520310824748031031e-01 1.769509286593502040e+00
2.409164164924005314e-01 1.763533656534772787e+00 4.712107545735925301e-02 1.523937095005244158e-01
8.223370398603452314e-01 1.127201420357959449e+00 2.024604332859686995e+00 2.691508507585944177e+00
2.344845391608840313e+00 2.286803658234345671e-01 1.792205927334280524e-01 6.889110730708308816e-01
1.016925968745962860e+00 1.657526480944751412e+00 1.367046843580752125e+00 1.740960981929165208e-01
7.090160033516594851e-01 5.695086540418304866e-01 8.936137881618810841e-01 2.315674336355321827e+00
6.886569536071497633e-02 1.219156726056216250e-01 3.012636082912917068e+00 1.811718263143358598e+00
2.864299954343995314e+00 2.922151047769121046e+00 9.922194693734872617e-01 7.965525606943196779e-01
1.206534921066223287e+00 3.133312644775527178e-01 1.812637055592528634e-01 3.140833757827181660e+00
2.348624287958684942e+00 1.267054762879229746e-01 1.153726342493105017e+00 2.163364542031642301e+00
3.308020672621055924e-01 2.154648273778977163e+00 2.269531932537357743e+00 2.678352607196482493e-01
1.627782638894940570e+00 3.054209745760475325e+00 1.744093277253847329e+00 1.492987874260134129e+00
1.693078738281168949e+00 2.841024142612758041e+00 2.067665553932161338e+00 1.891543721999759953e+00
2.932028942373326785e+00 2.411115305689311317e+00 1.050738012368044760e+00 1.994097504807657462e+00
1.307080149999626739e+00 8.839653912585317963e-01 1.677493928805351864e+00 2.590072328270879964e+00
2.338726751660336056e+00 6.296708836175785029e-01 6.800097771814078706e-01 2.182162109480918044e+00
2.932696918073928849e+00 1.275036533871101607e+00 5.684029793641297568e-01 3.043148469991835636e+00
1.437372089498269334e+00 3.699542517861178492e-01 1.383077370076627011e+00 2.432656146409612141e+00
9.126023603060582357e-01 1.981382779117526249e+00 4.581981235234432459e-01 1.096050618909327534e+00
1.973044949613349308e+00 9.647297268118227853e-01 5.704118981316253639e-02 2.453482439102057544e+00
1.768477390160329232e+00 2.712021518868885650e+00 8.307239381333025863e-01 3.747510755496786250e-01
8.556028434540462885e-03 2.549481899734024726e+00 1.162046113450341034e+00 2.932642724172067172e+00
1.960152546899200265e+00 3.250601897120251882e-02 6.438600111060974740e-01 2.024514589644620610e+00
1.699960193696995914e+00 3.789923883991527243e-01 1.812360589230114019e-02 5.798649256993561041e-01
2.755918786909250073e+00 7.422918693961383374e-01 2.236460878386341111e+00 1.725561163402521192e+00
2.897647935989950407e-01 5.454415772997774914e-01 2.262445059669615954e+00 2.702360474102261989e+00
1.672508315442221560e-01 5.753615610263903557e-01 5.195633383848968778e-01 1.229609575419927658e+00
5.005237519365348525e-03 1.639117589355825744e-01 2.629848521407614825e+00 2.755311671027343756e+00
2.849102661691093274e+00 9.066750067915182454e-01 2.159073938030235951e+00 1.360483516143398131e+00
1.903667761058596808e+00 6.574049534028605368e-01 4.241801008437123821e-01 7.055018259470638986e-01
1.153584417436887222e+00 2.344480568878457127e+00 3.001641101956165514e+00 1.670445607332197158e+00
2.566221059164244256e+00 1.191070876449173532e+00 1.975991280980934794e+00 2.090510887718224353e+00
1.046549313530033665e+00 3.033994939003111124e+00 2.370780204499565169e+00 8.895318320390590561e-01
2.521238354530146442e+00 2.089012208261839643e+00 9.805305634862701014e-01 3.081266262753789675e+00
1.276652062876776350e+00 1.697919359655945204e+00 2.664851550150119652e-01 5.762542354476292150e-01
9.742801645557320755e-01 2.814005791988329008e+00 4.819293790239274067e-01 2.665773682439182224e+00
1.264210082385542888e+00 8.133709575815559756e-01 9.279547480071240750e-01 5.418463750482521712e-01
6.178907980115253551e-01 8.112674436059655880e-01 2.030612845298889191e+00 2.836326177896381751e+00
5.055456342249432522e-01 2.937617334120870893e+00 9.440918543036224131e-01 2.458794039174915014e+00
1.046848337439106658e+00 2.280694753730225788e+00 8.405131524368952833e-01 2.570048579117374388e+00
1.609923825067264058e+00 4.833402760473662352e-02 1.126729145061719228e-01 3.252509313835311860e-02
5.208935483270681344e-01 2.666291319790379699e+00 9.495112724146085315e-01 2.523815247805277107e+00
4.423842378800023623e-01 1.681161706939567457e+00 9.527001629132255678e-01 9.226819028913781917e-01
2.904847853531030033e+00 2.514624208873290190e+00 1.655088391946449855e+00 2.171299992853828353e+00
4.629034424594108965e-01 2.240399344010059135e+00 2.624834943316514568e+00 2.921525039896546883e+00
2.800866031759241981e+00 2.600974387216164682e-02 1.113064432271608784e+00 4.820505928930130524e-01
1.759950998437471270e+00 1.797950162266131358e+00 2.357291885895784311e+00 1.376896306690425842e+00
1.316263570597562271e+00 7.703754529839523801e-01 2.186656244523702775e+00 5.334873314085595286e-01
2.126023326345012787e+00 6.918423456191490351e-01 2.164306114274491932e+00 2.069933396617646082e+00
2.399255292438712051e+00 1.697974924892946991e+00 2.403883379510692198e+00 2.529288975350068580e-01
8.747200619942957500e-01 1.563225805602421969e+00 2.135804758245273494e+00 2.636481982808790203e+00
5.955623597321779011e-03 7.407761193321933391e-01 1.417695454100854846e+00 2.439321434801386079e+00
3.050785288270210671e+00 1.310592629252500807e-01 4.786728196707586841e-02 1.182884359806131380e+00
1.477305504385064916e+00 2.256411694436775139e+00 2.024476598225887436e+00 3.475192405527635642e-01
3.335810542872076345e-01 2.106061874289987923e+00 2.674855246393602393e+00 1.401642433054083758e+00
2.296528654923170709e+00 1.756266440312612476e+00 2.913912124805094761e-01 1.413831407189162670e+00
1.144718436177533771e+00 1.812181087796470136e+00 2.225418329970679565e+00 6.128507336128911076e-01
7.099525830098951662e-01 6.912226737943188981e-01 6.952056692118860903e-01 1.367719836566034575e+00
2.467588906287901285e+00 2.143806240144190856e+00 2.482747121266896340e+00 6.867212251549450475e-01
7.633364032580682856e-01 2.057326187575056586e+00 2.460737978052721431e+00 8.843966881389464518e-01
2.243361424237289015e-01 5.606412025349830630e-01 1.860256665431852197e+00 6.319941387098854113e-02
1.931237142498752002e+00 5.087562952266418970e-01 2.488511052643082255e+00 2.826675079790735179e+00
2.936088088064694901e+00 3.106451477533429539e+00 2.960655724899623475e+00 2.241530053207986928e+00
1.459935360321016062e-01 3.167934286579247583e-01 2.826955473707228439e+00 7.549671747805725142e-02
2.184072184777712700e+00 1.039748757243192046e+00 2.610608950634711878e+00 1.560898062984562129e+00
8.952824220005529687e-01 2.231904109424807992e+00 2.666101920873556796e+00 2.099155131318721779e+00
6.247462129652336937e-01 2.486474962452525528e+00 2.333339915236134043e+00 2.115869440480803831e+00
1.702868613329515224e+00 1.845617787887396943e-01 2.968365963283735365e+00 1.244374429758543066e+00
1.126520752389519542e+00 3.037162677628386653e+00 1.053128792813876197e-01 1.192622585435960891e+00
9.519081574503309717e-01 2.425292440633906033e+00 2.911122166413819379e+00 2.353999874102565393e+00
1.924487236177820693e+00 1.220399271445135936e+00 2.886344777097593184e+00 5.207104509672021431e-01
9.351244420693578530e-01 2.664562857750107372e-01 6.586837516728039077e-02 2.336315545894001477e+00
2.186113425052626180e+00 2.986326356123290005e+00 1.551944406146446021e+00 8.136482335813866040e-01
2.915650013558964915e+00 3.690175482089163017e-01 9.010849415883108726e-01 2.643616882742763519e+00
3.300120710697836968e-01 7.265659425467917432e-01 6.847461973928523626e-01 2.778874335099851045e+00
3.739960391393871153e-01 1.006429466959223751e+00 2.661412879198291837e+00 1.645335765172738718e+00
1.784314850946127962e+00 2.223035030684173685e-01 2.393196868237661867e+00 2.280549967605857153e-01
5.417435783050131848e-01 1.249603180808795261e-01 3.046065830423031695e+00 8.592042600415458198e-01
2.221344136426138594e+00 3.100081229446446596e+00 5.955214906555404974e-01 2.464330209358489565e+00
2.559680218042688971e+00 1.458519920386581514e+00 2.013846281209499711e+00 2.055342524702778451e-01
1.633911066407408574e+00 2.137909638129218415e+00 1.228751990912869907e+00 2.147321735095919060e+00
1.535579759997864446e+00 2.181146009713384792e+00 2.742558392847567639e+00 8.483467245670157642e-01
2.244454192400515247e+00 3.139262652556176203e+00 1.652174284714172381e-02 2.104573515969949127e-01
2.347263045439109685e+00 2.775664350122765356e+00 4.707267076854584897e-02 2.313673210627825938e+00
6.093402239026531886e-01 1.561385285951170765e+00 8.408040828554727009e-01 2.750203663702492918e+00
1.458325491831327980e+00 1.930455098891310284e+00 9.956403007902984159e-01 2.368781920474468450e+00
2.057953788276705165e+00 1.337691830841599039e+00 1.841589388374737846e+00 1.346921959115402245e+00
1.054698560519194972e+00 8.462918774903217534e-01 3.035717204676441572e+00 8.697370096744557744e-01
1.188718812546081693e+00 3.652758619006782892e-01 1.600764331155719811e+00 3.108813424153716642e+00
1.175764203857355028e+00 1.085595266890456490e+00 2.578643252589038593e+00 1.742881055895249443e+00
1.312046870160824330e+00 2.446048175724423679e+00 6.964453015078320153e-01 1.589378129979606591e+00
1.377277905613600639e+00 2.677409213368294516e+00 2.336745057859917207e-01 1.701305670905785439e+00
4.505266690168143739e-01 1.441304745148793254e+00 1.156474304322280933e+00 2.956966702921759005e+00
2.734919271240810801e+00 1.647386868722281461e+00 2.314312592789826983e-01 2.573211700037242533e+00
1.542127397968847013e+00 1.270814048662367135e+00 1.599733207433074789e+00 2.492063979267387541e+00
1.106771275096026796e+00 1.023228195671550544e+00 2.562073090084152405e+00 3.088319543793136113e+00
2.006937020479071174e-02 1.178336465111838427e+00 2.414325385747128738e+00 2.886064845038058380e+00
1.150240918921435318e+00 2.687613585015006024e+00 5.961183441428169472e-01 2.991869802031731584e+00
6.760250707266939330e-01 2.693524576113783264e-01 3.189298856212159361e-01 7.691773501041474503e-01
2.117348326237386003e-01 1.643190951037956982e+00 2.268431092702422713e+00 8.342192233899399512e-02
1.524663219509033052e+00 1.871399765217619526e+00 2.519062154081017635e+00 1.648130388106717747e+00
4.573906304676437218e-01 3.595915320036655732e-02 1.132504274211994622e+00 2.502505846569987646e+00
2.769478537033671639e+00 2.064771376354251675e+00 8.151004434453251735e-01 2.055516449589109840e+00
2.637468732538906124e+00 2.670783549690038505e+00 2.149958534767645535e+00 1.648197379274099372e+00
2.976894044478940238e+00 3.999532097032924005e-01 1.425786258084700719e+00 2.506941129169788507e+00
1.638979635436449867e+00 3.100567739006891088e+00 1.573332415513798432e-01 1.264313160798796298e+00
1.484350706171729817e+00 2.148029370943987271e+00 6.828200685002929760e-01 1.661902659392792136e+00
2.559785416948959558e+00 2.105627874246960740e+00 2.890824379114897980e+00 2.125793527968623753e+00
1.436328788450165206e-01 2.247864135816801667e+00 2.896384908137649372e+00 3.102567297718180406e+00
2.934997960907707260e+00 2.358273345337096316e+00 1.030985288377410658e+00 6.886290801692652730e-01
1.940925076833670992e+00 5.888685754165663422e-01 3.015719766002876501e+00 3.113813901286368591e+00
1.758487850574989020e+00 1.257622793490368762e+00 2.701857530780360506e+00 2.543815709506608957e+00
3.031554748405200339e+00 4.987938551969906542e-01 1.337046965784257635e+00 3.746932443866421436e-01
1.293169579875074859e+00 2.595074707500588107e-01 2.548745107180510505e+00 2.688689843597779738e+00
2.332745357535872088e+00 2.589665692608149050e-01 1.425695840590407215e+00 2.519596141339948581e+00
2.648006586307939947e-01 2.090481511889378474e+00 5.911134839537611763e-01 6.343465290653721445e-01
1.944754748743893424e+00 2.704673867628289763e+00 1.565110796243496472e+00 2.560704647888305541e+00
2.803925083362522219e+00 1.750246781350411229e+00 1.825734147283133879e+00 1.500345097491467161e+00
3.517344945098975495e-02 2.350881912526419093e+00 2.648738320208190000e+00 1.074786312993625037e+00
5.116047598764270621e-01 1.435824399268886831e+00 1.667552257900326573e+00 2.758661767126303399e+00
1.202905574011850637e-01 2.075552403624286946e+00 2.482988483665579116e-01 1.171197960402758476e+00
1.536969908102716886e-01 2.404711389047671788e-01 2.382267573462923060e+00 4.659012595892874087e-01
6.154191090720677604e-01 2.115297175061126911e+00 9.925540580904388399e-01 9.964235807690579039e-01
1.753894661837043234e+00 2.171604116298803122e-01 2.748503460989244473e+00 2.880387072716128483e+00
2.785783191290527316e+00 1.579329112721865380e+00 6.517715559047562168e-01 3.480932182622435422e-01
1.390419604132536069e+00 7.014860590418597885e-01 5.389440529663934720e-01 8.067284650867316553e-02
1.630133671678640317e+00 2.216919733684376670e+00 1.845183009294363963e+00 2.944251774549933920e+00
8.073643091674503891e-01 2.727855555593220460e-01 5.915632029067927622e-01 2.988792218940229173e+00
1.411220450649981251e+00 1.492139275511708219e+00 1.863802367503994084e+00 2.797857517534173777e+00
2.855123445249916347e+00 1.278278339273067887e+00 1.607619973195766327e+00 1.182447271629024854e+00
1.065492704343357744e+00 2.186787197362526580e+00 2.895954422830988584e-01 7.804512498029960721e-01
1.387945545046258777e+00 1.451170340877962150e+00 3.035194702086841279e+00 2.329900912683479763e+00
6.297096562550551502e-01 2.405727099704123573e-01 3.949224814322636057e-01 8.666431683626929505e-01
2.742263146859215350e+00 2.726598302322106870e-01 5.088775723646932203e-01 1.432744639591936098e+00
5.727771384197513083e-01 1.265463284580786496e+00 2.644903699375590111e+00 5.275129804974988401e-01
2.264672646618322016e+00 5.400185474055963636e-02 1.687154351582964840e-01 1.061985211037720589e+00
1.210678418414277813e+00 1.915369452553745910e+00 1.415551220815120415e+00 4.773057286117594611e-01
1.183842363517543031e-02 1.962767127875190143e+00 7.600405665325699056e-01 2.211924861778621132e+00
2.771135405348604586e+00 9.950612337246065309e-01 1.099332096664137781e+00 2.352262175403018407e+00
1.227846012255581876e+00 2.938686110381061312e+00 2.009196702989272776e+00 2.530512149122159826e+00
2.545864511350881987e+00 1.422625762793876092e+00 1.037256922902211720e+00 4.105089743730545859e-02
2.292942832022921262e+00 2.519236339313430051e+00 8.459846441172252929e-01 2.329530440658851287e+00
1.160445506628147827e+00 3.000705460576155392e+00 3.101040527305532368e+00 2.145992602869719157e+00
2.038234037972816104e+00 1.127156473890000843e+00 2.435348128469430939e+00 8.583866415560165164e-02
4.301509370789335929e-01 2.868821799955681762e+00 1.023792627586256110e+00 1.072997369412307611e+00
1.078030823085240231e+00 3.118685928098428928e+00 2.571943266061646582e+00 1.015403600556954222e+00
1.354903340921163490e+00 1.179035709873003546e+00 6.832714092023711716e-02 1.783366900795744447e+00
6.054277545220024814e-01 2.728352048636020766e-02 2.788909828868432195e-01 1.438360938730116834e+00
2.844877084014441948e+00 2.443044346574979320e-01 2.159576260923452562e+00 8.382502606673244427e-01
2.247833894988775061e+00 2.934190509587843554e+00 2.118253641016897060e+00 4.182687247609224723e-01
1.538258424098468247e+00 1.878973423201862003e+00 8.103087335122280965e-01 1.327485066994869678e+00
2.148056779939599092e+00 2.105693618713072812e+00 8.536388836194580554e-01 3.094945716769172961e+00
6.913985956388501997e-01 2.831346856502404030e+00 7.227009912600312891e-01 3.616647864755131447e-01
5.912914205448233096e-01 2.372388426447169518e+00 1.278604428338303345e+00 1.854493682221348916e+00
2.284420158212691732e+00 3.006054116310702407e-01 2.288609149240587559e+00 2.647435810916626941e+00
2.755902443921532274e+00 2.240738481805943483e+00 1.130246778248512163e+00 2.916413743425350980e+00
1.468676094015562761e+00 1.540534022465620989e+00 9.137243765093548964e-01 1.618512410237540111e+00
1.494925945210478835e+00 8.386323051549505747e-01 2.383937172953460859e+00 2.018790844813805219e+00
2.051412452060202174e+00 1.201587232779541159e+00 2.016625173807818250e+00 5.125592882876380818e-01
6.391462678637159778e-01 1.388922112813705478e+00 1.560000793295101440e+00 8.075742187813133022e-01
2.749795944372262380e+00 1.073420490732133192e+00 2.758555480419276229e+00 2.624709336326966458e+00
1.151301083617197740e+00 2.755785844553181985e+00 9.580015752439443588e-01 1.926197033357644139e+00
1.002521943565094720e+00 7.288676298854386282e-01 2.606393671084326957e+00 1.543887583845107159e+00
2.615979848620351600e+00 3.017463846826595741e+00 1.899913154988770891e+00 2.411937472257541959e+00
1.571233951505341730e+00 5.071933738917864254e-01 2.304782090234952285e+00 2.885667099330181173e+00
3.038871347697311265e+00 2.803381360436056458e+00 1.508543365860513186e+00 9.747257098564865441e-01
1.802279468164308396e+00 9.268091924695002204e-01 2.049445432610209394e+00 1.961173953529301572e+00
2.643951196162723782e+00 1.544983188229996696e+00 1.415374706682783090e+00 1.215439087483403124e-01
2.745570381573279928e+00 2.455164884913202616e+00 2.240807729906905355e+00 2.176003978507055070e+00
6.113354138495550455e-02 6.156797403198831509e-01 1.267634213354102701e-01 1.621868262614150291e+00
1.643079639494824828e+00 2.845603337424325918e+00 2.864882970683868990e+00 2.545228558796020835e+00
2.857283587977620609e+00 1.840405852551024957e+00 1.852525062830475910e+00 1.519773997524707765e+00
8.900385502610579369e-01 2.684775153462371833e+00 8.654853231171238948e-01 1.494465398221646313e-01
1.590291955684320691e+00 1.036199747445493813e+00 2.818542124857967845e+00 2.089713413806357778e+00
2.743398841039220493e+00 2.006287274923116648e+00 2.687845912686599892e+00 9.690764299673052529e-01
2.574691316911144501e+00 2.047412226629233167e+00 1.345813234686332960e+00 6.801080447944886087e-01
1.224597850506290886e+00 8.517867028869859913e-01 2.884909172846696013e+00 1.242382758189016112e+00
2.570235067742250745e+00 1.205107968445104705e+00 2.648965568092824796e+00 1.885334489176955008e+00
2.203708623949976353e+00 2.118831314273873778e-01 1.326144943497161721e+00 2.347960248977696729e+00
3.977449684303879796e-01 3.690246426264229274e-01 1.008400561168351750e+00 2.676156283478630105e+00
2.749239486162348811e+00 3.035333539130471880e+00 2.074887650066725264e+00 1.252103450189914424e+00
3.020718061529015230e-01 1.473591615038537750e+00 2.088850606365457718e+00 2.614524434864635705e+00
2.988947085779134927e+00 2.317290902516616846e+00 2.781833934333679981e+00 1.048859230966802114e+00
8.423692733834812207e-01 6.758693919098787140e-01 1.585821155425939932e-02 1.616270305014329223e+00
1.916374907137117445e+00 1.544695415579387943e+00 2.536213086677181483e+00 1.518992586468641791e-02
5.354941132605736120e-01 1.296250190040141526e+00 2.869512394195146587e+00 3.410995147883574830e-01
1.065012020473213861e+00 3.054196860691549720e+00 2.479390902582523815e+00 3.733635850413636881e-01
3.101587998113410016e+00 1.324702116451084821e+00 2.287217290570719985e+00 1.340385106901191281e-01
1.001443731230399870e+00 1.073405637327765394e+00 1.734280037730540514e+00 1.879363979171818411e+00
1.734531945456930568e+00 2.057482363316758267e+00 2.761909927501731143e+00 1.455158672115788532e+00
7.940902833434194674e-01 1.600140718388237904e+00 3.024604281019863894e+00 2.741435580978902387e+00
1.083810446574124731e+00 8.431548211420840655e-01 1.643043649622172975e+00 1.677755545993171005e+00
1.332476747927564320e+00 2.654582149370779298e+00 1.656694151431011619e+00 5.420496253256572583e-01
2.277805063019959775e+00 2.640642041357417202e+00 1.945481646996647385e+00 1.241321805208101425e+00
1.205424583365324098e+00 3.114250677336110940e+00 9.174688167292878171e-01 1.682345117636861120e+00
2.850932544353223630e+00 2.023351786100328287e+00 2.659151444269843623e+00 2.839779062013650712e+00
2.087454852421553486e+00 1.245949733954136440e-01 1.470002660850855125e-01 3.085587497873163887e+00
1.731791952620339581e-01 2.248032327666236618e+00 3.079324293975598703e+00 4.320310972624964441e-01
9.315343266866309424e-01 9.865377681147262656e-01 9.089214816165106514e-01 2.463439319028103203e+00
1.678096607793584161e+00 2.093801943396572884e+00 3.035575080957630512e+00 1.872509204782772496e+00
1.383115126317073118e+00 2.569102182195195816e+00 2.504537612875403330e+00 2.047443333744733085e+00
7.593830716680036730e-01 1.933984961903918443e+00 2.912015193873225272e+00 1.534254106975265985e+00
1.355739810171876780e-01 5.476991353645993543e-01 8.332401522710339847e-01 1.969795078869813310e+00
1.754217631710282888e+00 4.208075043716251185e-01 1.473399927939582188e+00 2.699066969777772051e+00
6.694244268836921918e-01 1.054283053599890607e+00 1.090277336695109955e+00 2.990545344201433586e+00
2.348333062244663427e+00 1.615346162110127048e+00 1.227705256355358987e+00 7.774249364744229007e-01
1.523954688999851204e-01 1.924005849230985055e+00 2.682906827647311698e-01 2.795214876286521211e+00
3.208015457566429918e-01 2.647318665763887857e+00 1.738155983379815250e+00 8.068788102195690870e-01
2.521511606821404072e+00 3.757636431265592991e-01 2.156865803163535045e+00 4.858867551519753247e-01
6.453483741577301092e-02 1.028190649322838768e+00 1.465643329686929119e+00 8.335219771053261617e-01
1.583525081296050407e+00 2.411519706638213467e+00 7.886504966776745063e-01 1.407020401270133947e+00
3.128601608284968805e+00 4.007200377235548561e-01 6.143517610939089879e-01 1.043885461233873713e+00
1.789450324419439964e+00 2.168560631876758293e+00 2.336619215226642676e-01 7.151201835340037505e-01
7.797402253001428987e-03 2.344159887783432428e+00 2.721583063360102805e+00 2.733341580172845120e+00
1.915709106399030359e+00 3.618226507273162862e-01 2.027717347758281718e+00 1.616204061484647125e+00
2.704826360533926000e+00 1.257672604828985463e+00 1.806571477829646888e+00 7.199987098886593932e-03
1.639479101513068748e+00 2.393569195744798428e+00 8.014211276369019865e-01 1.281053597451222270e+00
1.189044526576732208e+00 2.991923740646560859e+00 1.273141374321821617e+00 2.689186429964729896e+00
1.224082725786466375e+00 1.478783787466208421e+00 2.220712903198648336e-01 1.654412093336933509e+00
1.180650110133646846e+00 4.150805355779546568e-01 8.095476389669531425e-01 7.078088014993618726e-01
6.754964853829795723e-01 2.051639234324817984e+00 2.864216909784264686e+00 2.303927728179012480e+00
8.000136007959141038e-01 1.199069157413876541e+00 1.436315853346548099e+00 1.271308170737023291e+00
2.814460810425901460e+00 2.519823307508549437e+00 2.321972135527712311e+00 1.685014526660098655e+00
8.015511958339647247e-01 1.483803413571201268e+00 1.289423939681449305e+00 2.814772290444201630e+00
6.612742131823055036e-01 2.118934461517782530e+00 2.994619179715431567e+00 1.907769200247523500e+00
2.812080429731098619e-01 2.806414904717945635e+00 1.499548513360243085e+00 8.094150236388714115e-01
1.004591825252002302e+00 3.133101304226558526e+00 5.614494932135398741e-01 1.834987327306019100e+00
9.477256298142752167e-01 2.515327390764061199e+00 8.503102395960537851e-01 2.620009599256468480e+00
6.916051922345198277e-02 1.398202266584027020e+00 2.379746644392811916e+00 1.110413123418196424e+00
2.205423311321807578e+00 4.287206956723320084e-01 1.461866084024943557e+00 1.607107275291265180e+00
5.293353670104178343e-01 2.765522948750359422e+00 2.073429192784411512e+00 5.369269486407770575e-01
7.939611770909278388e-01 2.433526059569483813e-01 1.417423010813073425e+00 1.995748346189035294e+00
8.322513405269059694e-01 2.435213850513993084e+00 3.020680455796506791e+00 2.840881355427739230e+00
1.176156670975771146e+00 1.506638285653591591e+00 1.047274530816635130e+00 2.909453935545491809e+00
2.815144993519961059e+00 2.798480838707674945e+00 1.697260085786027606e+00 4.701680832888391892e-01
2.817589061066355427e+00 2.721343089756405043e+00 1.556781455641697676e+00 2.546073109320863725e+00
2.129538747364428719e+00 2.876603570303868818e+00 2.754767047454145246e+00 4.442434332873266278e-01
2.404192589839524441e+00 7.341616536344034438e-01 7.269648749871109317e-01 2.738240649767045731e+00
2.149184690137207809e+00 1.299107041485770164e+00 1.647610338900480365e+00 2.467872417108389616e-01
2.316765389095612360e+00 1.795513752063583768e+00 4.069768490094978208e-01 3.150539760206397949e-02
1.162449483072036882e+00 1.048088088224496284e+00 7.100133859503990896e-01 2.172162882883922563e+00
2.841633262607532018e+00 1.983350337023071841e+00 2.172579286770143780e-01 4.161491052755433850e-02
2.419228720530098187e+00 2.623767668507521300e+00 1.521024844366080986e+00 2.467546767042041456e+00
2.030659212283853599e+00 3.700110864873121935e-02 2.835923924353007664e+00 3.484276767389908325e-01
1.380652601919536648e+00 1.199471162025035564e+00 2.742461489830054777e+00 2.545433382270937184e+00
3.066841635256274845e+00 3.833522863681712578e-01 2.705011299253972101e+00 1.614678115480939535e+00
3.137993984786510371e+00 2.854979683061559026e+00 2.828214800216075631e+00 1.700584999511418838e+00
2.584774620491139707e+00 2.259656960270720827e+00 5.963820942169201222e-01 2.180656055791131642e+00
1.881812628858467118e+00 1.114863918151973943e+00 1.982752386699257796e+00 1.216957144940999935e+00
2.413369812601476205e+00 1.276916642184397377e+00 2.026205341751412980e+00 1.394083561369585889e+00
2.949078187132574858e+00 1.994096359960515263e+00 2.205039141020944893e+00 7.953848793800021300e-01
2.585629025465122410e+00 1.896182034730888422e+00 5.632654175616197412e-01 1.391382703661042664e+00
5.375364730269828195e-01 9.322436885207434354e-02 1.228711858125889345e+00 1.893772698201869442e+00
2.528395249430238856e+00 3.614460551719840542e-02 2.464943498127518229e+00 2.094591440439845353e+00
4.700302666669635698e-01 3.058949544632759476e+00 2.809290138126058434e+00 3.080690990412490393e+00
1.699101136884985541e+00 4.600792511583074451e-01 2.804508493987541318e+00 4.247613070079859221e-01
1.630966377961327263e+00 1.568363457058114641e+00 1.536847194093746038e+00 1.063273485278842356e+00
1.795811499769131681e+00 1.530592743034421721e+00 2.338013497168745403e+00 3.051970498391387121e+00
1.157133696115792310e+00 5.006198616731710044e-02 7.922791535447769595e-01 2.582644505847252692e+00
9.341984503518935279e-01 1.792806224781734237e+00 1.682122405218659189e+00 2.668264970616062826e+00
2.764088223148132517e+00 3.043331687999138779e+00 6.661316361506909589e-02 1.632710669571677320e+00
2.483862701380242122e+00 2.285219488708584823e+00 1.573583137422641665e-01 1.727871765336187471e+00
2.870816129377209425e+00 1.015043636859905840e+00 4.466080391191550869e-01 2.074488125173679975e+00
7.933642703954745246e-01 2.851306092341226339e+00 1.105094218205162848e+00 4.292281726430165895e-02
1.183366113139562525e+00 5.284780212351670725e-01 1.691166969623347560e+00 2.015181083587546329e+00
4.923339214257717034e-01 1.752171537703795856e+00 2.841497511124446707e+00 3.370984503028700008e-01
1.482515616160800902e-02 2.833538232037501881e-01 2.983060492074018466e+00 2.838193175977734573e+00
1.294810902067228264e+00 2.685801782136894023e+00 8.592658983060003086e-01 1.495678571807697477e+00
1.874963372881294665e+00 9.860583469102431886e-01 1.520592300765322813e+00 6.124996994218123714e-01
6.851271537334441275e-01 1.172869247982573304e+00 2.562938737634120834e+00 2.496299243089738162e+00
2.831675775107795445e+00 1.833406929783349071e+00 9.823951112841360356e-01 8.421737153884957250e-01
1.263916000948737794e+00 1.543174019896939697e+00 2.766649971027767552e-01 6.841489485752284549e-01
1.019640053144519776e+00 1.035837910852901445e+00 2.466645783112676238e+00 2.544262856715542309e+00
4.223251193483862909e-01 1.297116577252353853e+00 9.170443005394767200e-01 6.108080455670930053e-01
2.342776951336325020e+00 2.831439979492714532e+00 2.345903511835000899e+00 4.097544442121490715e-01
2.218890339859519667e+00 2.416989145940542816e+00 2.554483677701924194e+00 7.309648662229763227e-02
2.307993123950186742e+00 2.752840524258666655e+00 2.476422239466740560e+00 1.378257782932048370e+00
2.140677829490328588e+00 6.810860052195352177e-01 3.425725240074463107e-01 2.436012779782950943e+00
6.388233828735130349e-01 1.549088481387454141e+00 3.016686183042498026e+00 2.512890200760523607e-01
2.922001269826775438e+00 2.220160421236401227e+00 2.557575350131708447e+00 1.096753800072139962e+00
9.964313525779600056e-01 7.195242407215813873e-01 1.389158862442988918e+00 3.086561840762154230e+00
2.552444265168696269e+00 1.088122747299618220e+00 2.841505077883700991e+00 2.583471899293655394e+00
1.121423781313901635e+00 2.423913517299811193e+00 7.401477878008355660e-01 2.548011542535452367e+00
1.972145502725277666e+00 2.093440184031441831e+00 2.508784789485145605e+00 1.220833661422886074e+00
2.272444270259247112e+00 2.323400422464044102e+00 1.812213566222677930e+00 3.335434122080948582e-01
1.188603795202334501e+00 8.284409820820022308e-01 1.842929847091361040e-01 1.450440983079961610e+00
1.321159990618142377e+00 2.452165783407328714e+00 5.714141790996110082e-01 2.758721937057313500e+00
9.278614235294027068e-01 2.630386651769999418e+00 8.628461448038703130e-02 1.443558077451923438e+00
6.762206312466872982e-01 2.438786973198643349e+00 8.667029909941400545e-01 2.707616924904154398e+00
2.222678818050787708e+00 1.082028330000605942e+00 1.545487322703188449e+00 1.569472981458061023e+00
5.668719569553504201e-01 2.596897513331208884e+00 1.030804712822609215e+00 2.400583900326222597e+00
2.323590452092116010e+00 2.360706321678837760e+00 2.307255148920222876e+00 3.186727949403426741e-01
6.776542013764671468e-01 2.732212984385117061e+00 3.046912300601791301e+00 2.249939534687053211e+00
2.642883602784040331e+00 1.055699863379507386e+00 1.391323571971663009e+00 1.223938382470613151e+00
2.569656559289688058e+00 1.395071540584132685e-01 2.116304091108358598e+00 1.348061456253059065e+00
2.485623424756813193e+00 2.418677740597601211e+00 3.122228154734998817e+00 7.048470479399325805e-01
1.276435564873576567e+00 1.858346296341079285e+00 1.118665708614110965e+00 2.167481656444367299e+00
9.864759082414437108e-01 1.116199465266728863e+00 2.248221685661278446e+00 3.096492407477740905e+00
3.417527840787317750e-01 1.219776240753764451e+00 2.898419966754821164e+00 2.031909320609976088e+00
2.209294331840616632e+00 1.995737611911182263e+00 1.402412174206876028e+00 3.069148997281423874e+00
2.818754826181865347e+00 3.335199437968512926e-01 3.054776470834332347e+00 1.002039869325995314e+00
2.810649849407242495e+00 7.981290219004230080e-01 4.600879334595416315e-01 2.265493935071286380e+00
5.590974873746296092e-01 2.969720467251998564e+00 2.191645825002161097e+00 1.284492335701975962e+00
7.975860927052713656e-01 1.539239662073145443e+00 2.698880576712410662e+00 2.937981499135178698e+00
1.139492154588783307e-01 1.842399149629720734e+00 1.890612469062743717e+00 1.666823402941873367e+00
5.786312905148877084e-01 2.552191955879977492e+00 1.181639551592147397e-01 2.822271641925088392e+00
5.338401256015581353e-01 1.616133551967974258e+00 4.204256228869703849e-01 1.804552823164535580e+00
7.876486607934641837e-01 2.223216251335994098e+00 2.149936969268303244e+00 3.729618801451503596e-02
9.835675042925646760e-01 4.547393449012309130e-01 7.885968003292294082e-01 4.879140080726293571e-01
9.332550382381296639e-02 5.922349768644361578e-01 7.620738249637999395e-01 1.587983472735444712e+00
1.323931436460930033e+00 1.120436775602962509e+00 2.056391393593282046e+00 6.100426865681530808e-01
5.955837796197112066e-01 2.853085239297064035e+00 1.481495021027072312e+00 9.469947051293166052e-01
1.481594959291433922e+00 1.717920204485922753e+00 4.172084997257254346e-01 1.364023664619617104e+00
2.545160455910464137e+00 2.772111445646559424e+00 1.975476903242428417e+00 2.400998177790140353e+00
2.217692502950295630e+00 1.700812953182748277e+00 2.205465195669977785e+00 2.928359247463358184e+00
3.077869252453581117e-01 9.840711463588676100e-01 2.631977139794887233e+00 1.309355259820994766e+00
1.195797463525576587e+00 1.524898681920633825e+00 1.591893817878609285e+00 1.724829257229328450e+00
1.583320722650465973e+00 9.445321320299575607e-01 1.410343946184545949e+00 2.219564912178419558e+00
1.809694428546305245e+00 4.128844042305989115e-01 1.807317923687929095e+00 1.905767598054827483e-01
9.059813765040450884e-01 4.423222936036564357e-01 1.210257603539196092e+00 1.388606703801332110e+00
1.333760412769035453e+00 2.003941913020899079e+00 5.276624254161322441e-02 2.910335572207699339e+00
2.720007349703238653e+00 1.334250695743128379e+00 1.463172724567826544e+00 3.042311255691039218e+00
2.661800096808466520e+00 3.424058884881215903e-01 7.789884853512326623e-01 1.628852144584981509e+00
2.653411635236810451e+00 2.807452374395103423e+00 1.841368660715107408e+00 2.859410767266666653e+00
2.642075426850400977e+00 5.062308740181354905e-01 1.026311289939523475e+00 1.581293907278696897e+00
1.525665146610111433e+00 3.166774545766274929e-01 2.305263368190944906e+00 5.649564147445622631e-01
1.537103761656437806e+00 6.400792866630908851e-01 1.633625936291188907e+00 2.583697746160400488e+00
3.432268641999157710e-01 1.099785371485765495e+00 2.600383924496887378e-01 1.540489509268455182e+00
1.854712680765916888e+00 4.694715689635327593e-01 7.868312221195928879e-01 1.421847343787447260e+00
2.787243759867723991e+00 2.054653721270480737e+00 2.469777298000595867e+00 2.775483342279723598e+00
1.324349351031423705e+00 1.680525173565005526e+00 1.661648500967019437e+00 3.041776886699972149e+00
1.814927866461426342e+00 8.759913250938859974e-01 2.183636866609243832e+00 3.286916964548404207e-01
2.038302775690145729e+00 2.963611055126745164e+00 3.129295827732391455e+00 2.260950036862735768e+00
7.159083652791590202e-01 2.996900794402588275e+00 2.715999318383923722e+00 3.749433856458004866e-01
1.708771243039148013e-01 1.542670015566615316e+00 7.304480747618145031e-01 1.993765607751898372e+00
2.782905552303253316e+00 1.979947618243983465e+00 1.674115200546602900e+00 3.075392074402047426e-01
1.849905089274245240e+00 1.709083891687024570e+00 3.545171356690496878e-01 1.946859495504012383e+00
4.374057168128430706e-01 1.193590144859764113e+00 1.557340181150534963e+00 1.075209255202647513e-01
1.669950974181560577e+00 2.992576999321512776e+00 3.599215488751901226e-01 1.726105865161354558e+00
1.403382900746986683e-01 4.482807903174337860e-01 1.397380539323662463e+00 1.426578382189365168e+00
2.238258040636700585e-01 7.767702176324106089e-01 2.125120313893849922e+00 3.127111495696378585e-01
1.709155397303785628e+00 3.176692036369063721e-01 2.961218864310324883e-01 2.914801406850586307e+00
1.803560921427713959e+00 2.287187266816847586e+00 1.462936499782632627e+00 3.342255361837325744e-01
5.518211264208643385e-01 5.722054718776743432e-01 1.255008759061389423e+00 2.013214627645767862e+00
6.252251751950401726e-01 2.127404163237337276e+00 3.067492203547831586e+00 4.078026215250884490e-01
1.778172991915894174e+00 1.859055139912988208e+00 3.074051174344208270e+00 3.366791710559920991e-01
3.035260368515372509e+00 1.836943649531400435e+00 1.595318907488760818e+00 2.788803109379965228e+00
1.079931238485596356e+00 1.894692393596980384e+00 1.864657656945765796e+00 1.393869398248078539e+00
2.927383906224382937e+00 2.279898995289846741e+00 2.026090175099580559e+00 2.507767439326519465e+00
2.567605117169561080e+00 1.686333666906818518e+00 2.466227574240403175e+00 2.832366086975603547e+00
1.310394508832826987e-01 1.292802759138455659e+00 9.858544923651711978e-01 2.154176484065795538e+00
1.967984395479296378e+00 1.000199607057236983e+00 2.712343461845870607e+00 5.670423598573895996e-01
2.377033533377283625e+00 1.311114001799238427e-01 2.820122644052803551e+00 1.520381795488523924e+00
2.162883961600555516e+00 1.082329991719034101e+00 2.290224446943225356e+00 2.570972840771575285e+00
1.892564729166670068e+00 3.140178348553662069e+00 2.084171096024848069e+00 1.022108711405087440e-05
7.924063421927808326e-01 2.889849877587358229e+00 2.882738480518673541e+00 2.961631888803726742e+00
7.586333682816835955e-01 2.625249763552889970e+00 2.206752139735100648e+00 1.529341700449094121e+00
2.042932448961598979e+00 1.189301323536732458e+00 2.850561610248208755e+00 2.806134261267288377e+00
3.125041777853750702e+00 2.531642324465232630e+00 5.322574361969195644e-02 1.202155728509998189e+00
9.975057215491248686e-01 2.450219335630492434e+00 1.090673646703405275e+00 2.804391485900449066e+00
2.018207845368460873e+00 3.823979305626520331e-01 2.529490545440143290e+00 1.624719547202599701e+00
2.065508170438641766e+00 7.484307485382233338e-01 2.096894841404693732e+00 1.071527931334914863e+00
3.113415626424235416e+00 2.005866333441334692e+00 3.034787182571397235e+00 2.842165940107140187e+00
1.473062708760272788e+00 2.700830680692425378e+00 1.191962255801046755e+00 2.804663228654343587e+00
1.506007130499883218e+00 2.491771622861734592e+00 3.211389802066072496e-01 3.979119379860677208e-01
1.024701689919489178e+00 2.545475344140368357e+00 1.798260401518310569e+00 6.179505782568152084e-01
3.128625952060470450e+00 1.512040392180054260e+00 2.265983744232078934e+00 2.067457700858037928e+00
2.956692997317026617e+00 1.437575699926819106e-01 2.942682566051252113e+00 2.067182206464711847e+00
2.631290905772915023e-01 2.293093207677470602e+00 1.549137784793739536e+00 1.037273615664305870e+00
1.164402869433920129e+00 2.341138041931072333e+00 9.595006866868344142e-01 1.908569856679412480e+00
4.603031357189834027e-01 8.956955918197246902e-01 2.472585205909406891e+00 2.993997223348251691e+00
1.061852921053631493e-01 1.362211536851634541e+00 2.845957304763014228e+00 2.495541870560048725e+00
2.660077841424604017e+00 2.548486197732009906e+00 1.090984247378469441e+00 2.771102946759882890e+00
1.825389582267869515e-01 1.344982519764738926e+00 2.021027335239097056e+00 2.527298950203466510e-01
1.402863932072474729e+00 2.774036876951751829e+00 2.532640310912822379e+00 1.923039433667433240e+00
1.430910099707833616e-01 1.567669745095161105e+00 2.758333319812555473e+00 3.054567208545789114e+00
1.424486736112279495e+00 5.868088539152379601e-01 4.555724909622653751e-01 9.345043960941925576e-01
2.671234346753841304e+00 1.791232282839714030e+00 1.323283963141082653e+00 2.883133543782866681e+00
1.876887378635066383e+00 2.717892480870409688e+00 2.220257969833507428e+00 7.972569254085372092e-01
1.069319503976132513e+00 1.634778841297034990e+00 1.516995981001251881e+00 2.205626915140000310e+00
3.812699338381126540e-02 9.344039006322502061e-02 1.260555525015924161e+00 1.685197261224699483e+00
6.150178526840664739e-02 1.533014493943771983e+00 8.339738728539571877e-01 3.758241523609239798e-01
2.523157864796179428e+00 1.821651741131895541e+00 1.112563734664374193e+00 1.271141408728748923e+00
2.346852015651727630e+00 4.827757991183553310e-01 3.308639857074501811e-01 1.012452361329172046e+00
5.965694001807800122e-03 5.788189634516621718e-01 1.055147403251072494e-02 2.706474881412658906e+00
3.966424360753364464e-01 9.595069937825501105e-01 1.951667920111462284e-01 3.781210898414119614e-01
2.912076295149889305e+00 1.672817699344802067e+00 1.354719026453014674e+00 4.030910322819751257e-01
1.606544642836096326e+00 1.670964553911137074e+00 2.186038275756846616e+00 9.431166457308423623e-02
5.716875565267773851e-01 2.772113480623362936e+00 1.766504263795790175e+00 2.531100881904163824e+00
2.808743034321440124e+00 2.373335829617656767e+00 1.587297524242720526e+00 2.299703528442363254e+00
7.890169522720481554e-01 2.606861207825708515e+00 7.439238402226423519e-01 1.810794104800589999e+00
2.521993907043499905e-01 6.079016511925067201e-01 1.428908184644066104e+00 1.614618434067934372e+00
2.131861156127235368e+00 5.891451059403354229e-01 1.590310644059904077e-01 4.092291206500807688e-01
1.961770524892305190e+00 2.411469087018367041e+00 3.595706088072622708e-01 3.998612279762909782e-01
1.381596609872598025e+00 1.617905709043419848e-01 5.834141153612477648e-01 4.810973933169179761e-01
2.033193689875974486e-01 1.766764819558589925e-02 1.828114720967436657e+00 9.409033401263482421e-01
1.402483468993932725e+00 1.066797717208673335e+00 2.237229063684690100e+00 4.635747774370532759e-01
7.298064900344092276e-01 2.772875906239283594e+00 1.867909395384407034e+00 2.167032078106386983e+00
1.902819919753481193e+00 1.470017771206582946e+00 1.587471103064182820e+00 2.340301885313869068e+00
2.063627192878933148e+00 2.917307424133892102e+00 9.641412435944753945e-01 9.577432234794429622e-01
2.546369649954104197e+00 2.858979901460554807e+00 3.282112408079110866e-01 6.046803387693048260e-01
1.661542072104101431e+00 1.656084571180666543e-01 2.032449013642005031e+00 5.588638111520538576e-01
1.500900125666787821e-01 2.920909446051783931e+00 2.584507141563950228e+00 2.370916991128374784e-01
2.888225938380358571e+00 1.558131858212770116e+00 2.576350621181448530e-01 7.184874522803605945e-01
1.340757755162931497e+00 1.072657063847572978e+00 1.502629983191221541e-01 1.787986753631074288e+00
1.378260365322970138e+00 2.568461407543987995e+00 2.061531463605984271e+00 6.571469647291124927e-01
7.647853755352618244e-01 1.185434129660157598e+00 1.952088883214871506e+00 1.146172133176848407e+00
1.424059070816450445e+00 2.283406976455044646e+00 6.994712292742401027e-01 4.953701285086898887e-01
1.626450469011727185e+00 1.189207329787733025e+00 2.761171761190974294e+00 2.313446411563845562e+00
6.547028142259457839e-01 1.603334030845974700e+00 2.475450896549336033e+00 2.551788783248269965e+00
3.470114611392288717e-01 1.436681379081428123e+00 2.874779233324975536e+00 1.196545352927641970e+00
2.337320798897950525e+00 2.735180585525929242e+00 3.778638851522608255e-01 3.639115832210026436e-01
2.130851945800423142e+00 2.497020857929372006e+00 6.621348829582296425e-01 3.112707963269179534e-01
7.764842987968362253e-01 2.099440026558558881e+00 1.014794719949244639e-01 7.892841669320052045e-01
2.798441341042145147e+00 5.819553990215489137e-01 2.457328839514647090e+00 2.009234689442309207e+00
1.825301939619240699e+00 5.557569575043820320e-01 2.234327627252075121e+00 2.598129213855940645e+00
2.732026651190885502e+00 1.459985130168609535e+00 8.489699092670335290e-01 2.039705096359227809e+00
2.766402282040881122e+00 1.142077326897825928e+00 8.549488696308434887e-01 2.581629878523794108e+00
1.997366291580962905e+00 4.101109885648480946e-02 6.960755137060864461e-01 2.802762426472938273e+00
1.929206846106461537e+00 2.510701671741655705e+00 2.963015521472426972e+00 7.073463048221328986e-02
1.115621352332531124e+00 1.274986063178852103e+00 2.259792401478845747e+00 8.154058887047953563e-01
1.949991093980340873e+00 1.661884283897996806e+00 9.074544286312159480e-01 1.414654012171033148e+00
1.668249411093696066e+00 9.117370504601827186e-01 7.158932323003949216e-01 3.226401941454225542e-01
6.707925440313253773e-01 1.538615018632725651e+00 6.671925777215459430e-01 1.291609385894525674e+00
2.739121167509976917e+00 1.096666536482629128e+00 1.798708109362283869e+00 1.773950905382694732e+00
2.733017993974990123e+00 9.928506914996043653e-01 4.085533821001788857e-01 1.664622292254936520e+00
3.222966581121127216e-01 7.734521141286291313e-01 1.296729272591154114e+00 1.799281693452691178e+00
1.378725436614045341e+00 1.793258111703051494e+00 9.662045802965237851e-01 2.763954699501451895e+00
2.109613637241295692e+00 1.140776284525636841e+00 1.064743328473805484e+00 1.294407465276813385e+00
2.274509158486488047e+00 1.545418604025905251e+00 3.018140357347300018e+00 4.306616937404202372e-01
2.373885893665214297e+00 1.577324760022371652e+00 2.719215239273217399e+00 2.629315573709252618e+00
2.092199613559300175e+00 1.159744787316040693e+00 1.862647055585358036e+00 5.334123603755521748e-01
1.854219456742008942e+00 7.589664424628481676e-01 8.683427732546571409e-01 2.023771907296512573e+00
1.555719166916790019e+00 2.077605559994175621e+00 1.030587370606473457e-01 2.464683737415762188e+00
2.546263136757133783e+00 1.212068297168487074e-01 5.853275796201582448e-01 1.934963774248934509e+00
1.908657269571988335e+00 1.347998880034176450e+00 2.464320839001160390e+00 2.008206907719760181e+00
3.130114974939200767e+00 2.199522940639315305e+00 5.471865124466851471e-01 2.188319649970619007e+00
4.119436239595604676e-01 2.282416207445343126e+00 1.528833121195182665e+00 1.982463155077266226e+00
2.284771166332399961e+00 6.975044718140060995e-02 1.792062023882605049e+00 3.997025597221056104e-01
7.852336262244720144e-01 1.280360521919461925e-01 6.060096769991368815e-01 8.405418214646310782e-01
2.323517163101296301e+00 2.975943725653460437e+00 2.087356034389183712e+00 5.828389390492769717e-01
2.953721891251962717e+00 4.222531490824191908e-02 1.875787210725279763e+00 2.012626473612173950e+00
1.037634925365181537e+00 1.411586682717955288e+00 6.749580462712209128e-01 1.439906106600791214e+00
1.770971299734905857e+00 2.859638712635919136e-02 1.122821869127045735e+00 1.166369814513758429e+00
1.333284608673524829e+00 8.906028551796126014e-02 3.086198584190677607e+00 1.436679648865324399e+00
3.112414058137515926e+00 1.010580205641356644e+00 4.818550159987488035e-01 2.449713371071642776e+00
4.653659052775747651e-01 7.794715994002159309e-01 9.996820945372790757e-01 1.019357291286864475e+00
9.532201200823102460e-02 2.553895702144324265e+00 3.008757277969007493e+00 5.496361660133849414e-01
1.116338862839870577e-01 2.259232127598600925e+00 9.322532907135875346e-01 2.484475742803288423e+00
1.240051011615886489e+00 3.026024583599991602e-01 2.291143853102352246e+00 2.686814833167918692e+00
8.713700605286578416e-01 2.312571234325337510e+00 1.790359024645952202e+00 1.383717083396644731e-01
3.092802618301036865e+00 1.085729206992006868e-01 8.274358813983159200e-01 7.361026535679366933e-01
2.476292650720846034e+00 2.044438264989680842e+00 2.297499282895690609e+00 1.189289071935033082e+00
1.120733426973540947e+00 1.171147907408442101e+00 1.815964289625874084e+00 1.522991266239186903e+00
3.013365410131987776e+00 9.712699256794778968e-01 1.893842616693741432e+00 2.319113757250955477e+00
4.582340447329745214e-01 2.072398704199719610e+00 2.667533771154583233e-01 2.089091812164129092e+00
3.046166482840628742e-01 2.885584605496054333e+00 1.508017970354507797e+00 1.255935631995143575e+00
7.100871721140766812e-01 7.383254103421134085e-01 2.558596894682316769e+00 1.850944274179382676e+00
1.079983343516170535e+00 1.350686275524680902e+00 2.349515743320435279e-01 1.116121340871089052e+00
2.718027878154726906e+00 2.247183183140337270e+00 1.471400897399943064e+00 5.257583881906635614e-01
3.630258351415755480e-01 1.966389661953953594e+00 2.871614743528528635e+00 1.731564506892732780e+00
1.431818350010759078e+00 3.816484004022808185e-01 1.968167942635369760e+00 2.472843811573331774e+00
8.951790200067620829e-01 1.076925931359930200e+00 1.541272184078770868e+00 8.441184398864846061e-01
3.629778376476908153e-01 9.501917143129976484e-01 2.059870704051434132e+00 1.351209511249178874e+00
1.233596788648123888e-01 2.851244969383018635e+00 2.610195006136621920e+00 1.352692778069662261e+00
8.495535699017594533e-01 2.907407913242474606e+00 5.773157073912985604e-01 8.421602734805327950e-01
1.493685582506989240e+00 9.250188699904103862e-01 4.201048918030794721e-01 2.287134231024729125e+00
1.929772502281728863e-01 5.410242253039195814e-01 1.313017366846501277e+00 3.066838671145227124e+00
2.642527655192109748e+00 9.842322471992624375e-03 1.874343203683681347e+00 1.311671285191224223e+00
1.525237493683103962e-01 1.137519013716453697e+00 8.716722671074501605e-01 1.968544891159889954e+00
1.636946572054350346e+00 5.394465500275257286e-01 2.300577085695373114e+00 2.362336406891847318e+00
1.130724043329374373e+00 2.779603720997712468e+00 3.572174778320627575e-01 1.077480601690776307e+00
1.914062237974889502e+00 3.139258745093319369e+00 2.668580169376558175e-01 2.858476885859416949e+00
6.894428676684465351e-01 1.780954641891561649e-02 2.072080722740350378e+00 2.241975837845578967e-01
2.630018168990803318e+00 1.487543515774547853e-01 2.658855680748216432e+00 1.175912949254336315e+00
2.277238849204888727e+00 2.506663763646395537e+00 9.698169430131746704e-01 8.308208822544793648e-01
2.044511895711120797e+00 7.046111731558990510e-01 2.173573600241504311e-01 4.906176973633118443e-01
2.198027230993386816e+00 1.341873063730281146e+00 2.180524969189906681e+00 9.142625933677862582e-01
3.033042349051280340e+00 2.623059780077133585e+00 2.671781951855714876e+00 4.165376768147306952e-01
1.267823044285117051e+00 1.564278049042336471e+00 1.181064925571444629e-01 1.860846917636128861e+00
1.144265324682156804e+00 4.042205892147281432e-01 2.999552092278534587e+00 2.630770759472516485e+00
1.236836974823245505e+00 1.882136946894241047e+00 2.124825247097324343e+00 2.768599289461754154e+00
2.409824472328250256e+00 2.325175140971014631e+00 1.614056765968779894e+00 1.648278294797881072e-01
1.815739430967797885e+00 2.012465729867493280e+00 2.954642782482444385e+00 7.345525829153447608e-03
2.745000871282728738e+00 7.406884694993952356e-02 1.915464620335635582e+00 6.914117480573531704e-01
9.005205768073413219e-01 1.527078309533614064e-01 1.566213451493192022e+00 2.304184101120370087e+00
9.005360212433604072e-01 1.669195892043912277e+00 3.022141830516115402e+00 1.692495682975579729e+00
1.691470554146092820e+00 7.166864867979172438e-01 1.715002287845158457e-01 1.304425099371190111e+00
2.795133878600358557e+00 2.839370833178030296e+00 2.176401218680744376e-01 3.445518505186103697e-01
2.432130215947834184e+00 1.323724584315791653e+00 3.976665497702704388e-01 1.238812155368047341e+00
2.578940953218951559e+00 4.451696155964285917e-01 1.583893871285247501e+00 1.287221382249027934e+00
1.272350559794014790e+00 1.702024352567683696e+00 1.395531884567371650e+00 1.549918944863802051e-01
1.419573961045153432e+00 1.424392358737043285e+00 2.716441616673885839e+00 2.878009189124071110e+00
4.132904417523375895e-01 4.262050949455847837e-01 8.431068839410452709e-01 2.858119614313332502e+00
1.756835738838083527e+00 1.588145939670687179e+00 5.212739884928915268e-01 2.466675060671972730e+00
1.787012496614297952e+00 5.992907997694825184e-01 5.211698856935179647e-01 1.272221699114341353e+00
1.297122722412904938e+00 1.232840872809509492e+00 1.800208701496069263e+00 2.697784430594772687e+00
6.964703005338344910e-02 1.355654445481757175e+00 2.590747858819713922e+00 1.988993977880019859e+00
3.055014478899343633e+00 6.086823138946052536e-01 2.737433251321202743e+00 1.049206917045392151e+00
8.532303722027230475e-02 2.864343512088193044e+00 2.920314962324614072e+00 4.272991105432319969e-01
2.813883468259330112e+00 2.556691787057532306e+00 2.209255333456316528e+00 2.392985758883268144e+00
5.669980074964874328e-01 1.746156234866777623e+00 2.136000391382031349e+00 7.148882858762929393e-01
2.832652597402191219e+00 1.879114786805475612e+00 1.155966781915215735e+00 1.547756765532362300e+00
9.237041386954628619e-01 1.604133682917839421e+00 1.160495463753268508e+00 2.896435298841099293e+00
2.079919682950209570e+00 1.155334189015041702e+00 5.947580979251534949e-02 3.112384689567703866e+00
1.732693522312275913e+00 1.619919220715945629e+00 1.894854428629776599e+00 8.086654728203572784e-01
1.256965134703206255e+00 5.628000373559323144e-01 2.459610869188335602e+00 2.949736002704871907e-01
1.355686099009838497e+00 1.416041730254470554e+00 1.148564128182400612e+00 1.691110465620384584e+00
8.238190070374803442e-01 1.146497672232333898e+00 1.474715834623274269e+00 2.079637610073560072e+00
1.952989823210354192e+00 9.055093611202111870e-01 3.217995578424017178e-01 1.271851914620764301e+00
2.605309808244082870e+00 2.940088301030069129e+00 2.533892938252590099e+00 2.918941886390031382e+00
2.676053617097971404e+00 2.680411518550646299e+00 2.392668296096605030e+00 2.832402457988340672e+00
7.157750793292769753e-01 2.255571740575476714e+00 2.548246338321689120e+00 3.079082571052499162e+00
2.673443138453755807e+00 9.382706877926378919e-01 1.867748640369860658e+00 4.600678008812974507e-01
4.094002911657480537e-01 5.814489387591811331e-01 1.075936397061596939e+00 1.228381657098225554e+00
1.301715141671841547e+00 9.507578884659305674e-01 2.639974954016053754e+00 1.337930028695917706e+00
1.678317306783706275e+00 5.239822694761579053e-02 9.029655477387676932e-01 4.887485410870002767e-01
2.705500853173498310e+00 7.079715052130836073e-01 2.283538265529906131e+00 1.638180617410125439e+00
3.112574869187748838e+00 2.241078719254785412e+00 1.519428123931252150e+00 2.495808476561363509e+00
1.999500907401740024e+00 2.334811221827102212e+00 6.251969384268177277e-02 2.573628615808597697e+00
1.707637730183380498e+00 1.701244375814799259e+00 3.811079653046661742e-01 5.572128037054647764e-01
2.626671651647570549e+00 1.897890738805246613e+00 2.666334110839027272e+00 4.235673509991175756e-01
1.000280412488673276e+00 2.701201268458850446e+00 1.513039365399107217e+00 5.021329237840970183e-01
1.273011656503364009e+00 1.424171149754887900e+00 2.605544955195482792e+00 2.965346403480214832e+00
1.733860866868160100e+00 2.862943008283425517e+00 1.335126272245192647e+00 1.290003923932771246e-01
2.106434770589318717e+00 2.589952034868704178e+00 9.235131152977229529e-01 8.241341159130531890e-01
9.693165591145821436e-01 2.578919060672193009e+00 1.368216476557847783e-01 2.277814219174491228e+00
1.858431999155956360e+00 2.377500447966615305e+00 2.347990559223390505e+00 1.249511268193747471e+00
7.237635210295400023e-01 2.798271258542269546e+00 2.484010116392899870e-01 2.002199576537410763e+00
1.666455452985643237e+00 1.405730929950572028e+00 2.408203311291330806e+00 1.790736308295383772e+00
2.419284670502134915e+00 2.994813722262317679e+00 4.484974356061866008e-01 2.960217051825853041e+00
1.003519674955293851e-02 2.565370448191564900e+00 2.717374616514836916e+00 2.078618701922182677e+00
9.002575913522279372e-01 7.218672270723213158e-01 2.765215363638488633e+00 2.217944145524165744e+00
1.647514699793783607e-02 3.033261722023132378e+00 1.618517777668752267e+00 5.216966370458888669e-01
5.288274756973553314e-01 1.227046731457898332e+00 1.918171936269881694e+00 9.866543018905273854e-01
2.004631699487017471e+00 1.137432405990514761e+00 5.368140896624662428e-01 2.608284071148798677e+00
1.088747612003735377e+00 3.746631666722594067e-01 1.379146927353334551e+00 5.564044232761188313e-01
1.892190651182163341e+00 2.835130934813219206e+00 2.242542513001383853e+00 2.212456865258254357e+00
5.393350892640884631e-01 1.307149975052629198e+00 5.379048682764735467e-01 1.723541085323925692e+00
1.576628985126323990e+00 2.286572613568800705e+00 8.858546109284255454e-01 2.490138881073503452e+00
4.593944605477452980e-01 1.654126920430389447e+00 3.094602644564687033e+00 5.955547586298471918e-01
2.045086553035179389e+00 1.136163089575028318e+00 1.932295745660111141e-01 2.758463950130011888e+00
3.201628442268676378e-01 1.146791073207473532e+00 2.057105338945593720e-01 1.637790007727970343e+00
1.531090689101072488e+00 1.746017268782229515e+00 1.876700216239917562e+00 5.659230517088215812e-02
9.401866287433442437e-01 1.553513941097037332e+00 7.256426119327828994e-01 2.467261603068723996e+00
6.907943162943461779e-01 7.609002673124398708e-01 6.876880501732708373e-01 2.980452378671382685e-01
2.934232042459230083e+00 1.523495129866562436e+00 1.610010923461914656e+00 1.958753213858175635e-01
3.090191393660179919e+00 5.486317960055161480e-01 5.833141799053167542e-01 1.539141152676280599e+00
2.208648172294812806e+00 8.919585246249487342e-01 1.172849574411480855e+00 1.560965295915384576e+00
3.040381378670794499e-01 9.536954759962076311e-01 2.088884793456671662e+00 1.534464690250534558e+00
1.537659677797905022e+00 2.297250346974520685e+00 1.086911007968307738e-02 1.328825613310956832e+00
5.702691116337710309e-01 2.300714454986490853e+00 3.105079355747207170e+00 1.902006452040806872e+00
5.386765843788742236e-01 6.250838637832042965e-02 2.441789471826903313e+00 2.460700525355356660e+00
1.606605848188321639e+00 3.077656339022643905e+00 1.412306052998738570e+00 1.891986583631920585e-02
2.997038694623020749e+00 2.440088854461501811e+00 4.557858821396918447e-01 1.093152456550401802e-01
2.552023342206400258e+00 1.651260559805385997e+00 3.131384879510092367e-01 2.524082476386987905e-01
6.431444085226887264e-01 7.679955507009400550e-01 2.623581532700700603e+00 1.433136625779278361e+00
6.563124415798329836e-02 2.237394853282340668e-01 9.552180101161538150e-01 9.076467893598189063e-01
9.310575020068332375e-01 2.211697448267495147e+00 9.299963086362247333e-01 1.404936686301650473e-01
1.808592970630695101e-02 2.025818795415043339e-01 6.995067924418819638e-01 7.776880749888547273e-01
7.601945376750661454e-02 1.135918800255275363e+00 1.418274711565900237e+00 1.788063120953703011e+00
2.281162310832713036e+00 1.559946019895001701e+00 1.713773904290699202e+00 6.547046733504341409e-01
1.802206762932116346e+00 4.970909415733910097e-01 8.734582792789578054e-01 2.222090377347282431e+00
5.801712877294705750e-01 8.550980172832085557e-01 1.823159668447199844e-01 2.366080428830200644e-01
3.997351008009036311e-01 2.401776313194167845e+00 1.866557525018178287e+00 1.807874632583285512e+00
1.598338845748559667e+00 1.094213473240958745e+00 2.151916678646478065e+00 1.466416564941405598e+00
6.034901417301934412e-01 4.812116469015099152e-01 1.779525242827814657e-01 2.613458740594303276e+00
1.388995087860715127e+00 2.162017176797660589e+00 1.096336834585514897e+00 2.812845885708858962e+00
2.630670797968891694e+00 2.892820154377511166e+00 1.272115331562846119e-01 5.585009794017096185e-01
3.109695254268173059e+00 2.931687907145423821e+00 1.723090979068627293e+00 2.598200582329674102e+00
1.817529708260406662e-01 2.243147808192040848e+00 2.215785226987585510e+00 1.126384165732388309e+00
6.784366616770970415e-02 2.115995494044738745e+00 2.214502258396409129e+00 1.259592064112730059e+00
9.453458175084901438e-02 2.554572719377867784e-01 8.242424072434716420e-01 2.543256070814997383e+00
1.218563236562129948e+00 7.999043510812425817e-02 1.280048317108616995e+00 2.922551927489670298e+00
2.848484137643505942e+00 2.329309644984534078e+00 9.713100541903883778e-02 2.146475006689657850e+00
2.254940621070626872e+00 2.168479971857221855e+00 1.696707314389608978e+00 3.465726974893411083e-01
2.159288583011046647e+00 1.286820463712245788e+00 1.770126158399548899e+00 2.599456186207792729e+00
7.567326758010214371e-01 2.149576309242599681e+00 1.067848915467956850e-01 7.494360387275652569e-01
2.432213483670435217e+00 2.414756286145282704e+00 1.480140223767226093e+00 2.728035141994710866e+00
1.841667850648899540e-01 1.589769290309773986e+00 6.772248473867646945e-01 1.404502640860250784e+00
3.053879525394145311e+00 2.505073452129100264e+00 2.021930067272034837e+00 5.632070576693224417e-01
1.724220197303470536e+00 8.438335607560258911e-01 1.571954076220791530e+00 2.896945844199431686e-01
2.269614066989164569e-01 3.052584294562520117e+00 2.948344301225070740e+00 2.798953256366872200e+00
1.136091597584563573e+00 4.200869987218327495e-01 7.797566159045762335e-01 2.401425774328422857e+00
9.162544580589886412e-01 2.862052377620310395e+00 1.736330269545472094e+00 1.582747334243882920e+00
3.137225925033732210e+00 2.711660634506104728e+00 1.047386809516657052e-01 3.061314205534409805e+00
2.445509890925663843e+00 1.317947679040811337e+00 2.932953984363858790e+00 1.497290815863794533e+00
2.354494685212514149e+00 2.736287891924755744e+00 6.523219557393158397e-01 2.327511725969928946e+00
1.307459327142517669e+00 2.873549523808962114e+00 2.181824720834342202e+00 1.922441366185881698e-02
1.813922417144697985e-01 2.807978044955433017e+00 3.017313952647291408e+00 2.993835912833322510e+00
1.931113422773002464e+00 3.045446434680260328e+00 1.047030282702746229e+00 1.934170384946649390e+00
4.622463582009268546e-01 1.002532052234969662e+00 2.763997115390290471e+00 1.614287782653624159e+00
8.718795560946851486e-01 9.265932226494230095e-01 2.993665288432625804e+00 2.182660619278724567e+00
1.204712478808768639e+00 2.338471320057271097e+00 4.031803339677375586e-01 1.260891039094968802e+00
2.705373593992216108e+00 3.239068814012757702e-01 2.282803451678571349e+00 1.276229772452555533e+00
3.135825845837346915e+00 7.751954657995944187e-01 2.099421832302505564e+00 2.068987205258774775e+00
4.586169976131769244e-01 1.115200985415033097e+00 1.669868378908415885e+00 3.066465488892464730e+00
1.868366238460396345e-01 2.100564853225255657e+00 2.257343598694027786e+00 3.091865962561763048e+00
1.213310674115361865e+00 1.068966929978858893e+00 6.424967833946765294e-01 1.344685116447481121e+00
1.216986419808946618e+00 1.728258382984038333e+00 1.592180019496522325e+00 1.285268696948399292e+00
5.823101181474913540e-02 2.368921147572617070e+00 6.663124732872293121e-01 9.438908367048979287e-01
6.096689843734438563e-01 1.800950912854055730e+00 3.120865749763549246e+00 7.921220365354306736e-01
1.881656651335505970e+00 3.124827289796888063e+00 1.008884796635293402e+00 2.759847962204965199e+00
2.527034571889088532e-01 2.816638762261086448e+00 8.414795784028955561e-01 1.263717596367352758e-01
1.673397199608579744e-01 2.408215248597918468e+00 1.089300707670395996e+00 1.313908685981602043e+00
9.118225905668725373e-01 2.598363001441812870e+00 3.040596340240612427e+00 2.222067796988292265e+00
2.524944382625465611e+00 3.019504513007575497e+00 2.071377409331533581e+00 2.027707465636618134e-01
2.564890152784521149e+00 2.807767032620051673e+00 1.721983028484861844e+00 1.454884399261323180e+00
4.720055513298437311e-01 1.986527226538522983e+00 2.697473871533297096e+00 2.125176984143430037e+00
2.704984478825212868e+00 1.329155767443634284e+00 2.935798124874012593e+00 2.875197061452195335e+00
4.260440747628068126e-01 2.126841928858402841e+00 4.861518360334624034e-01 1.556708057311967597e+00
8.779049351772296728e-01 8.781066945419836456e-01 2.053129064269162640e+00 2.093468428912672596e-01
1.425854571013363437e+00 3.092823595675052717e-01 2.775605745698643823e+00 7.446216188067021902e-01
6.854007181966365048e-01 9.736761360134421617e-01 1.658743216025558187e+00 7.104505813931853986e-01
3.019231948250471476e+00 2.848491589247608591e+00 2.764822895529015945e+00 1.665072330603255546e+00
2.451386198679713857e+00 2.865054956740888503e+00 3.938494208819439124e-01 2.508872194689099611e-01
3.129663883777924926e+00 1.309947617020571942e+00 1.018675411353458404e+00 2.173894988442226506e+00
2.098046285748166984e+00 1.978902000232520164e+00 5.783569466831587486e-02 2.434046763942135705e+00
2.292764418165913920e+00 5.288356508129706673e-02 5.020364683832745367e-01 3.093071290017316066e+00
2.941128328212334164e+00 1.494560457160400424e-01 1.618417208884795011e+00 1.197337368858310658e+00
1.668576789060373322e+00 7.740975442138345874e-01 1.350431586754126334e+00 2.619823418395692993e+00
1.679527024706575444e+00 2.876335024176466693e+00 2.363287723287403885e+00 1.232045567333169833e+00
4.830663354263743936e-01 2.091218239589218264e+00 8.114811773997497868e-01 2.772635150471149945e+00
2.064730632260930676e+00 1.544147547574470369e+00 1.282056502356360150e+00 2.914169548165584711e+00
1.885025208734352642e+00 2.565177691075686273e+00 3.635485896694471419e-01 5.932916907799455908e-01
5.582449782992884302e-01 1.400552500060447070e+00 2.910869075732107181e+00 4.927314453567599450e-01
2.391523230920471921e+00 4.558754795768520385e-01 2.584489572624800502e+00 2.273579833229081526e+00
1.030441068926061243e+00 2.513548113816654883e+00 2.294480649391728577e-01 1.819976928229980473e+00
1.802789174436132402e+00 7.073421036203408896e-01 2.063315336382903542e+00 8.545741135976345770e-01
1.981533679903893175e+00 5.269019489469214390e-01 1.982422183411542305e+00 5.275932833349203932e-01
1.910746744583979639e+00 2.656879553784954329e+00 5.830586586773802704e-01 1.731072371882649286e+00
6.222161519666303819e-01 1.303736250943336339e+00 8.384541998934437190e-01 1.926068893001005922e+00
2.619068751540404527e+00 2.593234829277078379e+00 1.205250533054261997e+00 1.259979448234420096e-01
1.943913085200344337e+00 2.378303848029153844e+00 2.369907990485145000e+00 1.547652831972455179e+00
1.058287643158786873e+00 2.335840901677721071e+00 2.272481993822850210e+00 7.600894620954762315e-01
2.585785301854838458e+00 3.061517200486653323e+00 5.949433465824421896e-01 1.074937854372993939e+00
8.099407765638854118e-01 2.864540188524405284e+00 3.131127458004376418e+00 2.379035609219675607e+00
8.051663291529727040e-01 3.221970872760857030e-01 4.118471224563168831e-01 2.390871697708860655e+00
7.491187005305680047e-02 3.056395089422270228e+00 5.808156284602235264e-02 1.255989102355562048e+00
1.594948894094809333e+00 1.287382473760088075e+00 2.553875421440061189e+00 1.000852442015770727e+00
1.086529858327516918e+00 7.548421832630033412e-01 1.003556692506117065e-01 1.955879264841220877e+00
3.058274830262925903e+00 1.140229818458508459e+00 1.624980373616660811e+00 2.321599775164705282e+00
1.698087344788363540e+00 4.483526504214844777e-01 1.995146211592565832e-01 1.824032405373612775e+00
1.620554536567794468e+00 5.746884206591144073e-01 1.410228944515680150e-01 1.172098298201849298e+00
6.937186752313284632e-01 2.917033626247810929e+00 2.179432010746376491e+00 2.276902753020906722e+00
6.064941784577966288e-01 1.636373286590944387e+00 1.292401318219481787e+00 1.744286788970508040e+00
1.034263014104975564e+00 2.571459672169970068e-01 2.293034548221149382e+00 1.799293909279620740e+00
2.557046070915530933e+00 5.596865081529684982e-01 3.554702549525198263e-01 5.805170012390997725e-01
3.123142615494881813e+00 1.885674836435788926e+00 2.921347555565494414e+00 1.772273036594165449e-02
6.538981333520986761e-01 3.059149484725594004e+00 1.195326050000992124e+00 1.455750682375702265e+00
2.116064221152890834e+00 2.329424805021807376e+00 2.873729179522201971e+00 7.556615881098253940e-02
2.581402803256162004e-01 3.141243273575788919e+00 4.655271255735016767e-01 2.437496278289787099e+00
2.354086248950368332e-01 9.897829626900681577e-01 1.796339449662278431e+00 2.600053119647105504e+00
8.831650857624975814e-02 1.172784060678455198e+00 1.513404606841599831e+00 4.784179210872109844e-01
1.799809206175515319e+00 1.722686143970981076e+00 2.231041140904835629e+00 1.568171702801629985e+00
1.541314865396394396e+00 1.531979526202353670e+00 3.113069937485051231e+00 1.095344693385547741e+00
2.442204197203510230e+00 3.248253634105584542e-01 2.571352925834008207e+00 6.831556855529471450e-01
2.058943708238216985e-01 2.240849622472669722e+00 4.379401469931054058e-01 1.992045434982554486e+00
2.764868640500833585e+00 7.517544388785047937e-01 6.315351999593541432e-01 3.588290886945320057e-01
9.118283908510502744e-01 7.321136970588458803e-01 2.549509807388151916e+00 1.516103506036729498e-01
1.245860051630354404e+00 3.622742105317948158e-01 1.457752730099763916e+00 1.485482378878272725e+00
2.450906533154353362e+00 1.062530007533938337e+00 1.114935187610942346e+00 2.446950515776101565e+00
1.935240472975251924e+00 2.870049443312241877e+00 3.106397586141805167e+00 1.156383230145081376e+00
2.382056813676485696e+00 1.573850496570686985e+00 1.571035352151694653e+00 2.332586093973350039e+00
1.354310799058188852e+00 2.700138049957230280e+00 4.707806041679514220e-01 1.459882472764345573e+00
1.897102910682455068e+00 9.465781433461896155e-01 1.211941853333280195e+00 1.988816286736469374e+00
2.074818990377463646e+00 9.400042273143265348e-01 3.923242838755902073e-01 1.535860466289674431e+00
2.440217209770349172e+00 4.059305420933295161e-01 2.500878932640503205e+00 3.410308961213069923e-01
1.287060792145909405e+00 2.043905137190387966e-01 1.373132354244448017e+00 2.365051698537771419e+00
4.649067052052571203e-01 4.934494767562518369e-01 4.240782622946873692e-01 2.495045909048319466e+00
1.589165418563598609e+00 1.262881218079617840e+00 1.423006276886191745e-01 8.363285846077203600e-02
4.514091359269842285e-01 1.501221652036567544e+00 5.774732803635137524e-01 5.424078994061980463e-01
2.770726580042771836e+00 7.877636605428477434e-01 9.932293762158054262e-01 3.856023471468380537e-01
2.051741440190884447e+00 2.590385744214277253e+00 1.881518796243313751e+00 1.686011533445492372e+00
3.615065569407967250e-02 2.889471483343386105e+00 5.820100936755032706e-01 1.496314010611953016e+00
1.400357998594977671e+00 1.034742113160652455e+00 2.377079655968786120e+00 2.414178373667026367e+00
1.551207837629889008e+00 1.061879581670466477e+00 1.165306657140329494e-01 4.924502091076404242e-01
3.100621006557733456e-02 1.768661029987267375e+00 4.574250363065557878e-01 2.635718360228369583e+00
2.212879087071078388e+00 2.145927532191757248e+00 5.522959507839817483e-01 2.203261351341038843e+00
2.685242197503729056e+00 2.766176360884263108e+00 4.431510464294265428e-01 3.044989707327463990e-01
2.540519129797440545e+00 1.274618323592056068e+00 2.134858187570416455e-01 2.587460550843413198e+00
1.819905717924323874e+00 3.570768462710541269e-01 2.610834864039490277e+00 8.105187296079261472e-01
2.393755481579568078e-01 4.515307655037711920e-01 1.130026296721892143e+00 2.150327844652406117e+00
2.986890638419017474e+00 1.898817586626486920e+00 1.555402245342530909e+00 1.248820100108964715e+00
2.018458231444509643e+00 8.590078581323206119e-01 1.680312112787436973e+00 3.690111513529006904e-01
2.597372342915920118e+00 3.596708262923979937e-01 2.521492413642592911e+00 3.062271488678219189e+00
1.309747589885545294e+00 9.272006399357823891e-01 1.357735357231732332e+00 4.316313721353413069e-01
1.161259744154923945e+00 2.435802533231663070e+00 1.000548285452023567e+00 9.435516611931445974e-01
2.052030781857725916e+00 1.812144397770209636e+00 2.400386736186313819e+00 1.947423752252666285e+00
1.629221072626443334e+00 2.446759146846439470e-01 1.957055025764910194e+00 2.244637943313434025e+00
1.031635970969632249e-01 3.096027283749669845e+00 2.932904414393902037e+00 8.623662997654357731e-02
2.992006967290323338e+00 1.923249018311320890e+00 1.114675888347004484e+00 8.264106926510762507e-01
2.763271654251027165e+00 1.579203058705456852e+00 2.280965443644432877e+00 9.346397373223620519e-01
2.451940389284799071e+00 7.101013653052598018e-01 7.837549486580719371e-01 2.319482923119773055e-01
2.236961618688057207e+00 1.530966973471372894e+00 3.004535119980065616e+00 3.051611026599177823e+00
9.917907029039263467e-02 2.485621342209154871e+00 1.969275837316235123e+00 1.930628100401679870e+00
3.237214174013997026e-01 2.703673481778348098e+00 2.919514527552688143e+00 7.205550817819746934e-01
3.140668632437148666e+00 2.086424109440590424e+00 7.833880820142700152e-01 1.728035346255913041e+00
2.391061104114612590e+00 2.989983681465844700e+00 2.480431455147886211e-01 2.101881280950419040e+00
5.988258087671596286e-01 4.296871304845719108e-01 1.770483175292148825e+00 1.165130851901778897e+00
1.602955796511698949e+00 1.721660549093354753e+00 3.346098577843122923e-01 1.096614443578319831e+00
1.649819290738700150e+00 2.681216800858421401e+00 2.420453401008190841e+00 7.088520227865926504e-01
3.110876117265468199e+00 1.566059310942895966e+00 1.800222064206846939e+00 4.426110767988500894e-01
6.600669903496456659e-01 3.049752840046978442e+00 8.519770006653337724e-01 1.751467939321518230e+00
3.073663470749840698e+00 1.717385214389289816e-01 3.022221868676366441e+00 1.771764616003180137e+00
9.021776368691302173e-01 3.137607891478646494e-01 5.257958081902467384e-01 2.192934355827893256e-01
1.573096370257594800e-01 1.953643423232185539e+00 2.047491480255590801e+00 3.045223630586463837e-01
2.063919532943833790e+00 3.078251047236906235e+00 3.096780366493014913e+00 7.351253774140642516e-01
1.715798476943726447e+00 1.006558630259453357e+00 1.816628820482289575e+00 4.142042691548030175e-01
9.194462888424895786e-01 2.861373707503162667e+00 8.356157375496501283e-01 1.903237393526128640e+00
2.997964829282531163e+00 7.862178496501156522e-01 6.966291910013568955e-01 1.225189283038992105e-01
4.026959574817442489e-01 2.842811413619057426e+00 6.365362935542973055e-01 1.584495533761430375e+00
1.742988201691748840e+00 2.724915900022662818e+00 3.122900088132195329e+00 1.216799366407406158e+00
1.799622135921543409e+00 3.073333358850886474e-02 1.725265062035121977e+00 5.411950553675848319e-02
9.200772223586664023e-01 3.002643487190323590e+00 2.482610506264590455e+00 3.140050515763698868e+00
3.697952780549988439e-01 1.122698309452845100e+00 2.681702139847566002e-01 1.030538686637543222e+00
1.368332030870602178e+00 2.820005620442109784e+00 1.141183430857016123e+00 2.768480819826579342e+00
1.983623678088127784e-01 1.788133443370681086e-01 2.122687000766540155e+00 6.712307227385226893e-01
1.020664752965677380e+00 2.080045259613972686e+00 9.272249884772635342e-01 2.144538398883290675e+00
1.351097151292950382e+00 3.823052275282287638e-01 1.251907671805385203e+00 3.127592449864403434e+00
9.996009489822210714e-01 3.403727510741921258e-01 1.413492791394353798e+00 2.398210585491714397e+00
1.214857563180405720e+00 6.076697529955857879e-01 1.916870195183781433e+00 2.730946442974839350e+00
2.017651872923977852e+00 1.475667821458152451e+00 2.977257255214759368e+00 8.049879058373340390e-01
3.779924205355849054e-01 3.052268045427666276e+00 9.308587404664990794e-01 1.533012323125948484e+00
2.253819494885720420e+00 1.139417422242918754e-01 1.017377688967368465e+00 1.222607852225764818e-01
1.838945194262969984e+00 2.573603298090666680e+00 6.455531682810432548e-01 3.015435466127190378e-01
6.951267124279699727e-01 1.598813897382748428e-01 1.743177583836226785e-01 2.951138636688721562e+00
2.615103095642060449e+00 2.247962694980572829e-01 1.091912946288956965e+00 2.612790722598981930e+00
2.884828422621117827e+00 2.204159644291090014e+00 1.773664872439352891e+00 1.693799577962880276e+00
1.062935071366240436e+00 1.194512972666726958e+00 2.331266168286385110e+00 8.611231238072937222e-01
7.637485275808741925e-01 1.894461346291186121e+00 3.136736157492557187e+00 8.717261684510910769e-01
1.783197089483145037e-01 1.797137293187693885e+00 2.097140181248875468e+00 9.473094531511572214e-01
2.481547706848912238e+00 3.078853890073423472e+00 1.365856644407710263e+00 2.572939404967392818e+00
2.191522922229054871e+00 1.473643828165560388e+00 1.102827262677998688e+00 1.479798222976027589e+00
2.941370027320004965e+00 1.646894000256529322e+00 2.852649256005387102e+00 1.079950694256351929e+00
5.907499231006267948e-01 3.016479060777513266e-01 1.839147518430630512e+00 1.464537859700953071e+00
9.016492825685754609e-01 3.040612453393527037e+00 7.109596511733965452e-01 2.768217588522849937e+00
2.652871456892149205e+00 1.906319256054411992e+00 4.030930957560168726e-01 7.512124371763787556e-01
3.027457034199838137e+00 1.517896971343422052e+00 2.067923803389452697e+00 3.340071414828355567e-01
1.733814235387340474e+00 1.109426240911579375e+00 1.204399851308060265e+00 7.668639170672324479e-01
2.198110306830517224e+00 2.033035359448049917e+00 5.504374357674151064e-01 2.006817831248807416e+00
5.932938335112085682e-01 1.798853457402197931e+00 3.484571157551467069e-01 2.940577607757044021e+00
1.051141063355623739e+00 1.653540996933150931e+00 2.580342210296419747e+00 1.064137378991236282e+00
2.948201645174693297e+00 4.934335332767934845e-02 7.645817206067858640e-01 1.924380940820707542e+00
2.717722368956661860e+00 9.072188875593134583e-01 1.050519541557999093e+00 3.059093434086356478e+00
1.847970053418029224e+00 2.368238024133365871e-01 1.079849461956393419e+00 2.996607728071814414e+00
2.664187507995917858e+00 6.606638055711983037e-02 1.861187870788997278e+00 2.679672929253861025e+00
2.585636160234330738e+00 2.959938280938248845e+00 1.916882643722402246e+00 9.688616822974956966e-01
1.434776856188336724e+00 1.553032280874080129e-01 3.600280148309425998e-01 3.150825662102029190e-01
1.542114555987572189e+00 2.404683840917127391e+00 1.906196091035886830e+00 2.646634811710554036e+00
1.499511067347384152e+00 1.984302272521056398e+00 2.076131244336103077e+00 7.784944498695325343e-01
2.865253189683397927e+00 9.941094936715333397e-01 1.162094126986878417e-01 2.972151140229880362e+00
1.653193386749688631e+00 2.253412242432443868e+00 2.619291578490758443e+00 2.105010569267558918e+00
1.354745783930144221e+00 8.304144290163036901e-01 1.127592290459616287e+00 2.014708364887899616e+00
4.689814740580249275e-01 1.130913470173805058e+00 1.765660579737990510e+00 5.778536937346409053e-01
2.016294146897060990e+00 2.383602299072232089e+00 1.597086740620335066e+00 8.211405595731856577e-01
2.749310992236619011e+00 1.476292870863076478e+00 1.006895489914590991e+00 7.804672891844558480e-01
3.012086141231700598e+00 6.061185166713610739e-01 2.342319643325219580e+00 7.625890063984284151e-01
2.270324702641733694e+00 2.280080686987785210e+00 9.462074388192983632e-01 1.300236849713336751e+00
2.526828519235706505e+00 2.446640075727513075e+00 1.890201575341033724e+00 2.855872574874544156e+00
1.042884420621348562e+00 1.366622115787621494e+00 1.055000744841597449e+00 2.264930892200981649e+00
2.486466756488971974e+00 2.124768640420033439e+00 1.362614627980504700e+00 2.117392761577454596e+00
2.004503843212564362e+00 6.332039043414129376e-01 2.866014393616938882e+00 4.481450234080804895e-01
2.820868585891890046e+00 1.829960866069136882e+00 6.304285727190837019e-01 2.376334162406699146e+00
1.823778244108001045e+00 2.249517814363915402e+00 2.845547247729125040e+00 2.664345214821417507e+00
1.798611784466864760e+00 1.507932582051626058e+00 1.983044137938162921e+00 1.073808504188711543e+00
1.807692309674417963e-01 1.352744819858295200e+00 1.549373080632462596e+00 1.941248084544553165e-01
1.027357355505442493e+00 5.528866382912534655e-02 2.904831824643574922e+00 1.840979710869361963e+00
1.218711315115833305e+00 2.653585531284313959e+00 7.376620106248247266e-01 6.433667271105383278e-01
1.600834854396957274e+00 4.253011637322630656e-01 2.937611720458303211e+00 3.070031855568100543e+00
4.844963851869448779e-01 3.051173979786976354e+00 2.474258680410467814e+00 1.549030684093862353e+00
5.081320650775492664e-01 4.422007445267244208e-01 2.519090350222817909e-01 2.717938612932763398e+00
2.044205401176042880e+00 1.614587063944612044e+00 1.592786780549931391e+00 1.284984836358563198e+00
2.504005070532556498e+00 9.306427305070368305e-01 2.933429185910799486e+00 2.955621029555573376e+00
8.014158821005699096e-01 2.484087077288344769e+00 5.068476908593213398e-02 2.001699822444963139e+00
2.926568971719297974e+00 7.957575849654990874e-01 6.461306691585245732e-01 3.113763349555825233e+00
2.056292719840763450e+00 8.492461181206090171e-01 2.247540322229961696e+00 1.454990818817172737e+00
2.497643068002846967e+00 5.688530396319892851e-02 1.414178349472922092e+00 2.184793389274962472e+00
2.876685175525452109e+00 5.072638671304680047e-01 7.838519528682105220e-01 8.061300758105818254e-01
2.466892018666968944e+00 1.595759148917183845e+00 2.163531917139156491e+00 1.169370758951170375e+00
1.224320448942906259e+00 1.196689210842893258e+00 1.892887099320001543e+00 7.990277958432111527e-01
2.502938268621127005e+00 1.401074509694401893e-01 5.140088676642435850e-01 4.408019607396999884e-02
1.922017475167418610e+00 1.183750074313334677e+00 7.425960845541128563e-01 2.942837704083852701e-01
1.554138758766224759e+00 2.245824825623230936e+00 8.872363309201117265e-03 2.205367350990387720e+00
1.850527943789479046e+00 1.903050678574055576e-01 2.425539604919185521e+00 7.353678010220089378e-01
2.690172852344258070e-01 3.208740717878037496e-01 1.790671744442138280e+00 5.725254088981380773e-01
1.183983608746957294e+00 1.789519736961777019e+00 1.216909167376648560e+00 8.632700425542479961e-01
2.191882175718744996e+00 3.326914401443463176e-01 1.553420854118296113e+00 2.231246251034600281e+00
1.230095576355265452e+00 2.822712427068986951e+00 6.167594370908259238e-01 6.782971247269102832e-01
1.698296091426788834e+00 2.211600344666949436e+00 2.512791325306138912e+00 2.186901405639815277e+00
1.677043456842272962e+00 8.419264926455467535e-01 2.189605509158337182e-01 1.551158571392586616e+00
9.599341928482642006e-01 1.219392276187343027e+00 2.321387662186873424e+00 9.601687224303557811e-01
5.125071981233221274e-01 3.079864979762931276e-01 3.857653487412248117e-01 3.060013462732817935e+00
1.379098495205905550e+00 2.937098068858640776e+00 2.191737683314031737e-01 1.317840746748522918e+00
1.480975137793243190e+00 1.740222787185217168e+00 2.843895425234947982e+00 1.805086547426368648e+00
5.200838110315471052e-01 2.500606477385890702e+00 3.002621822927741047e+00 1.613585631460777270e+00
1.507476338693527707e+00 2.810899375158847913e-01 2.321843690907387625e+00 2.962289052570387327e+00
2.992950476356269984e+00 1.670179559034136174e-01 1.905406988281669323e+00 1.249692869277745144e+00
1.719245764846258018e+00 1.915159510446216018e+00 1.735248728388034262e-02 5.162919257827761621e-01
1.635849762836447452e+00 4.787317779102123194e-01 2.807110594508569701e+00 3.234934154779184889e-01
2.394081935743870737e+00 2.112089505644697773e+00 1.800324513706575091e+00 3.046633436313314736e+00
7.104954063603736714e-01 2.731674835643990384e+00 2.436994910211440324e+00 5.340783062271279302e-01
1.143752602118470296e+00 2.256633191198329946e+00 1.485722881657873140e+00 2.458901542786700034e+00
1.051986294940299826e+00 2.841659229221500382e-01 7.347974317501297925e-01 2.362369703521725040e+00
6.745073511851294723e-02 1.182631893376967502e+00 1.807132088671009384e+00 2.675325862635264507e+00
1.505753276362174153e+00 2.602595299365026538e+00 2.874208443622176201e+00 2.882324279224484087e+00
1.329558230801490160e+00 3.035675177215915621e+00 9.988117026097539375e-01 2.176828228910552721e+00
2.076623213763594045e+00 9.990459260414783493e-01 2.269189645954949430e+00 2.355976500301200538e+00
2.178582716868520563e+00 2.630862287432057744e+00 1.964348917762579250e+00 2.203984834062874487e+00
1.467785695057765016e+00 2.307072462513804378e+00 3.040833251410326898e+00 1.323026886459646168e+00
1.084327880412599310e+00 9.014717224702955001e-01 7.455489061739722922e-01 1.866235695855559484e+00
3.234774767174000698e-01 2.524460273819150835e+00 3.124630188416472443e+00 1.295447465694992806e+00
3.054186192606865191e+00 1.081122485750527273e+00 1.295402104918164099e+00 1.352305408263447584e+00
5.506590916939396729e-01 1.476429341410638418e+00 1.424606247688651184e+00 1.484139967170497454e-01
2.602719579628134383e+00 2.289098300538256137e+00 2.608727277047374393e+00 1.302821606367390750e+00
1.390234095216569044e+00 2.216819544655209029e+00 1.014321207367551825e+00 1.831879001582962907e+00
1.497522613700514427e+00 1.093338640030221631e+00 1.992446269276100690e+00 1.887244463400912231e+00
5.852522313773053098e-01 2.543312981610283408e-01 2.913819432486461913e+00 6.137964247113915084e-01
2.317430053252932165e+00 2.247722432062960518e+00 1.396965491283748140e+00 2.679414982002588097e-01
2.367820598144387390e+00 6.984230606788837115e-01 1.731959480682249364e+00 2.968975164297018132e+00
3.595277172993226467e-01 5.211016855138790316e-01 9.526747130139309183e-01 8.572005486449972844e-01
3.005410737035639990e+00 2.216518489859726326e+00 5.392660705858701858e-03 1.389860187302944361e+00
1.986046372215265254e+00 1.939664190652315101e+00 3.563477387697942533e-01 1.218294052999517207e+00
2.991092670923348518e+00 2.432875756792069133e+00 1.230552946856254826e+00 2.918487083088991518e+00
4.742726391717843604e-01 8.126482787978234201e-02 2.272048791258234057e-01 1.619431013168434408e+00
6.669248402446601443e-01 2.339451556280867983e+00 2.196745343451781629e+00 1.482209364972942867e+00
1.829779685988443205e+00 2.462223661697701682e-01 2.672281746000575442e+00 3.035984176134145507e+00
2.323233149902651284e+00 2.465444075273957036e+00 8.678014523811131697e-01 6.492475558073188546e-01
1.500131682921591159e+00 6.787491889378036714e-01 3.037589809546801245e+00 1.352534469495649594e+00
2.318173396766825878e+00 2.729794790728756304e+00 7.094728197134136938e-02 5.387917624064079147e-01
2.771598103523444490e+00 2.504958674903025262e+00 5.592103937691519366e-01 2.242523623038068514e+00
2.056534415922840253e+00 1.734289783428708542e+00 1.503368989192402472e+00 2.523957525503202071e+00
1.979906534242170668e+00 2.694762346249758522e+00 2.401554797775388383e+00 2.553129019433664659e+00
1.386269124751947190e+00 6.702447891610812114e-01 1.879405558559727796e+00 1.859431561771349273e+00
1.132335200876833259e+00 2.105755073018600321e+00 2.698612154147536302e+00 2.445954951334336144e-02
1.067007445377879504e+00 2.567512399545522683e+00 2.451137097101204088e+00 2.996690899605018110e+00
1.169439360764028546e+00 3.131917394297191404e+00 3.001284718148241826e+00 2.226072193963377632e+00
9.341098024922344090e-01 3.075088116270385807e+00 5.728821489807105483e-01 3.055070769861977897e+00
1.771809199165364168e+00 1.678265690290615231e+00 2.394936280648670035e+00 4.891706995034503791e-01
1.037989718527251970e+00 2.668973241995370671e+00 2.123809944146350048e+00 1.828832992464456408e+00
2.816792130137949268e+00 3.121819954460752555e+00 1.198959726951870808e+00 2.501233666531930133e+00
2.763625458237342070e+00 8.167355370216212718e-01 2.323307115637407883e+00 3.268161055831489414e-01
3.069915405073246006e+00 1.851060105335566641e+00 2.148382694060093634e+00 1.009031395570742173e+00
1.730847622076975068e+00 4.053516569563663241e-01 3.137044204458061980e+00 2.942988769085397749e+00
2.339229357914064389e-01 2.351238137350462942e+00 1.709183254793701146e+00 1.427626221958614883e+00
2.506008980192983682e+00 2.970134909202416740e+00 2.654366767969517760e+00 1.622351414009679305e+00
2.419444588648106631e+00 2.348744188502525365e-01 8.558247161394403335e-01 2.891185128385508896e-01
4.445386726602228444e-01 2.845078450984492857e+00 6.686941764043364822e-01 2.703507583832132077e+00
5.812251617283064470e-02 7.510872874255614118e-01 2.361488422047107516e+00 1.320819907709550045e-01
2.994207929754891584e+00 1.372752634521418935e+00 1.913773082780340751e+00 1.998228293437452896e+00
1.079765489096811582e+00 6.863733469582155022e-01 2.209682740267585377e+00 2.272117266138967029e+00
7.815302779845972880e-02 4.948556496106312208e-01 1.920791330700626354e+00 7.137014464947815107e-01
2.026231511130367924e+00 4.196405679670665578e-01 2.824396243353173297e+00 8.434718214864058705e-01
8.742581322187431558e-01 2.739720182411744087e+00 4.620741964678584668e-01 2.165177696639543292e+00
2.908666778205895920e+00 2.471350010048884993e+00 8.239273612080842968e-01 2.479459516183346590e+00
1.661493164835262881e+00 1.869920846066008169e+00 2.781126783794646062e+00 4.391678223436474848e-01
4.326252213242014477e-01 1.034951479360242121e+00 9.338830152216419656e-01 2.280049701286139374e+00
2.681737032316574426e-02 8.444737989465461725e-01 2.321812768899457424e+00 1.751063064461368946e+00
3.166825450320293056e-01 7.692454853021787331e-01 1.072888072340032029e+00 1.534990954193315715e-01
1.762703982578898154e+00 1.006984625488405172e+00 2.536482474029759349e+00 6.928590729732687636e-01
1.714231112945356461e+00 2.734952251818066227e+00 1.366425581567108027e+00 3.282983991383939260e-01
1.683146016337830453e+00 2.802440893377585174e-01 3.052689782285630926e+00 1.739002427732531553e+00
1.637541204156014008e+00 6.836189486571720986e-01 3.022329565769073856e+00 5.402793600035985522e-01
2.365615268273213001e+00 9.332874443352916216e-02 1.071959515627813442e+00 1.454335087813195780e-02
1.329898211026272703e+00 1.078194789660461339e+00 2.572378052769122458e+00 2.115214236419314719e+00
9.857479874575552081e-01 9.777967393509854332e-01 8.276112389976689743e-01 9.929832573804200369e-01
1.610848754136899430e+00 2.739958875133020388e+00 1.869073386000468684e+00 9.408378032885751363e-01
6.970982571351601598e-01 1.178110615398006766e+00 2.702594470031022489e+00 2.311690528751278340e+00
2.411829458980580654e+00 2.723090014468266054e-02 4.990639315043676749e-01 2.636490947785186112e+00
1.843063098590237203e+00 1.378548823283852975e+00 1.842364693218892402e+00 3.786323617861458435e-01
4.620003453794512271e-01 7.599491493008868614e-01 1.960658997632665157e+00 1.689590962595820312e+00
2.213226674082306555e+00 4.673217833543573119e-01 2.861548910650613120e+00 1.030105145197008021e+00
9.716302697319175730e-01 1.302142926946365797e+00 2.432515942733340708e+00 2.763688712226603172e+00
4.467968439947701820e-02 2.007132093580941579e+00 2.594447344782352949e-01 1.348912459813835230e-01
1.907990747692676736e+00 3.603493566041561236e-01 2.157127225781664048e+00 1.175343997307612742e+00
1.662018922032967749e+00 1.140557145098521907e+00 2.746778401329435404e+00 2.590583315496838512e+00
9.347689732880963831e-01 1.267461551382356832e+00 1.098234021931267651e-01 2.869675862946607037e+00
2.278596451165318282e+00 2.155516138040548813e-01 2.118704565199063694e+00 2.313987602054993875e+00
8.608893575891689576e-01 2.287940508340452705e+00 1.996455165424371181e+00 2.234801648743236058e+00
6.403429888138192361e-01 5.836171061464971999e-01 2.757575436702355720e+00 2.440764624963613016e+00
1.734959758477971903e+00 2.116137525889581816e+00 2.765205792498577897e-01 3.090320843745177459e+00
1.259360313393407038e+00 1.166547071976101607e-01 1.651764380044198122e+00 1.829034195907604188e+00
2.994031136609255350e-01 1.465042118545220595e-01 2.690590373303563876e+00 2.094235226744535883e+00
9.788560858643967633e-01 2.811310801712702645e+00 3.041058545143810576e+00 2.307316805979393148e+00
2.290140034256471058e+00 4.567125682054574143e-01 1.603647027619536036e+00 4.101172174705995377e-01
2.310455863613259275e+00 1.978272441764070466e+00 5.429476116955781473e-01 1.492294487969738404e+00
1.671842437238020063e+00 1.722929287354396433e+00 2.069880345509238495e+00 3.686460504371545932e-01
2.207489847308017339e+00 1.659566302468780785e+00 1.964540797293016450e+00 3.453878573044782407e-01
1.771222244725169981e+00 7.529955272840693770e-01 2.301446332541016826e+00 2.749618950667189310e+00
2.459154168471566759e+00 3.489883425514900966e-02 1.716770051819778375e+00 2.328457615933736680e+00
1.550551514600555514e-01 2.114595759700008237e+00 8.334067264893286753e-01 1.685339574889560543e+00
1.209443905281877507e+00 1.035420111929296949e+00 1.783109973125774239e+00 6.545236279239460275e-01
1.673106941533647030e+00 2.606562430616929493e+00 2.611531575584018494e-01 3.124978156138495056e+00
1.392920092476159555e+00 1.774957266760146091e+00 4.377889222247722395e-02 1.828781890035494906e-01
1.571855091492505019e-01 3.527923036319129402e-01 1.230377152004933583e+00 3.006827144377920202e+00
1.464561380655652334e+00 2.245196977598167276e+00 2.527465630712669498e+00 2.349777977511996685e+00
2.435273287851806856e+00 2.559888551644700083e+00 1.565116831419663956e+00 2.768206094259501704e+00
2.797614576153310217e+00 1.897728818224381664e+00 1.256063280557861539e+00 9.604554818081414425e-01
2.172863308516900904e+00 3.063135313225076595e-01 5.234383748280736492e-01 9.414710446836392910e-01
9.255165727842855627e-01 2.627186890647669859e+00 5.125146903764875583e-01 1.868708722491931873e+00
1.802992769255587158e+00 1.589118293174886176e+00 6.605753113543973987e-01 1.965540359062175835e+00
1.451529053452613072e+00 1.667189489552303172e+00 7.097643008090823713e-01 2.495683659591468651e+00
1.559147579869837597e-01 1.210004254463416196e+00 8.051490867803330342e-01 5.576153994061930907e-01
2.241096874745606815e+00 2.887105466172791068e+00 2.391693204432065567e+00 1.496674068226805376e+00
2.554181344268980358e-01 8.635693106049803225e-01 1.981677249584819611e+00 7.887436311779503217e-01
2.999589964181962554e+00 1.199663042241483568e+00 3.111464853722296198e+00 6.960530421672797008e-01
2.612001635846258107e+00 5.864484065912473065e-01 1.392052388674215324e+00 7.761932269988311983e-01
2.240288156543143394e+00 1.685595217246131095e-01 2.149461050975282617e-01 6.178902347266141959e-01
2.306029869179782033e+00 2.952502729029882644e+00 1.142699761407695247e+00 2.206349938880271644e+00
2.039794027481127259e+00 2.382992789206710427e+00 1.066271043387223783e+00 2.318899689031942213e+00
2.551302382935135782e+00 8.119429400703278565e-01 1.360892647440531400e+00 2.361235082044954137e+00
2.589041277051787215e+00 1.710245022287612882e+00 5.650510101929917539e-01 2.295311121582450209e+00
1.127799179849672706e+00 2.541248114290284743e+00 1.812848157173180486e+00 6.456473707217527114e-01
1.973381982243586075e+00 1.896495300721108501e+00 2.420732277872471361e+00 2.219645668657643345e+00
2.666044364431958247e+00 1.530060720197329305e-01 2.984989162705514065e+00 2.769931866188103387e-01
1.600747737915146018e+00 1.006687995679466319e+00 2.455332177927692427e+00 1.001472491352931454e-01
1.473343621277390693e-02 6.608583661008683718e-02 3.269573973043037873e-01 2.211029635801339932e+00
1.640994382646373762e+00 1.860541608940500691e+00 2.134884772632032190e-01 2.294255926496948206e+00
4.995522728055044603e-01 1.562864610570880552e+00 1.475948444435884133e+00 1.349783006575328237e+00
1.584565958859827983e+00 2.765173572116709000e+00 1.949803266791706902e+00 2.149972379399136102e+00
2.308397225738877623e+00 1.216814226839656676e+00 2.067437381444495514e+00 2.323938399878871852e+00
1.608364634253635961e+00 1.053943057650902571e+00 1.620444155992446955e+00 6.409086270100196048e-01
2.076253007670743500e+00 1.006474518808683882e+00 1.387309859476522300e+00 1.312594389619042567e-01
1.377067758960973887e+00 2.408994786722518544e+00 2.651436057093508936e+00 2.179809570952659925e-01
1.374889753764851896e+00 2.678831233812222212e+00 2.182160060839616555e+00 2.197183608249852593e+00
3.785361674704592616e-01 3.008545171376045602e+00 1.181549815949243021e+00 7.428496176747017010e-01
1.967155503530113592e-01 1.833857336515741565e+00 2.522370330652967230e+00 2.086565893903207236e+00
1.035506802352518463e+00 2.619561530347730649e+00 8.207087342101360150e-02 1.892279996678451370e+00
2.252780578180706872e+00 4.916179977779475130e-01 6.158666232905869453e-01 1.560177521733122186e+00
1.303227554191599857e+00 2.379703460395096837e+00 2.302504656468567390e+00 1.898859272237724216e+00
2.830237210578186779e+00 6.185897217790411462e-01 1.333298177608018387e+00 1.209907178014018703e+00
2.295931024081529159e+00 2.233702968042230896e+00 8.459681854025636882e-01 1.811463750380615023e+00
2.315996821768201208e+00 2.063482912779418255e-01 1.991484161972973954e+00 2.400171752921762547e+00
1.384158282550573160e+00 2.839485648567359466e-02 8.231208496412062425e-01 8.981796863536628539e-01
1.585095814405711012e+00 3.537632036914548084e-01 3.027922982273729621e-02 2.475626132574963112e+00
1.082721162120659164e+00 2.946651316283993793e+00 1.767915232621855681e+00 3.068838543958559706e-01
5.364624294304467522e-01 2.746403577848815836e+00 2.355964449182102793e+00 1.715601789253470066e+00
1.838154949526100923e+00 2.806749867879543281e+00 2.900497507701035094e+00 8.190064527829407082e-01
2.926692784544413062e+00 2.569838709992200876e+00 9.523293691346139678e-01 1.651040330246792143e-01
1.597652969600287021e+00 1.386799454277474641e+00 3.013164346177741759e+00 2.973744944314846705e+00
1.201084178150924719e+00 4.807514735306897546e-01 1.883241432934729342e+00 1.482837260463958640e-01
2.182524520822937575e+00 2.439467524202271864e+00 1.665699331353853507e+00 2.603351366980708015e+00
1.753362086689698174e+00 2.267289471847045768e+00 2.922142061546422642e+00 3.194814174417742181e-01
1.607065115277254597e+00 9.469405126384181082e-03 2.057611088980889846e+00 4.324844564410570413e-01
2.339221163359794353e+00 2.199538854172736480e-01 2.663833515169808042e+00 1.505353093362673311e+00
6.778139919957685278e-01 2.162616494956890900e+00 1.421847241032857756e+00 1.039688934673259180e+00
1.897985094171015907e+00 2.463668804321792027e+00 2.278675853002963159e+00 2.572032491358425266e-01
2.993796849734428278e+00 8.727322503319152602e-01 1.644826087443208573e+00 1.421482141806295729e+00
1.276840935319457859e+00 2.507688787451044732e+00 3.920216927031001664e-01 2.301407110911432685e+00
1.748850248320609202e+00 2.734471063114178868e+00 1.270762118192315659e+00 2.949568992885748031e+00
9.719331998970649478e-01 1.989961580856687506e+00 2.581344832116466481e+00 4.126918991326728459e-01
2.286967165183025674e+00 3.856270072124488024e-01 1.541598535897420241e+00 1.856770547892861556e+00
7.134953756849859996e-01 1.223359599123023944e+00 1.307341301302834768e+00 1.367690511429848987e+00
1.872026042744911578e+00 1.461586617838919633e+00 2.373654969645258017e+00 1.777544099891893215e+00
2.727490049788783844e-01 1.969593310348324744e+00 9.352871161273349498e-01 9.540153006570916139e-01
2.584145989107065056e+00 2.805802338094443016e+00 7.983259395309863504e-02 1.390707255973195444e+00
9.816766658470044149e-01 1.306705371411431282e-01 1.428281470810009779e+00 3.032069084634515743e+00
2.023041936919752204e-01 2.648960945925790345e+00 1.216208653150308461e+00 2.247613277355774208e+00
1.506224857655451999e+00 4.698835450458163643e-02 1.184943914760740347e+00 2.592535941385333054e+00
2.403018355131070205e+00 1.970082624970550755e+00 3.070951009434891521e+00 2.424810576085344227e+00
1.229338101640126135e+00 1.370992300951474174e+00 1.609493109622680329e+00 2.685737895992611257e+00
9.889967773126528972e-01 1.686898313334517785e-01 3.093196875028725312e+00 9.606278835035263475e-01
2.037009424486242448e+00 6.192622397251312805e-01 1.789393414312116404e+00 5.576306246375495324e-01
1.991873817580739614e-01 6.669035244601723145e-01 9.685622501848137889e-01 1.899474607699078277e+00
1.337151008536767050e+00 2.567316992718788438e+00 7.589028818403039667e-01 7.176951728203951886e-01
2.691643110822138141e+00 2.872079371884221910e+00 1.119819062854325642e+00 2.561078410234055358e+00
8.806695933669109744e-01 9.496811324912934893e-01 2.574599098072432479e+00 3.685182448498798835e-01
1.122346161689707911e+00 1.227246662390170773e+00 1.704307901261755465e+00 1.072723859295377613e+00
1.547433161005885127e+00 2.491126897520560046e+00 9.135949800416318656e-01 2.742220796858599652e+00
1.444550067551604533e+00 1.331389822210556240e+00 2.878338480080697703e+00 8.208473235384944333e-01
6.480781462659171432e-02 2.866248750718891181e+00 2.864879398253334930e+00 1.440243821346185671e+00
1.774301612981425080e+00 1.293400946802208962e-01 2.984490155759309538e+00 2.181349784840862949e+00
1.929174806138163278e+00 6.468045500112383772e-01 2.339408823796389481e+00 1.603444912054125537e-01
1.492128077839417033e+00 2.728458683094009629e+00 2.949562342187521669e+00 2.345020415564905925e+00
2.890922587575430747e+00 4.044290734969975820e-01 5.870726791985151349e-01 1.000812732640211866e+00
2.828530821315440758e+00 1.197440176612073914e+00 3.013568919970437854e+00 1.430501170994015858e+00
5.058319694515871490e-01 1.550906340166535502e+00 4.131455311018844001e-01 2.120509924411317915e+00
2.417462711191683766e+00 9.323806575880935199e-01 2.205239577075429391e+00 5.713000364515761209e-01
5.550321331977987604e-01 9.854976159332780039e-01 2.747366042699801447e-01 2.398637576002121907e+00
2.276190464051581763e+00 1.001560804868014909e+00 8.558693233476243334e-01 4.254533955269301226e-01
1.886183784257161600e+00 1.302361262061933367e+00 8.927210122308685269e-01 1.030239919668574977e+00
2.298758971413024099e+00 1.713319324711899849e+00 2.589369480899429976e-01 6.108216726705648636e-01
3.012788043725213694e+00 2.787632358342298833e+00 1.355549289878505537e+00 3.020349529672444522e+00
2.938959818628387843e+00 2.566273332022411147e+00 6.931820371654757729e-01 1.329008171556374629e+00
3.090551924298225117e+00 2.583365380274887269e+00 1.777611015480559775e+00 9.209484853540392257e-02
2.743003111841331609e+00 1.099108948339135194e+00 1.605115964682189311e+00 2.438276129053271291e+00
5.383252969199798788e-01 1.015373544657304783e-01 8.888302190833695382e-02 3.137018426176600538e+00
1.733000455352281310e+00 1.442435942781769231e+00 7.394698074709163960e-01 6.794173873121698293e-01
2.614374030909173197e+00 9.092594319179343465e-01 2.454132175628043200e+00 1.127795164983494969e+00
7.470198464555753981e-01 3.002369738579089287e+00 2.532813047214370172e+00 4.917408318573499720e-02
1.391963128352669221e+00 2.564516814106193809e+00 1.619913606126423433e+00 1.348273442009056744e+00
1.717646475179856802e+00 8.691338498087197717e-01 1.677010058666095871e+00 1.144215053808568028e+00
3.127939541723108174e-01 1.678022024097389986e+00 5.256471213203518511e-01 2.280321261945948308e+00
2.495761162345468520e+00 1.541682806061843936e+00 2.717462576327716040e+00 7.889640438340064232e-01
2.158313306692004385e+00 2.436586897221710846e+00 1.112102526763301125e+00 1.994335228275772254e+00
2.247290362897284233e+00 2.092560125894117107e+00 1.153019181611883992e+00 7.821154714230669214e-01
1.138627007424634963e+00 1.758454020316715827e+00 2.964915936755331938e+00 2.231114651204986643e+00
1.845634222715419881e+00 2.369662678414907742e+00 2.808780278448726353e+00 1.329518478258268077e+00
2.848151909940080717e+00 2.035751764072721404e+00 2.402233747352714666e+00 1.631848192567467493e+00
6.002588245855001725e-01 2.297990242010072848e+00 2.663833131143128252e+00 1.036721432864022407e+00
2.759057344577642290e+00 1.510446430876176915e+00 2.077973755672176459e+00 3.690430137440951497e-01
5.478074643423176404e-01 9.491368269830678939e-01 6.301196806802328299e-01 1.769770832797024518e+00
1.810072698746224340e+00 2.458034334127327192e+00 1.347586310761219375e+00 1.486332682487742085e+00
4.203134598726301352e-01 9.352626576243788792e-01 2.073117634858159697e+00 3.626008087907087729e-01
3.525063526259908375e-01 1.054582859529355376e+00 2.589012422112645151e+00 2.630807738805233331e+00
2.596644184305561875e+00 5.795532345127414331e-01 2.866489705005688560e+00 2.514937002390306708e-01
2.978901024641895656e+00 1.176929070785110776e+00 7.564719995024200838e-02 1.003646602124185438e+00
2.443021590143310551e+00 1.593223347133421841e+00 1.274668559108213639e+00 4.195455284000438878e-01
1.670450615032014197e+00 1.703128618180983267e+00 1.479824186101165395e+00 1.096958426710864520e+00
1.537052524230704931e+00 2.769027080727808343e+00 1.648475806943493494e+00 9.571157036216686453e-01
8.293949631027370817e-01 1.837797783131394747e+00 1.087776725087791219e+00 2.248037923536667926e-01
5.344584898145848806e-01 2.372551524003712053e+00 2.984793485259129575e+00 1.020799257179520581e+00
1.673396194129536330e+00 5.384228256086525111e-01 2.565569626854358631e+00 2.442588232445965346e+00
3.092964950044164940e+00 1.012244026812813447e+00 9.665891110636918304e-01 1.938152627597238054e+00
7.420841515896612339e-01 1.621089631889262472e+00 2.369218395607941563e+00 2.263894175884633597e+00
4.564272251488104559e-01 1.439269378077286943e+00 1.322597324087210757e-01 3.120266352325093973e+00
2.481867107286602980e+00 3.086604758086148870e+00 2.808197508228853945e+00 1.525987969074178663e+00
1.105875991390324442e+00 3.006167311436017009e+00 1.784578936445290420e+00 2.750097598103786289e+00
2.475013934398034632e+00 3.557691382754890608e-01 4.980894128517430186e-01 1.599426228495188340e+00
4.442262619368794740e-03 2.098685066413871869e+00 2.297299567542130827e+00 2.241336437262453796e+00
1.690484911730262940e+00 6.022210019828238003e-01 1.125941703354223611e+00 1.244738169360998903e+00
3.775148655753824412e-01 1.040307881277935942e-01 2.479743353921692428e+00 2.542710221367304957e+00
8.490823338919932795e-01 1.579505081028927727e+00 5.051697215851679718e-02 2.885761887986947549e+00
2.757041241531630771e+00 1.035746150962433498e+00 9.110367455371318757e-01 7.995164193648121032e-01
2.700954360429973722e+00 4.805284584973973372e-01 1.635589539359886047e+00 2.728876590050513862e+00
2.578333003441324767e+00 1.666260704834199524e+00 7.022998501173102204e-01 3.476511290986548097e-01
5.615144164365405699e-02 1.820221157262114753e+00 1.552263593328926383e+00 2.503882359869245899e+00
5.511804237279958052e-01 1.540222934209557026e+00 1.123098023514707888e+00 7.133280024355592719e-01
2.920099429305124783e+00 2.744348511385568123e+00 9.240009568488781744e-01 2.927715408476687209e+00
2.102771136170608290e+00 2.719882579039915260e+00 1.571261283731280711e+00 2.085632501255735072e+00
2.991942315409361619e+00 7.906817112896840083e-01 1.393162121116603702e-01 2.437754845745996768e+00
2.031767978710584455e+00 2.928266457751651952e+00 2.497124170573103985e+00 1.489499675609950113e+00
2.989628518433927740e-01 2.339737511600477937e+00 2.758294169473685997e+00 1.265132388737544966e+00
1.180648133097938368e+00 8.839391697392519343e-02 1.514683355672454268e-01 2.409318535647055004e+00
7.878142136658573547e-01 1.184683172397542839e+00 2.046896331231547794e+00 1.312236541764352893e+00
1.590674890246850826e+00 1.479332133948489947e+00 2.587464616183682065e+00 3.133536589104381154e+00
1.813604888323949726e+00 1.350277679145191589e+00 5.339606886168141164e-01 3.024622172557333233e+00
1.654587666708084770e+00 2.823002471144545833e+00 2.371208593781094720e+00 2.747906290535431229e-01
1.199709581095558031e+00 1.095917048325232734e+00 1.322650198923194020e+00 2.495039959205073377e+00
2.913714952575281014e+00 2.797709557283888149e+00 2.616182466786912908e+00 2.395511401688211084e+00
2.397872229224237373e+00 2.342148202077342756e+00 2.265569292519022948e+00 7.307625983145844550e-01
2.606026435732564206e+00 2.630805636963112537e+00 1.309135954927821421e-01 2.633817908412042108e+00
2.968944314139983387e+00 2.973772366855502280e+00 2.797502309846470414e+00 2.565835421915287906e+00
1.797189440206502953e+00 1.754706181921495745e+00 1.887481945032330355e+00 1.465288469488568390e+00
3.071263458600690832e+00 5.703566129722914546e-01 1.286863062635066779e+00 5.856354603747258025e-01
1.869466340975221463e+00 2.745840964655112959e+00 2.040739268540692652e+00 7.772538670539425043e-01
1.441611542879991603e+00 2.652477257446232528e+00 1.930658512304308294e+00 2.300095617642664347e+00
2.075750928882873492e+00 2.624860414897592364e-01 6.256670547360001500e-01 1.395949030134284063e+00
1.319342460199105060e+00 4.458470294010533075e-01 4.678272547520681002e-01 2.867209879272928141e+00
2.534360093476163422e-01 1.224617012853783438e+00 1.753257746465094913e+00 3.321091835981634377e-01
2.143422458721924162e+00 2.261780511120728310e+00 1.426425249078743684e+00 2.470651043852867712e+00
3.593153043484310638e-01 2.860110111258445276e+00 1.540282906566159626e+00 3.041994472491408974e+00
1.598832994787160455e-01 2.948263852423339326e+00 4.291037150733859606e-01 3.049630020977788791e-01
8.081486490927908273e-01 7.310898491007890021e-01 2.448860079552666491e+00 3.110117864048868253e+00
1.198997363441912656e+00 8.858442027604908064e-01 1.685117890955289965e+00 2.233868361689027360e+00
2.359338272590718599e+00 1.285932461618689349e+00 1.531649504701372955e+00 8.457934961781681249e-01
9.466894154629799107e-01 2.447781609537940550e+00 5.682883733815045912e-02 5.970451082213336091e-01
1.743753193029428106e+00 1.227001964773327014e+00 3.506423348246008320e-01 6.025048260412381174e-01
2.596715139807630912e+00 2.310341522497991740e+00 1.372835350930066367e+00 8.536078533795474765e-01
8.922860738132037950e-01 2.023319011430595005e+00 2.352326010477701068e+00 2.328374009056797700e+00
3.567809615362979581e-01 3.127324180282741839e+00 1.452169633017538652e+00 3.046789229090644202e+00
4.960403759720872774e-01 2.997693537444854783e+00 1.237457391780532490e+00 1.561823584659153719e+00
2.114574872384164639e+00 2.844850697842385756e+00 5.333696552698713456e-01 4.283885570739949800e-01
9.985084715739345196e-01 1.866775555575370671e+00 1.714094227620299060e+00 4.392266286691885457e-01
3.155028012178142660e-01 7.808864652047429189e-01 1.959307810552570195e-01 2.080676394621685521e+00
1.569060933158414051e-01 2.426996612118238694e+00 9.769605680274338066e-01 2.358873850507234859e+00
2.289754504875452512e-01 7.545887780498744535e-01 3.057212096809669433e+00 8.460412413780417085e-01
2.679617165129541068e+00 1.350997772545821762e+00 2.965844031350608923e+00 2.228820185460702596e+00
1.436671211306550289e+00 2.579485028234151933e+00 7.094338172093883621e-01 7.928272202669792712e-01
6.647885279511464018e-01 1.816817121890442532e+00 1.025778290569660189e+00 1.644233253812825479e+00
1.028834091060387035e+00 4.544223916585011236e-01 2.947846935913872812e+00 1.119259009034258456e+00
2.692435297023050733e+00 1.376759623034582436e-01 1.148949666966401661e+00 3.376637489593705133e-01
2.419240189550720732e+00 2.732369778676430272e+00 5.015052764255921725e-01 6.204233849874555284e-01
2.699721011793411729e-01 3.972918758929490646e-01 2.482486202912891571e+00 3.224658976837305735e-01
2.943014641583864055e+00 1.382908056272254216e+00 3.050984507212100905e+00 2.829722613710701662e+00
2.980299916877326094e+00 4.516895841800293021e-01 4.099581595644030685e-01 2.603846270951814645e+00
1.369745404686166346e+00 2.898269765007835952e-01 1.057732007762290483e+00 2.515269849732601481e-01
8.374119457241198106e-01 5.475972274565751308e-01 1.102098023793537607e+00 8.161841069161568374e-01
2.008562987722152915e+00 2.446176592749722545e+00 2.492372805336349639e+00 4.448605696910060137e-02
2.937953783978120570e-01 2.270500438139478661e+00 4.721805974459882815e-01 2.689183408864908476e+00
2.673563544120326707e+00 2.765656687832314109e+00 9.436224391190367600e-01 1.261073037236126959e+00
2.956778294804930596e+00 2.256444883773109922e+00 2.248407248279758353e+00 5.932143929172084551e-01
2.041993161793771439e+00 9.107907783649510369e-02 8.233417869996135785e-01 3.088368975193457544e+00
1.394224500350224272e+00 7.759777755218824069e-01 2.710865714940771110e-01 5.700639708590230503e-01
2.054282606847658510e+00 9.230957126996225393e-02 1.582060453300531799e+00 4.414778043966177679e-01
2.240900452507238239e+00 2.017233352862928264e+00 4.665236668602965042e-01 2.849133850611518692e+00
1.652950461573911567e-01 1.467920741998316680e+00 1.122890448663369511e+00 2.357240205379546261e+00
2.275007880514245073e+00 1.680347437862411142e-01 2.382479834239711103e+00 1.409884381916603591e+00
2.072286477781617009e+00 2.023526329035331139e-01 2.124797626717437105e+00 1.194392885600922716e+00
1.353192366070750108e+00 6.074816209348268270e-01 1.456811527200410961e+00 2.814667319243806087e+00
2.594784106480667596e+00 1.527702467348101667e+00 1.310963046554179112e-01 1.407810004858287778e+00
1.155673756594718604e+00 2.911270157933858904e+00 3.824296298805928557e-02 2.352633326354296450e+00
1.596828726334992066e+00 2.536539589634753789e+00 1.539800792141045926e+00 1.879988889593249723e+00
2.563343656851010621e+00 5.552258169317648706e-01 7.624423376081575221e-02 2.440705541964398595e+00
2.866376089340123556e+00 1.070528665570932736e+00 2.599172071498128567e+00 1.056975967049633258e+00
2.441355674674365039e-01 1.515452303557587865e-01 3.099388448573196175e+00 2.050605319194573686e-02
1.267862024163489421e-01 3.126812820096764867e-01 1.321095619046679159e+00 1.992327611326059733e+00
2.744059092582004755e+00 8.455910551310246159e-01 1.170795469430440328e+00 5.928979523332146284e-01
2.263030362883983404e+00 1.716050648272802182e+00 1.710689685377995817e+00 1.349707093023991167e+00
1.873579632332430522e+00 6.846802411632555430e-01 7.620294114139214425e-01 3.275072254304148972e-02
1.699310558124371040e+00 2.293677065987453079e-01 1.878290780256828718e+00 8.239478781218744219e-01
2.426018427034493996e+00 1.147429805560868932e+00 1.569022433511038317e+00 2.691531421279933944e+00
1.843580902452124137e+00 4.841267741340445907e-01 2.179817838316522316e+00 2.630401879542258459e-01
2.094183865128356636e+00 2.175468494719664303e+00 1.904746474325908379e+00 2.054627848549870794e+00
1.813613563095612946e+00 2.618156275960703994e+00 2.715373581974111605e+00 2.914899938501272825e+00
4.733766233317878158e-01 2.324823696366184134e+00 3.878261688047492106e-02 1.462200617733773189e+00
1.360995437212653592e+00 2.981035050275848697e+00 2.481113032526338191e+00 1.360293065978409377e+00
2.689290544056963106e-02 2.866462673332274669e+00 1.524185854594225065e+00 2.381288535656842065e+00
2.399989328052898330e+00 1.847361009472653137e+00 2.542291275483671509e+00 1.200840149875687324e+00
4.497944378671063226e-01 2.564294534810355408e+00 1.862673957367885658e+00 2.528145215400753876e-01
1.760154778855091084e+00 2.864815484454177774e+00 2.782395841486591248e+00 2.599861113893508158e+00
2.453124820898330505e+00 1.516804649377749836e+00 1.675236282514948938e+00 2.119335630468965448e+00
2.605946723428613776e+00 4.879785320058392939e-01 2.185384258827348436e+00 3.330492727657236585e-01
2.576804148949656259e+00 1.063957684417547123e+00 2.896877382728713091e+00 2.838757894886595246e+00
5.814333041199574170e-01 1.274381584647368282e+00 1.336427942826486914e+00 1.505287991081454724e+00
2.680918384358458972e+00 2.190193214395728560e+00 2.257183663667837181e-01 1.706319148712821754e+00
1.608191517804864468e+00 2.361832156450015763e+00 2.473583892025224884e+00 2.637061947219769831e+00
1.622085739017994799e+00 2.114999115894547810e+00 1.724865626197607416e+00 2.073534627096265126e+00
2.895110284375585152e+00 1.103268442112298242e+00 1.811705976914585570e+00 1.956100222241413888e+00
2.530572203748015170e+00 1.918730373611755580e+00 1.833772781331198365e+00 1.165505413854840633e+00
3.106134502510448314e+00 2.410733178711252922e-01 3.122347074247619148e+00 4.465523253133593662e-02
1.231946173406553546e+00 1.193619245279734287e+00 2.706212882711809709e+00 2.257687878679289994e+00
3.215386430414083341e-01 1.627809753335031306e+00 1.456848700932158458e+00 2.453293058040026509e+00
2.760695387075619678e+00 1.165605833286368354e+00 1.203598392549602547e+00 2.158389979046993812e+00
1.853423192633882888e+00 3.089293765372449929e+00 2.219172847451975628e+00 2.215281727683824808e+00
9.156089043416991702e-01 1.609516989631042394e+00 2.494531279041849903e+00 2.245640163541613998e-01
2.263013408317846586e+00 3.459940068294431459e-01 8.917065430427928430e-02 1.949876408931195071e+00
8.332903050094914166e-01 7.040891403517152147e-01 1.304448462246354246e-01 1.407960016920904778e+00
1.193362377267134677e+00 2.701747594014685561e+00 1.153893707633547372e+00 3.134619667431211454e+00
2.170461556941715831e+00 2.421970294692618264e+00 2.503672745379311060e+00 2.502775723392130836e+00
1.148900731546933507e+00 6.587523993210008255e-01 2.601174678826125408e+00 2.963583891872331399e+00
2.100885830725370162e+00 2.335093525881377641e+00 8.685841960126785555e-01 2.268628830579245026e+00
2.143458902014034884e+00 4.827917069568655184e-01 1.608435520922442574e+00 1.142886081183074748e-01
2.275907971055371806e-02 7.850592048645655963e-01 2.042318593705277241e+00 3.403196639104404952e-01
2.247518559850143038e+00 3.271951650579272286e-01 1.110214300275132349e+00 2.454006027852901006e+00
1.673800992771471874e+00 2.956118635285598817e+00 5.916289310387083944e-01 1.311332310748834773e-01
2.461871628074129958e+00 1.305856895461602996e+00 3.012598511352790887e+00 2.427880743872778968e+00
3.030900938496514208e+00 2.652754821328294099e+00 2.575111145745374142e+00 2.480323506821637825e+00
